{"features":[{"geometry":{"coordinates":[[[15.396261065724,45],[15.403536,44.988417],[15.408186,44.982319],[15.419659,44.973586],[15.439967,44.962475],[15.444773,44.9586],[15.447616,44.954207],[15.455367,44.935862],[15.458933,44.930281],[15.464204,44.924183],[15.468545,44.921703],[15.473195,44.920359],[15.477071,44.920256],[15.492419,44.921703],[15.504873,44.920618],[15.511849,44.918344],[15.51619,44.914985],[15.518206,44.911419],[15.520996,44.907285],[15.527662,44.901911],[15.532994923858,44.898726705016],[15.532994923858,44.926864624591],[15.532778,44.927491],[15.532994923858,44.929768700509],[15.532994923858,45],[15.396261065724,45]]],"type":"Polygon"},"id":1,"properties":{"parentKey":"HRV:1159312525","sourceCountryId":"HRV","syntheticOperational":true,"territoryId":"territory:catalog:c5651ec35cf80d95eb4b784c868bcd35c8ef00808106c77c70943de39a96c264"},"type":"Feature"},{"geometry":{"coordinates":[[[17.572156196944,45.215827338129],[17.719858592372,45.215827338129],[17.719312,45.216775],[17.705979,45.232795],[17.704894,45.234862],[17.704739,45.236774],[17.706134,45.242613],[17.706444,45.245921],[17.706134,45.248815],[17.705824,45.250468],[17.705204,45.252432],[17.703033,45.256618],[17.701638,45.258736],[17.696832,45.261217],[17.687841,45.264111],[17.66686,45.268193],[17.651977,45.268452],[17.621695,45.266333],[17.604952,45.268297],[17.57715,45.276823],[17.572156196944,45.279094701948],[17.572156196944,45.215827338129]]],"type":"Polygon"},"id":2,"properties":{"parentKey":"HRV:1159312537","sourceCountryId":"HRV","syntheticOperational":true,"territoryId":"territory:catalog:0f97af1feca61a4a367b059f6dc8bc8fd74baeca958afb10a340c141b30210df"},"type":"Feature"},{"geometry":{"coordinates":[[[17.065127782358,43.381294964029],[17.156943303205,43.381294964029],[17.213520197857,43.381294964029],[17.213520197857,43.481341509837],[17.170250313554,43.486229935952],[17.143884387662,43.489208633094],[17.065127782358,43.489208633094],[17.065127782358,43.381294964029]]],"type":"Polygon"},"id":3,"properties":{"parentKey":"HRV:1159312433","sourceCountryId":"HRV","syntheticOperational":true,"territoryId":"territory:catalog:aecc342fc4a272fd3b4cb4eb2d6cdcc43a58bfc12882b275996f6fa6e1008d3c"},"type":"Feature"},{"geometry":{"coordinates":[[[18.865979381443,45.755395683453],[18.903090985619,45.755395683453],[18.900169,45.764908],[18.871127,45.789971],[18.865979381443,45.796162288837],[18.865979381443,45.755395683453]]],"type":"Polygon"},"id":4,"properties":{"parentKey":"HRV:1159312539","sourceCountryId":"HRV","syntheticOperational":true,"territoryId":"territory:catalog:e903ad1a05dfcc6c0c9e16f6ca906b372e9f199d18c6da98ed50d7c8c19ca485"},"type":"Feature"},{"geometry":{"coordinates":[[[16.264118158123,46.402877697842],[16.363636363636,46.402877697842],[16.420503909644,46.402877697842],[16.420503909644,46.510791366906],[16.264118158123,46.510791366906],[16.264118158123,46.402877697842]]],"type":"Polygon"},"id":5,"properties":{"parentKey":"HRV:1159312553","sourceCountryId":"HRV","syntheticOperational":true,"territoryId":"territory:catalog:d222e37bee64b490107629b2675e9d41db606212054bbe98960a123cbc72d67a"},"type":"Feature"},{"geometry":{"coordinates":[[[16.913793103448,46.079136690647],[17.068965517241,46.079136690647],[17.068965517241,46.145074299659],[17.052943,46.153463],[17.041264,46.162196],[17.036303,46.172997],[17.028035,46.18049],[17.016424417576,46.187050359712],[16.987012987013,46.187050359712],[16.913793103448,46.187050359712],[16.913793103448,46.079136690647]]],"type":"Polygon"},"id":6,"properties":{"parentKey":"HRV:1159312551","sourceCountryId":"HRV","syntheticOperational":true,"territoryId":"territory:catalog:89ecba98393a93b0a0771dd86f19f4bbca680ba436b0c98e5604fd3279899afd"},"type":"Feature"},{"geometry":{"coordinates":[[[15.551753635586,45.647482014388],[15.705731394354,45.647482014388],[15.705731394354,45.755395683453],[15.618556701031,45.755395683453],[15.551753635586,45.755395683453],[15.551753635586,45.647482014388]]],"type":"Polygon"},"id":7,"properties":{"parentKey":"HRV:1159312531","sourceCountryId":"HRV","syntheticOperational":true,"territoryId":"territory:catalog:e7ae2c7e3cffd5b0fa3d517f444673671259f3fb58ef2bdb5b46e8b5a4249355"},"type":"Feature"},{"geometry":{"coordinates":[[[14.657888,44.798774],[14.699474,44.765204],[14.709351305813,44.767731190266],[14.709351305813,44.80708505179],[14.699474,44.813056],[14.701345,44.807318],[14.701427,44.804348],[14.702322,44.802151],[14.70574,44.798774],[14.70574,44.792548],[14.694835,44.796454],[14.682872,44.798774],[14.670421,44.799506],[14.657888,44.798774]]],"type":"Polygon"},"id":8,"properties":{"parentKey":"HRV:1159312505","sourceCountryId":"HRV","syntheticOperational":true,"territoryId":"territory:catalog:a96169d044f1d9a9c2764f3446fd7a28d5f00878f628d70fca87b883daa411f6"},"type":"Feature"},{"geometry":{"coordinates":[[[15.827586206897,45.971223021583],[15.857566151224,45.971223021583],[15.849503,45.972853],[15.836481,45.976729],[15.828213,45.980243],[15.827586206897,45.980440641402],[15.827586206897,45.971223021583]]],"type":"Polygon"},"id":9,"properties":{"parentKey":"HRV:1159312531","sourceCountryId":"HRV","syntheticOperational":true,"territoryId":"territory:catalog:b6db9e071164e1913c94122a4fdc9f6902a7db2b1bea35c2e17a421485166b99"},"type":"Feature"},{"geometry":{"coordinates":[[[16.861133935908,43.165467625899],[16.869160917349,43.165467625899],[16.864431,43.16885],[16.861133935908,43.167531255392],[16.861133935908,43.165467625899]]],"type":"Polygon"},"id":10,"properties":{"parentKey":"HRV:1159312433","sourceCountryId":"HRV","syntheticOperational":true,"territoryId":"territory:catalog:60074770768fc9ab56c938f2f4ad2cfbd5ad4996ba18fdc7da6d245c760b91dc"},"type":"Feature"},{"geometry":{"coordinates":[[[14.84962,44.175605],[14.862966,44.161038],[14.867849,44.152045],[14.870128,44.140815],[14.955089,44.075588],[14.983084,44.066311],[15,44.054483573455],[15,44.090197924051],[14.993826,44.087836],[14.985118,44.090969],[14.976329,44.096666],[14.962657,44.09984],[14.954438,44.103217],[14.948741,44.111151],[14.944184,44.120266],[14.939138,44.127143],[14.882823,44.159166],[14.863292,44.175605],[14.85963,44.176011],[14.855235,44.1765],[14.84962,44.175605]]],"type":"Polygon"},"id":11,"properties":{"parentKey":"HRV:1159312443","sourceCountryId":"HRV","syntheticOperational":true,"territoryId":"territory:catalog:1ed82f67c1a98b7270579628be632ae69095364d093f2bd05960a6bb8966f482"},"type":"Feature"},{"geometry":{"coordinates":[[[14.962216624685,44.568345323741],[14.970641584073,44.568345323741],[14.966319,44.573432],[14.962216624685,44.576458225073],[14.962216624685,44.568345323741]]],"type":"Polygon"},"id":12,"properties":{"parentKey":"HRV:1159312507","sourceCountryId":"HRV","syntheticOperational":true,"territoryId":"territory:catalog:53f4baf10156cfd3441c5bfda143c068ac6acf6dfb137620a75bc20912b31fec"},"type":"Feature"},{"geometry":{"coordinates":[[[13.622527126776,45.107913669065],[13.636892,45.093573],[13.633067,45.089423],[13.627696,45.079413],[13.62322,45.073065],[13.643809,45.070502],[13.660818,45.061225],[13.67335,45.051093],[13.681326,45.046373],[13.705583756345,45.022114772008],[13.705583756345,45.107913669065],[13.622527126776,45.107913669065]]],"type":"Polygon"},"id":13,"properties":{"parentKey":"HRV:1159312535","sourceCountryId":"HRV","syntheticOperational":true,"territoryId":"territory:catalog:e08a17130a7998f3fd958eb9ad77ffa51e2a00d3df7805c834ea7411df8633df"},"type":"Feature"},{"geometry":{"coordinates":[[[15.773195876289,45.969544447827],[15.784339,45.970993],[15.784784902214,45.971223021583],[15.773195876289,45.971223021583],[15.773195876289,45.969544447827]]],"type":"Polygon"},"id":14,"properties":{"parentKey":"HRV:1159312523","sourceCountryId":"HRV","syntheticOperational":true,"territoryId":"territory:catalog:1fd3a007f42d5676890731ae9dc596152c71ab94cd19d7292020db2e1fdcd1fa"},"type":"Feature"},{"geometry":{"coordinates":[[[15.966527196653,44.244604316547],[16.05,44.244604316547],[16.117154811715,44.244604316547],[16.117154811715,44.352517985612],[15.966527196653,44.352517985612],[15.966527196653,44.244604316547]]],"type":"Polygon"},"id":15,"properties":{"parentKey":"HRV:1159312443","sourceCountryId":"HRV","syntheticOperational":true,"territoryId":"territory:catalog:5b7dd0a979457e0c1654382172c4610b77b91246b126ec84a013d326e5c7a50b"},"type":"Feature"},{"geometry":{"coordinates":[[[15.364016736402,44.335088590411],[15.406016,44.320624],[15.414073,44.316555],[15.444184,44.288479],[15.449229,44.285386],[15.514644351464,44.278528622587],[15.514644351464,44.352517985612],[15.364016736402,44.352517985612],[15.364016736402,44.335088590411]]],"type":"Polygon"},"id":16,"properties":{"parentKey":"HRV:1159312443","sourceCountryId":"HRV","syntheticOperational":true,"territoryId":"territory:catalog:1b2a80c9a3fd7ca4b8472c75fdbc5ba9548f00afcaf652b5b7a9b69dab2859f4"},"type":"Feature"},{"geometry":{"coordinates":[[[16.9375534645,45.539568345324],[16.940673092661,45.539568345324],[16.944217,45.546988],[16.95941,45.542905],[16.96096,45.539856],[16.961045698233,45.539568345324],[17.033248081841,45.539568345324],[17.091531223268,45.539568345324],[17.091531223268,45.647482014388],[16.9375534645,45.647482014388],[16.9375534645,45.539568345324]]],"type":"Polygon"},"id":17,"properties":{"parentKey":"HRV:1159312549","sourceCountryId":"HRV","syntheticOperational":true,"territoryId":"territory:catalog:b66e6295f48aae989a3776e744990e52c9ba8999e3a87b048d78fc6e502c93df"},"type":"Feature"},{"geometry":{"coordinates":[[[15.58988,46.113517],[15.603833,46.090986],[15.619911824002,46.079136690647],[15.672413793103,46.079136690647],[15.672413793103,46.187050359712],[15.61936457376,46.187050359712],[15.604349,46.167002],[15.589983,46.138684],[15.58988,46.113517]]],"type":"Polygon"},"id":18,"properties":{"parentKey":"HRV:1159312523","sourceCountryId":"HRV","syntheticOperational":true,"territoryId":"territory:catalog:2b65002955f2a4e5f6a1fea986803b83302f5afaea0fd5b9bc524502e7aa9e3c"},"type":"Feature"},{"geometry":{"coordinates":[[[16.733275412685,46.402877697842],[16.735281900122,46.402877697842],[16.733275412685,46.403736361275],[16.733275412685,46.402877697842]]],"type":"Polygon"},"id":19,"properties":{"parentKey":"HRV:1159312553","sourceCountryId":"HRV","syntheticOperational":true,"territoryId":"territory:catalog:dd925aba1147af87db7247c9c1bb5e358db35adc65bde54298970d04b1a8f43c"},"type":"Feature"},{"geometry":{"coordinates":[[[15.619208087616,44.676258992806],[15.717884130982,44.676258992806],[15.770850884583,44.676258992806],[15.770850884583,44.728483497138],[15.759275,44.73417],[15.753694,44.739286],[15.728476,44.769103],[15.718788298232,44.78417266187],[15.619208087616,44.78417266187],[15.619208087616,44.676258992806]]],"type":"Polygon"},"id":20,"properties":{"parentKey":"HRV:1159312443","sourceCountryId":"HRV","syntheticOperational":true,"territoryId":"territory:catalog:768e75317477c2d1cb4ab8741136a10f57ac13f103a3c75da5f2811d2ab5df39"},"type":"Feature"},{"geometry":{"coordinates":[[[18.883248730964,45],[19.035532994924,45],[19.035532994924,45.107913669065],[18.947368421053,45.107913669065],[18.883248730964,45.107913669065],[18.883248730964,45]]],"type":"Polygon"},"id":21,"properties":{"parentKey":"HRV:1159312543","sourceCountryId":"HRV","syntheticOperational":true,"territoryId":"territory:catalog:5f82d44a430ec482bcc137f093eb21af1b6e9703f2c9bed974634133f4d83c2a"},"type":"Feature"},{"geometry":{"coordinates":[[[16.805896805897,43.127265],[16.953316953317,43.127265],[16.953316953317,43.152617804331],[16.896739,43.154771],[16.878429,43.15884],[16.869160917349,43.165467625899],[16.861133935908,43.165467625899],[16.855974545182,43.165467625899],[16.848155,43.16234],[16.805896805897,43.162162550813],[16.805896805897,43.127265]]],"type":"Polygon"},"id":22,"properties":{"parentKey":"HRV:1159312433","sourceCountryId":"HRV","syntheticOperational":true,"territoryId":"territory:catalog:a6786372fb3dc531dd6403f65f68e0bd3cebc90bc108c1ce22afeb3f0adb6f1a"},"type":"Feature"},{"geometry":{"coordinates":[[[17.065127782358,43.489208633094],[17.143884387662,43.489208633094],[17.142757,43.489336],[17.084569,43.513237],[17.065127782358,43.525912446775],[17.065127782358,43.489208633094]]],"type":"Polygon"},"id":23,"properties":{"parentKey":"HRV:1159312433","sourceCountryId":"HRV","syntheticOperational":true,"territoryId":"territory:catalog:4e6d820581ce4749db6d99c7f1534332f85f8229f83385f1fabc0c68f865eb57"},"type":"Feature"},{"geometry":{"coordinates":[[[17.395577395577,43.057461138323],[17.404552,43.0515],[17.414100974484,43.057553956835],[17.395577395577,43.057553956835],[17.395577395577,43.057461138323]]],"type":"Polygon"},"id":24,"properties":{"parentKey":"HRV:1159312431","sourceCountryId":"HRV","syntheticOperational":true,"territoryId":"territory:catalog:f616cd703f519947a07ca0553b6940b170d8e5b6fdad26f44f0e1224b4bc1141"},"type":"Feature"},{"geometry":{"coordinates":[[[16.655348047538,45.215827338129],[16.808149405772,45.215827338129],[16.808149405772,45.323741007194],[16.726342710997,45.323741007194],[16.655348047538,45.323741007194],[16.655348047538,45.215827338129]]],"type":"Polygon"},"id":25,"properties":{"parentKey":"HRV:1159312529","sourceCountryId":"HRV","syntheticOperational":true,"territoryId":"territory:catalog:262d2d878a01882dfd142041c65d0a3c4814fce9cdbd4b905e3b682512ab91d2"},"type":"Feature"},{"geometry":{"coordinates":[[[17.324632952692,42.789967307637],[17.334483,42.780341],[17.35377,42.766669],[17.37379,42.759996],[17.385916,42.770941],[17.47145187602,42.75294206754],[17.47145187602,42.782304715878],[17.43686,42.78262],[17.419932,42.790839],[17.412446,42.784003],[17.403494,42.788764],[17.393321,42.791164],[17.38266,42.791653],[17.371593,42.790839],[17.382009,42.797838],[17.38738,42.800238],[17.392345,42.801703],[17.37379,42.802639],[17.341563,42.793402],[17.324632952692,42.790967272627],[17.324632952692,42.789967307637]]],"type":"Polygon"},"id":26,"properties":{"parentKey":"HRV:1159312431","sourceCountryId":"HRV","syntheticOperational":true,"territoryId":"territory:catalog:6c2fdcf131e4ecaebb8a87553f624cefab473ef2557027682e20a9fb7083bfbd"},"type":"Feature"},{"geometry":{"coordinates":[[[18.96100388925,45.539568345324],[19.028132992327,45.539568345324],[19.049906640067,45.539568345324],[19.040936,45.545025],[19.036491,45.549469],[19.033391,45.554637],[19.02719,45.562595],[19.018095,45.567401],[19.009206,45.565489],[19.000628,45.561199],[18.983161,45.55474],[18.973136,45.546265],[18.96100388925,45.539568345324]]],"type":"Polygon"},"id":27,"properties":{"parentKey":"HRV:1159312539","sourceCountryId":"HRV","syntheticOperational":true,"territoryId":"territory:catalog:280b0e35df94c2fd015aad31939f8d00bef7094a90cdd871f30491c8ecc548e0"},"type":"Feature"},{"geometry":{"coordinates":[[[17.248157248157,43.153089987937],[17.316254,43.127265],[17.365369212768,43.079247112793],[17.365535,43.079335],[17.393595,43.094114],[17.395577395577,43.094913084446],[17.395577395577,43.109489031017],[17.391735,43.111477],[17.386929,43.114888],[17.383983,43.11866],[17.378867,43.1276],[17.375147,43.132096],[17.370496,43.135869],[17.364915,43.137729],[17.353391,43.138711],[17.34843,43.139899],[17.345949,43.141966],[17.345329,43.14486],[17.347086,43.153749],[17.34936,43.156229],[17.353081,43.156849],[17.370341,43.153077],[17.391115,43.1507],[17.395577395577,43.14950012173],[17.395577395577,43.165467625899],[17.304847986853,43.165467625899],[17.248157248157,43.165467625899],[17.248157248157,43.153089987937]]],"type":"Polygon"},"id":28,"properties":{"parentKey":"HRV:1159312433","sourceCountryId":"HRV","syntheticOperational":true,"territoryId":"territory:catalog:3b6207d79937e4664873e7012ef948759e5042396e75c3114161f8130ad5ba80"},"type":"Feature"},{"geometry":{"coordinates":[[[16.420503909644,46.402877697842],[16.519480519481,46.402877697842],[16.576889661164,46.402877697842],[16.576889661164,46.471163234852],[16.564291,46.479929],[16.521089,46.498532],[16.515302,46.501711],[16.498955987821,46.510791366906],[16.420503909644,46.510791366906],[16.420503909644,46.402877697842]]],"type":"Polygon"},"id":29,"properties":{"parentKey":"HRV:1159312553","sourceCountryId":"HRV","syntheticOperational":true,"territoryId":"territory:catalog:f06aa905af1dae60d1a9f8857081a1148e39c5ffa78fdefb93540bff0e42791c"},"type":"Feature"},{"geometry":{"coordinates":[[[18.090545395168,45.107913669065],[18.112413,45.100607],[18.121827411168,45.099280426083],[18.121827411168,45.107913669065],[18.090545395168,45.107913669065]]],"type":"Polygon"},"id":30,"properties":{"parentKey":"HRV:1159312537","sourceCountryId":"HRV","syntheticOperational":true,"territoryId":"territory:catalog:13cf20dd1cde2a46edadf4bf0f52e60bd0ac4afde1768cd52773b7f17f8f012e"},"type":"Feature"},{"geometry":{"coordinates":[[[15.697674418605,43.882332260917],[15.707651,43.876495],[15.727547,43.869054],[15.733438,43.868382],[15.739949,43.869209],[15.746925,43.874222],[15.750956,43.879182],[15.752972,43.884608],[15.753902,43.890138],[15.754677,43.892877],[15.757623,43.896029],[15.762583,43.898613],[15.77142,43.90192],[15.777466,43.905951],[15.782634,43.910602],[15.78589,43.915098],[15.78775,43.91887],[15.78760762076,43.920863309353],[15.697674418605,43.920863309353],[15.697674418605,43.882332260917]]],"type":"Polygon"},"id":31,"properties":{"parentKey":"HRV:1159312443","sourceCountryId":"HRV","syntheticOperational":true,"territoryId":"territory:catalog:14ac29df08de7c8d1a41e9278c36bfbbaddd31209a23d20841f84af701238204"},"type":"Feature"},{"geometry":{"coordinates":[[[15.142237967491,44.244604316547],[15.152192,44.235297],[15.160411,44.213202],[15.144542,44.195461],[15.196951,44.15648],[15.212738,44.148261],[15.208832,44.13817],[15.212901,44.131049],[15.222016,44.125637],[15.233246,44.120917],[15.278331,44.085598],[15.277599,44.082343],[15.3,44.062507612026],[15.3,44.136690647482],[15.3,44.244604316547],[15.213389121339,44.244604316547],[15.142237967491,44.244604316547]]],"type":"Polygon"},"id":32,"properties":{"parentKey":"HRV:1159312443","sourceCountryId":"HRV","syntheticOperational":true,"territoryId":"territory:catalog:f8437bb72e43371e26c336b309b274405d5f0bbcc83459e15b0121326a649ff6"},"type":"Feature"},{"geometry":{"coordinates":[[[14.314720812183,44.892086330935],[14.406065711879,44.892086330935],[14.449353694309,44.892086330935],[14.449962,44.898017],[14.459239,44.915432],[14.451915,44.922309],[14.462576,44.935981],[14.467005076142,44.945371918385],[14.467005076142,44.982166822086],[14.466075,44.98371],[14.453868,44.987982],[14.430837,44.990302],[14.417654,44.997992],[14.415747181047,45],[14.370227829699,45],[14.37672,44.986884],[14.391449,44.969428],[14.411388,44.956366],[14.404063,44.94953],[14.39031,44.960395],[14.389008,44.950344],[14.393565,44.93476],[14.397227,44.929104],[14.39324,44.914781],[14.38738,44.909003],[14.377126,44.908149],[14.35963,44.908637],[14.350271,44.912909],[14.332286,44.932196],[14.325206,44.93651],[14.314720812183,44.939572496585],[14.314720812183,44.892086330935]]],"type":"Polygon"},"id":33,"properties":{"parentKey":"HRV:1159312505","sourceCountryId":"HRV","syntheticOperational":true,"territoryId":"territory:catalog:48c4142e5c1bd0f962c00da8e0a940f81ae6b0903b3b6cc069ed37d45fcc83f2"},"type":"Feature"},{"geometry":{"coordinates":[[[17.70744225834,45.539568345324],[17.800511508951,45.539568345324],[17.861420017109,45.539568345324],[17.861420017109,45.647482014388],[17.70744225834,45.647482014388],[17.70744225834,45.539568345324]]],"type":"Polygon"},"id":34,"properties":{"parentKey":"HRV:1159312547","sourceCountryId":"HRV","syntheticOperational":true,"territoryId":"territory:catalog:bc996d6edbde216f5a7f72406a1f826f541a7066718b72344082ada9e8ec5152"},"type":"Feature"},{"geometry":{"coordinates":[[[18.292682926829,42.533260355171],[18.323059700252,42.51867244957],[18.32448992092,42.517985611511],[18.37925445705,42.517985611511],[18.437674673856,42.517985611511],[18.438862394421,42.524848257105],[18.439024390244,42.525784268446],[18.439024390244,42.553397310266],[18.437355,42.559212],[18.421025,42.56363],[18.385265,42.566524],[18.370485,42.57363],[18.369783,42.574393],[18.349608,42.59629],[18.338653,42.602517],[18.311574,42.601225],[18.292682926829,42.605965543597],[18.292682926829,42.533260355171]]],"type":"Polygon"},"id":35,"properties":{"parentKey":"HRV:1159312431","sourceCountryId":"HRV","syntheticOperational":true,"territoryId":"territory:catalog:9967033af9beb4103ae27c233e08f609b1c029980e985453ac86742e1ab088c8"},"type":"Feature"},{"geometry":{"coordinates":[[[18.947368421053,45.107913669065],[19.035532994924,45.107913669065],[19.070560396788,45.107913669065],[19.064087,45.113578],[19.054165,45.120606],[19.046207,45.128358],[19.044863,45.137246],[19.060056,45.146858],[19.100169779287,45.144008637703],[19.100169779287,45.215827338129],[18.947368421053,45.215827338129],[18.947368421053,45.107913669065]]],"type":"Polygon"},"id":36,"properties":{"parentKey":"HRV:1159312543","sourceCountryId":"HRV","syntheticOperational":true,"territoryId":"territory:catalog:85a565d9516197e918a39e2ad583cca5fcb9c262304baccbde3775b876aead70"},"type":"Feature"},{"geometry":{"coordinates":[[[16.42628,43.39411],[16.433699493081,43.381294964029],[16.471558120363,43.381294964029],[16.471558120363,43.388830219051],[16.453461,43.39411],[16.447032,43.394843],[16.42628,43.39411]]],"type":"Polygon"},"id":37,"properties":{"parentKey":"HRV:1159312433","sourceCountryId":"HRV","syntheticOperational":true,"territoryId":"territory:catalog:01483c4cc9ee22d3ac7c3c7eb3557ef44dbcad0afdf6b1a981ba1ce5f70e9553"},"type":"Feature"},{"geometry":{"coordinates":[[[17.395437655584,43.057553956835],[17.395577395577,43.057461138323],[17.395577395577,43.057553956835],[17.395437655584,43.057553956835]]],"type":"Polygon"},"id":38,"properties":{"parentKey":"HRV:1159312431","sourceCountryId":"HRV","syntheticOperational":true,"territoryId":"territory:catalog:ac7660e8722384ff33639513b6d5c7c7e03a4f753c849260b1065ff01c524da3"},"type":"Feature"},{"geometry":{"coordinates":[[[16.237113402062,45.863309352518],[16.39175257732,45.863309352518],[16.39175257732,45.971223021583],[16.293103448276,45.971223021583],[16.237113402062,45.971223021583],[16.237113402062,45.863309352518]]],"type":"Polygon"},"id":39,"properties":{"parentKey":"HRV:1159312531","sourceCountryId":"HRV","syntheticOperational":true,"territoryId":"territory:catalog:9df334e973ef86ff6b50aae6602e55b1d1fc2cd2aef8ab87058d9181ac55c94d"},"type":"Feature"},{"geometry":{"coordinates":[[[16.496699,45.765062],[16.509616849014,45.755395683453],[16.546391752577,45.755395683453],[16.546391752577,45.78855209094],[16.531787,45.78842],[16.523571,45.785578],[16.512719,45.772452],[16.496699,45.765062]]],"type":"Polygon"},"id":40,"properties":{"parentKey":"HRV:1159312549","sourceCountryId":"HRV","syntheticOperational":true,"territoryId":"territory:catalog:4bcc44d29009cc1adb5eee748c53cf3cabbe40fe013b360ca423b6c61c49f6ee"},"type":"Feature"},{"geometry":{"coordinates":[[[17.091531223268,45.647482014388],[17.245508982036,45.647482014388],[17.245508982036,45.755395683453],[17.164948453608,45.755395683453],[17.091531223268,45.755395683453],[17.091531223268,45.647482014388]]],"type":"Polygon"},"id":41,"properties":{"parentKey":"HRV:1159312549","sourceCountryId":"HRV","syntheticOperational":true,"territoryId":"territory:catalog:8f6703aec135fcadefc47d8cf0ae6712a8881badc72dd967e6269ba3bad966a0"},"type":"Feature"},{"geometry":{"coordinates":[[[15.917979,43.572903],[15.935395,43.572943],[15.944184,43.566718],[15.941905,43.560004],[15.925304,43.55858],[15.94809,43.552883],[15.956228,43.547919],[15.959483,43.538153],[15.965099,43.541938],[15.970958,43.543524],[15.987315,43.544908],[15.98227,43.537299],[15.984223,43.53205],[15.98699,43.527289],[15.983653,43.521064],[15.974376,43.51675],[15.966563,43.516913],[15.961274,43.515041],[15.959483,43.503974],[15.964366,43.503892],[15.965587,43.506171],[15.965505,43.509101],[15.966319,43.51081],[15.973481,43.503119],[15.995779,43.503363],[16.007823,43.497138],[16.007823,43.503974],[16.012796,43.503974],[16.012904,43.504063],[16.018795,43.508921],[16.026380873866,43.509968146982],[16.026380873866,43.597122302158],[15.943708609272,43.597122302158],[15.922441887618,43.597122302158],[15.917979,43.593329],[15.92213,43.591986],[15.93214,43.586575],[15.927582,43.584296],[15.922618,43.581122],[15.917979,43.579088],[15.917979,43.572903]]],"type":"Polygon"},"id":42,"properties":{"parentKey":"HRV:1159312439","sourceCountryId":"HRV","syntheticOperational":true,"territoryId":"territory:catalog:b665b3992efc4788bce60e4ad112a0af74265f5a77b448c6519c299f3604f42b"},"type":"Feature"},{"geometry":{"coordinates":[[[15.415617128463,44.568345323741],[15.566750629723,44.568345323741],[15.566750629723,44.578994160497],[15.562751,44.581672],[15.558668,44.588286],[15.558048,44.592524],[15.5612,44.596193],[15.563681,44.599655],[15.564301,44.602136],[15.563681,44.605133],[15.561355,44.610197],[15.555774,44.630868],[15.551227,44.636139],[15.535724,44.648076],[15.533398,44.654846],[15.532003,44.673553],[15.531264921816,44.676258992806],[15.467565290649,44.676258992806],[15.415617128463,44.676258992806],[15.415617128463,44.568345323741]]],"type":"Polygon"},"id":43,"properties":{"parentKey":"HRV:1159312507","sourceCountryId":"HRV","syntheticOperational":true,"territoryId":"territory:catalog:a791be90d2c223c5a7e57e130f82b971d39b30aba9c0396c6aff74fe1d92f278"},"type":"Feature"},{"geometry":{"coordinates":[[[15.582655766664,44.568345323741],[15.623109,44.541261],[15.637216,44.527412],[15.653494,44.494959],[15.602128,44.467622],[15.594222,44.461886],[15.593252332219,44.460431654676],[15.665271966527,44.460431654676],[15.717884130982,44.460431654676],[15.717884130982,44.568345323741],[15.582655766664,44.568345323741]]],"type":"Polygon"},"id":44,"properties":{"parentKey":"HRV:1159312443","sourceCountryId":"HRV","syntheticOperational":true,"territoryId":"territory:catalog:423e9b3035da348a45c04d00bf5ed4d3c46e505061a59de03c6dcaebc2164f9b"},"type":"Feature"},{"geometry":{"coordinates":[[[14.145260217199,45.431654676259],[14.192395,45.412319],[14.201232,45.407565],[14.203557,45.403947],[14.201077,45.398108],[14.198131,45.393199],[14.197666,45.385705],[14.199526,45.375577],[14.208983,45.345605],[14.210844,45.335321],[14.210533,45.327776],[14.208975132496,45.323741007194],[14.210526315789,45.323741007194],[14.271099744246,45.323741007194],[14.271099744246,45.431654676259],[14.145260217199,45.431654676259]]],"type":"Polygon"},"id":45,"properties":{"parentKey":"HRV:1159312505","sourceCountryId":"HRV","syntheticOperational":true,"territoryId":"territory:catalog:413ae21920b3c014aae2372ada9d61de7720907f9ff2ad77fbc874ec8089c773"},"type":"Feature"},{"geometry":{"coordinates":[[[13.857868020305,44.892086330935],[13.985838168818,44.892086330935],[13.980724,44.896552],[13.972667,44.901109],[13.988455,44.900784],[14.010152284264,44.905171487886],[14.010152284264,45],[13.857868020305,45],[13.857868020305,44.892086330935]]],"type":"Polygon"},"id":46,"properties":{"parentKey":"HRV:1159312535","sourceCountryId":"HRV","syntheticOperational":true,"territoryId":"territory:catalog:d2b75f8e62f423b1395d9c6c9601182c29b62a0952c100c5106782dfdecdb8b9"},"type":"Feature"},{"geometry":{"coordinates":[[[17.324632952692,42.935515771231],[17.350922,42.92178],[17.417247,42.9112],[17.442719,42.898627],[17.44044,42.873358],[17.47145187602,42.864310583777],[17.47145187602,42.921684178524],[17.464854,42.920722],[17.460216,42.92178],[17.456798,42.926988],[17.455903,42.932929],[17.45574,42.938422],[17.454112,42.942288],[17.442914538874,42.94964028777],[17.395577395577,42.94964028777],[17.324632952692,42.94964028777],[17.324632952692,42.935515771231]]],"type":"Polygon"},"id":47,"properties":{"parentKey":"HRV:1159312431","sourceCountryId":"HRV","syntheticOperational":true,"territoryId":"territory:catalog:8a4a9b075901bebec7d7224cb2600be8badcbc24fa654085e3dfc89ff13acd3b"},"type":"Feature"},{"geometry":{"coordinates":[[[18.874680306905,45.323741007194],[18.947368421053,45.323741007194],[19.028132992327,45.323741007194],[19.028132992327,45.346222872968],[19.014162,45.353423],[19.007523,45.359534],[18.996434,45.362088],[18.995688,45.36226],[18.977491,45.371209],[18.975527,45.39113],[18.997352,45.399775],[19.02262,45.402392],[19.028132992327,45.41114345546],[19.028132992327,45.419915868681],[19.020973264941,45.428264074259],[19.01806536027,45.431654676259],[18.961951154765,45.431654676259],[18.952776,45.430302],[18.94363,45.430612],[18.940763620773,45.431654676259],[18.874680306905,45.431654676259],[18.874680306905,45.323741007194]]],"type":"Polygon"},"id":48,"properties":{"parentKey":"HRV:1159312543","sourceCountryId":"HRV","syntheticOperational":true,"territoryId":"territory:catalog:5da79c0aa714012bec1cd8d8eaf7da25477d66889c5031efef11857bf7f4fae8"},"type":"Feature"},{"geometry":{"coordinates":[[[17.340153452685,45.323741007194],[17.41935483871,45.323741007194],[17.493606138107,45.323741007194],[17.493606138107,45.33264496357],[17.478809,45.343331],[17.39158,45.387256],[17.354528,45.386946],[17.340153452685,45.38232191379],[17.340153452685,45.323741007194]]],"type":"Polygon"},"id":49,"properties":{"parentKey":"HRV:1159312537","sourceCountryId":"HRV","syntheticOperational":true,"territoryId":"territory:catalog:fdc35b0e82de3c97f36f42b16bbb13c8cc99a1c32254c28544c82be49fd220b9"},"type":"Feature"},{"geometry":{"coordinates":[[[16.726342710997,45.323741007194],[16.808149405772,45.323741007194],[16.879795396419,45.323741007194],[16.879795396419,45.431654676259],[16.726342710997,45.431654676259],[16.726342710997,45.323741007194]]],"type":"Polygon"},"id":50,"properties":{"parentKey":"HRV:1159312529","sourceCountryId":"HRV","syntheticOperational":true,"territoryId":"territory:catalog:0f1ee6466e43f01fb66b2aa14aca75526fafc0e909d7c88e6b8110e0a39acacc"},"type":"Feature"},{"geometry":{"coordinates":[[[15.041515,44.47663],[15.048734569602,44.460431654676],[15.062761506276,44.460431654676],[15.085151325509,44.460431654676],[15.083263,44.461859],[15.041515,44.47663]]],"type":"Polygon"},"id":51,"properties":{"parentKey":"HRV:1159312507","sourceCountryId":"HRV","syntheticOperational":true,"territoryId":"territory:catalog:f47f49447263b74b543903412a1b72823ac77d7a37855f438f151e8529066c14"},"type":"Feature"},{"geometry":{"coordinates":[[[13.752122241087,45.107913669065],[13.857868020305,45.107913669065],[13.904923599321,45.107913669065],[13.904923599321,45.215827338129],[13.752122241087,45.215827338129],[13.752122241087,45.107913669065]]],"type":"Polygon"},"id":52,"properties":{"parentKey":"HRV:1159312535","sourceCountryId":"HRV","syntheticOperational":true,"territoryId":"territory:catalog:7db6201b95435db93ab5ebba813de729e5ca022b43f23db011acb9ab237e5bc5"},"type":"Feature"},{"geometry":{"coordinates":[[[18.711340206186,45.755395683453],[18.785286569718,45.755395683453],[18.865979381443,45.755395683453],[18.865979381443,45.796162288837],[18.863995,45.798549],[18.848699,45.809556],[18.844978,45.815706],[18.846735,45.819995],[18.850353,45.824232],[18.85242,45.830072],[18.855314,45.857357],[18.865979381443,45.858066975599],[18.865979381443,45.863309352518],[18.711340206186,45.863309352518],[18.711340206186,45.755395683453]]],"type":"Polygon"},"id":53,"properties":{"parentKey":"HRV:1159312539","sourceCountryId":"HRV","syntheticOperational":true,"territoryId":"territory:catalog:a4420af27ef8a7b4f585d5b02e86a01ad4835fa9fc000ee2df8cd93b0d4389ed"},"type":"Feature"},{"geometry":{"coordinates":[[[17.572156196944,45.279094701948],[17.57715,45.276823],[17.604952,45.268297],[17.621695,45.266333],[17.651977,45.268452],[17.66686,45.268193],[17.687841,45.264111],[17.696832,45.261217],[17.701638,45.258736],[17.703033,45.256618],[17.705204,45.252432],[17.705824,45.250468],[17.706134,45.248815],[17.706444,45.245921],[17.706134,45.242613],[17.704739,45.236774],[17.704894,45.234862],[17.705979,45.232795],[17.719312,45.216775],[17.719858592372,45.215827338129],[17.724957555178,45.215827338129],[17.724957555178,45.323741007194],[17.647058823529,45.323741007194],[17.572156196944,45.323741007194],[17.572156196944,45.279094701948]]],"type":"Polygon"},"id":54,"properties":{"parentKey":"HRV:1159312541","sourceCountryId":"HRV","syntheticOperational":true,"territoryId":"territory:catalog:a2ccb749a693515582fe58451934548ac29a3abbef193577e8d027daf7afa17e"},"type":"Feature"},{"geometry":{"coordinates":[[[16.758620689655,45.971223021583],[16.855670103093,45.971223021583],[16.913793103448,45.971223021583],[16.913793103448,45.999164388203],[16.91073,46.000707],[16.904633,46.008768],[16.913793103448,46.025371752826],[16.913793103448,46.035427380575],[16.912901,46.03657],[16.90763,46.039464],[16.89099,46.045975],[16.884634,46.049593],[16.879828,46.053727],[16.876727,46.058171],[16.875332,46.060806],[16.874402,46.064992],[16.872076,46.071555],[16.869441,46.074966],[16.865875,46.077446],[16.860309045326,46.079136690647],[16.836005174582,46.079136690647],[16.834663,46.078376],[16.830632,46.072744],[16.826911,46.062253],[16.824896,46.059566],[16.820865,46.056259],[16.811408,46.050678],[16.808618,46.048456],[16.805207,46.046389],[16.800866,46.046079],[16.79358,46.050626],[16.790118,46.055794],[16.784071,46.058688],[16.776165,46.058378],[16.758620689655,46.053129602827],[16.758620689655,45.971223021583]]],"type":"Polygon"},"id":55,"properties":{"parentKey":"HRV:1159312549","sourceCountryId":"HRV","syntheticOperational":true,"territoryId":"territory:catalog:08ab5073c8a0d708232546865542ca0e328586ec0c4521d1e3065e6cab410b2c"},"type":"Feature"},{"geometry":{"coordinates":[[[16.137931034483,45.971223021583],[16.139435302892,45.971223021583],[16.166021,45.978331],[16.169122,45.980398],[16.172067,45.982878],[16.171447,45.984067],[16.169897,45.985204],[16.164471,45.988666],[16.163076,45.990992],[16.162301,45.994092],[16.162766,46.000035],[16.164006,46.002412],[16.165091,46.003807],[16.166952,46.003962],[16.170207,46.004014],[16.174238,46.003601],[16.17832,46.002722],[16.184366,46.000655],[16.187622,46.000448],[16.192118,46.000707],[16.20173,46.00236],[16.204675,46.004221],[16.204675,46.006598],[16.20173,46.009337],[16.198939,46.011455],[16.189793,46.01621],[16.188087,46.01807],[16.186227,46.022049],[16.189793,46.024323],[16.20483,46.030214],[16.208086,46.033366],[16.208396,46.036363],[16.20545,46.038947],[16.20266,46.040704],[16.198939,46.042461],[16.193358,46.04427],[16.190413,46.046285],[16.188242,46.049386],[16.187932,46.055277],[16.190413,46.058533],[16.194133,46.05998],[16.198629,46.059876],[16.213202,46.056879],[16.217233,46.056672],[16.220643,46.057034],[16.234648,46.062563],[16.238678,46.063597],[16.240074,46.063752],[16.241779,46.0637],[16.255887,46.061065],[16.253330985758,46.079136690647],[16.137931034483,46.079136690647],[16.137931034483,45.971223021583]]],"type":"Polygon"},"id":56,"properties":{"parentKey":"HRV:1159312523","sourceCountryId":"HRV","syntheticOperational":true,"territoryId":"territory:catalog:be51b5397eca22f882d8361f8b49119d03a72d630751b46b0f4bf180a6fb32da"},"type":"Feature"},{"geometry":{"coordinates":[[[14.210526315789,45.127637087801],[14.232595,45.149359],[14.23406,45.153062],[14.234711,45.154568],[14.234711920228,45.154570254527],[14.234682,45.154574],[14.233995,45.15466],[14.211154,45.161533],[14.210526315789,45.162089946401],[14.210526315789,45.127637087801]]],"type":"Polygon"},"id":57,"properties":{"parentKey":"HRV:1159312535","sourceCountryId":"HRV","syntheticOperational":true,"territoryId":"territory:catalog:03c859696a28a74637a52c72b4d2e8fb40f3b9e55bc92c19f5522dda4a675ab5"},"type":"Feature"},{"geometry":{"coordinates":[[[15.645695364238,43.655000670417],[15.663097,43.645697],[15.672048,43.637437],[15.681326,43.640326],[15.740408,43.627509],[15.678884,43.648017],[15.669688,43.655748],[15.661632,43.665473],[15.650157,43.673041],[15.645695364238,43.673392030162],[15.645695364238,43.655000670417]]],"type":"Polygon"},"id":58,"properties":{"parentKey":"HRV:1159312439","sourceCountryId":"HRV","syntheticOperational":true,"territoryId":"territory:catalog:8b5426c8c8677c2fc5fea03ad335f8ae67189a50536f04e8ea7d944131092c0f"},"type":"Feature"},{"geometry":{"coordinates":[[[16.546391752577,45.863309352518],[16.695163134927,45.863309352518],[16.695653,45.8664],[16.695963,45.872652],[16.691777,45.904123],[16.691622,45.913839],[16.692553,45.924226],[16.678083,45.929083],[16.648473,45.92035],[16.640876,45.919626],[16.63452,45.921022],[16.630334,45.923812],[16.622273,45.927119],[16.616175,45.927171],[16.607648,45.925414],[16.603772,45.925724],[16.601137,45.926964],[16.599587,45.930065],[16.595711,45.933837],[16.58951,45.937972],[16.551166,45.953629],[16.546391752577,45.956435521614],[16.546391752577,45.863309352518]]],"type":"Polygon"},"id":59,"properties":{"parentKey":"HRV:1159312531","sourceCountryId":"HRV","syntheticOperational":true,"territoryId":"territory:catalog:57cb543feaf3abeff3a6ac65260e385b2477d22d5b7d01325e444fa10eee1d75"},"type":"Feature"},{"geometry":{"coordinates":[[[13.503836317136,45.487357542058],[13.504568,45.483873],[13.520763,45.457261],[13.517833,45.449774],[13.515636,45.448147],[13.515961,45.447455],[13.520763,45.44302],[13.518565,45.440334],[13.515391,45.438137],[13.513357,45.436225],[13.515623556097,45.431654676259],[13.657289002558,45.431654676259],[13.657289002558,45.459891830698],[13.64292,45.45943],[13.64282,45.459448],[13.624107,45.462745],[13.589529,45.488837],[13.585139,45.489247],[13.568614,45.49079],[13.523123,45.506252],[13.513357,45.511908],[13.507091,45.511908],[13.503836317136,45.504197252937],[13.503836317136,45.487357542058]]],"type":"Polygon"},"id":60,"properties":{"parentKey":"HRV:1159312535","sourceCountryId":"HRV","syntheticOperational":true,"territoryId":"territory:catalog:d68957960a4ef60b6c5752d16c6b6c04cd42e50b27736634ad29863880c25444"},"type":"Feature"},{"geometry":{"coordinates":[[[15.398671096346,43.984615687922],[15.438731,43.949652],[15.445649,43.941352],[15.449718,43.934394],[15.455089,43.928046],[15.466075,43.921698],[15.468539665945,43.920863309353],[15.548172757475,43.920863309353],[15.548172757475,44.028776978417],[15.45,44.028776978417],[15.398671096346,44.028776978417],[15.398671096346,43.984615687922]]],"type":"Polygon"},"id":61,"properties":{"parentKey":"HRV:1159312443","sourceCountryId":"HRV","syntheticOperational":true,"territoryId":"territory:catalog:c4500d11a115a55e2af13c6693dd41275581d3427eb58cd52a5df9e4610f0a49"},"type":"Feature"},{"geometry":{"coordinates":[[[18.030560271647,45.215827338129],[18.183361629881,45.215827338129],[18.183361629881,45.230029790339],[18.134222,45.242923],[18.12554,45.246696],[18.122439,45.24897],[18.121509,45.249951],[18.120734,45.250572],[18.081615,45.271501],[18.030560271647,45.276857019564],[18.030560271647,45.215827338129]]],"type":"Polygon"},"id":62,"properties":{"parentKey":"HRV:1159312537","sourceCountryId":"HRV","syntheticOperational":true,"territoryId":"territory:catalog:5b68b90835476068d46d6e3cda8ce6d028e039e0dbaa0fee4d87e39b9a182cdc"},"type":"Feature"},{"geometry":{"coordinates":[[[17.576569161767,42.841726618705],[17.580089,42.841254],[17.618270799347,42.828157682161],[17.618270799347,42.841726618705],[17.576569161767,42.841726618705]]],"type":"Polygon"},"id":63,"properties":{"parentKey":"HRV:1159312431","sourceCountryId":"HRV","syntheticOperational":true,"territoryId":"territory:catalog:fc814d282ce6a4ae0bbd6bb6e6f0a736623f119e687f78d823ad5674baebd7fe"},"type":"Feature"},{"geometry":{"coordinates":[[[15.551753635586,45.608415759544],[15.557428,45.605434],[15.568022,45.602023],[15.575618,45.602385],[15.585075,45.613857],[15.588331,45.617009],[15.593602,45.620472],[15.600578,45.622952],[15.612205,45.624089],[15.620163,45.623055],[15.626364,45.621402],[15.663261,45.604865],[15.689668,45.601248],[15.69959,45.598871],[15.705731394354,45.596790316114],[15.705731394354,45.647482014388],[15.551753635586,45.647482014388],[15.551753635586,45.608415759544]]],"type":"Polygon"},"id":64,"properties":{"parentKey":"HRV:1159312531","sourceCountryId":"HRV","syntheticOperational":true,"territoryId":"territory:catalog:3f9f3e9d3074af32bee1262235627dd328a764157587c917bb67d6cb8d5f5c43"},"type":"Feature"},{"geometry":{"coordinates":[[[15.127334465195,45.215827338129],[15.28013582343,45.215827338129],[15.28013582343,45.323741007194],[15.191815856778,45.323741007194],[15.17121124474,45.323741007194],[15.142053,45.315115],[15.138797,45.3131],[15.135077,45.309379],[15.127334465195,45.29959135925],[15.127334465195,45.215827338129]]],"type":"Polygon"},"id":65,"properties":{"parentKey":"HRV:1159312525","sourceCountryId":"HRV","syntheticOperational":true,"territoryId":"territory:catalog:6cf647cf52af2a8e2e172e1e66d8a06f58ff4b184ab6dd3bab9cdd54ec8173d6"},"type":"Feature"},{"geometry":{"coordinates":[[[19.100169779287,45.215827338129],[19.252971137521,45.215827338129],[19.252971137521,45.24540002113],[19.197179,45.264923],[19.158482,45.276171],[19.104147,45.298726],[19.100169779287,45.314492466437],[19.100169779287,45.215827338129]]],"type":"Polygon"},"id":66,"properties":{"parentKey":"HRV:1159312543","sourceCountryId":"HRV","syntheticOperational":true,"territoryId":"territory:catalog:b0916de10dac0c625be9b79a40f358a14533ef92a389ab931cf7dbe3219c0d44"},"type":"Feature"},{"geometry":{"coordinates":[[[15.92444289365,43.920863309353],[15.996677740864,43.920863309353],[15.996677740864,43.946898383554],[15.960142,43.941298],[15.953166,43.939437],[15.944433,43.93551],[15.937146,43.931272],[15.92444289365,43.920863309353]]],"type":"Polygon"},"id":67,"properties":{"parentKey":"HRV:1159312439","sourceCountryId":"HRV","syntheticOperational":true,"territoryId":"territory:catalog:98a48b91acdff9acdca86fdaccdbefebaeb46a2965767fe4bd4878bfb6fb6d4f"},"type":"Feature"},{"geometry":{"coordinates":[[[15.63055,45.23574],[15.63117,45.231038],[15.633031,45.225509],[15.633806,45.217499],[15.634732357314,45.215827338129],[15.738539898132,45.215827338129],[15.738539898132,45.323741007194],[15.664564501325,45.323741007194],[15.665328,45.320025],[15.665018,45.313927],[15.664036,45.307829],[15.662486,45.302041],[15.65768,45.290052],[15.65644,45.285091],[15.656905,45.280234],[15.658455,45.276048],[15.660316,45.272276],[15.661556,45.26809],[15.659696,45.265609],[15.646518,45.257496],[15.642642,45.25052],[15.635821,45.243027],[15.63117,45.239461],[15.63055,45.23574]]],"type":"Polygon"},"id":68,"properties":{"parentKey":"HRV:1159312529","sourceCountryId":"HRV","syntheticOperational":true,"territoryId":"territory:catalog:0baa1fd23bd454845b327a939a4ecae53e3f4d9b10e6024afbea3a89ed81c034"},"type":"Feature"},{"geometry":{"coordinates":[[[15.261241,44.011054],[15.270193,44.000312],[15.29713,43.978095],[15.302745,43.966376],[15.309581,43.958441],[15.32545,43.948432],[15.343516,43.939643],[15.356781,43.93537],[15.35434,43.931464],[15.349946,43.929145],[15.357329645347,43.920863309353],[15.398671096346,43.920863309353],[15.398671096346,43.936873035266],[15.397634,43.937201],[15.391612,43.942206],[15.389415,43.947659],[15.386567,43.964423],[15.384044,43.97016],[15.378591,43.971666],[15.349946,43.976304],[15.296397,44.005601],[15.280284,44.01081],[15.261241,44.011054]]],"type":"Polygon"},"id":69,"properties":{"parentKey":"HRV:1159312443","sourceCountryId":"HRV","syntheticOperational":true,"territoryId":"territory:catalog:1c78e58fc5c6faf7b4cb7758c3a0dcd21281c0227fb1c5755b19a75eb2c80edd"},"type":"Feature"},{"geometry":{"coordinates":[[[17.653331,42.890937],[17.678722,42.879381],[17.707367,42.88703],[17.713634,42.880805],[17.701915,42.868476],[17.710948,42.856635],[17.737133552827,42.841726618705],[17.765089722675,42.841726618705],[17.765089722675,42.904232626043],[17.7236,42.916245],[17.701586,42.9195],[17.679468,42.915676],[17.665929,42.90516],[17.653331,42.890937]]],"type":"Polygon"},"id":70,"properties":{"parentKey":"HRV:1159312431","sourceCountryId":"HRV","syntheticOperational":true,"territoryId":"territory:catalog:d6556c4fb4495da4ee83c55c083b92d42db96c4e64f2890998c75912f9453362"},"type":"Feature"},{"geometry":{"coordinates":[[[16.045414072387,43.597122302158],[16.092715231788,43.597122302158],[16.092715231788,43.61921046229],[16.091711,43.618268],[16.085354,43.616821],[16.080704,43.616563],[16.075278,43.618423],[16.070162,43.618371],[16.06427,43.616046],[16.052902,43.607106],[16.048406,43.602507],[16.045414072387,43.597122302158]]],"type":"Polygon"},"id":71,"properties":{"parentKey":"HRV:1159312433","sourceCountryId":"HRV","syntheticOperational":true,"territoryId":"territory:catalog:913377540b1a902fc016c6ecd0e622057008475b151c3374b7e4edea708e4d41"},"type":"Feature"},{"geometry":{"coordinates":[[[16.241721854305,43.597122302158],[16.323165704864,43.597122302158],[16.390728476821,43.597122302158],[16.390728476821,43.705035971223],[16.326082930074,43.705035971223],[16.31795,43.702449],[16.29051,43.697695],[16.268754,43.691184],[16.260848,43.68798],[16.253716,43.683742],[16.245345,43.675836],[16.241721854305,43.673561140561],[16.241721854305,43.597122302158]]],"type":"Polygon"},"id":72,"properties":{"parentKey":"HRV:1159312433","sourceCountryId":"HRV","syntheticOperational":true,"territoryId":"territory:catalog:8b44c80237e42a3036fb9546aad8f13655767ce71dd8858d326fa81b6f559c32"},"type":"Feature"},{"geometry":{"coordinates":[[[17.923745180238,45.755395683453],[17.934544,45.741343],[17.93904,45.732351],[17.943691,45.726615],[17.948031,45.724186],[17.975988,45.72],[17.98188,45.718088],[17.988236,45.713902],[17.995057,45.70765],[18.003429,45.695816],[18.006839,45.688271],[18.008545,45.682277],[18.00994,45.674783],[18.015397775877,45.67063685883],[18.015397775877,45.755395683453],[17.938144329897,45.755395683453],[17.923745180238,45.755395683453]]],"type":"Polygon"},"id":73,"properties":{"parentKey":"HRV:1159312539","sourceCountryId":"HRV","syntheticOperational":true,"territoryId":"territory:catalog:a2d1f57bc2c698feb97c5b11071d3ff443e2448b2be356f165ed42089aa5ece0"},"type":"Feature"},{"geometry":{"coordinates":[[[18.556701030928,45.755395683453],[18.63130881095,45.755395683453],[18.711340206186,45.755395683453],[18.711340206186,45.863309352518],[18.615716085604,45.863309352518],[18.60737,45.856685],[18.585459,45.82692],[18.57347,45.816688],[18.556701030928,45.806658680705],[18.556701030928,45.755395683453]]],"type":"Polygon"},"id":74,"properties":{"parentKey":"HRV:1159312539","sourceCountryId":"HRV","syntheticOperational":true,"territoryId":"territory:catalog:3d0d069d4d98c98022bdc07ee597e209b6a2950c376f19e73fce6057c5988dce"},"type":"Feature"},{"geometry":{"coordinates":[[[15.65675,45.415213],[15.660626,45.411905],[15.669979,45.405498],[15.67246,45.40219],[15.672305,45.398211],[15.665949,45.381778],[15.665122,45.376559],[15.665949,45.373251],[15.668119,45.369841],[15.674165,45.363278],[15.677576,45.358782],[15.680521,45.353253],[15.680676,45.350565],[15.679591,45.348757],[15.663881,45.339558],[15.661866,45.335218],[15.662486,45.330463],[15.664192,45.325554],[15.664564501325,45.323741007194],[15.738539898132,45.323741007194],[15.805626598465,45.323741007194],[15.805626598465,45.396638538238],[15.794106,45.39387],[15.786355,45.393354],[15.779947,45.395059],[15.774986,45.397746],[15.766459,45.403327],[15.757467,45.408185],[15.748941,45.411234],[15.74212,45.411595],[15.731888,45.410614],[15.72703,45.411544],[15.720519,45.418417],[15.716023,45.420794],[15.702845,45.420535],[15.676491,45.425186],[15.662951,45.422292],[15.657525,45.418727],[15.65675,45.415213]]],"type":"Polygon"},"id":75,"properties":{"parentKey":"HRV:1159312529","sourceCountryId":"HRV","syntheticOperational":true,"territoryId":"territory:catalog:5db06ba03e342ca35cc1d7deba96d98df6cabcd63aa632dba7679180f41a6aff"},"type":"Feature"},{"geometry":{"coordinates":[[[18.865979381443,45.863309352518],[18.901873084027,45.863309352518],[18.90699,45.867951],[18.903993,45.875702],[18.893451,45.883867],[18.872884,45.895236],[18.881979,45.902626],[18.889834,45.907897],[18.90699,45.9157],[18.901306,45.931203],[18.886526,45.930428],[18.876604,45.922418],[18.865979381443,45.918285992371],[18.865979381443,45.863309352518]]],"type":"Polygon"},"id":76,"properties":{"parentKey":"HRV:1159312539","sourceCountryId":"HRV","syntheticOperational":true,"territoryId":"territory:catalog:1a3711a205bdcd4c8352fdde8f3090fa0a3f1c0c15a81944e6cf280ba4ec163c"},"type":"Feature"},{"geometry":{"coordinates":[[[15.498721227622,45.323741007194],[15.585738539898,45.323741007194],[15.652173913043,45.323741007194],[15.652173913043,45.431654676259],[15.498721227622,45.431654676259],[15.498721227622,45.323741007194]]],"type":"Polygon"},"id":77,"properties":{"parentKey":"HRV:1159312525","sourceCountryId":"HRV","syntheticOperational":true,"territoryId":"territory:catalog:904614fe545d7714e812a497b2075f8378a8b732cc8713f2cc93948d227671ad"},"type":"Feature"},{"geometry":{"coordinates":[[[15.959079283887,45.473653094302],[15.977816,45.472729],[15.992078,45.475312],[15.999985,45.481152],[16.007426,45.485234],[16.01523,45.486113],[16.025306,45.485648],[16.032903,45.483891],[16.037244,45.48203],[16.046545,45.475881],[16.074502,45.499652],[16.081324,45.502443],[16.093571,45.504613],[16.106128,45.503734],[16.109074,45.50451],[16.110779,45.50637],[16.108764,45.509315],[16.106904,45.511331],[16.103338,45.514483],[16.101788,45.518514],[16.101943,45.533293],[16.099462,45.538771],[16.098561988254,45.539568345324],[16.013686911891,45.539568345324],[15.959079283887,45.539568345324],[15.959079283887,45.473653094302]]],"type":"Polygon"},"id":78,"properties":{"parentKey":"HRV:1159312531","sourceCountryId":"HRV","syntheticOperational":true,"territoryId":"territory:catalog:733332bd25c2530d70f0e3f0923fb8efd03e276699beec6c26f5e377ce883201"},"type":"Feature"},{"geometry":{"coordinates":[[[15.532994923858,44.929768700509],[15.533088,44.930746],[15.534484,44.932813],[15.536964,44.934674],[15.539445,44.936224],[15.542545,44.938549],[15.552467,44.949143],[15.558565,44.950125],[15.567402,44.948781],[15.588796,44.94289],[15.610345,44.929816],[15.618303,44.928782],[15.63179,44.932968],[15.637837,44.935604],[15.65613,44.947644],[15.660316,44.948058],[15.665638,44.947128],[15.685279187817,44.937724887616],[15.685279187817,45],[15.532994923858,45],[15.532994923858,44.929768700509]]],"type":"Polygon"},"id":79,"properties":{"parentKey":"HRV:1159312525","sourceCountryId":"HRV","syntheticOperational":true,"territoryId":"territory:catalog:791c633bc0f8efd3e15d39fd080b37642032743d3fff3b699cdf97181c3ab1b0"},"type":"Feature"},{"geometry":{"coordinates":[[[15.07614213198,44.892086330935],[15.164279696714,44.892086330935],[15.228426395939,44.892086330935],[15.228426395939,45],[15.07614213198,45],[15.07614213198,44.892086330935]]],"type":"Polygon"},"id":80,"properties":{"parentKey":"HRV:1159312507","sourceCountryId":"HRV","syntheticOperational":true,"territoryId":"territory:catalog:e088c848b97b8c710651d5c9acabbf00c82a808f401659c1996bbce7f7bfb638"},"type":"Feature"},{"geometry":{"coordinates":[[[15.038363171356,45.327871460172],[15.03932,45.327725],[15.046246436042,45.323741007194],[15.127334465195,45.323741007194],[15.17121124474,45.323741007194],[15.174196,45.324624],[15.180862,45.32912],[15.183807,45.334081],[15.182877,45.342659],[15.183497,45.345708],[15.185513,45.34917],[15.190939,45.353408],[15.191815856778,45.353938783879],[15.191815856778,45.4275797508],[15.18422,45.4256],[15.139262,45.430045],[15.136579731925,45.431654676259],[15.038363171356,45.431654676259],[15.038363171356,45.327871460172]]],"type":"Polygon"},"id":81,"properties":{"parentKey":"HRV:1159312505","sourceCountryId":"HRV","syntheticOperational":true,"territoryId":"territory:catalog:8ac7c67f0ff768159d21030dc9672de934614778b1a2da91ce579a7ca0528e0f"},"type":"Feature"},{"geometry":{"coordinates":[[[16.417419884963,43.321767332215],[16.421886,43.317572],[16.500743,43.284247],[16.549264204861,43.273381294964],[16.565324568611,43.273381294964],[16.565324568611,43.380360599587],[16.53303087396,43.381242082154],[16.53109351162,43.381294964029],[16.471558120363,43.381294964029],[16.433699493081,43.381294964029],[16.439708,43.370917],[16.453461,43.353176],[16.441661,43.351223],[16.434906,43.346422],[16.434255,43.339911],[16.439789,43.332709],[16.434337,43.331732],[16.429698,43.332465],[16.426768,43.331488],[16.42628,43.325181],[16.419444,43.325181],[16.417419884963,43.326501090697],[16.417419884963,43.321767332215]]],"type":"Polygon"},"id":82,"properties":{"parentKey":"HRV:1159312433","sourceCountryId":"HRV","syntheticOperational":true,"territoryId":"territory:catalog:76038b0bf90c2f3150024d1ed7bad9fdd0cd293f253431e9726ec4bb5459735f"},"type":"Feature"},{"geometry":{"coordinates":[[[14.962216624685,44.538988105385],[14.972911,44.536119],[15.014171,44.518744],[15.011729,44.514879],[15.007335,44.504543],[15.028168,44.50316],[15.055919,44.486233],[15.075531,44.484076],[15.061697,44.500718],[15.051768,44.516181],[15.041189,44.527493],[15.003917,44.536078],[14.989106,44.546617],[14.970641584073,44.568345323741],[14.962216624685,44.568345323741],[14.962216624685,44.538988105385]]],"type":"Polygon"},"id":83,"properties":{"parentKey":"HRV:1159312507","sourceCountryId":"HRV","syntheticOperational":true,"territoryId":"territory:catalog:0fc16f5dd28e06e6089edd67aca54e6927a08c9af2331a2df93827c0388618cc"},"type":"Feature"},{"geometry":{"coordinates":[[[16.242666738726,43.381294964029],[16.244629504102,43.380696126015],[16.269515201315,43.373103521372],[16.269515201315,43.381294964029],[16.242666738726,43.381294964029]]],"type":"Polygon"},"id":84,"properties":{"parentKey":"HRV:1159312433","sourceCountryId":"HRV","syntheticOperational":true,"territoryId":"territory:catalog:0c83c806a3520d5b235cde722688732b4f1f57eaa81f700e9505963b9263d9b9"},"type":"Feature"},{"geometry":{"coordinates":[[[16.242399,46.16943],[16.246895,46.162041],[16.253716,46.153152],[16.254491,46.151912],[16.255112,46.148191],[16.255112,46.143024],[16.250926,46.129484],[16.250306,46.120648],[16.2486,46.112586],[16.253330985758,46.079136690647],[16.293103448276,46.079136690647],[16.293103448276,46.187050359712],[16.247134011558,46.187050359712],[16.242399,46.175115],[16.242399,46.16943]]],"type":"Polygon"},"id":85,"properties":{"parentKey":"HRV:1159312555","sourceCountryId":"HRV","syntheticOperational":true,"territoryId":"territory:catalog:e21718d1e402d5e21a68ddc507b593296deac8d98907d3806a24ad180b908003"},"type":"Feature"},{"geometry":{"coordinates":[[[15.645695364238,43.807771617435],[15.658458,43.80508],[15.68214,43.797187],[15.692638,43.774604],[15.706309,43.763414],[15.771007,43.759955],[15.792166,43.754462],[15.794701986755,43.752655577466],[15.794701986755,43.812949640288],[15.697674418605,43.812949640288],[15.678884,43.812949640288],[15.678884,43.811835],[15.663434635446,43.812949640288],[15.645695364238,43.812949640288],[15.645695364238,43.807771617435]]],"type":"Polygon"},"id":86,"properties":{"parentKey":"HRV:1159312439","sourceCountryId":"HRV","syntheticOperational":true,"territoryId":"territory:catalog:3ac3b6b6782e5808624bbac01c2745a6e8cd8b04985eabd7b34a86603d3bca32"},"type":"Feature"},{"geometry":{"coordinates":[[[16.008189623139,46.294964028777],[16.051948051948,46.294964028777],[16.051948051948,46.318265648507],[16.049922,46.316735],[16.038948,46.308441],[16.019208,46.298829],[16.008189623139,46.294964028777]]],"type":"Polygon"},"id":87,"properties":{"parentKey":"HRV:1159312555","sourceCountryId":"HRV","syntheticOperational":true,"territoryId":"territory:catalog:2672b9413aabe2af967e26062bc5ef66f3fa8264108daa1c3b4cac075391319e"},"type":"Feature"},{"geometry":{"coordinates":[[[18.030560271647,45.145045788106],[18.035002,45.143344],[18.090296,45.107997],[18.090545395168,45.107913669065],[18.121827411168,45.107913669065],[18.183361629881,45.107913669065],[18.183361629881,45.215827338129],[18.030560271647,45.215827338129],[18.030560271647,45.145045788106]]],"type":"Polygon"},"id":88,"properties":{"parentKey":"HRV:1159312537","sourceCountryId":"HRV","syntheticOperational":true,"territoryId":"territory:catalog:5e867a9a8aa7d2e20b6bfa4f7c112e6a55a25c73692ee25d2eb6749020124ff6"},"type":"Feature"},{"geometry":{"coordinates":[[[16.112531969309,45.323741007194],[16.196943972835,45.323741007194],[16.265984654731,45.323741007194],[16.265984654731,45.431654676259],[16.112531969309,45.431654676259],[16.112531969309,45.323741007194]]],"type":"Polygon"},"id":89,"properties":{"parentKey":"HRV:1159312529","sourceCountryId":"HRV","syntheticOperational":true,"territoryId":"territory:catalog:7c209facf046a5f301d913ee5f569f773b9738b2c5d3bb642d71e108e2abdba1"},"type":"Feature"},{"geometry":{"coordinates":[[[15.896103896104,46.227769530136],[15.937922,46.218058],[15.944123,46.215061],[15.948825,46.21103],[15.951306,46.204105],[15.952546,46.198937],[15.955337,46.19563],[15.959987,46.193666],[15.969444,46.192995],[15.983242,46.19346],[15.991458,46.19253],[16.013056941079,46.187050359712],[16.047483445141,46.187050359712],[16.051196,46.188189],[16.051948051948,46.188338135521],[16.051948051948,46.294964028777],[16.008189623139,46.294964028777],[15.998434,46.291542],[15.993668,46.290613],[15.982001,46.288339],[15.948721,46.284204],[15.918903,46.272827],[15.896103896104,46.264128083572],[15.896103896104,46.227769530136]]],"type":"Polygon"},"id":90,"properties":{"parentKey":"HRV:1159312555","sourceCountryId":"HRV","syntheticOperational":true,"territoryId":"territory:catalog:651ffc1a9d87571537bc50e20c42a5c5386f594a0e31d8acd5fe7ffbf0035f94"},"type":"Feature"},{"geometry":{"coordinates":[[[15.710413595641,45.971223021583],[15.763669,45.968306],[15.773195876289,45.969544447827],[15.773195876289,45.971223021583],[15.710413595641,45.971223021583]]],"type":"Polygon"},"id":91,"properties":{"parentKey":"HRV:1159312523","sourceCountryId":"HRV","syntheticOperational":true,"territoryId":"territory:catalog:207ef8e19c286211a39edf01e9a0487160389345b64e8e49a586dc72a5eaeaa4"},"type":"Feature"},{"geometry":{"coordinates":[[[14.731457800512,45.431654676259],[14.884910485934,45.431654676259],[14.884910485934,45.473802948991],[14.881603,45.469784],[14.838815,45.458983],[14.797164,45.465185],[14.781454,45.493142],[14.781351,45.493193],[14.781247,45.493348],[14.781144,45.493348],[14.731457800512,45.508702321013],[14.731457800512,45.431654676259]]],"type":"Polygon"},"id":92,"properties":{"parentKey":"HRV:1159312505","sourceCountryId":"HRV","syntheticOperational":true,"territoryId":"territory:catalog:81c31655c62a31d6acee8575a091633524148bb5ab64a4db4702a762c4524a75"},"type":"Feature"},{"geometry":{"coordinates":[[[15.996677740864,43.812949640288],[16.092715231788,43.812949640288],[16.146179401993,43.812949640288],[16.146179401993,43.920863309353],[15.996677740864,43.920863309353],[15.996677740864,43.812949640288]]],"type":"Polygon"},"id":93,"properties":{"parentKey":"HRV:1159312439","sourceCountryId":"HRV","syntheticOperational":true,"territoryId":"territory:catalog:b0cd86a907452e094628960913e3f0b5efbd26ff57c1c8532469ec7c13926656"},"type":"Feature"},{"geometry":{"coordinates":[[[15.467565290649,44.676258992806],[15.531264921816,44.676258992806],[15.527817,44.6889],[15.522236,44.698357],[15.516655,44.704662],[15.510299,44.708589],[15.493039,44.716806],[15.486063,44.721198],[15.476296,44.729621],[15.47273,44.737838],[15.472575,44.746881],[15.475366,44.75055],[15.482807,44.751997],[15.518361,44.751739],[15.526267,44.752669],[15.533088,44.754995],[15.538824,44.758664],[15.544871,44.761351],[15.556084,44.764916],[15.565696,44.771221],[15.594067,44.783572],[15.594804284038,44.78417266187],[15.467565290649,44.78417266187],[15.467565290649,44.676258992806]]],"type":"Polygon"},"id":94,"properties":{"parentKey":"HRV:1159312507","sourceCountryId":"HRV","syntheticOperational":true,"territoryId":"territory:catalog:76926dfc5913b36b634108c0c866becec44f20242f75a99134688b8595254580"},"type":"Feature"},{"geometry":{"coordinates":[[[18.432764875824,45.755395683453],[18.477331052181,45.755395683453],[18.556701030928,45.755395683453],[18.556701030928,45.806658680705],[18.530269,45.79085],[18.504224,45.784028],[18.481797,45.791418],[18.465467,45.783718],[18.432764875824,45.755395683453]]],"type":"Polygon"},"id":95,"properties":{"parentKey":"HRV:1159312539","sourceCountryId":"HRV","syntheticOperational":true,"territoryId":"territory:catalog:6bcb3c427aeeabce1630bb2500e1884d16873bf40aca5a7aeaa7e5b668e03e0d"},"type":"Feature"},{"geometry":{"coordinates":[[[17.783505154639,45.755395683453],[17.861420017109,45.755395683453],[17.923745180238,45.755395683453],[17.923227,45.75607],[17.91377,45.772659],[17.906432,45.791417],[17.906234,45.792141],[17.889791,45.792141],[17.88049,45.788524],[17.875735,45.780669],[17.870051,45.773486],[17.858062,45.771729],[17.857959,45.775863],[17.838218,45.799635],[17.809176,45.814414],[17.783505154639,45.819933569879],[17.783505154639,45.755395683453]]],"type":"Polygon"},"id":96,"properties":{"parentKey":"HRV:1159312547","sourceCountryId":"HRV","syntheticOperational":true,"territoryId":"territory:catalog:ca4a24fc54748b4bf8ad24fe7cc48efcd4a341722d6b5eda9129826d68a9966e"},"type":"Feature"},{"geometry":{"coordinates":[[[17.553464499572,45.561843630166],[17.586193,45.548796],[17.592394,45.547504],[17.59627,45.545644],[17.603933541555,45.539568345324],[17.647058823529,45.539568345324],[17.70744225834,45.539568345324],[17.70744225834,45.647482014388],[17.553464499572,45.647482014388],[17.553464499572,45.561843630166]]],"type":"Polygon"},"id":97,"properties":{"parentKey":"HRV:1159312547","sourceCountryId":"HRV","syntheticOperational":true,"territoryId":"territory:catalog:bf9d306d7aaa4863f169cb6b0fda0c9efee13a1c8831c7e1e4118011eaf0bc24"},"type":"Feature"},{"geometry":{"coordinates":[[[15.859709153122,45.548981135746],[15.85989,45.548951],[15.864386,45.547349],[15.867487,45.544869],[15.868727,45.541613],[15.868813378162,45.539568345324],[15.959079283887,45.539568345324],[16.013686911891,45.539568345324],[16.013686911891,45.647482014388],[15.939201675097,45.647482014388],[15.938498,45.642791],[15.921488,45.622384],[15.90397,45.630187],[15.899784,45.633649],[15.896684,45.638197],[15.894462,45.642641],[15.891568,45.64693],[15.89094235521,45.647482014388],[15.859709153122,45.647482014388],[15.859709153122,45.548981135746]]],"type":"Polygon"},"id":98,"properties":{"parentKey":"HRV:1159312531","sourceCountryId":"HRV","syntheticOperational":true,"territoryId":"territory:catalog:b8e76a4a2bce753919386eaa602c13c958c4065352d804d755868a2b0c68d6dd"},"type":"Feature"},{"geometry":{"coordinates":[[[16.241721854305,43.673561140561],[16.245345,43.675836],[16.253716,43.683742],[16.260848,43.68798],[16.268754,43.691184],[16.29051,43.697695],[16.31795,43.702449],[16.326082930074,43.705035971223],[16.241721854305,43.705035971223],[16.241721854305,43.673561140561]]],"type":"Polygon"},"id":99,"properties":{"parentKey":"HRV:1159312439","sourceCountryId":"HRV","syntheticOperational":true,"territoryId":"territory:catalog:ec6648aebf6f58569b99ea1402e208d7cf6c1ab8e4f484f59ebbbf9c1b160cc5"},"type":"Feature"},{"geometry":{"coordinates":[[[15.3,44.062507612026],[15.319509,44.045233],[15.33961,44.039374],[15.353929000638,44.028776978417],[15.398671096346,44.028776978417],[15.45,44.028776978417],[15.45,44.136690647482],[15.3,44.136690647482],[15.3,44.062507612026]]],"type":"Polygon"},"id":100,"properties":{"parentKey":"HRV:1159312443","sourceCountryId":"HRV","syntheticOperational":true,"territoryId":"territory:catalog:4945f2c0455410350ef2a434037d22dc72e0fa8a23fe43ec5b7b53f2d88a8d8b"},"type":"Feature"},{"geometry":{"coordinates":[[[17.186700767263,45.351152185518],[17.224923,45.373562],[17.237325,45.378781],[17.25071,45.38059],[17.267143,45.377024],[17.277685,45.372321],[17.290087,45.369789],[17.304246,45.370771],[17.340153452685,45.38232191379],[17.340153452685,45.431654676259],[17.186700767263,45.431654676259],[17.186700767263,45.351152185518]]],"type":"Polygon"},"id":101,"properties":{"parentKey":"HRV:1159312541","sourceCountryId":"HRV","syntheticOperational":true,"territoryId":"territory:catalog:db37e8420a5a2017f68382af407e151d0170931e7e4a71e436210922c27dddd7"},"type":"Feature"},{"geometry":{"coordinates":[[[18.414322250639,45.471959828408],[18.430638,45.472419],[18.44118,45.473659],[18.44397,45.475209],[18.44397,45.477431],[18.436839,45.483942],[18.433583,45.48787],[18.431413,45.492211],[18.431878,45.498205],[18.430793,45.501616],[18.427847,45.50451],[18.414322250639,45.510825923291],[18.414322250639,45.471959828408]]],"type":"Polygon"},"id":102,"properties":{"parentKey":"HRV:1159312541","sourceCountryId":"HRV","syntheticOperational":true,"territoryId":"territory:catalog:7d6f21f1328b4ee11c6f3b290a8eeadda610131125aa1e302314595be7efa7e9"},"type":"Feature"},{"geometry":{"coordinates":[[[19.035532994924,44.919845646198],[19.052098,44.906976],[19.06667,44.905684],[19.078659,44.910852],[19.087858,44.919326],[19.103567,44.93824],[19.113076,44.942426],[19.124548,44.94594],[19.131679,44.953175],[19.127649,44.968419],[19.118554,44.97555],[19.09809,44.970021],[19.087238,44.977101],[19.085171,44.987281],[19.088478,44.999477],[19.088684506811,45],[19.035532994924,45],[19.035532994924,44.919845646198]]],"type":"Polygon"},"id":103,"properties":{"parentKey":"HRV:1159312543","sourceCountryId":"HRV","syntheticOperational":true,"territoryId":"territory:catalog:1ab5c9c4592ad775b589f5e00f915e57153392eef914ad06dcf690aae3e60b20"},"type":"Feature"},{"geometry":{"coordinates":[[[14.974533106961,45.107913669065],[15.01965038507,45.107913669065],[15.008004,45.124068],[14.974533106961,45.147283735449],[14.974533106961,45.107913669065]]],"type":"Polygon"},"id":104,"properties":{"parentKey":"HRV:1159312505","sourceCountryId":"HRV","syntheticOperational":true,"territoryId":"territory:catalog:d325d50169d7e39cb6cd8cc47184d9b33b7770171323b91ca9a8641706039550"},"type":"Feature"},{"geometry":{"coordinates":[[[15.630407234099,43.812949640288],[15.632986,43.810452],[15.645695364238,43.807771617435],[15.645695364238,43.812949640288],[15.630407234099,43.812949640288]]],"type":"Polygon"},"id":105,"properties":{"parentKey":"HRV:1159312439","sourceCountryId":"HRV","syntheticOperational":true,"territoryId":"territory:catalog:144f54db5c2a9cf9b7b917369df3f36805e25d614af4ce070864eae3880f9b17"},"type":"Feature"},{"geometry":{"coordinates":[[[17.001638,43.0515],[17.008067,43.045315],[17.01295,43.039211],[17.018809,43.034084],[17.028168,43.030992],[17.028168,43.024156],[17.017914,43.013821],[17.027517,43.003567],[17.046153,42.995063],[17.062511,42.990058],[17.095388,42.984442],[17.100737100737,42.984435873945],[17.100737100737,43.02635475379],[17.073253,43.024156],[17.055675,43.028957],[17.023123,43.048651],[17.001638,43.0515]]],"type":"Polygon"},"id":106,"properties":{"parentKey":"HRV:1159312431","sourceCountryId":"HRV","syntheticOperational":true,"territoryId":"territory:catalog:247305fdbe0a79bdc3adf57adb91b7c323f8ab3b672b79e7423899baa7a4b6d0"},"type":"Feature"},{"geometry":{"coordinates":[[[18.015397775877,45.67063685883],[18.016606,45.669719],[18.02782,45.663983],[18.071806782377,45.647482014388],[18.169375534645,45.647482014388],[18.169375534645,45.755395683453],[18.092783505155,45.755395683453],[18.015397775877,45.755395683453],[18.015397775877,45.67063685883]]],"type":"Polygon"},"id":107,"properties":{"parentKey":"HRV:1159312539","sourceCountryId":"HRV","syntheticOperational":true,"territoryId":"territory:catalog:7e8cde42d3a9f56cacdabf1264173c852b396502bd90431c48b83071cb6839f3"},"type":"Feature"},{"geometry":{"coordinates":[[[16.051948051948,46.294964028777],[16.207792207792,46.294964028777],[16.207792207792,46.367230502075],[16.191807,46.369781],[16.177544,46.375594],[16.153567,46.391433],[16.143851,46.394714],[16.131552,46.393061],[16.123181,46.386885],[16.115533,46.379289],[16.106024,46.373734],[16.094345,46.372261],[16.088654,46.373086],[16.057965,46.377532],[16.057448,46.359652],[16.059722,46.345312],[16.059619,46.332315],[16.052384,46.318595],[16.051948051948,46.318265648507],[16.051948051948,46.294964028777]]],"type":"Polygon"},"id":108,"properties":{"parentKey":"HRV:1159312555","sourceCountryId":"HRV","syntheticOperational":true,"territoryId":"territory:catalog:0a31aecaedf291cf34ba764cbd782f6ff9293d833dfe9e0cefc79e935cb62ff2"},"type":"Feature"},{"geometry":{"coordinates":[[[16.323165704864,43.482689475423],[16.333344,43.481391],[16.370779,43.48432],[16.374513048077,43.489208633094],[16.323165704864,43.489208633094],[16.323165704864,43.482689475423]]],"type":"Polygon"},"id":109,"properties":{"parentKey":"HRV:1159312433","sourceCountryId":"HRV","syntheticOperational":true,"territoryId":"territory:catalog:fa153ecbba7087b31fd26315bb5c2fb27da8408a2595bd6927be7a2dfd41e78e"},"type":"Feature"},{"geometry":{"coordinates":[[[17.033248081841,45.431654676259],[17.186700767263,45.431654676259],[17.186700767263,45.527350239491],[17.185029,45.528281],[17.180378,45.528332],[17.173712,45.524198],[17.169061,45.520013],[17.159759,45.516343],[17.146737,45.514173],[17.123431,45.51345],[17.108548,45.511641],[17.082503,45.505802],[17.070721,45.504406],[17.057802,45.507455],[17.044314,45.506577],[17.037338,45.505336],[17.033248081841,45.50381716751],[17.033248081841,45.431654676259]]],"type":"Polygon"},"id":110,"properties":{"parentKey":"HRV:1159312541","sourceCountryId":"HRV","syntheticOperational":true,"territoryId":"territory:catalog:e7203a0d67f56376984763cf19524a2580c28f78038b80127370a92bb2ffad66"},"type":"Feature"},{"geometry":{"coordinates":[[[16.293103448276,46.013142105858],[16.293765,46.012799],[16.300432,46.012592],[16.311904,46.013626],[16.328492,46.020085],[16.35924,46.024633],[16.352728,46.042358],[16.355364,46.078686],[16.355266970887,46.079136690647],[16.293103448276,46.079136690647],[16.293103448276,46.013142105858]]],"type":"Polygon"},"id":111,"properties":{"parentKey":"HRV:1159312555","sourceCountryId":"HRV","syntheticOperational":true,"territoryId":"territory:catalog:57c4080be3c9f50338b8c93cc57efe557d6c5ffc893a5ffb7c2ff52dbc78a38c"},"type":"Feature"},{"geometry":{"coordinates":[[[18.469677713983,45.215827338129],[18.486655,45.211608],[18.48896434635,45.210777285666],[18.48896434635,45.215827338129],[18.469677713983,45.215827338129]]],"type":"Polygon"},"id":112,"properties":{"parentKey":"HRV:1159312539","sourceCountryId":"HRV","syntheticOperational":true,"territoryId":"territory:catalog:5679fac988b080938098e3634c5bd322ceef97b933fdb6ffa757aa6f24febbdb"},"type":"Feature"},{"geometry":{"coordinates":[[[18.48896434635,45.107913669065],[18.516831193477,45.107913669065],[18.511615,45.113732],[18.504018,45.128925],[18.502313,45.139261],[18.502468,45.147477],[18.503398,45.155487],[18.505258,45.161688],[18.508049,45.167476],[18.51239,45.173109],[18.536936,45.193521],[18.48896434635,45.210777285666],[18.48896434635,45.107913669065]]],"type":"Polygon"},"id":113,"properties":{"parentKey":"HRV:1159312537","sourceCountryId":"HRV","syntheticOperational":true,"territoryId":"territory:catalog:12a3193e5cc922c8fae98edf571c376fb509af7c6b2e22cedf6a8131966490f9"},"type":"Feature"},{"geometry":{"coordinates":[[[15.364016736402,44.406199558156],[15.385966,44.392329],[15.4009,44.380134],[15.405241,44.377447],[15.410977,44.375431],[15.417798,44.374191],[15.494124,44.368765],[15.501928,44.367421],[15.51278,44.359567],[15.514644351464,44.357932039743],[15.514644351464,44.460431654676],[15.415617128463,44.460431654676],[15.364016736402,44.460431654676],[15.364016736402,44.406199558156]]],"type":"Polygon"},"id":114,"properties":{"parentKey":"HRV:1159312507","sourceCountryId":"HRV","syntheticOperational":true,"territoryId":"territory:catalog:ad14e135dd1ceb65038ec36e065063c6c77e43358208d4fb769a45e0fff7d40a"},"type":"Feature"},{"geometry":{"coordinates":[[[14.668930390492,45.215827338129],[14.821731748727,45.215827338129],[14.821731748727,45.323741007194],[14.731457800512,45.323741007194],[14.668930390492,45.323741007194],[14.668930390492,45.215827338129]]],"type":"Polygon"},"id":115,"properties":{"parentKey":"HRV:1159312505","sourceCountryId":"HRV","syntheticOperational":true,"territoryId":"territory:catalog:a80e97901f58cb847acaa5b946bbf15e3355ad1d46963c8924de2d4fd1a78400"},"type":"Feature"},{"geometry":{"coordinates":[[[16.253465196966,46.402877697842],[16.257023,46.399908],[16.274076,46.392105],[16.278727,46.387351],[16.279936,46.378661],[16.281622,46.3781],[16.298106,46.370193],[16.31826,46.368695],[16.324926,46.365542],[16.330197,46.361822],[16.340946,46.351951],[16.342806,46.348902],[16.34322,46.346887],[16.343737,46.343528],[16.344822,46.338981],[16.346837,46.334175],[16.351643,46.32632],[16.355829,46.322754],[16.358774,46.320635],[16.361255,46.319964],[16.363636363636,46.319610611045],[16.363636363636,46.402877697842],[16.264118158123,46.402877697842],[16.253465196966,46.402877697842]]],"type":"Polygon"},"id":116,"properties":{"parentKey":"HRV:1159312553","sourceCountryId":"HRV","syntheticOperational":true,"territoryId":"territory:catalog:2f092dc79846f3e7053814fe5d5d9b5077025b229ed36e0edf05cdf61949df8f"},"type":"Feature"},{"geometry":{"coordinates":[[[16.082474226804,45.954990167466],[16.091091,45.958229],[16.109849,45.962001],[16.121683,45.969391],[16.136256,45.970373],[16.139435302892,45.971223021583],[16.137931034483,45.971223021583],[16.082474226804,45.971223021583],[16.082474226804,45.954990167466]]],"type":"Polygon"},"id":117,"properties":{"parentKey":"HRV:1159312523","sourceCountryId":"HRV","syntheticOperational":true,"territoryId":"territory:catalog:ee401c35b3d98b73ab3fc9f4274a58b47eb0daff21914878c8c48c858bebb8fb"},"type":"Feature"},{"geometry":{"coordinates":[[[16.565324568611,43.165467625899],[16.658476658477,43.165467625899],[16.71322925226,43.165467625899],[16.71322925226,43.168709900542],[16.705821,43.170803],[16.68629,43.18183],[16.689464,43.182807],[16.692231,43.182807],[16.693614,43.184027],[16.693126,43.188666],[16.680675,43.19477],[16.672537,43.20303],[16.66627,43.210842],[16.659516,43.215969],[16.646007,43.219916],[16.616384,43.223538],[16.60377,43.223456],[16.596934,43.221747],[16.587087,43.216254],[16.583263,43.215969],[16.565324568611,43.2273585219],[16.565324568611,43.202520000661],[16.583263,43.188666],[16.565324568611,43.188202353526],[16.565324568611,43.165467625899]]],"type":"Polygon"},"id":118,"properties":{"parentKey":"HRV:1159312433","sourceCountryId":"HRV","syntheticOperational":true,"territoryId":"territory:catalog:5a1d3c67f5bc321cab9fdb42b6b850ee8dde93d98d3a0c2174c4112b3f417c9a"},"type":"Feature"},{"geometry":{"coordinates":[[[14.731457800512,45.323741007194],[14.821731748727,45.323741007194],[14.884910485934,45.323741007194],[14.884910485934,45.431654676259],[14.731457800512,45.431654676259],[14.731457800512,45.323741007194]]],"type":"Polygon"},"id":119,"properties":{"parentKey":"HRV:1159312505","sourceCountryId":"HRV","syntheticOperational":true,"territoryId":"territory:catalog:a2f08fa44f5a865ba4672fed998e0dbe4a5d19c46ae5a3f992cf173d2774dcac"},"type":"Feature"},{"geometry":{"coordinates":[[[17.068965517241,46.079136690647],[17.224137931034,46.079136690647],[17.224137931034,46.102447034713],[17.208593,46.116566],[17.197327,46.121165],[17.116195,46.123129],[17.101209,46.128193],[17.068965517241,46.145074299659],[17.068965517241,46.079136690647]]],"type":"Polygon"},"id":120,"properties":{"parentKey":"HRV:1159312551","sourceCountryId":"HRV","syntheticOperational":true,"territoryId":"territory:catalog:bdb4d2366dde2fa5b1e314dc7b6c85cb10ef96608d2f23abd63e6cf4ec1aebe8"},"type":"Feature"},{"geometry":{"coordinates":[[[15.927835051546,45.929191659626],[15.939472,45.933837],[15.935286,45.940969],[15.927835051546,45.950373882277],[15.927835051546,45.929191659626]]],"type":"Polygon"},"id":121,"properties":{"parentKey":"HRV:1159312531","sourceCountryId":"HRV","syntheticOperational":true,"territoryId":"territory:catalog:b3924faa16c66b4d3b8ed0edf1d0fa352e17a3c949a4fe9b0229ff1f3cb24486"},"type":"Feature"},{"geometry":{"coordinates":[[[13.78712,44.875067],[13.799327,44.864569],[13.79949452401,44.864487322187],[13.79949452401,44.876192415406],[13.794607,44.881293],[13.78712,44.875067]]],"type":"Polygon"},"id":122,"properties":{"parentKey":"HRV:1159312535","sourceCountryId":"HRV","syntheticOperational":true,"territoryId":"territory:catalog:12cb1cc62c7ee0baf1141624657410f676fcfbe363c43eccace95ff10a55dc44"},"type":"Feature"},{"geometry":{"coordinates":[[[17.156943303205,43.273381294964],[17.304847986853,43.273381294964],[17.304847986853,43.286852662219],[17.289931,43.30343],[17.267607,43.353324],[17.273866623012,43.381294964029],[17.213520197857,43.381294964029],[17.156943303205,43.381294964029],[17.156943303205,43.273381294964]]],"type":"Polygon"},"id":123,"properties":{"parentKey":"HRV:1159312433","sourceCountryId":"HRV","syntheticOperational":true,"territoryId":"territory:catalog:3957628fb85be5cb6f72b2b3b8549f875505c00882a6e6d733e429ff4af73267"},"type":"Feature"},{"geometry":{"coordinates":[[[18.343558224361,45.755395683453],[18.370280724366,45.755395683453],[18.367178,45.75819],[18.351158,45.758397],[18.343558224361,45.755395683453]]],"type":"Polygon"},"id":124,"properties":{"parentKey":"HRV:1159312539","sourceCountryId":"HRV","syntheticOperational":true,"territoryId":"territory:catalog:ecea8f9feff4b1cdd745ac8eb9d680c169493c3f4fd0250a043ca57b9d307384"},"type":"Feature"},{"geometry":{"coordinates":[[[14.974533106961,45.147283735449],[15.008004,45.124068],[15.108876035828,45.107913669065],[15.127334465195,45.107913669065],[15.127334465195,45.215827338129],[14.982259916611,45.215827338129],[14.981287,45.16944],[14.979427,45.164892],[14.976172,45.161998],[14.974533106961,45.160960016792],[14.974533106961,45.147283735449]]],"type":"Polygon"},"id":125,"properties":{"parentKey":"HRV:1159312525","sourceCountryId":"HRV","syntheticOperational":true,"territoryId":"territory:catalog:7d2b70a97eac7405f5dab483aac8b1965d51fd084195ca93679e73b2d2790345"},"type":"Feature"},{"geometry":{"coordinates":[[[16.918224237151,43.381294964029],[16.93393,43.373603],[17.009038619556,43.302385382807],[17.009038619556,43.381294964029],[16.918224237151,43.381294964029]]],"type":"Polygon"},"id":126,"properties":{"parentKey":"HRV:1159312433","sourceCountryId":"HRV","syntheticOperational":true,"territoryId":"territory:catalog:109ecdbde4a1fab8306c032a1d1f688984b02b2271aa512536f91da4ed9930ac"},"type":"Feature"},{"geometry":{"coordinates":[[[14.819835,44.153022],[14.835216,44.141669],[14.85613,44.136868],[14.869151,44.14053],[14.86378,44.148139],[14.85727,44.152045],[14.850434,44.152248],[14.842784,44.148261],[14.83546,44.151028],[14.827403,44.157904],[14.822439,44.168687],[14.819835,44.153022]]],"type":"Polygon"},"id":127,"properties":{"parentKey":"HRV:1159312443","sourceCountryId":"HRV","syntheticOperational":true,"territoryId":"territory:catalog:260c3bb787a9b7f3e32f0d3aaf1878bbdf3539e7be33eee0e7c23adb8ac203b4"},"type":"Feature"},{"geometry":{"coordinates":[[[17.911908646003,42.748013317469],[17.949501567147,42.73381294964],[18,42.73381294964],[18.009264538843,42.73381294964],[17.995315,42.740441],[17.971853,42.754962],[17.928859,42.7908],[17.911908646003,42.800352294443],[17.911908646003,42.748013317469]]],"type":"Polygon"},"id":128,"properties":{"parentKey":"HRV:1159312431","sourceCountryId":"HRV","syntheticOperational":true,"territoryId":"territory:catalog:eabeea81b4b7698b3b86196a6bf8b37a39ed5e9fab269e0eeb09735a554c190f"},"type":"Feature"},{"geometry":{"coordinates":[[[16.448275862069,45.999298437465],[16.459802,45.987478],[16.467863,45.98076],[16.470034,45.978641],[16.471584,45.976419],[16.471894,45.974197],[16.471119,45.971871],[16.470821498061,45.971223021583],[16.502928054301,45.971223021583],[16.50476,45.973525],[16.507551,45.975954],[16.510238,45.977607],[16.514114,45.977659],[16.51985,45.975489],[16.525745662404,45.971223021583],[16.546391752577,45.971223021583],[16.603448275862,45.971223021583],[16.603448275862,46.079136690647],[16.448275862069,46.079136690647],[16.448275862069,45.999298437465]]],"type":"Polygon"},"id":129,"properties":{"parentKey":"HRV:1159312551","sourceCountryId":"HRV","syntheticOperational":true,"territoryId":"territory:catalog:5aecd5acf90f7025d747d7c22b5c3b1efcd59cd510019157237bd85f5fe3263b"},"type":"Feature"},{"geometry":{"coordinates":[[[15.772505,43.93489],[15.774521,43.931582],[15.786045,43.922746],[15.787595,43.92104],[15.78760762076,43.920863309353],[15.847176079734,43.920863309353],[15.847176079734,43.936893314808],[15.838651,43.939127],[15.826197,43.939541],[15.805888,43.937008],[15.800307,43.938042],[15.786355,43.943675],[15.781704,43.943881],[15.778293,43.942641],[15.77297,43.93737],[15.772505,43.93489]]],"type":"Polygon"},"id":130,"properties":{"parentKey":"HRV:1159312439","sourceCountryId":"HRV","syntheticOperational":true,"territoryId":"territory:catalog:bbf92b557d4a2157c1ae0fc8479b70700fa4d58fdee5621a7078b80bec317b47"},"type":"Feature"},{"geometry":{"coordinates":[[[17.051336315492,43.273381294964],[17.054454,43.261217],[17.056326,43.256985],[17.066661,43.244859],[17.073497,43.238959],[17.080089,43.236518],[17.09018,43.235175],[17.100271,43.231676],[17.107758,43.226386],[17.113943,43.213202],[17.121349,43.208808],[17.138031,43.202338],[17.156943303205,43.191044475435],[17.156943303205,43.273381294964],[17.051336315492,43.273381294964]]],"type":"Polygon"},"id":131,"properties":{"parentKey":"HRV:1159312433","sourceCountryId":"HRV","syntheticOperational":true,"territoryId":"territory:catalog:89ba9557f007b21d12ba346faed563c7c288ffed817d7ec96b533957367df1f9"},"type":"Feature"},{"geometry":{"coordinates":[[[16.675324675325,46.294964028777],[16.759303940052,46.294964028777],[16.758647,46.295262],[16.745159,46.305701],[16.720458,46.311385],[16.675324675325,46.313152205989],[16.675324675325,46.294964028777]]],"type":"Polygon"},"id":132,"properties":{"parentKey":"HRV:1159312555","sourceCountryId":"HRV","syntheticOperational":true,"territoryId":"territory:catalog:7f54552175d40f4333d9114a5e7503722b48f9092323b1df3e1a6c70f927a3ba"},"type":"Feature"},{"geometry":{"coordinates":[[[18.015397775877,45.647482014388],[18.071806782377,45.647482014388],[18.02782,45.663983],[18.016606,45.669719],[18.015397775877,45.67063685883],[18.015397775877,45.647482014388]]],"type":"Polygon"},"id":133,"properties":{"parentKey":"HRV:1159312547","sourceCountryId":"HRV","syntheticOperational":true,"territoryId":"territory:catalog:96299f18ab7c60184a6c110838ad9eecf7ac5416631b7d6d3fe8dcefd718b409"},"type":"Feature"},{"geometry":{"coordinates":[[[15.213389121339,44.345448141642],[15.235118,44.336249],[15.254405,44.340033],[15.241384,44.35106],[15.239121904955,44.352517985612],[15.213389121339,44.352517985612],[15.213389121339,44.345448141642]]],"type":"Polygon"},"id":134,"properties":{"parentKey":"HRV:1159312507","sourceCountryId":"HRV","syntheticOperational":true,"territoryId":"territory:catalog:c38b70cf1f3cca873763ef04751bf1f48fff91db48c1ea77c7c1c029bf23523b"},"type":"Feature"},{"geometry":{"coordinates":[[[17.41935483871,45.215827338129],[17.572156196944,45.215827338129],[17.572156196944,45.279094701948],[17.550795,45.288812],[17.532346,45.299458],[17.504233458428,45.323741007194],[17.493606138107,45.323741007194],[17.41935483871,45.323741007194],[17.41935483871,45.215827338129]]],"type":"Polygon"},"id":135,"properties":{"parentKey":"HRV:1159312537","sourceCountryId":"HRV","syntheticOperational":true,"territoryId":"territory:catalog:01896aa7f49e233a446083e5c343b0ab25e3976d2a2b6ae9cebec38d63f4ea0f"},"type":"Feature"},{"geometry":{"coordinates":[[[14.97059,45.273516],[14.970901,45.268297],[14.974533106961,45.261516754624],[14.974533106961,45.278325273836],[14.972916,45.277443],[14.97059,45.273516]]],"type":"Polygon"},"id":136,"properties":{"parentKey":"HRV:1159312525","sourceCountryId":"HRV","syntheticOperational":true,"territoryId":"territory:catalog:3e72cab926d654a96b118274df95b32d3abf3c7c4806469b71934898d0780f02"},"type":"Feature"},{"geometry":{"coordinates":[[[14.357682619647,44.64525606266],[14.375987,44.623033],[14.382579,44.603258],[14.364757,44.587226],[14.368663,44.582017],[14.369884,44.57982],[14.369884,44.579657],[14.363048,44.579657],[14.363048,44.573432],[14.374685,44.567572],[14.386567,44.565619],[14.396983,44.569159],[14.404063,44.579657],[14.422618,44.573879],[14.437999,44.564643],[14.466075,44.538642],[14.459239,44.541164],[14.438162,44.545478],[14.438162,44.538642],[14.451915,44.531887],[14.485037,44.500637],[14.511974,44.482245],[14.534353,44.484076],[14.526622,44.50373],[14.445567,44.565985],[14.410004,44.600979],[14.404063,44.610338],[14.399587,44.637519],[14.395193,44.653388],[14.390391,44.662177],[14.394645579983,44.676258992806],[14.357682619647,44.676258992806],[14.357682619647,44.64525606266]]],"type":"Polygon"},"id":137,"properties":{"parentKey":"HRV:1159312505","sourceCountryId":"HRV","syntheticOperational":true,"territoryId":"territory:catalog:d6298458edaf2e667b383f5c3a021167f59f5ed1f967c0a582a158bb32d38f0a"},"type":"Feature"},{"geometry":{"coordinates":[[[15.511384,45.638558],[15.511694,45.636078],[15.51371,45.632357],[15.531073,45.619283],[15.551753635586,45.608415759544],[15.551753635586,45.647482014388],[15.51268280487,45.647482014388],[15.51309,45.647292],[15.5134,45.644966],[15.512159,45.641814],[15.511384,45.638558]]],"type":"Polygon"},"id":138,"properties":{"parentKey":"HRV:1159312531","sourceCountryId":"HRV","syntheticOperational":true,"territoryId":"territory:catalog:7d98f9ee8c9ac8fe7527a80adf132111286438c275b4dfe261c6f1aecb90e0f3"},"type":"Feature"},{"geometry":{"coordinates":[[[16.211436,43.490058],[16.212986820558,43.489208633094],[16.323165704864,43.489208633094],[16.323165704864,43.50440212076],[16.310313,43.507758],[16.264415,43.512885],[16.248057,43.508287],[16.252208,43.499945],[16.2435,43.49494],[16.229991,43.496161],[16.223318,43.497382],[16.218923,43.497748],[16.211762,43.495551],[16.211436,43.490058]]],"type":"Polygon"},"id":139,"properties":{"parentKey":"HRV:1159312433","sourceCountryId":"HRV","syntheticOperational":true,"territoryId":"territory:catalog:d4cd2c2d7a448876926747fcdbae263c5ff87dd146ed03bd5b1edc184feac29c"},"type":"Feature"},{"geometry":{"coordinates":[[[15.467565290649,44.78417266187],[15.594804284038,44.78417266187],[15.596857,44.785845],[15.599493,44.789359],[15.601973,44.796697],[15.600888,44.801297],[15.597012,44.803829],[15.580889,44.806464],[15.574688,44.808583],[15.563216,44.815146],[15.547196,44.820469],[15.531228,44.828789],[15.525492,44.833284],[15.524872,44.836385],[15.527197,44.83902],[15.547041,44.849511],[15.559495,44.859071],[15.566781,44.878553],[15.544115944223,44.892086330935],[15.532994923858,44.892086330935],[15.467565290649,44.892086330935],[15.467565290649,44.78417266187]]],"type":"Polygon"},"id":140,"properties":{"parentKey":"HRV:1159312507","sourceCountryId":"HRV","syntheticOperational":true,"territoryId":"territory:catalog:6385e11d11ece39833295e2289ca53646bdc5f78a318848a1c74347634b30e61"},"type":"Feature"},{"geometry":{"coordinates":[[[15.016584178736,44.568345323741],[15.047862,44.55036],[15.052013,44.545478],[15.080089,44.536078],[15.108084,44.513861],[15.113350125945,44.508572107559],[15.113350125945,44.568345323741],[15.016584178736,44.568345323741]]],"type":"Polygon"},"id":141,"properties":{"parentKey":"HRV:1159312507","sourceCountryId":"HRV","syntheticOperational":true,"territoryId":"territory:catalog:3fba8b0e0d971d37e07ac555dc2351107c9ec16cc27f59d7b4c5e4762c0ca611"},"type":"Feature"},{"geometry":{"coordinates":[[[15.951593223496,45.215827338129],[15.974559,45.215381],[15.977808120676,45.215827338129],[15.951593223496,45.215827338129]]],"type":"Polygon"},"id":142,"properties":{"parentKey":"HRV:1159312529","sourceCountryId":"HRV","syntheticOperational":true,"territoryId":"territory:catalog:054825d877c192af21d2784aaeb4ea2bf7a0df92573c2e0451a0721af6c83f1f"},"type":"Feature"},{"geometry":{"coordinates":[[[18.633021400349,45.323741007194],[18.641765704584,45.323741007194],[18.721227621483,45.323741007194],[18.721227621483,45.415891112508],[18.714135,45.416143],[18.695014,45.407616],[18.67145,45.399916],[18.661373,45.395576],[18.655017,45.391648],[18.653621,45.388496],[18.652846,45.384775],[18.650366,45.361107],[18.648816,45.356302],[18.64649,45.353098],[18.639617,45.349429],[18.637137,45.347413],[18.635276,45.344933],[18.634346,45.341522],[18.634036,45.337595],[18.634346,45.33284],[18.634191,45.327673],[18.633021400349,45.323741007194]]],"type":"Polygon"},"id":143,"properties":{"parentKey":"HRV:1159312543","sourceCountryId":"HRV","syntheticOperational":true,"territoryId":"territory:catalog:39c8c7ebf68d5f3ef08d99980721277d8b3e296bc80678cec1314e64974a45bb"},"type":"Feature"},{"geometry":{"coordinates":[[[14.425059,45.087348],[14.438731,45.070502],[14.460134,45.052395],[14.467005076142,45.048482833451],[14.467005076142,45.107913669065],[14.466300416155,45.107913669065],[14.466482,45.105292],[14.462657,45.10102],[14.451182,45.10102],[14.44158,45.099799],[14.433116,45.095852],[14.425059,45.087348]]],"type":"Polygon"},"id":144,"properties":{"parentKey":"HRV:1159312505","sourceCountryId":"HRV","syntheticOperational":true,"territoryId":"territory:catalog:a8c35e443e2dee37318d7c0f4917bb215f3c83dcd6c2781aca996bbaa5a2bc44"},"type":"Feature"},{"geometry":{"coordinates":[[[14.610878661088,44.331268649341],[14.640798,44.311835],[14.6574,44.305243],[14.661388,44.308661],[14.643565,44.325751],[14.613455,44.340806],[14.610878661088,44.341689480291],[14.610878661088,44.331268649341]]],"type":"Polygon"},"id":145,"properties":{"parentKey":"HRV:1159312443","sourceCountryId":"HRV","syntheticOperational":true,"territoryId":"territory:catalog:5a30d18533e516b9ff7725ed8f2085c85e40e978ad17f91e69b54f8402bc23b3"},"type":"Feature"},{"geometry":{"coordinates":[[[18.260869565217,45.323741007194],[18.336162988115,45.323741007194],[18.414322250639,45.323741007194],[18.414322250639,45.431654676259],[18.260869565217,45.431654676259],[18.260869565217,45.323741007194]]],"type":"Polygon"},"id":146,"properties":{"parentKey":"HRV:1159312539","sourceCountryId":"HRV","syntheticOperational":true,"territoryId":"territory:catalog:c5f8301db3a648257771c1dadaed202fad5eeded84927214c5da8b495268f211"},"type":"Feature"},{"geometry":{"coordinates":[[[15.551753635586,45.539568345324],[15.652173913043,45.539568345324],[15.705731394354,45.539568345324],[15.705731394354,45.596790316114],[15.69959,45.598871],[15.689668,45.601248],[15.663261,45.604865],[15.626364,45.621402],[15.620163,45.623055],[15.612205,45.624089],[15.600578,45.622952],[15.593602,45.620472],[15.588331,45.617009],[15.585075,45.613857],[15.575618,45.602385],[15.568022,45.602023],[15.557428,45.605434],[15.551753635586,45.608415759544],[15.551753635586,45.539568345324]]],"type":"Polygon"},"id":147,"properties":{"parentKey":"HRV:1159312525","sourceCountryId":"HRV","syntheticOperational":true,"territoryId":"territory:catalog:cf70bd44dc511af8ffdd903f4ac725786e11ab39b6c7cb05a2847e279c918781"},"type":"Feature"},{"geometry":{"coordinates":[[[14.271099744246,45.323741007194],[14.293644930288,45.323741007194],[14.311534,45.34398],[14.329763,45.35399],[14.345876,45.35163],[14.363617,45.344631],[14.402354,45.338609],[14.424552429668,45.330633328247],[14.424552429668,45.431654676259],[14.271099744246,45.431654676259],[14.271099744246,45.323741007194]]],"type":"Polygon"},"id":148,"properties":{"parentKey":"HRV:1159312505","sourceCountryId":"HRV","syntheticOperational":true,"territoryId":"territory:catalog:83d4e9d4662586a760526d0eef2756a51d4b33193d47a074edb6dfc71854d8be"},"type":"Feature"},{"geometry":{"coordinates":[[[15.012636899747,44.78417266187],[15.164279696714,44.78417266187],[15.164279696714,44.892086330935],[15.07614213198,44.892086330935],[15.012636899747,44.892086330935],[15.012636899747,44.78417266187]]],"type":"Polygon"},"id":149,"properties":{"parentKey":"HRV:1159312507","sourceCountryId":"HRV","syntheticOperational":true,"territoryId":"territory:catalog:edc31d42c75285998961792b192fc30c87a1bde7bba6c1816eb7ba4ab4a6a76e"},"type":"Feature"},{"geometry":{"coordinates":[[[16.390728476821,43.597122302158],[16.471558120363,43.597122302158],[16.539735099338,43.597122302158],[16.539735099338,43.705035971223],[16.390728476821,43.705035971223],[16.390728476821,43.597122302158]]],"type":"Polygon"},"id":150,"properties":{"parentKey":"HRV:1159312433","sourceCountryId":"HRV","syntheticOperational":true,"territoryId":"territory:catalog:d2e655639e41143ca54c00c838dac0a8637c57a8d31d7d39ca0c4b4e852b290f"},"type":"Feature"},{"geometry":{"coordinates":[[[15.28013582343,45.215827338129],[15.432937181664,45.215827338129],[15.432937181664,45.323741007194],[15.3452685422,45.323741007194],[15.28013582343,45.323741007194],[15.28013582343,45.215827338129]]],"type":"Polygon"},"id":151,"properties":{"parentKey":"HRV:1159312525","sourceCountryId":"HRV","syntheticOperational":true,"territoryId":"territory:catalog:fd136f9866335a2cbeec528dee266cce49b851df88fabd20b18f5398243c077b"},"type":"Feature"},{"geometry":{"coordinates":[[[16.619950535862,43.489208633094],[16.76834295136,43.489208633094],[16.76834295136,43.597122302158],[16.688741721854,43.597122302158],[16.619950535862,43.597122302158],[16.619950535862,43.489208633094]]],"type":"Polygon"},"id":152,"properties":{"parentKey":"HRV:1159312433","sourceCountryId":"HRV","syntheticOperational":true,"territoryId":"territory:catalog:71ce31e0d08494f71ab94b4f7dc6a2e274534243d9ae504ac6a9a710d960f3d3"},"type":"Feature"},{"geometry":{"coordinates":[[[18.961951154765,45.431654676259],[19.01806536027,45.431654676259],[19.016433,45.433558],[19.002282,45.443686],[18.986779,45.435315],[18.961951154765,45.431654676259]]],"type":"Polygon"},"id":153,"properties":{"parentKey":"HRV:1159312543","sourceCountryId":"HRV","syntheticOperational":true,"territoryId":"territory:catalog:bc87af01cb779802bdb8e7cdd7b018ecc10f442284aa11a781cb9d36c3b3d478"},"type":"Feature"},{"geometry":{"coordinates":[[[14.467005076142,44.945371918385],[14.471039,44.953925],[14.473481,44.971422],[14.467005076142,44.982166822086],[14.467005076142,44.945371918385]]],"type":"Polygon"},"id":154,"properties":{"parentKey":"HRV:1159312505","sourceCountryId":"HRV","syntheticOperational":true,"territoryId":"territory:catalog:a0f358061d95e4cc11fae73e31ced9b37aca0e339683cb4196801417b161cd15"},"type":"Feature"},{"geometry":{"coordinates":[[[18.947368421053,45.215827338129],[19.100169779287,45.215827338129],[19.100169779287,45.314492466437],[19.098813,45.319871],[19.097731908261,45.323741007194],[19.028132992327,45.323741007194],[18.947368421053,45.323741007194],[18.947368421053,45.215827338129]]],"type":"Polygon"},"id":155,"properties":{"parentKey":"HRV:1159312543","sourceCountryId":"HRV","syntheticOperational":true,"territoryId":"territory:catalog:7c653392e33700d72071270f94604aee5c96f1770bb72d62bece036539b1c09d"},"type":"Feature"},{"geometry":{"coordinates":[[[16.363636363636,46.319610611045],[16.483831,46.301774],[16.516129,46.301464],[16.519480519481,46.302201570563],[16.519480519481,46.402877697842],[16.420503909644,46.402877697842],[16.363636363636,46.402877697842],[16.363636363636,46.319610611045]]],"type":"Polygon"},"id":156,"properties":{"parentKey":"HRV:1159312553","sourceCountryId":"HRV","syntheticOperational":true,"territoryId":"territory:catalog:cdbe8f42ffe4e90aa11bab31edffd74dffaee8b6a7d98183c79d6c983c294399"},"type":"Feature"},{"geometry":{"coordinates":[[[15.468539665945,43.920863309353],[15.473643,43.919135],[15.482432,43.917141],[15.497732,43.915513],[15.512218,43.911078],[15.524913,43.900458],[15.545177,43.877631],[15.546886,43.876573],[15.54689098969,43.876569870269],[15.547041,43.87665],[15.548172757475,43.877455137228],[15.548172757475,43.920863309353],[15.468539665945,43.920863309353]]],"type":"Polygon"},"id":157,"properties":{"parentKey":"HRV:1159312443","sourceCountryId":"HRV","syntheticOperational":true,"territoryId":"territory:catalog:37a9b87445551d10bb0d760de4ee49f3d5de092b168a6b31ab0887b9f9b09ae8"},"type":"Feature"},{"geometry":{"coordinates":[[[15.996677740864,43.946898383554],[15.996884,43.94693],[16.001535,43.949669],[16.001742,43.952821],[15.999675,43.960676],[15.99952,43.963828],[16.000605,43.967291],[16.002672,43.970443],[16.005463,43.97313],[16.008408,43.974887],[16.011664,43.975817],[16.021896,43.977161],[16.026082,43.978298],[16.028097,43.979486],[16.029647,43.982019],[16.030112,43.985222],[16.028872,43.988375],[16.024841,43.994214],[16.023601,43.996901],[16.023291,43.999072],[16.023291,43.999899],[16.023446,44.000725],[16.023911,44.002017],[16.025306,44.004653],[16.029492,44.010234],[16.032748,44.012714],[16.039724,44.014213],[16.06427,44.013955],[16.083959,44.010957],[16.088145,44.010699],[16.092331,44.011267],[16.097757,44.013024],[16.104733,44.015918],[16.123494710786,44.028776978417],[16.05,44.028776978417],[15.996677740864,44.028776978417],[15.996677740864,43.946898383554]]],"type":"Polygon"},"id":158,"properties":{"parentKey":"HRV:1159312443","sourceCountryId":"HRV","syntheticOperational":true,"territoryId":"territory:catalog:83daf9cf843a25070d31df6ba1d5311b5ad54a87c86634ebb8165db024d6f7e1"},"type":"Feature"},{"geometry":{"coordinates":[[[15.770025,45.710182],[15.770335,45.705531],[15.77204,45.70212],[15.773125,45.700363],[15.777363,45.696591],[15.784804,45.691372],[15.81271,45.676902],[15.859709153122,45.661994033827],[15.859709153122,45.755395683453],[15.833562316547,45.755395683453],[15.833691,45.755267],[15.813241,45.724592],[15.782427,45.738087],[15.774211,45.725736],[15.7708,45.715815],[15.770025,45.710182]]],"type":"Polygon"},"id":159,"properties":{"parentKey":"HRV:1159312533","sourceCountryId":"HRV","syntheticOperational":true,"territoryId":"territory:catalog:dd3cfbbb677b8574fdb735aa7ea38bc1746b76052f87dd08b1c2b48182ca94db"},"type":"Feature"},{"geometry":{"coordinates":[[[15.738539898132,45.215827338129],[15.866634613182,45.215827338129],[15.878855,45.217241],[15.891341256367,45.216998330552],[15.891341256367,45.323741007194],[15.805626598465,45.323741007194],[15.738539898132,45.323741007194],[15.738539898132,45.215827338129]]],"type":"Polygon"},"id":160,"properties":{"parentKey":"HRV:1159312529","sourceCountryId":"HRV","syntheticOperational":true,"territoryId":"territory:catalog:c812b4a947d3460d5bdcead3112498c9422a3dc8526d35cabf0b31a4910a20ef"},"type":"Feature"},{"geometry":{"coordinates":[[[15.60377,43.674709],[15.61964,43.668931],[15.645695364238,43.655000670417],[15.645695364238,43.673392030162],[15.61964,43.675442],[15.615489,43.676988],[15.611339,43.682115],[15.60377,43.674709]]],"type":"Polygon"},"id":161,"properties":{"parentKey":"HRV:1159312439","sourceCountryId":"HRV","syntheticOperational":true,"territoryId":"territory:catalog:451cef95e29482b303ef3b91b799035b85eb33ae58c334a077c3c3875a088813"},"type":"Feature"},{"geometry":{"coordinates":[[[15.315922493682,44.78417266187],[15.467565290649,44.78417266187],[15.467565290649,44.892086330935],[15.380710659898,44.892086330935],[15.315922493682,44.892086330935],[15.315922493682,44.78417266187]]],"type":"Polygon"},"id":162,"properties":{"parentKey":"HRV:1159312507","sourceCountryId":"HRV","syntheticOperational":true,"territoryId":"territory:catalog:89320f92f9d4d1e34b3b77a18d354b34b6a9948a181705ce576f70e60ef478c0"},"type":"Feature"},{"geometry":{"coordinates":[[[15.879323,46.259308],[15.881904,46.255006],[15.88361,46.24617],[15.883765,46.238315],[15.887485,46.232682],[15.894978,46.228031],[15.896103896104,46.227769530136],[15.896103896104,46.264128083572],[15.883712,46.2594],[15.880895,46.259341],[15.879323,46.259308]]],"type":"Polygon"},"id":163,"properties":{"parentKey":"HRV:1159312555","sourceCountryId":"HRV","syntheticOperational":true,"territoryId":"territory:catalog:63c6d105b929b8d485c9307da48f9222c4e6f02acc0a53284dd80e2f83e3d4b2"},"type":"Feature"},{"geometry":{"coordinates":[[[16.445182724253,43.812949640288],[16.539735099338,43.812949640288],[16.594684385382,43.812949640288],[16.594684385382,43.908589098528],[16.585950447158,43.915079693457],[16.578167841018,43.920863309353],[16.445182724253,43.920863309353],[16.445182724253,43.812949640288]]],"type":"Polygon"},"id":164,"properties":{"parentKey":"HRV:1159312433","sourceCountryId":"HRV","syntheticOperational":true,"territoryId":"territory:catalog:137781dc3d57c8538238cda51d7ebabdf89be1d113190a32c3cc196c512ea0cc"},"type":"Feature"},{"geometry":{"coordinates":[[[16.519480519481,46.187050359712],[16.558732132404,46.187050359712],[16.596021,46.203123],[16.632349,46.21196],[16.648938,46.213097],[16.653899,46.211908],[16.657154,46.209118],[16.66041,46.2024],[16.663975,46.20085],[16.675324675325,46.203439993357],[16.675324675325,46.294964028777],[16.519480519481,46.294964028777],[16.519480519481,46.187050359712]]],"type":"Polygon"},"id":165,"properties":{"parentKey":"HRV:1159312555","sourceCountryId":"HRV","syntheticOperational":true,"territoryId":"territory:catalog:e96f43d65a674238a2f8f111f3c0cf1a5be1a3fb24d5aadb3bdfcaa150c35ebc"},"type":"Feature"},{"geometry":{"coordinates":[[[14.913830723359,44.676258992806],[14.939333990094,44.647765054306],[14.962216624685,44.622199059583],[14.962216624685,44.676258992806],[14.913830723359,44.676258992806]]],"type":"Polygon"},"id":166,"properties":{"parentKey":"HRV:1159312507","sourceCountryId":"HRV","syntheticOperational":true,"territoryId":"territory:catalog:07f603fd1d65571344e73e63c1f7027666ce1e3ffab4dea205295c317a9254da"},"type":"Feature"},{"geometry":{"coordinates":[[[15.927835051546,45.863309352518],[16.082474226804,45.863309352518],[16.082474226804,45.954990167466],[15.965568,45.911048],[15.955802,45.9142],[15.952236,45.918645],[15.951926,45.924226],[15.950376,45.926913],[15.939472,45.933837],[15.927835051546,45.929191659626],[15.927835051546,45.863309352518]]],"type":"Polygon"},"id":167,"properties":{"parentKey":"HRV:1159312533","sourceCountryId":"HRV","syntheticOperational":true,"territoryId":"territory:catalog:7a943425274e078085b6fb00dc2050bb547483c3b92c34818ca1d93c5022d0a3"},"type":"Feature"},{"geometry":{"coordinates":[[[18.081615,45.271501],[18.120734,45.250572],[18.121509,45.249951],[18.122439,45.24897],[18.12554,45.246696],[18.134222,45.242923],[18.183361629881,45.230029790339],[18.183361629881,45.323741007194],[18.107416879795,45.323741007194],[18.103070990006,45.323741007194],[18.104456,45.319715],[18.107092,45.315426],[18.109572,45.312273],[18.108177,45.302351],[18.081615,45.271501]]],"type":"Polygon"},"id":168,"properties":{"parentKey":"HRV:1159312539","sourceCountryId":"HRV","syntheticOperational":true,"territoryId":"territory:catalog:76371d5b8e625761bfc3804d997dbd592dbd83905e2567e49389b3bdf333619c"},"type":"Feature"},{"geometry":{"coordinates":[[[16.237113402062,45.755395683453],[16.321642429427,45.755395683453],[16.374377184286,45.755395683453],[16.376913,45.76899],[16.384199,45.789453],[16.385129,45.795448],[16.384974,45.799944],[16.384199,45.804388],[16.381564,45.812036],[16.39175257732,45.811971117417],[16.39175257732,45.863309352518],[16.237113402062,45.863309352518],[16.237113402062,45.755395683453]]],"type":"Polygon"},"id":169,"properties":{"parentKey":"HRV:1159312531","sourceCountryId":"HRV","syntheticOperational":true,"territoryId":"territory:catalog:811af1c296673f70879151c843ecfa11f178c719cd3d363e8d3b249b9862de57"},"type":"Feature"},{"geometry":{"coordinates":[[[15.770850884583,44.835411025052],[15.773435,44.845016],[15.770850884583,44.850241106102],[15.770850884583,44.835411025052]]],"type":"Polygon"},"id":170,"properties":{"parentKey":"HRV:1159312443","sourceCountryId":"HRV","syntheticOperational":true,"territoryId":"territory:catalog:30bdb5f29a87b894785a2deb27c9e11fd0356f439689d0bdb4d4dd6570472002"},"type":"Feature"},{"geometry":{"coordinates":[[[16.34974533107,45.215827338129],[16.502546689304,45.215827338129],[16.502546689304,45.323741007194],[16.419437340153,45.323741007194],[16.34974533107,45.323741007194],[16.34974533107,45.215827338129]]],"type":"Polygon"},"id":171,"properties":{"parentKey":"HRV:1159312529","sourceCountryId":"HRV","syntheticOperational":true,"territoryId":"territory:catalog:c70d1c691d4ed595ed1b1350687dd5475b001391b652d2cf8bb83937177edafb"},"type":"Feature"},{"geometry":{"coordinates":[[[14.057724957555,45.215827338129],[14.202309547445,45.215827338129],[14.202162,45.219566],[14.194565,45.275015],[14.1941,45.292068],[14.195186,45.298321],[14.197511,45.303902],[14.206503,45.317338],[14.208975132496,45.323741007194],[14.117647058824,45.323741007194],[14.057724957555,45.323741007194],[14.057724957555,45.215827338129]]],"type":"Polygon"},"id":172,"properties":{"parentKey":"HRV:1159312535","sourceCountryId":"HRV","syntheticOperational":true,"territoryId":"territory:catalog:bb4095b9abcf1aacdac67201076303a8e974f24bc3e127554f883f39a6c7c99e"},"type":"Feature"},{"geometry":{"coordinates":[[[16.808149405772,45.180889369775],[16.811718,45.181223],[16.824223,45.189077],[16.825774,45.196364],[16.82505,45.205045],[16.83018375858,45.215827338129],[16.808149405772,45.215827338129],[16.808149405772,45.180889369775]]],"type":"Polygon"},"id":173,"properties":{"parentKey":"HRV:1159312529","sourceCountryId":"HRV","syntheticOperational":true,"territoryId":"territory:catalog:d7c8a87068969f3a9940b8e612e581851329f4849690e62061e46f15befbec35"},"type":"Feature"},{"geometry":{"coordinates":[[[14.516129032258,45.295313259961],[14.524425,45.288764],[14.533051,45.283881],[14.543305,45.28384],[14.551931,45.288072],[14.555431,45.295885],[14.552257,45.297675],[14.534353,45.31269],[14.570811,45.293647],[14.582205,45.285346],[14.568614,45.275946],[14.57602,45.262274],[14.592784,45.249823],[14.6067,45.244371],[14.637285994638,45.215827338129],[14.668930390492,45.215827338129],[14.668930390492,45.323741007194],[14.57800511509,45.323741007194],[14.516129032258,45.323741007194],[14.516129032258,45.295313259961]]],"type":"Polygon"},"id":174,"properties":{"parentKey":"HRV:1159312505","sourceCountryId":"HRV","syntheticOperational":true,"territoryId":"territory:catalog:94cbdd36de541d62875da723de077613bd123a15fcc0ec2d6dcd187081267957"},"type":"Feature"},{"geometry":{"coordinates":[[[16.916735366859,43.489208633094],[17.065127782358,43.489208633094],[17.065127782358,43.525912446775],[17.062314,43.527747],[17.030516,43.54848],[16.98194,43.589692],[16.97195017149,43.597122302158],[16.916735366859,43.597122302158],[16.916735366859,43.489208633094]]],"type":"Polygon"},"id":175,"properties":{"parentKey":"HRV:1159312433","sourceCountryId":"HRV","syntheticOperational":true,"territoryId":"territory:catalog:1fa937c01e72c34c2e9e9ae3b1a496f15998bdf8ddd790c45416f0e456dfd7ec"},"type":"Feature"},{"geometry":{"coordinates":[[[15.784784902214,45.971223021583],[15.827586206897,45.971223021583],[15.827586206897,45.980440641402],[15.822476,45.982052],[15.814415,45.982207],[15.797362,45.977711],[15.784784902214,45.971223021583]]],"type":"Polygon"},"id":176,"properties":{"parentKey":"HRV:1159312531","sourceCountryId":"HRV","syntheticOperational":true,"territoryId":"territory:catalog:538cadad0716e483da5ac38bf062e7e8395a292701fc4f9e5442416df5e9f1a8"},"type":"Feature"},{"geometry":{"coordinates":[[[14.117647058824,45.431654676259],[14.145260217199,45.431654676259],[14.138858,45.434281],[14.129867,45.440948],[14.120875,45.451024],[14.117647058824,45.458274647454],[14.117647058824,45.431654676259]]],"type":"Polygon"},"id":177,"properties":{"parentKey":"HRV:1159312535","sourceCountryId":"HRV","syntheticOperational":true,"territoryId":"territory:catalog:7a0f91956b63abfb91ade2a706bf2b24e29bf2d274f6c1b112d6e2f2d527801f"},"type":"Feature"},{"geometry":{"coordinates":[[[16.879795396419,45.431654676259],[17.011745052896,45.431654676259],[17.006435,45.437847],[17.00473,45.439397],[16.998684,45.44348],[16.964887,45.455314],[16.929179,45.475881],[16.912281,45.468543],[16.90701,45.467664],[16.903702,45.469421],[16.898638,45.476501],[16.894711,45.480325],[16.887579,45.482547],[16.879795396419,45.482245355197],[16.879795396419,45.431654676259]]],"type":"Polygon"},"id":178,"properties":{"parentKey":"HRV:1159312529","sourceCountryId":"HRV","syntheticOperational":true,"territoryId":"territory:catalog:c26bbc08f1fb502c11d929e24520b8f689ec2f3a37ac3976675cca0848f1ca8e"},"type":"Feature"},{"geometry":{"coordinates":[[[17.47145187602,42.75294206754],[17.487200810901,42.749628089494],[17.562358704005,42.73381294964],[17.618270799347,42.73381294964],[17.618270799347,42.740839646519],[17.590668,42.742987],[17.593516,42.747219],[17.594412,42.747748],[17.597504,42.749823],[17.574474,42.757514],[17.523692,42.764838],[17.486013,42.782172],[17.47145187602,42.782304715878],[17.47145187602,42.75294206754]]],"type":"Polygon"},"id":179,"properties":{"parentKey":"HRV:1159312431","sourceCountryId":"HRV","syntheticOperational":true,"territoryId":"territory:catalog:5bd1dc32a45f9dd38fed33f4ef55f9aff764516c1cd81e22790aa862a84e92b1"},"type":"Feature"},{"geometry":{"coordinates":[[[16.884176182708,42.904254984619],[16.898692,42.905829],[16.972911,42.926703],[17.01531,42.928616],[17.030995106036,42.926177301603],[17.030995106036,42.94964028777],[16.953316953317,42.94964028777],[16.884176182708,42.94964028777],[16.884176182708,42.904254984619]]],"type":"Polygon"},"id":180,"properties":{"parentKey":"HRV:1159312431","sourceCountryId":"HRV","syntheticOperational":true,"territoryId":"territory:catalog:4d9830d668b1cf86c870439fe5607dab1d7c806e1b0821d7a478a4256a46b312"},"type":"Feature"},{"geometry":{"coordinates":[[[14.467005076142,45.048482833451],[14.485362,45.038031],[14.510509,45.032172],[14.590668,45.023261],[14.616954,45.024644],[14.603282,45.032172],[14.603282,45.038967],[14.619289340102,45.045007316697],[14.619289340102,45.107913669065],[14.516129032258,45.107913669065],[14.467005076142,45.107913669065],[14.467005076142,45.048482833451]]],"type":"Polygon"},"id":181,"properties":{"parentKey":"HRV:1159312505","sourceCountryId":"HRV","syntheticOperational":true,"territoryId":"territory:catalog:db2f3935fdae52d0428220b7b555bcca1ac4eee544f0c0f76247504c5731fe05"},"type":"Feature"},{"geometry":{"coordinates":[[[16.117154811715,44.352517985612],[16.20504680796,44.352517985612],[16.202866,44.359774],[16.192117,44.367422],[16.171343,44.377086],[16.153153,44.380445],[16.141991,44.380755],[16.13827,44.377602],[16.138787,44.385406],[16.145402,44.389591],[16.153877,44.39357],[16.159871,44.400702],[16.159664,44.416101],[16.152946,44.435067],[16.14027680643,44.460431654676],[16.117154811715,44.460431654676],[16.117154811715,44.352517985612]]],"type":"Polygon"},"id":182,"properties":{"parentKey":"HRV:1159312443","sourceCountryId":"HRV","syntheticOperational":true,"territoryId":"territory:catalog:a33e0c5d50a8785ad8e88a053370d4210f3bd6e133393efb387ecd5bee55b40c"},"type":"Feature"},{"geometry":{"coordinates":[[[18.939264328486,45.647482014388],[18.949911762981,45.647482014388],[18.962904,45.660108],[18.968485,45.668738],[18.962697,45.683052],[18.948125,45.692044],[18.939264328486,45.695614974277],[18.939264328486,45.647482014388]]],"type":"Polygon"},"id":183,"properties":{"parentKey":"HRV:1159312539","sourceCountryId":"HRV","syntheticOperational":true,"territoryId":"territory:catalog:61f6f2862665c642c81362a6aca3a95e95072f4a4e901da9f792c91eda637fdc"},"type":"Feature"},{"geometry":{"coordinates":[[[14.314720812183,45.077838730195],[14.340831,45.055609],[14.34669,45.047553],[14.370227829699,45],[14.415747181047,45],[14.412283,45.003648],[14.387706,45.039049],[14.36964,45.075507],[14.363048,45.093573],[14.361543446272,45.107913669065],[14.314720812183,45.107913669065],[14.314720812183,45.077838730195]]],"type":"Polygon"},"id":184,"properties":{"parentKey":"HRV:1159312505","sourceCountryId":"HRV","syntheticOperational":true,"territoryId":"territory:catalog:fa923ab2db1dbbf9daea42426ac12edc4c6094a83e227b549a13c20a3465e2c0"},"type":"Feature"},{"geometry":{"coordinates":[[[15.200367516184,44.352517985612],[15.211762,44.346137],[15.213389121339,44.345448141642],[15.213389121339,44.352517985612],[15.200367516184,44.352517985612]]],"type":"Polygon"},"id":185,"properties":{"parentKey":"HRV:1159312507","sourceCountryId":"HRV","syntheticOperational":true,"territoryId":"territory:catalog:e4d7c82049cee398ec208da5e5d15d8df989e38012950b6941202d14b893f756"},"type":"Feature"},{"geometry":{"coordinates":[[[17.765089722675,42.804574084847],[17.765391,42.804429],[17.767751,42.802314],[17.773774,42.79857],[17.780121,42.796942],[17.785655,42.805162],[17.792328,42.808539],[17.800059,42.810981],[17.806651,42.811916],[17.834972,42.807196],[17.865082,42.789944],[17.892833,42.790839],[17.880707,42.768744],[17.901622,42.751899],[17.911908646003,42.748013317469],[17.911908646003,42.800352294443],[17.904467,42.804546],[17.869431,42.811807],[17.858475,42.816974],[17.837031130149,42.841726618705],[17.765089722675,42.841726618705],[17.765089722675,42.804574084847]]],"type":"Polygon"},"id":186,"properties":{"parentKey":"HRV:1159312431","sourceCountryId":"HRV","syntheticOperational":true,"territoryId":"territory:catalog:3a8c862ba2402e42e5e48e773a0777899859267a538f0498666261f814bec43a"},"type":"Feature"},{"geometry":{"coordinates":[[[16.190337094062,43.920863309353],[16.191653,43.920472],[16.209946,43.91794],[16.231185,43.918353],[16.243072455088,43.920863309353],[16.190337094062,43.920863309353]]],"type":"Polygon"},"id":187,"properties":{"parentKey":"HRV:1159312443","sourceCountryId":"HRV","syntheticOperational":true,"territoryId":"territory:catalog:6046a0fda13a176bdd16d3fc81532170e4268b91e77a81391873558f846041bc"},"type":"Feature"},{"geometry":{"coordinates":[[[15.249169435216,43.848143941099],[15.261241,43.839789],[15.288422,43.825507],[15.301364322493,43.812949640288],[15.34058116946,43.812949640288],[15.266368,43.857001],[15.261241,43.867092],[15.249169435216,43.875139709856],[15.249169435216,43.848143941099]]],"type":"Polygon"},"id":188,"properties":{"parentKey":"HRV:1159312439","sourceCountryId":"HRV","syntheticOperational":true,"territoryId":"territory:catalog:32c2aa5f08f2f4f28e0d96fe34587927ad0c22a0e68612b313ce2cff1df79df8"},"type":"Feature"},{"geometry":{"coordinates":[[[16.015090617222,45.215827338129],[16.020448,45.213934],[16.029233,45.205045],[16.028716,45.19626],[16.024996,45.188922],[16.024375,45.184323],[16.033057,45.179724],[16.044142614601,45.178050861965],[16.044142614601,45.215827338129],[16.015090617222,45.215827338129]]],"type":"Polygon"},"id":189,"properties":{"parentKey":"HRV:1159312529","sourceCountryId":"HRV","syntheticOperational":true,"territoryId":"territory:catalog:9c981a714106523dc41a31446f540f1eca984572cb392a3fafb9640b9ab36826"},"type":"Feature"},{"geometry":{"coordinates":[[[16.549840949875,43.489208633094],[16.611456786691,43.456636885762],[16.619950535862,43.452146867186],[16.619950535862,43.489208633094],[16.549840949875,43.489208633094]]],"type":"Polygon"},"id":190,"properties":{"parentKey":"HRV:1159312433","sourceCountryId":"HRV","syntheticOperational":true,"territoryId":"territory:catalog:83dcb9e07c89d85fce12791ef8319d0eac1dacebe38b1306c93b38f40c2a0e65"},"type":"Feature"},{"geometry":{"coordinates":[[[16.391449,43.51081],[16.466563,43.51081],[16.471558120363,43.50990765227],[16.471558120363,43.537185422889],[16.455903,43.528957],[16.434255,43.521877],[16.411388,43.517808],[16.391449,43.517646],[16.391449,43.51081]]],"type":"Polygon"},"id":191,"properties":{"parentKey":"HRV:1159312433","sourceCountryId":"HRV","syntheticOperational":true,"territoryId":"territory:catalog:6838282d436d97d5636fc5d0f108991aeb7451571e90bc8db4a579616f29e083"},"type":"Feature"},{"geometry":{"coordinates":[[[17.647058823529,45.323741007194],[17.724957555178,45.323741007194],[17.800511508951,45.323741007194],[17.800511508951,45.431654676259],[17.647058823529,45.431654676259],[17.647058823529,45.323741007194]]],"type":"Polygon"},"id":192,"properties":{"parentKey":"HRV:1159312541","sourceCountryId":"HRV","syntheticOperational":true,"territoryId":"territory:catalog:94d5d12c0a49e2e8932abc36d82e9841c16013fe20f84df6b793d617593aae82"},"type":"Feature"},{"geometry":{"coordinates":[[[14.010152284264,45],[14.04728898075,45],[14.044281,45.00141],[14.039887,45.009426],[14.044119,45.027167],[14.040294,45.038967],[14.051931,45.038031],[14.053071,45.033149],[14.051524,45.026028],[14.054535,45.018459],[14.075694,45.004828],[14.077825633247,45],[14.162436548223,45],[14.162436548223,45.030837522633],[14.159434,45.040351],[14.143891,45.053209],[14.143891,45.059394],[14.147472,45.057278],[14.154307,45.054999],[14.158214,45.053209],[14.154063,45.071967],[14.154307,45.078925],[14.158214,45.087348],[14.162436548223,45.082263874435],[14.162436548223,45.107913669065],[14.057724957555,45.107913669065],[14.010152284264,45.107913669065],[14.010152284264,45]]],"type":"Polygon"},"id":193,"properties":{"parentKey":"HRV:1159312535","sourceCountryId":"HRV","syntheticOperational":true,"territoryId":"territory:catalog:0b77a78b52cba8ca20c0c95481cbc19270bce5d11b9feb207621b75fa41357b2"},"type":"Feature"},{"geometry":{"coordinates":[[[15.805626598465,45.52204457446],[15.812865,45.523423],[15.83207598057,45.539568345324],[15.805626598465,45.539568345324],[15.805626598465,45.52204457446]]],"type":"Polygon"},"id":194,"properties":{"parentKey":"HRV:1159312531","sourceCountryId":"HRV","syntheticOperational":true,"territoryId":"territory:catalog:235debbb5068955bf6306e372d4f060c232c6aaff8be69f410a95e86e5b17446"},"type":"Feature"},{"geometry":{"coordinates":[[[15.98275862069,46.079136690647],[16.137931034483,46.079136690647],[16.137931034483,46.187050359712],[16.051948051948,46.187050359712],[16.047483445141,46.187050359712],[16.039569,46.184623],[16.030732,46.184261],[16.01957,46.185398],[16.013056941079,46.187050359712],[15.98275862069,46.187050359712],[15.98275862069,46.079136690647]]],"type":"Polygon"},"id":195,"properties":{"parentKey":"HRV:1159312523","sourceCountryId":"HRV","syntheticOperational":true,"territoryId":"territory:catalog:b69e1227b769ba0204e43dadc1596c6ad37a82352937f509e313d1eca714fc56"},"type":"Feature"},{"geometry":{"coordinates":[[[17.033248081841,45.50381716751],[17.037338,45.505336],[17.044314,45.506577],[17.057802,45.507455],[17.070721,45.504406],[17.082503,45.505802],[17.108548,45.511641],[17.123431,45.51345],[17.146737,45.514173],[17.159759,45.516343],[17.169061,45.520013],[17.173712,45.524198],[17.180378,45.528332],[17.185029,45.528281],[17.186700767263,45.527350239491],[17.186700767263,45.539568345324],[17.091531223268,45.539568345324],[17.033248081841,45.539568345324],[17.033248081841,45.50381716751]]],"type":"Polygon"},"id":196,"properties":{"parentKey":"HRV:1159312549","sourceCountryId":"HRV","syntheticOperational":true,"territoryId":"territory:catalog:a58c655d15dad889d8878cf5cf58a12d104463452824bab527e4e9d91fc58ef1"},"type":"Feature"},{"geometry":{"coordinates":[[[16.39175257732,45.811971117417],[16.422078,45.811778],[16.423783,45.813225],[16.428124,45.820149],[16.429209,45.821493],[16.43107,45.822475],[16.433705,45.823095],[16.437116,45.822526],[16.440061,45.820459],[16.442387,45.814258],[16.454014,45.800616],[16.496699,45.765062],[16.512719,45.772452],[16.523571,45.785578],[16.531787,45.78842],[16.546391752577,45.78855209094],[16.546391752577,45.863309352518],[16.39175257732,45.863309352518],[16.39175257732,45.811971117417]]],"type":"Polygon"},"id":197,"properties":{"parentKey":"HRV:1159312531","sourceCountryId":"HRV","syntheticOperational":true,"territoryId":"territory:catalog:11c0ba7572fbb1a51b4be899799b297987cc4c748bcab6506465b7144ae68ccb"},"type":"Feature"},{"geometry":{"coordinates":[[[18.336162988115,45.245323031344],[18.363148,45.242303],[18.469677713983,45.215827338129],[18.48896434635,45.215827338129],[18.48896434635,45.323741007194],[18.414322250639,45.323741007194],[18.336162988115,45.323741007194],[18.336162988115,45.245323031344]]],"type":"Polygon"},"id":198,"properties":{"parentKey":"HRV:1159312539","sourceCountryId":"HRV","syntheticOperational":true,"territoryId":"territory:catalog:0ab5be8ef494d88f00b5d292bcb66dc441cc43111fdf2176fae520583ff32eb7"},"type":"Feature"},{"geometry":{"coordinates":[[[15.765839,45.846298],[15.768113,45.844179],[15.773195876289,45.841235918856],[15.773195876289,45.863309352518],[15.7708,45.863309352518],[15.7708,45.861129],[15.765839,45.846298]]],"type":"Polygon"},"id":199,"properties":{"parentKey":"HRV:1159312533","sourceCountryId":"HRV","syntheticOperational":true,"territoryId":"territory:catalog:31dcdfc05a7e4484c1f3e6a39365f63a637e57af5360b680fd59ea016d53bae3"},"type":"Feature"},{"geometry":{"coordinates":[[[17.426117,43.044623],[17.432302,43.0362],[17.440684,43.032294],[17.45045,43.031155],[17.460216,43.030992],[17.440684,43.019965],[17.433604,43.017401],[17.45338,43.022773],[17.47169,43.030463],[17.487966,43.03498],[17.501964,43.030992],[17.479177,43.022406],[17.470876,43.013414],[17.47462,43.001166],[17.488292,42.982611],[17.498546,42.972154],[17.515636,42.958889],[17.534516,42.950629],[17.542997542998,42.953250730838],[17.542997542998,43.057553956835],[17.429602747272,43.057553956835],[17.433604,43.0515],[17.426117,43.044623]]],"type":"Polygon"},"id":200,"properties":{"parentKey":"HRV:1159312431","sourceCountryId":"HRV","syntheticOperational":true,"territoryId":"territory:catalog:c6de87322719f6aff965342562e6d821950aabb60a04b9f4b8e2a51d1eea5036"},"type":"Feature"},{"geometry":{"coordinates":[[[15.313408890443,44.352517985612],[15.316575855539,44.351427279513],[15.364016736402,44.335088590411],[15.364016736402,44.352517985612],[15.313408890443,44.352517985612]]],"type":"Polygon"},"id":201,"properties":{"parentKey":"HRV:1159312443","sourceCountryId":"HRV","syntheticOperational":true,"territoryId":"territory:catalog:3545f1bf8e2457031559c2b21f5633591c42fd93e8643a711f2376fe40603c0c"},"type":"Feature"},{"geometry":{"coordinates":[[[16.539735099338,43.705035971223],[16.688741721854,43.705035971223],[16.688741721854,43.812949640288],[16.594684385382,43.812949640288],[16.539735099338,43.812949640288],[16.539735099338,43.705035971223]]],"type":"Polygon"},"id":202,"properties":{"parentKey":"HRV:1159312433","sourceCountryId":"HRV","syntheticOperational":true,"territoryId":"territory:catalog:db3a4e643b50beb90bd3482f88cc40f6b94ac040c4333b4c5031624c1d38df46"},"type":"Feature"},{"geometry":{"coordinates":[[[15.249169435216,44.022020548118],[15.254405,44.01789],[15.251637149753,44.028776978417],[15.249169435216,44.028776978417],[15.249169435216,44.022020548118]]],"type":"Polygon"},"id":203,"properties":{"parentKey":"HRV:1159312443","sourceCountryId":"HRV","syntheticOperational":true,"territoryId":"territory:catalog:12543de5a57b422eecaab7b5222334b35a428385c7381a5a035017ed38476a36"},"type":"Feature"},{"geometry":{"coordinates":[[[16.051948051948,46.188338135521],[16.057449,46.189429],[16.064581,46.190049],[16.079153,46.189429],[16.094656,46.190204],[16.108919,46.192685],[16.11636,46.19284],[16.125404,46.192116],[16.139821,46.187879],[16.158115,46.187569],[16.163851,46.189222],[16.169794,46.191961],[16.174755,46.196147],[16.182971,46.205449],[16.187932,46.20979],[16.194908,46.212425],[16.200645,46.21227],[16.207001,46.207774],[16.207792207792,46.206855994779],[16.207792207792,46.294964028777],[16.051948051948,46.294964028777],[16.051948051948,46.188338135521]]],"type":"Polygon"},"id":204,"properties":{"parentKey":"HRV:1159312555","sourceCountryId":"HRV","syntheticOperational":true,"territoryId":"territory:catalog:bbe9bd9289938ab39bd4a35961294d79255c05d135d3e01c613dff33bf406942"},"type":"Feature"},{"geometry":{"coordinates":[[[17.399486740804,45.703884082824],[17.402277,45.705221],[17.410855,45.711319],[17.416126,45.713644],[17.422637,45.71814],[17.426358,45.718967],[17.432249,45.718605],[17.441241,45.716538],[17.448992,45.713541],[17.489817,45.693025],[17.492917,45.688323],[17.491987,45.675145],[17.469435242605,45.647482014388],[17.553464499572,45.647482014388],[17.553464499572,45.755395683453],[17.474226804124,45.755395683453],[17.399486740804,45.755395683453],[17.399486740804,45.703884082824]]],"type":"Polygon"},"id":205,"properties":{"parentKey":"HRV:1159312547","sourceCountryId":"HRV","syntheticOperational":true,"territoryId":"territory:catalog:8ff9596733d30ba12f9f35416c9cf33fcd4525ac9a18544786b8ca435da6e71c"},"type":"Feature"},{"geometry":{"coordinates":[[[18.939264328486,45.539568345324],[18.94077495739,45.539568345324],[18.939264328486,45.540596785836],[18.939264328486,45.539568345324]]],"type":"Polygon"},"id":206,"properties":{"parentKey":"HRV:1159312539","sourceCountryId":"HRV","syntheticOperational":true,"territoryId":"territory:catalog:d6dd6ab1218db0a07bd886a4b9b0259e3bae598410a110c530086380fa28b102"},"type":"Feature"},{"geometry":{"coordinates":[[[18.721227621483,45.431654676259],[18.803173,45.431654676259],[18.803173,45.434591],[18.802088,45.441774],[18.800538,45.4441],[18.798677,45.446167],[18.790926,45.45273],[18.7886,45.455365],[18.78798,45.457794],[18.78829,45.460275],[18.790616,45.462342],[18.796352,45.463685],[18.824464,45.466992],[18.83361,45.469576],[18.839812,45.472263],[18.845393,45.476811],[18.849423,45.478878],[18.854849,45.480377],[18.861051,45.481307],[18.873195,45.480635],[18.874680306905,45.480216715373],[18.874680306905,45.539568345324],[18.785286569718,45.539568345324],[18.721227621483,45.539568345324],[18.721227621483,45.431654676259]]],"type":"Polygon"},"id":207,"properties":{"parentKey":"HRV:1159312539","sourceCountryId":"HRV","syntheticOperational":true,"territoryId":"territory:catalog:4fe5a64990c9eed336f39150cc5f84a069999f6903f6ad8da7fa42270493ad8e"},"type":"Feature"},{"geometry":{"coordinates":[[[14.162436548223,45],[14.164194860654,45],[14.166189,45.018948],[14.162436548223,45.030837522633],[14.162436548223,45]]],"type":"Polygon"},"id":208,"properties":{"parentKey":"HRV:1159312535","sourceCountryId":"HRV","syntheticOperational":true,"territoryId":"territory:catalog:151818bb1c98d0952cd67a656ac348e9b8b56189fe30a5cbbd7fb831eb9c81c6"},"type":"Feature"},{"geometry":{"coordinates":[[[15.062761506276,44.396164837925],[15.073578,44.400458],[15.083018,44.401516],[15.091645,44.399359],[15.117198,44.387193],[15.112153,44.379584],[15.106944,44.37519],[15.099783,44.373603],[15.089203,44.374213],[15.097179,44.361314],[15.102306,44.357164],[15.110362,44.353705],[15.110362,44.352517985612],[15.19412009601,44.352517985612],[15.182872,44.357856],[15.16505,44.360541],[15.16505,44.367377],[15.187348,44.359809],[15.200367516184,44.352517985612],[15.213389121339,44.352517985612],[15.213389121339,44.369103508113],[15.213227,44.369208],[15.199067,44.381049],[15.176606,44.391303],[15.085151325509,44.460431654676],[15.062761506276,44.460431654676],[15.062761506276,44.440662515249],[15.064952,44.437934],[15.080821,44.424547],[15.09669,44.415188],[15.062761506276,44.432095426308],[15.062761506276,44.396164837925]]],"type":"Polygon"},"id":209,"properties":{"parentKey":"HRV:1159312507","sourceCountryId":"HRV","syntheticOperational":true,"territoryId":"territory:catalog:7da7cc2411a3a928db61a6d2cb3b333313d298a7450716d88f0aef246314a134"},"type":"Feature"},{"geometry":{"coordinates":[[[18.075724,45.34824],[18.076964,45.345139],[18.085232,45.342607],[18.093914,45.33899],[18.096705,45.336561],[18.09934,45.332685],[18.101665,45.327828],[18.103070990006,45.323741007194],[18.107416879795,45.323741007194],[18.107416879795,45.364193410562],[18.106316,45.36333],[18.101045,45.361211],[18.094069,45.360281],[18.090038,45.359299],[18.086628,45.358007],[18.083372,45.356353],[18.080581,45.354648],[18.078101,45.352581],[18.075879,45.350565],[18.075724,45.34824]]],"type":"Polygon"},"id":210,"properties":{"parentKey":"HRV:1159312539","sourceCountryId":"HRV","syntheticOperational":true,"territoryId":"territory:catalog:048427396e9ad3c1f1c466b764ab3ebbb5d3aa0d34f7e5300e9bceb39bd8bdc8"},"type":"Feature"},{"geometry":{"coordinates":[[[17.213520197857,43.381294964029],[17.273866623012,43.381294964029],[17.286417,43.437376],[17.270501,43.463214],[17.239495,43.478407],[17.213520197857,43.481341509837],[17.213520197857,43.381294964029]]],"type":"Polygon"},"id":211,"properties":{"parentKey":"HRV:1159312433","sourceCountryId":"HRV","syntheticOperational":true,"territoryId":"territory:catalog:51621c7c9aafd4396c49077d6bd79e2492f26e80aeafee59875e8afd98aeec52"},"type":"Feature"},{"geometry":{"coordinates":[[[15.3452685422,45.323741007194],[15.432937181664,45.323741007194],[15.498721227622,45.323741007194],[15.498721227622,45.431654676259],[15.3452685422,45.431654676259],[15.3452685422,45.323741007194]]],"type":"Polygon"},"id":212,"properties":{"parentKey":"HRV:1159312525","sourceCountryId":"HRV","syntheticOperational":true,"territoryId":"territory:catalog:8ffe28977e2d31650d5d8658f804d698815b6eb43bbafc8566b7596367664a10"},"type":"Feature"},{"geometry":{"coordinates":[[[16.063162,43.017401],[16.068796068796,43.016006974564],[16.068796068796,43.019659014064],[16.063162,43.017401]]],"type":"Polygon"},"id":213,"properties":{"parentKey":"HRV:1159312433","sourceCountryId":"HRV","syntheticOperational":true,"territoryId":"territory:catalog:607c0f1ec1d4e1facc40b542a0d8a9951b5a4fcb3a678976b36f8eabebd33ab8"},"type":"Feature"},{"geometry":{"coordinates":[[[14.738129,44.272121],[14.748546,44.261664],[14.759939,44.259833],[14.765961,44.265041],[14.775401,44.266588],[14.789724,44.266913],[14.791677,44.272528],[14.773448,44.285142],[14.759776,44.29206],[14.753184,44.291002],[14.753184,44.283515],[14.749685,44.280219],[14.739594,44.280178],[14.738129,44.272121]]],"type":"Polygon"},"id":214,"properties":{"parentKey":"HRV:1159312443","sourceCountryId":"HRV","syntheticOperational":true,"territoryId":"territory:catalog:0942d1a47e42beaa0321a9a6e6e8d4166bfcc09086e93412fb78505d0964f6d0"},"type":"Feature"},{"geometry":{"coordinates":[[[15.773195876289,45.86857240288],[15.774521,45.869345],[15.781394,45.871722],[15.806353,45.874823],[15.81426,45.877975],[15.819531,45.885262],[15.820461,45.892031],[15.819376,45.899059],[15.817515,45.905054],[15.81674,45.91017],[15.820616,45.913684],[15.828678,45.915544],[15.847023,45.91482],[15.86144,45.915441],[15.913582,45.923502],[15.927835051546,45.929191659626],[15.927835051546,45.950373882277],[15.925829,45.952906],[15.919628,45.957092],[15.911877,45.960244],[15.857566151224,45.971223021583],[15.827586206897,45.971223021583],[15.784784902214,45.971223021583],[15.784339,45.970993],[15.773195876289,45.969544447827],[15.773195876289,45.86857240288]]],"type":"Polygon"},"id":215,"properties":{"parentKey":"HRV:1159312531","sourceCountryId":"HRV","syntheticOperational":true,"territoryId":"territory:catalog:df4a99369ddf7fa75466f44880dec6c54317aa0043ab0167cabc97ad0cf12219"},"type":"Feature"},{"geometry":{"coordinates":[[[17.861420017109,45.647482014388],[18.015397775877,45.647482014388],[18.015397775877,45.67063685883],[18.00994,45.674783],[18.008545,45.682277],[18.006839,45.688271],[18.003429,45.695816],[17.995057,45.70765],[17.988236,45.713902],[17.98188,45.718088],[17.975988,45.72],[17.948031,45.724186],[17.943691,45.726615],[17.93904,45.732351],[17.934544,45.741343],[17.923745180238,45.755395683453],[17.861420017109,45.755395683453],[17.861420017109,45.647482014388]]],"type":"Polygon"},"id":216,"properties":{"parentKey":"HRV:1159312547","sourceCountryId":"HRV","syntheticOperational":true,"territoryId":"territory:catalog:dd901d723ba2ed5e0d283d868d3c03c987c66d91948688734ccd29581b5ceda8"},"type":"Feature"},{"geometry":{"coordinates":[[[14.623854872407,45],[14.624522,44.9855],[14.628917,44.978176],[14.657888,44.970038],[14.706391,44.946723],[14.723399,44.943345],[14.742035,44.944729],[14.756847,44.948717],[14.760753,44.955146],[14.747244,44.963813],[14.747244,44.970038],[14.760916,44.977484],[14.771573604061,44.971694916864],[14.771573604061,45],[14.623854872407,45]]],"type":"Polygon"},"id":217,"properties":{"parentKey":"HRV:1159312505","sourceCountryId":"HRV","syntheticOperational":true,"territoryId":"territory:catalog:732d0e59b7ad667fcea1714070ac43316d5ca4f82431b9d3464a292d2fa83de7"},"type":"Feature"},{"geometry":{"coordinates":[[[17.186700767263,45.336700147051],[17.189576,45.330825],[17.190042,45.327001],[17.188289589078,45.323741007194],[17.266553480475,45.323741007194],[17.340153452685,45.323741007194],[17.340153452685,45.38232191379],[17.304246,45.370771],[17.290087,45.369789],[17.277685,45.372321],[17.267143,45.377024],[17.25071,45.38059],[17.237325,45.378781],[17.224923,45.373562],[17.186700767263,45.351152185518],[17.186700767263,45.336700147051]]],"type":"Polygon"},"id":218,"properties":{"parentKey":"HRV:1159312537","sourceCountryId":"HRV","syntheticOperational":true,"territoryId":"territory:catalog:1f6a7e4f767d139b68099aee69f08c5aa53e28f7785399152cfadd2831c1bb00"},"type":"Feature"},{"geometry":{"coordinates":[[[15.566750629723,44.568345323741],[15.582655766664,44.568345323741],[15.566750629723,44.578994160497],[15.566750629723,44.568345323741]]],"type":"Polygon"},"id":219,"properties":{"parentKey":"HRV:1159312507","sourceCountryId":"HRV","syntheticOperational":true,"territoryId":"territory:catalog:557f041cfaf44e904159127083e189fb66e26df0e7bf88b318dda91dd6dad53e"},"type":"Feature"},{"geometry":{"coordinates":[[[15.472575,44.746881],[15.47273,44.737838],[15.476296,44.729621],[15.486063,44.721198],[15.493039,44.716806],[15.510299,44.708589],[15.516655,44.704662],[15.522236,44.698357],[15.527817,44.6889],[15.531264921816,44.676258992806],[15.566750629723,44.676258992806],[15.619208087616,44.676258992806],[15.619208087616,44.78417266187],[15.594804284038,44.78417266187],[15.594067,44.783572],[15.565696,44.771221],[15.556084,44.764916],[15.544871,44.761351],[15.538824,44.758664],[15.533088,44.754995],[15.526267,44.752669],[15.518361,44.751739],[15.482807,44.751997],[15.475366,44.75055],[15.472575,44.746881]]],"type":"Polygon"},"id":220,"properties":{"parentKey":"HRV:1159312443","sourceCountryId":"HRV","syntheticOperational":true,"territoryId":"territory:catalog:3086611cc88af565fdf1d172966b1eb6f9ff5ff825714d0d7e75b2c09ceda112"},"type":"Feature"},{"geometry":{"coordinates":[[[15.046246436042,45.323741007194],[15.047227,45.323177],[15.059371,45.318164],[15.087896,45.311601],[15.098593,45.307364],[15.105569,45.302972],[15.107946,45.299044],[15.116318,45.29429],[15.119884,45.293205],[15.122364,45.293308],[15.127334465195,45.29959135925],[15.127334465195,45.323741007194],[15.046246436042,45.323741007194]]],"type":"Polygon"},"id":221,"properties":{"parentKey":"HRV:1159312505","sourceCountryId":"HRV","syntheticOperational":true,"territoryId":"territory:catalog:934bdf72577074822c65801fcf0e6670194c94ab472f7aba426d10ae352dd646"},"type":"Feature"},{"geometry":{"coordinates":[[[14.884910485934,45.431654676259],[15.038363171356,45.431654676259],[15.038363171356,45.480251758389],[15.007383,45.480843],[14.997461,45.487199],[14.986299,45.490868],[14.977341,45.491728],[14.962631,45.493142],[14.945372,45.50451],[14.922634,45.514949],[14.904444,45.514432],[14.900826,45.493142],[14.884910485934,45.473802948991],[14.884910485934,45.431654676259]]],"type":"Polygon"},"id":222,"properties":{"parentKey":"HRV:1159312505","sourceCountryId":"HRV","syntheticOperational":true,"territoryId":"territory:catalog:c0c8648f3320a4f148987a54a7e6e62759c0126b5fe82a377ea92187da7c99f9"},"type":"Feature"},{"geometry":{"coordinates":[[[17.724957555178,45.188256375185],[17.728458,45.187475],[17.745408,45.185563],[17.759206,45.186389],[17.765252,45.187526],[17.770058,45.18887],[17.773623,45.190472],[17.775639,45.192022],[17.777189,45.193934],[17.778739,45.196931],[17.780135,45.200342],[17.781065,45.203649],[17.781995,45.212796],[17.782132747702,45.215827338129],[17.724957555178,45.215827338129],[17.724957555178,45.188256375185]]],"type":"Polygon"},"id":223,"properties":{"parentKey":"HRV:1159312541","sourceCountryId":"HRV","syntheticOperational":true,"territoryId":"territory:catalog:693c6665c8831c96794154b5c105429758a0b60050367f18006a7a861a9f3713"},"type":"Feature"},{"geometry":{"coordinates":[[[16.879795396419,45.482245355197],[16.887579,45.482547],[16.894711,45.480325],[16.898638,45.476501],[16.903702,45.469421],[16.90701,45.467664],[16.912281,45.468543],[16.929179,45.475881],[16.925923,45.483942],[16.927164,45.493347],[16.927319,45.497792],[16.927629,45.500065],[16.927629,45.503114],[16.930419,45.5181],[16.940673092661,45.539568345324],[16.9375534645,45.539568345324],[16.879795396419,45.539568345324],[16.879795396419,45.482245355197]]],"type":"Polygon"},"id":224,"properties":{"parentKey":"HRV:1159312549","sourceCountryId":"HRV","syntheticOperational":true,"territoryId":"territory:catalog:cb65eb67a11472df28afd1d411b6e9f8f9d345c36790c8db38edab27aa504f3a"},"type":"Feature"},{"geometry":{"coordinates":[[[15.353929000638,44.028776978417],[15.358084,44.025702],[15.384044,43.997382],[15.398671096346,43.984615687922],[15.398671096346,44.028776978417],[15.353929000638,44.028776978417]]],"type":"Polygon"},"id":225,"properties":{"parentKey":"HRV:1159312443","sourceCountryId":"HRV","syntheticOperational":true,"territoryId":"territory:catalog:b6990481ffe14b59a7fba7ba377f70c5c8fd4c6bc3e88ef990089dea345f627a"},"type":"Feature"},{"geometry":{"coordinates":[[[15.544115944223,44.892086330935],[15.566781,44.878553],[15.563423757276,44.892086330935],[15.544115944223,44.892086330935]]],"type":"Polygon"},"id":226,"properties":{"parentKey":"HRV:1159312525","sourceCountryId":"HRV","syntheticOperational":true,"territoryId":"territory:catalog:603a4c8abf42a4eca480c083d302e82bd9a999d4e2390c1fc070cfb000e8b164"},"type":"Feature"},{"geometry":{"coordinates":[[[15.959079283887,45.323741007194],[16.044142614601,45.323741007194],[16.112531969309,45.323741007194],[16.112531969309,45.431654676259],[15.959079283887,45.431654676259],[15.959079283887,45.323741007194]]],"type":"Polygon"},"id":227,"properties":{"parentKey":"HRV:1159312529","sourceCountryId":"HRV","syntheticOperational":true,"territoryId":"territory:catalog:f52318b2418b326fa81e276c286068c2855aae19bfbf955d1c0212b3ad80f144"},"type":"Feature"},{"geometry":{"coordinates":[[[14.335785,44.716783],[14.337087,44.699652],[14.342713556311,44.676258992806],[14.357682619647,44.676258992806],[14.394645579983,44.676258992806],[14.397472,44.685614],[14.381114,44.698635],[14.355724,44.707099],[14.335785,44.716783]]],"type":"Polygon"},"id":228,"properties":{"parentKey":"HRV:1159312505","sourceCountryId":"HRV","syntheticOperational":true,"territoryId":"territory:catalog:ce802e87fc00157bd38a208f1f757e7098f6b28a5fbc21b5df0b77225cfbd3ef"},"type":"Feature"},{"geometry":{"coordinates":[[[16.960950764007,45.23674666618],[16.967987,45.237292],[16.9653,45.244216],[16.961166,45.250934],[16.975945,45.247162],[16.988141,45.236516],[16.998683,45.2314],[17.008295,45.244165],[17.012015,45.236465],[17.013566,45.230574],[17.012532,45.224476],[17.008295,45.216156],[17.014393,45.219773],[17.030206,45.226956],[17.036303,45.23047],[17.045779470917,45.215827338129],[17.08166488729,45.215827338129],[17.081573,45.216103],[17.084208,45.225715],[17.085914,45.228712],[17.088704,45.231865],[17.113752122241,45.249706918365],[17.113752122241,45.323741007194],[17.033248081841,45.323741007194],[16.960950764007,45.323741007194],[16.960950764007,45.23674666618]]],"type":"Polygon"},"id":229,"properties":{"parentKey":"HRV:1159312529","sourceCountryId":"HRV","syntheticOperational":true,"territoryId":"territory:catalog:8f04b03b70a7929ed2265e64e26cb8703f85c1a2993c4e572b3f920de5a0a9a5"},"type":"Feature"},{"geometry":{"coordinates":[[[17.800511508951,45.471209793111],[17.807782,45.470196],[17.817548,45.470506],[17.85119,45.474589],[17.867675,45.473555],[17.875581,45.471902],[17.879147,45.470713],[17.884418,45.471385],[17.890774,45.473917],[17.925552,45.492366],[17.932373,45.497223],[17.93966,45.5042],[17.948342,45.51593],[17.953964194373,45.526015701484],[17.953964194373,45.539568345324],[17.861420017109,45.539568345324],[17.800511508951,45.539568345324],[17.800511508951,45.471209793111]]],"type":"Polygon"},"id":230,"properties":{"parentKey":"HRV:1159312547","sourceCountryId":"HRV","syntheticOperational":true,"territoryId":"territory:catalog:c6dc5c253ef83bb241cbb349b582851c765a3d55bdf63396bced11a7a77f6316"},"type":"Feature"},{"geometry":{"coordinates":[[[16.212986820558,43.489208633094],[16.218272,43.486314],[16.230642,43.483222],[16.24643,43.481431],[16.2588,43.483547],[16.267345,43.486884],[16.281993,43.487942],[16.323165704864,43.482689475423],[16.323165704864,43.489208633094],[16.212986820558,43.489208633094]]],"type":"Polygon"},"id":231,"properties":{"parentKey":"HRV:1159312433","sourceCountryId":"HRV","syntheticOperational":true,"territoryId":"territory:catalog:7a9653d1359e7e55b696c3f43ea55ae44cb555a1b7404a7895e9091b497ef7b5"},"type":"Feature"},{"geometry":{"coordinates":[[[16.371593,43.195502],[16.416026,43.18183],[16.417419884963,43.181587612204],[16.417419884963,43.199453751815],[16.415294,43.198472],[16.403982,43.19717],[16.391449,43.202338],[16.380382,43.201972],[16.375824,43.199937],[16.371593,43.195502]]],"type":"Polygon"},"id":232,"properties":{"parentKey":"HRV:1159312433","sourceCountryId":"HRV","syntheticOperational":true,"territoryId":"territory:catalog:1b6a1d2f868281c3abf28b4a0c14d9a0f1b51f9b20f5845cee2eed5b0d6455df"},"type":"Feature"},{"geometry":{"coordinates":[[[16.9375534645,45.647482014388],[17.091531223268,45.647482014388],[17.091531223268,45.755395683453],[17.010309278351,45.755395683453],[16.9375534645,45.755395683453],[16.9375534645,45.647482014388]]],"type":"Polygon"},"id":233,"properties":{"parentKey":"HRV:1159312549","sourceCountryId":"HRV","syntheticOperational":true,"territoryId":"territory:catalog:71b2494d907ebfc46d110591b9e6752b64837fd06f36511c8af38d4a8b315f38"},"type":"Feature"},{"geometry":{"coordinates":[[[16.233665,46.47874],[16.237489,46.465072],[16.249375,46.437528],[16.250098,46.429441],[16.248238,46.413344],[16.250925,46.404998],[16.253465196966,46.402877697842],[16.264118158123,46.402877697842],[16.264118158123,46.510791366906],[16.257349794243,46.510791366906],[16.234905,46.493339],[16.234188,46.484892],[16.233665,46.47874]]],"type":"Polygon"},"id":234,"properties":{"parentKey":"HRV:1159312553","sourceCountryId":"HRV","syntheticOperational":true,"territoryId":"territory:catalog:b9768079a41a8735c1f67e6ebddd0aae4effb0f0bea02fd7bc3447a37d09d235"},"type":"Feature"},{"geometry":{"coordinates":[[[18.107416879795,45.323741007194],[18.183361629881,45.323741007194],[18.260869565217,45.323741007194],[18.260869565217,45.431654676259],[18.247043937725,45.431654676259],[18.237574,45.426323],[18.231683,45.424825],[18.211375,45.421621],[18.185898,45.421362],[18.174271,45.418468],[18.162954,45.412526],[18.128951,45.388858],[18.124455,45.384259],[18.111587,45.367464],[18.107416879795,45.364193410562],[18.107416879795,45.323741007194]]],"type":"Polygon"},"id":235,"properties":{"parentKey":"HRV:1159312539","sourceCountryId":"HRV","syntheticOperational":true,"territoryId":"territory:catalog:9e05c70d2e90c8be566700fd6d74cc5eb5ebf4d83bf3616484002ab4bb77d01a"},"type":"Feature"},{"geometry":{"coordinates":[[[16.693142566993,45.647482014388],[16.723868,45.637318],[16.729139,45.634062],[16.740043,45.624037],[16.747019,45.620678],[16.756476,45.618508],[16.780506,45.616286],[16.783575705731,45.614750899618],[16.783575705731,45.647482014388],[16.693142566993,45.647482014388]]],"type":"Polygon"},"id":236,"properties":{"parentKey":"HRV:1159312549","sourceCountryId":"HRV","syntheticOperational":true,"territoryId":"territory:catalog:9a243528496ee58f607255fa0d891e2c715aab7d7ff15af273de404c610a3a78"},"type":"Feature"},{"geometry":{"coordinates":[[[15.241170630724,44.028776978417],[15.241873,44.027777],[15.249169435216,44.022020548118],[15.249169435216,44.028776978417],[15.241170630724,44.028776978417]]],"type":"Polygon"},"id":237,"properties":{"parentKey":"HRV:1159312443","sourceCountryId":"HRV","syntheticOperational":true,"territoryId":"territory:catalog:3005779a1c262e436a5933ed323d6f91ec2b92d1276e3be10d5eb029e96e437b"},"type":"Feature"},{"geometry":{"coordinates":[[[18.865979381443,45.858066975599],[18.887146,45.859476],[18.899755,45.861388],[18.901873084027,45.863309352518],[18.865979381443,45.863309352518],[18.865979381443,45.858066975599]]],"type":"Polygon"},"id":238,"properties":{"parentKey":"HRV:1159312539","sourceCountryId":"HRV","syntheticOperational":true,"territoryId":"territory:catalog:a6e63b97e6517d3d5a2db756098a244702d4de5764fbec6aaf1ad44d1e251301"},"type":"Feature"},{"geometry":{"coordinates":[[[16.026380873866,43.509968146982],[16.029647,43.510419],[16.051196,43.511091],[16.056157,43.51321],[16.055847,43.515794],[16.052902,43.517292],[16.047941,43.518791],[16.04298,43.521168],[16.039724,43.524579],[16.039569,43.530987],[16.0436,43.533984],[16.051506,43.536413],[16.060963,43.538118],[16.077913,43.543131],[16.082719,43.545663],[16.083494,43.54804],[16.078688,43.549022],[16.075278,43.551037],[16.069852,43.559305],[16.056002,43.571346],[16.051196,43.578116],[16.047631,43.585815],[16.045305,43.596926],[16.045414072387,43.597122302158],[16.026380873866,43.597122302158],[16.026380873866,43.509968146982]]],"type":"Polygon"},"id":239,"properties":{"parentKey":"HRV:1159312439","sourceCountryId":"HRV","syntheticOperational":true,"territoryId":"territory:catalog:972e77d9844efd58d6e79d54656ee0a841c1f2fc535038b3b8ddbde498a348f5"},"type":"Feature"},{"geometry":{"coordinates":[[[17.224137931034,45.971223021583],[17.319587628866,45.971223021583],[17.342425691557,45.971223021583],[17.337887,45.984636],[17.327138,45.972027],[17.316596,45.973784],[17.306613,45.979914],[17.305642,45.979313],[17.29882,45.978279],[17.289002,45.977762],[17.236705,45.98324],[17.227094,45.982982],[17.224137931034,45.982399568898],[17.224137931034,45.971223021583]]],"type":"Polygon"},"id":240,"properties":{"parentKey":"HRV:1159312547","sourceCountryId":"HRV","syntheticOperational":true,"territoryId":"territory:catalog:110ca54bfd3584c323a4634caff436300c0add6a8934a02520d584c885a6a4f8"},"type":"Feature"},{"geometry":{"coordinates":[[[15.16357907452,44.460431654676],[15.191135537224,44.440196612032],[15.213389121339,44.423855537041],[15.213389121339,44.460431654676],[15.16357907452,44.460431654676]]],"type":"Polygon"},"id":241,"properties":{"parentKey":"HRV:1159312507","sourceCountryId":"HRV","syntheticOperational":true,"territoryId":"territory:catalog:2a8a23e2020aea6d726e2ec7ff0480ba64136187e8de24cf2cbc7c2b676b54c0"},"type":"Feature"},{"geometry":{"coordinates":[[[15.127334465195,45.29959135925],[15.135077,45.309379],[15.138797,45.3131],[15.142053,45.315115],[15.17121124474,45.323741007194],[15.127334465195,45.323741007194],[15.127334465195,45.29959135925]]],"type":"Polygon"},"id":242,"properties":{"parentKey":"HRV:1159312505","sourceCountryId":"HRV","syntheticOperational":true,"territoryId":"territory:catalog:7f11783b3f4808c210a5cf806b6480bf8e285bbe27c6cba2e0f6d20cdbf6b474"},"type":"Feature"},{"geometry":{"coordinates":[[[14.747111583259,44.676258992806],[14.761485,44.658637],[14.865896,44.566352],[14.876964,44.55976],[14.877615,44.551337],[14.906261,44.520901],[14.91863,44.504543],[14.912852,44.502753],[14.903168,44.498481],[14.897472,44.497056],[14.897472,44.490912],[14.949718,44.468085],[14.958832,44.466702],[14.962216624685,44.464696124432],[14.962216624685,44.525358990163],[14.911143,44.545478],[14.911143,44.552314],[14.928559,44.552314],[14.942068,44.547431],[14.952891,44.54149],[14.962216624685,44.538988105385],[14.962216624685,44.568345323741],[14.962216624685,44.576458225073],[14.938243,44.594143],[14.904063,44.610012],[14.880138,44.609198],[14.8838,44.579657],[14.845225,44.600531],[14.779959,44.669501],[14.771804993854,44.676258992806],[14.747111583259,44.676258992806]]],"type":"Polygon"},"id":243,"properties":{"parentKey":"HRV:1159312507","sourceCountryId":"HRV","syntheticOperational":true,"territoryId":"territory:catalog:e13d3848533ab2a56462e89d87fe4648cb6524b72a053500791a90b275410988"},"type":"Feature"},{"geometry":{"coordinates":[[[16.207792207792,46.206855994779],[16.210876,46.203278],[16.216147,46.195837],[16.222039,46.192943],[16.229325,46.191806],[16.241934,46.19253],[16.245655,46.190979],[16.24736,46.18762],[16.247134011558,46.187050359712],[16.293103448276,46.187050359712],[16.363636363636,46.187050359712],[16.363636363636,46.294964028777],[16.207792207792,46.294964028777],[16.207792207792,46.206855994779]]],"type":"Polygon"},"id":244,"properties":{"parentKey":"HRV:1159312555","sourceCountryId":"HRV","syntheticOperational":true,"territoryId":"territory:catalog:de514a377a255ac5180f8d4dcbdf72370dcc8909e7d68c31694bcab611dcceae"},"type":"Feature"},{"geometry":{"coordinates":[[[16.216216216216,43.036830566476],[16.221934,43.040269],[16.233735,43.0515],[16.245056459654,43.057553956835],[16.216216216216,43.057553956835],[16.216216216216,43.036830566476]]],"type":"Polygon"},"id":245,"properties":{"parentKey":"HRV:1159312433","sourceCountryId":"HRV","syntheticOperational":true,"territoryId":"territory:catalog:4c982f37036dd3bf032d6a597286bea252e394ab3ca29a033670a298af3feb9a"},"type":"Feature"},{"geometry":{"coordinates":[[[15.038363171356,45.323741007194],[15.046246436042,45.323741007194],[15.03932,45.327725],[15.038363171356,45.327871460172],[15.038363171356,45.323741007194]]],"type":"Polygon"},"id":246,"properties":{"parentKey":"HRV:1159312525","sourceCountryId":"HRV","syntheticOperational":true,"territoryId":"territory:catalog:4c6ad808002ef0835be43221763c90336d41763c6d78bb9506d98901d4253e3e"},"type":"Feature"},{"geometry":{"coordinates":[[[15.847176079734,43.812949640288],[15.943708609272,43.812949640288],[15.996677740864,43.812949640288],[15.996677740864,43.920863309353],[15.92444289365,43.920863309353],[15.916838,43.914632],[15.910481,43.910602],[15.906451,43.909361],[15.90366,43.909103],[15.90118,43.910033],[15.897614,43.911894],[15.886453248195,43.920863309353],[15.847176079734,43.920863309353],[15.847176079734,43.812949640288]]],"type":"Polygon"},"id":247,"properties":{"parentKey":"HRV:1159312439","sourceCountryId":"HRV","syntheticOperational":true,"territoryId":"territory:catalog:c3c6ce189b6a284e995bfd98330967146af4b9bccd25a9d7cfc81233d8b09ef9"},"type":"Feature"},{"geometry":{"coordinates":[[[15.652173913043,45.431654676259],[15.805626598465,45.431654676259],[15.805626598465,45.52204457446],[15.799842,45.520943],[15.7893,45.519857],[15.784029,45.520633],[15.779947,45.522545],[15.762201514187,45.539568345324],[15.705731394354,45.539568345324],[15.652173913043,45.539568345324],[15.652173913043,45.431654676259]]],"type":"Polygon"},"id":248,"properties":{"parentKey":"HRV:1159312525","sourceCountryId":"HRV","syntheticOperational":true,"territoryId":"territory:catalog:a441f68b6b229074e76cdcc259f8a7ce1568201f75359bbf579597d7dd4a64e8"},"type":"Feature"},{"geometry":{"coordinates":[[[13.964194373402,45.323741007194],[14.057724957555,45.323741007194],[14.117647058824,45.323741007194],[14.117647058824,45.431654676259],[13.964194373402,45.431654676259],[13.964194373402,45.323741007194]]],"type":"Polygon"},"id":249,"properties":{"parentKey":"HRV:1159312535","sourceCountryId":"HRV","syntheticOperational":true,"territoryId":"territory:catalog:a3a7813872efca5ade31cfd96842c7db78f211e86f8fd5584c7786b28bd15100"},"type":"Feature"},{"geometry":{"coordinates":[[[16.04577,45.589156],[16.047011,45.583833],[16.049491,45.581042],[16.053367,45.57944],[16.0621,45.577218],[16.066751,45.574635],[16.068921,45.571172],[16.069231,45.563834],[16.070317,45.559855],[16.072797,45.556444],[16.076518,45.553602],[16.093571,45.54399],[16.098561988254,45.539568345324],[16.112531969309,45.539568345324],[16.167664670659,45.539568345324],[16.167664670659,45.630463899221],[16.16137,45.633184],[16.153619,45.634372],[16.147883,45.634114],[16.141682,45.632305],[16.137961,45.629928],[16.121528,45.616906],[16.092796,45.600628],[16.085509,45.598251],[16.075898,45.59732],[16.054297,45.599129],[16.049181,45.597475],[16.04639,45.594013],[16.04577,45.589156]]],"type":"Polygon"},"id":250,"properties":{"parentKey":"HRV:1159312529","sourceCountryId":"HRV","syntheticOperational":true,"territoryId":"territory:catalog:ef6b8e29c5602ede7dab96fc1e1774f7aeae24150c0b27f948cd9a687d36a464"},"type":"Feature"},{"geometry":{"coordinates":[[[16.321642429427,45.539568345324],[16.419437340153,45.539568345324],[16.475620188195,45.539568345324],[16.475620188195,45.647482014388],[16.321642429427,45.647482014388],[16.321642429427,45.539568345324]]],"type":"Polygon"},"id":251,"properties":{"parentKey":"HRV:1159312529","sourceCountryId":"HRV","syntheticOperational":true,"territoryId":"territory:catalog:1d46c387ba902d097e8c56dd209910a236162be2354f75f2ffc7d2767921fa04"},"type":"Feature"},{"geometry":{"coordinates":[[[18.641765704584,45.107913669065],[18.730964467005,45.107913669065],[18.794567062818,45.107913669065],[18.794567062818,45.215827338129],[18.641765704584,45.215827338129],[18.641765704584,45.107913669065]]],"type":"Polygon"},"id":252,"properties":{"parentKey":"HRV:1159312543","sourceCountryId":"HRV","syntheticOperational":true,"territoryId":"territory:catalog:12388c954dea9157e889bb914b48228194c4baf11e3703c99b5e81c7d8484924"},"type":"Feature"},{"geometry":{"coordinates":[[[16.519480519481,46.302201570563],[16.585634,46.31676],[16.595091,46.317948],[16.605633,46.315881],[16.675324675325,46.313152205989],[16.675324675325,46.402877697842],[16.576889661164,46.402877697842],[16.519480519481,46.402877697842],[16.519480519481,46.302201570563]]],"type":"Polygon"},"id":253,"properties":{"parentKey":"HRV:1159312553","sourceCountryId":"HRV","syntheticOperational":true,"territoryId":"territory:catalog:f2598c7044554b69504d632e3f7b6eeab17e4f29d76b80fcb69e024826089e74"},"type":"Feature"},{"geometry":{"coordinates":[[[16.539735099338,43.597122302158],[16.619950535862,43.597122302158],[16.688741721854,43.597122302158],[16.688741721854,43.705035971223],[16.539735099338,43.705035971223],[16.539735099338,43.597122302158]]],"type":"Polygon"},"id":254,"properties":{"parentKey":"HRV:1159312433","sourceCountryId":"HRV","syntheticOperational":true,"territoryId":"territory:catalog:64121de9150e9110248dd6abd62073319f4710dc0ddb8aac7ff77724cff0a839"},"type":"Feature"},{"geometry":{"coordinates":[[[14.881342836337,45.035599787343],[14.903013493403,45],[14.92385786802,45],[14.92385786802,45.076372719994],[14.890234,45.061333],[14.887288,45.0588],[14.886151,45.055286],[14.886513,45.042316],[14.8815,45.035804],[14.881343,45.0356],[14.881342836337,45.035599787343]]],"type":"Polygon"},"id":255,"properties":{"parentKey":"HRV:1159312507","sourceCountryId":"HRV","syntheticOperational":true,"territoryId":"territory:catalog:f67bbacef50680c99c9a9720c7e1b7c503ee856b031f5a16b1770c9f410530fc"},"type":"Feature"},{"geometry":{"coordinates":[[[17.011745052896,45.431654676259],[17.02292,45.418623],[17.033248081841,45.420279271147],[17.033248081841,45.431654676259],[17.011745052896,45.431654676259]]],"type":"Polygon"},"id":256,"properties":{"parentKey":"HRV:1159312541","sourceCountryId":"HRV","syntheticOperational":true,"territoryId":"territory:catalog:acdc6a58d7dab283ec75e06c67e0009a0ae4931de6f5b610f59e5e9ea9d63c07"},"type":"Feature"},{"geometry":{"coordinates":[[[14.210526315789,45.215827338129],[14.252283082592,45.215827338129],[14.258474,45.255764],[14.271983,45.290107],[14.290782,45.320502],[14.293644930288,45.323741007194],[14.271099744246,45.323741007194],[14.210526315789,45.323741007194],[14.210526315789,45.215827338129]]],"type":"Polygon"},"id":257,"properties":{"parentKey":"HRV:1159312505","sourceCountryId":"HRV","syntheticOperational":true,"territoryId":"territory:catalog:6b07ef5fda30013206da9243e40db7503bf117e848e293f5e4fe68ca63848e7f"},"type":"Feature"},{"geometry":{"coordinates":[[[18.247043937725,45.431654676259],[18.260869565217,45.431654676259],[18.260869565217,45.439438652459],[18.247043937725,45.431654676259]]],"type":"Polygon"},"id":258,"properties":{"parentKey":"HRV:1159312539","sourceCountryId":"HRV","syntheticOperational":true,"territoryId":"territory:catalog:cf3f190d3cd1bbfc9aad3fc971789a5de52b9d346dfe0f3f7140bfca51e93f66"},"type":"Feature"},{"geometry":{"coordinates":[[[16.321642429427,45.647482014388],[16.475620188195,45.647482014388],[16.475620188195,45.755395683453],[16.39175257732,45.755395683453],[16.374377184286,45.755395683453],[16.373192,45.749042],[16.372572,45.747389],[16.370247,45.745115],[16.366371,45.743616],[16.347147,45.739482],[16.344047,45.739534],[16.337019,45.741084],[16.321642429427,45.747560480968],[16.321642429427,45.647482014388]]],"type":"Polygon"},"id":259,"properties":{"parentKey":"HRV:1159312529","sourceCountryId":"HRV","syntheticOperational":true,"territoryId":"territory:catalog:8fd48aabbdcb15c251589bfc207d0b70a5ae4fa14f2094ff5614c0ef9c0d97e1"},"type":"Feature"},{"geometry":{"coordinates":[[[18.874680306905,45.431654676259],[18.940763620773,45.431654676259],[18.938514,45.432473],[18.937428,45.434695],[18.935878,45.436917],[18.934173,45.438984],[18.929212,45.443221],[18.926111,45.445133],[18.914742,45.450043],[18.911642,45.451903],[18.909316,45.454177],[18.907766,45.456657],[18.906061,45.46136],[18.904976,45.463582],[18.90141,45.466889],[18.895519,45.471075],[18.882186,45.478103],[18.874680306905,45.480216715373],[18.874680306905,45.431654676259]]],"type":"Polygon"},"id":260,"properties":{"parentKey":"HRV:1159312543","sourceCountryId":"HRV","syntheticOperational":true,"territoryId":"territory:catalog:4520be05aaf7202c5852e78d194248b8d64d7cca705fd6b0bafc28dbe46c2d87"},"type":"Feature"},{"geometry":{"coordinates":[[[16.448275862069,45.971223021583],[16.470821498061,45.971223021583],[16.471119,45.971871],[16.471894,45.974197],[16.471584,45.976419],[16.470034,45.978641],[16.467863,45.98076],[16.459802,45.987478],[16.448275862069,45.999298437465],[16.448275862069,45.971223021583]]],"type":"Polygon"},"id":261,"properties":{"parentKey":"HRV:1159312531","sourceCountryId":"HRV","syntheticOperational":true,"territoryId":"territory:catalog:9db72392179a397151bb907faf4b0a94a9524390c3e40d4f23ac8859b9cef87b"},"type":"Feature"},{"geometry":{"coordinates":[[[15.859709153122,45.647482014388],[15.89094235521,45.647482014388],[15.887175,45.650806],[15.881284,45.654165],[15.874618,45.657265],[15.859709153122,45.661994033827],[15.859709153122,45.647482014388]]],"type":"Polygon"},"id":262,"properties":{"parentKey":"HRV:1159312531","sourceCountryId":"HRV","syntheticOperational":true,"territoryId":"territory:catalog:b297f10f976da5a1dbf41c59407341008756d44508db1bdbf8650797094b0787"},"type":"Feature"},{"geometry":{"coordinates":[[[14.232595,44.626044],[14.239757,44.619859],[14.252208,44.616848],[14.264008,44.611558],[14.271169,44.612535],[14.265798,44.625393],[14.259044,44.634101],[14.256684,44.63703],[14.256358,44.642401],[14.258474,44.647854],[14.256847,44.653062],[14.257335,44.656724],[14.259451,44.658189],[14.260916,44.659491],[14.274181,44.661689],[14.28004,44.667792],[14.280392863616,44.676258992806],[14.26190160327,44.676258992806],[14.244151,44.661444],[14.235606,44.642239],[14.233572,44.634833],[14.232595,44.626044]]],"type":"Polygon"},"id":263,"properties":{"parentKey":"HRV:1159312505","sourceCountryId":"HRV","syntheticOperational":true,"territoryId":"territory:catalog:b2c685958707a7966ebe06bb79348d3ec42e2db59768282b74d02bb8d30da892"},"type":"Feature"},{"geometry":{"coordinates":[[[17.769104349353,45.107913669065],[17.797497,45.081952],[17.815584,45.07017],[17.817258883249,45.069693313967],[17.817258883249,45.107913669065],[17.769104349353,45.107913669065]]],"type":"Polygon"},"id":264,"properties":{"parentKey":"HRV:1159312537","sourceCountryId":"HRV","syntheticOperational":true,"territoryId":"territory:catalog:6f771a43c5c2da5ac33124b0787ce293931f5e797645143a4c67c8002d61b02d"},"type":"Feature"},{"geometry":{"coordinates":[[[18.323353293413,45.539568345324],[18.414322250639,45.539568345324],[18.477331052181,45.539568345324],[18.477331052181,45.647482014388],[18.323353293413,45.647482014388],[18.323353293413,45.539568345324]]],"type":"Polygon"},"id":265,"properties":{"parentKey":"HRV:1159312539","sourceCountryId":"HRV","syntheticOperational":true,"territoryId":"territory:catalog:8675c70a945e2f0b8bff269b4da2c2f3b2ec1ca69432e24700d313e39a4a0914"},"type":"Feature"},{"geometry":{"coordinates":[[[15.227794,43.874457],[15.233409,43.862209],[15.247895,43.849026],[15.249169435216,43.848143941099],[15.249169435216,43.875139709856],[15.240733,43.880764],[15.227794,43.874457]]],"type":"Polygon"},"id":266,"properties":{"parentKey":"HRV:1159312439","sourceCountryId":"HRV","syntheticOperational":true,"territoryId":"territory:catalog:e2d172b154479dfeb3fc9bcbd25e1f365d19b9b702e8503262ab0455ac163daa"},"type":"Feature"},{"geometry":{"coordinates":[[[16.448275862069,46.079136690647],[16.603448275862,46.079136690647],[16.603448275862,46.187050359712],[16.558732132404,46.187050359712],[16.500109,46.161782],[16.497009,46.158423],[16.494218,46.15124],[16.490808,46.146641],[16.485072,46.142869],[16.472824,46.139303],[16.448275862069,46.13562980333],[16.448275862069,46.079136690647]]],"type":"Polygon"},"id":267,"properties":{"parentKey":"HRV:1159312551","sourceCountryId":"HRV","syntheticOperational":true,"territoryId":"territory:catalog:e1309c205b906b47ce16dafc8d7800b8faaec259bdbdec6d029632254438667a"},"type":"Feature"},{"geometry":{"coordinates":[[[15.61936457376,46.187050359712],[15.672413793103,46.187050359712],[15.74025974026,46.187050359712],[15.74025974026,46.211260658742],[15.677975,46.214462],[15.661297,46.21532],[15.639799,46.207672],[15.626571,46.19521],[15.62285,46.191704],[15.61936457376,46.187050359712]]],"type":"Polygon"},"id":268,"properties":{"parentKey":"HRV:1159312523","sourceCountryId":"HRV","syntheticOperational":true,"territoryId":"territory:catalog:bb095aba7d5ae267005c0e6e151d4cecc33ff585a6814fa0c956a15a5bdaeb02"},"type":"Feature"},{"geometry":{"coordinates":[[[15.191815856778,45.323741007194],[15.28013582343,45.323741007194],[15.3452685422,45.323741007194],[15.3452685422,45.431654676259],[15.229313228877,45.431654676259],[15.232538,45.425548],[15.234399,45.418107],[15.234399,45.413249],[15.233934,45.40896],[15.232848,45.403741],[15.229593,45.394284],[15.221014,45.374802],[15.216674,45.369841],[15.210317,45.365138],[15.191815856778,45.353938783879],[15.191815856778,45.323741007194]]],"type":"Polygon"},"id":269,"properties":{"parentKey":"HRV:1159312525","sourceCountryId":"HRV","syntheticOperational":true,"territoryId":"territory:catalog:45f85913865033968dd9d40c750d2ea4678087e456c1eab02eec8977218ee37a"},"type":"Feature"},{"geometry":{"coordinates":[[[13.599320882852,45.139512913013],[13.600597,45.137274],[13.61199,45.136786],[13.636892,45.142035],[13.683604,45.143378],[13.706716,45.141099],[13.726248,45.134508],[13.63852,45.130032],[13.612559,45.117865],[13.622527126776,45.107913669065],[13.705583756345,45.107913669065],[13.752122241087,45.107913669065],[13.752122241087,45.215827338129],[13.599320882852,45.215827338129],[13.599320882852,45.171313527401],[13.599376,45.171291],[13.600597,45.164618],[13.599320882852,45.160500312985],[13.599320882852,45.139512913013]]],"type":"Polygon"},"id":270,"properties":{"parentKey":"HRV:1159312535","sourceCountryId":"HRV","syntheticOperational":true,"territoryId":"territory:catalog:1429ccc658966ed15d61ec999581d3fd8add2145b565a6f8e56dd4fcd598ccca"},"type":"Feature"},{"geometry":{"coordinates":[[[15.869017632242,44.460431654676],[15.966527196653,44.460431654676],[16.020151133501,44.460431654676],[16.020151133501,44.530185904262],[16.006082,44.541003],[16.013937,44.557023],[16.020151133501,44.562732441841],[16.020151133501,44.568345323741],[15.869017632242,44.568345323741],[15.869017632242,44.460431654676]]],"type":"Polygon"},"id":271,"properties":{"parentKey":"HRV:1159312443","sourceCountryId":"HRV","syntheticOperational":true,"territoryId":"territory:catalog:3a5077afd7d51e05ac3bb9a0e71e118a0dbb9b7f2078a870a2fb24f639f15c82"},"type":"Feature"},{"geometry":{"coordinates":[[[16.374377184286,45.755395683453],[16.39175257732,45.755395683453],[16.39175257732,45.811971117417],[16.381564,45.812036],[16.384199,45.804388],[16.384974,45.799944],[16.385129,45.795448],[16.384199,45.789453],[16.376913,45.76899],[16.374377184286,45.755395683453]]],"type":"Polygon"},"id":272,"properties":{"parentKey":"HRV:1159312529","sourceCountryId":"HRV","syntheticOperational":true,"territoryId":"territory:catalog:b1e21dcc13960eca9f1f58ef489ee4da18934d078acbe78619fe77590e479f9f"},"type":"Feature"},{"geometry":{"coordinates":[[[15.364016736402,44.244604316547],[15.45,44.244604316547],[15.514644351464,44.244604316547],[15.514644351464,44.259971055615],[15.503591,44.259223],[15.42449,44.267971],[15.408539,44.272284],[15.364016736402,44.290548858579],[15.364016736402,44.244604316547]]],"type":"Polygon"},"id":273,"properties":{"parentKey":"HRV:1159312443","sourceCountryId":"HRV","syntheticOperational":true,"territoryId":"territory:catalog:461a522ef59c82ee27fe74c1eb42b0e5ebca709bf90a34d1faaa5446b5923945"},"type":"Feature"},{"geometry":{"coordinates":[[[14.443735604311,45.323741007194],[14.510509,45.29975],[14.516129032258,45.295313259961],[14.516129032258,45.323741007194],[14.443735604311,45.323741007194]]],"type":"Polygon"},"id":274,"properties":{"parentKey":"HRV:1159312505","sourceCountryId":"HRV","syntheticOperational":true,"territoryId":"territory:catalog:b95905c30158f99f2f3f2d4b23c9383e4047ece1e975e9ffac722bb1932aca41"},"type":"Feature"},{"geometry":{"coordinates":[[[15.532778,44.927491],[15.532994923858,44.926864624591],[15.532994923858,44.929768700509],[15.532778,44.927491]]],"type":"Polygon"},"id":275,"properties":{"parentKey":"HRV:1159312443","sourceCountryId":"HRV","syntheticOperational":true,"territoryId":"territory:catalog:f1834e3fb9474f82e73bbd3ed920b700fc8cfb95aff2ba82e94c4c61bd398abc"},"type":"Feature"},{"geometry":{"coordinates":[[[16.658476658477,42.976781336112],[16.687755,42.973944],[16.706798,42.96955],[16.706798,42.962104],[16.675638719425,42.94964028777],[16.73735725938,42.94964028777],[16.805896805897,42.94964028777],[16.805896805897,42.965420677533],[16.768565,42.972235],[16.741384,42.980618],[16.72047,42.990058],[16.69752,42.99018],[16.674815,42.992906],[16.658476658477,42.992515533198],[16.658476658477,42.976781336112]]],"type":"Polygon"},"id":276,"properties":{"parentKey":"HRV:1159312431","sourceCountryId":"HRV","syntheticOperational":true,"territoryId":"territory:catalog:9dc9aaf525ab210e9da5b0ef997d3f8bd8cfa86f6a4d88eebfe92903ce75d8cf"},"type":"Feature"},{"geometry":{"coordinates":[[[16.904633,46.008768],[16.91073,46.000707],[16.913793103448,45.999164388203],[16.913793103448,46.025371752826],[16.904633,46.008768]]],"type":"Polygon"},"id":277,"properties":{"parentKey":"HRV:1159312551","sourceCountryId":"HRV","syntheticOperational":true,"territoryId":"territory:catalog:13e8653b86d2a90d541cad42fce581974c2b342fa898d01ec9bf78b837faa10b"},"type":"Feature"},{"geometry":{"coordinates":[[[14.282453401296,45.107913669065],[14.287446,45.10106],[14.314720812183,45.077838730195],[14.314720812183,45.107913669065],[14.282453401296,45.107913669065]]],"type":"Polygon"},"id":278,"properties":{"parentKey":"HRV:1159312505","sourceCountryId":"HRV","syntheticOperational":true,"territoryId":"territory:catalog:08dfdfc02661b6298ac96d5ba0cb71a42b7b49af5a7efd3ad50b0e5d29edf247"},"type":"Feature"},{"geometry":{"coordinates":[[[14.479888266118,45.539568345324],[14.57800511509,45.539568345324],[14.627887082977,45.539568345324],[14.627887082977,45.587398369098],[14.615986,45.594066],[14.603067,45.603574],[14.593868,45.616183],[14.592938,45.629671],[14.594041904244,45.647482014388],[14.550455973488,45.647482014388],[14.543639,45.63644],[14.533097,45.625692],[14.507879,45.605848],[14.498577,45.596184],[14.492273,45.58342],[14.491502,45.579165],[14.487415,45.5566],[14.482144,45.542441],[14.479888266118,45.539568345324]]],"type":"Polygon"},"id":279,"properties":{"parentKey":"HRV:1159312505","sourceCountryId":"HRV","syntheticOperational":true,"territoryId":"territory:catalog:cef1275f75fd97a2c2c07c192c8839eae0493ad2138192da1a7eaba43455b310"},"type":"Feature"},{"geometry":{"coordinates":[[[18.721227621483,45.415891112508],[18.786895,45.413559],[18.795732,45.418158],[18.801933,45.422757],[18.803173,45.428597],[18.803173,45.431654676259],[18.721227621483,45.431654676259],[18.721227621483,45.415891112508]]],"type":"Polygon"},"id":280,"properties":{"parentKey":"HRV:1159312539","sourceCountryId":"HRV","syntheticOperational":true,"territoryId":"territory:catalog:82007eb25102140facb2b0fc375d6cec60d3061ca9cfec4abfe103ecd1956353"},"type":"Feature"},{"geometry":{"coordinates":[[[16.067789126724,43.489208633094],[16.098481,43.480048],[16.113129,43.478909],[16.11095195828,43.489208633094],[16.067789126724,43.489208633094]]],"type":"Polygon"},"id":281,"properties":{"parentKey":"HRV:1159312433","sourceCountryId":"HRV","syntheticOperational":true,"territoryId":"territory:catalog:b3d5197efd232a563886d6d616ef803fec7667578362e7a2888bbce419ae8cb6"},"type":"Feature"},{"geometry":{"coordinates":[[[15.380710659898,44.892086330935],[15.467565290649,44.892086330935],[15.532994923858,44.892086330935],[15.532994923858,44.898726705016],[15.527662,44.901911],[15.520996,44.907285],[15.518206,44.911419],[15.51619,44.914985],[15.511849,44.918344],[15.504873,44.920618],[15.492419,44.921703],[15.477071,44.920256],[15.473195,44.920359],[15.468545,44.921703],[15.464204,44.924183],[15.458933,44.930281],[15.455367,44.935862],[15.447616,44.954207],[15.444773,44.9586],[15.439967,44.962475],[15.419659,44.973586],[15.408186,44.982319],[15.403536,44.988417],[15.396261065724,45],[15.380710659898,45],[15.380710659898,44.892086330935]]],"type":"Polygon"},"id":282,"properties":{"parentKey":"HRV:1159312507","sourceCountryId":"HRV","syntheticOperational":true,"territoryId":"territory:catalog:c28d77e99679acaebe775d10f636eff5e95d049bd077b065368f948cb861755f"},"type":"Feature"},{"geometry":{"coordinates":[[[17.068965517241,45.971223021583],[17.164948453608,45.971223021583],[17.195285869643,45.971223021583],[17.197793,45.972698],[17.216862,45.980966],[17.224137931034,45.982399568898],[17.224137931034,46.079136690647],[17.068965517241,46.079136690647],[17.068965517241,45.971223021583]]],"type":"Polygon"},"id":283,"properties":{"parentKey":"HRV:1159312551","sourceCountryId":"HRV","syntheticOperational":true,"territoryId":"territory:catalog:b925bdf26253839f518455a774ea6c6a0ba28428398b041872eb1a3384ad1c78"},"type":"Feature"},{"geometry":{"coordinates":[[[15.548172757475,43.920863309353],[15.697674418605,43.920863309353],[15.697674418605,44.028776978417],[15.6,44.028776978417],[15.548172757475,44.028776978417],[15.548172757475,43.920863309353]]],"type":"Polygon"},"id":284,"properties":{"parentKey":"HRV:1159312443","sourceCountryId":"HRV","syntheticOperational":true,"territoryId":"territory:catalog:47ad0252e302b8abc249b9c4ff4a8d16000c37a86b088c26d25f8fbb976e6a74"},"type":"Feature"},{"geometry":{"coordinates":[[[17.474226804124,45.863309352518],[17.628865979381,45.863309352518],[17.628865979381,45.908386852439],[17.591102,45.936215],[17.554308,45.947791],[17.511933,45.95394],[17.474226804124,45.955174231613],[17.474226804124,45.863309352518]]],"type":"Polygon"},"id":285,"properties":{"parentKey":"HRV:1159312547","sourceCountryId":"HRV","syntheticOperational":true,"territoryId":"territory:catalog:3790fd4b260dd50170783886b66196c7a0011f59b4119b92f50077c9110c337f"},"type":"Feature"},{"geometry":{"coordinates":[[[16.883193188791,42.73381294964],[16.884939,42.729397],[16.905447,42.731757],[16.909541842765,42.73381294964],[16.884176182708,42.73381294964],[16.883193188791,42.73381294964]]],"type":"Polygon"},"id":286,"properties":{"parentKey":"HRV:1159312431","sourceCountryId":"HRV","syntheticOperational":true,"territoryId":"territory:catalog:095689298ae39f13a88a3e1da428d1ee8385bdcafc37c4b91da1e6f7aa70787c"},"type":"Feature"},{"geometry":{"coordinates":[[[17.724957555178,45.215827338129],[17.782132747702,45.215827338129],[17.78215,45.216207],[17.785096,45.218119],[17.790987,45.218946],[17.815223,45.217447],[17.822664,45.218015],[17.844524,45.224217],[17.854652,45.229384],[17.865504,45.237963],[17.869535,45.243389],[17.871705,45.247006],[17.873566,45.24959],[17.874961,45.250985],[17.877441,45.252845],[17.877758913413,45.252965140107],[17.877758913413,45.323741007194],[17.800511508951,45.323741007194],[17.724957555178,45.323741007194],[17.724957555178,45.215827338129]]],"type":"Polygon"},"id":287,"properties":{"parentKey":"HRV:1159312541","sourceCountryId":"HRV","syntheticOperational":true,"territoryId":"territory:catalog:372040e98469015707e90be17ea2e3bd407a44e2ee8d66075b544bf342efc2fd"},"type":"Feature"},{"geometry":{"coordinates":[[[16.466933,45.960812],[16.469414,45.958849],[16.475305,45.958125],[16.488792,45.960709],[16.495924,45.96412],[16.499644,45.96629],[16.502745,45.970993],[16.502928054301,45.971223021583],[16.470821498061,45.971223021583],[16.468794,45.966807],[16.466933,45.960812]]],"type":"Polygon"},"id":288,"properties":{"parentKey":"HRV:1159312551","sourceCountryId":"HRV","syntheticOperational":true,"territoryId":"territory:catalog:543da74fb55cac00f153e2c8cf3333172599790af7340993ed0fbf1f7c32a3e4"},"type":"Feature"},{"geometry":{"coordinates":[[[17.628865979381,45.755395683453],[17.70744225834,45.755395683453],[17.783505154639,45.755395683453],[17.783505154639,45.819933569879],[17.687323,45.840614],[17.664689,45.841647],[17.656524,45.84542],[17.654669,45.852113],[17.653217,45.857357],[17.652627057112,45.863309352518],[17.628865979381,45.863309352518],[17.628865979381,45.755395683453]]],"type":"Polygon"},"id":289,"properties":{"parentKey":"HRV:1159312547","sourceCountryId":"HRV","syntheticOperational":true,"territoryId":"territory:catalog:f980d4e4319cac9549c1b9919ddef0254486123659ad23bd99ad6810962c4336"},"type":"Feature"},{"geometry":{"coordinates":[[[18.030560271647,45.276857019564],[18.081615,45.271501],[18.108177,45.302351],[18.109572,45.312273],[18.107092,45.315426],[18.104456,45.319715],[18.103070990006,45.323741007194],[18.030560271647,45.323741007194],[18.030560271647,45.276857019564]]],"type":"Polygon"},"id":290,"properties":{"parentKey":"HRV:1159312541","sourceCountryId":"HRV","syntheticOperational":true,"territoryId":"territory:catalog:0c8dc72bc459ac18d904c5d4deaf989f2b780c088023ebdc9460a49542fb89f4"},"type":"Feature"},{"geometry":{"coordinates":[[[16.549264204861,43.273381294964],[16.563975,43.270087],[16.565324568611,43.269953745555],[16.565324568611,43.273381294964],[16.549264204861,43.273381294964]]],"type":"Polygon"},"id":291,"properties":{"parentKey":"HRV:1159312433","sourceCountryId":"HRV","syntheticOperational":true,"territoryId":"territory:catalog:dfe9ee20cecf2cc43253527a9e256d69473416c174017965ad4721d87624e8b8"},"type":"Feature"},{"geometry":{"coordinates":[[[15.350034,45.669619],[15.351962,45.668066],[15.368291,45.649049],[15.36926247433,45.647482014388],[15.397775876818,45.647482014388],[15.397775876818,45.692345533827],[15.382865,45.690441],[15.364572,45.675507],[15.350154,45.669667],[15.350034,45.669619]]],"type":"Polygon"},"id":292,"properties":{"parentKey":"HRV:1159312525","sourceCountryId":"HRV","syntheticOperational":true,"territoryId":"territory:catalog:43f557a3151da33dc08212cffbdeb3b3131d8a69914db19047be02333295a961"},"type":"Feature"},{"geometry":{"coordinates":[[[17.319587628866,45.863309352518],[17.474226804124,45.863309352518],[17.474226804124,45.955174231613],[17.426667,45.956731],[17.418192,45.95301],[17.415402,45.949703],[17.411578,45.946602],[17.406203,45.943657],[17.399692,45.959935],[17.38915,45.963087],[17.365276,45.956731],[17.345328,45.955697],[17.342124,45.958643],[17.343675,45.967531],[17.342425691557,45.971223021583],[17.319587628866,45.971223021583],[17.319587628866,45.863309352518]]],"type":"Polygon"},"id":293,"properties":{"parentKey":"HRV:1159312547","sourceCountryId":"HRV","syntheticOperational":true,"territoryId":"territory:catalog:ccedfb53e0438ae480b860ca3d137b7f28fc1dcf2b2bc386267271a6f7236fe8"},"type":"Feature"},{"geometry":{"coordinates":[[[15.110362,44.26435],[15.131521,44.254625],[15.142237967491,44.244604316547],[15.213389121339,44.244604316547],[15.213389121339,44.294340422916],[15.19809,44.301663],[15.201182,44.297512],[15.206554,44.285386],[15.199067,44.285386],[15.194591,44.288804],[15.194184,44.288642],[15.193044,44.286851],[15.185395,44.285386],[15.207774,44.272773],[15.197927,44.25731],[15.176606,44.249945],[15.16505,44.261217],[15.157563,44.280341],[15.140636,44.282457],[15.122244,44.274807],[15.110362,44.26435]]],"type":"Polygon"},"id":294,"properties":{"parentKey":"HRV:1159312443","sourceCountryId":"HRV","syntheticOperational":true,"territoryId":"territory:catalog:a7b11a262d8d94fd2f13dd865bbe4ab2466c2f39d89e2fd599e1a68a6c315754"},"type":"Feature"},{"geometry":{"coordinates":[[[16.855974545182,43.165467625899],[16.861133935908,43.165467625899],[16.861133935908,43.167531255392],[16.855974545182,43.165467625899]]],"type":"Polygon"},"id":295,"properties":{"parentKey":"HRV:1159312433","sourceCountryId":"HRV","syntheticOperational":true,"territoryId":"territory:catalog:17db62307e4b8b4902c2e552879316f25249c79537f3c91a03b71789dfd93506"},"type":"Feature"},{"geometry":{"coordinates":[[[15.113350125945,44.508572107559],[15.15504,44.466702],[15.16357907452,44.460431654676],[15.213389121339,44.460431654676],[15.264483627204,44.460431654676],[15.264483627204,44.568345323741],[15.113350125945,44.568345323741],[15.113350125945,44.508572107559]]],"type":"Polygon"},"id":296,"properties":{"parentKey":"HRV:1159312507","sourceCountryId":"HRV","syntheticOperational":true,"territoryId":"territory:catalog:1e463e880d497b68c4c0bac12290a863d42e8720fbc2a67e29dafbb2f66be46a"},"type":"Feature"},{"geometry":{"coordinates":[[[16.525745662404,45.971223021583],[16.545275,45.957092],[16.546391752577,45.956435521614],[16.546391752577,45.971223021583],[16.525745662404,45.971223021583]]],"type":"Polygon"},"id":297,"properties":{"parentKey":"HRV:1159312551","sourceCountryId":"HRV","syntheticOperational":true,"territoryId":"territory:catalog:e8f7f14a0fd864972a440140c6d495d7851da9a54931216a6cb161955c60ed85"},"type":"Feature"},{"geometry":{"coordinates":[[[15.75,44.136690647482],[15.9,44.136690647482],[15.9,44.244604316547],[15.81589958159,44.244604316547],[15.75,44.244604316547],[15.75,44.136690647482]]],"type":"Polygon"},"id":298,"properties":{"parentKey":"HRV:1159312443","sourceCountryId":"HRV","syntheticOperational":true,"territoryId":"territory:catalog:818709a44269501ed270fc8f72eab0eed72efc7bec4c5f9e5c0642a4998944a6"},"type":"Feature"},{"geometry":{"coordinates":[[[15.17121124474,45.323741007194],[15.191815856778,45.323741007194],[15.191815856778,45.353938783879],[15.190939,45.353408],[15.185513,45.34917],[15.183497,45.345708],[15.182877,45.342659],[15.183807,45.334081],[15.180862,45.32912],[15.174196,45.324624],[15.17121124474,45.323741007194]]],"type":"Polygon"},"id":299,"properties":{"parentKey":"HRV:1159312525","sourceCountryId":"HRV","syntheticOperational":true,"territoryId":"territory:catalog:1c36607bba20a80ff28355c20734b7a2affb144b0bfd86786c48af2a7871c57a"},"type":"Feature"},{"geometry":{"coordinates":[[[15.048734569602,44.460431654676],[15.051036,44.455268],[15.062761506276,44.440662515249],[15.062761506276,44.460431654676],[15.048734569602,44.460431654676]]],"type":"Polygon"},"id":300,"properties":{"parentKey":"HRV:1159312507","sourceCountryId":"HRV","syntheticOperational":true,"territoryId":"territory:catalog:ed7a4df1443de12e20f6098b7036649c1c5bb939f98d7552f997f0eeb4a9c3aa"},"type":"Feature"},{"geometry":{"coordinates":[[[14.116224,45.464202],[14.117309,45.459034],[14.117647058824,45.458274647454],[14.117647058824,45.472963316105],[14.117321,45.472976],[14.116224,45.464202]]],"type":"Polygon"},"id":301,"properties":{"parentKey":"HRV:1159312505","sourceCountryId":"HRV","syntheticOperational":true,"territoryId":"territory:catalog:bc6dab1c060e85a892648f9c156d711148699ab73333ea126ae1417a9185285d"},"type":"Feature"},{"geometry":{"coordinates":[[[16.445182724253,43.952291743632],[16.470344,43.964294],[16.484452,43.968376],[16.494218,43.970236],[16.527446,43.967859],[16.52744707157,43.967858923344],[16.527447,43.967859],[16.516542,43.979539],[16.501039,43.992716],[16.483469,44.002535],[16.445182724253,44.012557823134],[16.445182724253,43.952291743632]]],"type":"Polygon"},"id":302,"properties":{"parentKey":"HRV:1159312443","sourceCountryId":"HRV","syntheticOperational":true,"territoryId":"territory:catalog:86666b291cc5bced85dfb307e486bccf4c4a13091b2def23ca47de57284bee31"},"type":"Feature"},{"geometry":{"coordinates":[[[15.213389121339,44.352517985612],[15.239121904955,44.352517985612],[15.233326447675,44.356253325269],[15.213389121339,44.369103508113],[15.213389121339,44.352517985612]]],"type":"Polygon"},"id":303,"properties":{"parentKey":"HRV:1159312507","sourceCountryId":"HRV","syntheticOperational":true,"territoryId":"territory:catalog:d619423d0fbaf2b80f3931149dc1fc1c5b783da2bbdb6228cfb40c0fa4eb9d0e"},"type":"Feature"},{"geometry":{"coordinates":[[[16.293103448276,45.971223021583],[16.39175257732,45.971223021583],[16.448275862069,45.971223021583],[16.448275862069,45.999298437465],[16.443627,46.004066],[16.432775,46.008045],[16.35924,46.024633],[16.328492,46.020085],[16.311904,46.013626],[16.300432,46.012592],[16.293765,46.012799],[16.293103448276,46.013142105858],[16.293103448276,45.971223021583]]],"type":"Polygon"},"id":304,"properties":{"parentKey":"HRV:1159312531","sourceCountryId":"HRV","syntheticOperational":true,"territoryId":"territory:catalog:8dd5534babda23a95ef33df5cfb4e7ec1b9b4ae7afb3fd16447dfbcd79e5bda3"},"type":"Feature"},{"geometry":{"coordinates":[[[17.266553480475,45.215827338129],[17.41935483871,45.215827338129],[17.41935483871,45.323741007194],[17.340153452685,45.323741007194],[17.266553480475,45.323741007194],[17.266553480475,45.215827338129]]],"type":"Polygon"},"id":305,"properties":{"parentKey":"HRV:1159312537","sourceCountryId":"HRV","syntheticOperational":true,"territoryId":"territory:catalog:4266a9b548219cf23d42d224d96e1609ac3e3e8118dce4851c312a409ae873ea"},"type":"Feature"},{"geometry":{"coordinates":[[[18.336162988115,45.122049090953],[18.392913,45.118642],[18.412033,45.112441],[18.419669994912,45.107913669065],[18.426395939086,45.107913669065],[18.48896434635,45.107913669065],[18.48896434635,45.210777285666],[18.486655,45.211608],[18.469677713983,45.215827338129],[18.336162988115,45.215827338129],[18.336162988115,45.122049090953]]],"type":"Polygon"},"id":306,"properties":{"parentKey":"HRV:1159312537","sourceCountryId":"HRV","syntheticOperational":true,"territoryId":"territory:catalog:9519dca8f280595611a95944b87d8cf85156e042b85662461ef6b511ec6095c6"},"type":"Feature"},{"geometry":{"coordinates":[[[18.426395939086,45.103926423365],[18.429293,45.102209],[18.45183,45.084959],[18.466087,45.074046],[18.481708,45.066921],[18.490788,45.06278],[18.51704,45.055856],[18.541121,45.055287],[18.539261,45.069343],[18.534403,45.081539],[18.534803,45.088412],[18.534456,45.088566],[18.533991,45.088773],[18.516831193477,45.107913669065],[18.48896434635,45.107913669065],[18.426395939086,45.107913669065],[18.426395939086,45.103926423365]]],"type":"Polygon"},"id":307,"properties":{"parentKey":"HRV:1159312537","sourceCountryId":"HRV","syntheticOperational":true,"territoryId":"territory:catalog:3574fef7652fcd06ad4d0059b254189dbe12085b0ec0a6acf474212fe101ef6c"},"type":"Feature"},{"geometry":{"coordinates":[[[17.724957555178,45.144728593702],[17.741377,45.133267],[17.765737292524,45.110992438152],[17.769104349353,45.107913669065],[17.817258883249,45.107913669065],[17.877758913413,45.107913669065],[17.877758913413,45.215827338129],[17.782132747702,45.215827338129],[17.781995,45.212796],[17.781065,45.203649],[17.780135,45.200342],[17.778739,45.196931],[17.777189,45.193934],[17.775639,45.192022],[17.773623,45.190472],[17.770058,45.18887],[17.765252,45.187526],[17.759206,45.186389],[17.745408,45.185563],[17.728458,45.187475],[17.724957555178,45.188256375185],[17.724957555178,45.144728593702]]],"type":"Polygon"},"id":308,"properties":{"parentKey":"HRV:1159312537","sourceCountryId":"HRV","syntheticOperational":true,"territoryId":"territory:catalog:f234f53333fa812d0278687ca38cd6e54313792938f30a048aebc307a7741375"},"type":"Feature"},{"geometry":{"coordinates":[[[16.448275862069,46.13562980333],[16.472824,46.139303],[16.485072,46.142869],[16.490808,46.146641],[16.494218,46.15124],[16.497009,46.158423],[16.500109,46.161782],[16.558732132404,46.187050359712],[16.519480519481,46.187050359712],[16.448275862069,46.187050359712],[16.448275862069,46.13562980333]]],"type":"Polygon"},"id":309,"properties":{"parentKey":"HRV:1159312555","sourceCountryId":"HRV","syntheticOperational":true,"territoryId":"territory:catalog:641131e30ef26c2303ebcc57e12936c92906f18934096c4a88982a7a7e00814b"},"type":"Feature"},{"geometry":{"coordinates":[[[16.603448275862,45.971223021583],[16.694775514267,45.971223021583],[16.697203,45.98107],[16.710846,46.00143],[16.719218,46.018742],[16.731,46.033366],[16.741128,46.045717],[16.758027,46.052952],[16.758620689655,46.053129602827],[16.758620689655,46.079136690647],[16.603448275862,46.079136690647],[16.603448275862,45.971223021583]]],"type":"Polygon"},"id":310,"properties":{"parentKey":"HRV:1159312551","sourceCountryId":"HRV","syntheticOperational":true,"territoryId":"territory:catalog:63fa71e2ef1f7d8c246fce04622b4577c4e2cb647dc4dda7e7f3d83aac762bcb"},"type":"Feature"},{"geometry":{"coordinates":[[[16.913793103448,46.025371752826],[16.915381,46.02825],[16.915846,46.032798],[16.913793103448,46.035427380575],[16.913793103448,46.025371752826]]],"type":"Polygon"},"id":311,"properties":{"parentKey":"HRV:1159312549","sourceCountryId":"HRV","syntheticOperational":true,"territoryId":"territory:catalog:01d7ad40239c72b9950af20ba73020b6a2db8dd7d9e9fdb818512848c3bc3047"},"type":"Feature"},{"geometry":{"coordinates":[[[16.390728476821,43.705035971223],[16.539735099338,43.705035971223],[16.539735099338,43.812949640288],[16.445182724253,43.812949640288],[16.426177534539,43.812949640288],[16.425489,43.812261],[16.390728476821,43.795024950862],[16.390728476821,43.705035971223]]],"type":"Polygon"},"id":312,"properties":{"parentKey":"HRV:1159312433","sourceCountryId":"HRV","syntheticOperational":true,"territoryId":"territory:catalog:0e1c7449f5e050f136de5b6622e0ca1548088577d4374fc89bc97b96f758b5a2"},"type":"Feature"},{"geometry":{"coordinates":[[[19.028132992327,45.496745773054],[19.077212,45.491643],[19.106255,45.511642],[19.095092,45.526059],[19.082277,45.531175],[19.067807,45.533398],[19.050961,45.538927],[19.049906640067,45.539568345324],[19.028132992327,45.539568345324],[19.028132992327,45.496745773054]]],"type":"Polygon"},"id":313,"properties":{"parentKey":"HRV:1159312539","sourceCountryId":"HRV","syntheticOperational":true,"territoryId":"territory:catalog:24f76f92634bee60abd0cb4a53b9eb34e684b92283488a009f42061beef6b88f"},"type":"Feature"},{"geometry":{"coordinates":[[[14.26190160327,44.676258992806],[14.280392863616,44.676258992806],[14.280447,44.677558],[14.265798,44.679511],[14.26190160327,44.676258992806]]],"type":"Polygon"},"id":314,"properties":{"parentKey":"HRV:1159312505","sourceCountryId":"HRV","syntheticOperational":true,"territoryId":"territory:catalog:8ca41a0c2585e6277bc82e7f62b873d87b2ae7a33aaa59379ec0c043e2f06f1f"},"type":"Feature"},{"geometry":{"coordinates":[[[14.550455973488,45.647482014388],[14.594041904244,45.647482014388],[14.594075,45.648016],[14.591905,45.663364],[14.580949,45.667808],[14.569095,45.664252],[14.563896,45.662692],[14.556145,45.656697],[14.550455973488,45.647482014388]]],"type":"Polygon"},"id":315,"properties":{"parentKey":"HRV:1159312505","sourceCountryId":"HRV","syntheticOperational":true,"territoryId":"territory:catalog:70bf58c91b032f04a5b7fe1c66dee6f3f9853bfa4d8955fb7e96146a8b1689bf"},"type":"Feature"},{"geometry":{"coordinates":[[[18.874680306905,45.480216715373],[18.882186,45.478103],[18.895519,45.471075],[18.90141,45.466889],[18.904976,45.463582],[18.906061,45.46136],[18.907766,45.456657],[18.909316,45.454177],[18.911642,45.451903],[18.914742,45.450043],[18.926111,45.445133],[18.929212,45.443221],[18.934173,45.438984],[18.935878,45.436917],[18.937428,45.434695],[18.938514,45.432473],[18.940763620773,45.431654676259],[18.961951154765,45.431654676259],[18.986779,45.435315],[19.002282,45.443686],[18.997144,45.455517],[18.99639,45.473815],[19.00962,45.498671],[19.017926,45.497807],[19.028132992327,45.496745773054],[19.028132992327,45.539568345324],[18.96100388925,45.539568345324],[18.960217,45.539134],[18.941717,45.538927],[18.94077495739,45.539568345324],[18.939264328486,45.539568345324],[18.874680306905,45.539568345324],[18.874680306905,45.480216715373]]],"type":"Polygon"},"id":316,"properties":{"parentKey":"HRV:1159312539","sourceCountryId":"HRV","syntheticOperational":true,"territoryId":"territory:catalog:6a9475ce7e4620ee840573adca253fcdd5375a6edc99a81ce55d1268289c05ab"},"type":"Feature"},{"geometry":{"coordinates":[[[16.321642429427,45.747560480968],[16.337019,45.741084],[16.344047,45.739534],[16.347147,45.739482],[16.366371,45.743616],[16.370247,45.745115],[16.372572,45.747389],[16.373192,45.749042],[16.374377184286,45.755395683453],[16.321642429427,45.755395683453],[16.321642429427,45.747560480968]]],"type":"Polygon"},"id":317,"properties":{"parentKey":"HRV:1159312531","sourceCountryId":"HRV","syntheticOperational":true,"territoryId":"territory:catalog:ad8ed8d22eef1a2b67368e7a809343d742e90e33303a03d7e2627511cb5423fb"},"type":"Feature"},{"geometry":{"coordinates":[[[18.336162988115,45.215827338129],[18.469677713983,45.215827338129],[18.363148,45.242303],[18.336162988115,45.245323031344],[18.336162988115,45.215827338129]]],"type":"Polygon"},"id":318,"properties":{"parentKey":"HRV:1159312537","sourceCountryId":"HRV","syntheticOperational":true,"territoryId":"territory:catalog:ec9b8f4b4c918d98d83d16612aab2c4e66bd9612f3c48cc7b72b21aba479a920"},"type":"Feature"},{"geometry":{"coordinates":[[[17.395577395577,42.94964028777],[17.442914538874,42.94964028777],[17.425792,42.960883],[17.395577395577,42.97529437139],[17.395577395577,42.94964028777]]],"type":"Polygon"},"id":319,"properties":{"parentKey":"HRV:1159312431","sourceCountryId":"HRV","syntheticOperational":true,"territoryId":"territory:catalog:6d70b986543dd28e1d07ea28da78ae202ab6c0f8afd56773ce3939c5ec488439"},"type":"Feature"},{"geometry":{"coordinates":[[[15.566750629723,44.460431654676],[15.593252332219,44.460431654676],[15.594222,44.461886],[15.602128,44.467622],[15.653494,44.494959],[15.637216,44.527412],[15.623109,44.541261],[15.582655766664,44.568345323741],[15.566750629723,44.568345323741],[15.566750629723,44.460431654676]]],"type":"Polygon"},"id":320,"properties":{"parentKey":"HRV:1159312507","sourceCountryId":"HRV","syntheticOperational":true,"territoryId":"territory:catalog:d4e32782f6b854561fec00b600907879ab62f03c177ae009ddf211574cb40196"},"type":"Feature"},{"geometry":{"coordinates":[[[15.847176079734,43.936893314808],[15.874153,43.929825],[15.877874,43.927758],[15.886453248195,43.920863309353],[15.92444289365,43.920863309353],[15.937146,43.931272],[15.944433,43.93551],[15.953166,43.939437],[15.960142,43.941298],[15.996677740864,43.946898383554],[15.996677740864,44.028776978417],[15.9,44.028776978417],[15.847176079734,44.028776978417],[15.847176079734,43.936893314808]]],"type":"Polygon"},"id":321,"properties":{"parentKey":"HRV:1159312443","sourceCountryId":"HRV","syntheticOperational":true,"territoryId":"territory:catalog:551a14e03748f8e0b31acefd92055738ecf4dbbc0ceab4dec58f6ee5647a1f61"},"type":"Feature"},{"geometry":{"coordinates":[[[17.782132747702,45.215827338129],[17.877758913413,45.215827338129],[17.877758913413,45.252965140107],[17.877441,45.252845],[17.874961,45.250985],[17.873566,45.24959],[17.871705,45.247006],[17.869535,45.243389],[17.865504,45.237963],[17.854652,45.229384],[17.844524,45.224217],[17.822664,45.218015],[17.815223,45.217447],[17.790987,45.218946],[17.785096,45.218119],[17.78215,45.216207],[17.782132747702,45.215827338129]]],"type":"Polygon"},"id":322,"properties":{"parentKey":"HRV:1159312537","sourceCountryId":"HRV","syntheticOperational":true,"territoryId":"territory:catalog:368dbccafa91c6c94b963288dd50cf608a4ae0ede1c152a528df537cc8bd1631"},"type":"Feature"},{"geometry":{"coordinates":[[[18.183361629881,45.215827338129],[18.336162988115,45.215827338129],[18.336162988115,45.245323031344],[18.326665,45.246386],[18.299793,45.244215],[18.287701,45.241942],[18.280414,45.238273],[18.275763,45.233105],[18.267857,45.228092],[18.254679,45.22463],[18.223777,45.223028],[18.200988,45.225405],[18.183361629881,45.230029790339],[18.183361629881,45.215827338129]]],"type":"Polygon"},"id":323,"properties":{"parentKey":"HRV:1159312537","sourceCountryId":"HRV","syntheticOperational":true,"territoryId":"territory:catalog:56f237bf4cbf1ea719e70bfd8aa6ed50e89714289bf84c779370da7a800b5eaf"},"type":"Feature"},{"geometry":{"coordinates":[[[16.265984654731,45.323741007194],[16.34974533107,45.323741007194],[16.419437340153,45.323741007194],[16.419437340153,45.431654676259],[16.265984654731,45.431654676259],[16.265984654731,45.323741007194]]],"type":"Polygon"},"id":324,"properties":{"parentKey":"HRV:1159312529","sourceCountryId":"HRV","syntheticOperational":true,"territoryId":"territory:catalog:34881edf6c6be860680ddcfa2788ae411d10573cbe85961a69c9d860e1ac4b96"},"type":"Feature"},{"geometry":{"coordinates":[[[17.033248081841,45.323741007194],[17.113752122241,45.323741007194],[17.186700767263,45.323741007194],[17.186700767263,45.336700147051],[17.181205,45.34793],[17.143791,45.341936],[17.061987,45.378161],[17.051445,45.384724],[17.049275,45.387979],[17.049275,45.392062],[17.05005,45.395834],[17.054701,45.4025],[17.059507,45.407823],[17.061522,45.411595],[17.062607,45.417021],[17.060902,45.422757],[17.057491,45.425186],[17.053306,45.425755],[17.04881,45.424825],[17.035167,45.420587],[17.033248081841,45.420279271147],[17.033248081841,45.323741007194]]],"type":"Polygon"},"id":325,"properties":{"parentKey":"HRV:1159312529","sourceCountryId":"HRV","syntheticOperational":true,"territoryId":"territory:catalog:9bcfd1cabfca8671c82637bc15b7e28c712fd9ebf282ac797afa0ba27b8d9029"},"type":"Feature"},{"geometry":{"coordinates":[[[16.047483445141,46.187050359712],[16.051948051948,46.187050359712],[16.051948051948,46.188338135521],[16.051196,46.188189],[16.047483445141,46.187050359712]]],"type":"Polygon"},"id":326,"properties":{"parentKey":"HRV:1159312523","sourceCountryId":"HRV","syntheticOperational":true,"territoryId":"territory:catalog:dfa2fe6cfea343b86ae0002227858d3d0cd676b056339f115616de4dbeeac563"},"type":"Feature"},{"geometry":{"coordinates":[[[16.167664670659,45.630463899221],[16.171654,45.62874],[16.179716,45.619025],[16.183126,45.615717],[16.187312,45.61427],[16.197544,45.61334],[16.20421,45.61148],[16.211807,45.607966],[16.218628,45.603005],[16.227051,45.598354],[16.237903,45.596752],[16.264878,45.604503],[16.278211,45.61303],[16.297331,45.642279],[16.296399947283,45.647482014388],[16.167664670659,45.647482014388],[16.167664670659,45.630463899221]]],"type":"Polygon"},"id":327,"properties":{"parentKey":"HRV:1159312531","sourceCountryId":"HRV","syntheticOperational":true,"territoryId":"territory:catalog:be41a2040857bd6166f0e2d3c7f6067bdd20bdb83ddc995ec03036b525520226"},"type":"Feature"},{"geometry":{"coordinates":[[[18.516831193477,45.107913669065],[18.533991,45.088773],[18.534456,45.088566],[18.534803,45.088412],[18.53492,45.090427],[18.549596,45.094768],[18.557658,45.094406],[18.573781,45.091564],[18.578680203046,45.091438192404],[18.578680203046,45.107913669065],[18.516831193477,45.107913669065]]],"type":"Polygon"},"id":328,"properties":{"parentKey":"HRV:1159312543","sourceCountryId":"HRV","syntheticOperational":true,"territoryId":"territory:catalog:0b4bea7ec6e65294264b29ebb16ce6727c84b04291abff047ae6ac1ccbdf4bb7"},"type":"Feature"},{"geometry":{"coordinates":[[[17.245508982036,45.647482014388],[17.399486740804,45.647482014388],[17.399486740804,45.703884082824],[17.397316,45.702844],[17.385223,45.702534],[17.36631,45.713696],[17.362279,45.717623],[17.359644,45.721396],[17.361039,45.72491],[17.36631,45.732248],[17.367085,45.73695],[17.365845,45.742428],[17.362279,45.750283],[17.357938,45.75359],[17.353287,45.75483],[17.323625,45.750541],[17.321765,45.750541],[17.320525,45.75235],[17.316316729459,45.755395683453],[17.245508982036,45.755395683453],[17.245508982036,45.647482014388]]],"type":"Polygon"},"id":329,"properties":{"parentKey":"HRV:1159312549","sourceCountryId":"HRV","syntheticOperational":true,"territoryId":"territory:catalog:3a47bdee8b64614a475e7c3119db4bfb0e13b173b3fb30461d8080be8661c15d"},"type":"Feature"},{"geometry":{"coordinates":[[[15.927835051546,45.755395683453],[16.013686911891,45.755395683453],[16.05055733807,45.755395683453],[16.082474226804,45.770024268295],[16.082474226804,45.863309352518],[15.927835051546,45.863309352518],[15.927835051546,45.755395683453]]],"type":"Polygon"},"id":330,"properties":{"parentKey":"HRV:1159312533","sourceCountryId":"HRV","syntheticOperational":true,"territoryId":"territory:catalog:323545f642192dc2103c48238c16dfd8d1010bda82ec91f411ccffc870e488d8"},"type":"Feature"},{"geometry":{"coordinates":[[[15.717884130982,44.568345323741],[15.869017632242,44.568345323741],[15.869017632242,44.676258992806],[15.770850884583,44.676258992806],[15.717884130982,44.676258992806],[15.717884130982,44.568345323741]]],"type":"Polygon"},"id":331,"properties":{"parentKey":"HRV:1159312443","sourceCountryId":"HRV","syntheticOperational":true,"territoryId":"territory:catalog:ca70602f9d096bcfc47a838196065fea4b8eddd05ce5f142410f95de3d3e9b20"},"type":"Feature"},{"geometry":{"coordinates":[[[16.953316953317,43.127265],[17.100737100737,43.127265],[17.100737100737,43.143491807491],[17.018565,43.140855],[16.958751,43.152411],[16.953316953317,43.152617804331],[16.953316953317,43.127265]]],"type":"Polygon"},"id":332,"properties":{"parentKey":"HRV:1159312433","sourceCountryId":"HRV","syntheticOperational":true,"territoryId":"territory:catalog:5841c00eb3ece3dfdccba778cdc911921dacf80468dfce87c5de1131cd8f3e84"},"type":"Feature"},{"geometry":{"coordinates":[[[14.709351305813,44.767731190266],[14.709972,44.76789],[14.724946,44.767646],[14.740896,44.76439],[14.75408,44.757758],[14.742931,44.765774],[14.740489,44.770494],[14.740489,44.778266],[14.77296,44.760321],[14.821462,44.720649],[14.84962,44.703192],[14.85906,44.717353],[14.851248,44.737291],[14.822439,44.77143],[14.811534,44.779202],[14.787364,44.789252],[14.748057,44.816799],[14.740489,44.820502],[14.740489,44.826646],[14.756114,44.835679],[14.753266,44.845852],[14.739024,44.85342],[14.719981,44.854641],[14.724132,44.844428],[14.726817,44.840277],[14.709351305813,44.844360093501],[14.709351305813,44.823267809196],[14.714122,44.818427],[14.726817,44.798774],[14.719981,44.798774],[14.715831,44.803168],[14.709351305813,44.80708505179],[14.709351305813,44.767731190266]]],"type":"Polygon"},"id":333,"properties":{"parentKey":"HRV:1159312505","sourceCountryId":"HRV","syntheticOperational":true,"territoryId":"territory:catalog:d9008282a2683abe7813247d35b86db1a3818c94223aaad799380a04e13dac6f"},"type":"Feature"},{"geometry":{"coordinates":[[[16.013686911891,45.647482014388],[16.167664670659,45.647482014388],[16.167664670659,45.755395683453],[16.082474226804,45.755395683453],[16.05055733807,45.755395683453],[16.013686911891,45.738496725601],[16.013686911891,45.647482014388]]],"type":"Polygon"},"id":334,"properties":{"parentKey":"HRV:1159312531","sourceCountryId":"HRV","syntheticOperational":true,"territoryId":"territory:catalog:02a813387c8c8d3245904544afdc7c705809299ff180bb0bf131ab4e8052a06b"},"type":"Feature"},{"geometry":{"coordinates":[[[16.264118158123,46.510791366906],[16.420503909644,46.510791366906],[16.420503909644,46.531635867802],[16.415153,46.535559],[16.406264,46.539486],[16.394895,46.540106],[16.382183,46.539383],[16.369471,46.540571],[16.357895,46.546979],[16.351694,46.539486],[16.351254,46.539922],[16.344149,46.546979],[16.340276,46.543827],[16.32999,46.535455],[16.310663,46.530985],[16.295367,46.524448],[16.264118158123,46.515968444754],[16.264118158123,46.510791366906]]],"type":"Polygon"},"id":335,"properties":{"parentKey":"HRV:1159312553","sourceCountryId":"HRV","syntheticOperational":true,"territoryId":"territory:catalog:4fac6b95ee0adcdbc06da8e2f090155974ca6e10b66d4207742837cd4459fddc"},"type":"Feature"},{"geometry":{"coordinates":[[[15.432937181664,45.107913669065],[15.532994923858,45.107913669065],[15.585738539898,45.107913669065],[15.585738539898,45.215827338129],[15.432937181664,45.215827338129],[15.432937181664,45.107913669065]]],"type":"Polygon"},"id":336,"properties":{"parentKey":"HRV:1159312525","sourceCountryId":"HRV","syntheticOperational":true,"territoryId":"territory:catalog:fcccc3eddbf5c7a2cdf1e49fc9194931b670f9cfcff93671e0eeb09b60232775"},"type":"Feature"},{"geometry":{"coordinates":[[[16.108998786968,45.107913669065],[16.121527,45.096163],[16.142131979695,45.081588108714],[16.142131979695,45.107913669065],[16.108998786968,45.107913669065]]],"type":"Polygon"},"id":337,"properties":{"parentKey":"HRV:1159312529","sourceCountryId":"HRV","syntheticOperational":true,"territoryId":"territory:catalog:1faa41e42c4640e970a9b41b139d7d4f086dd52c6f5a5b2d064dcf058082df08"},"type":"Feature"},{"geometry":{"coordinates":[[[16.013686911891,45.539568345324],[16.098561988254,45.539568345324],[16.093571,45.54399],[16.076518,45.553602],[16.072797,45.556444],[16.070317,45.559855],[16.069231,45.563834],[16.068921,45.571172],[16.066751,45.574635],[16.0621,45.577218],[16.053367,45.57944],[16.049491,45.581042],[16.047011,45.583833],[16.04577,45.589156],[16.04639,45.594013],[16.049181,45.597475],[16.054297,45.599129],[16.075898,45.59732],[16.085509,45.598251],[16.092796,45.600628],[16.121528,45.616906],[16.137961,45.629928],[16.141682,45.632305],[16.147883,45.634114],[16.153619,45.634372],[16.16137,45.633184],[16.167664670659,45.630463899221],[16.167664670659,45.647482014388],[16.013686911891,45.647482014388],[16.013686911891,45.539568345324]]],"type":"Polygon"},"id":338,"properties":{"parentKey":"HRV:1159312531","sourceCountryId":"HRV","syntheticOperational":true,"territoryId":"territory:catalog:f8863976a6731916bcef5bad4494fdce4e8fb92c606409359e26adf53815b1b7"},"type":"Feature"},{"geometry":{"coordinates":[[[14.968265,45.158019],[14.968885,45.15311],[14.970901,45.149803],[14.974533106961,45.147283735449],[14.974533106961,45.160960016792],[14.973071,45.160034],[14.968265,45.158019]]],"type":"Polygon"},"id":339,"properties":{"parentKey":"HRV:1159312525","sourceCountryId":"HRV","syntheticOperational":true,"territoryId":"territory:catalog:ab581923a53193d5396fbc5356de01f4f84ddbbe07e79c0b25022d775c51d897"},"type":"Feature"},{"geometry":{"coordinates":[[[14.974533106961,45.215827338129],[14.982259916611,45.215827338129],[14.982373,45.221219],[14.986248,45.241063],[14.983923,45.246437],[14.980822,45.251915],[14.976327,45.258168],[14.974533106961,45.261516754624],[14.974533106961,45.215827338129]]],"type":"Polygon"},"id":340,"properties":{"parentKey":"HRV:1159312505","sourceCountryId":"HRV","syntheticOperational":true,"territoryId":"territory:catalog:0c58f260149829c2d57aa10c298ae1741010407f1c3bb8402e9c653a387c3356"},"type":"Feature"},{"geometry":{"coordinates":[[[15.847176079734,43.920863309353],[15.886453248195,43.920863309353],[15.877874,43.927758],[15.874153,43.929825],[15.847176079734,43.936893314808],[15.847176079734,43.920863309353]]],"type":"Polygon"},"id":341,"properties":{"parentKey":"HRV:1159312439","sourceCountryId":"HRV","syntheticOperational":true,"territoryId":"territory:catalog:474ee519ef12a6ca543278e81dd2050a49c18fe84dd00bdb409c978f1606888f"},"type":"Feature"},{"geometry":{"coordinates":[[[15.213389121339,44.31411282185],[15.220225,44.31273],[15.215017,44.314927],[15.213389121339,44.31588756443],[15.213389121339,44.31411282185]]],"type":"Polygon"},"id":342,"properties":{"parentKey":"HRV:1159312507","sourceCountryId":"HRV","syntheticOperational":true,"territoryId":"territory:catalog:3e3304398eb66bb5b381266bd7699e04bb971339503b5109063ebb822717af00"},"type":"Feature"},{"geometry":{"coordinates":[[[15.532994923858,44.926864624591],[15.534174,44.92346],[15.537739,44.918551],[15.563371,44.892299],[15.563423757276,44.892086330935],[15.619208087616,44.892086330935],[15.685279187817,44.892086330935],[15.685279187817,44.937724887616],[15.665638,44.947128],[15.660316,44.948058],[15.65613,44.947644],[15.637837,44.935604],[15.63179,44.932968],[15.618303,44.928782],[15.610345,44.929816],[15.588796,44.94289],[15.567402,44.948781],[15.558565,44.950125],[15.552467,44.949143],[15.542545,44.938549],[15.539445,44.936224],[15.536964,44.934674],[15.534484,44.932813],[15.533088,44.930746],[15.532994923858,44.929768700509],[15.532994923858,44.926864624591]]],"type":"Polygon"},"id":343,"properties":{"parentKey":"HRV:1159312443","sourceCountryId":"HRV","syntheticOperational":true,"territoryId":"territory:catalog:b47a71f57642789aa1ed6104126b7f123642d70d71a3309dcfb322cba1ceac41"},"type":"Feature"},{"geometry":{"coordinates":[[[18.071806782377,45.647482014388],[18.076861,45.645586],[18.079445,45.643623],[18.080892,45.642176],[18.083217,45.63029],[18.151637,45.620265],[18.158148,45.618301],[18.163264,45.615614],[18.169375534645,45.611159260504],[18.169375534645,45.647482014388],[18.071806782377,45.647482014388]]],"type":"Polygon"},"id":344,"properties":{"parentKey":"HRV:1159312539","sourceCountryId":"HRV","syntheticOperational":true,"territoryId":"territory:catalog:c6cd885c4e08056c73ef512eeb966fdfd7f8a30f72a3dc433085d4bfd8ba66cf"},"type":"Feature"},{"geometry":{"coordinates":[[[18.48896434635,45.210777285666],[18.536936,45.193521],[18.544222,45.19073],[18.548253,45.190524],[18.553834,45.192022],[18.558485,45.195433],[18.563446,45.202306],[18.565616,45.20799],[18.567167,45.214295],[18.56726315887,45.215827338129],[18.48896434635,45.215827338129],[18.48896434635,45.210777285666]]],"type":"Polygon"},"id":345,"properties":{"parentKey":"HRV:1159312539","sourceCountryId":"HRV","syntheticOperational":true,"territoryId":"territory:catalog:bbba5cbee47918665ea3e02bc85d3cb1d028dd6ae5d4d6982a44583127252977"},"type":"Feature"},{"geometry":{"coordinates":[[[17.319587628866,45.755395683453],[17.399486740804,45.755395683453],[17.474226804124,45.755395683453],[17.474226804124,45.863309352518],[17.319587628866,45.863309352518],[17.319587628866,45.755395683453]]],"type":"Polygon"},"id":346,"properties":{"parentKey":"HRV:1159312547","sourceCountryId":"HRV","syntheticOperational":true,"territoryId":"territory:catalog:98cc1f262cb3e5e8bf1a5166414168e2df1ab1bdc6fbf85b6a967667a138b188"},"type":"Feature"},{"geometry":{"coordinates":[[[16.831168831169,46.294964028777],[16.887835638099,46.294964028777],[16.879312,46.312062],[16.871766,46.327199],[16.875073,46.342857],[16.865461,46.359135],[16.859411,46.364758],[16.855643,46.357843],[16.847375,46.339084],[16.846032,46.334226],[16.844895,46.331591],[16.831168831169,46.309946858039],[16.831168831169,46.294964028777]]],"type":"Polygon"},"id":347,"properties":{"parentKey":"HRV:1159312551","sourceCountryId":"HRV","syntheticOperational":true,"territoryId":"territory:catalog:b991f8655241a6a069ed0b297b4e6d693864109acb7071dcb0105ed3d8ec06d9"},"type":"Feature"},{"geometry":{"coordinates":[[[15.3,44.136690647482],[15.45,44.136690647482],[15.45,44.244604316547],[15.364016736402,44.244604316547],[15.3,44.244604316547],[15.3,44.136690647482]]],"type":"Polygon"},"id":348,"properties":{"parentKey":"HRV:1159312443","sourceCountryId":"HRV","syntheticOperational":true,"territoryId":"territory:catalog:9b7ee9dbaedb5996a26bbdc8d0ef57d36e35b0e509125c237f39d703dda04ac4"},"type":"Feature"},{"geometry":{"coordinates":[[[15.228426395939,45],[15.380710659898,45],[15.380710659898,45.022906440965],[15.379764,45.023815],[15.376509,45.026296],[15.24246,45.084742],[15.236414,45.088153],[15.231763,45.091977],[15.228426395939,45.09548040736],[15.228426395939,45]]],"type":"Polygon"},"id":349,"properties":{"parentKey":"HRV:1159312507","sourceCountryId":"HRV","syntheticOperational":true,"territoryId":"territory:catalog:237e9133311fe503ba1d90524fca72dfe6c34894c47e3f0e70212a0398093a95"},"type":"Feature"},{"geometry":{"coordinates":[[[18.615716085604,45.863309352518],[18.711340206186,45.863309352518],[18.711340206186,45.901456148987],[18.674343,45.910377],[18.655636,45.907587],[18.633002,45.891929],[18.629281,45.886864],[18.626284,45.874824],[18.623597,45.868674],[18.62215,45.868416],[18.615716085604,45.863309352518]]],"type":"Polygon"},"id":350,"properties":{"parentKey":"HRV:1159312539","sourceCountryId":"HRV","syntheticOperational":true,"territoryId":"territory:catalog:3371ac44544e30fde8739bdf8d67d291a66afa66ed3ac1f6952e75faa976aefa"},"type":"Feature"},{"geometry":{"coordinates":[[[15.45,44.136690647482],[15.6,44.136690647482],[15.6,44.244604316547],[15.514644351464,44.244604316547],[15.45,44.244604316547],[15.45,44.136690647482]]],"type":"Polygon"},"id":351,"properties":{"parentKey":"HRV:1159312443","sourceCountryId":"HRV","syntheticOperational":true,"territoryId":"territory:catalog:a4c5c077d9fa967309c85c3ae66a92715d7f6a9e816642b30fde3473262c7b47"},"type":"Feature"},{"geometry":{"coordinates":[[[15.45,44.028776978417],[15.548172757475,44.028776978417],[15.6,44.028776978417],[15.6,44.136690647482],[15.45,44.136690647482],[15.45,44.028776978417]]],"type":"Polygon"},"id":352,"properties":{"parentKey":"HRV:1159312443","sourceCountryId":"HRV","syntheticOperational":true,"territoryId":"territory:catalog:f71eb30c14012627fb058d45b31553e8d0b6eb23b2d9edb30b9cfd24dd3e7e11"},"type":"Feature"},{"geometry":{"coordinates":[[[18.567774936061,45.431654676259],[18.721227621483,45.431654676259],[18.721227621483,45.539568345324],[18.63130881095,45.539568345324],[18.567774936061,45.539568345324],[18.567774936061,45.431654676259]]],"type":"Polygon"},"id":353,"properties":{"parentKey":"HRV:1159312539","sourceCountryId":"HRV","syntheticOperational":true,"territoryId":"territory:catalog:30f1f2a76cf311041bf56dd4036bc0e86f5e279fdb2292a02797b7400ddb4c29"},"type":"Feature"},{"geometry":{"coordinates":[[[14.363327674024,45.148926266207],[14.364106,45.15762],[14.363327674024,45.158767375143],[14.363327674024,45.148926266207]]],"type":"Polygon"},"id":354,"properties":{"parentKey":"HRV:1159312505","sourceCountryId":"HRV","syntheticOperational":true,"territoryId":"territory:catalog:4ebcce85b14b9b74b4d5834ceef616999b9f0a89341ed49c9efbf6771a7ccc19"},"type":"Feature"},{"geometry":{"coordinates":[[[16.829237,45.507817],[16.830012,45.503786],[16.836058,45.494484],[16.843241,45.489058],[16.851303,45.484614],[16.858899,45.482599],[16.867581,45.481772],[16.879795396419,45.482245355197],[16.879795396419,45.539568345324],[16.85461242989,45.539568345324],[16.86231,45.532415],[16.867271,45.526524],[16.868666,45.522803],[16.850992,45.510039],[16.846342,45.509729],[16.842931,45.509884],[16.839934,45.510659],[16.836678,45.511021],[16.833733,45.510866],[16.830942,45.510401],[16.829237,45.507817]]],"type":"Polygon"},"id":355,"properties":{"parentKey":"HRV:1159312549","sourceCountryId":"HRV","syntheticOperational":true,"territoryId":"territory:catalog:405696ab2c101bd5643816ec0a75cba389cb05bfdfcb7b217135a1af883a02e8"},"type":"Feature"},{"geometry":{"coordinates":[[[17.800511508951,45.323741007194],[17.877758913413,45.323741007194],[17.953964194373,45.323741007194],[17.953964194373,45.431654676259],[17.800511508951,45.431654676259],[17.800511508951,45.323741007194]]],"type":"Polygon"},"id":356,"properties":{"parentKey":"HRV:1159312541","sourceCountryId":"HRV","syntheticOperational":true,"territoryId":"territory:catalog:4de14b61ff69ac0b5b3216367d8a6e4cf152a5a9ca392e960c52fb095eeac90e"},"type":"Feature"},{"geometry":{"coordinates":[[[15.619911824002,46.079136690647],[15.623605,46.076415],[15.631531,46.070574],[15.643727,46.06551],[15.671735,46.057397],[15.672413793103,46.057048976609],[15.672413793103,46.079136690647],[15.619911824002,46.079136690647]]],"type":"Polygon"},"id":357,"properties":{"parentKey":"HRV:1159312523","sourceCountryId":"HRV","syntheticOperational":true,"territoryId":"territory:catalog:52734bf5c0ae4fc23e3a462b4a373fc26e46b9fbbae913147c3d1b1cd607913d"},"type":"Feature"},{"geometry":{"coordinates":[[[18.169375534645,45.539568345324],[18.193861566586,45.539568345324],[18.192616,45.553189],[18.192926,45.556858],[18.193856,45.559132],[18.195562,45.560165],[18.209359,45.563731],[18.215715,45.566521],[18.223002,45.573239],[18.223932,45.577838],[18.220676,45.583006],[18.217266,45.587709],[18.207654,45.597734],[18.200057,45.600731],[18.181092,45.60471],[18.174891,45.607139],[18.169375534645,45.611159260504],[18.169375534645,45.539568345324]]],"type":"Polygon"},"id":358,"properties":{"parentKey":"HRV:1159312541","sourceCountryId":"HRV","syntheticOperational":true,"territoryId":"territory:catalog:1eaa28607270357e5b0146e01a15c280500a970bc9a9b055df7abcee825a6963"},"type":"Feature"},{"geometry":{"coordinates":[[[15.514644351464,44.352517985612],[15.520818018194,44.352517985612],[15.514644351464,44.357932039743],[15.514644351464,44.352517985612]]],"type":"Polygon"},"id":359,"properties":{"parentKey":"HRV:1159312443","sourceCountryId":"HRV","syntheticOperational":true,"territoryId":"territory:catalog:81947f5346c63191ec5959ada45dc9a34039dd2b5ccb5e72fee7bf0509573abb"},"type":"Feature"},{"geometry":{"coordinates":[[[16.293103448276,46.079136690647],[16.355266970887,46.079136690647],[16.352883,46.09021],[16.345442,46.110054],[16.346372,46.11765],[16.349628,46.122508],[16.364821,46.125764],[16.368541,46.12597],[16.382804,46.124833],[16.387455,46.125454],[16.392571,46.127004],[16.427504,46.145039],[16.431225,46.145969],[16.433395,46.145246],[16.434946,46.143747],[16.437271,46.1392],[16.439131,46.136977],[16.441922,46.135789],[16.446573,46.135375],[16.448275862069,46.13562980333],[16.448275862069,46.187050359712],[16.363636363636,46.187050359712],[16.293103448276,46.187050359712],[16.293103448276,46.079136690647]]],"type":"Polygon"},"id":360,"properties":{"parentKey":"HRV:1159312555","sourceCountryId":"HRV","syntheticOperational":true,"territoryId":"territory:catalog:39cb988c47834c8d13becbb940220094665621f7dbb0b349019f568b7a9c81e1"},"type":"Feature"},{"geometry":{"coordinates":[[[16.675324675325,46.203439993357],[16.676429,46.203692],[16.695498,46.210203],[16.73224,46.227204],[16.74888,46.237902],[16.757872,46.247048],[16.763453,46.259141],[16.770584,46.268907],[16.773219,46.27454],[16.774305,46.279863],[16.773529,46.283997],[16.772289,46.287356],[16.770429,46.289578],[16.768103,46.290973],[16.759303940052,46.294964028777],[16.675324675325,46.294964028777],[16.675324675325,46.203439993357]]],"type":"Polygon"},"id":361,"properties":{"parentKey":"HRV:1159312555","sourceCountryId":"HRV","syntheticOperational":true,"territoryId":"territory:catalog:cbfc75e174950f34a72608326b19a279b5f8eec9cc972d0577725fd2a0eaa316"},"type":"Feature"},{"geometry":{"coordinates":[[[15.228426395939,44.892086330935],[15.315922493682,44.892086330935],[15.380710659898,44.892086330935],[15.380710659898,45],[15.228426395939,45],[15.228426395939,44.892086330935]]],"type":"Polygon"},"id":362,"properties":{"parentKey":"HRV:1159312507","sourceCountryId":"HRV","syntheticOperational":true,"territoryId":"territory:catalog:0b4dd096e0246747596efedb6f1222706905a18f95a866d5cf03025bd87e4484"},"type":"Feature"},{"geometry":{"coordinates":[[[15.617442,43.825507],[15.630407234099,43.812949640288],[15.645695364238,43.812949640288],[15.663434635446,43.812949640288],[15.663097,43.812974],[15.647309,43.815863],[15.617442,43.825507]]],"type":"Polygon"},"id":363,"properties":{"parentKey":"HRV:1159312439","sourceCountryId":"HRV","syntheticOperational":true,"territoryId":"territory:catalog:861eacfb1306572c90b11e42a5ee03c7d03b43f6dc6f106dbddff42a35314cd8"},"type":"Feature"},{"geometry":{"coordinates":[[[17.861420017109,45.539568345324],[17.953964194373,45.539568345324],[17.961519008291,45.539568345324],[17.963379,45.542905],[18.015397775877,45.587415156694],[18.015397775877,45.647482014388],[17.861420017109,45.647482014388],[17.861420017109,45.539568345324]]],"type":"Polygon"},"id":364,"properties":{"parentKey":"HRV:1159312547","sourceCountryId":"HRV","syntheticOperational":true,"territoryId":"territory:catalog:b70e84e0ccc65fb17028f2cadea6cc19fc7c7f402dfca53c0bb90f5a7a565926"},"type":"Feature"},{"geometry":{"coordinates":[[[18.247422680412,45.755395683453],[18.295813945816,45.755395683453],[18.283256,45.764908],[18.260518,45.765115],[18.247422680412,45.771993285044],[18.247422680412,45.755395683453]]],"type":"Polygon"},"id":365,"properties":{"parentKey":"HRV:1159312539","sourceCountryId":"HRV","syntheticOperational":true,"territoryId":"territory:catalog:f98412eab9e7a093b5d631f8ef3990f4bf6520fa3399caefb1004bf884adeb0a"},"type":"Feature"},{"geometry":{"coordinates":[[[15.886453248195,43.920863309353],[15.897614,43.911894],[15.90118,43.910033],[15.90366,43.909103],[15.906451,43.909361],[15.910481,43.910602],[15.916838,43.914632],[15.92444289365,43.920863309353],[15.886453248195,43.920863309353]]],"type":"Polygon"},"id":366,"properties":{"parentKey":"HRV:1159312443","sourceCountryId":"HRV","syntheticOperational":true,"territoryId":"territory:catalog:2ec2da4f2a3db861ff64a1fa4aa9ac21203ba6d9a2234b07ff7761d464421e33"},"type":"Feature"},{"geometry":{"coordinates":[[[17.553464499572,45.647482014388],[17.70744225834,45.647482014388],[17.70744225834,45.755395683453],[17.628865979381,45.755395683453],[17.553464499572,45.755395683453],[17.553464499572,45.647482014388]]],"type":"Polygon"},"id":367,"properties":{"parentKey":"HRV:1159312547","sourceCountryId":"HRV","syntheticOperational":true,"territoryId":"territory:catalog:fdf9104026e483d3e10a7c36642dfefc60ebb4104fa9499ad685dfba83c44f95"},"type":"Feature"},{"geometry":{"coordinates":[[[16.471558120363,43.50990765227],[16.504405,43.503974],[16.509532,43.505072],[16.518565,43.509711],[16.524669,43.51081],[16.53004,43.508775],[16.532563,43.50434],[16.533458,43.499701],[16.534841,43.497138],[16.549840949875,43.489208633094],[16.619950535862,43.489208633094],[16.619950535862,43.597122302158],[16.539735099338,43.597122302158],[16.471558120363,43.597122302158],[16.471558120363,43.539010399033],[16.473399,43.538153],[16.471558120363,43.537185422889],[16.471558120363,43.50990765227]]],"type":"Polygon"},"id":368,"properties":{"parentKey":"HRV:1159312433","sourceCountryId":"HRV","syntheticOperational":true,"territoryId":"territory:catalog:0c6d3c31d0a8c99b9874c31324cdbbbad2f7a33a548a1b98a11c1e64a082c7ad"},"type":"Feature"},{"geometry":{"coordinates":[[[16.829268292683,42.732860485597],[16.834321,42.730943],[16.847667,42.733588],[16.847918252401,42.73381294964],[16.829268292683,42.73381294964],[16.829268292683,42.732860485597]]],"type":"Polygon"},"id":369,"properties":{"parentKey":"HRV:1159312431","sourceCountryId":"HRV","syntheticOperational":true,"territoryId":"territory:catalog:ec7f694a6e9d16362b754f2cef838ca5c482a7cfd1cc7d062917005eba6f7bbf"},"type":"Feature"},{"geometry":{"coordinates":[[[15.415617128463,44.460431654676],[15.514644351464,44.460431654676],[15.566750629723,44.460431654676],[15.566750629723,44.568345323741],[15.415617128463,44.568345323741],[15.415617128463,44.460431654676]]],"type":"Polygon"},"id":370,"properties":{"parentKey":"HRV:1159312507","sourceCountryId":"HRV","syntheticOperational":true,"territoryId":"territory:catalog:47b4b42532610fde5e36ff9e9a3a92b4c8f5a62d58fed7bbf4305f9e02ab4f99"},"type":"Feature"},{"geometry":{"coordinates":[[[16.167664670659,45.539568345324],[16.265984654731,45.539568345324],[16.321642429427,45.539568345324],[16.321642429427,45.647482014388],[16.296399947283,45.647482014388],[16.297331,45.642279],[16.278211,45.61303],[16.264878,45.604503],[16.237903,45.596752],[16.227051,45.598354],[16.218628,45.603005],[16.211807,45.607966],[16.20421,45.61148],[16.197544,45.61334],[16.187312,45.61427],[16.183126,45.615717],[16.179716,45.619025],[16.171654,45.62874],[16.167664670659,45.630463899221],[16.167664670659,45.539568345324]]],"type":"Polygon"},"id":371,"properties":{"parentKey":"HRV:1159312529","sourceCountryId":"HRV","syntheticOperational":true,"territoryId":"territory:catalog:e732a8aa7b17e2fc91ee09b3caa44a9ce74805082826a8d993420a993090df20"},"type":"Feature"},{"geometry":{"coordinates":[[[17.707317073171,42.703310007278],[17.748871,42.694566],[17.730479,42.713446],[17.707317073171,42.720896375986],[17.707317073171,42.703310007278]]],"type":"Polygon"},"id":372,"properties":{"parentKey":"HRV:1159312431","sourceCountryId":"HRV","syntheticOperational":true,"territoryId":"territory:catalog:aff2c15175b655c7da726a3897e803977d8a4a2b3450f20b493d71f462a05547"},"type":"Feature"},{"geometry":{"coordinates":[[[15.665271966527,44.244604316547],[15.75,44.244604316547],[15.81589958159,44.244604316547],[15.81589958159,44.352517985612],[15.665271966527,44.352517985612],[15.665271966527,44.244604316547]]],"type":"Polygon"},"id":373,"properties":{"parentKey":"HRV:1159312443","sourceCountryId":"HRV","syntheticOperational":true,"territoryId":"territory:catalog:9ee8d072dda8cda9d82b98bc851b40057b65ec62308f6a981f59676466e774e7"},"type":"Feature"},{"geometry":{"coordinates":[[[14.314583760505,44.892086330935],[14.329845,44.83393],[14.346039,44.820502],[14.356619,44.81977],[14.361583,44.815985],[14.363048,44.806545],[14.364268,44.7744],[14.368175,44.761054],[14.374522,44.753852],[14.383556,44.757758],[14.38738,44.755805],[14.389903,44.754055],[14.392751,44.752509],[14.397227,44.751614],[14.394542,44.707587],[14.406065711879,44.68996434824],[14.406065711879,44.892086330935],[14.314720812183,44.892086330935],[14.314583760505,44.892086330935]]],"type":"Polygon"},"id":374,"properties":{"parentKey":"HRV:1159312505","sourceCountryId":"HRV","syntheticOperational":true,"territoryId":"territory:catalog:525207c61b9c640dbe1a0b4047a27b16f1c4dbb1845e08f25d56a352d5368eae"},"type":"Feature"},{"geometry":{"coordinates":[[[17.266553480475,45.185843581478],[17.268951,45.189543],[17.307811,45.171404],[17.326518,45.165926],[17.359384,45.150682],[17.368583,45.145101],[17.382432,45.139623],[17.400829,45.141018],[17.41935483871,45.145218043662],[17.41935483871,45.215827338129],[17.266553480475,45.215827338129],[17.266553480475,45.185843581478]]],"type":"Polygon"},"id":375,"properties":{"parentKey":"HRV:1159312537","sourceCountryId":"HRV","syntheticOperational":true,"territoryId":"territory:catalog:e8be93f30531c8a14dc44e2a3e89a4b1014163c0b69f394f04cc9b8188aaae9e"},"type":"Feature"},{"geometry":{"coordinates":[[[16.502546689304,45.209490107377],[16.515652867337,45.215827338129],[16.502546689304,45.215827338129],[16.502546689304,45.209490107377]]],"type":"Polygon"},"id":376,"properties":{"parentKey":"HRV:1159312529","sourceCountryId":"HRV","syntheticOperational":true,"territoryId":"territory:catalog:31246e39c6eb51cb2fac7ebf693a869db29ae044272161f935b3ac3ad357e749"},"type":"Feature"},{"geometry":{"coordinates":[[[17.297599881361,42.94964028777],[17.305495801826,42.945514746213],[17.324632952692,42.935515771231],[17.324632952692,42.94964028777],[17.297599881361,42.94964028777]]],"type":"Polygon"},"id":377,"properties":{"parentKey":"HRV:1159312431","sourceCountryId":"HRV","syntheticOperational":true,"territoryId":"territory:catalog:303c94798aff5570096cf4e6f63f32327624634bb53148c858c9a3408f0c6168"},"type":"Feature"},{"geometry":{"coordinates":[[[19.405772495756,45.183593163279],[19.407838,45.203133],[19.405772495756,45.20708179269],[19.405772495756,45.183593163279]]],"type":"Polygon"},"id":378,"properties":{"parentKey":"HRV:1159312543","sourceCountryId":"HRV","syntheticOperational":true,"territoryId":"territory:catalog:ac00da382038ab5d04116561e2f4174d31afdec7b803861f7990c54c75b3150f"},"type":"Feature"},{"geometry":{"coordinates":[[[19.252971137521,45.164450328325],[19.267795,45.165823],[19.272756,45.168355],[19.275753,45.172851],[19.279474,45.177244],[19.286709,45.179517],[19.291359,45.177709],[19.299421,45.168975],[19.304279,45.166547],[19.390682,45.169337],[19.393929,45.171624],[19.405358,45.179672],[19.405772495756,45.183593163279],[19.405772495756,45.20708179269],[19.401197942813,45.215827338129],[19.252971137521,45.215827338129],[19.252971137521,45.164450328325]]],"type":"Polygon"},"id":379,"properties":{"parentKey":"HRV:1159312543","sourceCountryId":"HRV","syntheticOperational":true,"territoryId":"territory:catalog:0347d557e87783c31460ee1d30bb019d14fe354368ba8a683549fba21ecf0323"},"type":"Feature"},{"geometry":{"coordinates":[[[13.901862274856,45.431654676259],[13.964194373402,45.431654676259],[13.964194373402,45.461279005884],[13.923005,45.448958],[13.908432,45.438881],[13.901862274856,45.431654676259]]],"type":"Polygon"},"id":380,"properties":{"parentKey":"HRV:1159312535","sourceCountryId":"HRV","syntheticOperational":true,"territoryId":"territory:catalog:d86c865aeee5fbe75b8df9adf2945e772f256e82e01c8d1c67bf3447c613d300"},"type":"Feature"},{"geometry":{"coordinates":[[[16.376828864138,43.920863309353],[16.382494,43.919697],[16.399754,43.919852],[16.403703607941,43.920863309353],[16.376828864138,43.920863309353]]],"type":"Polygon"},"id":381,"properties":{"parentKey":"HRV:1159312443","sourceCountryId":"HRV","syntheticOperational":true,"territoryId":"territory:catalog:cc47f62677b5d598a77e0828e0e09ee3ef1b3d61a89de217a26059f65cd21a99"},"type":"Feature"},{"geometry":{"coordinates":[[[16.2,44.028776978417],[16.295681063123,44.028776978417],[16.35,44.028776978417],[16.35,44.066298453174],[16.346113,44.068474],[16.326889,44.082375],[16.312213,44.099997],[16.291369687525,44.136690647482],[16.2,44.136690647482],[16.2,44.028776978417]]],"type":"Polygon"},"id":382,"properties":{"parentKey":"HRV:1159312443","sourceCountryId":"HRV","syntheticOperational":true,"territoryId":"territory:catalog:468a9731185d3b3b06304f230b99ea8ce9de76c18bb04accb059e01947dcd16d"},"type":"Feature"},{"geometry":{"coordinates":[[[18.785286569718,45.539568345324],[18.874680306905,45.539568345324],[18.939264328486,45.539568345324],[18.939264328486,45.540596785836],[18.932002,45.545541],[18.912054,45.568227],[18.90358,45.573085],[18.90699,45.581663],[18.90823,45.600422],[18.912365,45.619232],[18.924457,45.627707],[18.935412,45.633391],[18.939264328486,45.637134731273],[18.939264328486,45.647482014388],[18.785286569718,45.647482014388],[18.785286569718,45.539568345324]]],"type":"Polygon"},"id":383,"properties":{"parentKey":"HRV:1159312539","sourceCountryId":"HRV","syntheticOperational":true,"territoryId":"territory:catalog:7ea9fd0f3552ca1dce3ad5566ff0b11523bf81b9ea19bb7dfba6b69be34e6749"},"type":"Feature"},{"geometry":{"coordinates":[[[13.657289002558,45.323741007194],[13.752122241087,45.323741007194],[13.81074168798,45.323741007194],[13.81074168798,45.431654676259],[13.657289002558,45.431654676259],[13.657289002558,45.323741007194]]],"type":"Polygon"},"id":384,"properties":{"parentKey":"HRV:1159312535","sourceCountryId":"HRV","syntheticOperational":true,"territoryId":"territory:catalog:86d786edbbaa8ff79487ef1d311fe14a0c89c059f5f98f00f683ab3af0c82193"},"type":"Feature"},{"geometry":{"coordinates":[[[15.3452685422,45.431654676259],[15.498721227622,45.431654676259],[15.498721227622,45.539568345324],[15.397775876818,45.539568345324],[15.3452685422,45.539568345324],[15.3452685422,45.489667156795],[15.361367,45.482031],[15.351755,45.47614],[15.3452685422,45.469747138739],[15.3452685422,45.431654676259]]],"type":"Polygon"},"id":385,"properties":{"parentKey":"HRV:1159312525","sourceCountryId":"HRV","syntheticOperational":true,"territoryId":"territory:catalog:2b50d3a290f265d6cf35353bf14168539934cfbc940100ab85480a558c0b6d1c"},"type":"Feature"},{"geometry":{"coordinates":[[[15.398671096346,43.920863309353],[15.427729419383,43.920863309353],[15.426768,43.922065],[15.418793,43.929145],[15.411143,43.932929],[15.398671096346,43.936873035266],[15.398671096346,43.920863309353]]],"type":"Polygon"},"id":386,"properties":{"parentKey":"HRV:1159312443","sourceCountryId":"HRV","syntheticOperational":true,"territoryId":"territory:catalog:661955db0aa3abf32e73d39c45e803d6a7c03094affdff6a828f5a7f7bba6fb9"},"type":"Feature"},{"geometry":{"coordinates":[[[16.048839,43.065172],[16.063162,43.0515],[16.068796068796,43.0515],[16.068796068796,43.057553956835],[16.068796068796,43.071913159526],[16.062266,43.071275],[16.057302,43.070217],[16.052989,43.068305],[16.048839,43.065172]]],"type":"Polygon"},"id":387,"properties":{"parentKey":"HRV:1159312433","sourceCountryId":"HRV","syntheticOperational":true,"territoryId":"territory:catalog:5da4746e78d500a7a60d6633b1c117e8a23e214d2e63c14c672f079eab44827b"},"type":"Feature"},{"geometry":{"coordinates":[[[17.41935483871,45.145218043662],[17.434109,45.148563],[17.436176,45.151922],[17.438759,45.158123],[17.443307,45.162051],[17.451162,45.158485],[17.45695,45.151819],[17.458086,45.146134],[17.454986,45.140605],[17.447751,45.1343],[17.46036,45.131252],[17.472349,45.13275],[17.496224,45.14169],[17.487025,45.120865],[17.481858,45.114405],[17.489299,45.116265],[17.539528,45.120968],[17.561439,45.119366],[17.572156196944,45.120376484159],[17.572156196944,45.215827338129],[17.41935483871,45.215827338129],[17.41935483871,45.145218043662]]],"type":"Polygon"},"id":388,"properties":{"parentKey":"HRV:1159312537","sourceCountryId":"HRV","syntheticOperational":true,"territoryId":"territory:catalog:6acfa329ed02caac766c582868dba5caf1631d24b3c447beba681dd9ea0ea154"},"type":"Feature"},{"geometry":{"coordinates":[[[15.770850884583,44.676258992806],[15.869017632242,44.676258992806],[15.92249368155,44.676258992806],[15.92249368155,44.686498806909],[15.921539,44.686111],[15.913064,44.684509],[15.905416,44.690141],[15.902006,44.698823],[15.899318,44.70921],[15.895598,44.718564],[15.888776,44.724248],[15.876271,44.724816],[15.869243,44.718564],[15.863868,44.709985],[15.856427,44.703577],[15.847849,44.70151],[15.829969,44.700528],[15.820357,44.698255],[15.805681,44.696653],[15.796999,44.703267],[15.790488,44.713396],[15.78284,44.722594],[15.770850884583,44.728483497138],[15.770850884583,44.676258992806]]],"type":"Polygon"},"id":389,"properties":{"parentKey":"HRV:1159312443","sourceCountryId":"HRV","syntheticOperational":true,"territoryId":"territory:catalog:5cef3a0f34d0bbce6c41860145c05fcb3546c3d38593b5be9ca7b8f5b7aa2ab4"},"type":"Feature"},{"geometry":{"coordinates":[[[15.672413793103,46.079136690647],[15.827586206897,46.079136690647],[15.827586206897,46.187050359712],[15.74025974026,46.187050359712],[15.672413793103,46.187050359712],[15.672413793103,46.079136690647]]],"type":"Polygon"},"id":390,"properties":{"parentKey":"HRV:1159312523","sourceCountryId":"HRV","syntheticOperational":true,"territoryId":"territory:catalog:73b9f07015d590cd36578224eb770b721b291fed9d50f7885ed4635327ba3281"},"type":"Feature"},{"geometry":{"coordinates":[[[16.925923,45.483942],[16.929179,45.475881],[16.964887,45.455314],[16.998684,45.44348],[17.00473,45.439397],[17.006435,45.437847],[17.011745052896,45.431654676259],[17.033248081841,45.431654676259],[17.033248081841,45.50381716751],[17.031912,45.503321],[17.025866,45.503166],[17.016357,45.50451],[16.969073,45.520374],[16.965197,45.52239],[16.962252,45.52518],[16.961787,45.530555],[16.962407,45.534999],[16.961045698233,45.539568345324],[16.940673092661,45.539568345324],[16.930419,45.5181],[16.927629,45.503114],[16.927629,45.500065],[16.927319,45.497792],[16.927164,45.493347],[16.925923,45.483942]]],"type":"Polygon"},"id":391,"properties":{"parentKey":"HRV:1159312541","sourceCountryId":"HRV","syntheticOperational":true,"territoryId":"territory:catalog:7e2dcc068594f0a55c07ed50bb9c81b83f6336e1e76ce2050f3dcaa1e74fb6a4"},"type":"Feature"},{"geometry":{"coordinates":[[[16.363636363636,46.187050359712],[16.448275862069,46.187050359712],[16.519480519481,46.187050359712],[16.519480519481,46.294964028777],[16.363636363636,46.294964028777],[16.363636363636,46.187050359712]]],"type":"Polygon"},"id":392,"properties":{"parentKey":"HRV:1159312555","sourceCountryId":"HRV","syntheticOperational":true,"territoryId":"territory:catalog:b1d98159d7f73612e21425fa8e0c07b557865f7fa8fddf9c2df8370080728d56"},"type":"Feature"},{"geometry":{"coordinates":[[[16.142131979695,45.081588108714],[16.212994,45.031464],[16.24121,45.018959],[16.279347,45.007176],[16.294416243655,45.004749205253],[16.294416243655,45.107913669065],[16.196943972835,45.107913669065],[16.142131979695,45.107913669065],[16.142131979695,45.081588108714]]],"type":"Polygon"},"id":393,"properties":{"parentKey":"HRV:1159312529","sourceCountryId":"HRV","syntheticOperational":true,"territoryId":"territory:catalog:8b7ae9ead045391262e61839f05c734ad70a560c752aad52d088b70cdae6e486"},"type":"Feature"},{"geometry":{"coordinates":[[[17.323741,42.790839],[17.324632952692,42.789967307637],[17.324632952692,42.790967272627],[17.323741,42.790839]]],"type":"Polygon"},"id":394,"properties":{"parentKey":"HRV:1159312431","sourceCountryId":"HRV","syntheticOperational":true,"territoryId":"territory:catalog:4fcd2685f38140b936943270e353447c762bdca31ad571766edeebe286708623"},"type":"Feature"},{"geometry":{"coordinates":[[[15.380710659898,45.022906440965],[15.38364,45.020095],[15.396261065724,45],[15.532994923858,45],[15.532994923858,45.107913669065],[15.432937181664,45.107913669065],[15.380710659898,45.107913669065],[15.380710659898,45.022906440965]]],"type":"Polygon"},"id":395,"properties":{"parentKey":"HRV:1159312525","sourceCountryId":"HRV","syntheticOperational":true,"territoryId":"territory:catalog:61ca21e640bbde8250caab36885d1f32162c5b16f38293cd3f550c6ea9705bc6"},"type":"Feature"},{"geometry":{"coordinates":[[[16.783575705731,45.647482014388],[16.9375534645,45.647482014388],[16.9375534645,45.755395683453],[16.855670103093,45.755395683453],[16.783575705731,45.755395683453],[16.783575705731,45.647482014388]]],"type":"Polygon"},"id":396,"properties":{"parentKey":"HRV:1159312549","sourceCountryId":"HRV","syntheticOperational":true,"territoryId":"territory:catalog:34537e4d9828f7d7a00acc03699458705acfc5f1e8dd7a201f13fef804164bb6"},"type":"Feature"},{"geometry":{"coordinates":[[[15.92249368155,44.676258992806],[15.948658971105,44.676258992806],[15.948101,44.678101],[15.937352,44.688953],[15.929808,44.68947],[15.92249368155,44.686498806909],[15.92249368155,44.676258992806]]],"type":"Polygon"},"id":397,"properties":{"parentKey":"HRV:1159312443","sourceCountryId":"HRV","syntheticOperational":true,"territoryId":"territory:catalog:a03892c21d0c53b4dfb5af092fe509829a2f4850a5559d0846961feb9fadb004"},"type":"Feature"},{"geometry":{"coordinates":[[[17.224137931034,46.079136690647],[17.249231396198,46.079136690647],[17.24859,46.080238],[17.224137931034,46.102447034713],[17.224137931034,46.079136690647]]],"type":"Polygon"},"id":398,"properties":{"parentKey":"HRV:1159312551","sourceCountryId":"HRV","syntheticOperational":true,"territoryId":"territory:catalog:3cb3ac51e128768fd1e8664e3250c7a64058e9ba0e4cb33b1109e4e2c160803c"},"type":"Feature"},{"geometry":{"coordinates":[[[15.038363171356,45.431654676259],[15.136579731925,45.431654676259],[15.066128,45.473934],[15.056166,45.479912],[15.038363171356,45.480251758389],[15.038363171356,45.431654676259]]],"type":"Polygon"},"id":399,"properties":{"parentKey":"HRV:1159312505","sourceCountryId":"HRV","syntheticOperational":true,"territoryId":"territory:catalog:cf59066c0e22876dcbad171cff57782531a05e8be41fb2b01460d9f784275cca"},"type":"Feature"},{"geometry":{"coordinates":[[[14.668930390492,45.137651186502],[14.670909,45.143459],[14.668930390492,45.149925864059],[14.668930390492,45.137651186502]]],"type":"Polygon"},"id":400,"properties":{"parentKey":"HRV:1159312505","sourceCountryId":"HRV","syntheticOperational":true,"territoryId":"territory:catalog:eaacbac54aaabde173d27c65794ca8fac08331582fe5799e58616c32b99bd2fc"},"type":"Feature"},{"geometry":{"coordinates":[[[14.974533106961,45.278325273836],[14.976327,45.279304],[14.978962,45.281164],[14.980357,45.282921],[14.982063,45.286383],[14.983148,45.291913],[14.988574,45.304212],[14.994052,45.311808],[15.019133195494,45.323741007194],[14.974533106961,45.323741007194],[14.974533106961,45.278325273836]]],"type":"Polygon"},"id":401,"properties":{"parentKey":"HRV:1159312505","sourceCountryId":"HRV","syntheticOperational":true,"territoryId":"territory:catalog:9cd0bc71059be2c5f5dc970db284f5c49b9f0cbf795337b8b19033f16b7ab303"},"type":"Feature"},{"geometry":{"coordinates":[[[15.943708609272,43.705035971223],[16.092715231788,43.705035971223],[16.092715231788,43.812949640288],[15.996677740864,43.812949640288],[15.943708609272,43.812949640288],[15.943708609272,43.705035971223]]],"type":"Polygon"},"id":402,"properties":{"parentKey":"HRV:1159312439","sourceCountryId":"HRV","syntheticOperational":true,"territoryId":"territory:catalog:d817d7120e16df6b35ba3fd4e8d8755cefe618bd91272fcb3979ffde539efeb5"},"type":"Feature"},{"geometry":{"coordinates":[[[15.74025974026,46.187050359712],[15.827586206897,46.187050359712],[15.896103896104,46.187050359712],[15.896103896104,46.227769530136],[15.894978,46.228031],[15.887485,46.232682],[15.883765,46.238315],[15.88361,46.24617],[15.881904,46.255006],[15.879323,46.259308],[15.834206,46.258366],[15.81829,46.255524],[15.803097,46.250511],[15.799526,46.248607],[15.789144,46.24307],[15.768887,46.21935],[15.749767,46.210772],[15.74025974026,46.211260658742],[15.74025974026,46.187050359712]]],"type":"Polygon"},"id":403,"properties":{"parentKey":"HRV:1159312523","sourceCountryId":"HRV","syntheticOperational":true,"territoryId":"territory:catalog:838766ee638d5556a18f13d9c7c65d327511cc7eea814e3f2aa0883c1c8f3ef6"},"type":"Feature"},{"geometry":{"coordinates":[[[17.154612503157,45.863309352518],[17.164948453608,45.858250749232],[17.164948453608,45.863309352518],[17.154612503157,45.863309352518]]],"type":"Polygon"},"id":404,"properties":{"parentKey":"HRV:1159312547","sourceCountryId":"HRV","syntheticOperational":true,"territoryId":"territory:catalog:7a75bc34cedf58a1809dd77c9a7d4ba1f17111230f135f95e1ee651c3d87b416"},"type":"Feature"},{"geometry":{"coordinates":[[[18.641765704584,45.215827338129],[18.794567062818,45.215827338129],[18.794567062818,45.323741007194],[18.721227621483,45.323741007194],[18.641765704584,45.323741007194],[18.641765704584,45.215827338129]]],"type":"Polygon"},"id":405,"properties":{"parentKey":"HRV:1159312543","sourceCountryId":"HRV","syntheticOperational":true,"territoryId":"territory:catalog:f3428c5bfbade38948d41e52a3d06783248db6e49b189279378ed7fd9def0024"},"type":"Feature"},{"geometry":{"coordinates":[[[15.290469002639,45.539568345324],[15.296668,45.522959],[15.311034,45.505906],[15.3452685422,45.489667156795],[15.3452685422,45.539568345324],[15.290469002639,45.539568345324]]],"type":"Polygon"},"id":406,"properties":{"parentKey":"HRV:1159312525","sourceCountryId":"HRV","syntheticOperational":true,"territoryId":"territory:catalog:17d8004195e3860109c2c474baeb8d4a87c8dde57704786bb52369f2946463cf"},"type":"Feature"},{"geometry":{"coordinates":[[[14.201542,45.177966],[14.202627,45.171558],[14.207019,45.165202],[14.210526315789,45.162089946401],[14.210526315789,45.215827338129],[14.202309547445,45.215827338129],[14.203092,45.196001],[14.201697,45.186751],[14.201542,45.177966]]],"type":"Polygon"},"id":407,"properties":{"parentKey":"HRV:1159312505","sourceCountryId":"HRV","syntheticOperational":true,"territoryId":"territory:catalog:32655d40d65d9f376a3b6bfb81c1e0d6b4408d436ac656caa1bcec7af0279349"},"type":"Feature"},{"geometry":{"coordinates":[[[18.419669994912,45.107913669065],[18.426395939086,45.103926423365],[18.426395939086,45.107913669065],[18.419669994912,45.107913669065]]],"type":"Polygon"},"id":408,"properties":{"parentKey":"HRV:1159312537","sourceCountryId":"HRV","syntheticOperational":true,"territoryId":"territory:catalog:d7a09896caf01f00ad734c8fdbd0014d4c2299be7dd1011e6ad9a03fc19fc048"},"type":"Feature"},{"geometry":{"coordinates":[[[17.542997542998,43.057553956835],[17.615739002378,43.057553956835],[17.598026,43.072902],[17.598025457228,43.072902470317],[17.587381,43.082126],[17.542997542998,43.103599621157],[17.542997542998,43.057553956835]]],"type":"Polygon"},"id":409,"properties":{"parentKey":"HRV:1159312431","sourceCountryId":"HRV","syntheticOperational":true,"territoryId":"territory:catalog:bab0d37c9b8f3c3901875566e3dc3e8f21f4e4807bee3c3d2eee60633a95938c"},"type":"Feature"},{"geometry":{"coordinates":[[[17.181205,45.34793],[17.186700767263,45.336700147051],[17.186700767263,45.351152185518],[17.181205,45.34793]]],"type":"Polygon"},"id":410,"properties":{"parentKey":"HRV:1159312537","sourceCountryId":"HRV","syntheticOperational":true,"territoryId":"territory:catalog:4278946bbce33e8bd3ef37ef572a58ae1ff36f99a11ba44be589aad227b34c56"},"type":"Feature"},{"geometry":{"coordinates":[[[15.827586206897,45.980440641402],[15.828213,45.980243],[15.836481,45.976729],[15.849503,45.972853],[15.857566151224,45.971223021583],[15.927835051546,45.971223021583],[15.98275862069,45.971223021583],[15.98275862069,46.079136690647],[15.827586206897,46.079136690647],[15.827586206897,45.980440641402]]],"type":"Polygon"},"id":411,"properties":{"parentKey":"HRV:1159312523","sourceCountryId":"HRV","syntheticOperational":true,"territoryId":"territory:catalog:0ae3a8d07898766f4833fdc5ff0981b6e29cc9285d2fc7fdbd5ecf58a992640c"},"type":"Feature"},{"geometry":{"coordinates":[[[16.546391752577,45.956435521614],[16.551166,45.953629],[16.58951,45.937972],[16.595711,45.933837],[16.599587,45.930065],[16.601137,45.926964],[16.603772,45.925724],[16.607648,45.925414],[16.616175,45.927171],[16.622273,45.927119],[16.630334,45.923812],[16.63452,45.921022],[16.640876,45.919626],[16.648473,45.92035],[16.678083,45.929083],[16.692553,45.924226],[16.693483,45.96598],[16.694775514267,45.971223021583],[16.603448275862,45.971223021583],[16.546391752577,45.971223021583],[16.546391752577,45.956435521614]]],"type":"Polygon"},"id":412,"properties":{"parentKey":"HRV:1159312551","sourceCountryId":"HRV","syntheticOperational":true,"territoryId":"territory:catalog:8ef2344f345c02c92b97aa16f127aafe4bde04ad7e1e68d362a0efb7b5231bc6"},"type":"Feature"},{"geometry":{"coordinates":[[[16.243072455088,43.920863309353],[16.295681063123,43.920863309353],[16.295681063123,43.931972826052],[16.243072455088,43.920863309353]]],"type":"Polygon"},"id":413,"properties":{"parentKey":"HRV:1159312439","sourceCountryId":"HRV","syntheticOperational":true,"territoryId":"territory:catalog:babd35b0c0de2807a3947b40e0853ab6c9036f64f298a530907f6792f65ca120"},"type":"Feature"},{"geometry":{"coordinates":[[[15.264483627204,44.460431654676],[15.364016736402,44.460431654676],[15.415617128463,44.460431654676],[15.415617128463,44.568345323741],[15.264483627204,44.568345323741],[15.264483627204,44.460431654676]]],"type":"Polygon"},"id":414,"properties":{"parentKey":"HRV:1159312507","sourceCountryId":"HRV","syntheticOperational":true,"territoryId":"territory:catalog:5cedbb646c5066c406882be968f7abcd1b7ad7dee6d0a0cc60ebb61836c3583c"},"type":"Feature"},{"geometry":{"coordinates":[[[16.471558120363,43.381294964029],[16.53109351162,43.381294964029],[16.493907,43.38231],[16.471558120363,43.388830219051],[16.471558120363,43.381294964029]]],"type":"Polygon"},"id":415,"properties":{"parentKey":"HRV:1159312433","sourceCountryId":"HRV","syntheticOperational":true,"territoryId":"territory:catalog:74e62500c65f9b1f2ba213491fed54422413a6661baabd1f0c9e2c4d97f81c41"},"type":"Feature"},{"geometry":{"coordinates":[[[15.685279187817,45],[15.764785132195,45],[15.755555,45.023558],[15.755968,45.042213],[15.779429,45.085363],[15.78377,45.100917],[15.783331537201,45.107913669065],[15.738539898132,45.107913669065],[15.685279187817,45.107913669065],[15.685279187817,45]]],"type":"Polygon"},"id":416,"properties":{"parentKey":"HRV:1159312525","sourceCountryId":"HRV","syntheticOperational":true,"territoryId":"territory:catalog:8d04865419caa53b8c15365ed75b170b69f0841118882062ac973c9fcd81c947"},"type":"Feature"},{"geometry":{"coordinates":[[[17.618270799347,42.828157682161],[17.633474,42.822943],[17.678559,42.81623],[17.72877,42.800767],[17.748871,42.790839],[17.750255,42.785712],[17.748709,42.778144],[17.748709,42.77204],[17.755138,42.770941],[17.761892,42.774319],[17.761892,42.778713],[17.748709,42.803412],[17.739594,42.813056],[17.720958,42.826239],[17.735118,42.821967],[17.7588,42.807603],[17.765089722675,42.804574084847],[17.765089722675,42.841726618705],[17.737133552827,42.841726618705],[17.741466,42.83926],[17.7287061073,42.841726618705],[17.618270799347,42.841726618705],[17.618270799347,42.828157682161]]],"type":"Polygon"},"id":417,"properties":{"parentKey":"HRV:1159312431","sourceCountryId":"HRV","syntheticOperational":true,"territoryId":"territory:catalog:fda13a0e26bfad476bc5f43c81f56417e0d6494dd80e8cb4e657c229c12b118d"},"type":"Feature"},{"geometry":{"coordinates":[[[18.37925445705,42.491685916273],[18.411876,42.47602],[18.413097,42.461859],[18.427582,42.455268],[18.460948,42.447943],[18.474457,42.441352],[18.49643,42.416327],[18.497816,42.431158],[18.492855,42.442372],[18.475492,42.449813],[18.467741,42.453379],[18.454925,42.464722],[18.444279,42.477925],[18.437148,42.493402],[18.436425,42.510765],[18.437674673856,42.517985611511],[18.37925445705,42.517985611511],[18.37925445705,42.491685916273]]],"type":"Polygon"},"id":418,"properties":{"parentKey":"HRV:1159312431","sourceCountryId":"HRV","syntheticOperational":true,"territoryId":"territory:catalog:a6756e2cd621948cda4fcd578cba2c57c0a80760622353604a2257cfdb2d60db"},"type":"Feature"},{"geometry":{"coordinates":[[[16.50073,45.721964],[16.50166,45.71752],[16.50507,45.715453],[16.512408,45.714678],[16.520935,45.712456],[16.532252,45.706254],[16.540779,45.702844],[16.551941,45.700983],[16.564705,45.697314],[16.587184,45.685015],[16.602377,45.671218],[16.611679,45.66512],[16.616795,45.662846],[16.629597946963,45.66295237667],[16.629597946963,45.755395683453],[16.546391752577,45.755395683453],[16.509616849014,45.755395683453],[16.511478,45.754003],[16.511478,45.747699],[16.507551,45.741601],[16.50414,45.734366],[16.50073,45.721964]]],"type":"Polygon"},"id":419,"properties":{"parentKey":"HRV:1159312549","sourceCountryId":"HRV","syntheticOperational":true,"territoryId":"territory:catalog:8e0d75b1ca0df731e1e078ac4224c99838af0f1a86002c625781fac7d2e31bad"},"type":"Feature"},{"geometry":{"coordinates":[[[19.028132992327,45.41114345546],[19.031319,45.416201],[19.028132992327,45.419915868681],[19.028132992327,45.41114345546]]],"type":"Polygon"},"id":420,"properties":{"parentKey":"HRV:1159312543","sourceCountryId":"HRV","syntheticOperational":true,"territoryId":"territory:catalog:eaa95aa693bc1809545b311cb547567f0bc098dfddafa1125607f5aaf7622eaa"},"type":"Feature"},{"geometry":{"coordinates":[[[14.894213308828,44.892086330935],[14.92385786802,44.892086330935],[14.92385786802,45],[14.903013493403,45],[14.914317,44.981431],[14.921641,44.958808],[14.914887,44.939927],[14.905284,44.924628],[14.894213308828,44.892086330935]]],"type":"Polygon"},"id":421,"properties":{"parentKey":"HRV:1159312507","sourceCountryId":"HRV","syntheticOperational":true,"territoryId":"territory:catalog:0b9d878c63e033552e2227c51dd9a63261c167312e29a6739557ba158cee4611"},"type":"Feature"},{"geometry":{"coordinates":[[[16.701030927835,45.863309352518],[16.855670103093,45.863309352518],[16.855670103093,45.971223021583],[16.758620689655,45.971223021583],[16.701030927835,45.971223021583],[16.701030927835,45.863309352518]]],"type":"Polygon"},"id":422,"properties":{"parentKey":"HRV:1159312549","sourceCountryId":"HRV","syntheticOperational":true,"territoryId":"territory:catalog:c9b1974c833f1b276fa7f5a536e7f485f2915ed52d482cb0755f354c7bf8de10"},"type":"Feature"},{"geometry":{"coordinates":[[[16.546391752577,45.755395683453],[16.629597946963,45.755395683453],[16.701030927835,45.755395683453],[16.701030927835,45.863309352518],[16.695163134927,45.863309352518],[16.693638,45.853687],[16.688367,45.839166],[16.674052,45.826144],[16.666456,45.82232],[16.657929,45.820149],[16.644907,45.820149],[16.637465,45.822526],[16.6339,45.82635],[16.63452,45.831053],[16.63669,45.836014],[16.637155,45.84082],[16.63421,45.844437],[16.628629,45.844747],[16.622066,45.841853],[16.600517,45.817307],[16.598036,45.810227],[16.598656,45.801856],[16.601757,45.786766],[16.599277,45.78165],[16.59323,45.779842],[16.560313,45.788678],[16.546391752577,45.78855209094],[16.546391752577,45.755395683453]]],"type":"Polygon"},"id":423,"properties":{"parentKey":"HRV:1159312549","sourceCountryId":"HRV","syntheticOperational":true,"territoryId":"territory:catalog:100a3c8d39267ded8f6fff615e469d77c91e28fddc55d581417f3ae1c1c8fc8d"},"type":"Feature"},{"geometry":{"coordinates":[[[14.974533106961,45.261516754624],[14.976327,45.258168],[14.980822,45.251915],[14.983923,45.246437],[14.986248,45.241063],[14.982373,45.221219],[14.982259916611,45.215827338129],[15.127334465195,45.215827338129],[15.127334465195,45.29959135925],[15.122364,45.293308],[15.119884,45.293205],[15.116318,45.29429],[15.107946,45.299044],[15.105569,45.302972],[15.098593,45.307364],[15.087896,45.311601],[15.059371,45.318164],[15.047227,45.323177],[15.046246436042,45.323741007194],[15.038363171356,45.323741007194],[15.019133195494,45.323741007194],[14.994052,45.311808],[14.988574,45.304212],[14.983148,45.291913],[14.982063,45.286383],[14.980357,45.282921],[14.978962,45.281164],[14.976327,45.279304],[14.974533106961,45.278325273836],[14.974533106961,45.261516754624]]],"type":"Polygon"},"id":424,"properties":{"parentKey":"HRV:1159312525","sourceCountryId":"HRV","syntheticOperational":true,"territoryId":"territory:catalog:ee2f86a1bfca719f777f04f34a391b9626e96086706db8e7722d0b2e06e8df42"},"type":"Feature"},{"geometry":{"coordinates":[[[16.092715231788,43.597122302158],[16.174773289365,43.597122302158],[16.241721854305,43.597122302158],[16.241721854305,43.673561140561],[16.238678,43.67165],[16.228705,43.67072],[16.173824,43.687411],[16.169277,43.68798],[16.160595,43.682915],[16.092715231788,43.61921046229],[16.092715231788,43.597122302158]]],"type":"Polygon"},"id":425,"properties":{"parentKey":"HRV:1159312433","sourceCountryId":"HRV","syntheticOperational":true,"territoryId":"territory:catalog:5cab161b7c6e4246c4f4ffe5071f21e04da3d439fb13ad8e09621dbf9e3bf50a"},"type":"Feature"},{"geometry":{"coordinates":[[[17.164948453608,45.863309352518],[17.319587628866,45.863309352518],[17.319587628866,45.971223021583],[17.224137931034,45.971223021583],[17.195285869643,45.971223021583],[17.192522,45.969597],[17.187096,45.96536],[17.164948453608,45.94141888868],[17.164948453608,45.863309352518]]],"type":"Polygon"},"id":426,"properties":{"parentKey":"HRV:1159312547","sourceCountryId":"HRV","syntheticOperational":true,"territoryId":"territory:catalog:2f4a08e843526b2b36bc5999329fbc08ed06f8a74b96bb8577f9f9092927b7b9"},"type":"Feature"},{"geometry":{"coordinates":[[[14.57800511509,45.323741007194],[14.668930390492,45.323741007194],[14.731457800512,45.323741007194],[14.731457800512,45.431654676259],[14.57800511509,45.431654676259],[14.57800511509,45.323741007194]]],"type":"Polygon"},"id":427,"properties":{"parentKey":"HRV:1159312505","sourceCountryId":"HRV","syntheticOperational":true,"territoryId":"territory:catalog:6e2e37832a18425298b847d00c533b036f9ae265960501bb9ab4b41429b3dd42"},"type":"Feature"},{"geometry":{"coordinates":[[[15.164279696714,44.676258992806],[15.264483627204,44.676258992806],[15.315922493682,44.676258992806],[15.315922493682,44.78417266187],[15.164279696714,44.78417266187],[15.164279696714,44.676258992806]]],"type":"Polygon"},"id":428,"properties":{"parentKey":"HRV:1159312507","sourceCountryId":"HRV","syntheticOperational":true,"territoryId":"territory:catalog:81ab3d40174e688c352d5813d2c433421ada31e4185222532eac4645db90a1bd"},"type":"Feature"},{"geometry":{"coordinates":[[[14.010152284264,44.905171487886],[14.01059,44.90526],[14.020518,44.901109],[14.021739,44.905097],[14.021495,44.907375],[14.022716,44.908271],[14.027843,44.908637],[14.027843,44.915432],[14.022634,44.9206],[14.022472,44.923489],[14.026622,44.924058],[14.034679,44.922309],[14.039073,44.93183],[14.040212,44.941067],[14.038748,44.949408],[14.034679,44.956366],[14.040294,44.956366],[14.044444,44.951402],[14.050792,44.956488],[14.064789,44.976142],[14.075694,44.98371],[14.071544,44.993354],[14.064138,44.995754],[14.054698,44.996527],[14.04728898075,45],[14.010152284264,45],[14.010152284264,44.905171487886]]],"type":"Polygon"},"id":429,"properties":{"parentKey":"HRV:1159312535","sourceCountryId":"HRV","syntheticOperational":true,"territoryId":"territory:catalog:33982c96c09402889cf26ae13eb0b7024d732343a8d458490fd811ec4166b2d5"},"type":"Feature"},{"geometry":{"coordinates":[[[18.78798,45.457794],[18.7886,45.455365],[18.790926,45.45273],[18.798677,45.446167],[18.800538,45.4441],[18.802088,45.441774],[18.803173,45.434591],[18.803173,45.431654676259],[18.874680306905,45.431654676259],[18.874680306905,45.480216715373],[18.873195,45.480635],[18.861051,45.481307],[18.854849,45.480377],[18.849423,45.478878],[18.845393,45.476811],[18.839812,45.472263],[18.83361,45.469576],[18.824464,45.466992],[18.796352,45.463685],[18.790616,45.462342],[18.78829,45.460275],[18.78798,45.457794]]],"type":"Polygon"},"id":430,"properties":{"parentKey":"HRV:1159312543","sourceCountryId":"HRV","syntheticOperational":true,"territoryId":"territory:catalog:e43f0a79934e8a7083175375246a937974b0d396b961216117bc63a0740d63d6"},"type":"Feature"},{"geometry":{"coordinates":[[[17.248157248157,42.968852351887],[17.271332,42.963365],[17.297599881361,42.94964028777],[17.324632952692,42.94964028777],[17.395577395577,42.94964028777],[17.395577395577,42.97529437139],[17.390473,42.977729],[17.248157248157,43.020400610659],[17.248157248157,42.968852351887]]],"type":"Polygon"},"id":431,"properties":{"parentKey":"HRV:1159312431","sourceCountryId":"HRV","syntheticOperational":true,"territoryId":"territory:catalog:1065f99b71340740f4eaea46a2c7dddf44c0785aed01ecfd0641ec5921d3c03b"},"type":"Feature"},{"geometry":{"coordinates":[[[16.419437340153,45.431654676259],[16.572890025575,45.431654676259],[16.572890025575,45.539568345324],[16.475620188195,45.539568345324],[16.419437340153,45.539568345324],[16.419437340153,45.431654676259]]],"type":"Polygon"},"id":432,"properties":{"parentKey":"HRV:1159312529","sourceCountryId":"HRV","syntheticOperational":true,"territoryId":"territory:catalog:6ed68d6c87a5a0b0452d97991d31abcc532ecb6b61210b84bd960a7af3e638a5"},"type":"Feature"},{"geometry":{"coordinates":[[[15.315922493682,44.676258992806],[15.415617128463,44.676258992806],[15.467565290649,44.676258992806],[15.467565290649,44.78417266187],[15.315922493682,44.78417266187],[15.315922493682,44.676258992806]]],"type":"Polygon"},"id":433,"properties":{"parentKey":"HRV:1159312507","sourceCountryId":"HRV","syntheticOperational":true,"territoryId":"territory:catalog:278d15bc0c112ec84e01dc455b6cb954f8180b9939c4d7be36bcb7fbc4b26b05"},"type":"Feature"},{"geometry":{"coordinates":[[[16.558732132404,46.187050359712],[16.603448275862,46.187050359712],[16.675324675325,46.187050359712],[16.675324675325,46.203439993357],[16.663975,46.20085],[16.66041,46.2024],[16.657154,46.209118],[16.653899,46.211908],[16.648938,46.213097],[16.632349,46.21196],[16.596021,46.203123],[16.558732132404,46.187050359712]]],"type":"Polygon"},"id":434,"properties":{"parentKey":"HRV:1159312551","sourceCountryId":"HRV","syntheticOperational":true,"territoryId":"territory:catalog:1270eaa3fbd2e488f3e0e774a38f9134b428bb86f80be6450a6e19b058eaf877"},"type":"Feature"},{"geometry":{"coordinates":[[[16.745159,46.305701],[16.758647,46.295262],[16.759303940052,46.294964028777],[16.794385810356,46.294964028777],[16.791358,46.297743],[16.778956,46.302394],[16.745159,46.305701]]],"type":"Polygon"},"id":435,"properties":{"parentKey":"HRV:1159312551","sourceCountryId":"HRV","syntheticOperational":true,"territoryId":"territory:catalog:7bd3fdd617081f47d033df3eaa6a71f6797b0a58dd4ed1d15ef1765ccc4c266a"},"type":"Feature"},{"geometry":{"coordinates":[[[16.348482499681,43.920863309353],[16.376828864138,43.920863309353],[16.350868,43.926208],[16.348482499681,43.920863309353]]],"type":"Polygon"},"id":436,"properties":{"parentKey":"HRV:1159312433","sourceCountryId":"HRV","syntheticOperational":true,"territoryId":"territory:catalog:c60cad23a08d21c7ad2481643674e1300a4631216a56f6d2b0247db4a569a8a5"},"type":"Feature"},{"geometry":{"coordinates":[[[18.939264328486,45.637134731273],[18.949911762981,45.647482014388],[18.939264328486,45.647482014388],[18.939264328486,45.637134731273]]],"type":"Polygon"},"id":437,"properties":{"parentKey":"HRV:1159312539","sourceCountryId":"HRV","syntheticOperational":true,"territoryId":"territory:catalog:dbb3a4fb78a9e6aa3df5940d49365aa6bde53cdc2c541a71f3ae83a7a0231c3f"},"type":"Feature"},{"geometry":{"coordinates":[[[17.70877,45.193521],[17.71156,45.191247],[17.724957555178,45.188256375185],[17.724957555178,45.215827338129],[17.719858592372,45.215827338129],[17.721637,45.212744],[17.721482,45.211608],[17.711095,45.198275],[17.70877,45.193521]]],"type":"Polygon"},"id":438,"properties":{"parentKey":"HRV:1159312541","sourceCountryId":"HRV","syntheticOperational":true,"territoryId":"territory:catalog:a14483d99cc47f408b4d028d25d9b416827961f23d9bc40306acd060eed87caf"},"type":"Feature"},{"geometry":{"coordinates":[[[14.465831,45.114691],[14.466300416155,45.107913669065],[14.467005076142,45.107913669065],[14.516129032258,45.107913669065],[14.516129032258,45.129815586135],[14.514008,45.129055],[14.476329,45.128363],[14.467052,45.124091],[14.465831,45.114691]]],"type":"Polygon"},"id":439,"properties":{"parentKey":"HRV:1159312505","sourceCountryId":"HRV","syntheticOperational":true,"territoryId":"territory:catalog:49494defb2d75b622c7fbdf0633e192474f7a845ef8f17fdb5f4e130e96b421d"},"type":"Feature"},{"geometry":{"coordinates":[[[16.345442,46.110054],[16.352883,46.09021],[16.355266970887,46.079136690647],[16.448275862069,46.079136690647],[16.448275862069,46.13562980333],[16.446573,46.135375],[16.441922,46.135789],[16.439131,46.136977],[16.437271,46.1392],[16.434946,46.143747],[16.433395,46.145246],[16.431225,46.145969],[16.427504,46.145039],[16.392571,46.127004],[16.387455,46.125454],[16.382804,46.124833],[16.368541,46.12597],[16.364821,46.125764],[16.349628,46.122508],[16.346372,46.11765],[16.345442,46.110054]]],"type":"Polygon"},"id":440,"properties":{"parentKey":"HRV:1159312551","sourceCountryId":"HRV","syntheticOperational":true,"territoryId":"territory:catalog:eb9c6f046976fb01e8bf9d75263218a77ce1b417293e7ca9eb30d2dd33712601"},"type":"Feature"},{"geometry":{"coordinates":[[[15.81589958159,44.352517985612],[15.966527196653,44.352517985612],[15.966527196653,44.460431654676],[15.869017632242,44.460431654676],[15.81589958159,44.460431654676],[15.81589958159,44.352517985612]]],"type":"Polygon"},"id":441,"properties":{"parentKey":"HRV:1159312443","sourceCountryId":"HRV","syntheticOperational":true,"territoryId":"territory:catalog:38d3ed8a8fa522d37db58e1a6598b07cb79ecccd76ab6b4ff02885d3cf992df3"},"type":"Feature"},{"geometry":{"coordinates":[[[13.657289002558,45.431654676259],[13.81074168798,45.431654676259],[13.81074168798,45.43913040156],[13.806526,45.442137],[13.759294,45.463169],[13.65997,45.459978],[13.657289002558,45.459891830698],[13.657289002558,45.431654676259]]],"type":"Polygon"},"id":442,"properties":{"parentKey":"HRV:1159312535","sourceCountryId":"HRV","syntheticOperational":true,"territoryId":"territory:catalog:dc2b7c4bea1c0fbf123ef3d6665974bd0e9967dfb3a81e205fe0ee359ba1c5d2"},"type":"Feature"},{"geometry":{"coordinates":[[[14.838267083386,45.107913669065],[14.84254,45.105536],[14.852794,45.093655],[14.856456,45.076483],[14.881342836337,45.035599787343],[14.881343,45.0356],[14.8815,45.035804],[14.886513,45.042316],[14.886151,45.055286],[14.887288,45.0588],[14.890234,45.061333],[14.92385786802,45.076372719994],[14.92385786802,45.107913669065],[14.838267083386,45.107913669065]]],"type":"Polygon"},"id":443,"properties":{"parentKey":"HRV:1159312505","sourceCountryId":"HRV","syntheticOperational":true,"territoryId":"territory:catalog:e52ff18a6cfaef85144142b09fe4d8117e8b198fb9bef686b89c59e9f54dea77"},"type":"Feature"},{"geometry":{"coordinates":[[[18.146341463415,42.63538110297],[18.166026,42.626939],[18.173861006789,42.625899280576],[18.229571253733,42.625899280576],[18.224138,42.628071],[18.146341463415,42.666658562894],[18.146341463415,42.63538110297]]],"type":"Polygon"},"id":444,"properties":{"parentKey":"HRV:1159312431","sourceCountryId":"HRV","syntheticOperational":true,"territoryId":"territory:catalog:f77fc7f63afcb5d0807e8004f60bf84bc18b71a22024e96fd097cb9379bd0a75"},"type":"Feature"},{"geometry":{"coordinates":[[[14.415027845919,44.676258992806],[14.427908,44.656562],[14.472992,44.620266],[14.502289,44.620266],[14.513357,44.618842],[14.520356,44.621527],[14.527354,44.627143],[14.534353,44.634263],[14.527517,44.647895],[14.514985,44.642157],[14.508556,44.645331],[14.508067,44.653306],[14.513927,44.662177],[14.502818860593,44.676258992806],[14.415027845919,44.676258992806]]],"type":"Polygon"},"id":445,"properties":{"parentKey":"HRV:1159312505","sourceCountryId":"HRV","syntheticOperational":true,"territoryId":"territory:catalog:3cb6e5839f41d12f78b7bb32510a38e1d79731d326aeabb816ad9ac7c63cb800"},"type":"Feature"},{"geometry":{"coordinates":[[[16.294416243655,45.004749205253],[16.316244,45.001234],[16.340635,45.005936],[16.346019,45.02001],[16.356965,45.048621],[16.377325,45.075596],[16.381976,45.083709],[16.384043,45.09544],[16.381976,45.101951],[16.38177,45.107584],[16.382035196488,45.107913669065],[16.34974533107,45.107913669065],[16.294416243655,45.107913669065],[16.294416243655,45.004749205253]]],"type":"Polygon"},"id":446,"properties":{"parentKey":"HRV:1159312529","sourceCountryId":"HRV","syntheticOperational":true,"territoryId":"territory:catalog:1dba2dc6686b7b5d5771721c33ff5902bdd60eb5379ac950a5df8ad15fe8da91"},"type":"Feature"},{"geometry":{"coordinates":[[[15.869017632242,44.568345323741],[16.020151133501,44.568345323741],[16.020151133501,44.627527977171],[16.016004,44.628957],[15.991613,44.631437],[15.979107,44.634383],[15.968978,44.63924],[15.955646,44.653193],[15.948658971105,44.676258992806],[15.92249368155,44.676258992806],[15.869017632242,44.676258992806],[15.869017632242,44.568345323741]]],"type":"Polygon"},"id":447,"properties":{"parentKey":"HRV:1159312443","sourceCountryId":"HRV","syntheticOperational":true,"territoryId":"territory:catalog:cb39bd0df977af041ed910e08242241d8ff7cb244408ea0a3466839995abfdbf"},"type":"Feature"},{"geometry":{"coordinates":[[[15.343536681453,45.755395683453],[15.397775876818,45.755395683453],[15.463917525773,45.755395683453],[15.463917525773,45.813889815955],[15.462549,45.814207],[15.451284,45.815137],[15.440328,45.811468],[15.435574,45.802115],[15.439502,45.791676],[15.441052,45.782168],[15.429755,45.775691],[15.429063,45.775295],[15.343536681453,45.755395683453]]],"type":"Polygon"},"id":448,"properties":{"parentKey":"HRV:1159312531","sourceCountryId":"HRV","syntheticOperational":true,"territoryId":"territory:catalog:d496305964ae16a629eb7b27e8f7f2ccf29cbb0295df6d1911e0a66b44d7ecfd"},"type":"Feature"},{"geometry":{"coordinates":[[[15.904796,43.648017],[15.921397,43.648139],[15.943708609272,43.644683139234],[15.943708609272,43.648371145105],[15.942393,43.648017],[15.934825,43.649848],[15.926606,43.653022],[15.916759,43.653632],[15.904796,43.648017]]],"type":"Polygon"},"id":449,"properties":{"parentKey":"HRV:1159312439","sourceCountryId":"HRV","syntheticOperational":true,"territoryId":"territory:catalog:358dcfb51615c316a13de0c52c140b6fa0844d1616894be6ba6f8a4fe66bd964"},"type":"Feature"},{"geometry":{"coordinates":[[[15.585738539898,45.107913669065],[15.685279187817,45.107913669065],[15.738539898132,45.107913669065],[15.738539898132,45.208233492028],[15.736539,45.208559],[15.722276,45.2083],[15.718814,45.20737],[15.715713,45.205923],[15.710132,45.201996],[15.707341,45.201117],[15.704861,45.200859],[15.639387,45.210677],[15.636441,45.212744],[15.634732357314,45.215827338129],[15.585738539898,45.215827338129],[15.585738539898,45.107913669065]]],"type":"Polygon"},"id":450,"properties":{"parentKey":"HRV:1159312525","sourceCountryId":"HRV","syntheticOperational":true,"territoryId":"territory:catalog:646cf13d27fac7decfdafeddabc496fb5c7ca5bcb2ae6d727de0e57518b99387"},"type":"Feature"},{"geometry":{"coordinates":[[[18.32448992092,42.517985611511],[18.37925445705,42.491685916273],[18.37925445705,42.517985611511],[18.32448992092,42.517985611511]]],"type":"Polygon"},"id":451,"properties":{"parentKey":"HRV:1159312431","sourceCountryId":"HRV","syntheticOperational":true,"territoryId":"territory:catalog:ec10c6983dd3b9ba44454d75b2fc6f2e54bccd000a11bb2d771364dc135b3836"},"type":"Feature"},{"geometry":{"coordinates":[[[17.949501567147,42.73381294964],[17.961192,42.729397],[18,42.702899937301],[18,42.73381294964],[17.949501567147,42.73381294964]]],"type":"Polygon"},"id":452,"properties":{"parentKey":"HRV:1159312431","sourceCountryId":"HRV","syntheticOperational":true,"territoryId":"territory:catalog:e64ae3dde5140736130af4f1273c6081cc63c72b2fe43b9c0f57e53d93ee7e70"},"type":"Feature"},{"geometry":{"coordinates":[[[17.100737100737,42.984435873945],[17.201915,42.98432],[17.213878,42.982611],[17.221528,42.979804],[17.237478,42.971381],[17.248157248157,42.968852351887],[17.248157248157,43.020400610659],[17.240245,43.022773],[17.158702,43.030992],[17.100737100737,43.02635475379],[17.100737100737,42.984435873945]]],"type":"Polygon"},"id":453,"properties":{"parentKey":"HRV:1159312431","sourceCountryId":"HRV","syntheticOperational":true,"territoryId":"territory:catalog:4075513b7eb64303c91b9c8b6e656a44f4ccf773793c7b34664bff3097cab917"},"type":"Feature"},{"geometry":{"coordinates":[[[15.805626598465,45.323741007194],[15.891341256367,45.323741007194],[15.959079283887,45.323741007194],[15.959079283887,45.431654676259],[15.834903193977,45.431654676259],[15.83462,45.431077],[15.824492,45.41666],[15.824337,45.407203],[15.820926,45.402139],[15.814105,45.398676],[15.805626598465,45.396638538238],[15.805626598465,45.323741007194]]],"type":"Polygon"},"id":454,"properties":{"parentKey":"HRV:1159312529","sourceCountryId":"HRV","syntheticOperational":true,"territoryId":"territory:catalog:e4def0c0a34d4db9f005c3c74afe24c24e12c19df6a845409cbce572e687aae9"},"type":"Feature"},{"geometry":{"coordinates":[[[17.572156196944,45.120376484159],[17.572395,45.120399],[17.593065,45.129598],[17.629962,45.157348],[17.651563,45.165358],[17.684739,45.163963],[17.714505,45.152025],[17.724957555178,45.144728593702],[17.724957555178,45.188256375185],[17.71156,45.191247],[17.70877,45.193521],[17.711095,45.198275],[17.721482,45.211608],[17.721637,45.212744],[17.719858592372,45.215827338129],[17.572156196944,45.215827338129],[17.572156196944,45.120376484159]]],"type":"Polygon"},"id":455,"properties":{"parentKey":"HRV:1159312537","sourceCountryId":"HRV","syntheticOperational":true,"territoryId":"territory:catalog:b2ab592e9f82c8095710ee2f6432fb6afec7238ad7dfea90023aabf4456fc926"},"type":"Feature"},{"geometry":{"coordinates":[[[17.304847986853,43.165467625899],[17.395577395577,43.165467625899],[17.427052620859,43.165467625899],[17.42677,43.165713],[17.415195,43.184962],[17.406823,43.205426],[17.400209,43.216045],[17.389667,43.223099],[17.36941,43.232556],[17.328689,43.260358],[17.316970090588,43.273381294964],[17.304847986853,43.273381294964],[17.304847986853,43.165467625899]]],"type":"Polygon"},"id":456,"properties":{"parentKey":"HRV:1159312433","sourceCountryId":"HRV","syntheticOperational":true,"territoryId":"territory:catalog:d03eeedb4e19a7452855615542b8963424751cd680edc0656eda1d0f19f24cb3"},"type":"Feature"},{"geometry":{"coordinates":[[[16.419437340153,45.323741007194],[16.502546689304,45.323741007194],[16.572890025575,45.323741007194],[16.572890025575,45.431654676259],[16.419437340153,45.431654676259],[16.419437340153,45.323741007194]]],"type":"Polygon"},"id":457,"properties":{"parentKey":"HRV:1159312529","sourceCountryId":"HRV","syntheticOperational":true,"territoryId":"territory:catalog:d8a9be1ace49ce1d863d6feb755a315ca69768f33e88a3ab3e34d860c98df378"},"type":"Feature"},{"geometry":{"coordinates":[[[13.57545,45.264879],[13.588227,45.259589],[13.595225,45.2508],[13.595714,45.240546],[13.589122,45.230699],[13.594249,45.220771],[13.594397224809,45.215827338129],[13.599320882852,45.215827338129],[13.599320882852,45.27912],[13.592052,45.27912],[13.584239,45.276068],[13.578787,45.270982],[13.57545,45.264879]]],"type":"Polygon"},"id":458,"properties":{"parentKey":"HRV:1159312535","sourceCountryId":"HRV","syntheticOperational":true,"territoryId":"territory:catalog:0611540c5244e55ba33762b0877cb8b2aef62088c0b7a617e1b37ae5a54275e4"},"type":"Feature"},{"geometry":{"coordinates":[[[17.424498,45.59236],[17.430544,45.574686],[17.472298,45.56895],[17.478809,45.565384],[17.485786,45.562387],[17.488886,45.559752],[17.491987,45.557685],[17.496173,45.555669],[17.500359,45.555359],[17.504389,45.556341],[17.50966,45.560113],[17.512141,45.563524],[17.513381,45.566883],[17.513226,45.574066],[17.514156,45.57634],[17.517102,45.57634],[17.553464499572,45.561843630166],[17.553464499572,45.647482014388],[17.469435242605,45.647482014388],[17.424498,45.59236]]],"type":"Polygon"},"id":459,"properties":{"parentKey":"HRV:1159312547","sourceCountryId":"HRV","syntheticOperational":true,"territoryId":"territory:catalog:8515eb8d4476010e81fe65f5a6022dac23c5647c107326b7d8a0a8fef1dc2b92"},"type":"Feature"},{"geometry":{"coordinates":[[[15.432937181664,45.215827338129],[15.585738539898,45.215827338129],[15.585738539898,45.323741007194],[15.498721227622,45.323741007194],[15.432937181664,45.323741007194],[15.432937181664,45.215827338129]]],"type":"Polygon"},"id":460,"properties":{"parentKey":"HRV:1159312525","sourceCountryId":"HRV","syntheticOperational":true,"territoryId":"territory:catalog:51ca6a352f4a1e3034cd5df311ac9bacf797d18a42cf89d6f8497f6a81307b86"},"type":"Feature"},{"geometry":{"coordinates":[[[18.169375534645,45.611159260504],[18.174891,45.607139],[18.181092,45.60471],[18.200057,45.600731],[18.207654,45.597734],[18.217266,45.587709],[18.220676,45.583006],[18.223932,45.577838],[18.223002,45.573239],[18.215715,45.566521],[18.209359,45.563731],[18.195562,45.560165],[18.193856,45.559132],[18.192926,45.556858],[18.192616,45.553189],[18.193861566586,45.539568345324],[18.260869565217,45.539568345324],[18.323353293413,45.539568345324],[18.323353293413,45.647482014388],[18.169375534645,45.647482014388],[18.169375534645,45.611159260504]]],"type":"Polygon"},"id":461,"properties":{"parentKey":"HRV:1159312539","sourceCountryId":"HRV","syntheticOperational":true,"territoryId":"territory:catalog:c7ad9c1a0ed325bfc2405e2c62ba5a0f3e1ad2a95731a2885c35795a47201d68"},"type":"Feature"},{"geometry":{"coordinates":[[[16.594684385382,43.812949640288],[16.688741721854,43.812949640288],[16.688979831158,43.812949640288],[16.686144,43.826137],[16.678599,43.840684],[16.637361,43.868409],[16.604805,43.901068],[16.594684385382,43.908589098528],[16.594684385382,43.812949640288]]],"type":"Polygon"},"id":462,"properties":{"parentKey":"HRV:1159312433","sourceCountryId":"HRV","syntheticOperational":true,"territoryId":"territory:catalog:fe8a57856fb96bc89b33d73444c268c1097f7e2470cc59b02ad312bfbddb86c5"},"type":"Feature"},{"geometry":{"coordinates":[[[17.08166488729,45.215827338129],[17.082968,45.211918],[17.087309,45.207628],[17.097231,45.203029],[17.110563,45.192901],[17.113752122241,45.187494794288],[17.113752122241,45.215827338129],[17.08166488729,45.215827338129]]],"type":"Polygon"},"id":463,"properties":{"parentKey":"HRV:1159312537","sourceCountryId":"HRV","syntheticOperational":true,"territoryId":"territory:catalog:24acd8bbf3d0323e0debf40e31556fefef3dd9eb1fbc9b227b1240b7092e0a62"},"type":"Feature"},{"geometry":{"coordinates":[[[17.245508982036,45.539568345324],[17.340153452685,45.539568345324],[17.399486740804,45.539568345324],[17.399486740804,45.647482014388],[17.245508982036,45.647482014388],[17.245508982036,45.539568345324]]],"type":"Polygon"},"id":464,"properties":{"parentKey":"HRV:1159312549","sourceCountryId":"HRV","syntheticOperational":true,"territoryId":"territory:catalog:67255246a0cc2ff2631d6ca1ff1a1b76815200cd581d30e14a3f66aa6ed9be79"},"type":"Feature"},{"geometry":{"coordinates":[[[15.207450425621,45.431654676259],[15.229313228877,45.431654676259],[15.228663,45.432886],[15.225849,45.43645],[15.207450425621,45.431654676259]]],"type":"Polygon"},"id":465,"properties":{"parentKey":"HRV:1159312505","sourceCountryId":"HRV","syntheticOperational":true,"territoryId":"territory:catalog:175c31d329c2a90832b7cfdad0be1f57f11eb22bede22fddff6fbf44cb3cfc93"},"type":"Feature"},{"geometry":{"coordinates":[[[17.091531223268,45.539568345324],[17.186700767263,45.539568345324],[17.245508982036,45.539568345324],[17.245508982036,45.647482014388],[17.091531223268,45.647482014388],[17.091531223268,45.539568345324]]],"type":"Polygon"},"id":466,"properties":{"parentKey":"HRV:1159312549","sourceCountryId":"HRV","syntheticOperational":true,"territoryId":"territory:catalog:235fdfea3f3b9376b3a9b6cdd0eb474687024cc057f4ddb44f78f802c420dcb9"},"type":"Feature"},{"geometry":{"coordinates":[[[16.241721854305,43.705035971223],[16.326082930074,43.705035971223],[16.34167,43.709994],[16.350558,43.715937],[16.352573,43.722138],[16.348387,43.726634],[16.343116,43.730664],[16.340946,43.734282],[16.339396,43.739863],[16.349628,43.754694],[16.350248,43.757174],[16.349318,43.760378],[16.348543,43.765081],[16.350403,43.773194],[16.356914,43.778258],[16.390728476821,43.795024950862],[16.390728476821,43.812949640288],[16.295681063123,43.812949640288],[16.241721854305,43.812949640288],[16.241721854305,43.705035971223]]],"type":"Polygon"},"id":467,"properties":{"parentKey":"HRV:1159312439","sourceCountryId":"HRV","syntheticOperational":true,"territoryId":"territory:catalog:1a85a731b4799bf0b236e7d7578c7623ff394111ad3f66ab180fc9282ba4c720"},"type":"Feature"},{"geometry":{"coordinates":[[[19.100169779287,45.144008637703],[19.116073,45.142879],[19.137674,45.146031],[19.141705,45.162154],[19.128785,45.181068],[19.121861,45.195795],[19.143875,45.199516],[19.155761,45.194969],[19.174571,45.175797],[19.185319,45.168045],[19.204543,45.162878],[19.225937,45.161947],[19.252971137521,45.164450328325],[19.252971137521,45.215827338129],[19.100169779287,45.215827338129],[19.100169779287,45.144008637703]]],"type":"Polygon"},"id":468,"properties":{"parentKey":"HRV:1159312543","sourceCountryId":"HRV","syntheticOperational":true,"territoryId":"territory:catalog:1aa5b90e6256780c989933b4f0ca787e0dff1199eaf3b4a0068320338ddf2fa1"},"type":"Feature"},{"geometry":{"coordinates":[[[17.010309278351,45.755395683453],[17.091531223268,45.755395683453],[17.164948453608,45.755395683453],[17.164948453608,45.858250749232],[17.154612503157,45.863309352518],[17.010309278351,45.863309352518],[17.010309278351,45.755395683453]]],"type":"Polygon"},"id":469,"properties":{"parentKey":"HRV:1159312549","sourceCountryId":"HRV","syntheticOperational":true,"territoryId":"territory:catalog:3de2b9544240239b3cd13ece31fc977056d991dc7f903bf00d251261df16433a"},"type":"Feature"},{"geometry":{"coordinates":[[[16.420503909644,46.510791366906],[16.498955987821,46.510791366906],[16.491117,46.515146],[16.481298,46.519022],[16.470756,46.520262],[16.449052,46.51835],[16.440371,46.519022],[16.431999,46.523208],[16.420503909644,46.531635867802],[16.420503909644,46.510791366906]]],"type":"Polygon"},"id":470,"properties":{"parentKey":"HRV:1159312553","sourceCountryId":"HRV","syntheticOperational":true,"territoryId":"territory:catalog:6125fb40a78536a189346f9bd3acf5e00e8716f138236188bee211a31b64312b"},"type":"Feature"},{"geometry":{"coordinates":[[[16.76834295136,43.489208633094],[16.916735366859,43.489208633094],[16.916735366859,43.597122302158],[16.837748344371,43.597122302158],[16.76834295136,43.597122302158],[16.76834295136,43.489208633094]]],"type":"Polygon"},"id":471,"properties":{"parentKey":"HRV:1159312433","sourceCountryId":"HRV","syntheticOperational":true,"territoryId":"territory:catalog:d4a38c3545c8bcc48e37e2fd9c44144869eec286d0e6d906e0260d4f3c4b27d2"},"type":"Feature"},{"geometry":{"coordinates":[[[15.7708,45.863309352518],[15.773195876289,45.863309352518],[15.773195876289,45.86857240288],[15.77142,45.867537],[15.7708,45.864384],[15.7708,45.863309352518]]],"type":"Polygon"},"id":472,"properties":{"parentKey":"HRV:1159312533","sourceCountryId":"HRV","syntheticOperational":true,"territoryId":"territory:catalog:26156abf53ae3776108b55dcd2c8e2e822024a0ec151276f0e8d3eb85b206e9c"},"type":"Feature"},{"geometry":{"coordinates":[[[15.113350125945,44.568345323741],[15.264483627204,44.568345323741],[15.264483627204,44.676258992806],[15.164279696714,44.676258992806],[15.113350125945,44.676258992806],[15.113350125945,44.568345323741]]],"type":"Polygon"},"id":473,"properties":{"parentKey":"HRV:1159312507","sourceCountryId":"HRV","syntheticOperational":true,"territoryId":"territory:catalog:55c179f2701a04e7133e046446403af7b8f4d350cc3424e59b79f84b79942980"},"type":"Feature"},{"geometry":{"coordinates":[[[16.39175257732,45.863309352518],[16.546391752577,45.863309352518],[16.546391752577,45.956435521614],[16.545275,45.957092],[16.525745662404,45.971223021583],[16.502928054301,45.971223021583],[16.502745,45.970993],[16.499644,45.96629],[16.495924,45.96412],[16.488792,45.960709],[16.475305,45.958125],[16.469414,45.958849],[16.466933,45.960812],[16.468794,45.966807],[16.470821498061,45.971223021583],[16.448275862069,45.971223021583],[16.39175257732,45.971223021583],[16.39175257732,45.863309352518]]],"type":"Polygon"},"id":474,"properties":{"parentKey":"HRV:1159312531","sourceCountryId":"HRV","syntheticOperational":true,"territoryId":"territory:catalog:dfcf67f46422253e16b6240cbfc604a4b1366a43bf86f254187e261a10dd5767"},"type":"Feature"},{"geometry":{"coordinates":[[[13.81074168798,45.431654676259],[13.82421015044,45.431654676259],[13.819859,45.432628],[13.81074168798,45.43913040156],[13.81074168798,45.431654676259]]],"type":"Polygon"},"id":475,"properties":{"parentKey":"HRV:1159312535","sourceCountryId":"HRV","syntheticOperational":true,"territoryId":"territory:catalog:10c0f754fb3c078ca4f81d49e551fd8c687ec41d2adb5b9a2151fa955d90ae75"},"type":"Feature"},{"geometry":{"coordinates":[[[16.044142614601,45.178050861965],[16.054968,45.176417],[16.067474,45.169595],[16.08277,45.151612],[16.104061,45.112545],[16.108998786968,45.107913669065],[16.142131979695,45.107913669065],[16.196943972835,45.107913669065],[16.196943972835,45.215827338129],[16.044142614601,45.215827338129],[16.044142614601,45.178050861965]]],"type":"Polygon"},"id":476,"properties":{"parentKey":"HRV:1159312529","sourceCountryId":"HRV","syntheticOperational":true,"territoryId":"territory:catalog:2d35e14d2a4f2498def5a2a27ff3bcc13eddb9ef031e0e8d3999e4ff10e0f41a"},"type":"Feature"},{"geometry":{"coordinates":[[[16.196943972835,45.107913669065],[16.294416243655,45.107913669065],[16.34974533107,45.107913669065],[16.34974533107,45.215827338129],[16.196943972835,45.215827338129],[16.196943972835,45.107913669065]]],"type":"Polygon"},"id":477,"properties":{"parentKey":"HRV:1159312529","sourceCountryId":"HRV","syntheticOperational":true,"territoryId":"territory:catalog:25eac3d9a54cade5ff4b3d8a47f6a692ba0d82576df8dca702297b9ba8bf24c9"},"type":"Feature"},{"geometry":{"coordinates":[[[14.637285994638,45.215827338129],[14.657888,45.196601],[14.668930390492,45.190547624738],[14.668930390492,45.215827338129],[14.637285994638,45.215827338129]]],"type":"Polygon"},"id":478,"properties":{"parentKey":"HRV:1159312505","sourceCountryId":"HRV","syntheticOperational":true,"territoryId":"territory:catalog:6a9245aa030a8744bbddd651f118cd01b6a3912025c382ebc472b94a9327e8b1"},"type":"Feature"},{"geometry":{"coordinates":[[[15.705731394354,45.539568345324],[15.762201514187,45.539568345324],[15.760878,45.540838],[15.755297,45.545127],[15.740879,45.554222],[15.739174,45.558925],[15.74243,45.563111],[15.748011,45.566883],[15.751576,45.571276],[15.752352,45.57634],[15.747391,45.595202],[15.745995,45.596907],[15.74398,45.597424],[15.734213,45.589982],[15.731578,45.588587],[15.72672,45.588742],[15.720519,45.590396],[15.709047,45.595667],[15.705731394354,45.596790316114],[15.705731394354,45.539568345324]]],"type":"Polygon"},"id":479,"properties":{"parentKey":"HRV:1159312525","sourceCountryId":"HRV","syntheticOperational":true,"territoryId":"territory:catalog:1bbddde1b8e8f003706335dbd1ce7db5722482918a7ebc02250d6e0c132a06c9"},"type":"Feature"},{"geometry":{"coordinates":[[[16.655348047538,45.206453755215],[16.786293,45.178846],[16.808149405772,45.180889369775],[16.808149405772,45.215827338129],[16.655348047538,45.215827338129],[16.655348047538,45.206453755215]]],"type":"Polygon"},"id":480,"properties":{"parentKey":"HRV:1159312529","sourceCountryId":"HRV","syntheticOperational":true,"territoryId":"territory:catalog:f748372a3f1247424fba73675764e95822d723eaa2c46a75ee754946e5b223f4"},"type":"Feature"},{"geometry":{"coordinates":[[[13.904923599321,45.107913669065],[14.010152284264,45.107913669065],[14.057724957555,45.107913669065],[14.057724957555,45.215827338129],[13.904923599321,45.215827338129],[13.904923599321,45.107913669065]]],"type":"Polygon"},"id":481,"properties":{"parentKey":"HRV:1159312535","sourceCountryId":"HRV","syntheticOperational":true,"territoryId":"territory:catalog:c894941a59f5624cf08171f315d53f19b618638555c43c3bac4c8971b3ba24ad"},"type":"Feature"},{"geometry":{"coordinates":[[[16.916735366859,43.382024144575],[16.918224237151,43.381294964029],[17.009038619556,43.381294964029],[17.065127782358,43.381294964029],[17.065127782358,43.489208633094],[16.916735366859,43.489208633094],[16.916735366859,43.382024144575]]],"type":"Polygon"},"id":482,"properties":{"parentKey":"HRV:1159312433","sourceCountryId":"HRV","syntheticOperational":true,"territoryId":"territory:catalog:afb4a55fec7f1bba15e06fedbeec1e8109b2feb4985194f79db4acae6c046916"},"type":"Feature"},{"geometry":{"coordinates":[[[16.73735725938,42.917729412905],[16.739757,42.917182],[16.85141,42.900702],[16.884176182708,42.904254984619],[16.884176182708,42.94964028777],[16.805896805897,42.94964028777],[16.73735725938,42.94964028777],[16.73735725938,42.917729412905]]],"type":"Polygon"},"id":483,"properties":{"parentKey":"HRV:1159312431","sourceCountryId":"HRV","syntheticOperational":true,"territoryId":"territory:catalog:d52cf28146c18f0a252713fe17fea603a0a637a87e82095bfecd6e817401c161"},"type":"Feature"},{"geometry":{"coordinates":[[[15.213389121339,44.244604316547],[15.3,44.244604316547],[15.364016736402,44.244604316547],[15.364016736402,44.290548858579],[15.336925,44.301663],[15.308604,44.309272],[15.280528,44.327541],[15.261241,44.332587],[15.268891,44.320461],[15.278168,44.309801],[15.289317,44.302191],[15.302745,44.29914],[15.297862,44.294013],[15.294932,44.290229],[15.290538,44.287421],[15.281749,44.285386],[15.295258,44.250678],[15.279552,44.251776],[15.268403,44.25845],[15.247569,44.277981],[15.213389121339,44.294340422916],[15.213389121339,44.244604316547]]],"type":"Polygon"},"id":484,"properties":{"parentKey":"HRV:1159312443","sourceCountryId":"HRV","syntheticOperational":true,"territoryId":"territory:catalog:d3e0474165581478b9211707f49f89777ee443bef45c088ea47aff5a797cabf8"},"type":"Feature"},{"geometry":{"coordinates":[[[18.883248730964,44.892086330935],[18.955349620893,44.892086330935],[18.996344659539,44.892086330935],[18.994323,44.894832],[18.991429,44.914934],[19.018405,44.925683],[19.031944,44.922634],[19.035532994924,44.919845646198],[19.035532994924,45],[18.883248730964,45],[18.883248730964,44.892086330935]]],"type":"Polygon"},"id":485,"properties":{"parentKey":"HRV:1159312543","sourceCountryId":"HRV","syntheticOperational":true,"territoryId":"territory:catalog:99edf8b7e020c84300f9686bf747e08b9ca930050b1a3a48d4f7e394c645bc08"},"type":"Feature"},{"geometry":{"coordinates":[[[17.800511508951,45.431654676259],[17.953964194373,45.431654676259],[17.953964194373,45.526015701484],[17.948342,45.51593],[17.93966,45.5042],[17.932373,45.497223],[17.925552,45.492366],[17.890774,45.473917],[17.884418,45.471385],[17.879147,45.470713],[17.875581,45.471902],[17.867675,45.473555],[17.85119,45.474589],[17.817548,45.470506],[17.807782,45.470196],[17.800511508951,45.471209793111],[17.800511508951,45.431654676259]]],"type":"Polygon"},"id":486,"properties":{"parentKey":"HRV:1159312541","sourceCountryId":"HRV","syntheticOperational":true,"territoryId":"territory:catalog:6984c307130cea87b9cc10abfb343017fcd5947b760e0b9b8389143c37b5ff34"},"type":"Feature"},{"geometry":{"coordinates":[[[17.045779470917,45.215827338129],[17.055734,45.200446],[17.098418,45.177657],[17.113752122241,45.172626167602],[17.113752122241,45.187494794288],[17.110563,45.192901],[17.097231,45.203029],[17.087309,45.207628],[17.082968,45.211918],[17.08166488729,45.215827338129],[17.045779470917,45.215827338129]]],"type":"Polygon"},"id":487,"properties":{"parentKey":"HRV:1159312529","sourceCountryId":"HRV","syntheticOperational":true,"territoryId":"territory:catalog:cfc575723bab3e0bfd16e4d34e56f3789e98bcf95460a11ef271252540ea373a"},"type":"Feature"},{"geometry":{"coordinates":[[[14.271099744246,45.431654676259],[14.424552429668,45.431654676259],[14.424552429668,45.501966492337],[14.411244,45.493193],[14.372797,45.477845],[14.326805,45.4749],[14.280399,45.481101],[14.271099744246,45.483963154387],[14.271099744246,45.431654676259]]],"type":"Polygon"},"id":488,"properties":{"parentKey":"HRV:1159312505","sourceCountryId":"HRV","syntheticOperational":true,"territoryId":"territory:catalog:030bd90963431a1091d1e1be632cf0ec1dcb17c599a6cabae2b54c1af59decd2"},"type":"Feature"},{"geometry":{"coordinates":[[[15.619208087616,44.78417266187],[15.718788298232,44.78417266187],[15.717314,44.786466],[15.716074,44.80321],[15.730647,44.817007],[15.751214,44.821555],[15.76868,44.827342],[15.770850884583,44.835411025052],[15.770850884583,44.850241106102],[15.76403,44.864033],[15.74801,44.882016],[15.741123781264,44.892086330935],[15.685279187817,44.892086330935],[15.619208087616,44.892086330935],[15.619208087616,44.78417266187]]],"type":"Polygon"},"id":489,"properties":{"parentKey":"HRV:1159312443","sourceCountryId":"HRV","syntheticOperational":true,"territoryId":"territory:catalog:d3e8bcf4df6cf7258f6db9196499c689fb9b200a5aa94660e4ca34831e9fe977"},"type":"Feature"},{"geometry":{"coordinates":[[[15.548172757475,43.875765894736],[15.574067,43.859524],[15.638845,43.836127],[15.665782,43.819281],[15.666759,43.819973],[15.668956,43.82099],[15.673025,43.821234],[15.678884,43.819281],[15.678884,43.812949640288],[15.697674418605,43.812949640288],[15.697674418605,43.882332260917],[15.685482,43.889466],[15.681762,43.889414],[15.678041,43.887864],[15.644038,43.866263],[15.638457,43.863783],[15.633186,43.863731],[15.629,43.86585],[15.597477,43.886624],[15.575153,43.896649],[15.548172757475,43.877455137228],[15.548172757475,43.875765894736]]],"type":"Polygon"},"id":490,"properties":{"parentKey":"HRV:1159312439","sourceCountryId":"HRV","syntheticOperational":true,"territoryId":"territory:catalog:1cd03ab182661d1c3bd9533b68866a93476f7c4cf7ff33af4d71e7c71ca46c89"},"type":"Feature"},{"geometry":{"coordinates":[[[15.89094235521,45.647482014388],[15.891568,45.64693],[15.894462,45.642641],[15.896684,45.638197],[15.899784,45.633649],[15.90397,45.630187],[15.921488,45.622384],[15.938498,45.642791],[15.939201675097,45.647482014388],[15.89094235521,45.647482014388]]],"type":"Polygon"},"id":491,"properties":{"parentKey":"HRV:1159312533","sourceCountryId":"HRV","syntheticOperational":true,"territoryId":"territory:catalog:b744a6da13273a07ee0575599fe4c7f9122c40f471c4162e2cf0c32635dbeb28"},"type":"Feature"},{"geometry":{"coordinates":[[[17.395577395577,43.14950012173],[17.39592,43.149408],[17.398556,43.148168],[17.402277,43.144292],[17.406307,43.14176],[17.411785,43.140209],[17.419227,43.139744],[17.437365,43.141191],[17.444496,43.143827],[17.449457,43.146307],[17.450913,43.148152],[17.442067,43.152432],[17.427052620859,43.165467625899],[17.395577395577,43.165467625899],[17.395577395577,43.14950012173]]],"type":"Polygon"},"id":492,"properties":{"parentKey":"HRV:1159312433","sourceCountryId":"HRV","syntheticOperational":true,"territoryId":"territory:catalog:a977bed5892d40f87df3a8187e211a878fa7bb3d166d8d7f340958fac89880c5"},"type":"Feature"},{"geometry":{"coordinates":[[[13.515623556097,45.431654676259],[13.543142,45.376166],[13.554942,45.367336],[13.554942,45.36107],[13.540538,45.356757],[13.54127,45.346137],[13.550629,45.334296],[13.561778,45.326361],[13.571056,45.325019],[13.597911,45.324368],[13.599635082061,45.323741007194],[13.657289002558,45.323741007194],[13.657289002558,45.431654676259],[13.515623556097,45.431654676259]]],"type":"Polygon"},"id":493,"properties":{"parentKey":"HRV:1159312535","sourceCountryId":"HRV","syntheticOperational":true,"territoryId":"territory:catalog:c090a27e55a9580209f5724b2aed9c42645dd7b3f86519619e6800758588336c"},"type":"Feature"},{"geometry":{"coordinates":[[[18.260869565217,45.511396754772],[18.277624,45.511641],[18.280414,45.510917],[18.28274,45.509574],[18.28553,45.507403],[18.296847,45.496551],[18.30062,45.494071],[18.304651,45.492779],[18.308991,45.492779],[18.317518,45.495001],[18.323254,45.49588],[18.364699,45.494174],[18.37121,45.495053],[18.376016,45.497327],[18.378186,45.50022],[18.378961,45.503476],[18.379581,45.514483],[18.380977,45.518721],[18.382527,45.521149],[18.384852,45.5227],[18.386868,45.52332],[18.390278,45.523475],[18.394309,45.522958],[18.398185,45.521201],[18.408262,45.513656],[18.414322250639,45.510825923291],[18.414322250639,45.539568345324],[18.323353293413,45.539568345324],[18.260869565217,45.539568345324],[18.260869565217,45.511396754772]]],"type":"Polygon"},"id":494,"properties":{"parentKey":"HRV:1159312539","sourceCountryId":"HRV","syntheticOperational":true,"territoryId":"territory:catalog:cf468400c5d4856ce8102311b89415b62f7c74e82c85bf8df8e9a5a1cf599eda"},"type":"Feature"},{"geometry":{"coordinates":[[[15.498721227622,45.431654676259],[15.652173913043,45.431654676259],[15.652173913043,45.539568345324],[15.551753635586,45.539568345324],[15.498721227622,45.539568345324],[15.498721227622,45.431654676259]]],"type":"Polygon"},"id":495,"properties":{"parentKey":"HRV:1159312525","sourceCountryId":"HRV","syntheticOperational":true,"territoryId":"territory:catalog:ad60e229855a8f1bd4903da40bac4a82f7ca04aef62384c7f7dfe81b154917b8"},"type":"Feature"},{"geometry":{"coordinates":[[[16.295681063123,43.931972826052],[16.303377,43.933598],[16.313764,43.93923],[16.318725,43.940884],[16.324616,43.941194],[16.330973,43.940884],[16.340119,43.938197],[16.344512,43.936337],[16.350868,43.926208],[16.376828864138,43.920863309353],[16.403703607941,43.920863309353],[16.410451,43.922591],[16.414327,43.92595],[16.416497,43.930239],[16.418357,43.93551],[16.436651,43.948222],[16.445182724253,43.952291743632],[16.445182724253,44.012557823134],[16.439647,44.014007],[16.431482,44.025789],[16.430559516441,44.028776978417],[16.35,44.028776978417],[16.295681063123,44.028776978417],[16.295681063123,43.931972826052]]],"type":"Polygon"},"id":496,"properties":{"parentKey":"HRV:1159312443","sourceCountryId":"HRV","syntheticOperational":true,"territoryId":"territory:catalog:cdd03f430f6b9991b2e034f1b9b5f5d1cee28373eb6070e7df15bbc2f65ae791"},"type":"Feature"},{"geometry":{"coordinates":[[[14.27768,45.127997],[14.278494,45.113349],[14.282453401296,45.107913669065],[14.314720812183,45.107913669065],[14.361543446272,45.107913669065],[14.360525,45.117621],[14.363327674024,45.148926266207],[14.363327674024,45.158767375143],[14.356212,45.169257],[14.331879,45.175849],[14.31365,45.172431],[14.299571,45.16234],[14.288585,45.14883],[14.27768,45.127997]]],"type":"Polygon"},"id":497,"properties":{"parentKey":"HRV:1159312505","sourceCountryId":"HRV","syntheticOperational":true,"territoryId":"territory:catalog:189c9e9c62d693fcb08af58df33777076253ab39521488380f30a96a3f09eefb"},"type":"Feature"},{"geometry":{"coordinates":[[[16.603448275862,46.079136690647],[16.758620689655,46.079136690647],[16.758620689655,46.187050359712],[16.675324675325,46.187050359712],[16.603448275862,46.187050359712],[16.603448275862,46.079136690647]]],"type":"Polygon"},"id":498,"properties":{"parentKey":"HRV:1159312551","sourceCountryId":"HRV","syntheticOperational":true,"territoryId":"territory:catalog:dbdf45c7bf005f0114f04e9bf2c5a3e6cc42bbc69bd1475366dc086108c70ff4"},"type":"Feature"},{"geometry":{"coordinates":[[[15.268556,45.601662],[15.269589,45.593446],[15.276721,45.582697],[15.282179,45.571494],[15.282612,45.570605],[15.288606,45.54456],[15.290469002639,45.539568345324],[15.3452685422,45.539568345324],[15.397775876818,45.539568345324],[15.397775876818,45.647482014388],[15.36926247433,45.647482014388],[15.373769,45.640213],[15.353099,45.640316],[15.339146,45.636905],[15.326744,45.632255],[15.297391,45.625692],[15.291604,45.61825],[15.287883,45.610344],[15.281062,45.606158],[15.268556,45.601662]]],"type":"Polygon"},"id":499,"properties":{"parentKey":"HRV:1159312525","sourceCountryId":"HRV","syntheticOperational":true,"territoryId":"territory:catalog:953cc0e316544f2de6bbf86737ea1e0719d84de3fb5b7fb97df452739aa38260"},"type":"Feature"},{"geometry":{"coordinates":[[[17.186700767263,45.527350239491],[17.190042,45.52549],[17.198723,45.519082],[17.212521,45.511072],[17.222908,45.50668],[17.233605,45.505802],[17.335097,45.517532],[17.340153452685,45.517209314143],[17.340153452685,45.539568345324],[17.245508982036,45.539568345324],[17.186700767263,45.539568345324],[17.186700767263,45.527350239491]]],"type":"Polygon"},"id":500,"properties":{"parentKey":"HRV:1159312549","sourceCountryId":"HRV","syntheticOperational":true,"territoryId":"territory:catalog:a95f703720539353a16dbdafa8256c0b02a6cf134d86e6dd26c71b4589356d75"},"type":"Feature"},{"geometry":{"coordinates":[[[15.062511,44.161933],[15.071462,44.146389],[15.075531,44.140815],[15.072032,44.138821],[15.071137,44.138495],[15.070811,44.137641],[15.068696,44.133979],[15.087087,44.123725],[15.121837,44.092231],[15.148774,44.076361],[15.169688,44.058661],[15.189138,44.047797],[15.199067,44.058824],[15.201427,44.054999],[15.20338,44.052476],[15.205333,44.04975],[15.206554,44.045233],[15.212738,44.045233],[15.223318,44.050279],[15.23227,44.041449],[15.241170630724,44.028776978417],[15.249169435216,44.028776978417],[15.251637149753,44.028776978417],[15.247081,44.046698],[15.225759,44.06623],[15.062511,44.161933]]],"type":"Polygon"},"id":501,"properties":{"parentKey":"HRV:1159312443","sourceCountryId":"HRV","syntheticOperational":true,"territoryId":"territory:catalog:d4dfbb919fe410d9164493f2abc3c39bad387370d11b6c244a3439a4c2edc8ea"},"type":"Feature"},{"geometry":{"coordinates":[[[13.72769809838,45],[13.732758,44.99494],[13.774099,44.963813],[13.796723,44.924872],[13.808116,44.915432],[13.803477,44.910631],[13.798676,44.903957],[13.794607,44.901109],[13.794607,44.894965],[13.797693997761,44.892086330935],[13.79949452401,44.892086330935],[13.857868020305,44.892086330935],[13.857868020305,45],[13.72769809838,45]]],"type":"Polygon"},"id":502,"properties":{"parentKey":"HRV:1159312535","sourceCountryId":"HRV","syntheticOperational":true,"territoryId":"territory:catalog:9981e21820c9e924706094d8620d1a2e6867d4bada2318f70c3c5b927e178821"},"type":"Feature"},{"geometry":{"coordinates":[[[13.961452,45.493142],[13.964194373402,45.490834383642],[13.964194373402,45.509415328311],[13.961452,45.50389],[13.961452,45.493142]]],"type":"Polygon"},"id":503,"properties":{"parentKey":"HRV:1159312535","sourceCountryId":"HRV","syntheticOperational":true,"territoryId":"territory:catalog:00a10ca45395230491aaf43a31e2e2b6d179b7613c73e7c240a9e4a3ed68edff"},"type":"Feature"},{"geometry":{"coordinates":[[[16.758620689655,46.079136690647],[16.836005174582,46.079136690647],[16.839314,46.081012],[16.844895,46.081632],[16.851768,46.08096],[16.858899,46.079565],[16.860309045326,46.079136690647],[16.913793103448,46.079136690647],[16.913793103448,46.187050359712],[16.831168831169,46.187050359712],[16.758620689655,46.187050359712],[16.758620689655,46.079136690647]]],"type":"Polygon"},"id":504,"properties":{"parentKey":"HRV:1159312551","sourceCountryId":"HRV","syntheticOperational":true,"territoryId":"territory:catalog:883a4d0aaa0ce890c25361c0b7e7587fe1e7731beac98034e616b94fbabf7bb6"},"type":"Feature"},{"geometry":{"coordinates":[[[16.831168831169,46.309946858039],[16.844895,46.331591],[16.846032,46.334226],[16.847375,46.339084],[16.855643,46.357843],[16.859411,46.364758],[16.850475,46.373062],[16.837659,46.381873],[16.832388,46.381925],[16.831168831169,46.379355194363],[16.831168831169,46.309946858039]]],"type":"Polygon"},"id":505,"properties":{"parentKey":"HRV:1159312553","sourceCountryId":"HRV","syntheticOperational":true,"territoryId":"territory:catalog:e7b0f07a85c8a827c781a61c3b033e31ac44a464a5838c67365f2c91512bf993"},"type":"Feature"},{"geometry":{"coordinates":[[[15.398671096346,43.907274756469],[15.401541,43.904771],[15.403575,43.900214],[15.407074,43.896145],[15.41505,43.894436],[15.423676,43.893988],[15.431407,43.892768],[15.438731,43.890692],[15.446056,43.887519],[15.442719,43.899075],[15.435395,43.911282],[15.427729419383,43.920863309353],[15.398671096346,43.920863309353],[15.398671096346,43.907274756469]]],"type":"Polygon"},"id":506,"properties":{"parentKey":"HRV:1159312443","sourceCountryId":"HRV","syntheticOperational":true,"territoryId":"territory:catalog:8bc0b1d269a1a555336b99ff0a18ae6cfdd0ad84c711839a55b2b853484f017a"},"type":"Feature"},{"geometry":{"coordinates":[[[15.012636899747,44.676258992806],[15.113350125945,44.676258992806],[15.164279696714,44.676258992806],[15.164279696714,44.78417266187],[15.012636899747,44.78417266187],[15.012636899747,44.676258992806]]],"type":"Polygon"},"id":507,"properties":{"parentKey":"HRV:1159312507","sourceCountryId":"HRV","syntheticOperational":true,"territoryId":"territory:catalog:5c4f7481a436ade04288dc6a1b2dbe8351473d99ed1c54dbb125631406b2c42b"},"type":"Feature"},{"geometry":{"coordinates":[[[13.705583756345,45.022114772008],[13.711512508302,45.016185904778],[13.72769809838,45],[13.857868020305,45],[13.857868020305,45.107913669065],[13.752122241087,45.107913669065],[13.705583756345,45.107913669065],[13.705583756345,45.022114772008]]],"type":"Polygon"},"id":508,"properties":{"parentKey":"HRV:1159312535","sourceCountryId":"HRV","syntheticOperational":true,"territoryId":"territory:catalog:738c30cdeb259f99f51d3ff193f4411859456193560a41360cf06ca71b71c9ae"},"type":"Feature"},{"geometry":{"coordinates":[[[15.397775876818,45.539568345324],[15.498721227622,45.539568345324],[15.551753635586,45.539568345324],[15.551753635586,45.608415759544],[15.531073,45.619283],[15.51371,45.632357],[15.511694,45.636078],[15.511384,45.638558],[15.512159,45.641814],[15.5134,45.644966],[15.51309,45.647292],[15.51268280487,45.647482014388],[15.397775876818,45.647482014388],[15.397775876818,45.539568345324]]],"type":"Polygon"},"id":509,"properties":{"parentKey":"HRV:1159312525","sourceCountryId":"HRV","syntheticOperational":true,"territoryId":"territory:catalog:d070f4bdd04713510803dc98b4a2ff15f29341b0ce1cc9022ab45f13ae54dbcc"},"type":"Feature"},{"geometry":{"coordinates":[[[15.225849,45.43645],[15.228663,45.432886],[15.229313228877,45.431654676259],[15.3452685422,45.431654676259],[15.3452685422,45.469747138739],[15.333875,45.458518],[15.325193,45.452834],[15.314031,45.450509],[15.281578,45.450974],[15.225849,45.43645]]],"type":"Polygon"},"id":510,"properties":{"parentKey":"HRV:1159312525","sourceCountryId":"HRV","syntheticOperational":true,"territoryId":"territory:catalog:61c29d646234d8e9b576cd300a0528e340cab7280dc066a77d076fe7c021bc22"},"type":"Feature"},{"geometry":{"coordinates":[[[17.817258883249,45.069693313967],[17.835738,45.064434],[17.84566,45.065261],[17.875219,45.073994],[17.902607,45.077766],[17.911185,45.081074],[17.927722,45.092029],[17.946364858705,45.107913669065],[17.877758913413,45.107913669065],[17.817258883249,45.107913669065],[17.817258883249,45.069693313967]]],"type":"Polygon"},"id":511,"properties":{"parentKey":"HRV:1159312537","sourceCountryId":"HRV","syntheticOperational":true,"territoryId":"territory:catalog:28371ee9e7e2a17f280d9ea267cf624a92f259ba53ccf37217b3c5ca1f432781"},"type":"Feature"},{"geometry":{"coordinates":[[[15.532994923858,45],[15.685279187817,45],[15.685279187817,45.107913669065],[15.585738539898,45.107913669065],[15.532994923858,45.107913669065],[15.532994923858,45]]],"type":"Polygon"},"id":512,"properties":{"parentKey":"HRV:1159312525","sourceCountryId":"HRV","syntheticOperational":true,"territoryId":"territory:catalog:ce55aacaafd6d0601f3fcbe916b58932402f0a5924b861da00eed1d899e83eac"},"type":"Feature"},{"geometry":{"coordinates":[[[18.578680203046,45.091438192404],[18.581842,45.091357],[18.58856,45.093218],[18.602513,45.099264],[18.609127,45.100091],[18.616672,45.097662],[18.621116,45.093114],[18.627937,45.08004],[18.633622,45.071979],[18.640547,45.065364],[18.648711,45.062677],[18.658116,45.066294],[18.661217,45.0711],[18.663284,45.077146],[18.666075,45.082986],[18.671346,45.086861],[18.678167,45.087378],[18.684058,45.084794],[18.689019,45.080247],[18.726329,45.026142],[18.730964467005,45.022185865344],[18.730964467005,45.107913669065],[18.641765704584,45.107913669065],[18.578680203046,45.107913669065],[18.578680203046,45.091438192404]]],"type":"Polygon"},"id":513,"properties":{"parentKey":"HRV:1159312543","sourceCountryId":"HRV","syntheticOperational":true,"territoryId":"territory:catalog:6995192bcf2ced3399b59e9a9fdde40ec5482153fbb57e2b2be1bd0f1eef8d20"},"type":"Feature"},{"geometry":{"coordinates":[[[17.938144329897,45.755395683453],[18.015397775877,45.755395683453],[18.092783505155,45.755395683453],[18.092783505155,45.77192381035],[18.092053,45.771729],[18.080477,45.771729],[17.975367,45.792141],[17.938144329897,45.792141],[17.938144329897,45.755395683453]]],"type":"Polygon"},"id":514,"properties":{"parentKey":"HRV:1159312539","sourceCountryId":"HRV","syntheticOperational":true,"territoryId":"territory:catalog:c916e287902e839ed30c98945f2d7c0b9358a99170753e19336a697e61e881b3"},"type":"Feature"},{"geometry":{"coordinates":[[[16.05055733807,45.755395683453],[16.082474226804,45.755395683453],[16.082474226804,45.770024268295],[16.05055733807,45.755395683453]]],"type":"Polygon"},"id":515,"properties":{"parentKey":"HRV:1159312531","sourceCountryId":"HRV","syntheticOperational":true,"territoryId":"territory:catalog:7799ec05ab7cb358c663f60ca378c187788a97ceeb053a4845504fa3cf687fcb"},"type":"Feature"},{"geometry":{"coordinates":[[[18.48896434635,45.215827338129],[18.56726315887,45.215827338129],[18.567942,45.226645],[18.566702,45.232588],[18.564221,45.236671],[18.55926,45.239771],[18.553214,45.24127],[18.519831,45.244577],[18.514405,45.245972],[18.509754,45.247833],[18.507429,45.249641],[18.506654,45.250985],[18.506654,45.255119],[18.509289,45.283851],[18.510064,45.287624],[18.511925,45.292585],[18.518746,45.297287],[18.52965,45.300904],[18.572748,45.305245],[18.577244,45.309379],[18.580034,45.313203],[18.58422,45.316821],[18.589698,45.318578],[18.625354,45.317854],[18.629385,45.318888],[18.632331,45.32142],[18.633021400349,45.323741007194],[18.567774936061,45.323741007194],[18.48896434635,45.323741007194],[18.48896434635,45.215827338129]]],"type":"Polygon"},"id":516,"properties":{"parentKey":"HRV:1159312539","sourceCountryId":"HRV","syntheticOperational":true,"territoryId":"territory:catalog:9ec6bd3ee743cfa97f21e2e456b26c1311cc8118de2274cbbe4737383bb55885"},"type":"Feature"},{"geometry":{"coordinates":[[[16.253330985758,46.079136690647],[16.255887,46.061065],[16.27139,46.043081],[16.274335,46.038999],[16.278676,46.026338],[16.281622,46.022204],[16.285239,46.018432],[16.290975,46.014246],[16.293103448276,46.013142105858],[16.293103448276,46.079136690647],[16.253330985758,46.079136690647]]],"type":"Polygon"},"id":517,"properties":{"parentKey":"HRV:1159312555","sourceCountryId":"HRV","syntheticOperational":true,"territoryId":"territory:catalog:065d7753e030f16e332bd93aba5d07b2f6c3648a5e620f69686a7d96c08e9040"},"type":"Feature"},{"geometry":{"coordinates":[[[15.859709153122,45.661994033827],[15.874618,45.657265],[15.881284,45.654165],[15.887175,45.650806],[15.89094235521,45.647482014388],[15.939201675097,45.647482014388],[15.946167,45.693916],[15.966617,45.716923],[16.013686911891,45.738496725601],[16.013686911891,45.755395683453],[15.927835051546,45.755395683453],[15.859709153122,45.755395683453],[15.859709153122,45.661994033827]]],"type":"Polygon"},"id":518,"properties":{"parentKey":"HRV:1159312533","sourceCountryId":"HRV","syntheticOperational":true,"territoryId":"territory:catalog:dc47e08fab0523e491ea775ec72abf81742c82f20ce6b8dadfd2e9b0f1ae41de"},"type":"Feature"},{"geometry":{"coordinates":[[[14.821731748727,45.215827338129],[14.974533106961,45.215827338129],[14.974533106961,45.261516754624],[14.970901,45.268297],[14.97059,45.273516],[14.972916,45.277443],[14.974533106961,45.278325273836],[14.974533106961,45.323741007194],[14.884910485934,45.323741007194],[14.821731748727,45.323741007194],[14.821731748727,45.215827338129]]],"type":"Polygon"},"id":519,"properties":{"parentKey":"HRV:1159312505","sourceCountryId":"HRV","syntheticOperational":true,"territoryId":"territory:catalog:58f8e966c9a076322166664fc05c2bab3f1bfa925618b5f1ae41bccb7b044b74"},"type":"Feature"},{"geometry":{"coordinates":[[[18.811831389817,44.892086330935],[18.817797,44.887545],[18.842129,44.876239],[18.858724,44.868529],[18.889627,44.86119],[18.955349620893,44.862397510311],[18.955349620893,44.892086330935],[18.883248730964,44.892086330935],[18.811831389817,44.892086330935]]],"type":"Polygon"},"id":520,"properties":{"parentKey":"HRV:1159312543","sourceCountryId":"HRV","syntheticOperational":true,"territoryId":"territory:catalog:24d58e6220192f3f57e32b45a200191e950a1a695d277fef291494797dd73b5a"},"type":"Feature"},{"geometry":{"coordinates":[[[15.812865,45.523423],[15.827127,45.484304],[15.832398,45.478723],[15.837411,45.471643],[15.842527,45.465907],[15.841752,45.461205],[15.838031,45.455572],[15.836274,45.451283],[15.83462,45.44441],[15.837204,45.436348],[15.834903193977,45.431654676259],[15.959079283887,45.431654676259],[15.959079283887,45.473653094302],[15.935906,45.474796],[15.92769,45.484201],[15.92831,45.496396],[15.928775,45.500014],[15.928465,45.503114],[15.922884,45.511279],[15.902317,45.527661],[15.902265,45.527712],[15.874773,45.531071],[15.871827,45.532415],[15.868262,45.534792],[15.868882,45.537944],[15.868813378162,45.539568345324],[15.859709153122,45.539568345324],[15.83207598057,45.539568345324],[15.812865,45.523423]]],"type":"Polygon"},"id":521,"properties":{"parentKey":"HRV:1159312529","sourceCountryId":"HRV","syntheticOperational":true,"territoryId":"territory:catalog:26a91e46565f75e3f9dc747c5818060044d8737ab02994a7d491b1133bc5446b"},"type":"Feature"},{"geometry":{"coordinates":[[[15.762201514187,45.539568345324],[15.779947,45.522545],[15.784029,45.520633],[15.7893,45.519857],[15.799842,45.520943],[15.805626598465,45.52204457446],[15.805626598465,45.539568345324],[15.762201514187,45.539568345324]]],"type":"Polygon"},"id":522,"properties":{"parentKey":"HRV:1159312531","sourceCountryId":"HRV","syntheticOperational":true,"territoryId":"territory:catalog:4077a96b1681223c9866cfaa64b070ebb460dbf6c5ad064b33c2e1d6ba9ae63d"},"type":"Feature"},{"geometry":{"coordinates":[[[15.21192637448,45.107913669065],[15.212953,45.107014],[15.221531,45.101588],[15.225562,45.098488],[15.228426395939,45.09548040736],[15.228426395939,45.107913669065],[15.21192637448,45.107913669065]]],"type":"Polygon"},"id":523,"properties":{"parentKey":"HRV:1159312525","sourceCountryId":"HRV","syntheticOperational":true,"territoryId":"territory:catalog:90b0afcc8e5175b89a92b8a83c33119f4d7927a828ad6b2a3b454bd7ba9b7eba"},"type":"Feature"},{"geometry":{"coordinates":[[[15.857566151224,45.971223021583],[15.911877,45.960244],[15.919628,45.957092],[15.925829,45.952906],[15.927835051546,45.950373882277],[15.927835051546,45.971223021583],[15.857566151224,45.971223021583]]],"type":"Polygon"},"id":524,"properties":{"parentKey":"HRV:1159312523","sourceCountryId":"HRV","syntheticOperational":true,"territoryId":"territory:catalog:64425a7df88d664b1a9f8ca5a7744dfb1e31b615b777e96f917ead5868e9216f"},"type":"Feature"},{"geometry":{"coordinates":[[[15.773195876289,45.863309352518],[15.927835051546,45.863309352518],[15.927835051546,45.929191659626],[15.913582,45.923502],[15.86144,45.915441],[15.847023,45.91482],[15.828678,45.915544],[15.820616,45.913684],[15.81674,45.91017],[15.817515,45.905054],[15.819376,45.899059],[15.820461,45.892031],[15.819531,45.885262],[15.81426,45.877975],[15.806353,45.874823],[15.781394,45.871722],[15.774521,45.869345],[15.773195876289,45.86857240288],[15.773195876289,45.863309352518]]],"type":"Polygon"},"id":525,"properties":{"parentKey":"HRV:1159312533","sourceCountryId":"HRV","syntheticOperational":true,"territoryId":"territory:catalog:27b249a4ca8658aa272f558e0d63eb21e29b91456c60079145aa81145f36b31a"},"type":"Feature"},{"geometry":{"coordinates":[[[15.228426395939,45.09548040736],[15.231763,45.091977],[15.236414,45.088153],[15.24246,45.084742],[15.376509,45.026296],[15.379764,45.023815],[15.380710659898,45.022906440965],[15.380710659898,45.107913669065],[15.28013582343,45.107913669065],[15.228426395939,45.107913669065],[15.228426395939,45.09548040736]]],"type":"Polygon"},"id":526,"properties":{"parentKey":"HRV:1159312525","sourceCountryId":"HRV","syntheticOperational":true,"territoryId":"territory:catalog:74c4d7eea8711c4d8a912175d6ae99a87ab8a71645f7b66ea8cb44b8cb6ea2ff"},"type":"Feature"},{"geometry":{"coordinates":[[[16.013686911891,45.738496725601],[16.05055733807,45.755395683453],[16.013686911891,45.755395683453],[16.013686911891,45.738496725601]]],"type":"Polygon"},"id":527,"properties":{"parentKey":"HRV:1159312533","sourceCountryId":"HRV","syntheticOperational":true,"territoryId":"territory:catalog:f6970c60cff3f03b06983206de3be2cd21cee92f47e5a882dd6502bb818760e2"},"type":"Feature"},{"geometry":{"coordinates":[[[16.207792207792,46.187050359712],[16.247134011558,46.187050359712],[16.24736,46.18762],[16.245655,46.190979],[16.241934,46.19253],[16.229325,46.191806],[16.222039,46.192943],[16.216147,46.195837],[16.210876,46.203278],[16.207792207792,46.206855994779],[16.207792207792,46.187050359712]]],"type":"Polygon"},"id":528,"properties":{"parentKey":"HRV:1159312523","sourceCountryId":"HRV","syntheticOperational":true,"territoryId":"territory:catalog:10afd248a7d37e31447b3a2cae9089eb4359e9fb676362198ab2afb22b7bc823"},"type":"Feature"},{"geometry":{"coordinates":[[[17.430544,45.574686],[17.43907,45.565694],[17.441241,45.562491],[17.442326,45.55815],[17.440931,45.55262],[17.435475141076,45.539568345324],[17.493606138107,45.539568345324],[17.553464499572,45.539568345324],[17.553464499572,45.561843630166],[17.517102,45.57634],[17.514156,45.57634],[17.513226,45.574066],[17.513381,45.566883],[17.512141,45.563524],[17.50966,45.560113],[17.504389,45.556341],[17.500359,45.555359],[17.496173,45.555669],[17.491987,45.557685],[17.488886,45.559752],[17.485786,45.562387],[17.478809,45.565384],[17.472298,45.56895],[17.430544,45.574686]]],"type":"Polygon"},"id":529,"properties":{"parentKey":"HRV:1159312541","sourceCountryId":"HRV","syntheticOperational":true,"territoryId":"territory:catalog:a07eb585022faa6455fb224bad91a9f9ccb107ceb18eae625f53d04559c15090"},"type":"Feature"},{"geometry":{"coordinates":[[[14.342713556311,44.676258992806],[14.344574,44.668524],[14.349376,44.655341],[14.357682619647,44.64525606266],[14.357682619647,44.676258992806],[14.342713556311,44.676258992806]]],"type":"Polygon"},"id":530,"properties":{"parentKey":"HRV:1159312505","sourceCountryId":"HRV","syntheticOperational":true,"territoryId":"territory:catalog:c3f068156d4f19ec1525feeba3c4d1537693e4f88e920b20c06d9de06d4b44cd"},"type":"Feature"},{"geometry":{"coordinates":[[[16.139435302892,45.971223021583],[16.237113402062,45.971223021583],[16.293103448276,45.971223021583],[16.293103448276,46.013142105858],[16.290975,46.014246],[16.285239,46.018432],[16.281622,46.022204],[16.278676,46.026338],[16.274335,46.038999],[16.27139,46.043081],[16.255887,46.061065],[16.241779,46.0637],[16.240074,46.063752],[16.238678,46.063597],[16.234648,46.062563],[16.220643,46.057034],[16.217233,46.056672],[16.213202,46.056879],[16.198629,46.059876],[16.194133,46.05998],[16.190413,46.058533],[16.187932,46.055277],[16.188242,46.049386],[16.190413,46.046285],[16.193358,46.04427],[16.198939,46.042461],[16.20266,46.040704],[16.20545,46.038947],[16.208396,46.036363],[16.208086,46.033366],[16.20483,46.030214],[16.189793,46.024323],[16.186227,46.022049],[16.188087,46.01807],[16.189793,46.01621],[16.198939,46.011455],[16.20173,46.009337],[16.204675,46.006598],[16.204675,46.004221],[16.20173,46.00236],[16.192118,46.000707],[16.187622,46.000448],[16.184366,46.000655],[16.17832,46.002722],[16.174238,46.003601],[16.170207,46.004014],[16.166952,46.003962],[16.165091,46.003807],[16.164006,46.002412],[16.162766,46.000035],[16.162301,45.994092],[16.163076,45.990992],[16.164471,45.988666],[16.169897,45.985204],[16.171447,45.984067],[16.172067,45.982878],[16.169122,45.980398],[16.166021,45.978331],[16.139435302892,45.971223021583]]],"type":"Polygon"},"id":531,"properties":{"parentKey":"HRV:1159312531","sourceCountryId":"HRV","syntheticOperational":true,"territoryId":"territory:catalog:d24930b2195b91a6f2e0a8c8a1c066648f91a16ae026c67a06c329b8099aea0d"},"type":"Feature"},{"geometry":{"coordinates":[[[17.603933541555,45.539568345324],[17.607742,45.536549],[17.615184,45.531795],[17.647058823529,45.517025659472],[17.647058823529,45.539568345324],[17.603933541555,45.539568345324]]],"type":"Polygon"},"id":532,"properties":{"parentKey":"HRV:1159312547","sourceCountryId":"HRV","syntheticOperational":true,"territoryId":"territory:catalog:0a87dd4b65d27bbf404492b4d241bccbd8ac414ceae2f3e300cdfbb2089b74d3"},"type":"Feature"},{"geometry":{"coordinates":[[[14.424552429668,45.431654676259],[14.57800511509,45.431654676259],[14.57800511509,45.539568345324],[14.479888266118,45.539568345324],[14.468915,45.525594],[14.429744,45.505389],[14.424552429668,45.501966492337],[14.424552429668,45.431654676259]]],"type":"Polygon"},"id":533,"properties":{"parentKey":"HRV:1159312505","sourceCountryId":"HRV","syntheticOperational":true,"territoryId":"territory:catalog:2838469379bc856b90c112068fd94a7954ad6211427beb272c7d892e6c10de3f"},"type":"Feature"},{"geometry":{"coordinates":[[[13.81074168798,45.323741007194],[13.904923599321,45.323741007194],[13.964194373402,45.323741007194],[13.964194373402,45.431654676259],[13.901862274856,45.431654676259],[13.899647,45.429218],[13.889002,45.423637],[13.835568,45.429114],[13.82421015044,45.431654676259],[13.81074168798,45.431654676259],[13.81074168798,45.323741007194]]],"type":"Polygon"},"id":534,"properties":{"parentKey":"HRV:1159312535","sourceCountryId":"HRV","syntheticOperational":true,"territoryId":"territory:catalog:d0f673dd4c8a0e42d70f9c7f888fae9681f61af2702731ca9677a2e55c49f285"},"type":"Feature"},{"geometry":{"coordinates":[[[14.969412300146,44.460431654676],[15.020763,44.429999],[15.038341,44.403266],[15.049001,44.39468],[15.057791,44.394192],[15.062761506276,44.396164837925],[15.062761506276,44.432095426308],[15.048025,44.439439],[15.027629315239,44.460431654676],[14.969412300146,44.460431654676]]],"type":"Polygon"},"id":535,"properties":{"parentKey":"HRV:1159312507","sourceCountryId":"HRV","syntheticOperational":true,"territoryId":"territory:catalog:134bbc3962899b85a2e84f988be18f31d66aa64883c70984bae0c24116366867"},"type":"Feature"},{"geometry":{"coordinates":[[[16.257349794243,46.510791366906],[16.264118158123,46.510791366906],[16.264118158123,46.515968444754],[16.263947,46.515922],[16.260931,46.513576],[16.257349794243,46.510791366906]]],"type":"Polygon"},"id":536,"properties":{"parentKey":"HRV:1159312553","sourceCountryId":"HRV","syntheticOperational":true,"territoryId":"territory:catalog:f4744c0688177fd47a74480d2c937e8b6b5b92328aeb58fb80dd46c6c8af4465"},"type":"Feature"},{"geometry":{"coordinates":[[[19.252971137521,45.215827338129],[19.401197942813,45.215827338129],[19.397296,45.223287],[19.378073,45.229592],[19.28975,45.23631],[19.259907,45.242973],[19.252971137521,45.24540002113],[19.252971137521,45.215827338129]]],"type":"Polygon"},"id":537,"properties":{"parentKey":"HRV:1159312543","sourceCountryId":"HRV","syntheticOperational":true,"territoryId":"territory:catalog:4aa85cb0b201b636a4aa569ea31ad59f28e596e4f64a2c86f086f18cd2afcdf9"},"type":"Feature"},{"geometry":{"coordinates":[[[15.191815856778,45.353938783879],[15.210317,45.365138],[15.216674,45.369841],[15.221014,45.374802],[15.229593,45.394284],[15.232848,45.403741],[15.233934,45.40896],[15.234399,45.413249],[15.234399,45.418107],[15.232538,45.425548],[15.229313228877,45.431654676259],[15.207450425621,45.431654676259],[15.205212476577,45.431071387035],[15.191815856778,45.4275797508],[15.191815856778,45.353938783879]]],"type":"Polygon"},"id":538,"properties":{"parentKey":"HRV:1159312505","sourceCountryId":"HRV","syntheticOperational":true,"territoryId":"territory:catalog:d615037f93cc451d659ca1714259a8a3f3d70a9ca04ec24728d014d927066144"},"type":"Feature"},{"geometry":{"coordinates":[[[17.340153452685,45.517209314143],[17.34967,45.516602],[17.383673,45.509677],[17.399331,45.509212],[17.410545,45.510556],[17.418451,45.513346],[17.423877,45.517325],[17.428683,45.52332],[17.435475141076,45.539568345324],[17.399486740804,45.539568345324],[17.340153452685,45.539568345324],[17.340153452685,45.517209314143]]],"type":"Polygon"},"id":539,"properties":{"parentKey":"HRV:1159312549","sourceCountryId":"HRV","syntheticOperational":true,"territoryId":"territory:catalog:4f08b31f80d0b064d7e254644e417e04656cf6a727e1466ecc4641c21f356e35"},"type":"Feature"},{"geometry":{"coordinates":[[[18.183361629881,45.230029790339],[18.200988,45.225405],[18.223777,45.223028],[18.254679,45.22463],[18.267857,45.228092],[18.275763,45.233105],[18.280414,45.238273],[18.287701,45.241942],[18.299793,45.244215],[18.326665,45.246386],[18.336162988115,45.245323031344],[18.336162988115,45.323741007194],[18.260869565217,45.323741007194],[18.183361629881,45.323741007194],[18.183361629881,45.230029790339]]],"type":"Polygon"},"id":540,"properties":{"parentKey":"HRV:1159312539","sourceCountryId":"HRV","syntheticOperational":true,"territoryId":"territory:catalog:29d6d4faefdb4e59cc4512287c9159039a1fcaa39cd270682c6502214eb543d2"},"type":"Feature"},{"geometry":{"coordinates":[[[16.638438,42.93476],[16.655447,42.926256],[16.672618,42.92178],[16.672862,42.926744],[16.691417,42.928209],[16.73735725938,42.917729412905],[16.73735725938,42.94964028777],[16.675638719425,42.94964028777],[16.638438,42.93476]]],"type":"Polygon"},"id":541,"properties":{"parentKey":"HRV:1159312431","sourceCountryId":"HRV","syntheticOperational":true,"territoryId":"territory:catalog:5ac71449b232818ee4330f1b8a6432c9826dfbf21ce57b737bb3c797edd83b52"},"type":"Feature"},{"geometry":{"coordinates":[[[18.323353293413,45.647482014388],[18.477331052181,45.647482014388],[18.477331052181,45.755395683453],[18.432764875824,45.755395683453],[18.43074,45.753642],[18.411723,45.743204],[18.404385,45.741809],[18.397564,45.741343],[18.390743,45.741809],[18.384128,45.7431],[18.383818,45.743204],[18.370280724366,45.755395683453],[18.343558224361,45.755395683453],[18.334932,45.751989],[18.323353293413,45.748834037249],[18.323353293413,45.647482014388]]],"type":"Polygon"},"id":542,"properties":{"parentKey":"HRV:1159312539","sourceCountryId":"HRV","syntheticOperational":true,"territoryId":"territory:catalog:ecfea39386b9c5d05052396474e53f2a9a762f1da497625d551a7739a42e7f98"},"type":"Feature"},{"geometry":{"coordinates":[[[17.877758913413,45.215827338129],[18.030560271647,45.215827338129],[18.030560271647,45.276857019564],[17.918576,45.288605],[17.909429,45.287882],[17.902091,45.286332],[17.896355,45.283748],[17.891549,45.280751],[17.887518,45.277443],[17.884883,45.274446],[17.883488,45.271862],[17.883643,45.269382],[17.885038,45.266901],[17.886743,45.264731],[17.890619,45.26101],[17.891549,45.259305],[17.891549,45.257186],[17.890464,45.255636],[17.888604,45.254706],[17.879767,45.253724],[17.877758913413,45.252965140107],[17.877758913413,45.215827338129]]],"type":"Polygon"},"id":543,"properties":{"parentKey":"HRV:1159312537","sourceCountryId":"HRV","syntheticOperational":true,"territoryId":"territory:catalog:458c7c48f8764e59aa6014f55fb05b5ea06401a2c2b09bd920a8b6242392e098"},"type":"Feature"},{"geometry":{"coordinates":[[[16.802989,42.763495],[16.809825,42.763495],[16.818858,42.769355],[16.824067,42.764065],[16.822276,42.755113],[16.809825,42.749823],[16.820811,42.73607],[16.82675848398,42.73381294964],[16.829268292683,42.73381294964],[16.847918252401,42.73381294964],[16.858165,42.742987],[16.874034,42.737616],[16.882172,42.736396],[16.883193188791,42.73381294964],[16.884176182708,42.73381294964],[16.884176182708,42.78117640765],[16.858165,42.784003],[16.828136,42.780951],[16.810232,42.775336],[16.802989,42.763495]]],"type":"Polygon"},"id":544,"properties":{"parentKey":"HRV:1159312431","sourceCountryId":"HRV","syntheticOperational":true,"territoryId":"territory:catalog:5183b1438a6b3c178d8b8327d3ac5c16c55b55042d8ed71a39f1610cbc05f747"},"type":"Feature"},{"geometry":{"coordinates":[[[17.399486740804,45.647482014388],[17.469435242605,45.647482014388],[17.491987,45.675145],[17.492917,45.688323],[17.489817,45.693025],[17.448992,45.713541],[17.441241,45.716538],[17.432249,45.718605],[17.426358,45.718967],[17.422637,45.71814],[17.416126,45.713644],[17.410855,45.711319],[17.402277,45.705221],[17.399486740804,45.703884082824],[17.399486740804,45.647482014388]]],"type":"Polygon"},"id":545,"properties":{"parentKey":"HRV:1159312549","sourceCountryId":"HRV","syntheticOperational":true,"territoryId":"territory:catalog:0346689232a02244992408aa3c355369af73916bc474da38a7978b67732a2544"},"type":"Feature"},{"geometry":{"coordinates":[[[17.47145187602,42.864310583777],[17.525238,42.848619],[17.576569161767,42.841726618705],[17.618270799347,42.841726618705],[17.618270799347,42.892413332668],[17.583751,42.900702],[17.568126,42.909084],[17.55893,42.912828],[17.54656,42.914293],[17.541515,42.915473],[17.532074,42.9206],[17.526134,42.92178],[17.522146,42.919623],[17.522634,42.910224],[17.518891,42.908149],[17.50766,42.909084],[17.499278,42.911851],[17.481456,42.92178],[17.476573,42.922431],[17.47145187602,42.921684178524],[17.47145187602,42.864310583777]]],"type":"Polygon"},"id":546,"properties":{"parentKey":"HRV:1159312431","sourceCountryId":"HRV","syntheticOperational":true,"territoryId":"territory:catalog:c6ecc6115c346fc0762ae44414aaeab888524b66358ecceefcafe19bdac775be"},"type":"Feature"},{"geometry":{"coordinates":[[[15.859709153122,45.539568345324],[15.868813378162,45.539568345324],[15.868727,45.541613],[15.867487,45.544869],[15.864386,45.547349],[15.85989,45.548951],[15.859709153122,45.548981135746],[15.859709153122,45.539568345324]]],"type":"Polygon"},"id":547,"properties":{"parentKey":"HRV:1159312529","sourceCountryId":"HRV","syntheticOperational":true,"territoryId":"territory:catalog:709cd6f821d9a2f69a3257e8d8f89253cc05de7ce03460023d7124edfdb1f642"},"type":"Feature"},{"geometry":{"coordinates":[[[15.93214,43.668443],[15.942638,43.664293],[15.943708609272,43.663455296056],[15.943708609272,43.671675922036],[15.93214,43.668443]]],"type":"Polygon"},"id":548,"properties":{"parentKey":"HRV:1159312439","sourceCountryId":"HRV","syntheticOperational":true,"territoryId":"territory:catalog:4ba82f4bfe9151422b436dcce9a29105036e255c866b4481030751ac89c6cf13"},"type":"Feature"},{"geometry":{"coordinates":[[[18.169375534645,45.647482014388],[18.323353293413,45.647482014388],[18.323353293413,45.748834037249],[18.317672,45.747286],[18.300516,45.751834],[18.295813945816,45.755395683453],[18.247422680412,45.755395683453],[18.169375534645,45.755395683453],[18.169375534645,45.647482014388]]],"type":"Polygon"},"id":549,"properties":{"parentKey":"HRV:1159312539","sourceCountryId":"HRV","syntheticOperational":true,"territoryId":"territory:catalog:71111c2d7dce18f4594413b9f556294ce0f67c4f018e88d589625abb9ff04d94"},"type":"Feature"},{"geometry":{"coordinates":[[[16.981706642161,45.971223021583],[16.983801,45.970218],[16.994343,45.961019],[16.994343,45.952648],[16.992328,45.942829],[16.992017,45.934664],[16.996203,45.927119],[17.000699,45.925104],[17.006435,45.925466],[17.010309278351,45.927481987849],[17.010309278351,45.971223021583],[16.981706642161,45.971223021583]]],"type":"Polygon"},"id":550,"properties":{"parentKey":"HRV:1159312551","sourceCountryId":"HRV","syntheticOperational":true,"territoryId":"territory:catalog:f27f9f12070267b565ad35725e3d0740ff6154278c13ada1f8433305d49c192a"},"type":"Feature"},{"geometry":{"coordinates":[[[16.20045,43.40705],[16.20338,43.39997],[16.213227,43.39411],[16.210297,43.393215],[16.207774,43.393134],[16.206391,43.391791],[16.207042,43.387274],[16.23227,43.384467],[16.242666738726,43.381294964029],[16.269515201315,43.381294964029],[16.323165704864,43.381294964029],[16.323165704864,43.389114124032],[16.302745,43.387274],[16.298188,43.403632],[16.277029,43.411933],[16.220063,43.415229],[16.205577,43.412909],[16.20045,43.40705]]],"type":"Polygon"},"id":551,"properties":{"parentKey":"HRV:1159312433","sourceCountryId":"HRV","syntheticOperational":true,"territoryId":"territory:catalog:961b2dcd46f5e2884d71e31446503cc7bfb83ee6986c8ecda55691a1f18b548f"},"type":"Feature"},{"geometry":{"coordinates":[[[16.82675848398,42.73381294964],[16.829268292683,42.732860485597],[16.829268292683,42.73381294964],[16.82675848398,42.73381294964]]],"type":"Polygon"},"id":552,"properties":{"parentKey":"HRV:1159312431","sourceCountryId":"HRV","syntheticOperational":true,"territoryId":"territory:catalog:dc42cae0bbce4ab0d828f004f57257534aba688412ac52cd259178251cd51389"},"type":"Feature"},{"geometry":{"coordinates":[[[17.340153452685,45.431654676259],[17.493606138107,45.431654676259],[17.493606138107,45.539568345324],[17.435475141076,45.539568345324],[17.428683,45.52332],[17.423877,45.517325],[17.418451,45.513346],[17.410545,45.510556],[17.399331,45.509212],[17.383673,45.509677],[17.34967,45.516602],[17.340153452685,45.517209314143],[17.340153452685,45.431654676259]]],"type":"Polygon"},"id":553,"properties":{"parentKey":"HRV:1159312541","sourceCountryId":"HRV","syntheticOperational":true,"territoryId":"territory:catalog:d5964d86371c6c212655f20bd44952ebc79fcd9c597afdc1db798ec5f5007e37"},"type":"Feature"},{"geometry":{"coordinates":[[[18.772631,44.942478],[18.78338,44.913745],[18.811831389817,44.892086330935],[18.883248730964,44.892086330935],[18.883248730964,45],[18.792484754346,45],[18.794646,44.995446],[18.795162,44.993327],[18.795162,44.988004],[18.795783,44.985059],[18.797953,44.982217],[18.803017,44.977307],[18.804568,44.973845],[18.80157,44.963975],[18.779866,44.952244],[18.772631,44.942478]]],"type":"Polygon"},"id":554,"properties":{"parentKey":"HRV:1159312543","sourceCountryId":"HRV","syntheticOperational":true,"territoryId":"territory:catalog:856202f953e131f5c3a0e05bddca8ab88b1dc29c2d77fbfc7f859e79c3fe2c36"},"type":"Feature"},{"geometry":{"coordinates":[[[14.117647058824,45.323741007194],[14.208975132496,45.323741007194],[14.210533,45.327776],[14.210844,45.335321],[14.208983,45.345605],[14.199526,45.375577],[14.197666,45.385705],[14.198131,45.393199],[14.201077,45.398108],[14.203557,45.403947],[14.201232,45.407565],[14.192395,45.412319],[14.145260217199,45.431654676259],[14.117647058824,45.431654676259],[14.117647058824,45.323741007194]]],"type":"Polygon"},"id":555,"properties":{"parentKey":"HRV:1159312535","sourceCountryId":"HRV","syntheticOperational":true,"territoryId":"territory:catalog:bf98a1b4f089991af6fb2517fbc49e65925993692a671656facd497c6cc61be7"},"type":"Feature"},{"geometry":{"coordinates":[[[15.939201675097,45.647482014388],[16.013686911891,45.647482014388],[16.013686911891,45.738496725601],[15.966617,45.716923],[15.946167,45.693916],[15.939201675097,45.647482014388]]],"type":"Polygon"},"id":556,"properties":{"parentKey":"HRV:1159312531","sourceCountryId":"HRV","syntheticOperational":true,"territoryId":"territory:catalog:5047550c2fa091d99aac248606553f9b4782283aa7f1a6351d34e5114831f0b2"},"type":"Feature"},{"geometry":{"coordinates":[[[15.98275862069,45.971223021583],[16.082474226804,45.971223021583],[16.137931034483,45.971223021583],[16.137931034483,46.079136690647],[15.98275862069,46.079136690647],[15.98275862069,45.971223021583]]],"type":"Polygon"},"id":557,"properties":{"parentKey":"HRV:1159312523","sourceCountryId":"HRV","syntheticOperational":true,"territoryId":"territory:catalog:ae2005faa59773b86f3804dcdd4c152bf55f64cc37fd5b4e5ab648d7cbf84433"},"type":"Feature"},{"geometry":{"coordinates":[[[16.913793103448,45.999164388203],[16.924993,45.993524],[16.965817,45.978848],[16.981706642161,45.971223021583],[17.010309278351,45.971223021583],[17.068965517241,45.971223021583],[17.068965517241,46.079136690647],[16.913793103448,46.079136690647],[16.913793103448,46.035427380575],[16.915846,46.032798],[16.915381,46.02825],[16.913793103448,46.025371752826],[16.913793103448,45.999164388203]]],"type":"Polygon"},"id":558,"properties":{"parentKey":"HRV:1159312551","sourceCountryId":"HRV","syntheticOperational":true,"territoryId":"territory:catalog:334a89a9f41950e4eaac80958337f54dee776c30bb717b50182d20ec68439d66"},"type":"Feature"},{"geometry":{"coordinates":[[[16.519480519481,46.294964028777],[16.675324675325,46.294964028777],[16.675324675325,46.313152205989],[16.605633,46.315881],[16.595091,46.317948],[16.585634,46.31676],[16.519480519481,46.302201570563],[16.519480519481,46.294964028777]]],"type":"Polygon"},"id":559,"properties":{"parentKey":"HRV:1159312555","sourceCountryId":"HRV","syntheticOperational":true,"territoryId":"territory:catalog:81e3425b6f8604af91a5f85e691d7e489662c846246e50a3a04f674bb71fe4af"},"type":"Feature"},{"geometry":{"coordinates":[[[15.264483627204,44.568345323741],[15.415617128463,44.568345323741],[15.415617128463,44.676258992806],[15.315922493682,44.676258992806],[15.264483627204,44.676258992806],[15.264483627204,44.568345323741]]],"type":"Polygon"},"id":560,"properties":{"parentKey":"HRV:1159312507","sourceCountryId":"HRV","syntheticOperational":true,"territoryId":"territory:catalog:6ce1b036f5ce8e1884b2b3f077889a5fd2b31595c4fbe30e28cb0b6cfe5e1ad8"},"type":"Feature"},{"geometry":{"coordinates":[[[15.827586206897,46.079136690647],[15.98275862069,46.079136690647],[15.98275862069,46.187050359712],[15.896103896104,46.187050359712],[15.827586206897,46.187050359712],[15.827586206897,46.079136690647]]],"type":"Polygon"},"id":561,"properties":{"parentKey":"HRV:1159312523","sourceCountryId":"HRV","syntheticOperational":true,"territoryId":"territory:catalog:3024e54930e0176703c989787b08c5c7b9dd320dfc9d6f218a29d9468e3c18a4"},"type":"Feature"},{"geometry":{"coordinates":[[[14.162436548223,44.993817037675],[14.163748,44.995754],[14.164194860654,45],[14.162436548223,45],[14.162436548223,44.993817037675]]],"type":"Polygon"},"id":562,"properties":{"parentKey":"HRV:1159312535","sourceCountryId":"HRV","syntheticOperational":true,"territoryId":"territory:catalog:4340d69f4c0fd7672a145018b266b0847271525f4ba7ab0e231551b8321fcdd3"},"type":"Feature"},{"geometry":{"coordinates":[[[18.015397775877,45.539568345324],[18.107416879795,45.539568345324],[18.169375534645,45.539568345324],[18.169375534645,45.611159260504],[18.163264,45.615614],[18.158148,45.618301],[18.151637,45.620265],[18.083217,45.63029],[18.057896,45.623779],[18.015397775877,45.587415156694],[18.015397775877,45.539568345324]]],"type":"Polygon"},"id":563,"properties":{"parentKey":"HRV:1159312541","sourceCountryId":"HRV","syntheticOperational":true,"territoryId":"territory:catalog:4aef8ca41b214f5b9bb0d95bfb63261e1182a0d5e11996c928aaed6e96f22ed7"},"type":"Feature"},{"geometry":{"coordinates":[[[15.127334465195,45.107913669065],[15.160991753493,45.107913669065],[15.184272,45.124119],[15.190319,45.126858],[15.194194,45.125773],[15.199155,45.121277],[15.202721,45.116781],[15.207527,45.111769],[15.21192637448,45.107913669065],[15.228426395939,45.107913669065],[15.28013582343,45.107913669065],[15.28013582343,45.215827338129],[15.127334465195,45.215827338129],[15.127334465195,45.107913669065]]],"type":"Polygon"},"id":564,"properties":{"parentKey":"HRV:1159312525","sourceCountryId":"HRV","syntheticOperational":true,"territoryId":"territory:catalog:f97d21c66ea39701b1ae03a4d614f64d08284019a8b23c12c9b8b626e806026e"},"type":"Feature"},{"geometry":{"coordinates":[[[15.008004,45.124068],[15.01965038507,45.107913669065],[15.07614213198,45.107913669065],[15.108876035828,45.107913669065],[15.008004,45.124068]]],"type":"Polygon"},"id":565,"properties":{"parentKey":"HRV:1159312507","sourceCountryId":"HRV","syntheticOperational":true,"territoryId":"territory:catalog:3f73f363c31b2a8f87dcaaa85558d216a6ef5ed397ffbc56841e94cb3b62746d"},"type":"Feature"},{"geometry":{"coordinates":[[[16.821667098812,46.294964028777],[16.831168831169,46.294964028777],[16.831168831169,46.309946858039],[16.821667098812,46.294964028777]]],"type":"Polygon"},"id":566,"properties":{"parentKey":"HRV:1159312551","sourceCountryId":"HRV","syntheticOperational":true,"territoryId":"territory:catalog:ab7e8a3913c455772893bf80525a9a4d7538bcf9b04219ca4f1afc03177be0a4"},"type":"Feature"},{"geometry":{"coordinates":[[[14.534353,45.237535],[14.543793,45.235745],[14.548839,45.23017],[14.549815,45.221422],[14.548916762961,45.215827338129],[14.596414916272,45.215827338129],[14.595876,45.216498],[14.591319,45.219875],[14.587169,45.224351],[14.583995,45.23017],[14.582205,45.237535],[14.58546,45.23786],[14.595876,45.237535],[14.563324,45.249742],[14.548839,45.248725],[14.534353,45.237535]]],"type":"Polygon"},"id":567,"properties":{"parentKey":"HRV:1159312505","sourceCountryId":"HRV","syntheticOperational":true,"territoryId":"territory:catalog:09c12e5432d32d01928dc99ab2c4476265dd191f5329da4e66953abad9579fe9"},"type":"Feature"},{"geometry":{"coordinates":[[[16.71322925226,43.265590402644],[16.813162,43.267768],[16.846191967161,43.273381294964],[16.71322925226,43.273381294964],[16.71322925226,43.265590402644]]],"type":"Polygon"},"id":568,"properties":{"parentKey":"HRV:1159312433","sourceCountryId":"HRV","syntheticOperational":true,"territoryId":"territory:catalog:996b4a5801a8c64caf695b6770c99ce84795de81b03619da6e52ec5a026aabef"},"type":"Feature"},{"geometry":{"coordinates":[[[17.618270799347,42.73381294964],[17.67324903211,42.73381294964],[17.658946,42.742987],[17.648204,42.738511],[17.618270799347,42.740839646519],[17.618270799347,42.73381294964]]],"type":"Polygon"},"id":569,"properties":{"parentKey":"HRV:1159312431","sourceCountryId":"HRV","syntheticOperational":true,"territoryId":"territory:catalog:6f0dd9ce180a05081a7409ba9cc02ab65cc25babe48eff8c2c77047e9db92852"},"type":"Feature"},{"geometry":{"coordinates":[[[15.891341256367,45.216998330552],[15.947819293126,45.21590068418],[15.951593223496,45.215827338129],[15.977808120676,45.215827338129],[15.997504,45.218533],[16.008459,45.218171],[16.015090617222,45.215827338129],[16.044142614601,45.215827338129],[16.044142614601,45.323741007194],[15.959079283887,45.323741007194],[15.891341256367,45.323741007194],[15.891341256367,45.216998330552]]],"type":"Polygon"},"id":570,"properties":{"parentKey":"HRV:1159312529","sourceCountryId":"HRV","syntheticOperational":true,"territoryId":"territory:catalog:0018a53aaa7e272a910b4dad4d9ec09791b2d5acfa772c2df8f26d653fe77c53"},"type":"Feature"},{"geometry":{"coordinates":[[[15.685279187817,44.892086330935],[15.741123781264,44.892086330935],[15.734264,44.902118],[15.730853,44.927233],[15.734108,44.93444],[15.733438,44.934053],[15.725376,44.929403],[15.718814,44.929093],[15.711372,44.929661],[15.707031,44.932038],[15.703621,44.933227],[15.688738,44.936069],[15.685279187817,44.937724887616],[15.685279187817,44.892086330935]]],"type":"Polygon"},"id":571,"properties":{"parentKey":"HRV:1159312443","sourceCountryId":"HRV","syntheticOperational":true,"territoryId":"territory:catalog:7d7ea434c9d9e92eb2f060d0232069648b99dab6351e8c25d6fce65a5d9d00ac"},"type":"Feature"},{"geometry":{"coordinates":[[[15.524872,44.836385],[15.525492,44.833284],[15.531228,44.828789],[15.547196,44.820469],[15.563216,44.815146],[15.574688,44.808583],[15.580889,44.806464],[15.597012,44.803829],[15.600888,44.801297],[15.601973,44.796697],[15.599493,44.789359],[15.596857,44.785845],[15.594804284038,44.78417266187],[15.619208087616,44.78417266187],[15.619208087616,44.892086330935],[15.563423757276,44.892086330935],[15.566781,44.878553],[15.559495,44.859071],[15.547041,44.849511],[15.527197,44.83902],[15.524872,44.836385]]],"type":"Polygon"},"id":572,"properties":{"parentKey":"HRV:1159312443","sourceCountryId":"HRV","syntheticOperational":true,"territoryId":"territory:catalog:cf2f108cb1338ab4f5edf073e868337dc67eccdece87db8f39bc24c4a70369a7"},"type":"Feature"},{"geometry":{"coordinates":[[[15.108876035828,45.107913669065],[15.125465,45.105257],[15.159106,45.106601],[15.160991753493,45.107913669065],[15.127334465195,45.107913669065],[15.108876035828,45.107913669065]]],"type":"Polygon"},"id":573,"properties":{"parentKey":"HRV:1159312525","sourceCountryId":"HRV","syntheticOperational":true,"territoryId":"territory:catalog:a988b50d9781613e2a7a2a20c7b30ae562411159a22301e1e9a8e0d128e7607f"},"type":"Feature"},{"geometry":{"coordinates":[[[16.953316953317,42.94964028777],[17.030995106036,42.94964028777],[17.100737100737,42.94964028777],[17.100737100737,42.966701034617],[17.032074,42.982611],[16.953316953317,42.977138907196],[16.953316953317,42.94964028777]]],"type":"Polygon"},"id":574,"properties":{"parentKey":"HRV:1159312431","sourceCountryId":"HRV","syntheticOperational":true,"territoryId":"territory:catalog:c4a7f6304532d80b61d860ef031ece9a173314000801045bd849690af242e304"},"type":"Feature"},{"geometry":{"coordinates":[[[13.752122241087,45.215827338129],[13.904923599321,45.215827338129],[13.904923599321,45.323741007194],[13.81074168798,45.323741007194],[13.752122241087,45.323741007194],[13.752122241087,45.215827338129]]],"type":"Polygon"},"id":575,"properties":{"parentKey":"HRV:1159312535","sourceCountryId":"HRV","syntheticOperational":true,"territoryId":"territory:catalog:8c5d4cab523c86dabdfaa1ad1ce4a8a2413ae40ce5a5e36d9f4eba037b2a45e0"},"type":"Feature"},{"geometry":{"coordinates":[[[16.520518,43.22899],[16.529307,43.221625],[16.555919,43.209784],[16.565324568611,43.202520000661],[16.565324568611,43.2273585219],[16.562755,43.22899],[16.535004,43.227729],[16.520518,43.22899]]],"type":"Polygon"},"id":576,"properties":{"parentKey":"HRV:1159312433","sourceCountryId":"HRV","syntheticOperational":true,"territoryId":"territory:catalog:282fd3ebc1f579c01e2f42c28cbe8210167fa14fae8f2c868aa3981d09e3d25b"},"type":"Feature"},{"geometry":{"coordinates":[[[17.224137931034,45.982399568898],[17.227094,45.982982],[17.236705,45.98324],[17.289002,45.977762],[17.29882,45.978279],[17.305642,45.979313],[17.306613,45.979914],[17.304814,45.981019],[17.290138,45.984636],[17.290138,45.991457],[17.296959,45.992646],[17.309362,45.996625],[17.316803,45.997659],[17.307811,46.006392],[17.291482,46.007942],[17.275875,46.012025],[17.268951,46.028716],[17.266574,46.038793],[17.254068,46.070832],[17.249231396198,46.079136690647],[17.224137931034,46.079136690647],[17.224137931034,45.982399568898]]],"type":"Polygon"},"id":577,"properties":{"parentKey":"HRV:1159312551","sourceCountryId":"HRV","syntheticOperational":true,"territoryId":"territory:catalog:e96716979d5c55aa3607620c5fc2fa6b687ad1c9845dfdd36282bac3107d38f8"},"type":"Feature"},{"geometry":{"coordinates":[[[17.953964194373,45.431654676259],[18.107416879795,45.431654676259],[18.107416879795,45.539568345324],[18.015397775877,45.539568345324],[17.961519008291,45.539568345324],[17.953964194373,45.526015701484],[17.953964194373,45.431654676259]]],"type":"Polygon"},"id":578,"properties":{"parentKey":"HRV:1159312541","sourceCountryId":"HRV","syntheticOperational":true,"territoryId":"territory:catalog:4f7c461074b9668f4104351a60a19ead1616bf9a8e4a34d37eda8722ce480477"},"type":"Feature"},{"geometry":{"coordinates":[[[18.121827411168,45.099280426083],[18.131844,45.097869],[18.143698,45.0977],[18.153651,45.097558],[18.174942,45.100762],[18.191151342811,45.107913669065],[18.183361629881,45.107913669065],[18.121827411168,45.107913669065],[18.121827411168,45.099280426083]]],"type":"Polygon"},"id":579,"properties":{"parentKey":"HRV:1159312537","sourceCountryId":"HRV","syntheticOperational":true,"territoryId":"territory:catalog:c67d5bbf590f79d5461d4f8f88bf49a6fc3f1f5b6eab8d2930cce53c31e30da1"},"type":"Feature"},{"geometry":{"coordinates":[[[15.773195876289,45.841235918856],[15.774004,45.840768],[15.810074,45.840975],[15.82258,45.832965],[15.846919,45.809401],[15.835912,45.798032],[15.813241,45.775717],[15.833562316547,45.755395683453],[15.859709153122,45.755395683453],[15.927835051546,45.755395683453],[15.927835051546,45.863309352518],[15.773195876289,45.863309352518],[15.773195876289,45.841235918856]]],"type":"Polygon"},"id":580,"properties":{"parentKey":"HRV:1159312533","sourceCountryId":"HRV","syntheticOperational":true,"territoryId":"territory:catalog:816ff6ddae71f2931300a590a2a3000ad7de4cc4417ecc565daff637f0f516de"},"type":"Feature"},{"geometry":{"coordinates":[[[14.771573604061,45],[14.80265229982,45],[14.799815,45.005194],[14.771573604061,45.023675980851],[14.771573604061,45]]],"type":"Polygon"},"id":581,"properties":{"parentKey":"HRV:1159312505","sourceCountryId":"HRV","syntheticOperational":true,"territoryId":"territory:catalog:1034e5a762717c877841f6b45553d96f6bbadf01bb396820302e7ea23df82394"},"type":"Feature"},{"geometry":{"coordinates":[[[14.117647058824,45.458274647454],[14.120875,45.451024],[14.129867,45.440948],[14.138858,45.434281],[14.145260217199,45.431654676259],[14.271099744246,45.431654676259],[14.271099744246,45.483963154387],[14.240608,45.493348],[14.218698,45.497172],[14.193066,45.491901],[14.145524,45.476243],[14.119686,45.472884],[14.117647058824,45.472963316105],[14.117647058824,45.458274647454]]],"type":"Polygon"},"id":582,"properties":{"parentKey":"HRV:1159312505","sourceCountryId":"HRV","syntheticOperational":true,"territoryId":"territory:catalog:53707ed47a6043e57b8d26f57dc9486fd06e26daade31a7bf94e1c2c039cdfe1"},"type":"Feature"},{"geometry":{"coordinates":[[[14.962216624685,44.622199059583],[15.001313,44.578518],[15.007335,44.569729],[15.01531,44.569078],[15.016584178736,44.568345323741],[15.113350125945,44.568345323741],[15.113350125945,44.676258992806],[15.012636899747,44.676258992806],[14.962216624685,44.676258992806],[14.962216624685,44.622199059583]]],"type":"Polygon"},"id":583,"properties":{"parentKey":"HRV:1159312507","sourceCountryId":"HRV","syntheticOperational":true,"territoryId":"territory:catalog:b122d7d595c7b1f61bd984359e0e1e96438acbb63774ecc0d87a797a64fcd13b"},"type":"Feature"},{"geometry":{"coordinates":[[[16.05,44.136690647482],[16.2,44.136690647482],[16.2,44.244434257764],[16.199926007916,44.244604316547],[16.117154811715,44.244604316547],[16.05,44.244604316547],[16.05,44.136690647482]]],"type":"Polygon"},"id":584,"properties":{"parentKey":"HRV:1159312443","sourceCountryId":"HRV","syntheticOperational":true,"territoryId":"territory:catalog:142722553fffb8bdb40fd132d64ff0a542d707d5f7da31ed22973971ad3c135f"},"type":"Feature"},{"geometry":{"coordinates":[[[17.493606138107,45.323741007194],[17.504233458428,45.323741007194],[17.495553,45.331239],[17.493606138107,45.33264496357],[17.493606138107,45.323741007194]]],"type":"Polygon"},"id":585,"properties":{"parentKey":"HRV:1159312537","sourceCountryId":"HRV","syntheticOperational":true,"territoryId":"territory:catalog:fe7958ff377f05aad3c3674e58bfb2a32775b368bbe5524885f6592f717944d1"},"type":"Feature"},{"geometry":{"coordinates":[[[16.05,44.028776978417],[16.123494710786,44.028776978417],[16.13052,44.033592],[16.141372,44.034729],[16.146584311208,44.028776978417],[16.2,44.028776978417],[16.2,44.136690647482],[16.05,44.136690647482],[16.05,44.028776978417]]],"type":"Polygon"},"id":586,"properties":{"parentKey":"HRV:1159312443","sourceCountryId":"HRV","syntheticOperational":true,"territoryId":"territory:catalog:f945b16e9f568f6aecdfedaaef9efe40118301bbb0950877a3796ebaa1fdc0c3"},"type":"Feature"},{"geometry":{"coordinates":[[[13.599320882852,45.215827338129],[13.752122241087,45.215827338129],[13.752122241087,45.323741007194],[13.657289002558,45.323741007194],[13.599635082061,45.323741007194],[13.609548,45.320136],[13.599320882852,45.313999729711],[13.599320882852,45.286498819809],[13.602712,45.285346],[13.602712,45.27912],[13.599320882852,45.27912],[13.599320882852,45.215827338129]]],"type":"Polygon"},"id":587,"properties":{"parentKey":"HRV:1159312535","sourceCountryId":"HRV","syntheticOperational":true,"territoryId":"territory:catalog:f189106d56fbbf5b99d7d5b3f4b1f155635bd5cc2006b5fa52e98c6418033062"},"type":"Feature"},{"geometry":{"coordinates":[[[14.057724957555,45.107913669065],[14.162436548223,45.107913669065],[14.193462822822,45.107913669065],[14.195323,45.120592],[14.179373,45.134508],[14.209239,45.12637],[14.210526315789,45.127637087801],[14.210526315789,45.162089946401],[14.207019,45.165202],[14.202627,45.171558],[14.201542,45.177966],[14.201697,45.186751],[14.203092,45.196001],[14.202309547445,45.215827338129],[14.057724957555,45.215827338129],[14.057724957555,45.107913669065]]],"type":"Polygon"},"id":588,"properties":{"parentKey":"HRV:1159312535","sourceCountryId":"HRV","syntheticOperational":true,"territoryId":"territory:catalog:e78464ac34f0f5d777750db549bd5d7ef563265a8bdc2c3e92c56a3b21a5c549"},"type":"Feature"},{"geometry":{"coordinates":[[[18.785286569718,45.647482014388],[18.939264328486,45.647482014388],[18.939264328486,45.695614974277],[18.931071,45.698917],[18.917325,45.706565],[18.908954,45.719433],[18.90482,45.749767],[18.903090985619,45.755395683453],[18.865979381443,45.755395683453],[18.785286569718,45.755395683453],[18.785286569718,45.647482014388]]],"type":"Polygon"},"id":589,"properties":{"parentKey":"HRV:1159312539","sourceCountryId":"HRV","syntheticOperational":true,"territoryId":"territory:catalog:b3f248786d68aeec760f0811ce0730d2a07416ee95f9b792a11e72a089d855fa"},"type":"Feature"},{"geometry":{"coordinates":[[[17.164948453608,45.755395683453],[17.245508982036,45.755395683453],[17.316316729459,45.755395683453],[17.315099,45.756277],[17.305642,45.764545],[17.290397,45.771005],[17.282956,45.777258],[17.27877,45.782529],[17.278305,45.785888],[17.279235,45.793588],[17.279235,45.79798],[17.27722,45.803303],[17.164948453608,45.858250749232],[17.164948453608,45.755395683453]]],"type":"Polygon"},"id":590,"properties":{"parentKey":"HRV:1159312549","sourceCountryId":"HRV","syntheticOperational":true,"territoryId":"territory:catalog:447c599513a98653032c901541fba3c52d771904ab1c1ee7f36921b0b5616192"},"type":"Feature"},{"geometry":{"coordinates":[[[15,44.054483573455],[15.003103,44.052314],[15.018206397563,44.028776978417],[15.039125138975,44.028776978417],[15.031912,44.036363],[15.027843,44.048651],[15.026703,44.062323],[15.022716,44.072211],[15.014415,44.077948],[15.000499,44.079413],[15.002778,44.083157],[15.007335,44.093004],[15,44.090197924051],[15,44.054483573455]]],"type":"Polygon"},"id":591,"properties":{"parentKey":"HRV:1159312443","sourceCountryId":"HRV","syntheticOperational":true,"territoryId":"territory:catalog:a01de983811807ad66d14b011b4e7edd0165b6a4b0d03a49ba6002f19a6fda60"},"type":"Feature"},{"geometry":{"coordinates":[[[17.474226804124,45.755395683453],[17.553464499572,45.755395683453],[17.628865979381,45.755395683453],[17.628865979381,45.863309352518],[17.474226804124,45.863309352518],[17.474226804124,45.755395683453]]],"type":"Polygon"},"id":592,"properties":{"parentKey":"HRV:1159312547","sourceCountryId":"HRV","syntheticOperational":true,"territoryId":"territory:catalog:b3a72fce5bad00dff25d269344b2c5f2f43fef3b6eb4d6eb9d74b81f0fccbbf6"},"type":"Feature"},{"geometry":{"coordinates":[[[15.9,44.136690647482],[16.05,44.136690647482],[16.05,44.244604316547],[15.966527196653,44.244604316547],[15.9,44.244604316547],[15.9,44.136690647482]]],"type":"Polygon"},"id":593,"properties":{"parentKey":"HRV:1159312443","sourceCountryId":"HRV","syntheticOperational":true,"territoryId":"territory:catalog:cd295c2b658f957f4382d611eff53e89f5491d295d08e1c0d830ba9e6f040dd5"},"type":"Feature"},{"geometry":{"coordinates":[[[17.628865979381,45.863309352518],[17.652627057112,45.863309352518],[17.65208,45.868829],[17.646912,45.883712],[17.645775,45.891825],[17.638437,45.901334],[17.628865979381,45.908386852439],[17.628865979381,45.863309352518]]],"type":"Polygon"},"id":594,"properties":{"parentKey":"HRV:1159312547","sourceCountryId":"HRV","syntheticOperational":true,"territoryId":"territory:catalog:60f1483926455043825e572ede016b53d1ae1db25b9e14b35c81dd31f4c989ef"},"type":"Feature"},{"geometry":{"coordinates":[[[16.146179401993,43.812949640288],[16.241721854305,43.812949640288],[16.295681063123,43.812949640288],[16.295681063123,43.920863309353],[16.243072455088,43.920863309353],[16.231185,43.918353],[16.209946,43.91794],[16.191653,43.920472],[16.190337094062,43.920863309353],[16.146179401993,43.920863309353],[16.146179401993,43.812949640288]]],"type":"Polygon"},"id":595,"properties":{"parentKey":"HRV:1159312439","sourceCountryId":"HRV","syntheticOperational":true,"territoryId":"territory:catalog:4b5572169e213464b8e75e4330a62722eb4825f4c9792fb86d91fabe252792c0"},"type":"Feature"},{"geometry":{"coordinates":[[[14.756196,44.364],[14.774181,44.352484],[14.785167,44.346869],[14.801036,44.343085],[14.811209,44.350043],[14.805675,44.367825],[14.797862,44.377672],[14.796723,44.381293],[14.799653,44.387641],[14.805024,44.395738],[14.803233,44.405504],[14.79477,44.414496],[14.782888,44.418931],[14.771658,44.417873],[14.7671,44.416653],[14.763438,44.415351],[14.76824,44.384223],[14.757823,44.37226],[14.756196,44.364]]],"type":"Polygon"},"id":596,"properties":{"parentKey":"HRV:1159312443","sourceCountryId":"HRV","syntheticOperational":true,"territoryId":"territory:catalog:a899da447767dc7ff272963cadfb94ab14f8ecc463684f5f67a14b1563f3dbb3"},"type":"Feature"},{"geometry":{"coordinates":[[[15.917979,43.606391],[15.925304,43.599555],[15.922441887618,43.597122302158],[15.943708609272,43.597122302158],[15.943708609272,43.634034578541],[15.929535,43.634223],[15.918956,43.62873],[15.925304,43.613837],[15.917979,43.606391]]],"type":"Polygon"},"id":597,"properties":{"parentKey":"HRV:1159312439","sourceCountryId":"HRV","syntheticOperational":true,"territoryId":"territory:catalog:ad89bbf08313d74c7f6806165ceb00fc829682eeb7a3d99fc8c219982f887c50"},"type":"Feature"},{"geometry":{"coordinates":[[[16.068796068796,43.016006974564],[16.087169,43.011461],[16.121349,43.013373],[16.210297,43.033271],[16.216216216216,43.036830566476],[16.216216216216,43.057553956835],[16.068796068796,43.057553956835],[16.068796068796,43.0515],[16.069347,43.0515],[16.079112,43.05329],[16.087087,43.041409],[16.084483,43.025946],[16.068796068796,43.019659014064],[16.068796068796,43.016006974564]]],"type":"Polygon"},"id":598,"properties":{"parentKey":"HRV:1159312433","sourceCountryId":"HRV","syntheticOperational":true,"territoryId":"territory:catalog:8187c1982278cbcfe6f4537a8d5aed72ac866bc2353769c4ebdddf8c64d85f97"},"type":"Feature"},{"geometry":{"coordinates":[[[15.380710659898,45],[15.396261065724,45],[15.38364,45.020095],[15.380710659898,45.022906440965],[15.380710659898,45]]],"type":"Polygon"},"id":599,"properties":{"parentKey":"HRV:1159312507","sourceCountryId":"HRV","syntheticOperational":true,"territoryId":"territory:catalog:3d7a12080677bc8f69efda9a3168caa911a2f0dd895ae21df138d7019ed1d85b"},"type":"Feature"},{"geometry":{"coordinates":[[[18.015397775877,45.587415156694],[18.057896,45.623779],[18.083217,45.63029],[18.080892,45.642176],[18.079445,45.643623],[18.076861,45.645586],[18.071806782377,45.647482014388],[18.015397775877,45.647482014388],[18.015397775877,45.587415156694]]],"type":"Polygon"},"id":600,"properties":{"parentKey":"HRV:1159312547","sourceCountryId":"HRV","syntheticOperational":true,"territoryId":"territory:catalog:dfde42443f4b057d3cd97d6556e552f0078f7aeed2bd4ab1db23626025c2e812"},"type":"Feature"},{"geometry":{"coordinates":[[[16.629597946963,45.66295237667],[16.63545,45.663001],[16.656069,45.659746],[16.693142566993,45.647482014388],[16.783575705731,45.647482014388],[16.783575705731,45.755395683453],[16.701030927835,45.755395683453],[16.629597946963,45.755395683453],[16.629597946963,45.66295237667]]],"type":"Polygon"},"id":601,"properties":{"parentKey":"HRV:1159312549","sourceCountryId":"HRV","syntheticOperational":true,"territoryId":"territory:catalog:b888f19f2b9ad9f04bbe1ec6838aedee5e10a45a4e063461941de933bba03b96"},"type":"Feature"},{"geometry":{"coordinates":[[[17.215519210037,43.165467625899],[17.248157248157,43.153089987937],[17.248157248157,43.165467625899],[17.215519210037,43.165467625899]]],"type":"Polygon"},"id":602,"properties":{"parentKey":"HRV:1159312433","sourceCountryId":"HRV","syntheticOperational":true,"territoryId":"territory:catalog:10062170789a498dc8c88891d1d3b1453bc5f70762421db87f712497ab204949"},"type":"Feature"},{"geometry":{"coordinates":[[[16.137931034483,46.079136690647],[16.253330985758,46.079136690647],[16.2486,46.112586],[16.250306,46.120648],[16.250926,46.129484],[16.255112,46.143024],[16.255112,46.148191],[16.254491,46.151912],[16.253716,46.153152],[16.246895,46.162041],[16.242399,46.16943],[16.242399,46.175115],[16.247134011558,46.187050359712],[16.207792207792,46.187050359712],[16.137931034483,46.187050359712],[16.137931034483,46.079136690647]]],"type":"Polygon"},"id":603,"properties":{"parentKey":"HRV:1159312523","sourceCountryId":"HRV","syntheticOperational":true,"territoryId":"territory:catalog:da8535bc002fa90b459994dc609166d8ab9e58d1defcf6f38ecbb69cb5b6ee2e"},"type":"Feature"},{"geometry":{"coordinates":[[[16.631684,42.982611],[16.648285,42.977769],[16.658476658477,42.976781336112],[16.658476658477,42.992515533198],[16.65268,42.992377],[16.631684,42.982611]]],"type":"Polygon"},"id":604,"properties":{"parentKey":"HRV:1159312431","sourceCountryId":"HRV","syntheticOperational":true,"territoryId":"territory:catalog:fc2366b88b2cc4aa429f709488a1206b800303e0b9db27c9f0085f2e486e3171"},"type":"Feature"},{"geometry":{"coordinates":[[[15.397775876818,45.692345533827],[15.420899,45.695299],[15.430511,45.69411],[15.435782,45.691785],[15.440639,45.688271],[15.448236,45.679021],[15.463274,45.668117],[15.473816,45.661813],[15.507664,45.649824],[15.51268280487,45.647482014388],[15.551753635586,45.647482014388],[15.551753635586,45.755395683453],[15.463917525773,45.755395683453],[15.397775876818,45.755395683453],[15.397775876818,45.692345533827]]],"type":"Polygon"},"id":605,"properties":{"parentKey":"HRV:1159312531","sourceCountryId":"HRV","syntheticOperational":true,"territoryId":"territory:catalog:927376c9347c0bd7f22e1cc175f5990ae48a2556fa489821884b50ccbc9890d5"},"type":"Feature"},{"geometry":{"coordinates":[[[13.79949452401,44.864487322187],[13.815684,44.856594],[13.831391,44.852729],[13.842296,44.854641],[13.849132,44.847154],[13.842296,44.840277],[13.845551,44.840155],[13.852794,44.840766],[13.855968,44.840277],[13.853852,44.837063],[13.851248,44.830024],[13.849132,44.826646],[13.860037,44.82567],[13.889659,44.817084],[13.896983,44.813056],[13.89975,44.798285],[13.899425,44.781968],[13.903168,44.772406],[13.917979,44.778266],[13.913422,44.782416],[13.90447,44.798774],[13.909353,44.808987],[13.904307,44.817288],[13.893891,44.823391],[13.883149,44.826646],[13.890147,44.833482],[13.899587,44.829047],[13.909679,44.830959],[13.918712,44.829047],[13.924815,44.813056],[13.929535,44.815253],[13.929698,44.816352],[13.931651,44.820502],[13.9463,44.813788],[13.963878,44.811835],[14.000011,44.813056],[13.993988,44.820502],[13.989431,44.8251],[13.983246,44.827053],[13.972667,44.826646],[13.976248,44.834906],[13.976329,44.83747],[13.97462,44.839667],[13.972667,44.847154],[13.981293,44.859809],[13.98585,44.864163],[13.993012,44.867621],[13.993012,44.875067],[13.986176,44.875067],[13.986176,44.881293],[13.993012,44.881293],[13.98585,44.892076],[13.985838168818,44.892086330935],[13.857868020305,44.892086330935],[13.79949452401,44.892086330935],[13.79949452401,44.890407314747],[13.804861,44.885403],[13.815278,44.883531],[13.842296,44.888129],[13.833751,44.873358],[13.819591,44.867662],[13.804861,44.870592],[13.79949452401,44.876192415406],[13.79949452401,44.864487322187]]],"type":"Polygon"},"id":606,"properties":{"parentKey":"HRV:1159312535","sourceCountryId":"HRV","syntheticOperational":true,"territoryId":"territory:catalog:68d7da605f168759d3b57ebef4f2cef55f9d437de08fead5061aae57db46be43"},"type":"Feature"},{"geometry":{"coordinates":[[[17.164948453608,45.858250749232],[17.27722,45.803303],[17.279235,45.79798],[17.279235,45.793588],[17.278305,45.785888],[17.27877,45.782529],[17.282956,45.777258],[17.290397,45.771005],[17.305642,45.764545],[17.315099,45.756277],[17.316316729459,45.755395683453],[17.319587628866,45.755395683453],[17.319587628866,45.863309352518],[17.164948453608,45.863309352518],[17.164948453608,45.858250749232]]],"type":"Polygon"},"id":607,"properties":{"parentKey":"HRV:1159312547","sourceCountryId":"HRV","syntheticOperational":true,"territoryId":"territory:catalog:0e62d61d5f0ee53afc10fc5ce74465f9664c88a2ac65bd302c77980c16ecffde"},"type":"Feature"},{"geometry":{"coordinates":[[[13.857868020305,45],[14.010152284264,45],[14.010152284264,45.107913669065],[13.904923599321,45.107913669065],[13.857868020305,45.107913669065],[13.857868020305,45]]],"type":"Polygon"},"id":608,"properties":{"parentKey":"HRV:1159312535","sourceCountryId":"HRV","syntheticOperational":true,"territoryId":"territory:catalog:b256fa47a23d909a284f81ee946665a89ff364ccb3698f915027cbb880487f2c"},"type":"Feature"},{"geometry":{"coordinates":[[[16.836005174582,46.079136690647],[16.860309045326,46.079136690647],[16.858899,46.079565],[16.851768,46.08096],[16.844895,46.081632],[16.839314,46.081012],[16.836005174582,46.079136690647]]],"type":"Polygon"},"id":609,"properties":{"parentKey":"HRV:1159312549","sourceCountryId":"HRV","syntheticOperational":true,"territoryId":"territory:catalog:07c032631e9ed0cf07bc172837406e2d4d0a31ce0a04d064fd2ec9d6a2f7105f"},"type":"Feature"},{"geometry":{"coordinates":[[[16.082474226804,45.770024268295],[16.089318,45.773161],[16.138116,45.808315],[16.141527,45.807695],[16.169794,45.795241],[16.187157,45.790229],[16.189793,45.791159],[16.191963,45.794001],[16.195064,45.802321],[16.20173,45.812708],[16.20235,45.813948],[16.204675,45.820769],[16.206536,45.830123],[16.207466,45.832603],[16.209016,45.835032],[16.224519,45.846969],[16.226845,45.849605],[16.224674,45.855289],[16.219122013359,45.863309352518],[16.082474226804,45.863309352518],[16.082474226804,45.770024268295]]],"type":"Polygon"},"id":610,"properties":{"parentKey":"HRV:1159312533","sourceCountryId":"HRV","syntheticOperational":true,"territoryId":"territory:catalog:dc1aa47b67467f194adb10c724cfe0a9768cbb06017f0864dc77adba3212ba34"},"type":"Feature"},{"geometry":{"coordinates":[[[16.28958,45.711319],[16.296246,45.684602],[16.29206,45.671735],[16.296399947283,45.647482014388],[16.321642429427,45.647482014388],[16.321642429427,45.747560480968],[16.319965,45.748267],[16.315005,45.747802],[16.309889,45.744598],[16.293921,45.727855],[16.29113,45.720827],[16.28958,45.711319]]],"type":"Polygon"},"id":611,"properties":{"parentKey":"HRV:1159312529","sourceCountryId":"HRV","syntheticOperational":true,"territoryId":"territory:catalog:82c229f929fc482d6d4c9932b81eaefcba92f9dcec016ca0fc0e1046d7633a50"},"type":"Feature"},{"geometry":{"coordinates":[[[16.726342710997,45.431654676259],[16.879795396419,45.431654676259],[16.879795396419,45.482245355197],[16.867581,45.481772],[16.858899,45.482599],[16.851303,45.484614],[16.843241,45.489058],[16.836058,45.494484],[16.830012,45.503786],[16.829237,45.507817],[16.830942,45.510401],[16.833733,45.510866],[16.836678,45.511021],[16.839934,45.510659],[16.842931,45.509884],[16.846342,45.509729],[16.850992,45.510039],[16.868666,45.522803],[16.867271,45.526524],[16.86231,45.532415],[16.85461242989,45.539568345324],[16.783575705731,45.539568345324],[16.726342710997,45.539568345324],[16.726342710997,45.431654676259]]],"type":"Polygon"},"id":612,"properties":{"parentKey":"HRV:1159312529","sourceCountryId":"HRV","syntheticOperational":true,"territoryId":"territory:catalog:63ef7cacd1a30a5fb096421c607db7aa9f72f4bf6abc406481960157b752b4d4"},"type":"Feature"},{"geometry":{"coordinates":[[[16.012796,43.503974],[16.014008,43.503974],[16.026380873866,43.496170010437],[16.026380873866,43.509968146982],[16.018795,43.508921],[16.012904,43.504063],[16.012796,43.503974]]],"type":"Polygon"},"id":613,"properties":{"parentKey":"HRV:1159312433","sourceCountryId":"HRV","syntheticOperational":true,"territoryId":"territory:catalog:60bab8cb57b3c215ed43995ea91701a8902f44051bc45b0916696c96d22db883"},"type":"Feature"},{"geometry":{"coordinates":[[[14.821731748727,45.116118601999],[14.827403,45.113959],[14.838267083386,45.107913669065],[14.92385786802,45.107913669065],[14.974533106961,45.107913669065],[14.974533106961,45.147283735449],[14.970901,45.149803],[14.968885,45.15311],[14.968265,45.158019],[14.973071,45.160034],[14.974533106961,45.160960016792],[14.974533106961,45.215827338129],[14.821731748727,45.215827338129],[14.821731748727,45.116118601999]]],"type":"Polygon"},"id":614,"properties":{"parentKey":"HRV:1159312505","sourceCountryId":"HRV","syntheticOperational":true,"territoryId":"territory:catalog:717d6f32d3bb89f6205682ecd827183c1d9270f895c3bcf5e7e3770b1af1943c"},"type":"Feature"},{"geometry":{"coordinates":[[[16.35,44.028776978417],[16.430559516441,44.028776978417],[16.426935,44.040517],[16.414016,44.055813],[16.403991,44.058759],[16.377946,44.057364],[16.367197,44.058139],[16.357378,44.062169],[16.35,44.066298453174],[16.35,44.028776978417]]],"type":"Polygon"},"id":615,"properties":{"parentKey":"HRV:1159312443","sourceCountryId":"HRV","syntheticOperational":true,"territoryId":"territory:catalog:60ea0e78548e2c02c79c492874973796b7b9df9957d40a670b9c05e065b73757"},"type":"Feature"},{"geometry":{"coordinates":[[[16.174773289365,43.525453684594],[16.239594,43.526557],[16.281098,43.536038],[16.299327,43.538153],[16.306326,43.539944],[16.323165704864,43.547701505165],[16.323165704864,43.597122302158],[16.241721854305,43.597122302158],[16.174773289365,43.597122302158],[16.174773289365,43.525453684594]]],"type":"Polygon"},"id":616,"properties":{"parentKey":"HRV:1159312433","sourceCountryId":"HRV","syntheticOperational":true,"territoryId":"territory:catalog:31728d811185335c41520b4259fe48f8f9f712f900211fbc77eadb6749701e95"},"type":"Feature"},{"geometry":{"coordinates":[[[16.511056511056,43.156549138476],[16.559825,43.142971],[16.658476658477,43.12732916235],[16.658476658477,43.165467625899],[16.565324568611,43.165467625899],[16.511056511056,43.165467625899],[16.511056511056,43.156549138476]]],"type":"Polygon"},"id":617,"properties":{"parentKey":"HRV:1159312433","sourceCountryId":"HRV","syntheticOperational":true,"territoryId":"territory:catalog:81cb9e55bcdec03048e41d16dd7435988a8bd0a9f04a5ea9868c4f91722915ea"},"type":"Feature"},{"geometry":{"coordinates":[[[15.672413793103,46.057048976609],[15.683931,46.051144],[15.69288,46.041636],[15.697987,46.036209],[15.693646,46.025771],[15.681967,46.013523],[15.674319,45.993318],[15.674216,45.993163],[15.675381,45.972486],[15.692924,45.972181],[15.710413595641,45.971223021583],[15.773195876289,45.971223021583],[15.784784902214,45.971223021583],[15.797362,45.977711],[15.814415,45.982207],[15.822476,45.982052],[15.827586206897,45.980440641402],[15.827586206897,46.079136690647],[15.672413793103,46.079136690647],[15.672413793103,46.057048976609]]],"type":"Polygon"},"id":618,"properties":{"parentKey":"HRV:1159312523","sourceCountryId":"HRV","syntheticOperational":true,"territoryId":"territory:catalog:cdde80c918d1738ec5f55f41892dbd8e5f939374cf93be90b2381129b5dd02ce"},"type":"Feature"},{"geometry":{"coordinates":[[[18.260869565217,45.439438652459],[18.293747,45.457949],[18.304444,45.461825],[18.311937,45.461928],[18.337052,45.45552],[18.347284,45.454694],[18.349144,45.455004],[18.392604,45.468853],[18.408572,45.471798],[18.414322250639,45.471959828408],[18.414322250639,45.510825923291],[18.408262,45.513656],[18.398185,45.521201],[18.394309,45.522958],[18.390278,45.523475],[18.386868,45.52332],[18.384852,45.5227],[18.382527,45.521149],[18.380977,45.518721],[18.379581,45.514483],[18.378961,45.503476],[18.378186,45.50022],[18.376016,45.497327],[18.37121,45.495053],[18.364699,45.494174],[18.323254,45.49588],[18.317518,45.495001],[18.308991,45.492779],[18.304651,45.492779],[18.30062,45.494071],[18.296847,45.496551],[18.28553,45.507403],[18.28274,45.509574],[18.280414,45.510917],[18.277624,45.511641],[18.260869565217,45.511396754772],[18.260869565217,45.439438652459]]],"type":"Polygon"},"id":619,"properties":{"parentKey":"HRV:1159312541","sourceCountryId":"HRV","syntheticOperational":true,"territoryId":"territory:catalog:e78ffe1d0e06f50ba355814a8db6b07ea3fe692e127a934e5c73f453ca4fca5d"},"type":"Feature"},{"geometry":{"coordinates":[[[16.051948051948,46.187050359712],[16.137931034483,46.187050359712],[16.207792207792,46.187050359712],[16.207792207792,46.206855994779],[16.207001,46.207774],[16.200645,46.21227],[16.194908,46.212425],[16.187932,46.20979],[16.182971,46.205449],[16.174755,46.196147],[16.169794,46.191961],[16.163851,46.189222],[16.158115,46.187569],[16.139821,46.187879],[16.125404,46.192116],[16.11636,46.19284],[16.108919,46.192685],[16.094656,46.190204],[16.079153,46.189429],[16.064581,46.190049],[16.057449,46.189429],[16.051948051948,46.188338135521],[16.051948051948,46.187050359712]]],"type":"Polygon"},"id":620,"properties":{"parentKey":"HRV:1159312523","sourceCountryId":"HRV","syntheticOperational":true,"territoryId":"territory:catalog:b834d6cc2e50a3bf05d3877c8402640c9957681b77a87dc0a59b468e126c556e"},"type":"Feature"},{"geometry":{"coordinates":[[[14.619289340102,45.045007316697],[14.62086,45.0456],[14.626313,45.037258],[14.62379,45.00141],[14.623854872407,45],[14.771573604061,45],[14.771573604061,45.023675980851],[14.740001,45.044338],[14.740489,45.073065],[14.695974,45.073432],[14.678071,45.07746],[14.665294,45.087348],[14.659076107676,45.107913669065],[14.619289340102,45.107913669065],[14.619289340102,45.045007316697]]],"type":"Polygon"},"id":621,"properties":{"parentKey":"HRV:1159312505","sourceCountryId":"HRV","syntheticOperational":true,"territoryId":"territory:catalog:b35cac0d580c738c943e3b40abe620a750a1605bfa03bd7464f4c88ce717bd1f"},"type":"Feature"},{"geometry":{"coordinates":[[[15.29379662477,44.364811333388],[15.307953,44.354397],[15.313408890443,44.352517985612],[15.364016736402,44.352517985612],[15.364016736402,44.406199558156],[15.363641,44.406437],[15.351549,44.411811],[15.344263,44.413362],[15.336666,44.413723],[15.328088,44.411708],[15.320337,44.404938],[15.315841,44.399978],[15.293982,44.364941],[15.29379662477,44.364811333388]]],"type":"Polygon"},"id":622,"properties":{"parentKey":"HRV:1159312443","sourceCountryId":"HRV","syntheticOperational":true,"territoryId":"territory:catalog:5a5a0eb6241a8fa02ed0484e0ec5fdf3227e62718a15a314672b267130e01afd"},"type":"Feature"},{"geometry":{"coordinates":[[[14.068858,44.94953],[14.075694,44.94953],[14.080414,44.957261],[14.089692,44.966498],[14.101329,44.97427],[14.113292,44.977484],[14.124197,44.975409],[14.131847,44.972073],[14.139903,44.97134],[14.151378,44.977484],[14.162436548223,44.993817037675],[14.162436548223,45],[14.077825633247,45],[14.083832,44.986396],[14.0796,44.977932],[14.071625,44.969062],[14.068858,44.94953]]],"type":"Polygon"},"id":623,"properties":{"parentKey":"HRV:1159312535","sourceCountryId":"HRV","syntheticOperational":true,"territoryId":"territory:catalog:5b6c9f6447f5475e482359eb5a11f64c4ea4c8a49313c933d1110641328ddca0"},"type":"Feature"},{"geometry":{"coordinates":[[[18.183361629881,45.107913669065],[18.191151342811,45.107913669065],[18.192512,45.108514],[18.199333,45.119004],[18.200057,45.131613],[18.20233,45.144067],[18.213286,45.153782],[18.237884,45.157451],[18.261965,45.150682],[18.30744,45.127531],[18.322323,45.12288],[18.336162988115,45.122049090953],[18.336162988115,45.215827338129],[18.183361629881,45.215827338129],[18.183361629881,45.107913669065]]],"type":"Polygon"},"id":624,"properties":{"parentKey":"HRV:1159312537","sourceCountryId":"HRV","syntheticOperational":true,"territoryId":"territory:catalog:879f788645e41143e2d2fb10874dadea3e94f0ed456ae67a88b9ab95d9f2c75d"},"type":"Feature"},{"geometry":{"coordinates":[[[13.904923599321,45.215827338129],[14.057724957555,45.215827338129],[14.057724957555,45.323741007194],[13.964194373402,45.323741007194],[13.904923599321,45.323741007194],[13.904923599321,45.215827338129]]],"type":"Polygon"},"id":625,"properties":{"parentKey":"HRV:1159312535","sourceCountryId":"HRV","syntheticOperational":true,"territoryId":"territory:catalog:164547262230bff4ab8ef2038d6e82ed686153d54cee7ee9d5c8a6122a3ee952"},"type":"Feature"},{"geometry":{"coordinates":[[[15.07614213198,45],[15.228426395939,45],[15.228426395939,45.09548040736],[15.225562,45.098488],[15.221531,45.101588],[15.212953,45.107014],[15.21192637448,45.107913669065],[15.160991753493,45.107913669065],[15.159106,45.106601],[15.125465,45.105257],[15.108876035828,45.107913669065],[15.07614213198,45.107913669065],[15.07614213198,45]]],"type":"Polygon"},"id":626,"properties":{"parentKey":"HRV:1159312507","sourceCountryId":"HRV","syntheticOperational":true,"territoryId":"territory:catalog:1952b1195622a968407a14418aa3f14346fc97cd0804ae528b9cdd572c2629f9"},"type":"Feature"},{"geometry":{"coordinates":[[[14.595063,44.347113],[14.598888,44.339057],[14.610878661088,44.331268649341],[14.610878661088,44.341689480291],[14.595063,44.347113]]],"type":"Polygon"},"id":627,"properties":{"parentKey":"HRV:1159312443","sourceCountryId":"HRV","syntheticOperational":true,"territoryId":"territory:catalog:06d3fad1449a81877b648535eb106c6f09b05b2b2d54ba94f6b2e5f3f4a93bfc"},"type":"Feature"},{"geometry":{"coordinates":[[[15.213389121339,44.423855537041],[15.293793,44.364814],[15.29379662477,44.364811333388],[15.293982,44.364941],[15.315841,44.399978],[15.320337,44.404938],[15.328088,44.411708],[15.336666,44.413723],[15.344263,44.413362],[15.351549,44.411811],[15.363641,44.406437],[15.364016736402,44.406199558156],[15.364016736402,44.460431654676],[15.264483627204,44.460431654676],[15.213389121339,44.460431654676],[15.213389121339,44.423855537041]]],"type":"Polygon"},"id":628,"properties":{"parentKey":"HRV:1159312507","sourceCountryId":"HRV","syntheticOperational":true,"territoryId":"territory:catalog:1895440981bd57605e254dd1fc4f1b905ff0aba14a7b5798942d8e7a0af5026c"},"type":"Feature"},{"geometry":{"coordinates":[[[16.323165704864,43.489208633094],[16.374513048077,43.489208633094],[16.375255,43.49018],[16.334158,43.501532],[16.323165704864,43.50440212076],[16.323165704864,43.489208633094]]],"type":"Polygon"},"id":629,"properties":{"parentKey":"HRV:1159312433","sourceCountryId":"HRV","syntheticOperational":true,"territoryId":"territory:catalog:18d5a4b160dadb44b8a6ff9bbce92252c1fcb2e295b7f7697e435fae24c09bb7"},"type":"Feature"},{"geometry":{"coordinates":[[[14.881358,44.844062],[14.8838,44.788764],[14.887462,44.768378],[14.893891,44.750963],[14.895193,44.736151],[14.8838,44.723619],[14.901378,44.690172],[14.913830723359,44.676258992806],[14.962216624685,44.676258992806],[15.012636899747,44.676258992806],[15.012636899747,44.78417266187],[15.012636899747,44.892086330935],[14.92385786802,44.892086330935],[14.894213308828,44.892086330935],[14.8838,44.861477],[14.881358,44.844062]]],"type":"Polygon"},"id":630,"properties":{"parentKey":"HRV:1159312507","sourceCountryId":"HRV","syntheticOperational":true,"territoryId":"territory:catalog:e2e346ae1b9474a3033e45ed65ac16d9fbff7d94157651ec6d6da50b46b9c23b"},"type":"Feature"},{"geometry":{"coordinates":[[[16.855670103093,45.863309352518],[17.010309278351,45.863309352518],[17.010309278351,45.927481987849],[17.006435,45.925466],[17.000699,45.925104],[16.996203,45.927119],[16.992017,45.934664],[16.992328,45.942829],[16.994343,45.952648],[16.994343,45.961019],[16.983801,45.970218],[16.981706642161,45.971223021583],[16.913793103448,45.971223021583],[16.855670103093,45.971223021583],[16.855670103093,45.863309352518]]],"type":"Polygon"},"id":631,"properties":{"parentKey":"HRV:1159312549","sourceCountryId":"HRV","syntheticOperational":true,"territoryId":"territory:catalog:3e97c67b2b1aa9ff33576d5f77709bcd46469fb8bcfabb8b3de0574fe57b6ada"},"type":"Feature"},{"geometry":{"coordinates":[[[14.162436548223,45.082263874435],[14.164399,45.079901],[14.180431,45.091457],[14.193126,45.105618],[14.193462822822,45.107913669065],[14.162436548223,45.107913669065],[14.162436548223,45.082263874435]]],"type":"Polygon"},"id":632,"properties":{"parentKey":"HRV:1159312535","sourceCountryId":"HRV","syntheticOperational":true,"territoryId":"territory:catalog:f9ec6a5e4026d4c2c48f298aafadee6adbb6fee00b4c6b182495686873ecd50f"},"type":"Feature"},{"geometry":{"coordinates":[[[15.697674418605,43.812949640288],[15.794701986755,43.812949640288],[15.847176079734,43.812949640288],[15.847176079734,43.920863309353],[15.78760762076,43.920863309353],[15.78775,43.91887],[15.78589,43.915098],[15.782634,43.910602],[15.777466,43.905951],[15.77142,43.90192],[15.762583,43.898613],[15.757623,43.896029],[15.754677,43.892877],[15.753902,43.890138],[15.752972,43.884608],[15.750956,43.879182],[15.746925,43.874222],[15.739949,43.869209],[15.733438,43.868382],[15.727547,43.869054],[15.707651,43.876495],[15.697674418605,43.882332260917],[15.697674418605,43.812949640288]]],"type":"Polygon"},"id":633,"properties":{"parentKey":"HRV:1159312439","sourceCountryId":"HRV","syntheticOperational":true,"territoryId":"territory:catalog:6c582241580f1e58f750ef25f93603d20b8f628a85dec4eb0cc4f014a3fb48c0"},"type":"Feature"},{"geometry":{"coordinates":[[[16.629597946963,45.647482014388],[16.693142566993,45.647482014388],[16.656069,45.659746],[16.63545,45.663001],[16.629597946963,45.66295237667],[16.629597946963,45.647482014388]]],"type":"Polygon"},"id":634,"properties":{"parentKey":"HRV:1159312529","sourceCountryId":"HRV","syntheticOperational":true,"territoryId":"territory:catalog:100b6aafc78044870e860f53f9cc414570102c61afa6b5713211ff4a49b087ee"},"type":"Feature"},{"geometry":{"coordinates":[[[15.532994923858,44.898726705016],[15.544115944223,44.892086330935],[15.563423757276,44.892086330935],[15.563371,44.892299],[15.537739,44.918551],[15.534174,44.92346],[15.532994923858,44.926864624591],[15.532994923858,44.898726705016]]],"type":"Polygon"},"id":635,"properties":{"parentKey":"HRV:1159312525","sourceCountryId":"HRV","syntheticOperational":true,"territoryId":"territory:catalog:7d82ce6c2c21e1d89e6bab8a5452a9ecc3cef87f00f231ba430d51590d3e69ca"},"type":"Feature"},{"geometry":{"coordinates":[[[17.953964194373,45.323741007194],[18.030560271647,45.323741007194],[18.103070990006,45.323741007194],[18.101665,45.327828],[18.09934,45.332685],[18.096705,45.336561],[18.093914,45.33899],[18.085232,45.342607],[18.076964,45.345139],[18.075724,45.34824],[18.075879,45.350565],[18.078101,45.352581],[18.080581,45.354648],[18.083372,45.356353],[18.086628,45.358007],[18.090038,45.359299],[18.094069,45.360281],[18.101045,45.361211],[18.106316,45.36333],[18.107416879795,45.364193410562],[18.107416879795,45.431654676259],[17.953964194373,45.431654676259],[17.953964194373,45.323741007194]]],"type":"Polygon"},"id":636,"properties":{"parentKey":"HRV:1159312541","sourceCountryId":"HRV","syntheticOperational":true,"territoryId":"territory:catalog:10e94993139bf35fd0b9097d2608ca4e43392f6010b12de7c28c0a302484da91"},"type":"Feature"},{"geometry":{"coordinates":[[[17.365369212768,43.079247112793],[17.37086,43.073879],[17.395437655584,43.057553956835],[17.395577395577,43.057553956835],[17.395577395577,43.094913084446],[17.393595,43.094114],[17.365535,43.079335],[17.365369212768,43.079247112793]]],"type":"Polygon"},"id":637,"properties":{"parentKey":"HRV:1159312431","sourceCountryId":"HRV","syntheticOperational":true,"territoryId":"territory:catalog:02d79e5b185bda47ac19b3444ed0518c6767870665e1320b8657471f3c30b83b"},"type":"Feature"},{"geometry":{"coordinates":[[[16.658476658477,43.12732916235],[16.670177,43.125474],[16.693126,43.127265],[16.805896805897,43.127265],[16.805896805897,43.162162550813],[16.751231,43.161933],[16.727712,43.164618],[16.724704860056,43.165467625899],[16.71322925226,43.165467625899],[16.658476658477,43.165467625899],[16.658476658477,43.12732916235]]],"type":"Polygon"},"id":638,"properties":{"parentKey":"HRV:1159312433","sourceCountryId":"HRV","syntheticOperational":true,"territoryId":"territory:catalog:e3e2ee54486c64f2a4b01e6dabd8ebd76a261dca9fb71a4d485c739289d99486"},"type":"Feature"},{"geometry":{"coordinates":[[[15.514644351464,44.357932039743],[15.520818018194,44.352517985612],[15.573088533837,44.352517985612],[15.576238,44.352797],[15.589106,44.356621],[15.599958,44.364217],[15.615977,44.379307],[15.624504,44.390056],[15.63086,44.401528],[15.634736,44.411346],[15.635511,44.418064],[15.633961,44.421682],[15.630395,44.423749],[15.626674,44.425506],[15.622954,44.427624],[15.620318,44.430467],[15.619078,44.434084],[15.618148,44.437856],[15.615822,44.440388],[15.611482,44.442249],[15.606159,44.443851],[15.601818,44.445763],[15.598097,44.447985],[15.593757,44.452067],[15.591121,44.457235],[15.593252332219,44.460431654676],[15.566750629723,44.460431654676],[15.514644351464,44.460431654676],[15.514644351464,44.357932039743]]],"type":"Polygon"},"id":639,"properties":{"parentKey":"HRV:1159312507","sourceCountryId":"HRV","syntheticOperational":true,"territoryId":"territory:catalog:0ee9fc811fa3f5df79d7c0e35a4e11fb109814da531fe340d19845f5c107f2ac"},"type":"Feature"},{"geometry":{"coordinates":[[[18.506654,45.250985],[18.507429,45.249641],[18.509754,45.247833],[18.514405,45.245972],[18.519831,45.244577],[18.553214,45.24127],[18.55926,45.239771],[18.564221,45.236671],[18.566702,45.232588],[18.567942,45.226645],[18.56726315887,45.215827338129],[18.641765704584,45.215827338129],[18.641765704584,45.323741007194],[18.633021400349,45.323741007194],[18.632331,45.32142],[18.629385,45.318888],[18.625354,45.317854],[18.589698,45.318578],[18.58422,45.316821],[18.580034,45.313203],[18.577244,45.309379],[18.572748,45.305245],[18.52965,45.300904],[18.518746,45.297287],[18.511925,45.292585],[18.510064,45.287624],[18.509289,45.283851],[18.506654,45.255119],[18.506654,45.250985]]],"type":"Polygon"},"id":640,"properties":{"parentKey":"HRV:1159312543","sourceCountryId":"HRV","syntheticOperational":true,"territoryId":"territory:catalog:722879983394bb66123744e65aec0fb8a4c6f4775456382d25caa177b6ac4313"},"type":"Feature"},{"geometry":{"coordinates":[[[16.565324568611,43.269953745555],[16.628266,43.263739],[16.71322925226,43.265590402644],[16.71322925226,43.273381294964],[16.565324568611,43.273381294964],[16.565324568611,43.269953745555]]],"type":"Polygon"},"id":641,"properties":{"parentKey":"HRV:1159312433","sourceCountryId":"HRV","syntheticOperational":true,"territoryId":"territory:catalog:03bc2a100e514057a788243a8951027fe75ddc68456985ad57e863fa615fbbf0"},"type":"Feature"},{"geometry":{"coordinates":[[[15.75,44.028776978417],[15.847176079734,44.028776978417],[15.9,44.028776978417],[15.9,44.136690647482],[15.75,44.136690647482],[15.75,44.028776978417]]],"type":"Polygon"},"id":642,"properties":{"parentKey":"HRV:1159312443","sourceCountryId":"HRV","syntheticOperational":true,"territoryId":"territory:catalog:e01aae10d5d4fa39ed1382aa6d7f384b042bb24edb9afca0b9f2c6b2b60f9ba2"},"type":"Feature"},{"geometry":{"coordinates":[[[17.113752122241,45.215827338129],[17.266553480475,45.215827338129],[17.266553480475,45.323741007194],[17.188289589078,45.323741007194],[17.188181,45.323539],[17.182755,45.320438],[17.179345,45.317544],[17.178053,45.314134],[17.182548,45.309173],[17.196553,45.300181],[17.199653,45.297649],[17.200584,45.2946],[17.198878,45.292223],[17.192367,45.288605],[17.180068,45.287055],[17.171386,45.286745],[17.165495,45.285918],[17.153713,45.282404],[17.150767,45.281112],[17.147202,45.277702],[17.13542,45.263284],[17.119865,45.253052],[17.114749,45.250417],[17.113752122241,45.249706918365],[17.113752122241,45.215827338129]]],"type":"Polygon"},"id":643,"properties":{"parentKey":"HRV:1159312537","sourceCountryId":"HRV","syntheticOperational":true,"territoryId":"territory:catalog:90ff2f3c83894e7c0ad411eaaea6dacab1b603396b028a2e0c3eb01c28758901"},"type":"Feature"},{"geometry":{"coordinates":[[[16.112531969309,45.431654676259],[16.265984654731,45.431654676259],[16.265984654731,45.539568345324],[16.167664670659,45.539568345324],[16.112531969309,45.539568345324],[16.112531969309,45.431654676259]]],"type":"Polygon"},"id":644,"properties":{"parentKey":"HRV:1159312529","sourceCountryId":"HRV","syntheticOperational":true,"territoryId":"territory:catalog:16f6cfd4df128298287fa416b6fa847153e7334e59b19e0dd6ecaab2ec81ed3a"},"type":"Feature"},{"geometry":{"coordinates":[[[15.531264921816,44.676258992806],[15.532003,44.673553],[15.533398,44.654846],[15.535724,44.648076],[15.551227,44.636139],[15.555774,44.630868],[15.561355,44.610197],[15.563681,44.605133],[15.564301,44.602136],[15.563681,44.599655],[15.5612,44.596193],[15.558048,44.592524],[15.558668,44.588286],[15.562751,44.581672],[15.566750629723,44.578994160497],[15.566750629723,44.676258992806],[15.531264921816,44.676258992806]]],"type":"Polygon"},"id":645,"properties":{"parentKey":"HRV:1159312443","sourceCountryId":"HRV","syntheticOperational":true,"territoryId":"territory:catalog:506d7e9cf81d117dd5d3faa8ddcca0174579c66aa5e19b1d26bba19b2df91f4e"},"type":"Feature"},{"geometry":{"coordinates":[[[18.63130881095,45.539568345324],[18.721227621483,45.539568345324],[18.785286569718,45.539568345324],[18.785286569718,45.647482014388],[18.63130881095,45.647482014388],[18.63130881095,45.539568345324]]],"type":"Polygon"},"id":646,"properties":{"parentKey":"HRV:1159312539","sourceCountryId":"HRV","syntheticOperational":true,"territoryId":"territory:catalog:db0a3f7a9cf02dd9dcc5098ee321f226ef60ad0955abbebe004c13b0842427dc"},"type":"Feature"},{"geometry":{"coordinates":[[[16.352728,46.042358],[16.35924,46.024633],[16.432775,46.008045],[16.443627,46.004066],[16.448275862069,45.999298437465],[16.448275862069,46.079136690647],[16.355266970887,46.079136690647],[16.355364,46.078686],[16.352728,46.042358]]],"type":"Polygon"},"id":647,"properties":{"parentKey":"HRV:1159312551","sourceCountryId":"HRV","syntheticOperational":true,"territoryId":"territory:catalog:db817694a9bff7da273c3ff02d867f12bc30c5ae087f60af6e12f813a04157ec"},"type":"Feature"},{"geometry":{"coordinates":[[[16.837748344371,43.597122302158],[16.916735366859,43.597122302158],[16.97195017149,43.597122302158],[16.888213391327,43.659404610378],[16.837748344371,43.696939844032],[16.837748344371,43.597122302158]]],"type":"Polygon"},"id":648,"properties":{"parentKey":"HRV:1159312433","sourceCountryId":"HRV","syntheticOperational":true,"territoryId":"territory:catalog:d1e338cf18fb57a54a9e94bf60214af22b1e61e7008edf2fb836dc34db1a799c"},"type":"Feature"},{"geometry":{"coordinates":[[[16.572890025575,45.323741007194],[16.655348047538,45.323741007194],[16.726342710997,45.323741007194],[16.726342710997,45.431654676259],[16.572890025575,45.431654676259],[16.572890025575,45.323741007194]]],"type":"Polygon"},"id":649,"properties":{"parentKey":"HRV:1159312529","sourceCountryId":"HRV","syntheticOperational":true,"territoryId":"territory:catalog:b4025c9fc1435864e4409ed2171409feb88f8cdab35354f82b4f3d532afcf73f"},"type":"Feature"},{"geometry":{"coordinates":[[[15.685279187817,44.937724887616],[15.688738,44.936069],[15.703621,44.933227],[15.707031,44.932038],[15.711372,44.929661],[15.718814,44.929093],[15.725376,44.929403],[15.733438,44.934053],[15.734108,44.93444],[15.738811,44.944855],[15.763616,44.97555],[15.76744,44.993224],[15.764785132195,45],[15.685279187817,45],[15.685279187817,44.937724887616]]],"type":"Polygon"},"id":650,"properties":{"parentKey":"HRV:1159312525","sourceCountryId":"HRV","syntheticOperational":true,"territoryId":"territory:catalog:7dee431b9c5e217ea9bf7bfa296341380278a27679209dc6acf264774788ae13"},"type":"Feature"},{"geometry":{"coordinates":[[[14.57800511509,45.431654676259],[14.731457800512,45.431654676259],[14.731457800512,45.508702321013],[14.688333,45.522029],[14.668489,45.533966],[14.668179,45.539134],[14.668265362783,45.539568345324],[14.627887082977,45.539568345324],[14.57800511509,45.539568345324],[14.57800511509,45.431654676259]]],"type":"Polygon"},"id":651,"properties":{"parentKey":"HRV:1159312505","sourceCountryId":"HRV","syntheticOperational":true,"territoryId":"territory:catalog:9ec525b27ba66e29a2d812c6414f5f2378c2d8f922e4a8b78babe2a8688df572"},"type":"Feature"},{"geometry":{"coordinates":[[[16.619950535862,43.452146867186],[16.625824,43.449042],[16.693858,43.4383],[16.752452,43.419501],[16.76834295136,43.417821077466],[16.76834295136,43.489208633094],[16.619950535862,43.489208633094],[16.619950535862,43.452146867186]]],"type":"Polygon"},"id":652,"properties":{"parentKey":"HRV:1159312433","sourceCountryId":"HRV","syntheticOperational":true,"territoryId":"territory:catalog:b69f2d0e0a0e1bc97c15c08b154142d9166bfcfd1257c24df97708beb96ee08a"},"type":"Feature"},{"geometry":{"coordinates":[[[16.694775514267,45.971223021583],[16.701030927835,45.971223021583],[16.758620689655,45.971223021583],[16.758620689655,46.053129602827],[16.758027,46.052952],[16.741128,46.045717],[16.731,46.033366],[16.719218,46.018742],[16.710846,46.00143],[16.697203,45.98107],[16.694775514267,45.971223021583]]],"type":"Polygon"},"id":653,"properties":{"parentKey":"HRV:1159312549","sourceCountryId":"HRV","syntheticOperational":true,"territoryId":"territory:catalog:c81784786bbcef2b905af5f2936199a6990b3e98df7c0f059d6ef51cd51c316a"},"type":"Feature"},{"geometry":{"coordinates":[[[18.414322250639,45.323741007194],[18.48896434635,45.323741007194],[18.567774936061,45.323741007194],[18.567774936061,45.431654676259],[18.414322250639,45.431654676259],[18.414322250639,45.323741007194]]],"type":"Polygon"},"id":654,"properties":{"parentKey":"HRV:1159312539","sourceCountryId":"HRV","syntheticOperational":true,"territoryId":"territory:catalog:37d29b50829697633ff0afa463e247687794f9d412c599e0d83e3c39781c971a"},"type":"Feature"},{"geometry":{"coordinates":[[[16.417419884963,43.181587612204],[16.427257,43.179877],[16.44516,43.170803],[16.475352,43.16649],[16.479024052699,43.165467625899],[16.511056511056,43.165467625899],[16.565324568611,43.165467625899],[16.565324568611,43.188202353526],[16.554942,43.187934],[16.527029,43.204291],[16.49643,43.218085],[16.460297,43.209784],[16.460297,43.215969],[16.449067,43.206488],[16.446056,43.202338],[16.439789,43.209784],[16.417419884963,43.199453751815],[16.417419884963,43.181587612204]]],"type":"Polygon"},"id":655,"properties":{"parentKey":"HRV:1159312433","sourceCountryId":"HRV","syntheticOperational":true,"territoryId":"territory:catalog:8d974fe7380996a888f1d42322d8e66c2fe05e687cf487accd263c65f228e3e4"},"type":"Feature"},{"geometry":{"coordinates":[[[14.668930390492,45.190547624738],[14.765961,45.137356],[14.821731748727,45.116118601999],[14.821731748727,45.215827338129],[14.668930390492,45.215827338129],[14.668930390492,45.190547624738]]],"type":"Polygon"},"id":656,"properties":{"parentKey":"HRV:1159312505","sourceCountryId":"HRV","syntheticOperational":true,"territoryId":"territory:catalog:11fde63b1b98e631f00524ce348f64089c80647dd1071a70bd6ef8a2c8c18b78"},"type":"Feature"},{"geometry":{"coordinates":[[[13.797693997761,44.892086330935],[13.79949452401,44.890407314747],[13.79949452401,44.892086330935],[13.797693997761,44.892086330935]]],"type":"Polygon"},"id":657,"properties":{"parentKey":"HRV:1159312535","sourceCountryId":"HRV","syntheticOperational":true,"territoryId":"territory:catalog:ab1245f95deb913073c21c1ab82c66634724eb5669d00d2bdf162ba8eb8e7625"},"type":"Feature"},{"geometry":{"coordinates":[[[15.966527196653,44.352517985612],[16.117154811715,44.352517985612],[16.117154811715,44.460431654676],[16.020151133501,44.460431654676],[15.966527196653,44.460431654676],[15.966527196653,44.352517985612]]],"type":"Polygon"},"id":658,"properties":{"parentKey":"HRV:1159312443","sourceCountryId":"HRV","syntheticOperational":true,"territoryId":"territory:catalog:e84ecedf6bb4f025412c81dac96da6ecb1e2a4413ddd182b3548302604e5b76a"},"type":"Feature"},{"geometry":{"coordinates":[[[15.357329645347,43.920863309353],[15.358653,43.919379],[15.372081,43.913886],[15.397716,43.908108],[15.398671096346,43.907274756469],[15.398671096346,43.920863309353],[15.357329645347,43.920863309353]]],"type":"Polygon"},"id":659,"properties":{"parentKey":"HRV:1159312443","sourceCountryId":"HRV","syntheticOperational":true,"territoryId":"territory:catalog:2699c609d704765daab98f4b710132a95234303e24f034195c6937f2ea0b953c"},"type":"Feature"},{"geometry":{"coordinates":[[[16.475620188195,45.647482014388],[16.629597946963,45.647482014388],[16.629597946963,45.66295237667],[16.616795,45.662846],[16.611679,45.66512],[16.602377,45.671218],[16.587184,45.685015],[16.564705,45.697314],[16.551941,45.700983],[16.540779,45.702844],[16.532252,45.706254],[16.520935,45.712456],[16.512408,45.714678],[16.50507,45.715453],[16.50166,45.71752],[16.50073,45.721964],[16.50414,45.734366],[16.507551,45.741601],[16.511478,45.747699],[16.511478,45.754003],[16.509616849014,45.755395683453],[16.475620188195,45.755395683453],[16.475620188195,45.647482014388]]],"type":"Polygon"},"id":660,"properties":{"parentKey":"HRV:1159312529","sourceCountryId":"HRV","syntheticOperational":true,"territoryId":"territory:catalog:50d03d295101c37be064866463c28b6b2413cc7830e9d8cf915638cecb81c017"},"type":"Feature"},{"geometry":{"coordinates":[[[15.717884130982,44.460431654676],[15.81589958159,44.460431654676],[15.869017632242,44.460431654676],[15.869017632242,44.568345323741],[15.717884130982,44.568345323741],[15.717884130982,44.460431654676]]],"type":"Polygon"},"id":661,"properties":{"parentKey":"HRV:1159312443","sourceCountryId":"HRV","syntheticOperational":true,"territoryId":"territory:catalog:e3c7127608ea34627ded46c12e4e62715ea84f0980c5f0d465d9b96cea1d1d09"},"type":"Feature"},{"geometry":{"coordinates":[[[16.2,44.136690647482],[16.291369687525,44.136690647482],[16.289992,44.139116],[16.275523,44.157357],[16.232115,44.190999],[16.215785,44.208155],[16.2,44.244434257764],[16.2,44.136690647482]]],"type":"Polygon"},"id":662,"properties":{"parentKey":"HRV:1159312443","sourceCountryId":"HRV","syntheticOperational":true,"territoryId":"territory:catalog:24866cb87e5d20c8f1b7ecbe39c5c6b7b3a7dbd809a234f0577556d02df59590"},"type":"Feature"},{"geometry":{"coordinates":[[[16.805896805897,42.94964028777],[16.884176182708,42.94964028777],[16.953316953317,42.94964028777],[16.953316953317,42.977138907196],[16.915538,42.974514],[16.892589,42.965318],[16.878673,42.962104],[16.824067,42.962104],[16.805896805897,42.965420677533],[16.805896805897,42.94964028777]]],"type":"Polygon"},"id":663,"properties":{"parentKey":"HRV:1159312431","sourceCountryId":"HRV","syntheticOperational":true,"territoryId":"territory:catalog:fde43f1db2629189d4d09b5d4b0cbd6221dbf4d36490115b7032dd737d9010fd"},"type":"Feature"},{"geometry":{"coordinates":[[[16.092715231788,43.705035971223],[16.241721854305,43.705035971223],[16.241721854305,43.812949640288],[16.146179401993,43.812949640288],[16.092715231788,43.812949640288],[16.092715231788,43.705035971223]]],"type":"Polygon"},"id":664,"properties":{"parentKey":"HRV:1159312439","sourceCountryId":"HRV","syntheticOperational":true,"territoryId":"territory:catalog:bb24080f02817850b4728ee857e8974fda07cca499bb52c83bc9ec11c019cd34"},"type":"Feature"},{"geometry":{"coordinates":[[[17.316316729459,45.755395683453],[17.320525,45.75235],[17.321765,45.750541],[17.323625,45.750541],[17.353287,45.75483],[17.357938,45.75359],[17.362279,45.750283],[17.365845,45.742428],[17.367085,45.73695],[17.36631,45.732248],[17.361039,45.72491],[17.359644,45.721396],[17.362279,45.717623],[17.36631,45.713696],[17.385223,45.702534],[17.397316,45.702844],[17.399486740804,45.703884082824],[17.399486740804,45.755395683453],[17.319587628866,45.755395683453],[17.316316729459,45.755395683453]]],"type":"Polygon"},"id":665,"properties":{"parentKey":"HRV:1159312547","sourceCountryId":"HRV","syntheticOperational":true,"territoryId":"territory:catalog:c4b74f371616065770867a934f759d6fbaae6e53b5f552700ba6fdd680b4a3b4"},"type":"Feature"},{"geometry":{"coordinates":[[[15.86845184518,43.705035971223],[15.870779,43.703192],[15.876801,43.701646],[15.885997,43.700344],[15.892914,43.700507],[15.906749,43.691474],[15.931163,43.6765],[15.939708,43.677639],[15.938975,43.696438],[15.943708609272,43.693181606833],[15.943708609272,43.705035971223],[15.86845184518,43.705035971223]]],"type":"Polygon"},"id":666,"properties":{"parentKey":"HRV:1159312439","sourceCountryId":"HRV","syntheticOperational":true,"territoryId":"territory:catalog:a8af9f10ddce3876415eff7f37e09eb1541606083525f7ffb278418762b753f7"},"type":"Feature"},{"geometry":{"coordinates":[[[18.092783505155,45.755395683453],[18.169375534645,45.755395683453],[18.247422680412,45.755395683453],[18.247422680412,45.771993285044],[18.229822,45.781238],[18.211219,45.785372],[18.12895,45.785372],[18.120165,45.783408],[18.102905,45.774623],[18.092783505155,45.77192381035],[18.092783505155,45.755395683453]]],"type":"Polygon"},"id":667,"properties":{"parentKey":"HRV:1159312539","sourceCountryId":"HRV","syntheticOperational":true,"territoryId":"territory:catalog:9814e40b66d98776e955acc44d0eda17f1f2ad62f04f76908f10d357bdf2ce3e"},"type":"Feature"},{"geometry":{"coordinates":[[[16.39175257732,45.755395683453],[16.475620188195,45.755395683453],[16.509616849014,45.755395683453],[16.496699,45.765062],[16.454014,45.800616],[16.442387,45.814258],[16.440061,45.820459],[16.437116,45.822526],[16.433705,45.823095],[16.43107,45.822475],[16.429209,45.821493],[16.428124,45.820149],[16.423783,45.813225],[16.422078,45.811778],[16.39175257732,45.811971117417],[16.39175257732,45.755395683453]]],"type":"Polygon"},"id":668,"properties":{"parentKey":"HRV:1159312529","sourceCountryId":"HRV","syntheticOperational":true,"territoryId":"territory:catalog:1e8aef7be014e7cd7efe29f3b34bddb5590ed87d51f31b26eebb51d40f73c1f0"},"type":"Feature"},{"geometry":{"coordinates":[[[16.855670103093,45.755395683453],[16.9375534645,45.755395683453],[17.010309278351,45.755395683453],[17.010309278351,45.863309352518],[16.855670103093,45.863309352518],[16.855670103093,45.755395683453]]],"type":"Polygon"},"id":669,"properties":{"parentKey":"HRV:1159312549","sourceCountryId":"HRV","syntheticOperational":true,"territoryId":"territory:catalog:58cb3372cede73a0edbcc9c06e8e29e19f5728343aa22803c6cc5ab56c9177e3"},"type":"Feature"},{"geometry":{"coordinates":[[[18.414322250639,45.431654676259],[18.567774936061,45.431654676259],[18.567774936061,45.539568345324],[18.477331052181,45.539568345324],[18.414322250639,45.539568345324],[18.414322250639,45.510825923291],[18.427847,45.50451],[18.430793,45.501616],[18.431878,45.498205],[18.431413,45.492211],[18.433583,45.48787],[18.436839,45.483942],[18.44397,45.477431],[18.44397,45.475209],[18.44118,45.473659],[18.430638,45.472419],[18.414322250639,45.471959828408],[18.414322250639,45.431654676259]]],"type":"Polygon"},"id":670,"properties":{"parentKey":"HRV:1159312539","sourceCountryId":"HRV","syntheticOperational":true,"territoryId":"territory:catalog:9390b3b1f2c06accf318c0c2be775d72b557ea8e6229f6185a371360a34e06a0"},"type":"Feature"},{"geometry":{"coordinates":[[[16.475620188195,45.539568345324],[16.572890025575,45.539568345324],[16.629597946963,45.539568345324],[16.629597946963,45.647482014388],[16.475620188195,45.647482014388],[16.475620188195,45.539568345324]]],"type":"Polygon"},"id":671,"properties":{"parentKey":"HRV:1159312529","sourceCountryId":"HRV","syntheticOperational":true,"territoryId":"territory:catalog:684c62692bcf5090de73c5a0a63f9511ce600870e410be05f6761a4d98ca19d4"},"type":"Feature"},{"geometry":{"coordinates":[[[16.068796068796,43.057553956835],[16.216216216216,43.057553956835],[16.216216216216,43.079153803111],[16.215831,43.079169],[16.192882,43.071967],[16.194672,43.074408],[16.199718,43.079413],[16.170177,43.087714],[16.130219,43.088446],[16.09254,43.08275],[16.069347,43.071967],[16.068796068796,43.071913159526],[16.068796068796,43.057553956835]]],"type":"Polygon"},"id":672,"properties":{"parentKey":"HRV:1159312433","sourceCountryId":"HRV","syntheticOperational":true,"territoryId":"territory:catalog:830e7a05812be1c340b5b45837d498ceee98273780ab9b6f724d6296163c1f4e"},"type":"Feature"},{"geometry":{"coordinates":[[[15.705731394354,45.596790316114],[15.709047,45.595667],[15.720519,45.590396],[15.72672,45.588742],[15.731578,45.588587],[15.734213,45.589982],[15.74398,45.597424],[15.745995,45.596907],[15.747391,45.595202],[15.752352,45.57634],[15.751576,45.571276],[15.748011,45.566883],[15.74243,45.563111],[15.739174,45.558925],[15.740879,45.554222],[15.755297,45.545127],[15.760878,45.540838],[15.762201514187,45.539568345324],[15.805626598465,45.539568345324],[15.83207598057,45.539568345324],[15.839736,45.546006],[15.854309,45.549881],[15.859709153122,45.548981135746],[15.859709153122,45.647482014388],[15.705731394354,45.647482014388],[15.705731394354,45.596790316114]]],"type":"Polygon"},"id":673,"properties":{"parentKey":"HRV:1159312531","sourceCountryId":"HRV","syntheticOperational":true,"territoryId":"territory:catalog:97d592b8ec9ea0e97c0edcaab0a604b64a7138376bd41765484c9cb731b717ed"},"type":"Feature"},{"geometry":{"coordinates":[[[15.705731394354,45.647482014388],[15.859709153122,45.647482014388],[15.859709153122,45.661994033827],[15.81271,45.676902],[15.784804,45.691372],[15.777363,45.696591],[15.773125,45.700363],[15.77204,45.70212],[15.770335,45.705531],[15.770025,45.710182],[15.7708,45.715815],[15.774211,45.725736],[15.782427,45.738087],[15.813241,45.724592],[15.833691,45.755267],[15.833562316547,45.755395683453],[15.773195876289,45.755395683453],[15.705731394354,45.755395683453],[15.705731394354,45.647482014388]]],"type":"Polygon"},"id":674,"properties":{"parentKey":"HRV:1159312531","sourceCountryId":"HRV","syntheticOperational":true,"territoryId":"territory:catalog:a5da58c9cc5855f29d5e918e9b1064efdbc33e31b050f4206188eb49720ed22f"},"type":"Feature"},{"geometry":{"coordinates":[[[14.685802,44.847154],[14.689789,44.836737],[14.692068,44.833482],[14.705821,44.82685],[14.709351305813,44.823267809196],[14.709351305813,44.844360093501],[14.706798,44.844957],[14.685802,44.847154]]],"type":"Polygon"},"id":675,"properties":{"parentKey":"HRV:1159312505","sourceCountryId":"HRV","syntheticOperational":true,"territoryId":"territory:catalog:6448d168fd13d17908898b0cd8e19149e61514acf9c190027d806fb779e53e83"},"type":"Feature"},{"geometry":{"coordinates":[[[15.943708609272,43.597122302158],[16.026380873866,43.597122302158],[16.045414072387,43.597122302158],[16.048406,43.602507],[16.052902,43.607106],[16.06427,43.616046],[16.070162,43.618371],[16.075278,43.618423],[16.080704,43.616563],[16.085354,43.616821],[16.091711,43.618268],[16.092715231788,43.61921046229],[16.092715231788,43.705035971223],[15.943708609272,43.705035971223],[15.943708609272,43.693181606833],[15.95045,43.688544],[15.952403,43.679755],[15.945974,43.672309],[15.943708609272,43.671675922036],[15.943708609272,43.663455296056],[15.951427,43.657416],[15.952973,43.650865],[15.943708609272,43.648371145105],[15.943708609272,43.644683139234],[15.966319,43.641181],[15.966319,43.633734],[15.943708609272,43.634034578541],[15.943708609272,43.597122302158]]],"type":"Polygon"},"id":676,"properties":{"parentKey":"HRV:1159312439","sourceCountryId":"HRV","syntheticOperational":true,"territoryId":"territory:catalog:5f457ea628bb5c26e6cef650835552f349109fc9b4c61faabe9e4b6e25068f7d"},"type":"Feature"},{"geometry":{"coordinates":[[[15.773195876289,45.755395683453],[15.833562316547,45.755395683453],[15.813241,45.775717],[15.835912,45.798032],[15.846919,45.809401],[15.82258,45.832965],[15.810074,45.840975],[15.774004,45.840768],[15.773195876289,45.841235918856],[15.773195876289,45.755395683453]]],"type":"Polygon"},"id":677,"properties":{"parentKey":"HRV:1159312531","sourceCountryId":"HRV","syntheticOperational":true,"territoryId":"territory:catalog:6a310740eb52ec9c91cf56e9dd4511b664586a664ad86d9017afa80f242f4cca"},"type":"Feature"},{"geometry":{"coordinates":[[[15.54689098969,43.876569870269],[15.548172757475,43.875765894736],[15.548172757475,43.877455137228],[15.547041,43.87665],[15.54689098969,43.876569870269]]],"type":"Polygon"},"id":678,"properties":{"parentKey":"HRV:1159312439","sourceCountryId":"HRV","syntheticOperational":true,"territoryId":"territory:catalog:ba56c1c5088cc745368fd9781f1ca513cc1a0ae83852612f8197fd642ec39919"},"type":"Feature"},{"geometry":{"coordinates":[[[16.610888678799,45.215827338129],[16.619668295038,45.213976289338],[16.655348047538,45.206453755215],[16.655348047538,45.215827338129],[16.610888678799,45.215827338129]]],"type":"Polygon"},"id":679,"properties":{"parentKey":"HRV:1159312529","sourceCountryId":"HRV","syntheticOperational":true,"territoryId":"territory:catalog:88e29ddaef6bd78e58b7782bd130793810837f555b7c542b02b2293a45a610c7"},"type":"Feature"},{"geometry":{"coordinates":[[[16.783575705731,45.614750899618],[16.786707,45.613185],[16.790738,45.609051],[16.805052,45.582696],[16.809393,45.576185],[16.817299,45.566625],[16.823346,45.563059],[16.832027,45.560579],[16.835593,45.559132],[16.837918,45.557323],[16.847685,45.546006],[16.85461242989,45.539568345324],[16.879795396419,45.539568345324],[16.9375534645,45.539568345324],[16.9375534645,45.647482014388],[16.783575705731,45.647482014388],[16.783575705731,45.614750899618]]],"type":"Polygon"},"id":680,"properties":{"parentKey":"HRV:1159312549","sourceCountryId":"HRV","syntheticOperational":true,"territoryId":"territory:catalog:81b8834a504dc4b09907237d7aead4eecc268c636ae7c2528f8d5265908cb2c6"},"type":"Feature"},{"geometry":{"coordinates":[[[15.248919,45.711836],[15.250883,45.70765],[15.258221,45.705118],[15.267832,45.698452],[15.277754,45.685016],[15.283025,45.680107],[15.291914,45.675559],[15.304936,45.672149],[15.30907,45.674164],[15.310414,45.678195],[15.314961,45.680882],[15.327054,45.683156],[15.330774,45.684551],[15.333875,45.682639],[15.350034,45.669619],[15.350154,45.669667],[15.364572,45.675507],[15.382865,45.690441],[15.397775876818,45.692345533827],[15.397775876818,45.755395683453],[15.343536681453,45.755395683453],[15.331031,45.752486],[15.303799,45.746149],[15.263492,45.730388],[15.255017,45.723463],[15.249913,45.713732],[15.248919,45.711836]]],"type":"Polygon"},"id":681,"properties":{"parentKey":"HRV:1159312531","sourceCountryId":"HRV","syntheticOperational":true,"territoryId":"territory:catalog:3ac5959c9d712f1b93888f56ef91b3f5212708eb48260a01920171a2f7e877a8"},"type":"Feature"},{"geometry":{"coordinates":[[[16.082474226804,45.863309352518],[16.219122013359,45.863309352518],[16.218628,45.864023],[16.182196,45.898956],[16.176615,45.906242],[16.163231,45.933372],[16.136256,45.970373],[16.121683,45.969391],[16.109849,45.962001],[16.091091,45.958229],[16.082474226804,45.954990167466],[16.082474226804,45.863309352518]]],"type":"Polygon"},"id":682,"properties":{"parentKey":"HRV:1159312533","sourceCountryId":"HRV","syntheticOperational":true,"territoryId":"territory:catalog:537cae13020a419c9d947ecddf29b4da21c43bc0a66e29784803092ae3a0d198"},"type":"Feature"},{"geometry":{"coordinates":[[[17.618270799347,42.841726618705],[17.7287061073,42.841726618705],[17.715994,42.844184],[17.673676,42.875067],[17.658946,42.873358],[17.65268,42.873358],[17.641612,42.884467],[17.622895,42.891303],[17.618270799347,42.892413332668],[17.618270799347,42.841726618705]]],"type":"Polygon"},"id":683,"properties":{"parentKey":"HRV:1159312431","sourceCountryId":"HRV","syntheticOperational":true,"territoryId":"territory:catalog:e12f4b996915dc1432b8d3907e492d2301cadeb3f88f059c1af0e1f7ecbc7a71"},"type":"Feature"},{"geometry":{"coordinates":[[[17.399486740804,45.539568345324],[17.435475141076,45.539568345324],[17.440931,45.55262],[17.442326,45.55815],[17.441241,45.562491],[17.43907,45.565694],[17.430544,45.574686],[17.424498,45.59236],[17.469435242605,45.647482014388],[17.399486740804,45.647482014388],[17.399486740804,45.539568345324]]],"type":"Polygon"},"id":684,"properties":{"parentKey":"HRV:1159312549","sourceCountryId":"HRV","syntheticOperational":true,"territoryId":"territory:catalog:cadd60317f230a36257c11fe3b92e28f6a24d6c743179a7b01ae45119bcb8e02"},"type":"Feature"},{"geometry":{"coordinates":[[[14.884910485934,45.323741007194],[14.974533106961,45.323741007194],[15.019133195494,45.323741007194],[15.029243,45.328551],[15.033584,45.328603],[15.038363171356,45.327871460172],[15.038363171356,45.431654676259],[14.884910485934,45.431654676259],[14.884910485934,45.323741007194]]],"type":"Polygon"},"id":685,"properties":{"parentKey":"HRV:1159312505","sourceCountryId":"HRV","syntheticOperational":true,"territoryId":"territory:catalog:42926b5b989c6cba35824f25d495981ad1bdebcd45f6b70aa952b63694335692"},"type":"Feature"},{"geometry":{"coordinates":[[[16.117154811715,44.244604316547],[16.199926007916,44.244604316547],[16.197078,44.25115],[16.18757,44.282414],[16.186639,44.297607],[16.189533,44.308511],[16.199662,44.324686],[16.203176,44.333057],[16.205863,44.349801],[16.205644,44.350531],[16.20504680796,44.352517985612],[16.117154811715,44.352517985612],[16.117154811715,44.244604316547]]],"type":"Polygon"},"id":686,"properties":{"parentKey":"HRV:1159312443","sourceCountryId":"HRV","syntheticOperational":true,"territoryId":"territory:catalog:3201367219d3cca95522e7b330fc88e5f7f7d08ed44ef69567022db597e24c9d"},"type":"Feature"},{"geometry":{"coordinates":[[[16.269515201315,43.373103521372],[16.281749,43.369371],[16.348643,43.33869],[16.375987,43.333441],[16.391449,43.346381],[16.36671,43.361151],[16.348643,43.378323],[16.343739376739,43.381294964029],[16.323165704864,43.381294964029],[16.269515201315,43.381294964029],[16.269515201315,43.373103521372]]],"type":"Polygon"},"id":687,"properties":{"parentKey":"HRV:1159312433","sourceCountryId":"HRV","syntheticOperational":true,"territoryId":"territory:catalog:3f6cffa2b8a6cbf69a2d1d1ddcb72dce0edf743942b032dda223f6a46dd29589"},"type":"Feature"},{"geometry":{"coordinates":[[[17.177814029364,42.920608349944],[17.19337,42.914293],[17.200206,42.92178],[17.177814029364,42.934067538513],[17.177814029364,42.920608349944]]],"type":"Polygon"},"id":688,"properties":{"parentKey":"HRV:1159312431","sourceCountryId":"HRV","syntheticOperational":true,"territoryId":"territory:catalog:8d68a3c96f4c88b333adf2910019807e77527ac2c30a02870aa40398c84b1ada"},"type":"Feature"},{"geometry":{"coordinates":[[[14.733653,44.703192],[14.743663,44.680487],[14.747111583259,44.676258992806],[14.771804993854,44.676258992806],[14.741222,44.701606],[14.738129,44.703111],[14.733653,44.703192]]],"type":"Polygon"},"id":689,"properties":{"parentKey":"HRV:1159312507","sourceCountryId":"HRV","syntheticOperational":true,"territoryId":"territory:catalog:dee3b2d23c2a9a208779f1ffdd5dc42da0a83a8ea132f86ad2c5ee31c0532de1"},"type":"Feature"},{"geometry":{"coordinates":[[[17.553464499572,45.539568345324],[17.603933541555,45.539568345324],[17.59627,45.545644],[17.592394,45.547504],[17.586193,45.548796],[17.553464499572,45.561843630166],[17.553464499572,45.539568345324]]],"type":"Polygon"},"id":690,"properties":{"parentKey":"HRV:1159312541","sourceCountryId":"HRV","syntheticOperational":true,"territoryId":"territory:catalog:bd3e7075e46e39bf8692fc8f5cf7c41c021b1d456400cf3389dc8c093be43861"},"type":"Feature"},{"geometry":{"coordinates":[[[14.292491,44.940334],[14.301524,44.922309],[14.296235,44.91592],[14.295177,44.913072],[14.2942,44.908637],[14.314138,44.893785],[14.314583760505,44.892086330935],[14.314720812183,44.892086330935],[14.314720812183,44.939572496585],[14.301524,44.943427],[14.292491,44.940334]]],"type":"Polygon"},"id":691,"properties":{"parentKey":"HRV:1159312505","sourceCountryId":"HRV","syntheticOperational":true,"territoryId":"territory:catalog:c094eaae3b57ceb41abb22a42913354daf684ad6eaa7f1734620297635dd5431"},"type":"Feature"},{"geometry":{"coordinates":[[[16.026380873866,43.496170010437],[16.028331,43.49494],[16.039561,43.49079],[16.066173,43.489691],[16.067789126724,43.489208633094],[16.11095195828,43.489208633094],[16.11085,43.489691],[16.172374,43.489691],[16.164887,43.504096],[16.150727,43.511379],[16.117686,43.517646],[16.117686,43.524482],[16.174773289365,43.525453684594],[16.174773289365,43.597122302158],[16.092715231788,43.597122302158],[16.045414072387,43.597122302158],[16.045305,43.596926],[16.047631,43.585815],[16.051196,43.578116],[16.056002,43.571346],[16.069852,43.559305],[16.075278,43.551037],[16.078688,43.549022],[16.083494,43.54804],[16.082719,43.545663],[16.077913,43.543131],[16.060963,43.538118],[16.051506,43.536413],[16.0436,43.533984],[16.039569,43.530987],[16.039724,43.524579],[16.04298,43.521168],[16.047941,43.518791],[16.052902,43.517292],[16.055847,43.515794],[16.056157,43.51321],[16.051196,43.511091],[16.029647,43.510419],[16.026380873866,43.509968146982],[16.026380873866,43.496170010437]]],"type":"Polygon"},"id":692,"properties":{"parentKey":"HRV:1159312433","sourceCountryId":"HRV","syntheticOperational":true,"territoryId":"territory:catalog:6805bc087e7d8d8ec960eab545583e099818d8ef0abccf4441464c170d8103e5"},"type":"Feature"},{"geometry":{"coordinates":[[[16.013056941079,46.187050359712],[16.01957,46.185398],[16.030732,46.184261],[16.039569,46.184623],[16.047483445141,46.187050359712],[16.013056941079,46.187050359712]]],"type":"Polygon"},"id":693,"properties":{"parentKey":"HRV:1159312555","sourceCountryId":"HRV","syntheticOperational":true,"territoryId":"territory:catalog:7a5638c8843e46a81049b2cd66e4269615dfc38be63a65c81d260d421f7b23f6"},"type":"Feature"},{"geometry":{"coordinates":[[[16.479024052699,43.165467625899],[16.492260628178,43.16178229427],[16.511056511056,43.156549138476],[16.511056511056,43.165467625899],[16.479024052699,43.165467625899]]],"type":"Polygon"},"id":694,"properties":{"parentKey":"HRV:1159312433","sourceCountryId":"HRV","syntheticOperational":true,"territoryId":"territory:catalog:e9eed67f81a29a3f660c62e688c97641aef9447c8738863d6015faeeda5bfef3"},"type":"Feature"},{"geometry":{"coordinates":[[[18.193861566586,45.539568345324],[18.19427,45.535102],[18.197267,45.533138],[18.200212,45.532312],[18.204398,45.531743],[18.208584,45.529934],[18.21246,45.526885],[18.221141,45.516705],[18.225482,45.513501],[18.230133,45.511744],[18.235094,45.511021],[18.260869565217,45.511396754772],[18.260869565217,45.539568345324],[18.193861566586,45.539568345324]]],"type":"Polygon"},"id":695,"properties":{"parentKey":"HRV:1159312539","sourceCountryId":"HRV","syntheticOperational":true,"territoryId":"territory:catalog:a9e0fb48747869a2f8a10494d0e742e29f743f0e28f18effa59f7dff152399e1"},"type":"Feature"},{"geometry":{"coordinates":[[[15.28013582343,45.107913669065],[15.380710659898,45.107913669065],[15.432937181664,45.107913669065],[15.432937181664,45.215827338129],[15.28013582343,45.215827338129],[15.28013582343,45.107913669065]]],"type":"Polygon"},"id":696,"properties":{"parentKey":"HRV:1159312525","sourceCountryId":"HRV","syntheticOperational":true,"territoryId":"territory:catalog:64d7eeddd6006ed6e314ac981354625b9302e1fc01cda2b30e1fe87e64bd2448"},"type":"Feature"},{"geometry":{"coordinates":[[[16.565324568611,43.273381294964],[16.71322925226,43.273381294964],[16.71322925226,43.372032225071],[16.687673,43.377021],[16.565324568611,43.380360599587],[16.565324568611,43.273381294964]]],"type":"Polygon"},"id":697,"properties":{"parentKey":"HRV:1159312433","sourceCountryId":"HRV","syntheticOperational":true,"territoryId":"territory:catalog:6653687cb7c658141304e65927eadd11360b6434dd868dff43c05241f54377d6"},"type":"Feature"},{"geometry":{"coordinates":[[[17.961519008291,45.539568345324],[18.015397775877,45.539568345324],[18.015397775877,45.587415156694],[17.963379,45.542905],[17.961519008291,45.539568345324]]],"type":"Polygon"},"id":698,"properties":{"parentKey":"HRV:1159312541","sourceCountryId":"HRV","syntheticOperational":true,"territoryId":"territory:catalog:14301d2bf9c4636b56c6e59c6b4ecf713a8f1b693f3612407bcd4c067ff59528"},"type":"Feature"},{"geometry":{"coordinates":[[[17.877758913413,45.107913669065],[17.946364858705,45.107913669065],[17.988493,45.143809],[18.003479,45.149338],[18.019086,45.149442],[18.030560271647,45.145045788106],[18.030560271647,45.215827338129],[17.877758913413,45.215827338129],[17.877758913413,45.107913669065]]],"type":"Polygon"},"id":699,"properties":{"parentKey":"HRV:1159312537","sourceCountryId":"HRV","syntheticOperational":true,"territoryId":"territory:catalog:d0ff1fca3d43b6fcbe6d9c908b63784a5e7278fc9e43d2d91dc1c9047b644132"},"type":"Feature"},{"geometry":{"coordinates":[[[16.783575705731,45.539568345324],[16.85461242989,45.539568345324],[16.847685,45.546006],[16.837918,45.557323],[16.835593,45.559132],[16.832027,45.560579],[16.823346,45.563059],[16.817299,45.566625],[16.809393,45.576185],[16.805052,45.582696],[16.790738,45.609051],[16.786707,45.613185],[16.783575705731,45.614750899618],[16.783575705731,45.539568345324]]],"type":"Polygon"},"id":700,"properties":{"parentKey":"HRV:1159312529","sourceCountryId":"HRV","syntheticOperational":true,"territoryId":"territory:catalog:a4d69b0cd74a60d4e856c7a744e519a129bbf868181aa03c07c5d108f89b24bd"},"type":"Feature"},{"geometry":{"coordinates":[[[13.57545,45.306464],[13.578949,45.299018],[13.584646,45.293199],[13.59254,45.288804],[13.599320882852,45.286498819809],[13.599320882852,45.313999729711],[13.594493,45.311103],[13.585704,45.307807],[13.57545,45.306464]]],"type":"Polygon"},"id":701,"properties":{"parentKey":"HRV:1159312535","sourceCountryId":"HRV","syntheticOperational":true,"territoryId":"territory:catalog:8cdce81fb6a02cb3bd3816698e20b7b1c7f0d0f232546f324cc7e6c1a50a4f0d"},"type":"Feature"},{"geometry":{"coordinates":[[[17.186700767263,45.431654676259],[17.340153452685,45.431654676259],[17.340153452685,45.517209314143],[17.335097,45.517532],[17.233605,45.505802],[17.222908,45.50668],[17.212521,45.511072],[17.198723,45.519082],[17.190042,45.52549],[17.186700767263,45.527350239491],[17.186700767263,45.431654676259]]],"type":"Polygon"},"id":702,"properties":{"parentKey":"HRV:1159312541","sourceCountryId":"HRV","syntheticOperational":true,"territoryId":"territory:catalog:5c7f853eae1de5b9b9f3a2be964dd7a971ed2018af619d9a3071216066305895"},"type":"Feature"},{"geometry":{"coordinates":[[[15.697674418605,43.920863309353],[15.78760762076,43.920863309353],[15.787595,43.92104],[15.786045,43.922746],[15.774521,43.931582],[15.772505,43.93489],[15.77297,43.93737],[15.778293,43.942641],[15.781704,43.943881],[15.786355,43.943675],[15.800307,43.938042],[15.805888,43.937008],[15.826197,43.939541],[15.838651,43.939127],[15.847176079734,43.936893314808],[15.847176079734,44.028776978417],[15.75,44.028776978417],[15.697674418605,44.028776978417],[15.697674418605,43.920863309353]]],"type":"Polygon"},"id":703,"properties":{"parentKey":"HRV:1159312443","sourceCountryId":"HRV","syntheticOperational":true,"territoryId":"territory:catalog:1847dd7a79f3e79838fed0546870f11be365d6f191efacfa697617da262cab26"},"type":"Feature"},{"geometry":{"coordinates":[[[16.123494710786,44.028776978417],[16.146179401993,44.028776978417],[16.146584311208,44.028776978417],[16.141372,44.034729],[16.13052,44.033592],[16.123494710786,44.028776978417]]],"type":"Polygon"},"id":704,"properties":{"parentKey":"HRV:1159312439","sourceCountryId":"HRV","syntheticOperational":true,"territoryId":"territory:catalog:e11964b79b973e5a381379bda16165797527ce8bf2fd4448e4fb54ca3be2c058"},"type":"Feature"},{"geometry":{"coordinates":[[[18.940763620773,45.431654676259],[18.94363,45.430612],[18.952776,45.430302],[18.961951154765,45.431654676259],[18.940763620773,45.431654676259]]],"type":"Polygon"},"id":705,"properties":{"parentKey":"HRV:1159312539","sourceCountryId":"HRV","syntheticOperational":true,"territoryId":"territory:catalog:bbab74bb9b13a54a3a77d60ab3fdae70c1964725213aee870702ec460824b9eb"},"type":"Feature"},{"geometry":{"coordinates":[[[16.940673092661,45.539568345324],[16.961045698233,45.539568345324],[16.96096,45.539856],[16.95941,45.542905],[16.944217,45.546988],[16.940673092661,45.539568345324]]],"type":"Polygon"},"id":706,"properties":{"parentKey":"HRV:1159312541","sourceCountryId":"HRV","syntheticOperational":true,"territoryId":"territory:catalog:91fc526b213f47ddf750f01b5242f38e3f2eb218c1a0f2649c0a8ef5cdd10afa"},"type":"Feature"},{"geometry":{"coordinates":[[[16.445182724253,43.920863309353],[16.578167841018,43.920863309353],[16.555816,43.937474],[16.52744707157,43.967858923344],[16.527446,43.967859],[16.494218,43.970236],[16.484452,43.968376],[16.470344,43.964294],[16.445182724253,43.952291743632],[16.445182724253,43.920863309353]]],"type":"Polygon"},"id":707,"properties":{"parentKey":"HRV:1159312433","sourceCountryId":"HRV","syntheticOperational":true,"territoryId":"territory:catalog:ce95b270b1f4a92f862e409946f43aa2cb8d2c6d70730a1ab5872cd6ae04e7fa"},"type":"Feature"},{"geometry":{"coordinates":[[[16.020151133501,44.568345323741],[16.026260171551,44.568345323741],[16.030473,44.572216],[16.034917,44.585393],[16.043186,44.588442],[16.044736,44.589372],[16.041119,44.602808],[16.036158,44.615314],[16.028303,44.624719],[16.020151133501,44.627527977171],[16.020151133501,44.568345323741]]],"type":"Polygon"},"id":708,"properties":{"parentKey":"HRV:1159312443","sourceCountryId":"HRV","syntheticOperational":true,"territoryId":"territory:catalog:b930bb023eeba698e40a5c07da03c171384a44d7dd51b7b55ec50eca92f2eea9"},"type":"Feature"},{"geometry":{"coordinates":[[[16.688741721854,43.705035971223],[16.826863333168,43.705035971223],[16.82381,43.707307],[16.712602,43.771515],[16.698236,43.788078],[16.689761,43.809317],[16.688979831158,43.812949640288],[16.688741721854,43.812949640288],[16.688741721854,43.705035971223]]],"type":"Polygon"},"id":709,"properties":{"parentKey":"HRV:1159312433","sourceCountryId":"HRV","syntheticOperational":true,"territoryId":"territory:catalog:79495e27f190d6852e670aef332641fb69863086410c944561ca136476635825"},"type":"Feature"},{"geometry":{"coordinates":[[[15.675381,45.972486],[15.675452153134,45.971223021583],[15.710413595641,45.971223021583],[15.692924,45.972181],[15.675381,45.972486]]],"type":"Polygon"},"id":710,"properties":{"parentKey":"HRV:1159312531","sourceCountryId":"HRV","syntheticOperational":true,"territoryId":"territory:catalog:001c3a483ba5441be50d1febce6118c98dd48cba11cbef370d2ee6ccfe829bac"},"type":"Feature"},{"geometry":{"coordinates":[[[16.337329,43.895874],[16.339706,43.890603],[16.34291,43.884815],[16.370402,43.874945],[16.377843,43.871224],[16.38668,43.865798],[16.426729,43.831537],[16.432,43.825439],[16.432,43.818773],[16.426177534539,43.812949640288],[16.445182724253,43.812949640288],[16.445182724253,43.920863309353],[16.403703607941,43.920863309353],[16.399754,43.919852],[16.382494,43.919697],[16.376828864138,43.920863309353],[16.348482499681,43.920863309353],[16.337329,43.895874]]],"type":"Polygon"},"id":711,"properties":{"parentKey":"HRV:1159312433","sourceCountryId":"HRV","syntheticOperational":true,"territoryId":"territory:catalog:4e023fd25afa20904890d2b97b5a3e9fd76f01616ebdd218570d29e7483505e0"},"type":"Feature"},{"geometry":{"coordinates":[[[15.927835051546,45.950373882277],[15.935286,45.940969],[15.939472,45.933837],[15.950376,45.926913],[15.951926,45.924226],[15.952236,45.918645],[15.955802,45.9142],[15.965568,45.911048],[16.082474226804,45.954990167466],[16.082474226804,45.971223021583],[15.98275862069,45.971223021583],[15.927835051546,45.971223021583],[15.927835051546,45.950373882277]]],"type":"Polygon"},"id":712,"properties":{"parentKey":"HRV:1159312523","sourceCountryId":"HRV","syntheticOperational":true,"territoryId":"territory:catalog:2762d787f415977b60f03599cac0a5a244fa76f79ecb1d94fff43e89ddc7588c"},"type":"Feature"},{"geometry":{"coordinates":[[[17.010309278351,45.927481987849],[17.02292,45.934044],[17.029586,45.935594],[17.037183,45.935956],[17.050515,45.934768],[17.058577,45.930892],[17.06669,45.924381],[17.080177,45.909653],[17.086069,45.904537],[17.09165,45.900868],[17.105602,45.893478],[17.14038,45.870275],[17.133714,45.888517],[17.132319,45.893633],[17.133094,45.896992],[17.137745,45.903865],[17.137435,45.906242],[17.133094,45.911565],[17.135109,45.915854],[17.141621,45.921642],[17.157744,45.933631],[17.164948453608,45.94141888868],[17.164948453608,45.971223021583],[17.068965517241,45.971223021583],[17.010309278351,45.971223021583],[17.010309278351,45.927481987849]]],"type":"Polygon"},"id":713,"properties":{"parentKey":"HRV:1159312551","sourceCountryId":"HRV","syntheticOperational":true,"territoryId":"territory:catalog:a4baea0c669b27f14d7af87714c5768908dee0581001fde57f7a6557dbfabe78"},"type":"Feature"},{"geometry":{"coordinates":[[[16.71322925226,43.165467625899],[16.724704860056,43.165467625899],[16.722813242785,43.166002076259],[16.71322925226,43.168709900542],[16.71322925226,43.165467625899]]],"type":"Polygon"},"id":714,"properties":{"parentKey":"HRV:1159312433","sourceCountryId":"HRV","syntheticOperational":true,"territoryId":"territory:catalog:1741ec725f57ecfe08bb41893c127f4fdef9d3044add924daa70191b11e00a7e"},"type":"Feature"},{"geometry":{"coordinates":[[[13.582286,45.196601],[13.590587,45.191799],[13.594412,45.187323],[13.593761,45.182278],[13.589122,45.175482],[13.599320882852,45.171313527401],[13.599320882852,45.215827338129],[13.594397224809,45.215827338129],[13.594493,45.212633],[13.590505,45.206488],[13.582286,45.202826],[13.582286,45.196601]]],"type":"Polygon"},"id":715,"properties":{"parentKey":"HRV:1159312535","sourceCountryId":"HRV","syntheticOperational":true,"territoryId":"territory:catalog:606289c6477fa15dbdae83fd6fb31290bddf0d178055fb46673c804a121f25bb"},"type":"Feature"},{"geometry":{"coordinates":[[[15.160991753493,45.107913669065],[15.21192637448,45.107913669065],[15.207527,45.111769],[15.202721,45.116781],[15.199155,45.121277],[15.194194,45.125773],[15.190319,45.126858],[15.184272,45.124119],[15.160991753493,45.107913669065]]],"type":"Polygon"},"id":716,"properties":{"parentKey":"HRV:1159312507","sourceCountryId":"HRV","syntheticOperational":true,"territoryId":"territory:catalog:cc37a67877db87afffa536af43e1b65c480f9c9939893a353c9c0fd596bbb487"},"type":"Feature"},{"geometry":{"coordinates":[[[16.390728476821,43.795024950862],[16.425489,43.812261],[16.426177534539,43.812949640288],[16.390728476821,43.812949640288],[16.390728476821,43.795024950862]]],"type":"Polygon"},"id":717,"properties":{"parentKey":"HRV:1159312439","sourceCountryId":"HRV","syntheticOperational":true,"territoryId":"territory:catalog:f8ef8bfa5cfd108f84097d0356366049bbbc2e7177657a841512a17c7287148f"},"type":"Feature"},{"geometry":{"coordinates":[[[13.964194373402,45.431654676259],[14.117647058824,45.431654676259],[14.117647058824,45.458274647454],[14.117309,45.459034],[14.116224,45.464202],[14.117321,45.472976],[14.116747,45.472998],[14.092917,45.473918],[14.066665,45.480274],[14.041551,45.493193],[14.028322,45.50265],[14.013956,45.507973],[13.987476,45.511909],[13.971891,45.514226],[13.964966,45.51097],[13.964194373402,45.509415328311],[13.964194373402,45.490834383642],[13.98264,45.475313],[13.969824,45.462963],[13.964194373402,45.461279005884],[13.964194373402,45.431654676259]]],"type":"Polygon"},"id":718,"properties":{"parentKey":"HRV:1159312535","sourceCountryId":"HRV","syntheticOperational":true,"territoryId":"territory:catalog:0fdeec9fc17b5c9e812b682bfbe034b319449abf79d88605f1cddec5685bd983"},"type":"Feature"},{"geometry":{"coordinates":[[[15.805626598465,45.431654676259],[15.834903193977,45.431654676259],[15.837204,45.436348],[15.83462,45.44441],[15.836274,45.451283],[15.838031,45.455572],[15.841752,45.461205],[15.842527,45.465907],[15.837411,45.471643],[15.832398,45.478723],[15.827127,45.484304],[15.812865,45.523423],[15.805626598465,45.52204457446],[15.805626598465,45.431654676259]]],"type":"Polygon"},"id":719,"properties":{"parentKey":"HRV:1159312525","sourceCountryId":"HRV","syntheticOperational":true,"territoryId":"territory:catalog:59b54071f2c82f31aac022938d53cded9219c6fd652e1abecf53ff01d56802cc"},"type":"Feature"},{"geometry":{"coordinates":[[[16.216216216216,43.057553956835],[16.245056459654,43.057553956835],[16.245453,43.057766],[16.252126,43.062405],[16.254893,43.068549],[16.253429,43.077867],[16.249848,43.079413],[16.245453,43.076361],[16.241222,43.071967],[16.228201,43.078681],[16.216216216216,43.079153803111],[16.216216216216,43.057553956835]]],"type":"Polygon"},"id":720,"properties":{"parentKey":"HRV:1159312433","sourceCountryId":"HRV","syntheticOperational":true,"territoryId":"territory:catalog:5da7c3bab8e51d3603c63a5ba2f97802ff36396d58ecbd52c92021f5ce6681d8"},"type":"Feature"},{"geometry":{"coordinates":[[[15.618556701031,45.755395683453],[15.705731394354,45.755395683453],[15.773195876289,45.755395683453],[15.773195876289,45.841235918856],[15.768113,45.844179],[15.765839,45.846298],[15.7708,45.861129],[15.7708,45.863309352518],[15.671149637083,45.863309352518],[15.675456,45.855962],[15.676076,45.841699],[15.666051,45.831674],[15.645587,45.824129],[15.626054,45.820202],[15.618556701031,45.82001204315],[15.618556701031,45.755395683453]]],"type":"Polygon"},"id":721,"properties":{"parentKey":"HRV:1159312531","sourceCountryId":"HRV","syntheticOperational":true,"territoryId":"territory:catalog:7193080c434d3dedfb2c192cfa36868867fa1f2f9f07fb6637debe20a7d14584"},"type":"Feature"},{"geometry":{"coordinates":[[[16.546391752577,45.78855209094],[16.560313,45.788678],[16.59323,45.779842],[16.599277,45.78165],[16.601757,45.786766],[16.598656,45.801856],[16.598036,45.810227],[16.600517,45.817307],[16.622066,45.841853],[16.628629,45.844747],[16.63421,45.844437],[16.637155,45.84082],[16.63669,45.836014],[16.63452,45.831053],[16.6339,45.82635],[16.637465,45.822526],[16.644907,45.820149],[16.657929,45.820149],[16.666456,45.82232],[16.674052,45.826144],[16.688367,45.839166],[16.693638,45.853687],[16.695163134927,45.863309352518],[16.546391752577,45.863309352518],[16.546391752577,45.78855209094]]],"type":"Polygon"},"id":722,"properties":{"parentKey":"HRV:1159312531","sourceCountryId":"HRV","syntheticOperational":true,"territoryId":"territory:catalog:3e3359374a622aa9e0a56e9b0a9665461833fd1b89f80e1610fab70cad91d978"},"type":"Feature"},{"geometry":{"coordinates":[[[16.688741721854,43.597122302158],[16.76834295136,43.597122302158],[16.837748344371,43.597122302158],[16.837748344371,43.696939844032],[16.833999783821,43.69972797373],[16.826863333168,43.705035971223],[16.688741721854,43.705035971223],[16.688741721854,43.597122302158]]],"type":"Polygon"},"id":723,"properties":{"parentKey":"HRV:1159312433","sourceCountryId":"HRV","syntheticOperational":true,"territoryId":"territory:catalog:87179d36208a9f90e73fa7b65364fb3f147c01fef09adc9fc8df8d2a65006fcb"},"type":"Feature"},{"geometry":{"coordinates":[[[15.738539898132,45.107913669065],[15.783331537201,45.107913669065],[15.780049,45.160294],[15.780979,45.167993],[15.792348,45.189801],[15.802569,45.196473],[15.802064,45.196725],[15.784959,45.205251],[15.781187,45.20644],[15.777053,45.206853],[15.772505,45.206802],[15.769095,45.207318],[15.766459,45.208197],[15.763979,45.209437],[15.761653,45.209954],[15.759328,45.209799],[15.750336,45.20644],[15.746615,45.20644],[15.742895,45.207525],[15.738539898132,45.208233492028],[15.738539898132,45.107913669065]]],"type":"Polygon"},"id":724,"properties":{"parentKey":"HRV:1159312525","sourceCountryId":"HRV","syntheticOperational":true,"territoryId":"territory:catalog:abbf2c5c05aeed2fbf2b777a952f0837567b8a7a6ba0062f51db19a8c5bc419e"},"type":"Feature"},{"geometry":{"coordinates":[[[14.1941,45.292068],[14.194565,45.275015],[14.202162,45.219566],[14.202309547445,45.215827338129],[14.210526315789,45.215827338129],[14.210526315789,45.323741007194],[14.208975132496,45.323741007194],[14.206503,45.317338],[14.197511,45.303902],[14.195186,45.298321],[14.1941,45.292068]]],"type":"Polygon"},"id":725,"properties":{"parentKey":"HRV:1159312505","sourceCountryId":"HRV","syntheticOperational":true,"territoryId":"territory:catalog:206003186d6fc88d49ebab35166913ba974d3b47d883167de99dd88561b98dcb"},"type":"Feature"},{"geometry":{"coordinates":[[[16.987012987013,46.187050359712],[17.016424417576,46.187050359712],[16.989500828147,46.202263070406],[16.987012987013,46.203668782208],[16.987012987013,46.187050359712]]],"type":"Polygon"},"id":726,"properties":{"parentKey":"HRV:1159312551","sourceCountryId":"HRV","syntheticOperational":true,"territoryId":"territory:catalog:317945ed681c238db319ed99e4fea75a9c36826529744624bc053f42a55a0b8d"},"type":"Feature"},{"geometry":{"coordinates":[[[18.730964467005,45.022185865344],[18.738318,45.01591],[18.750101,45.012241],[18.778006,45.010329],[18.78493,45.008468],[18.788961,45.005729],[18.791752,45.001544],[18.792484754346,45],[18.883248730964,45],[18.883248730964,45.107913669065],[18.794567062818,45.107913669065],[18.730964467005,45.107913669065],[18.730964467005,45.022185865344]]],"type":"Polygon"},"id":727,"properties":{"parentKey":"HRV:1159312543","sourceCountryId":"HRV","syntheticOperational":true,"territoryId":"territory:catalog:dfc9848d715a7004487c0bd0a833fa476f3288a65071fafea56f336dc53aa02a"},"type":"Feature"},{"geometry":{"coordinates":[[[18.107416879795,45.364193410562],[18.111587,45.367464],[18.124455,45.384259],[18.128951,45.388858],[18.162954,45.412526],[18.174271,45.418468],[18.185898,45.421362],[18.211375,45.421621],[18.231683,45.424825],[18.237574,45.426323],[18.247043937725,45.431654676259],[18.107416879795,45.431654676259],[18.107416879795,45.364193410562]]],"type":"Polygon"},"id":728,"properties":{"parentKey":"HRV:1159312541","sourceCountryId":"HRV","syntheticOperational":true,"territoryId":"territory:catalog:967cce756ff2184a70c0a13f063b484c85bccda25cac1f6a045b337c99df1f25"},"type":"Feature"},{"geometry":{"coordinates":[[[17.953964194373,45.526015701484],[17.961519008291,45.539568345324],[17.953964194373,45.539568345324],[17.953964194373,45.526015701484]]],"type":"Polygon"},"id":729,"properties":{"parentKey":"HRV:1159312547","sourceCountryId":"HRV","syntheticOperational":true,"territoryId":"territory:catalog:de24f1980577630f4be9f1094e2f2bbbf70301e087b8abfdf92ff77de190ce8c"},"type":"Feature"},{"geometry":{"coordinates":[[[14.406065711879,44.68996434824],[14.406870821108,44.688733133878],[14.415027845919,44.676258992806],[14.502818860593,44.676258992806],[14.501313,44.678168],[14.485606,44.692084],[14.472179,44.707953],[14.466075,44.729804],[14.467621,44.742133],[14.473888,44.754543],[14.472911,44.765204],[14.469249,44.773098],[14.457042,44.787746],[14.451915,44.798774],[14.466563,44.804836],[14.464854,44.821438],[14.451915,44.850898],[14.448497,44.883734],[14.449353694309,44.892086330935],[14.406065711879,44.892086330935],[14.406065711879,44.68996434824]]],"type":"Polygon"},"id":730,"properties":{"parentKey":"HRV:1159312505","sourceCountryId":"HRV","syntheticOperational":true,"territoryId":"territory:catalog:3cf68e8f643e7063ef52cc74f58c64855e94b6f0f6f9af09333f844f4d8a1810"},"type":"Feature"},{"geometry":{"coordinates":[[[17.493606138107,45.431654676259],[17.647058823529,45.431654676259],[17.647058823529,45.517025659472],[17.615184,45.531795],[17.607742,45.536549],[17.603933541555,45.539568345324],[17.553464499572,45.539568345324],[17.493606138107,45.539568345324],[17.493606138107,45.431654676259]]],"type":"Polygon"},"id":731,"properties":{"parentKey":"HRV:1159312541","sourceCountryId":"HRV","syntheticOperational":true,"territoryId":"territory:catalog:e89d0d14a420cf2d4a99f7649a7f2193573d629106174a76d94cfd7c51e77bdc"},"type":"Feature"},{"geometry":{"coordinates":[[[15.996677740864,43.920863309353],[16.146179401993,43.920863309353],[16.146179401993,44.028776978417],[16.123494710786,44.028776978417],[16.104733,44.015918],[16.097757,44.013024],[16.092331,44.011267],[16.088145,44.010699],[16.083959,44.010957],[16.06427,44.013955],[16.039724,44.014213],[16.032748,44.012714],[16.029492,44.010234],[16.025306,44.004653],[16.023911,44.002017],[16.023446,44.000725],[16.023291,43.999899],[16.023291,43.999072],[16.023601,43.996901],[16.024841,43.994214],[16.028872,43.988375],[16.030112,43.985222],[16.029647,43.982019],[16.028097,43.979486],[16.026082,43.978298],[16.021896,43.977161],[16.011664,43.975817],[16.008408,43.974887],[16.005463,43.97313],[16.002672,43.970443],[16.000605,43.967291],[15.99952,43.963828],[15.999675,43.960676],[16.001742,43.952821],[16.001535,43.949669],[15.996884,43.94693],[15.996677740864,43.946898383554],[15.996677740864,43.920863309353]]],"type":"Polygon"},"id":732,"properties":{"parentKey":"HRV:1159312439","sourceCountryId":"HRV","syntheticOperational":true,"territoryId":"territory:catalog:e623eba7b5accf7fecee155e248f2c747b84e6d2d6dcb4af0f8193db67af0884"},"type":"Feature"},{"geometry":{"coordinates":[[[17.877758913413,45.252965140107],[17.879767,45.253724],[17.888604,45.254706],[17.890464,45.255636],[17.891549,45.257186],[17.891549,45.259305],[17.890619,45.26101],[17.886743,45.264731],[17.885038,45.266901],[17.883643,45.269382],[17.883488,45.271862],[17.884883,45.274446],[17.887518,45.277443],[17.891549,45.280751],[17.896355,45.283748],[17.902091,45.286332],[17.909429,45.287882],[17.918576,45.288605],[18.030560271647,45.276857019564],[18.030560271647,45.323741007194],[17.953964194373,45.323741007194],[17.877758913413,45.323741007194],[17.877758913413,45.252965140107]]],"type":"Polygon"},"id":733,"properties":{"parentKey":"HRV:1159312541","sourceCountryId":"HRV","syntheticOperational":true,"territoryId":"territory:catalog:ef691f8b18f8839c1df20246f333d205ef37802f7e0c9cced74044778685fbb2"},"type":"Feature"},{"geometry":{"coordinates":[[[16.861133935908,43.288381285505],[16.864431,43.291693],[16.872325,43.287991],[16.879568,43.293931],[16.892345,43.312201],[16.885102,43.321967],[16.877696,43.323432],[16.868988,43.322577],[16.861133935908,43.324466677806],[16.861133935908,43.288381285505]]],"type":"Polygon"},"id":734,"properties":{"parentKey":"HRV:1159312433","sourceCountryId":"HRV","syntheticOperational":true,"territoryId":"territory:catalog:04724cacb46d68ffd077b84deff427a6927cab87c02bcd06021e3e74afc1b757"},"type":"Feature"},{"geometry":{"coordinates":[[[18.955349620893,44.862397510311],[18.974916,44.862757],[19.004969,44.863309],[19.015821,44.865635],[18.996344659539,44.892086330935],[18.955349620893,44.892086330935],[18.955349620893,44.862397510311]]],"type":"Polygon"},"id":735,"properties":{"parentKey":"HRV:1159312543","sourceCountryId":"HRV","syntheticOperational":true,"territoryId":"territory:catalog:a33a468e8ff32344ccc8dda0db094de7c1f278c8b20591cfcdc42d75b1597ccc"},"type":"Feature"},{"geometry":{"coordinates":[[[17.100737100737,42.94964028777],[17.152829941447,42.94964028777],[17.148692,42.952582],[17.131847,42.96955],[17.111095,42.964301],[17.100737100737,42.966701034617],[17.100737100737,42.94964028777]]],"type":"Polygon"},"id":736,"properties":{"parentKey":"HRV:1159312431","sourceCountryId":"HRV","syntheticOperational":true,"territoryId":"territory:catalog:52c50063ec6fc96d89e71bce7ad1327cec8dda3d60c15813b8cf5d503669b1e2"},"type":"Feature"},{"geometry":{"coordinates":[[[17.132319,45.893633],[17.133714,45.888517],[17.14038,45.870275],[17.154612503157,45.863309352518],[17.164948453608,45.863309352518],[17.164948453608,45.94141888868],[17.157744,45.933631],[17.141621,45.921642],[17.135109,45.915854],[17.133094,45.911565],[17.137435,45.906242],[17.137745,45.903865],[17.133094,45.896992],[17.132319,45.893633]]],"type":"Polygon"},"id":737,"properties":{"parentKey":"HRV:1159312547","sourceCountryId":"HRV","syntheticOperational":true,"territoryId":"territory:catalog:318926b3050de171f0bac8c3e1de82658320c64a4615f42e71c0544743edf79c"},"type":"Feature"},{"geometry":{"coordinates":[[[14.92385786802,45],[15.07614213198,45],[15.07614213198,45.107913669065],[15.01965038507,45.107913669065],[15.027228,45.097403],[15.027383,45.091977],[15.026298,45.085],[15.022577,45.077042],[15.018856,45.07389],[15.012655,45.07234],[14.995395,45.071409],[14.96749,45.07327],[14.951677,45.071719],[14.947646,45.072701],[14.944701,45.07389],[14.939585,45.077921],[14.934262,45.078851],[14.92651,45.077559],[14.92385786802,45.076372719994],[14.92385786802,45]]],"type":"Polygon"},"id":738,"properties":{"parentKey":"HRV:1159312507","sourceCountryId":"HRV","syntheticOperational":true,"territoryId":"territory:catalog:849201b945f8e4d750a43e12c67f492ec4c0241444558ec56dd2042a229f0c4d"},"type":"Feature"},{"geometry":{"coordinates":[[[13.595958,45.145413],[13.599320882852,45.139512913013],[13.599320882852,45.160500312985],[13.597911,45.155951],[13.595958,45.145413]]],"type":"Polygon"},"id":739,"properties":{"parentKey":"HRV:1159312535","sourceCountryId":"HRV","syntheticOperational":true,"territoryId":"territory:catalog:75978bbbc2f584b8e925fc6bd988a7ca71494ba68dc5c40d2637e228947dafbe"},"type":"Feature"},{"geometry":{"coordinates":[[[17.618270799347,42.94789438546],[17.628003858069,42.949397938076],[17.629572678326,42.94964028777],[17.618270799347,42.94964028777],[17.618270799347,42.94789438546]]],"type":"Polygon"},"id":740,"properties":{"parentKey":"HRV:1159312431","sourceCountryId":"HRV","syntheticOperational":true,"territoryId":"territory:catalog:6be149f9f754a6f4333c729c5c4d5b179047b2cc0964113e7793a759eee1c6ec"},"type":"Feature"},{"geometry":{"coordinates":[[[15.738539898132,45.208233492028],[15.742895,45.207525],[15.746615,45.20644],[15.750336,45.20644],[15.759328,45.209799],[15.761653,45.209954],[15.763979,45.209437],[15.766459,45.208197],[15.769095,45.207318],[15.772505,45.206802],[15.777053,45.206853],[15.781187,45.20644],[15.784959,45.205251],[15.802064,45.196725],[15.802569,45.196473],[15.824801,45.210988],[15.866634613182,45.215827338129],[15.738539898132,45.215827338129],[15.738539898132,45.208233492028]]],"type":"Polygon"},"id":741,"properties":{"parentKey":"HRV:1159312529","sourceCountryId":"HRV","syntheticOperational":true,"territoryId":"territory:catalog:23ee2f2162c27c41ad990e591a7dc384f932864b058ad4f611ffc71be0e0ce8e"},"type":"Feature"},{"geometry":{"coordinates":[[[15.896103896104,46.187050359712],[15.98275862069,46.187050359712],[16.013056941079,46.187050359712],[15.991458,46.19253],[15.983242,46.19346],[15.969444,46.192995],[15.959987,46.193666],[15.955337,46.19563],[15.952546,46.198937],[15.951306,46.204105],[15.948825,46.21103],[15.944123,46.215061],[15.937922,46.218058],[15.896103896104,46.227769530136],[15.896103896104,46.187050359712]]],"type":"Polygon"},"id":742,"properties":{"parentKey":"HRV:1159312523","sourceCountryId":"HRV","syntheticOperational":true,"territoryId":"territory:catalog:56bac47c1db70bd48fad30eb7b735dfba885d471ad40639dc7bd0fa50e9c0a21"},"type":"Feature"},{"geometry":{"coordinates":[[[16.044142614601,45.215827338129],[16.196943972835,45.215827338129],[16.196943972835,45.323741007194],[16.112531969309,45.323741007194],[16.044142614601,45.323741007194],[16.044142614601,45.215827338129]]],"type":"Polygon"},"id":743,"properties":{"parentKey":"HRV:1159312529","sourceCountryId":"HRV","syntheticOperational":true,"territoryId":"territory:catalog:53194c60fba6c588b21c57385f1aeee8652f74346b4e5163ad172484f655bef7"},"type":"Feature"},{"geometry":{"coordinates":[[[16.34974533107,45.107913669065],[16.382035196488,45.107913669065],[16.389211,45.116834],[16.398513,45.121433],[16.424764,45.127272],[16.435513,45.132853],[16.449156,45.148098],[16.481919,45.199516],[16.502546689304,45.209490107377],[16.502546689304,45.215827338129],[16.34974533107,45.215827338129],[16.34974533107,45.107913669065]]],"type":"Polygon"},"id":744,"properties":{"parentKey":"HRV:1159312529","sourceCountryId":"HRV","syntheticOperational":true,"territoryId":"territory:catalog:c47aa53016c2bb1c894c5a59c9ff17c51f361c29a15bc5a3a0b501481bae0694"},"type":"Feature"},{"geometry":{"coordinates":[[[15.301364322493,43.812949640288],[15.30893,43.805609],[15.327973,43.796332],[15.386974,43.776842],[15.395681,43.772406],[15.367361,43.790107],[15.35434,43.80036],[15.342459,43.811835],[15.34058116946,43.812949640288],[15.301364322493,43.812949640288]]],"type":"Polygon"},"id":745,"properties":{"parentKey":"HRV:1159312439","sourceCountryId":"HRV","syntheticOperational":true,"territoryId":"territory:catalog:1fb4651891dbc1d0d586706b21733b8c81c159637a0a2b7e5c135882c2df8979"},"type":"Feature"},{"geometry":{"coordinates":[[[18.567774936061,45.323741007194],[18.633021400349,45.323741007194],[18.634191,45.327673],[18.634346,45.33284],[18.634036,45.337595],[18.634346,45.341522],[18.635276,45.344933],[18.637137,45.347413],[18.639617,45.349429],[18.64649,45.353098],[18.648816,45.356302],[18.650366,45.361107],[18.652846,45.384775],[18.653621,45.388496],[18.655017,45.391648],[18.661373,45.395576],[18.67145,45.399916],[18.695014,45.407616],[18.714135,45.416143],[18.721227621483,45.415891112508],[18.721227621483,45.431654676259],[18.567774936061,45.431654676259],[18.567774936061,45.323741007194]]],"type":"Polygon"},"id":746,"properties":{"parentKey":"HRV:1159312539","sourceCountryId":"HRV","syntheticOperational":true,"territoryId":"territory:catalog:1801c1f9a10f6223955e95802bd46dda6b366929d08d24a96ee9cf45077cbf56"},"type":"Feature"},{"geometry":{"coordinates":[[[16.295681063123,43.920863309353],[16.348482499681,43.920863309353],[16.350868,43.926208],[16.344512,43.936337],[16.340119,43.938197],[16.330973,43.940884],[16.324616,43.941194],[16.318725,43.940884],[16.313764,43.93923],[16.303377,43.933598],[16.295681063123,43.931972826052],[16.295681063123,43.920863309353]]],"type":"Polygon"},"id":747,"properties":{"parentKey":"HRV:1159312439","sourceCountryId":"HRV","syntheticOperational":true,"territoryId":"territory:catalog:5dca0f43acb047fc19627fb57160ddcc28a16162bc2ab2a50e038b47cabeb8d7"},"type":"Feature"},{"geometry":{"coordinates":[[[17.010309278351,45.863309352518],[17.154612503157,45.863309352518],[17.14038,45.870275],[17.105602,45.893478],[17.09165,45.900868],[17.086069,45.904537],[17.080177,45.909653],[17.06669,45.924381],[17.058577,45.930892],[17.050515,45.934768],[17.037183,45.935956],[17.029586,45.935594],[17.02292,45.934044],[17.010309278351,45.927481987849],[17.010309278351,45.863309352518]]],"type":"Polygon"},"id":748,"properties":{"parentKey":"HRV:1159312549","sourceCountryId":"HRV","syntheticOperational":true,"territoryId":"territory:catalog:50f17aecbec3f7fdbb692c21b152c7aaef21ef648f7dde8f71df01fe0af948f0"},"type":"Feature"},{"geometry":{"coordinates":[[[14.962216624685,44.464696124432],[14.968450304675,44.461001774968],[14.969412300146,44.460431654676],[15.027629315239,44.460431654676],[14.965994,44.523871],[14.962216624685,44.525358990163],[14.962216624685,44.464696124432]]],"type":"Polygon"},"id":749,"properties":{"parentKey":"HRV:1159312507","sourceCountryId":"HRV","syntheticOperational":true,"territoryId":"territory:catalog:0960b5ec5b78ba231104971088e302d1d370eecc116dd3dd0d922cb7845b0354"},"type":"Feature"},{"geometry":{"coordinates":[[[16.082474226804,45.755395683453],[16.167664670659,45.755395683453],[16.237113402062,45.755395683453],[16.237113402062,45.863309352518],[16.219122013359,45.863309352518],[16.224674,45.855289],[16.226845,45.849605],[16.224519,45.846969],[16.209016,45.835032],[16.207466,45.832603],[16.206536,45.830123],[16.204675,45.820769],[16.20235,45.813948],[16.20173,45.812708],[16.195064,45.802321],[16.191963,45.794001],[16.189793,45.791159],[16.187157,45.790229],[16.169794,45.795241],[16.141527,45.807695],[16.138116,45.808315],[16.089318,45.773161],[16.082474226804,45.770024268295],[16.082474226804,45.755395683453]]],"type":"Polygon"},"id":750,"properties":{"parentKey":"HRV:1159312531","sourceCountryId":"HRV","syntheticOperational":true,"territoryId":"territory:catalog:c3241df609dfcbb0d0d56129943282940854ff348ce94a74648c227bda4f00e5"},"type":"Feature"},{"geometry":{"coordinates":[[[16.701030927835,45.755395683453],[16.783575705731,45.755395683453],[16.855670103093,45.755395683453],[16.855670103093,45.863309352518],[16.701030927835,45.863309352518],[16.701030927835,45.755395683453]]],"type":"Polygon"},"id":751,"properties":{"parentKey":"HRV:1159312549","sourceCountryId":"HRV","syntheticOperational":true,"territoryId":"territory:catalog:aab9cd0e2e2c84b10691aeebfed45ec0974c2487cab1d7ca4fcc73618d7eefb0"},"type":"Feature"},{"geometry":{"coordinates":[[[18.711340206186,45.863309352518],[18.865979381443,45.863309352518],[18.865979381443,45.918285992371],[18.865442,45.918077],[18.845392,45.913943],[18.828339,45.905726],[18.822451,45.905582],[18.817797,45.905468],[18.804878,45.913633],[18.794852,45.903039],[18.790408,45.893892],[18.785964,45.886916],[18.775525,45.882834],[18.76333,45.88397],[18.723849,45.89844],[18.711340206186,45.901456148987],[18.711340206186,45.863309352518]]],"type":"Polygon"},"id":752,"properties":{"parentKey":"HRV:1159312539","sourceCountryId":"HRV","syntheticOperational":true,"territoryId":"territory:catalog:ea48d080d62a5f4b932bd515be524b5d4d18d6ff50a7e431db4ab5564f5710a5"},"type":"Feature"},{"geometry":{"coordinates":[[[16.884176182708,42.73381294964],[16.909541842765,42.73381294964],[16.924653,42.7414],[16.936371,42.75552],[16.93393,42.770941],[16.921072,42.777167],[16.884176182708,42.78117640765],[16.884176182708,42.73381294964]]],"type":"Polygon"},"id":753,"properties":{"parentKey":"HRV:1159312431","sourceCountryId":"HRV","syntheticOperational":true,"territoryId":"territory:catalog:918532d3efc53f4ef7a16fc34550db2543020c1e3af0d2e7be667677751d8b69"},"type":"Feature"},{"geometry":{"coordinates":[[[17.009038619556,43.302385382807],[17.028168,43.284247],[17.0324,43.282375],[17.045095,43.279771],[17.04949,43.278022],[17.051117,43.274237],[17.051336315492,43.273381294964],[17.156943303205,43.273381294964],[17.156943303205,43.381294964029],[17.065127782358,43.381294964029],[17.009038619556,43.381294964029],[17.009038619556,43.302385382807]]],"type":"Polygon"},"id":754,"properties":{"parentKey":"HRV:1159312433","sourceCountryId":"HRV","syntheticOperational":true,"territoryId":"territory:catalog:b724db1f5ade8629b7089c8b742bdd38846d9cc3eb4e083cbbaa4294dc08f375"},"type":"Feature"},{"geometry":{"coordinates":[[[15.09669,44.340033],[15.111176,44.324612],[15.128754,44.311998],[15.149262,44.303168],[15.172374,44.29914],[15.172374,44.305325],[15.13087,44.326361],[15.13087,44.332587],[15.154552,44.331],[15.198904,44.317043],[15.213389121339,44.31411282185],[15.213389121339,44.31588756443],[15.210948,44.317328],[15.208263,44.320746],[15.206554,44.326361],[15.213389121339,44.326361],[15.213389121339,44.339929746088],[15.20045,44.349514],[15.19412009601,44.352517985612],[15.110362,44.352517985612],[15.110362,44.346259],[15.09669,44.346259],[15.09669,44.340033]]],"type":"Polygon"},"id":755,"properties":{"parentKey":"HRV:1159312507","sourceCountryId":"HRV","syntheticOperational":true,"territoryId":"territory:catalog:120fb48779b129c6f5879326a803b54f027c4cb31d040fb25d7494cd6d578c09"},"type":"Feature"},{"geometry":{"coordinates":[[[15.6,44.136690647482],[15.75,44.136690647482],[15.75,44.244604316547],[15.665271966527,44.244604316547],[15.6,44.244604316547],[15.6,44.136690647482]]],"type":"Polygon"},"id":756,"properties":{"parentKey":"HRV:1159312443","sourceCountryId":"HRV","syntheticOperational":true,"territoryId":"territory:catalog:5a46ca48e112d35b71d038364c4b9b17fa325c273f525b93a92a052d504cfb05"},"type":"Feature"},{"geometry":{"coordinates":[[[15.659436,45.888828],[15.663674,45.876064],[15.671149637083,45.863309352518],[15.7708,45.863309352518],[15.7708,45.864384],[15.77142,45.867537],[15.773195876289,45.86857240288],[15.773195876289,45.969544447827],[15.763669,45.968306],[15.710413595641,45.971223021583],[15.675452153134,45.971223021583],[15.67711,45.941796],[15.67556,45.925157],[15.670392,45.912651],[15.663364,45.900817],[15.659436,45.888828]]],"type":"Polygon"},"id":757,"properties":{"parentKey":"HRV:1159312531","sourceCountryId":"HRV","syntheticOperational":true,"territoryId":"territory:catalog:bfd8e4e06f7af7598d7d9de5824fc14b2bff59e4092af42bfc9e7d220d337f86"},"type":"Feature"},{"geometry":{"coordinates":[[[19.028132992327,45.323741007194],[19.097731908261,45.323741007194],[19.096229,45.329121],[19.082956,45.339224],[19.067199,45.343425],[19.052943,45.345395],[19.03024,45.345137],[19.028132992327,45.346222872968],[19.028132992327,45.323741007194]]],"type":"Polygon"},"id":758,"properties":{"parentKey":"HRV:1159312543","sourceCountryId":"HRV","syntheticOperational":true,"territoryId":"territory:catalog:737d6bc8c91cc6627f7670ee5579b52bc863b56c2fb3b74f0bd32995627a1249"},"type":"Feature"},{"geometry":{"coordinates":[[[16.502928054301,45.971223021583],[16.525745662404,45.971223021583],[16.51985,45.975489],[16.514114,45.977659],[16.510238,45.977607],[16.507551,45.975954],[16.50476,45.973525],[16.502928054301,45.971223021583]]],"type":"Polygon"},"id":759,"properties":{"parentKey":"HRV:1159312531","sourceCountryId":"HRV","syntheticOperational":true,"territoryId":"territory:catalog:b6cda40193f08c419767c2b686663d1be02a6815a733cb8c04382fe593c3da54"},"type":"Feature"},{"geometry":{"coordinates":[[[15.164279696714,44.78417266187],[15.315922493682,44.78417266187],[15.315922493682,44.892086330935],[15.228426395939,44.892086330935],[15.164279696714,44.892086330935],[15.164279696714,44.78417266187]]],"type":"Polygon"},"id":760,"properties":{"parentKey":"HRV:1159312507","sourceCountryId":"HRV","syntheticOperational":true,"territoryId":"territory:catalog:fda274e44fad1a3e9ca146495dba28d9a3c5ff67a9af5c93e5f9fdbc1f62eefd"},"type":"Feature"},{"geometry":{"coordinates":[[[16.326082930074,43.705035971223],[16.390728476821,43.705035971223],[16.390728476821,43.795024950862],[16.356914,43.778258],[16.350403,43.773194],[16.348543,43.765081],[16.349318,43.760378],[16.350248,43.757174],[16.349628,43.754694],[16.339396,43.739863],[16.340946,43.734282],[16.343116,43.730664],[16.348387,43.726634],[16.352573,43.722138],[16.350558,43.715937],[16.34167,43.709994],[16.326082930074,43.705035971223]]],"type":"Polygon"},"id":761,"properties":{"parentKey":"HRV:1159312433","sourceCountryId":"HRV","syntheticOperational":true,"territoryId":"territory:catalog:7b50c0117034274076dea0c197f0c1f16936098cbf826aae00aaf0e103790b2d"},"type":"Feature"},{"geometry":{"coordinates":[[[18.439024390244,42.525784268446],[18.442006,42.543012],[18.439024390244,42.553397310266],[18.439024390244,42.525784268446]]],"type":"Polygon"},"id":762,"properties":{"parentKey":"HRV:1159312431","sourceCountryId":"HRV","syntheticOperational":true,"territoryId":"territory:catalog:28819293dc25d4338d59bdf6e26d5334378451ae651081bcc7e63587a2731f44"},"type":"Feature"},{"geometry":{"coordinates":[[[17.906234,45.792141],[17.906432,45.791417],[17.91377,45.772659],[17.923227,45.75607],[17.923745180238,45.755395683453],[17.938144329897,45.755395683453],[17.938144329897,45.792141],[17.906234,45.792141]]],"type":"Polygon"},"id":763,"properties":{"parentKey":"HRV:1159312539","sourceCountryId":"HRV","syntheticOperational":true,"territoryId":"territory:catalog:50a7297c5f29572338fda9e045338d92e77acc0e2ea980172caa92ed32f4e737"},"type":"Feature"},{"geometry":{"coordinates":[[[17.562942868215,42.94964028777],[17.580089,42.942328],[17.580658,42.942084],[17.618270799347,42.94789438546],[17.618270799347,42.94964028777],[17.562942868215,42.94964028777]]],"type":"Polygon"},"id":764,"properties":{"parentKey":"HRV:1159312431","sourceCountryId":"HRV","syntheticOperational":true,"territoryId":"territory:catalog:b4ee6a307769c45626b177597648c65fa0062f5d22538eefce7d72dcd21b4c2e"},"type":"Feature"},{"geometry":{"coordinates":[[[17.70744225834,45.647482014388],[17.861420017109,45.647482014388],[17.861420017109,45.755395683453],[17.783505154639,45.755395683453],[17.70744225834,45.755395683453],[17.70744225834,45.647482014388]]],"type":"Polygon"},"id":765,"properties":{"parentKey":"HRV:1159312547","sourceCountryId":"HRV","syntheticOperational":true,"territoryId":"territory:catalog:0cdd8b20ffb9b0873a400884e26d2ba127deac9bfd69ae86ed7cdde42f6d7992"},"type":"Feature"},{"geometry":{"coordinates":[[[17.113752122241,45.187494794288],[17.124464,45.169336],[17.124628,45.169058],[17.187095,45.148563],[17.197844,45.152956],[17.24549,45.155384],[17.249727,45.15988],[17.266553480475,45.185843581478],[17.266553480475,45.215827338129],[17.113752122241,45.215827338129],[17.113752122241,45.187494794288]]],"type":"Polygon"},"id":766,"properties":{"parentKey":"HRV:1159312537","sourceCountryId":"HRV","syntheticOperational":true,"territoryId":"territory:catalog:e378315350a99dc5d841ede9bf4c71e75aee0f804200131bf6889ef3e7f79cc6"},"type":"Feature"},{"geometry":{"coordinates":[[[16.323165704864,43.547701505165],[16.324962,43.548529],[16.336762,43.551174],[16.433849,43.54975],[16.456798,43.545885],[16.471558120363,43.539010399033],[16.471558120363,43.597122302158],[16.390728476821,43.597122302158],[16.323165704864,43.597122302158],[16.323165704864,43.547701505165]]],"type":"Polygon"},"id":767,"properties":{"parentKey":"HRV:1159312433","sourceCountryId":"HRV","syntheticOperational":true,"territoryId":"territory:catalog:a1b6c64d6b4f5223a70ed17f98c61097941c7a3867fdcfb24ccac081881901d6"},"type":"Feature"},{"geometry":{"coordinates":[[[16.691622,45.913839],[16.691777,45.904123],[16.695963,45.872652],[16.695653,45.8664],[16.695163134927,45.863309352518],[16.701030927835,45.863309352518],[16.701030927835,45.971223021583],[16.694775514267,45.971223021583],[16.693483,45.96598],[16.692553,45.924226],[16.691622,45.913839]]],"type":"Polygon"},"id":768,"properties":{"parentKey":"HRV:1159312549","sourceCountryId":"HRV","syntheticOperational":true,"territoryId":"territory:catalog:dacea1e6a10d7c194be031ddcd08f2431ee06585c8f2f0cb8c3359f9204f4196"},"type":"Feature"},{"geometry":{"coordinates":[[[18.173861006789,42.625899280576],[18.21754,42.620103],[18.223481,42.614691],[18.223155,42.602118],[18.220876,42.588324],[18.220551,42.579169],[18.238943,42.559068],[18.292682926829,42.533260355171],[18.292682926829,42.605965543597],[18.257107,42.614893],[18.229571253733,42.625899280576],[18.173861006789,42.625899280576]]],"type":"Polygon"},"id":769,"properties":{"parentKey":"HRV:1159312431","sourceCountryId":"HRV","syntheticOperational":true,"territoryId":"territory:catalog:e07f18f9f40a174173d97509e9dcc028f1b38683221d5f8bfcc2f3c7b091de3e"},"type":"Feature"},{"geometry":{"coordinates":[[[17.504233458428,45.323741007194],[17.532346,45.299458],[17.550795,45.288812],[17.572156196944,45.279094701948],[17.572156196944,45.323741007194],[17.504233458428,45.323741007194]]],"type":"Polygon"},"id":770,"properties":{"parentKey":"HRV:1159312541","sourceCountryId":"HRV","syntheticOperational":true,"territoryId":"territory:catalog:455c0dd00068359fce658fe2227bf16124af5d4a687ba248f68258c9966c3ef9"},"type":"Feature"},{"geometry":{"coordinates":[[[16.758620689655,46.053129602827],[16.776165,46.058378],[16.784071,46.058688],[16.790118,46.055794],[16.79358,46.050626],[16.800866,46.046079],[16.805207,46.046389],[16.808618,46.048456],[16.811408,46.050678],[16.820865,46.056259],[16.824896,46.059566],[16.826911,46.062253],[16.830632,46.072744],[16.834663,46.078376],[16.836005174582,46.079136690647],[16.758620689655,46.079136690647],[16.758620689655,46.053129602827]]],"type":"Polygon"},"id":771,"properties":{"parentKey":"HRV:1159312551","sourceCountryId":"HRV","syntheticOperational":true,"territoryId":"territory:catalog:ad6b0089171d632603dd842bf64e11a419fb70dcea2538d38e90b8a3a97a6aac"},"type":"Feature"},{"geometry":{"coordinates":[[[15.634732357314,45.215827338129],[15.636441,45.212744],[15.639387,45.210677],[15.704861,45.200859],[15.707341,45.201117],[15.710132,45.201996],[15.715713,45.205923],[15.718814,45.20737],[15.722276,45.2083],[15.736539,45.208559],[15.738539898132,45.208233492028],[15.738539898132,45.215827338129],[15.634732357314,45.215827338129]]],"type":"Polygon"},"id":772,"properties":{"parentKey":"HRV:1159312529","sourceCountryId":"HRV","syntheticOperational":true,"territoryId":"territory:catalog:149482452fee4963477760270f731e965128bb7278f17e0b592eee8b2c37ede8"},"type":"Feature"},{"geometry":{"coordinates":[[[16.961045698233,45.539568345324],[16.962407,45.534999],[16.961787,45.530555],[16.962252,45.52518],[16.965197,45.52239],[16.969073,45.520374],[17.016357,45.50451],[17.025866,45.503166],[17.031912,45.503321],[17.033248081841,45.50381716751],[17.033248081841,45.539568345324],[16.961045698233,45.539568345324]]],"type":"Polygon"},"id":773,"properties":{"parentKey":"HRV:1159312549","sourceCountryId":"HRV","syntheticOperational":true,"territoryId":"territory:catalog:049619ea2d7fa2dc95b13937d1c1800f952e7fc41bdf3f08375566250bb4fbf7"},"type":"Feature"},{"geometry":{"coordinates":[[[16.196943972835,45.215827338129],[16.34974533107,45.215827338129],[16.34974533107,45.323741007194],[16.265984654731,45.323741007194],[16.196943972835,45.323741007194],[16.196943972835,45.215827338129]]],"type":"Polygon"},"id":774,"properties":{"parentKey":"HRV:1159312529","sourceCountryId":"HRV","syntheticOperational":true,"territoryId":"territory:catalog:a365f7853889b489c7b4256fe36aedf6724d509ba94783b1ac7e24fac227a83d"},"type":"Feature"},{"geometry":{"coordinates":[[[17.304847986853,43.273381294964],[17.316970090588,43.273381294964],[17.304847986853,43.286852662219],[17.304847986853,43.273381294964]]],"type":"Polygon"},"id":775,"properties":{"parentKey":"HRV:1159312433","sourceCountryId":"HRV","syntheticOperational":true,"territoryId":"territory:catalog:7269fcd43881bbba4218f413b52698905df919761cfd53244415d4367fc812ce"},"type":"Feature"},{"geometry":{"coordinates":[[[14.516129032258,45.107913669065],[14.619289340102,45.107913669065],[14.659076107676,45.107913669065],[14.658946,45.108344],[14.668930390492,45.137651186502],[14.668930390492,45.149925864059],[14.665294,45.161811],[14.643728,45.156806],[14.612559,45.159247],[14.597423,45.166449],[14.62379,45.175482],[14.610688,45.198065],[14.596414916272,45.215827338129],[14.548916762961,45.215827338129],[14.548025,45.210273],[14.536876,45.201728],[14.535899,45.194159],[14.539399,45.186835],[14.541759,45.1789],[14.539561,45.170396],[14.53419,45.162177],[14.521251,45.14883],[14.530121,45.134833],[14.516129032258,45.129815586135],[14.516129032258,45.107913669065]]],"type":"Polygon"},"id":776,"properties":{"parentKey":"HRV:1159312505","sourceCountryId":"HRV","syntheticOperational":true,"territoryId":"territory:catalog:23cf5033c8ceede92402f2203c12f8657d933f8051c3ef570ecd6cb50eb1b4a9"},"type":"Feature"},{"geometry":{"coordinates":[[[18.477331052181,45.539568345324],[18.567774936061,45.539568345324],[18.63130881095,45.539568345324],[18.63130881095,45.647482014388],[18.477331052181,45.647482014388],[18.477331052181,45.539568345324]]],"type":"Polygon"},"id":777,"properties":{"parentKey":"HRV:1159312539","sourceCountryId":"HRV","syntheticOperational":true,"territoryId":"territory:catalog:299936c72d34f095b80b91a8ac40f32171444d90b4a89542884a52648bcf9c6b"},"type":"Feature"},{"geometry":{"coordinates":[[[16.808149405772,45.215827338129],[16.83018375858,45.215827338129],[16.830734,45.216983],[16.84076,45.224011],[16.851922,45.227421],[16.86174,45.232227],[16.867321,45.243389],[16.875383,45.246955],[16.885822,45.255223],[16.893986,45.263543],[16.896984,45.268142],[16.924372,45.284524],[16.93264,45.278788],[16.940702,45.257755],[16.942149,45.249849],[16.941529,45.241219],[16.947317,45.23569],[16.960950764007,45.23674666618],[16.960950764007,45.323741007194],[16.879795396419,45.323741007194],[16.808149405772,45.323741007194],[16.808149405772,45.215827338129]]],"type":"Polygon"},"id":778,"properties":{"parentKey":"HRV:1159312529","sourceCountryId":"HRV","syntheticOperational":true,"territoryId":"territory:catalog:bd710678ad33a84467595c0f1a2c5be0790c58cd2a3634c3373f512e0075a633"},"type":"Feature"},{"geometry":{"coordinates":[[[19.035532994924,45],[19.088684506811,45],[19.093232,45.011517],[19.095402,45.020922],[19.094266,45.031413],[19.085997,45.06092],[19.082277,45.084949],[19.079176,45.094613],[19.071528,45.107067],[19.070560396788,45.107913669065],[19.035532994924,45.107913669065],[19.035532994924,45]]],"type":"Polygon"},"id":779,"properties":{"parentKey":"HRV:1159312543","sourceCountryId":"HRV","syntheticOperational":true,"territoryId":"territory:catalog:8b4e1fcfd28e42c24807a2046094b28b5e29855f371d42ea1a326247f48b1b01"},"type":"Feature"},{"geometry":{"coordinates":[[[16.092715231788,43.61921046229],[16.160595,43.682915],[16.169277,43.68798],[16.173824,43.687411],[16.228705,43.67072],[16.238678,43.67165],[16.241721854305,43.673561140561],[16.241721854305,43.705035971223],[16.092715231788,43.705035971223],[16.092715231788,43.61921046229]]],"type":"Polygon"},"id":780,"properties":{"parentKey":"HRV:1159312439","sourceCountryId":"HRV","syntheticOperational":true,"territoryId":"territory:catalog:32b0079c618783cf71100b47edbbfaedb9804f3e6423660000ca67dc3ebaf0f3"},"type":"Feature"},{"geometry":{"coordinates":[[[16.572890025575,45.431654676259],[16.726342710997,45.431654676259],[16.726342710997,45.539568345324],[16.629597946963,45.539568345324],[16.572890025575,45.539568345324],[16.572890025575,45.431654676259]]],"type":"Polygon"},"id":781,"properties":{"parentKey":"HRV:1159312529","sourceCountryId":"HRV","syntheticOperational":true,"territoryId":"territory:catalog:773d744a896d00b92246a32b781ef6575ae2ae0354c29ad5486de1fd13b4e1d7"},"type":"Feature"},{"geometry":{"coordinates":[[[16.675324675325,46.313152205989],[16.720458,46.311385],[16.745159,46.305701],[16.778956,46.302394],[16.791358,46.297743],[16.794385810356,46.294964028777],[16.821667098812,46.294964028777],[16.831168831169,46.309946858039],[16.831168831169,46.379355194363],[16.830218,46.377351],[16.827531,46.374018],[16.820916,46.3781],[16.816575,46.381976],[16.812338,46.385025],[16.807894,46.387351],[16.803449,46.388694],[16.776474,46.39288],[16.769343,46.39611],[16.761901,46.381873],[16.75508,46.381873],[16.742885,46.399624],[16.735281900122,46.402877697842],[16.733275412685,46.402877697842],[16.675324675325,46.402877697842],[16.675324675325,46.313152205989]]],"type":"Polygon"},"id":782,"properties":{"parentKey":"HRV:1159312553","sourceCountryId":"HRV","syntheticOperational":true,"territoryId":"territory:catalog:6393fec0892dcd26c6c157d51b66d45046789e367ce7089c6ec035f54ad7068a"},"type":"Feature"},{"geometry":{"coordinates":[[[15.805626598465,45.396638538238],[15.814105,45.398676],[15.820926,45.402139],[15.824337,45.407203],[15.824492,45.41666],[15.83462,45.431077],[15.834903193977,45.431654676259],[15.805626598465,45.431654676259],[15.805626598465,45.396638538238]]],"type":"Polygon"},"id":783,"properties":{"parentKey":"HRV:1159312525","sourceCountryId":"HRV","syntheticOperational":true,"territoryId":"territory:catalog:41b9fc9c3d8b7f83a20063ccae5352ce0b618fe0d1b1cf2e217c81c452fc0329"},"type":"Feature"},{"geometry":{"coordinates":[[[17.186700767263,45.323741007194],[17.188289589078,45.323741007194],[17.190042,45.327001],[17.189576,45.330825],[17.186700767263,45.336700147051],[17.186700767263,45.323741007194]]],"type":"Polygon"},"id":784,"properties":{"parentKey":"HRV:1159312529","sourceCountryId":"HRV","syntheticOperational":true,"territoryId":"territory:catalog:60b7308cbd6420450ab8bf262361ca89cb5cd441e5131e562f4162dacc019368"},"type":"Feature"},{"geometry":{"coordinates":[[[15.520818018194,44.352517985612],[15.545956,44.330473],[15.553707,44.347061],[15.558358,44.349386],[15.566316,44.351918],[15.573088533837,44.352517985612],[15.520818018194,44.352517985612]]],"type":"Polygon"},"id":785,"properties":{"parentKey":"HRV:1159312507","sourceCountryId":"HRV","syntheticOperational":true,"territoryId":"territory:catalog:166ae2fd686859e2289661368597b0f4f4c7d55fb68c35ee550bd8ffd5285d57"},"type":"Feature"},{"geometry":{"coordinates":[[[17.033248081841,45.420279271147],[17.035167,45.420587],[17.04881,45.424825],[17.053306,45.425755],[17.057491,45.425186],[17.060902,45.422757],[17.062607,45.417021],[17.061522,45.411595],[17.059507,45.407823],[17.054701,45.4025],[17.05005,45.395834],[17.049275,45.392062],[17.049275,45.387979],[17.051445,45.384724],[17.061987,45.378161],[17.143791,45.341936],[17.181205,45.34793],[17.186700767263,45.351152185518],[17.186700767263,45.431654676259],[17.033248081841,45.431654676259],[17.033248081841,45.420279271147]]],"type":"Polygon"},"id":786,"properties":{"parentKey":"HRV:1159312541","sourceCountryId":"HRV","syntheticOperational":true,"territoryId":"territory:catalog:c8cf24a89774a7141cc535e6f2a05970c6052e103b73e9ab241e0dd484a9799d"},"type":"Feature"},{"geometry":{"coordinates":[[[17.542997542998,42.953250730838],[17.549653,42.955308],[17.562942868215,42.94964028777],[17.618270799347,42.94964028777],[17.629572678326,42.94964028777],[17.63451,42.950403],[17.662725,42.965699],[17.659314,42.993398],[17.659211,42.993449],[17.659108,42.99363],[17.659004,42.993656],[17.628412,43.046573],[17.615739002378,43.057553956835],[17.542997542998,43.057553956835],[17.542997542998,42.953250730838]]],"type":"Polygon"},"id":787,"properties":{"parentKey":"HRV:1159312431","sourceCountryId":"HRV","syntheticOperational":true,"territoryId":"territory:catalog:4af5d02e628d926f2a98d1333bfca1342e9d4d3239dfe693355ef49a3f2041a6"},"type":"Feature"},{"geometry":{"coordinates":[[[15.514644351464,44.244604316547],[15.6,44.244604316547],[15.665271966527,44.244604316547],[15.665271966527,44.352517985612],[15.573088533837,44.352517985612],[15.566316,44.351918],[15.558358,44.349386],[15.553707,44.347061],[15.545956,44.330473],[15.520818018194,44.352517985612],[15.514644351464,44.352517985612],[15.514644351464,44.278528622587],[15.514822,44.27851],[15.528656,44.271796],[15.525238,44.260688],[15.514644351464,44.259971055615],[15.514644351464,44.244604316547]]],"type":"Polygon"},"id":788,"properties":{"parentKey":"HRV:1159312443","sourceCountryId":"HRV","syntheticOperational":true,"territoryId":"territory:catalog:94a38c1acb89df6edfccc158371af15c80f01a3d20453d337efe6b6004ef0962"},"type":"Feature"},{"geometry":{"coordinates":[[[16.167664670659,45.647482014388],[16.296399947283,45.647482014388],[16.29206,45.671735],[16.296246,45.684602],[16.28958,45.711319],[16.29113,45.720827],[16.293921,45.727855],[16.309889,45.744598],[16.315005,45.747802],[16.319965,45.748267],[16.321642429427,45.747560480968],[16.321642429427,45.755395683453],[16.237113402062,45.755395683453],[16.167664670659,45.755395683453],[16.167664670659,45.647482014388]]],"type":"Polygon"},"id":789,"properties":{"parentKey":"HRV:1159312531","sourceCountryId":"HRV","syntheticOperational":true,"territoryId":"territory:catalog:692bb4d73edb6f7f34ad29821a15f856d360858031a9105d8ddb749a0f515df6"},"type":"Feature"},{"geometry":{"coordinates":[[[14.424552429668,45.330633328247],[14.43738914623,45.326021225534],[14.443735604311,45.323741007194],[14.516129032258,45.323741007194],[14.57800511509,45.323741007194],[14.57800511509,45.431654676259],[14.424552429668,45.431654676259],[14.424552429668,45.330633328247]]],"type":"Polygon"},"id":790,"properties":{"parentKey":"HRV:1159312505","sourceCountryId":"HRV","syntheticOperational":true,"territoryId":"territory:catalog:7825b712c5e01eb11ee73dec8766db90e0aa161af71d6bc82599be309dba4b41"},"type":"Feature"},{"geometry":{"coordinates":[[[18,42.702899937301],[18.003266,42.70067],[18.028331,42.691311],[18.043224,42.702053],[18.047862,42.690619],[18.055919,42.68301],[18.077322,42.667914],[18.057384,42.667914],[18.063975,42.65762],[18.07602,42.651313],[18.091645,42.648261],[18.108653,42.647406],[18.124848,42.644599],[18.146341463415,42.63538110297],[18.146341463415,42.666658562894],[18.049368,42.714758],[18.009264538843,42.73381294964],[18,42.73381294964],[18,42.702899937301]]],"type":"Polygon"},"id":791,"properties":{"parentKey":"HRV:1159312431","sourceCountryId":"HRV","syntheticOperational":true,"territoryId":"territory:catalog:bc0b01ce970473663797e35b96e8e73b5003683a59fb3b479729f778014262e9"},"type":"Feature"},{"geometry":{"coordinates":[[[17.113752122241,45.249706918365],[17.114749,45.250417],[17.119865,45.253052],[17.13542,45.263284],[17.147202,45.277702],[17.150767,45.281112],[17.153713,45.282404],[17.165495,45.285918],[17.171386,45.286745],[17.180068,45.287055],[17.192367,45.288605],[17.198878,45.292223],[17.200584,45.2946],[17.199653,45.297649],[17.196553,45.300181],[17.182548,45.309173],[17.178053,45.314134],[17.179345,45.317544],[17.182755,45.320438],[17.188181,45.323539],[17.188289589078,45.323741007194],[17.186700767263,45.323741007194],[17.113752122241,45.323741007194],[17.113752122241,45.249706918365]]],"type":"Polygon"},"id":792,"properties":{"parentKey":"HRV:1159312529","sourceCountryId":"HRV","syntheticOperational":true,"territoryId":"territory:catalog:c028a2fb5429497d47d1d89375164a7195ded8932bde5223967e455020dc7cc0"},"type":"Feature"},{"geometry":{"coordinates":[[[16.146179401993,43.920863309353],[16.190337094062,43.920863309353],[16.170104,43.92688],[16.159665,43.935716],[16.154084,43.944501],[16.153309,43.952356],[16.153774,43.972303],[16.155169,43.982225],[16.155479,43.986669],[16.154084,43.999899],[16.153309,44.002276],[16.151139,44.006668],[16.150518,44.007237],[16.149898,44.008322],[16.149123,44.009924],[16.148503,44.012714],[16.148503,44.015505],[16.149433,44.017934],[16.149743,44.021964],[16.148658,44.026409],[16.146584311208,44.028776978417],[16.146179401993,44.028776978417],[16.146179401993,43.920863309353]]],"type":"Polygon"},"id":793,"properties":{"parentKey":"HRV:1159312439","sourceCountryId":"HRV","syntheticOperational":true,"territoryId":"territory:catalog:dc50ffe5a406f00ce6f79715c5c9b257f0e7f8d771cdd1870b21c1ee998cba71"},"type":"Feature"},{"geometry":{"coordinates":[[[14.974533106961,45.160960016792],[14.976172,45.161998],[14.979427,45.164892],[14.981287,45.16944],[14.982259916611,45.215827338129],[14.974533106961,45.215827338129],[14.974533106961,45.160960016792]]],"type":"Polygon"},"id":794,"properties":{"parentKey":"HRV:1159312505","sourceCountryId":"HRV","syntheticOperational":true,"territoryId":"territory:catalog:878e97bdf215bbc6c05ae05ab8aafc691336f6f5fdad3ac7962252519129ccca"},"type":"Feature"},{"geometry":{"coordinates":[[[16.136256,45.970373],[16.163231,45.933372],[16.176615,45.906242],[16.182196,45.898956],[16.218628,45.864023],[16.219122013359,45.863309352518],[16.237113402062,45.863309352518],[16.237113402062,45.971223021583],[16.139435302892,45.971223021583],[16.136256,45.970373]]],"type":"Polygon"},"id":795,"properties":{"parentKey":"HRV:1159312531","sourceCountryId":"HRV","syntheticOperational":true,"territoryId":"territory:catalog:097dc5a90dd19ccbd8bb4c002366116dc1e8b74410cdfea3638fd8176d395468"},"type":"Feature"},{"geometry":{"coordinates":[[[17.493606138107,45.33264496357],[17.495553,45.331239],[17.504233458428,45.323741007194],[17.572156196944,45.323741007194],[17.647058823529,45.323741007194],[17.647058823529,45.431654676259],[17.493606138107,45.431654676259],[17.493606138107,45.33264496357]]],"type":"Polygon"},"id":796,"properties":{"parentKey":"HRV:1159312541","sourceCountryId":"HRV","syntheticOperational":true,"territoryId":"territory:catalog:31172682ab3ca5250c9cfd3026b270d692a73ade62f401b0de44558c754341dd"},"type":"Feature"},{"geometry":{"coordinates":[[[16.405772,43.332709],[16.417419884963,43.321767332215],[16.417419884963,43.326501090697],[16.413829,43.328843],[16.405772,43.332709]]],"type":"Polygon"},"id":797,"properties":{"parentKey":"HRV:1159312433","sourceCountryId":"HRV","syntheticOperational":true,"territoryId":"territory:catalog:ded8e8b8bd6ed034ea09442edf90d4f289a128b581e93291a87aeee83edd4042"},"type":"Feature"},{"geometry":{"coordinates":[[[15.397775876818,45.647482014388],[15.51268280487,45.647482014388],[15.507664,45.649824],[15.473816,45.661813],[15.463274,45.668117],[15.448236,45.679021],[15.440639,45.688271],[15.435782,45.691785],[15.430511,45.69411],[15.420899,45.695299],[15.397775876818,45.692345533827],[15.397775876818,45.647482014388]]],"type":"Polygon"},"id":798,"properties":{"parentKey":"HRV:1159312525","sourceCountryId":"HRV","syntheticOperational":true,"territoryId":"territory:catalog:d423e330fbe472003642479603808b28a13ed3c3930ff14ee2b13e714551aa1e"},"type":"Feature"},{"geometry":{"coordinates":[[[18.794567062818,45.107913669065],[18.883248730964,45.107913669065],[18.947368421053,45.107913669065],[18.947368421053,45.215827338129],[18.794567062818,45.215827338129],[18.794567062818,45.107913669065]]],"type":"Polygon"},"id":799,"properties":{"parentKey":"HRV:1159312543","sourceCountryId":"HRV","syntheticOperational":true,"territoryId":"territory:catalog:367b4c9e08f87612933d3568cd84f525bb67b23c1b8dc2ebaab92754f219a1bf"},"type":"Feature"},{"geometry":{"coordinates":[[[17.113752122241,45.172626167602],[17.124628,45.169058],[17.124464,45.169336],[17.113752122241,45.187494794288],[17.113752122241,45.172626167602]]],"type":"Polygon"},"id":800,"properties":{"parentKey":"HRV:1159312529","sourceCountryId":"HRV","syntheticOperational":true,"territoryId":"territory:catalog:fe5c5dc09d591e68a0f6a5472967f0a75cd6a55d03a7e76fce5f1ebb3b094743"},"type":"Feature"},{"geometry":{"coordinates":[[[16.502546689304,45.215827338129],[16.515652867337,45.215827338129],[16.528944,45.222254],[16.587028,45.220858],[16.610888678799,45.215827338129],[16.655348047538,45.215827338129],[16.655348047538,45.323741007194],[16.572890025575,45.323741007194],[16.502546689304,45.323741007194],[16.502546689304,45.215827338129]]],"type":"Polygon"},"id":801,"properties":{"parentKey":"HRV:1159312529","sourceCountryId":"HRV","syntheticOperational":true,"territoryId":"territory:catalog:84cd0a14f2867540350ff70ce018e5789b4df394ba4aaf250c1834a0083518b0"},"type":"Feature"},{"geometry":{"coordinates":[[[15.81589958159,44.244604316547],[15.9,44.244604316547],[15.966527196653,44.244604316547],[15.966527196653,44.352517985612],[15.81589958159,44.352517985612],[15.81589958159,44.244604316547]]],"type":"Polygon"},"id":802,"properties":{"parentKey":"HRV:1159312443","sourceCountryId":"HRV","syntheticOperational":true,"territoryId":"territory:catalog:1cb7b9521923347ded8fa7707a494af90544f3d45c7e12dc0bc3bec1b3a3c30c"},"type":"Feature"},{"geometry":{"coordinates":[[[18.794567062818,45.215827338129],[18.947368421053,45.215827338129],[18.947368421053,45.323741007194],[18.874680306905,45.323741007194],[18.794567062818,45.323741007194],[18.794567062818,45.215827338129]]],"type":"Polygon"},"id":803,"properties":{"parentKey":"HRV:1159312543","sourceCountryId":"HRV","syntheticOperational":true,"territoryId":"territory:catalog:b7751c8c9936250680fa4e46cc803e5374fce12258dfc68ada8dbaac8df0d1a2"},"type":"Feature"},{"geometry":{"coordinates":[[[16.831168831169,46.187050359712],[16.913793103448,46.187050359712],[16.987012987013,46.187050359712],[16.987012987013,46.203668782208],[16.974808,46.210565],[16.9653,46.219454],[16.940702,46.251493],[16.903288,46.281931],[16.896054,46.286271],[16.889232,46.292163],[16.887835638099,46.294964028777],[16.831168831169,46.294964028777],[16.831168831169,46.187050359712]]],"type":"Polygon"},"id":804,"properties":{"parentKey":"HRV:1159312551","sourceCountryId":"HRV","syntheticOperational":true,"territoryId":"territory:catalog:4590b165b7f9c878623f963e425f6cbb18b87f34647f664cbcda51e957f6669a"},"type":"Feature"},{"geometry":{"coordinates":[[[16.76834295136,43.417821077466],[16.880626,43.405951],[16.88852,43.40119],[16.895763,43.394599],[16.906016,43.387274],[16.916735366859,43.382024144575],[16.916735366859,43.489208633094],[16.76834295136,43.489208633094],[16.76834295136,43.417821077466]]],"type":"Polygon"},"id":805,"properties":{"parentKey":"HRV:1159312433","sourceCountryId":"HRV","syntheticOperational":true,"territoryId":"territory:catalog:a754bf0f1ea186ecf0434cc3d37a9933f5ba7169e3f5c5e4882a44e15010ff24"},"type":"Feature"},{"geometry":{"coordinates":[[[17.156943303205,43.191044475435],[17.172374,43.18183],[17.215519210037,43.165467625899],[17.248157248157,43.165467625899],[17.304847986853,43.165467625899],[17.304847986853,43.273381294964],[17.156943303205,43.273381294964],[17.156943303205,43.191044475435]]],"type":"Polygon"},"id":806,"properties":{"parentKey":"HRV:1159312433","sourceCountryId":"HRV","syntheticOperational":true,"territoryId":"territory:catalog:66cd3e005298d07c275069db142dbec71fce6e872eff04a2b461b467d10d6091"},"type":"Feature"},{"geometry":{"coordinates":[[[15.213389121339,44.326361],[15.227061,44.326361],[15.215831,44.338121],[15.213389121339,44.339929746088],[15.213389121339,44.326361]]],"type":"Polygon"},"id":807,"properties":{"parentKey":"HRV:1159312507","sourceCountryId":"HRV","syntheticOperational":true,"territoryId":"territory:catalog:467f0ee1996f5baea5583dbd2b9c43f3cebeb2b70d43a5874676e44c5749ad3f"},"type":"Feature"},{"geometry":{"coordinates":[[[17.345329,43.14486],[17.345949,43.141966],[17.34843,43.139899],[17.353391,43.138711],[17.364915,43.137729],[17.370496,43.135869],[17.375147,43.132096],[17.378867,43.1276],[17.383983,43.11866],[17.386929,43.114888],[17.391735,43.111477],[17.395577395577,43.109489031017],[17.395577395577,43.14950012173],[17.391115,43.1507],[17.370341,43.153077],[17.353081,43.156849],[17.34936,43.156229],[17.347086,43.153749],[17.345329,43.14486]]],"type":"Polygon"},"id":808,"properties":{"parentKey":"HRV:1159312431","sourceCountryId":"HRV","syntheticOperational":true,"territoryId":"territory:catalog:0ffdf35391107be3dea421c4036c922d8bfa464e338bcbcb8532e89de6294427"},"type":"Feature"},{"geometry":{"coordinates":[[[14.92385786802,45.076372719994],[14.92651,45.077559],[14.934262,45.078851],[14.939585,45.077921],[14.944701,45.07389],[14.947646,45.072701],[14.951677,45.071719],[14.96749,45.07327],[14.995395,45.071409],[15.012655,45.07234],[15.018856,45.07389],[15.022577,45.077042],[15.026298,45.085],[15.027383,45.091977],[15.027228,45.097403],[15.01965038507,45.107913669065],[14.974533106961,45.107913669065],[14.92385786802,45.107913669065],[14.92385786802,45.076372719994]]],"type":"Polygon"},"id":809,"properties":{"parentKey":"HRV:1159312505","sourceCountryId":"HRV","syntheticOperational":true,"territoryId":"territory:catalog:3a20ce2342272cce6d6184cca2007af30481e0cfd76f4670e6602c8c66db438b"},"type":"Feature"},{"geometry":{"coordinates":[[[16.794385810356,46.294964028777],[16.79513,46.294281],[16.800556,46.288286],[16.808618,46.280948],[16.811873,46.281878],[16.814974,46.28441],[16.821667098812,46.294964028777],[16.794385810356,46.294964028777]]],"type":"Polygon"},"id":810,"properties":{"parentKey":"HRV:1159312553","sourceCountryId":"HRV","syntheticOperational":true,"territoryId":"territory:catalog:b84845463ac003e50a0acf6c03971dcd162c9b3912efc4673977a03c15b795e4"},"type":"Feature"},{"geometry":{"coordinates":[[[18.721227621483,45.323741007194],[18.794567062818,45.323741007194],[18.874680306905,45.323741007194],[18.874680306905,45.431654676259],[18.803173,45.431654676259],[18.803173,45.428597],[18.801933,45.422757],[18.795732,45.418158],[18.786895,45.413559],[18.721227621483,45.415891112508],[18.721227621483,45.323741007194]]],"type":"Polygon"},"id":811,"properties":{"parentKey":"HRV:1159312543","sourceCountryId":"HRV","syntheticOperational":true,"territoryId":"territory:catalog:74908dba62df075b82507a7273c6a7b5fe4ec9c6ec9a6ca66b3093cbe16f3609"},"type":"Feature"},{"geometry":{"coordinates":[[[16.207792207792,46.294964028777],[16.363636363636,46.294964028777],[16.363636363636,46.319610611045],[16.361255,46.319964],[16.358774,46.320635],[16.355829,46.322754],[16.351643,46.32632],[16.346837,46.334175],[16.344822,46.338981],[16.343737,46.343528],[16.34322,46.346887],[16.342806,46.348902],[16.340946,46.351951],[16.330197,46.361822],[16.324926,46.365542],[16.31826,46.368695],[16.298106,46.370193],[16.281622,46.3781],[16.279936,46.378661],[16.280277,46.376214],[16.275626,46.373165],[16.252785,46.373424],[16.217129,46.367352],[16.208654,46.367093],[16.207792207792,46.367230502075],[16.207792207792,46.294964028777]]],"type":"Polygon"},"id":812,"properties":{"parentKey":"HRV:1159312555","sourceCountryId":"HRV","syntheticOperational":true,"territoryId":"territory:catalog:d2d043afd3756e3743bfd11a5f28358cba15d321cbecb95d4d24ee6a4d67ea08"},"type":"Feature"},{"geometry":{"coordinates":[[[17.030995106036,42.926177301603],[17.107432,42.914293],[17.153087,42.921129],[17.174327,42.922024],[17.177814029364,42.920608349944],[17.177814029364,42.934067538513],[17.164317,42.941474],[17.152829941447,42.94964028777],[17.100737100737,42.94964028777],[17.030995106036,42.94964028777],[17.030995106036,42.926177301603]]],"type":"Polygon"},"id":813,"properties":{"parentKey":"HRV:1159312431","sourceCountryId":"HRV","syntheticOperational":true,"territoryId":"territory:catalog:b2fd65b55be701d65be818a94c337684d1861487d41ed2ddaf78ac44a5d6c38b"},"type":"Feature"},{"geometry":{"coordinates":[[[15.959079283887,45.431654676259],[16.112531969309,45.431654676259],[16.112531969309,45.539568345324],[16.098561988254,45.539568345324],[16.099462,45.538771],[16.101943,45.533293],[16.101788,45.518514],[16.103338,45.514483],[16.106904,45.511331],[16.108764,45.509315],[16.110779,45.50637],[16.109074,45.50451],[16.106128,45.503734],[16.093571,45.504613],[16.081324,45.502443],[16.074502,45.499652],[16.046545,45.475881],[16.037244,45.48203],[16.032903,45.483891],[16.025306,45.485648],[16.01523,45.486113],[16.007426,45.485234],[15.999985,45.481152],[15.992078,45.475312],[15.977816,45.472729],[15.959079283887,45.473653094302],[15.959079283887,45.431654676259]]],"type":"Polygon"},"id":814,"properties":{"parentKey":"HRV:1159312529","sourceCountryId":"HRV","syntheticOperational":true,"territoryId":"territory:catalog:a56cac8eb13e701058d5d5fb854a9abf6e10b80a9c28077d7b8c2bdef5836ab7"},"type":"Feature"},{"geometry":{"coordinates":[[[16.675324675325,46.187050359712],[16.758620689655,46.187050359712],[16.831168831169,46.187050359712],[16.831168831169,46.294964028777],[16.821667098812,46.294964028777],[16.814974,46.28441],[16.811873,46.281878],[16.808618,46.280948],[16.800556,46.288286],[16.79513,46.294281],[16.794385810356,46.294964028777],[16.759303940052,46.294964028777],[16.768103,46.290973],[16.770429,46.289578],[16.772289,46.287356],[16.773529,46.283997],[16.774305,46.279863],[16.773219,46.27454],[16.770584,46.268907],[16.763453,46.259141],[16.757872,46.247048],[16.74888,46.237902],[16.73224,46.227204],[16.695498,46.210203],[16.676429,46.203692],[16.675324675325,46.203439993357],[16.675324675325,46.187050359712]]],"type":"Polygon"},"id":815,"properties":{"parentKey":"HRV:1159312551","sourceCountryId":"HRV","syntheticOperational":true,"territoryId":"territory:catalog:fbee67e99b135b9a7a26eecd534d20ba72b12ec31ebf2bd9c78f045b40a1c795"},"type":"Feature"},{"geometry":{"coordinates":[[[15.548172757475,43.877455137228],[15.575153,43.896649],[15.597477,43.886624],[15.629,43.86585],[15.633186,43.863731],[15.638457,43.863783],[15.644038,43.866263],[15.678041,43.887864],[15.681762,43.889414],[15.685482,43.889466],[15.697674418605,43.882332260917],[15.697674418605,43.920863309353],[15.548172757475,43.920863309353],[15.548172757475,43.877455137228]]],"type":"Polygon"},"id":816,"properties":{"parentKey":"HRV:1159312443","sourceCountryId":"HRV","syntheticOperational":true,"territoryId":"territory:catalog:16d172aea935aad6735cc5d94733ec7d5f53dcd64b49823e0d287708d54614df"},"type":"Feature"},{"geometry":{"coordinates":[[[14.210526315789,45.162089946401],[14.211154,45.161533],[14.233995,45.15466],[14.234682,45.154574],[14.234711920228,45.154570254527],[14.247732,45.186469],[14.252283082592,45.215827338129],[14.210526315789,45.215827338129],[14.210526315789,45.162089946401]]],"type":"Polygon"},"id":817,"properties":{"parentKey":"HRV:1159312505","sourceCountryId":"HRV","syntheticOperational":true,"territoryId":"territory:catalog:c4f633b19c1c3a757df2d3b5b43ac65f0540e7ce84255d95811da0c1dfbbe319"},"type":"Feature"},{"geometry":{"coordinates":[[[14.92385786802,44.892086330935],[15.012636899747,44.892086330935],[15.07614213198,44.892086330935],[15.07614213198,45],[14.92385786802,45],[14.92385786802,44.892086330935]]],"type":"Polygon"},"id":818,"properties":{"parentKey":"HRV:1159312507","sourceCountryId":"HRV","syntheticOperational":true,"territoryId":"territory:catalog:e0bf03b15e03586feca94db7c6d98a1a5b2fc1fcfd5d8847dcbda079ec4d9ed5"},"type":"Feature"},{"geometry":{"coordinates":[[[17.647058823529,45.431654676259],[17.800511508951,45.431654676259],[17.800511508951,45.471209793111],[17.799255,45.471385],[17.793932,45.474072],[17.791142,45.47769],[17.789126,45.482082],[17.785406,45.486733],[17.77936,45.49066],[17.769593,45.493399],[17.725513,45.497172],[17.715591,45.499755],[17.706909,45.503166],[17.650427,45.515465],[17.647058823529,45.517025659472],[17.647058823529,45.431654676259]]],"type":"Polygon"},"id":819,"properties":{"parentKey":"HRV:1159312541","sourceCountryId":"HRV","syntheticOperational":true,"territoryId":"territory:catalog:657e1a6394e1df93d3b4abd5df56214ad98c629a08b7ce00ae01f8b3a0ea0c56"},"type":"Feature"},{"geometry":{"coordinates":[[[15.794701986755,43.752655577466],[15.803477,43.746405],[15.844005,43.729926],[15.850759,43.723944],[15.864513,43.708157],[15.86845184518,43.705035971223],[15.943708609272,43.705035971223],[15.943708609272,43.812949640288],[15.847176079734,43.812949640288],[15.794701986755,43.812949640288],[15.794701986755,43.752655577466]]],"type":"Polygon"},"id":820,"properties":{"parentKey":"HRV:1159312439","sourceCountryId":"HRV","syntheticOperational":true,"territoryId":"territory:catalog:8556a2c4a57052de1705132bb92f29acd668aac764d24fc43b06e91d2bbfcbad"},"type":"Feature"},{"geometry":{"coordinates":[[[15.868262,45.534792],[15.871827,45.532415],[15.874773,45.531071],[15.902265,45.527712],[15.902317,45.527661],[15.922884,45.511279],[15.928465,45.503114],[15.928775,45.500014],[15.92831,45.496396],[15.92769,45.484201],[15.935906,45.474796],[15.959079283887,45.473653094302],[15.959079283887,45.539568345324],[15.868813378162,45.539568345324],[15.868882,45.537944],[15.868262,45.534792]]],"type":"Polygon"},"id":821,"properties":{"parentKey":"HRV:1159312531","sourceCountryId":"HRV","syntheticOperational":true,"territoryId":"territory:catalog:a8c2d8ac1aa485b595c4e6d856ce9d7272dd24dc3e0e92f10f9ff982f5df3704"},"type":"Feature"},{"geometry":{"coordinates":[[[15.585738539898,45.215827338129],[15.634732357314,45.215827338129],[15.633806,45.217499],[15.633031,45.225509],[15.63117,45.231038],[15.63055,45.23574],[15.63117,45.239461],[15.635821,45.243027],[15.642642,45.25052],[15.646518,45.257496],[15.659696,45.265609],[15.661556,45.26809],[15.660316,45.272276],[15.658455,45.276048],[15.656905,45.280234],[15.65644,45.285091],[15.65768,45.290052],[15.662486,45.302041],[15.664036,45.307829],[15.665018,45.313927],[15.665328,45.320025],[15.664564501325,45.323741007194],[15.652173913043,45.323741007194],[15.585738539898,45.323741007194],[15.585738539898,45.215827338129]]],"type":"Polygon"},"id":822,"properties":{"parentKey":"HRV:1159312525","sourceCountryId":"HRV","syntheticOperational":true,"territoryId":"territory:catalog:b1b2eafcfa633cd5ef6cb74d2318e80dcb7e95c04dbc05c9b5fcba64a25416fb"},"type":"Feature"},{"geometry":{"coordinates":[[[17.195285869643,45.971223021583],[17.224137931034,45.971223021583],[17.224137931034,45.982399568898],[17.216862,45.980966],[17.197793,45.972698],[17.195285869643,45.971223021583]]],"type":"Polygon"},"id":823,"properties":{"parentKey":"HRV:1159312547","sourceCountryId":"HRV","syntheticOperational":true,"territoryId":"territory:catalog:070cab49eafce6050de7678f82dbc697bcddf29d5905916295f66e23b12d9523"},"type":"Feature"},{"geometry":{"coordinates":[[[16.71322925226,43.273381294964],[16.846191967161,43.273381294964],[16.846202,43.273383],[16.861133935908,43.288381285505],[16.861133935908,43.324466677806],[16.858165,43.325181],[16.839366,43.340888],[16.830333,43.346381],[16.824229,43.34101],[16.816254,43.340237],[16.806814,43.342475],[16.796153,43.346381],[16.809825,43.346381],[16.809825,43.353176],[16.71322925226,43.372032225071],[16.71322925226,43.273381294964]]],"type":"Polygon"},"id":824,"properties":{"parentKey":"HRV:1159312433","sourceCountryId":"HRV","syntheticOperational":true,"territoryId":"territory:catalog:1c6ffa22334464ad064515112ad7e4ab89a289b748c1eeceb8b68aa339850c3d"},"type":"Feature"},{"geometry":{"coordinates":[[[15.665271966527,44.352517985612],[15.81589958159,44.352517985612],[15.81589958159,44.460431654676],[15.717884130982,44.460431654676],[15.665271966527,44.460431654676],[15.665271966527,44.352517985612]]],"type":"Polygon"},"id":825,"properties":{"parentKey":"HRV:1159312443","sourceCountryId":"HRV","syntheticOperational":true,"territoryId":"territory:catalog:e90788fcd217a77d3a9dedaca818f2747ebcf3597a539b6d72aec8476573308c"},"type":"Feature"},{"geometry":{"coordinates":[[[15.83207598057,45.539568345324],[15.859709153122,45.539568345324],[15.859709153122,45.548981135746],[15.854309,45.549881],[15.839736,45.546006],[15.83207598057,45.539568345324]]],"type":"Polygon"},"id":826,"properties":{"parentKey":"HRV:1159312529","sourceCountryId":"HRV","syntheticOperational":true,"territoryId":"territory:catalog:b038dee721227b01203f82805b9703033d47bc36e09327356e3d2cbf11557a0b"},"type":"Feature"},{"geometry":{"coordinates":[[[16.860309045326,46.079136690647],[16.865875,46.077446],[16.869441,46.074966],[16.872076,46.071555],[16.874402,46.064992],[16.875332,46.060806],[16.876727,46.058171],[16.879828,46.053727],[16.884634,46.049593],[16.89099,46.045975],[16.90763,46.039464],[16.912901,46.03657],[16.913793103448,46.035427380575],[16.913793103448,46.079136690647],[16.860309045326,46.079136690647]]],"type":"Polygon"},"id":827,"properties":{"parentKey":"HRV:1159312551","sourceCountryId":"HRV","syntheticOperational":true,"territoryId":"territory:catalog:c3c4119b84598d556da1ed114f6f9f26a56858fbf474dc18215964c8ca1422f9"},"type":"Feature"},{"geometry":{"coordinates":[[[15.019133195494,45.323741007194],[15.038363171356,45.323741007194],[15.038363171356,45.327871460172],[15.033584,45.328603],[15.029243,45.328551],[15.019133195494,45.323741007194]]],"type":"Polygon"},"id":828,"properties":{"parentKey":"HRV:1159312525","sourceCountryId":"HRV","syntheticOperational":true,"territoryId":"territory:catalog:3655b10b7759fe7fd8ed1641112701f6bcfdecf211a2a5d975d0974db420a2c4"},"type":"Feature"},{"geometry":{"coordinates":[[[16.265984654731,45.431654676259],[16.419437340153,45.431654676259],[16.419437340153,45.539568345324],[16.321642429427,45.539568345324],[16.265984654731,45.539568345324],[16.265984654731,45.431654676259]]],"type":"Polygon"},"id":829,"properties":{"parentKey":"HRV:1159312529","sourceCountryId":"HRV","syntheticOperational":true,"territoryId":"territory:catalog:3ef4a68d0025d938e922dbf38448106345d99c6934e714edd6a259e818f4bf12"},"type":"Feature"},{"geometry":{"coordinates":[[[15.566750629723,44.578994160497],[15.582655766664,44.568345323741],[15.717884130982,44.568345323741],[15.717884130982,44.676258992806],[15.619208087616,44.676258992806],[15.566750629723,44.676258992806],[15.566750629723,44.578994160497]]],"type":"Polygon"},"id":830,"properties":{"parentKey":"HRV:1159312443","sourceCountryId":"HRV","syntheticOperational":true,"territoryId":"territory:catalog:80b17bf9f972640e6d04c1c3d0b022e826b85ac92e503c3d28b9dc28d85107a7"},"type":"Feature"},{"geometry":{"coordinates":[[[18.63130881095,45.647482014388],[18.785286569718,45.647482014388],[18.785286569718,45.755395683453],[18.711340206186,45.755395683453],[18.63130881095,45.755395683453],[18.63130881095,45.647482014388]]],"type":"Polygon"},"id":831,"properties":{"parentKey":"HRV:1159312539","sourceCountryId":"HRV","syntheticOperational":true,"territoryId":"territory:catalog:95617774782fb79ab924d9f4de7cc8c436487b4d460c9b64f5677e9352510998"},"type":"Feature"},{"geometry":{"coordinates":[[[16.913793103448,45.971223021583],[16.981706642161,45.971223021583],[16.965817,45.978848],[16.924993,45.993524],[16.913793103448,45.999164388203],[16.913793103448,45.971223021583]]],"type":"Polygon"},"id":832,"properties":{"parentKey":"HRV:1159312549","sourceCountryId":"HRV","syntheticOperational":true,"territoryId":"territory:catalog:4ac8eb8a5a57ea2d9529b852433e78f5b0ddb63ddefddb4d50ea4528861219c2"},"type":"Feature"},{"geometry":{"coordinates":[[[16.363636363636,46.294964028777],[16.519480519481,46.294964028777],[16.519480519481,46.302201570563],[16.516129,46.301464],[16.483831,46.301774],[16.363636363636,46.319610611045],[16.363636363636,46.294964028777]]],"type":"Polygon"},"id":833,"properties":{"parentKey":"HRV:1159312555","sourceCountryId":"HRV","syntheticOperational":true,"territoryId":"territory:catalog:f0dcdbd034cb416f394aeb16bd462d17778aa43a834ad5c155cd53b1c251570c"},"type":"Feature"},{"geometry":{"coordinates":[[[17.395577395577,43.094913084446],[17.400261,43.096801],[17.406307,43.100522],[17.405584,43.103726],[17.402122,43.106103],[17.395577395577,43.109489031017],[17.395577395577,43.094913084446]]],"type":"Polygon"},"id":834,"properties":{"parentKey":"HRV:1159312433","sourceCountryId":"HRV","syntheticOperational":true,"territoryId":"territory:catalog:c7e11fc73e2f0a3956d89ddd1b84d03e31be921756e063816f9c3f4274365591"},"type":"Feature"},{"geometry":{"coordinates":[[[16.323165704864,43.381294964029],[16.343739376739,43.381294964029],[16.329845,43.389716],[16.323165704864,43.389114124032],[16.323165704864,43.381294964029]]],"type":"Polygon"},"id":835,"properties":{"parentKey":"HRV:1159312433","sourceCountryId":"HRV","syntheticOperational":true,"territoryId":"territory:catalog:86290ca72786e6010df514a1133e1ff21751fdf5ecda3b59e88543b89b2c0394"},"type":"Feature"},{"geometry":{"coordinates":[[[16.879795396419,45.323741007194],[16.960950764007,45.323741007194],[17.033248081841,45.323741007194],[17.033248081841,45.420279271147],[17.02292,45.418623],[17.011745052896,45.431654676259],[16.879795396419,45.431654676259],[16.879795396419,45.323741007194]]],"type":"Polygon"},"id":836,"properties":{"parentKey":"HRV:1159312529","sourceCountryId":"HRV","syntheticOperational":true,"territoryId":"territory:catalog:a194bbd88af4bbbb5bb43f7d707c4f7e2b633c71be5f1cc8ef430f739d7cc659"},"type":"Feature"},{"geometry":{"coordinates":[[[16.295681063123,43.812949640288],[16.390728476821,43.812949640288],[16.426177534539,43.812949640288],[16.432,43.818773],[16.432,43.825439],[16.426729,43.831537],[16.38668,43.865798],[16.377843,43.871224],[16.370402,43.874945],[16.34291,43.884815],[16.339706,43.890603],[16.337329,43.895874],[16.348482499681,43.920863309353],[16.295681063123,43.920863309353],[16.295681063123,43.812949640288]]],"type":"Polygon"},"id":837,"properties":{"parentKey":"HRV:1159312439","sourceCountryId":"HRV","syntheticOperational":true,"territoryId":"territory:catalog:cfefd2ceb4de10a980f2592849cfa4568cd488f4863a743e6dd32e13b0d89489"},"type":"Feature"},{"geometry":{"coordinates":[[[14.771573604061,44.971694916864],[14.772227,44.97134],[14.784679,44.969306],[14.797211,44.97134],[14.808767,44.977484],[14.814952,44.977484],[14.80265229982,45],[14.771573604061,45],[14.771573604061,44.971694916864]]],"type":"Polygon"},"id":838,"properties":{"parentKey":"HRV:1159312505","sourceCountryId":"HRV","syntheticOperational":true,"territoryId":"territory:catalog:5dbb7122a075e498ac5c6da9276150f3de5e092405662e915a0befd25c58b016"},"type":"Feature"},{"geometry":{"coordinates":[[[16.629597946963,45.539568345324],[16.726342710997,45.539568345324],[16.783575705731,45.539568345324],[16.783575705731,45.614750899618],[16.780506,45.616286],[16.756476,45.618508],[16.747019,45.620678],[16.740043,45.624037],[16.729139,45.634062],[16.723868,45.637318],[16.693142566993,45.647482014388],[16.629597946963,45.647482014388],[16.629597946963,45.539568345324]]],"type":"Polygon"},"id":839,"properties":{"parentKey":"HRV:1159312529","sourceCountryId":"HRV","syntheticOperational":true,"territoryId":"territory:catalog:b286bdfaf4ed431f2997f4d11e48b6b4b57b6e748bbfc0ae833dc46f2a5eb703"},"type":"Feature"},{"geometry":{"coordinates":[[[17.164948453608,45.94141888868],[17.187096,45.96536],[17.192522,45.969597],[17.195285869643,45.971223021583],[17.164948453608,45.971223021583],[17.164948453608,45.94141888868]]],"type":"Polygon"},"id":840,"properties":{"parentKey":"HRV:1159312551","sourceCountryId":"HRV","syntheticOperational":true,"territoryId":"territory:catalog:d067615c33168f94bd388cec29789983f2caedab9320320375b7ceb0dc3c0555"},"type":"Feature"},{"geometry":{"coordinates":[[[14.627887082977,45.539568345324],[14.668265362783,45.539568345324],[14.671693,45.556807],[14.669833,45.564558],[14.664045,45.570036],[14.663675,45.570187],[14.657327,45.572775],[14.650299,45.574842],[14.627887082977,45.587398369098],[14.627887082977,45.539568345324]]],"type":"Polygon"},"id":841,"properties":{"parentKey":"HRV:1159312505","sourceCountryId":"HRV","syntheticOperational":true,"territoryId":"territory:catalog:705a6ee375e39d6c864004945cc27ae8a54e014b0ddffdecc65da31249b211cb"},"type":"Feature"},{"geometry":{"coordinates":[[[17.100737100737,43.127265],[17.19337,43.127265],[17.155284,43.140326],[17.109874,43.143785],[17.100737100737,43.143491807491],[17.100737100737,43.127265]]],"type":"Polygon"},"id":842,"properties":{"parentKey":"HRV:1159312433","sourceCountryId":"HRV","syntheticOperational":true,"territoryId":"territory:catalog:e43b8c71483a7e560875b3e6c6c8cdecb6d5dc0aaeeb83069175403a2e030fdb"},"type":"Feature"},{"geometry":{"coordinates":[[[16.020151133501,44.562732441841],[16.026260171551,44.568345323741],[16.020151133501,44.568345323741],[16.020151133501,44.562732441841]]],"type":"Polygon"},"id":843,"properties":{"parentKey":"HRV:1159312443","sourceCountryId":"HRV","syntheticOperational":true,"territoryId":"territory:catalog:ced4ce6d431eb0ea2b30354f5054296cfc3c0b9ae2bfa102342482030f9d8e2b"},"type":"Feature"},{"geometry":{"coordinates":[[[15.532994923858,44.892086330935],[15.544115944223,44.892086330935],[15.532994923858,44.898726705016],[15.532994923858,44.892086330935]]],"type":"Polygon"},"id":844,"properties":{"parentKey":"HRV:1159312507","sourceCountryId":"HRV","syntheticOperational":true,"territoryId":"territory:catalog:ca2a00f4dec7f47cf0609978661b33997fa079c0f9c721c5ce39b315e6177c12"},"type":"Feature"},{"geometry":{"coordinates":[[[17.340153452685,45.38232191379],[17.354528,45.386946],[17.39158,45.387256],[17.478809,45.343331],[17.493606138107,45.33264496357],[17.493606138107,45.431654676259],[17.340153452685,45.431654676259],[17.340153452685,45.38232191379]]],"type":"Polygon"},"id":845,"properties":{"parentKey":"HRV:1159312541","sourceCountryId":"HRV","syntheticOperational":true,"territoryId":"territory:catalog:a1e693ab4c8a90489030c0eb0adf01db8222f302c228dddb7769bb04dda4b289"},"type":"Feature"},{"geometry":{"coordinates":[[[18.502313,45.139261],[18.504018,45.128925],[18.511615,45.113732],[18.516831193477,45.107913669065],[18.578680203046,45.107913669065],[18.641765704584,45.107913669065],[18.641765704584,45.215827338129],[18.56726315887,45.215827338129],[18.567167,45.214295],[18.565616,45.20799],[18.563446,45.202306],[18.558485,45.195433],[18.553834,45.192022],[18.548253,45.190524],[18.544222,45.19073],[18.536936,45.193521],[18.51239,45.173109],[18.508049,45.167476],[18.505258,45.161688],[18.503398,45.155487],[18.502468,45.147477],[18.502313,45.139261]]],"type":"Polygon"},"id":846,"properties":{"parentKey":"HRV:1159312543","sourceCountryId":"HRV","syntheticOperational":true,"territoryId":"territory:catalog:6b467771da424e78160cf2db07ff2e5d268bac3a262846b9df1c108d274b42d9"},"type":"Feature"},{"geometry":{"coordinates":[[[17.765089722675,42.841726618705],[17.837031130149,42.841726618705],[17.827159,42.853122],[17.825092,42.864542],[17.826229,42.888649],[17.823335,42.898365],[17.81176,42.909863],[17.802665,42.90963],[17.794707,42.904592],[17.786748,42.901388],[17.765458,42.904126],[17.765089722675,42.904232626043],[17.765089722675,42.841726618705]]],"type":"Polygon"},"id":847,"properties":{"parentKey":"HRV:1159312431","sourceCountryId":"HRV","syntheticOperational":true,"territoryId":"territory:catalog:4418ec74a5985c9344b4720d602bccdb0ca5924045aea02dee88fc6ea6e627a9"},"type":"Feature"},{"geometry":{"coordinates":[[[17.395577395577,43.057553956835],[17.414100974484,43.057553956835],[17.426117,43.065172],[17.427419,43.060858],[17.429602747272,43.057553956835],[17.542997542998,43.057553956835],[17.542997542998,43.103599621157],[17.450913,43.148152],[17.449457,43.146307],[17.444496,43.143827],[17.437365,43.141191],[17.419227,43.139744],[17.411785,43.140209],[17.406307,43.14176],[17.402277,43.144292],[17.398556,43.148168],[17.39592,43.149408],[17.395577395577,43.14950012173],[17.395577395577,43.109489031017],[17.402122,43.106103],[17.405584,43.103726],[17.406307,43.100522],[17.400261,43.096801],[17.395577395577,43.094913084446],[17.395577395577,43.057553956835]]],"type":"Polygon"},"id":848,"properties":{"parentKey":"HRV:1159312431","sourceCountryId":"HRV","syntheticOperational":true,"territoryId":"territory:catalog:298f844ab7553a8ebd91d0be33529bee1546133dda8fcd5b08465b6ec1fb5767"},"type":"Feature"},{"geometry":{"coordinates":[[[15.018206397563,44.028776978417],[15.042817,43.990424],[15.066905,43.96955],[15.106619,43.925442],[15.121349,43.912584],[15.136485,43.903022],[15.172374,43.887519],[15.175141,43.884263],[15.184581,43.877102],[15.194509,43.872626],[15.199067,43.877631],[15.196788,43.886379],[15.191091,43.887519],[15.183442,43.886949],[15.175548,43.890937],[15.169688,43.894965],[15.144542,43.908108],[15.14031,43.913031],[15.137706,43.917873],[15.133311,43.92121],[15.145518,43.923896],[15.195486,43.895209],[15.220225,43.90119],[15.216807,43.912787],[15.144542,43.949652],[15.116954,43.978827],[15.11378,43.983791],[15.099132,43.985093],[15.088227,43.989651],[15.041352,44.026435],[15.039125138975,44.028776978417],[15.018206397563,44.028776978417]]],"type":"Polygon"},"id":849,"properties":{"parentKey":"HRV:1159312443","sourceCountryId":"HRV","syntheticOperational":true,"territoryId":"territory:catalog:7815d78c324c17c563674921e8c40f59ae32e7df4dc26e212708e6c89d7be3f7"},"type":"Feature"},{"geometry":{"coordinates":[[[16.020151133501,44.460431654676],[16.117154811715,44.460431654676],[16.14027680643,44.460431654676],[16.128348,44.484314],[16.123077,44.5039],[16.116463,44.52147],[16.104887,44.532373],[16.0837,44.534905],[16.04732,44.52333],[16.026649,44.52519],[16.020151133501,44.530185904262],[16.020151133501,44.460431654676]]],"type":"Polygon"},"id":850,"properties":{"parentKey":"HRV:1159312443","sourceCountryId":"HRV","syntheticOperational":true,"territoryId":"territory:catalog:0284ec255aac095c212b48098d1c659f5f27b5dd1a60828785382923afcd4baa"},"type":"Feature"},{"geometry":{"coordinates":[[[17.562358704005,42.73381294964],[17.652136295999,42.714921451828],[17.707317073171,42.703310007278],[17.707317073171,42.720896375986],[17.679373,42.729885],[17.67324903211,42.73381294964],[17.618270799347,42.73381294964],[17.562358704005,42.73381294964]]],"type":"Polygon"},"id":851,"properties":{"parentKey":"HRV:1159312431","sourceCountryId":"HRV","syntheticOperational":true,"territoryId":"territory:catalog:c2f4f3f5a91833c848753c3f4a89d26d75405a3999f13ede265df40528b651d6"},"type":"Feature"},{"geometry":{"coordinates":[[[15.6,44.028776978417],[15.697674418605,44.028776978417],[15.75,44.028776978417],[15.75,44.136690647482],[15.6,44.136690647482],[15.6,44.028776978417]]],"type":"Polygon"},"id":852,"properties":{"parentKey":"HRV:1159312443","sourceCountryId":"HRV","syntheticOperational":true,"territoryId":"territory:catalog:78b3eee1337fa569507e18779a0ab603a9e3f292585e10295b56726077ad743b"},"type":"Feature"},{"geometry":{"coordinates":[[[16.146584311208,44.028776978417],[16.148658,44.026409],[16.149743,44.021964],[16.149433,44.017934],[16.148503,44.015505],[16.148503,44.012714],[16.149123,44.009924],[16.149898,44.008322],[16.150518,44.007237],[16.151139,44.006668],[16.153309,44.002276],[16.154084,43.999899],[16.155479,43.986669],[16.155169,43.982225],[16.153774,43.972303],[16.153309,43.952356],[16.154084,43.944501],[16.159665,43.935716],[16.170104,43.92688],[16.190337094062,43.920863309353],[16.243072455088,43.920863309353],[16.295681063123,43.931972826052],[16.295681063123,44.028776978417],[16.2,44.028776978417],[16.146584311208,44.028776978417]]],"type":"Polygon"},"id":853,"properties":{"parentKey":"HRV:1159312443","sourceCountryId":"HRV","syntheticOperational":true,"territoryId":"territory:catalog:83ab9615af4a253e78014e2e7637c47bd286a3305088dd367efe6a1bc2dbd954"},"type":"Feature"},{"geometry":{"coordinates":[[[18.477331052181,45.647482014388],[18.63130881095,45.647482014388],[18.63130881095,45.755395683453],[18.556701030928,45.755395683453],[18.477331052181,45.755395683453],[18.477331052181,45.647482014388]]],"type":"Polygon"},"id":854,"properties":{"parentKey":"HRV:1159312539","sourceCountryId":"HRV","syntheticOperational":true,"territoryId":"territory:catalog:75cd63fd85114096dc2529489147afa8f71c716d6026f54257baf57e970c96fd"},"type":"Feature"},{"geometry":{"coordinates":[[[15.364016736402,44.352517985612],[15.514644351464,44.352517985612],[15.514644351464,44.357932039743],[15.51278,44.359567],[15.501928,44.367421],[15.494124,44.368765],[15.417798,44.374191],[15.410977,44.375431],[15.405241,44.377447],[15.4009,44.380134],[15.385966,44.392329],[15.364016736402,44.406199558156],[15.364016736402,44.352517985612]]],"type":"Polygon"},"id":855,"properties":{"parentKey":"HRV:1159312443","sourceCountryId":"HRV","syntheticOperational":true,"territoryId":"territory:catalog:25ee6d14bed0abe04a3898142ac9361be750f0690c27c834731b093bc9c5d078"},"type":"Feature"},{"geometry":{"coordinates":[[[16.403703607941,43.920863309353],[16.445182724253,43.920863309353],[16.445182724253,43.952291743632],[16.436651,43.948222],[16.418357,43.93551],[16.416497,43.930239],[16.414327,43.92595],[16.410451,43.922591],[16.403703607941,43.920863309353]]],"type":"Polygon"},"id":856,"properties":{"parentKey":"HRV:1159312433","sourceCountryId":"HRV","syntheticOperational":true,"territoryId":"territory:catalog:f275e81095c07447e57023d44b9b7be5a07b81eef12139e6730aa5b8f3c0324a"},"type":"Feature"},{"geometry":{"coordinates":[[[15.652173913043,45.323741007194],[15.664564501325,45.323741007194],[15.664192,45.325554],[15.662486,45.330463],[15.661866,45.335218],[15.663881,45.339558],[15.679591,45.348757],[15.680676,45.350565],[15.680521,45.353253],[15.677576,45.358782],[15.674165,45.363278],[15.668119,45.369841],[15.665949,45.373251],[15.665122,45.376559],[15.665949,45.381778],[15.672305,45.398211],[15.67246,45.40219],[15.669979,45.405498],[15.660626,45.411905],[15.65675,45.415213],[15.657525,45.418727],[15.662951,45.422292],[15.676491,45.425186],[15.702845,45.420535],[15.716023,45.420794],[15.720519,45.418417],[15.72703,45.411544],[15.731888,45.410614],[15.74212,45.411595],[15.748941,45.411234],[15.757467,45.408185],[15.766459,45.403327],[15.774986,45.397746],[15.779947,45.395059],[15.786355,45.393354],[15.794106,45.39387],[15.805626598465,45.396638538238],[15.805626598465,45.431654676259],[15.652173913043,45.431654676259],[15.652173913043,45.323741007194]]],"type":"Polygon"},"id":857,"properties":{"parentKey":"HRV:1159312525","sourceCountryId":"HRV","syntheticOperational":true,"territoryId":"territory:catalog:512aa4023f4515831f98aa6d5a12a83ac13fc939e2e9f4f57eb6c100e90a0f32"},"type":"Feature"},{"geometry":{"coordinates":[[[18.107416879795,45.431654676259],[18.247043937725,45.431654676259],[18.260869565217,45.439438652459],[18.260869565217,45.511396754772],[18.235094,45.511021],[18.230133,45.511744],[18.225482,45.513501],[18.221141,45.516705],[18.21246,45.526885],[18.208584,45.529934],[18.204398,45.531743],[18.200212,45.532312],[18.197267,45.533138],[18.19427,45.535102],[18.193861566586,45.539568345324],[18.169375534645,45.539568345324],[18.107416879795,45.539568345324],[18.107416879795,45.431654676259]]],"type":"Polygon"},"id":858,"properties":{"parentKey":"HRV:1159312541","sourceCountryId":"HRV","syntheticOperational":true,"territoryId":"territory:catalog:b06f3577d219131f74e6208b5c389c90acd80f6eaafb6e310027bab978d268c2"},"type":"Feature"},{"geometry":{"coordinates":[[[17.081573,45.216103],[17.08166488729,45.215827338129],[17.113752122241,45.215827338129],[17.113752122241,45.249706918365],[17.088704,45.231865],[17.085914,45.228712],[17.084208,45.225715],[17.081573,45.216103]]],"type":"Polygon"},"id":859,"properties":{"parentKey":"HRV:1159312537","sourceCountryId":"HRV","syntheticOperational":true,"territoryId":"territory:catalog:bff69c561302ebfb11540ce2b26a07f84f69e80bfdf59e8038804253f58f4e22"},"type":"Feature"},{"geometry":{"coordinates":[[[17.647058823529,45.517025659472],[17.650427,45.515465],[17.706909,45.503166],[17.715591,45.499755],[17.725513,45.497172],[17.769593,45.493399],[17.77936,45.49066],[17.785406,45.486733],[17.789126,45.482082],[17.791142,45.47769],[17.793932,45.474072],[17.799255,45.471385],[17.800511508951,45.471209793111],[17.800511508951,45.539568345324],[17.70744225834,45.539568345324],[17.647058823529,45.539568345324],[17.647058823529,45.517025659472]]],"type":"Polygon"},"id":860,"properties":{"parentKey":"HRV:1159312547","sourceCountryId":"HRV","syntheticOperational":true,"territoryId":"territory:catalog:7b71639c090dda359a4567b9e42accaee68a1d94c5dae862e4ce17f83a16aca9"},"type":"Feature"},{"geometry":{"coordinates":[[[16.576889661164,46.402877697842],[16.675324675325,46.402877697842],[16.733275412685,46.402877697842],[16.733275412685,46.403736361275],[16.712395,46.412672],[16.693585,46.429622],[16.677462,46.44869],[16.659272,46.464193],[16.637671,46.474477],[16.61111,46.478069],[16.602118,46.482048],[16.594263,46.482978],[16.588062,46.479567],[16.583721,46.470653],[16.577623,46.470653],[16.576889661164,46.471163234852],[16.576889661164,46.402877697842]]],"type":"Polygon"},"id":861,"properties":{"parentKey":"HRV:1159312553","sourceCountryId":"HRV","syntheticOperational":true,"territoryId":"territory:catalog:57acaf0b75047cff1a45531380e39e1dd6ca14a3798d8e5e5f7c45c2242eec98"},"type":"Feature"},{"geometry":{"coordinates":[[[18.260869565217,45.431654676259],[18.414322250639,45.431654676259],[18.414322250639,45.471959828408],[18.408572,45.471798],[18.392604,45.468853],[18.349144,45.455004],[18.347284,45.454694],[18.337052,45.45552],[18.311937,45.461928],[18.304444,45.461825],[18.293747,45.457949],[18.260869565217,45.439438652459],[18.260869565217,45.431654676259]]],"type":"Polygon"},"id":862,"properties":{"parentKey":"HRV:1159312539","sourceCountryId":"HRV","syntheticOperational":true,"territoryId":"territory:catalog:458a04d78e033aba8c0cf4f04dba7f243b9bed37fc585a15de0c588b3709016f"},"type":"Feature"},{"geometry":{"coordinates":[[[15.573088533837,44.352517985612],[15.665271966527,44.352517985612],[15.665271966527,44.460431654676],[15.593252332219,44.460431654676],[15.591121,44.457235],[15.593757,44.452067],[15.598097,44.447985],[15.601818,44.445763],[15.606159,44.443851],[15.611482,44.442249],[15.615822,44.440388],[15.618148,44.437856],[15.619078,44.434084],[15.620318,44.430467],[15.622954,44.427624],[15.626674,44.425506],[15.630395,44.423749],[15.633961,44.421682],[15.635511,44.418064],[15.634736,44.411346],[15.63086,44.401528],[15.624504,44.390056],[15.615977,44.379307],[15.599958,44.364217],[15.589106,44.356621],[15.576238,44.352797],[15.573088533837,44.352517985612]]],"type":"Polygon"},"id":863,"properties":{"parentKey":"HRV:1159312443","sourceCountryId":"HRV","syntheticOperational":true,"territoryId":"territory:catalog:5b7abd49e07fb28100ce80e1edd10daafb066c599c9a8ae6b4afe11f735465ef"},"type":"Feature"},{"geometry":{"coordinates":[[[13.501475,45.498603],[13.503836317136,45.487357542058],[13.503836317136,45.504197252937],[13.501475,45.498603]]],"type":"Polygon"},"id":864,"properties":{"parentKey":"HRV:1159312535","sourceCountryId":"HRV","syntheticOperational":true,"territoryId":"territory:catalog:1919dde4ea6d5c58391192761eb9c9ce7c3bf86e701bdff3f7a6d601133401c4"},"type":"Feature"},{"geometry":{"coordinates":[[[15.463917525773,45.755395683453],[15.551753635586,45.755395683453],[15.618556701031,45.755395683453],[15.618556701031,45.82001204315],[15.587296,45.81922],[15.549748,45.823693],[15.523527,45.826816],[15.513916,45.823406],[15.495312,45.812657],[15.48539,45.810176],[15.473918,45.811572],[15.463917525773,45.813889815955],[15.463917525773,45.755395683453]]],"type":"Polygon"},"id":865,"properties":{"parentKey":"HRV:1159312531","sourceCountryId":"HRV","syntheticOperational":true,"territoryId":"territory:catalog:4648df8fa27b18f224e968f10162755fa4e2b671fe7a58c9e0bd7c578f70dd57"},"type":"Feature"},{"geometry":{"coordinates":[[[15.9,44.028776978417],[15.996677740864,44.028776978417],[16.05,44.028776978417],[16.05,44.136690647482],[15.9,44.136690647482],[15.9,44.028776978417]]],"type":"Polygon"},"id":866,"properties":{"parentKey":"HRV:1159312443","sourceCountryId":"HRV","syntheticOperational":true,"territoryId":"territory:catalog:0127fbada8311adc254b8f19c533244709f422471b3c7e74bc2e0a81fbd48f1d"},"type":"Feature"}],"type":"FeatureCollection"}
