{"features":[{"geometry":{"coordinates":[[[39.064748201439,0],[39.280575539568,0],[39.280575539568,0.215827338129],[39.064748201439,0.215827338129],[39.064748201439,0]]],"type":"Polygon"},"id":1,"properties":{"parentKey":"KEN:1159308881","sourceCountryId":"KEN","syntheticOperational":true,"territoryId":"territory:catalog:700ae26c475e5a620a77b3c7d042b62539730a1daf8532db6e952fe6edc5c9c5"},"type":"Feature"},{"geometry":{"coordinates":[[[36.906474820144,-1.4518483016],[36.918811,-1.446061],[36.928268,-1.444976],[36.940516,-1.445441],[36.967181,-1.450867],[36.976379,-1.454433],[36.97979,-1.460686],[36.973692,-1.48363],[36.964545,-1.505179],[36.963925,-1.507608],[36.963527159347,-1.510791366906],[37.122302158273,-1.510791366906],[37.122302158273,-1.294964028777],[37.073873515851,-1.294964028777],[37.070223,-1.298835],[37.066503,-1.301677],[37.062472,-1.302918],[37.05348,-1.302866],[37.010819215104,-1.294964028777],[36.966116324848,-1.294964028777],[36.965475,-1.295631],[36.96377,-1.311703],[36.96129,-1.319144],[36.956484,-1.32581],[36.910698,-1.356609],[36.908528,-1.359348],[36.907598,-1.362656],[36.910078,-1.367875],[36.924806,-1.387254],[36.924186,-1.390974],[36.921912,-1.395263],[36.914419,-1.403015],[36.906512,-1.412885],[36.906474820144,-1.412901937001],[36.906474820144,-1.4518483016]]],"type":"Polygon"},"id":2,"properties":{"parentKey":"KEN:1159308875","sourceCountryId":"KEN","syntheticOperational":true,"territoryId":"territory:catalog:6217d4152b4b3089524cf86658e1850cfeb0e73ade362f7aa2b7411ea9c99829"},"type":"Feature"},{"geometry":{"coordinates":[[[39.928057553957,-0.647482014388],[40.143884892086,-0.647482014388],[40.143884892086,-0.431654676259],[39.928057553957,-0.431654676259],[39.928057553957,-0.647482014388]]],"type":"Polygon"},"id":3,"properties":{"parentKey":"KEN:1159308881","sourceCountryId":"KEN","syntheticOperational":true,"territoryId":"territory:catalog:7c8f1d7fa890e05aeded2681f482a17bbf93122efb62278ed2bf6dbf34a6f6ce"},"type":"Feature"},{"geometry":{"coordinates":[[[41.272509003601,3.237410071942],[41.368099117189,3.237410071942],[41.394506,3.27515],[41.446183,3.349047],[41.488595438175,3.409681715349],[41.488595438175,3.453237410072],[41.405405405405,3.453237410072],[41.272509003601,3.453237410072],[41.272509003601,3.237410071942]]],"type":"Polygon"},"id":4,"properties":{"parentKey":"KEN:1159308881","sourceCountryId":"KEN","syntheticOperational":true,"territoryId":"territory:catalog:737df05564ae051286c91af48b1aaecf87aacbd47bddabef0e5fcc51e8024562"},"type":"Feature"},{"geometry":{"coordinates":[[[36.08643457383,3.237410071942],[36.302521008403,3.237410071942],[36.302521008403,3.453237410072],[36.216216216216,3.453237410072],[36.08643457383,3.453237410072],[36.08643457383,3.237410071942]]],"type":"Polygon"},"id":5,"properties":{"parentKey":"KEN:1159308875","sourceCountryId":"KEN","syntheticOperational":true,"territoryId":"territory:catalog:82ab71c63006df6b5e4880be75d98d98ad2029f4f9d1f0a0f0438a2882e62374"},"type":"Feature"},{"geometry":{"coordinates":[[[38.977995029528,2.589928057554],[38.980203959208,2.589928057554],[38.980203959208,2.594858045645],[38.977995029528,2.589928057554]]],"type":"Polygon"},"id":6,"properties":{"parentKey":"KEN:1159308881","sourceCountryId":"KEN","syntheticOperational":true,"territoryId":"territory:catalog:dd52ca99a4f418e2aed6d907bc0a7c6a53c5fab33d7393e4465be020b57762e0"},"type":"Feature"},{"geometry":{"coordinates":[[[40.192076830732,-3.025165981823],[40.194111184733,-3.023230982292],[40.195844064165,-3.021582733813],[40.192076830732,-3.021582733813],[40.192076830732,-3.025165981823]]],"type":"Polygon"},"id":7,"properties":{"parentKey":"KEN:1159309927","sourceCountryId":"KEN","syntheticOperational":true,"territoryId":"territory:catalog:edbdac7b1cd4d67779c14886d839952d67765dd174df2c4a5121a2515aad3e82"},"type":"Feature"},{"geometry":{"coordinates":[[[38.848920863309,0.431654676259],[39.064748201439,0.431654676259],[39.064748201439,0.647482014388],[38.989875434331,0.647482014388],[38.848920863309,0.594292841485],[38.848920863309,0.431654676259]]],"type":"Polygon"},"id":8,"properties":{"parentKey":"KEN:1159308881","sourceCountryId":"KEN","syntheticOperational":true,"territoryId":"territory:catalog:7212290b5d27ca4c3d6495fae5171418c857fd2d777220f369d0f9d24f20000c"},"type":"Feature"},{"geometry":{"coordinates":[[[38.679471788715,-3.027631846523],[38.696584,-3.024931],[38.70294,-3.025035],[38.708676,-3.025965],[38.714154,-3.027412],[38.74361,-3.039091],[38.79172,-3.043173],[38.795596,-3.045809],[38.797456,-3.050304],[38.794976,-3.057798],[38.794046,-3.062655],[38.794046,-3.065549],[38.796526,-3.067409],[38.799472,-3.067771],[38.803813,-3.067461],[38.818851,-3.062448],[38.823501,-3.060278],[38.827532,-3.057591],[38.831925,-3.055369],[38.836886,-3.054025],[38.854249,-3.05263],[38.859055,-3.05077],[38.863396,-3.048134],[38.878433,-3.036145],[38.882619,-3.033561],[38.88758,-3.031804],[38.893523,-3.030616],[38.895558223289,-3.030565127623],[38.895558223289,-3.021582733813],[38.679471788715,-3.021582733813],[38.679471788715,-3.027631846523]]],"type":"Polygon"},"id":9,"properties":{"parentKey":"KEN:1159308875","sourceCountryId":"KEN","syntheticOperational":true,"territoryId":"territory:catalog:3f76676a5979feaa3fdac44ad5e7408e42e25cd9e538fd87ce4a42f3b7d5f3db"},"type":"Feature"},{"geometry":{"coordinates":[[[35.827338129496,-1.726618705036],[36.043165467626,-1.726618705036],[36.043165467626,-1.510791366906],[35.827338129496,-1.510791366906],[35.827338129496,-1.726618705036]]],"type":"Polygon"},"id":10,"properties":{"parentKey":"KEN:1159308877","sourceCountryId":"KEN","syntheticOperational":true,"territoryId":"territory:catalog:cbf4d004c339d4b866345abe62578d70ffb365e53eec047f50dda8434201d6ae"},"type":"Feature"},{"geometry":{"coordinates":[[[36.690647482014,0],[36.906474820144,0],[36.906474820144,0.215827338129],[36.690647482014,0.215827338129],[36.690647482014,0]]],"type":"Polygon"},"id":11,"properties":{"parentKey":"KEN:1159308877","sourceCountryId":"KEN","syntheticOperational":true,"territoryId":"territory:catalog:fecb6b3dc561ce3dbb93bcbf1c44c8ab23ddc792ef8c6c792001d22ef9ef29b7"},"type":"Feature"},{"geometry":{"coordinates":[[[34.748201438849,-1.079136690647],[34.964028776978,-1.079136690647],[34.964028776978,-0.898026925976],[34.748201438849,-0.959769442373],[34.748201438849,-1.079136690647]]],"type":"Polygon"},"id":12,"properties":{"parentKey":"KEN:1159308877","sourceCountryId":"KEN","syntheticOperational":true,"territoryId":"territory:catalog:c908d351c9c37b252c9f7b332d8b45293242c30d696313af92b7bd8ce14caaa7"},"type":"Feature"},{"geometry":{"coordinates":[[[38.378378378378,3.453237410072],[38.463385354142,3.453237410072],[38.594594594595,3.453237410072],[38.594594594595,3.609321981308],[38.593747,3.61084],[38.579588,3.605311],[38.57411,3.604561],[38.561088,3.606008],[38.547135,3.609522],[38.543208,3.615388],[38.541244,3.623294],[38.533182,3.632828],[38.514269,3.648512],[38.508998,3.650812],[38.499386,3.64691],[38.497319,3.63859],[38.498146,3.629676],[38.496906,3.62394],[38.445953,3.601668],[38.389935,3.596888],[38.378378378378,3.598187196685],[38.378378378378,3.453237410072]]],"type":"Polygon"},"id":13,"properties":{"parentKey":"KEN:1159308875","sourceCountryId":"KEN","syntheticOperational":true,"territoryId":"territory:catalog:4551de5574b12a6c719b3e22f4aaf5e907ff4e7f62a1a85ac7d1ae96afda6eb4"},"type":"Feature"},{"geometry":{"coordinates":[[[37.985611510791,-1.726618705036],[38.201438848921,-1.726618705036],[38.201438848921,-1.510791366906],[37.985611510791,-1.510791366906],[37.985611510791,-1.726618705036]]],"type":"Polygon"},"id":14,"properties":{"parentKey":"KEN:1159308875","sourceCountryId":"KEN","syntheticOperational":true,"territoryId":"territory:catalog:cbf63e2a8454ddabf4d69755007f6425cb3026e7a35b562eb1451f1a33a1b94a"},"type":"Feature"},{"geometry":{"coordinates":[[[34.10071942446,-0.431654676259],[34.31654676259,-0.431654676259],[34.31654676259,-0.21582733813],[34.10071942446,-0.21582733813],[34.10071942446,-0.431654676259]]],"type":"Polygon"},"id":15,"properties":{"parentKey":"KEN:1159310041","sourceCountryId":"KEN","syntheticOperational":true,"territoryId":"territory:catalog:a36593abd06e72b5f55d67241f4e8144556e37492a813ad5c93a23f79b3cc376"},"type":"Feature"},{"geometry":{"coordinates":[[[35.103055560623,0.863309352518],[35.114115,0.859328],[35.120937,0.855762],[35.123779,0.853953],[35.126363,0.851318],[35.12843,0.848527],[35.12998,0.845427],[35.135096,0.831422],[35.152924,0.807341],[35.155405,0.80207],[35.156955,0.786309],[35.156645,0.761246],[35.15742,0.757835],[35.158971,0.754114],[35.165172,0.747707],[35.168117,0.743107],[35.170133,0.736958],[35.170908,0.727811],[35.170443,0.720835],[35.167962,0.71391],[35.164242,0.708019],[35.15649,0.700888],[35.152149,0.697787],[35.12905,0.685437],[35.125019,0.681457],[35.121557,0.67598],[35.116131,0.657996],[35.11241,0.651485],[35.108052192942,0.647482014388],[35.179856115108,0.647482014388],[35.179856115108,0.863309352518],[35.103055560623,0.863309352518]]],"type":"Polygon"},"id":16,"properties":{"parentKey":"KEN:1159308877","sourceCountryId":"KEN","syntheticOperational":true,"territoryId":"territory:catalog:732147ef1617522f1ff100d374854c52f05b05155ebfa48f3b0e0542151055e7"},"type":"Feature"},{"geometry":{"coordinates":[[[34.148954,3.822688],[34.150814,3.81721],[34.166524,3.811319],[34.17903,3.7961],[34.159082,3.783362],[34.152468,3.775636],[34.16518,3.77083],[34.173655,3.771399],[34.190915,3.775843],[34.210552,3.777135],[34.230396,3.782742],[34.240938,3.78362],[34.241558,3.778737],[34.263779,3.750056],[34.27027027027,3.732704790258],[34.27027027027,3.884892086331],[34.185157449491,3.884892086331],[34.204971,3.874545],[34.207555,3.860877],[34.196703,3.847389],[34.148954,3.822688]]],"type":"Polygon"},"id":17,"properties":{"parentKey":"KEN:1159308877","sourceCountryId":"KEN","syntheticOperational":true,"territoryId":"territory:catalog:2fa26f95a67bcd705dc6824421d4c4167fc10e4a595f33fa2ae055f756c612fd"},"type":"Feature"},{"geometry":{"coordinates":[[[36.542525868406,-0.863309352518],[36.560952,-0.913742],[36.562037,-0.918393],[36.562192,-0.923613],[36.560177,-0.941131],[36.560332,-0.948366],[36.561417,-0.953482],[36.568549,-0.974566],[36.571029,-0.979165],[36.584878,-0.997407],[36.585602,-0.999474],[36.585809,-1.001179],[36.585498,-1.004383],[36.578315,-1.029498],[36.576765,-1.047429],[36.577385,-1.053579],[36.582871142579,-1.079136690647],[36.690647482014,-1.079136690647],[36.690647482014,-0.863309352518],[36.542525868406,-0.863309352518]]],"type":"Polygon"},"id":18,"properties":{"parentKey":"KEN:1159310037","sourceCountryId":"KEN","syntheticOperational":true,"territoryId":"territory:catalog:5f7ec60f243f596b766db6f660b1c20fd1a3855e432319a0d05a034a8acd60d6"},"type":"Feature"},{"geometry":{"coordinates":[[[37.075081414792,0],[37.105543676907,0],[37.086191,0.019224],[37.075081414792,0]]],"type":"Polygon"},"id":19,"properties":{"parentKey":"KEN:1159310037","sourceCountryId":"KEN","syntheticOperational":true,"territoryId":"territory:catalog:f38eab5ca7989b41fb5546d2a1cf47c020bca390838a7324a1e41f56c5f69fa3"},"type":"Feature"},{"geometry":{"coordinates":[[[41.007194244604,-1.942446043165],[41.139772045591,-1.942446043165],[41.199646480205,-1.942446043165],[41.219005,-1.922459],[41.219909584008,-1.942446043165],[41.223021582734,-1.942446043165],[41.223021582734,-1.726618705036],[41.007194244604,-1.726618705036],[41.007194244604,-1.942446043165]]],"type":"Polygon"},"id":20,"properties":{"parentKey":"KEN:1159309927","sourceCountryId":"KEN","syntheticOperational":true,"territoryId":"territory:catalog:9092ee0d8472f91e74e3d61e8e839c27de1f4b9b31390b9a04dd81060fa423d1"},"type":"Feature"},{"geometry":{"coordinates":[[[38.848920863309,0.863309352518],[39.064748201439,0.863309352518],[39.064748201439,1.079136690647],[38.848920863309,1.079136690647],[38.848920863309,0.863309352518]]],"type":"Polygon"},"id":21,"properties":{"parentKey":"KEN:1159308875","sourceCountryId":"KEN","syntheticOperational":true,"territoryId":"territory:catalog:b1f50e6b9a8df9a39948724fa65ba8688aa3bb2ec2d53aee958b09b7db9cf6d7"},"type":"Feature"},{"geometry":{"coordinates":[[[36.045325,4.443716],[36.045341764088,4.31654676259],[36.129807692308,4.31654676259],[36.129807692308,4.444415079305],[36.045325,4.443716]]],"type":"Polygon"},"id":22,"properties":{"parentKey":"KEN:1159308875","sourceCountryId":"KEN","syntheticOperational":true,"territoryId":"territory:catalog:58a40218e8f39320e77a1f1be281e4bef9875f9311df6cf5090fd824f05764bd"},"type":"Feature"},{"geometry":{"coordinates":[[[34.936606990527,0.863309352518],[34.964028776978,0.863309352518],[34.964028776978,0.8820040287],[34.962393,0.881807],[34.956967,0.880308],[34.951955,0.878241],[34.947769,0.875606],[34.944203,0.872454],[34.940793,0.86894],[34.936606990527,0.863309352518]]],"type":"Polygon"},"id":23,"properties":{"parentKey":"KEN:1159308879","sourceCountryId":"KEN","syntheticOperational":true,"territoryId":"territory:catalog:b01b09eb9dba3df0b5c4f5a89a6d1b0a1b9aac1f55cd3c8c8150a28aec504788"},"type":"Feature"},{"geometry":{"coordinates":[[[35.611510791367,-0.431654676259],[35.827338129496,-0.431654676259],[35.827338129496,-0.21582733813],[35.611510791367,-0.21582733813],[35.611510791367,-0.431654676259]]],"type":"Polygon"},"id":24,"properties":{"parentKey":"KEN:1159308877","sourceCountryId":"KEN","syntheticOperational":true,"territoryId":"territory:catalog:dc55b2db3c3fd7137b6fdc4255f200d9d8e94813c25ab19b76fc062e6a45e1d7"},"type":"Feature"},{"geometry":{"coordinates":[[[34.097417463133,0.215827338129],[34.10071942446,0.215827338129],[34.10071942446,0.219312772891],[34.097417463133,0.215827338129]]],"type":"Polygon"},"id":25,"properties":{"parentKey":"KEN:1159310041","sourceCountryId":"KEN","syntheticOperational":true,"territoryId":"territory:catalog:fdd60f239fdd87ad473c46a953693921f25da8f93860626c695e332b0220ce9e"},"type":"Feature"},{"geometry":{"coordinates":[[[40.756756756757,3.669064748201],[40.972972972973,3.669064748201],[40.972972972973,3.884892086331],[40.756756756757,3.884892086331],[40.756756756757,3.669064748201]]],"type":"Polygon"},"id":26,"properties":{"parentKey":"KEN:1159308881","sourceCountryId":"KEN","syntheticOperational":true,"territoryId":"territory:catalog:b743bd25539d17e2f0ebc5aedec6bb49add18988dd00a88131c89a24969cc94c"},"type":"Feature"},{"geometry":{"coordinates":[[[39.280575539568,-1.942446043165],[39.412117576485,-1.942446043165],[39.496402877698,-1.942446043165],[39.496402877698,-1.726618705036],[39.280575539568,-1.726618705036],[39.280575539568,-1.942446043165]]],"type":"Polygon"},"id":27,"properties":{"parentKey":"KEN:1159309927","sourceCountryId":"KEN","syntheticOperational":true,"territoryId":"territory:catalog:0e153a8402121065e3ee4ea0716086b61392f466937a1b57db6d1f44488e95b9"},"type":"Feature"},{"geometry":{"coordinates":[[[36.950780312125,3.237410071942],[37.166866746699,3.237410071942],[37.166866746699,3.453237410072],[37.081081081081,3.453237410072],[36.950780312125,3.453237410072],[36.950780312125,3.237410071942]]],"type":"Polygon"},"id":28,"properties":{"parentKey":"KEN:1159308875","sourceCountryId":"KEN","syntheticOperational":true,"territoryId":"territory:catalog:51646e7f2a281b65b0e870b06875fa049d4d510eb6ffbaffec43bbf8f483a57a"},"type":"Feature"},{"geometry":{"coordinates":[[[40.359712230216,-0.863309352518],[40.575539568345,-0.863309352518],[40.575539568345,-0.647482014388],[40.359712230216,-0.647482014388],[40.359712230216,-0.863309352518]]],"type":"Polygon"},"id":29,"properties":{"parentKey":"KEN:1159308881","sourceCountryId":"KEN","syntheticOperational":true,"territoryId":"territory:catalog:49f9a8031a725dfeb2ddf2b7338382906ed5f0c5bc91ae38a8f93895e292f4de"},"type":"Feature"},{"geometry":{"coordinates":[[[37.235735715618,-1.942446043165],[37.252549490102,-1.955056806704],[37.252549490102,-1.942446043165],[37.235735715618,-1.942446043165]]],"type":"Polygon"},"id":30,"properties":{"parentKey":"KEN:1159308875","sourceCountryId":"KEN","syntheticOperational":true,"territoryId":"territory:catalog:d052c03e47ab8d4e951288c542811891907b1edddf792b630cd7b6b1744562ab"},"type":"Feature"},{"geometry":{"coordinates":[[[34.532374100719,-1.308261469924],[34.556888,-1.321934],[34.718893,-1.412414],[34.717344,-1.398829],[34.694223513886,-1.294964028777],[34.532374100719,-1.294964028777],[34.532374100719,-1.308261469924]]],"type":"Polygon"},"id":31,"properties":{"parentKey":"KEN:1159310041","sourceCountryId":"KEN","syntheticOperational":true,"territoryId":"territory:catalog:f4eb3a77d14b217df5a3043d4a7158988a8a1fe9f89dc4f3cecab3957a2f1817"},"type":"Feature"},{"geometry":{"coordinates":[[[39.617539044621,-0.431654676259],[39.633219,-0.489531],[39.639886,-0.504672],[39.651823,-0.507514],[39.659109,-0.51542],[39.662778,-0.527203],[39.66376,-0.541879],[39.669858,-0.542654],[39.694869,-0.572678],[39.698538,-0.579137],[39.710424,-0.58384],[39.712230215827,-0.584021724615],[39.712230215827,-0.431654676259],[39.617539044621,-0.431654676259]]],"type":"Polygon"},"id":32,"properties":{"parentKey":"KEN:1159308881","sourceCountryId":"KEN","syntheticOperational":true,"territoryId":"territory:catalog:cc6b41db0af4850a1e15690a02032697ad6b7ff9dbda15d7427a32fc08118b6a"},"type":"Feature"},{"geometry":{"coordinates":[[[34.748201438849,0],[34.763633357404,0],[34.775221,0.017364],[34.817441,0.059997],[34.836355,0.083148],[34.843796,0.105369],[34.850824,0.120923],[34.85563,0.128726],[34.859971,0.133791],[34.870978,0.144126],[34.90002,0.166657],[34.910252,0.178749],[34.913973,0.188774],[34.920766070355,0.215827338129],[34.748201438849,0.215827338129],[34.748201438849,0]]],"type":"Polygon"},"id":33,"properties":{"parentKey":"KEN:1159308879","sourceCountryId":"KEN","syntheticOperational":true,"territoryId":"territory:catalog:255860f5a8f21f74519b3232efc8efcecd82faa728adad9b1f7dac821f10083f"},"type":"Feature"},{"geometry":{"coordinates":[[[34.591192697959,1.079136690647],[34.604534,1.067325],[34.605929,1.048774],[34.624378,1.020765],[34.726956,0.913175],[34.731762,0.909764],[34.736619,0.908007],[34.7422,0.906663],[34.748201438849,0.905842095281],[34.748201438849,1.079136690647],[34.591192697959,1.079136690647]]],"type":"Polygon"},"id":34,"properties":{"parentKey":"KEN:1159308877","sourceCountryId":"KEN","syntheticOperational":true,"territoryId":"territory:catalog:8c651ee18fca50177523698bd3f0bb3e7f6c9beb913fb69724d6642a75d5bad6"},"type":"Feature"},{"geometry":{"coordinates":[[[39.064748201439,1.294964028777],[39.280575539568,1.294964028777],[39.280575539568,1.438424532996],[39.279391,1.441592],[39.277841,1.452625],[39.280575539568,1.455748939556],[39.280575539568,1.510791366906],[39.064748201439,1.510791366906],[39.064748201439,1.294964028777]]],"type":"Polygon"},"id":35,"properties":{"parentKey":"KEN:1159308875","sourceCountryId":"KEN","syntheticOperational":true,"territoryId":"territory:catalog:f9f7212d3da103ec1461c197235ed66010c24bbfa24830f98293423308a284b1"},"type":"Feature"},{"geometry":{"coordinates":[[[35.179856115108,-0.21582733813],[35.259126125925,-0.21582733813],[35.259068,-0.215645],[35.256587,-0.21146],[35.252867,-0.208411],[35.247751,-0.20686],[35.235813,-0.205569],[35.230336,-0.204018],[35.22615,-0.201279],[35.222739,-0.19761],[35.220104,-0.193683],[35.214213,-0.178955],[35.210957,-0.174976],[35.207236,-0.171824],[35.202741,-0.16986],[35.197625,-0.169292],[35.192664,-0.170325],[35.18393,-0.174666],[35.179856115108,-0.176023669659],[35.179856115108,-0.21582733813]]],"type":"Polygon"},"id":36,"properties":{"parentKey":"KEN:1159308877","sourceCountryId":"KEN","syntheticOperational":true,"territoryId":"territory:catalog:364e45b11f97ac7e3dc0e027567f4d810fb39792bfb7291ee9589bf083a3c66b"},"type":"Feature"},{"geometry":{"coordinates":[[[39.327731092437,3.237410071942],[39.543817527011,3.237410071942],[39.543817527011,3.41671098409],[39.536325,3.405013],[39.504389,3.403333],[39.488473,3.413901],[39.480928,3.42726],[39.475657,3.440799],[39.466976,3.452013],[39.463336213279,3.453237410072],[39.459459459459,3.453237410072],[39.327731092437,3.453237410072],[39.327731092437,3.237410071942]]],"type":"Polygon"},"id":37,"properties":{"parentKey":"KEN:1159308881","sourceCountryId":"KEN","syntheticOperational":true,"territoryId":"territory:catalog:2c789a94dddf461a1e021d062f31c555e1d1db62511311da0b9408b825f185f4"},"type":"Feature"},{"geometry":{"coordinates":[[[34.759936791832,0.863309352518],[34.760184,0.859483],[34.764524,0.847235],[34.7684,0.840776],[34.772741,0.83597],[34.781268,0.830906],[34.785918,0.828994],[34.791396,0.827598],[34.797132,0.82672],[34.833874,0.831112],[34.85501,0.838244],[34.88276,0.844652],[34.888496,0.845375],[34.894232,0.845065],[34.8994,0.843515],[34.904464,0.841344],[34.909632,0.840001],[34.915058,0.840207],[34.919709,0.842274],[34.923274,0.845375],[34.936606990527,0.863309352518],[34.759936791832,0.863309352518]]],"type":"Polygon"},"id":38,"properties":{"parentKey":"KEN:1159308877","sourceCountryId":"KEN","syntheticOperational":true,"territoryId":"territory:catalog:d2d536f6fda15eebc4a8c5f4ca90206e029b1be0d112c0c3a84f19ed41c7d504"},"type":"Feature"},{"geometry":{"coordinates":[[[35.611510791367,-0.863309352518],[35.827338129496,-0.863309352518],[35.827338129496,-0.647482014388],[35.611510791367,-0.647482014388],[35.611510791367,-0.863309352518]]],"type":"Polygon"},"id":39,"properties":{"parentKey":"KEN:1159308877","sourceCountryId":"KEN","syntheticOperational":true,"territoryId":"territory:catalog:121b24c5ac59ae2b1da5be2d4370552492e2e3c388c7fb12a6ded2338e913d71"},"type":"Feature"},{"geometry":{"coordinates":[[[36.258992805755,-1.079136690647],[36.474820143885,-1.079136690647],[36.474820143885,-0.863309352518],[36.258992805755,-0.863309352518],[36.258992805755,-1.079136690647]]],"type":"Polygon"},"id":40,"properties":{"parentKey":"KEN:1159308877","sourceCountryId":"KEN","syntheticOperational":true,"territoryId":"territory:catalog:612a749cfde41addbc4c0227990863d3b0bbf96ade80b177a5bfd0415956f429"},"type":"Feature"},{"geometry":{"coordinates":[[[39.844031193761,-2.805755395683],[39.975990396158,-2.805755395683],[40.0599880024,-2.805755395683],[40.0599880024,-2.589928057554],[39.844031193761,-2.589928057554],[39.844031193761,-2.805755395683]]],"type":"Polygon"},"id":41,"properties":{"parentKey":"KEN:1159309927","sourceCountryId":"KEN","syntheticOperational":true,"territoryId":"territory:catalog:26a2efc00b52df7ddc257ce80f38eb3015a0e3cb0a2a4046c1cd77324d5d3443"},"type":"Feature"},{"geometry":{"coordinates":[[[39.496402877698,-0.243206000903],[39.500876,-0.250217],[39.512348,-0.278071],[39.523045,-0.2836],[39.537876,-0.281585],[39.547075,-0.284944],[39.550899,-0.290111],[39.561079,-0.308301],[39.56418,-0.312229],[39.581233,-0.322409],[39.59441,-0.346283],[39.617539044621,-0.431654676259],[39.712230215827,-0.431654676259],[39.712230215827,-0.21582733813],[39.496402877698,-0.21582733813],[39.496402877698,-0.243206000903]]],"type":"Polygon"},"id":42,"properties":{"parentKey":"KEN:1159308881","sourceCountryId":"KEN","syntheticOperational":true,"territoryId":"territory:catalog:4944755cbe58cdb899021348d9b488e1b6945ba92b626c79257969c893d2ee26"},"type":"Feature"},{"geometry":{"coordinates":[[[38.41726618705,-1.510791366906],[38.63309352518,-1.510791366906],[38.63309352518,-1.294964028777],[38.41726618705,-1.294964028777],[38.41726618705,-1.510791366906]]],"type":"Polygon"},"id":43,"properties":{"parentKey":"KEN:1159308875","sourceCountryId":"KEN","syntheticOperational":true,"territoryId":"territory:catalog:70c3acec5b7fad060c8ecaa8400d5e2538fb07a43ed91fb1e4e3b156d9360544"},"type":"Feature"},{"geometry":{"coordinates":[[[35.913461538462,4.10071942446],[36,4.10071942446],[36.045370215533,4.10071942446],[36.045341764088,4.31654676259],[35.913461538462,4.31654676259],[35.913461538462,4.10071942446]]],"type":"Polygon"},"id":44,"properties":{"parentKey":"KEN:1159308877","sourceCountryId":"KEN","syntheticOperational":true,"territoryId":"territory:catalog:50b34be49bee7608d4bf368f3c73e52fae06cabdce56d11574e07b31d7ca7f21"},"type":"Feature"},{"geometry":{"coordinates":[[[35.395683453237,1.510791366906],[35.611510791367,1.510791366906],[35.611510791367,1.726618705036],[35.395683453237,1.726618705036],[35.395683453237,1.510791366906]]],"type":"Polygon"},"id":45,"properties":{"parentKey":"KEN:1159308877","sourceCountryId":"KEN","syntheticOperational":true,"territoryId":"territory:catalog:b1e3d3d2f5ced3f986cd25a915887a2ae0feb6eb6ad78101d4a18892ed798b34"},"type":"Feature"},{"geometry":{"coordinates":[[[38.810810810811,3.453237410072],[38.895558223289,3.453237410072],[39.027027027027,3.453237410072],[39.027027027027,3.517956386982],[39.010466,3.514464],[38.994963,3.514257],[38.979977,3.519812],[38.963234,3.522086],[38.921272,3.513999],[38.895227,3.513585],[38.82071,3.533739],[38.810810810811,3.536413331622],[38.810810810811,3.453237410072]]],"type":"Polygon"},"id":46,"properties":{"parentKey":"KEN:1159308875","sourceCountryId":"KEN","syntheticOperational":true,"territoryId":"territory:catalog:ac4528825c987258bbb9c63aab4fbcb8d8c27a90381a057a56c883ba3e9da3e3"},"type":"Feature"},{"geometry":{"coordinates":[[[39.975990396158,-3.021582733813],[40.192076830732,-3.021582733813],[40.192076830732,-2.987913408076],[40.190684,-2.988051],[40.178559,-2.976495],[40.183767,-2.950291],[40.162608,-2.934259],[40.164887,-2.901462],[40.183767,-2.837579],[40.184825,-2.828871],[40.18865,-2.813572],[40.187511,-2.807061],[40.186531731009,-2.805755395683],[40.0599880024,-2.805755395683],[39.975990396158,-2.805755395683],[39.975990396158,-3.021582733813]]],"type":"Polygon"},"id":47,"properties":{"parentKey":"KEN:1159309927","sourceCountryId":"KEN","syntheticOperational":true,"territoryId":"territory:catalog:897e1ae3776f86b28d10083bd67746a5cc5464f2bab5814964db9b31fe06b887"},"type":"Feature"},{"geometry":{"coordinates":[[[36.906474820144,1.510791366906],[37.122302158273,1.510791366906],[37.122302158273,1.726618705036],[36.906474820144,1.726618705036],[36.906474820144,1.510791366906]]],"type":"Polygon"},"id":48,"properties":{"parentKey":"KEN:1159308877","sourceCountryId":"KEN","syntheticOperational":true,"territoryId":"territory:catalog:aeaa1bdd4ebf6e0bed7adb78c563c47567bc5a00f07addafc5088c7e520ebec3"},"type":"Feature"},{"geometry":{"coordinates":[[[40.575539568345,0.431654676259],[40.791366906475,0.431654676259],[40.791366906475,0.647482014388],[40.575539568345,0.647482014388],[40.575539568345,0.431654676259]]],"type":"Polygon"},"id":49,"properties":{"parentKey":"KEN:1159308881","sourceCountryId":"KEN","syntheticOperational":true,"territoryId":"territory:catalog:d8a604cdc077cea2871cf4b5076a009603d0d3fabb402f2b3d2a7e912bbb5874"},"type":"Feature"},{"geometry":{"coordinates":[[[37.122302158273,-1.726618705036],[37.338129496403,-1.726618705036],[37.338129496403,-1.510791366906],[37.122302158273,-1.510791366906],[37.122302158273,-1.726618705036]]],"type":"Polygon"},"id":50,"properties":{"parentKey":"KEN:1159308875","sourceCountryId":"KEN","syntheticOperational":true,"territoryId":"territory:catalog:8034d65782ce002a701e0446722dbb724568a465d1d7b314bd9efa505f3c38ef"},"type":"Feature"},{"geometry":{"coordinates":[[[40.575539568345,-1.942446043165],[40.707858428314,-1.942446043165],[40.791366906475,-1.942446043165],[40.791366906475,-1.802878241363],[40.575539568345,-1.899408537836],[40.575539568345,-1.942446043165]]],"type":"Polygon"},"id":51,"properties":{"parentKey":"KEN:1159309927","sourceCountryId":"KEN","syntheticOperational":true,"territoryId":"territory:catalog:09d609208c87498f4dcd3d081928f861e4d07530a90ea33859f4d79d9596613c"},"type":"Feature"},{"geometry":{"coordinates":[[[40.791366906475,1.294964028777],[40.968486,1.294964028777],[40.968486,1.510791366906],[40.791366906475,1.510791366906],[40.791366906475,1.294964028777]]],"type":"Polygon"},"id":52,"properties":{"parentKey":"KEN:1159308881","sourceCountryId":"KEN","syntheticOperational":true,"territoryId":"territory:catalog:54486214e1abd2f828c57b33d1545a0e05d28c6d9945a75d29a03708916f7eea"},"type":"Feature"},{"geometry":{"coordinates":[[[35.395683453237,-1.294964028777],[35.611510791367,-1.294964028777],[35.611510791367,-1.079136690647],[35.395683453237,-1.079136690647],[35.395683453237,-1.294964028777]]],"type":"Polygon"},"id":53,"properties":{"parentKey":"KEN:1159308877","sourceCountryId":"KEN","syntheticOperational":true,"territoryId":"territory:catalog:a3b34796b76d202c6f50f91851a6fef2fd25ef2e4c8c6ca3bb32fe960b956fb7"},"type":"Feature"},{"geometry":{"coordinates":[[[38.76424715057,-2.805755395683],[38.895558223289,-2.805755395683],[38.897914269821,-2.805755395683],[38.76424715057,-2.609000694045],[38.76424715057,-2.805755395683]]],"type":"Polygon"},"id":54,"properties":{"parentKey":"KEN:1159308875","sourceCountryId":"KEN","syntheticOperational":true,"territoryId":"territory:catalog:9822e07829a3311b8a6a5ab53364714065ee96e57e02b48a8261e10f09df5cf8"},"type":"Feature"},{"geometry":{"coordinates":[[[36.950780312125,2.805755395683],[37.036592681464,2.805755395683],[37.166866746699,2.805755395683],[37.166866746699,3.021582733813],[36.950780312125,3.021582733813],[36.950780312125,2.805755395683]]],"type":"Polygon"},"id":55,"properties":{"parentKey":"KEN:1159308875","sourceCountryId":"KEN","syntheticOperational":true,"territoryId":"territory:catalog:ac80aee591904ef37247adb0dd3b4c11a6d16326b37177839da803fefaf202cb"},"type":"Feature"},{"geometry":{"coordinates":[[[37.985611510791,0.215827338129],[38.201438848921,0.215827338129],[38.201438848921,0.431654676259],[37.985611510791,0.431654676259],[37.985611510791,0.215827338129]]],"type":"Polygon"},"id":56,"properties":{"parentKey":"KEN:1159308875","sourceCountryId":"KEN","syntheticOperational":true,"territoryId":"territory:catalog:9050488a4586a6388053294dc2dc0e636798597dc3b0f409bcc4d0f643bd2dd2"},"type":"Feature"},{"geometry":{"coordinates":[[[39.675675675676,-4.029075636908],[39.681163,-4.047947],[39.690766,-4.053155],[39.699474,-4.048435],[39.708344,-4.03753],[39.715505,-4.02516],[39.718272,-4.01629],[39.721365,-4.00921],[39.742442,-3.985935],[39.745291,-3.968683],[39.734223,-3.963311],[39.712087,-3.96502],[39.701996,-3.955824],[39.69752,-3.94671],[39.694102,-3.93727],[39.687348,-3.927179],[39.683767,-3.917169],[39.689952,-3.909601],[39.712087,-3.897393],[39.711925,-3.931329],[39.732107,-3.946384],[39.760753,-3.941827],[39.786388,-3.917169],[39.798100251829,-3.884892086331],[39.675675675676,-3.884892086331],[39.675675675676,-4.029075636908]]],"type":"Polygon"},"id":57,"properties":{"parentKey":"KEN:1159309927","sourceCountryId":"KEN","syntheticOperational":true,"territoryId":"territory:catalog:c52b8b3470115ade80cbfb5645ee2fd5189f9c2ec947bab7e304c9f0a906d240"},"type":"Feature"},{"geometry":{"coordinates":[[[40.143884892086,1.726618705036],[40.359712230216,1.726618705036],[40.359712230216,1.942446043165],[40.275944811038,1.942446043165],[40.143884892086,1.942446043165],[40.143884892086,1.726618705036]]],"type":"Polygon"},"id":58,"properties":{"parentKey":"KEN:1159308881","sourceCountryId":"KEN","syntheticOperational":true,"territoryId":"territory:catalog:4ef59875b8f4b8bff22e665fd536af669ba6da4826d44661b7313fc85e62d4e5"},"type":"Feature"},{"geometry":{"coordinates":[[[34.10071942446,-1.067321839573],[34.121869469991,-1.079136690647],[34.31654676259,-1.079136690647],[34.31654676259,-0.863309352518],[34.10071942446,-0.863309352518],[34.10071942446,-1.067321839573]]],"type":"Polygon"},"id":59,"properties":{"parentKey":"KEN:1159310041","sourceCountryId":"KEN","syntheticOperational":true,"territoryId":"territory:catalog:114b1a45966506a0b6004a6c78575eea313dc3c12fca6d5cc5f8c44e8e57afc1"},"type":"Feature"},{"geometry":{"coordinates":[[[40.408163265306,2.805755395683],[40.491901619676,2.805755395683],[40.62424969988,2.805755395683],[40.62424969988,3.021582733813],[40.408163265306,3.021582733813],[40.408163265306,2.805755395683]]],"type":"Polygon"},"id":60,"properties":{"parentKey":"KEN:1159308881","sourceCountryId":"KEN","syntheticOperational":true,"territoryId":"territory:catalog:2d46ee62afeec24f593b22f910d7338aad362610b457ecb9ad10f86d9096843a"},"type":"Feature"},{"geometry":{"coordinates":[[[36.258992805755,-0.004289389232],[36.261218711611,0],[36.258992805755,0],[36.258992805755,-0.004289389232]]],"type":"Polygon"},"id":61,"properties":{"parentKey":"KEN:1159308877","sourceCountryId":"KEN","syntheticOperational":true,"territoryId":"territory:catalog:925dd6bd049cd8be5582f904b978d565db05267ad33a668f324c544715d136aa"},"type":"Feature"},{"geometry":{"coordinates":[[[37.945945945946,-3.78135092826],[37.996058,-3.817492],[38.08153,-3.878987],[38.089731540855,-3.884892086331],[38.162162162162,-3.884892086331],[38.162162162162,-3.669064748201],[37.945945945946,-3.669064748201],[37.945945945946,-3.78135092826]]],"type":"Polygon"},"id":62,"properties":{"parentKey":"KEN:1159309927","sourceCountryId":"KEN","syntheticOperational":true,"territoryId":"territory:catalog:ed13deb76ff38aba2770d04058978d58437e10a56d6d670f50ca5607d44bf2b2"},"type":"Feature"},{"geometry":{"coordinates":[[[35.179856115108,-1.669704431578],[35.200983,-1.681498],[35.246367,-1.706823],[35.281842137342,-1.726618705036],[35.395683453237,-1.726618705036],[35.395683453237,-1.510791366906],[35.179856115108,-1.510791366906],[35.179856115108,-1.669704431578]]],"type":"Polygon"},"id":63,"properties":{"parentKey":"KEN:1159308877","sourceCountryId":"KEN","syntheticOperational":true,"territoryId":"territory:catalog:28cc1a71067304d638dbc6854c514286a8aa824fa1ecb8221b6a8f09f4342f61"},"type":"Feature"},{"geometry":{"coordinates":[[[35.567567567568,3.669064748201],[35.783783783784,3.669064748201],[35.783783783784,3.884892086331],[35.567567567568,3.884892086331],[35.567567567568,3.669064748201]]],"type":"Polygon"},"id":64,"properties":{"parentKey":"KEN:1159308877","sourceCountryId":"KEN","syntheticOperational":true,"territoryId":"territory:catalog:6186377e5de3a72d238d4b573463169847bedf91e16c0a858e143ca35af29b65"},"type":"Feature"},{"geometry":{"coordinates":[[[39.928057553957,0.215827338129],[40.143884892086,0.215827338129],[40.143884892086,0.431654676259],[39.928057553957,0.431654676259],[39.928057553957,0.215827338129]]],"type":"Polygon"},"id":65,"properties":{"parentKey":"KEN:1159308881","sourceCountryId":"KEN","syntheticOperational":true,"territoryId":"territory:catalog:44234426ed104af023b780b025a37e79f3ca6629995e92e64c0be48bd621f13a"},"type":"Feature"},{"geometry":{"coordinates":[[[34.9138722081,0.431654676259],[34.917073,0.415065],[34.92715,0.383905],[34.928235,0.378272],[34.928235,0.372122],[34.919554,0.307062],[34.920484,0.294659],[34.925135,0.278588],[34.929321,0.269131],[34.931956,0.264532],[34.933971,0.260036],[34.933661,0.252285],[34.931026,0.242828],[34.922654,0.223346],[34.920766070355,0.215827338129],[34.964028776978,0.215827338129],[34.964028776978,0.431654676259],[34.9138722081,0.431654676259]]],"type":"Polygon"},"id":66,"properties":{"parentKey":"KEN:1159308877","sourceCountryId":"KEN","syntheticOperational":true,"territoryId":"territory:catalog:4677bcc3de7da00e2de7e1ed655baba28824da99f5d10d673d31e4df376a6912"},"type":"Feature"},{"geometry":{"coordinates":[[[39.064748201439,-0.647482014388],[39.280575539568,-0.647482014388],[39.280575539568,-0.431654676259],[39.064748201439,-0.431654676259],[39.064748201439,-0.647482014388]]],"type":"Polygon"},"id":67,"properties":{"parentKey":"KEN:1159309927","sourceCountryId":"KEN","syntheticOperational":true,"territoryId":"territory:catalog:f52f8d2e91d653bf70ac92e9104b4ac10f9a196dab20e6eb5233da5b497018a8"},"type":"Feature"},{"geometry":{"coordinates":[[[36.474820143885,0.116603104724],[36.478425,0.11467],[36.483231,0.111001],[36.50757,0.086455],[36.510671,0.082424],[36.512841,0.077412],[36.516872,0.061134],[36.521678,0.055139],[36.530411,0.050178],[36.549945,0.044494],[36.559247,0.040411],[36.565758,0.036587],[36.588754,0.011317],[36.59356,0.009044],[36.599916,0.00832],[36.610303,0.011834],[36.616969,0.014883],[36.631232,0.023255],[36.636193,0.02434],[36.641516,0.023565],[36.646632,0.019276],[36.648802,0.014728],[36.648492,0.010594],[36.647252,0.007958],[36.643996,0.005426],[36.635093779083,0],[36.690647482014,0],[36.690647482014,0.215827338129],[36.474820143885,0.215827338129],[36.474820143885,0.116603104724]]],"type":"Polygon"},"id":68,"properties":{"parentKey":"KEN:1159308877","sourceCountryId":"KEN","syntheticOperational":true,"territoryId":"territory:catalog:e99a5a89512eccc7a87f3a1d5410fac1e5ced26496969bff027fc579a3a515e0"},"type":"Feature"},{"geometry":{"coordinates":[[[36.501059,-1.231294],[36.502765,-1.244678],[36.50788,-1.251861],[36.624876,-1.269431],[36.631542,-1.271292],[36.635728,-1.273514],[36.650973,-1.284676],[36.667871,-1.294494],[36.668928406851,-1.294964028777],[36.67924335451,-1.294964028777],[36.690647482014,-1.282611442565],[36.690647482014,-1.079136690647],[36.582871142579,-1.079136690647],[36.583741,-1.083189],[36.584258,-1.090941],[36.583018,-1.101741],[36.580331,-1.107787],[36.57599,-1.111456],[36.571184,-1.113058],[36.565448,-1.114144],[36.54731,-1.113989],[36.542194,-1.115074],[36.539093,-1.11926],[36.501059,-1.231294]]],"type":"Polygon"},"id":69,"properties":{"parentKey":"KEN:1159310037","sourceCountryId":"KEN","syntheticOperational":true,"territoryId":"territory:catalog:b6963eb548114753fd9ac1a96d859b605aa28b06d8d838f9ca295f766d7d97a9"},"type":"Feature"},{"geometry":{"coordinates":[[[40.0599880024,-2.589928057554],[40.275944811038,-2.589928057554],[40.275944811038,-2.374100719424],[40.0599880024,-2.374100719424],[40.0599880024,-2.589928057554]]],"type":"Polygon"},"id":70,"properties":{"parentKey":"KEN:1159309927","sourceCountryId":"KEN","syntheticOperational":true,"territoryId":"territory:catalog:1a64a790a5f07954283a987082caea611bb4f723de4e2a9765babd92ecc83a81"},"type":"Feature"},{"geometry":{"coordinates":[[[38.162162162162,-3.937041929802],[38.166797,-3.940379],[38.252063,-4.001873],[38.337535,-4.063265],[38.378378378378,-4.092721676603],[38.378378378378,-3.884892086331],[38.162162162162,-3.884892086331],[38.162162162162,-3.937041929802]]],"type":"Polygon"},"id":71,"properties":{"parentKey":"KEN:1159309927","sourceCountryId":"KEN","syntheticOperational":true,"territoryId":"territory:catalog:09da63764d6cd223142f96ed68840679cce8bb7a678142f2c69a686757d4b8ba"},"type":"Feature"},{"geometry":{"coordinates":[[[38.848920863309,1.294964028777],[39.064748201439,1.294964028777],[39.064748201439,1.510791366906],[38.848920863309,1.510791366906],[38.848920863309,1.294964028777]]],"type":"Polygon"},"id":72,"properties":{"parentKey":"KEN:1159308875","sourceCountryId":"KEN","syntheticOperational":true,"territoryId":"territory:catalog:7eccc86a57394b8a7979463b638b5204f747ced215418a9129fd1598087f4570"},"type":"Feature"},{"geometry":{"coordinates":[[[34.789915966387,2.805755395683],[34.877024595081,2.805755395683],[35.00600240096,2.805755395683],[35.00600240096,3.021582733813],[34.789915966387,3.021582733813],[34.789915966387,2.805755395683]]],"type":"Polygon"},"id":73,"properties":{"parentKey":"KEN:1159308877","sourceCountryId":"KEN","syntheticOperational":true,"territoryId":"territory:catalog:769d004506040a61cbf0f66a8841c1ab6bdf0481abb11553acd42fc21af694cd"},"type":"Feature"},{"geometry":{"coordinates":[[[36.043165467626,1.079136690647],[36.258992805755,1.079136690647],[36.258992805755,1.294964028777],[36.043165467626,1.294964028777],[36.043165467626,1.079136690647]]],"type":"Polygon"},"id":74,"properties":{"parentKey":"KEN:1159308877","sourceCountryId":"KEN","syntheticOperational":true,"territoryId":"territory:catalog:43c4fdf3675bf3603abae2cf3e3ea2033bd7a25a7bdce972669674d0b768f01a"},"type":"Feature"},{"geometry":{"coordinates":[[[35.179856115108,-1.294964028777],[35.395683453237,-1.294964028777],[35.395683453237,-1.079136690647],[35.179856115108,-1.079136690647],[35.179856115108,-1.294964028777]]],"type":"Polygon"},"id":75,"properties":{"parentKey":"KEN:1159308877","sourceCountryId":"KEN","syntheticOperational":true,"territoryId":"territory:catalog:8e7959a444666a76f4f79c598d7af2d19788d1bafbc4bde201033a2716b03d08"},"type":"Feature"},{"geometry":{"coordinates":[[[39.928057553957,-1.135827300984],[39.938989,-1.136985],[39.9563,-1.151144],[39.967618,-1.171556],[39.971648,-1.192692],[39.993921,-1.218737],[40.005755,-1.257546],[40.007836090716,-1.294964028777],[40.143884892086,-1.294964028777],[40.143884892086,-1.079136690647],[39.928057553957,-1.079136690647],[39.928057553957,-1.091102161247],[39.93749,-1.100501],[39.930152,-1.108097],[39.928057553957,-1.111248150402],[39.928057553957,-1.135827300984]]],"type":"Polygon"},"id":76,"properties":{"parentKey":"KEN:1159308881","sourceCountryId":"KEN","syntheticOperational":true,"territoryId":"territory:catalog:8957dda130294960eb17850754f6327b1928186a37bfed7d8d593ffc5f1f19a0"},"type":"Feature"},{"geometry":{"coordinates":[[[38.031212484994,-3.453237410072],[38.162162162162,-3.453237410072],[38.247298919568,-3.453237410072],[38.247298919568,-3.237410071942],[38.031212484994,-3.237410071942],[38.031212484994,-3.453237410072]]],"type":"Polygon"},"id":77,"properties":{"parentKey":"KEN:1159309927","sourceCountryId":"KEN","syntheticOperational":true,"territoryId":"territory:catalog:426afd4a6580593dccd8a10ed44a1754acbde805515c8d76e21139dadcc23167"},"type":"Feature"},{"geometry":{"coordinates":[[[35.395683453237,0],[35.611510791367,0],[35.611510791367,0.215827338129],[35.395683453237,0.215827338129],[35.395683453237,0]]],"type":"Polygon"},"id":78,"properties":{"parentKey":"KEN:1159308877","sourceCountryId":"KEN","syntheticOperational":true,"territoryId":"territory:catalog:27861510f09a8472f0021b032ea341df83a970f2778d206546fca5c67a9bd47e"},"type":"Feature"},{"geometry":{"coordinates":[[[34.758633,-0.007493],[34.766385,-0.006769],[34.771346,-0.007028],[34.776462,-0.00832],[34.781423,-0.010335],[34.785453,-0.013126],[34.799613,-0.026561],[34.807209,-0.032608],[34.81155,-0.035036],[34.816201,-0.036948],[34.827363,-0.038964],[34.840385,-0.038964],[34.859351,-0.036897],[34.885861,-0.036638],[34.933196,-0.042374],[34.939397,-0.041909],[34.95056,-0.039119],[34.955417,-0.036948],[34.964028776978,-0.03171996431],[34.964028776978,0],[34.763633357404,0],[34.758633,-0.007493]]],"type":"Polygon"},"id":79,"properties":{"parentKey":"KEN:1159308877","sourceCountryId":"KEN","syntheticOperational":true,"territoryId":"territory:catalog:f1b027e484ed53aa3e65009cd3e0b3a88b32186c14e1fef06603e4d43eea5db9"},"type":"Feature"},{"geometry":{"coordinates":[[[40.923815236953,-2.313498160804],[40.944835,-2.30934],[40.969493,-2.278985],[40.980724,-2.253025],[40.979259,-2.24212],[40.969493,-2.227716],[40.956879,-2.218927],[40.944672,-2.218357],[40.933767,-2.219659],[40.924815,-2.217218],[40.923815236953,-2.215256417938],[40.923815236953,-2.272442598758],[40.934906,-2.27988],[40.952159,-2.286065],[40.923815236953,-2.300237314716],[40.923815236953,-2.313498160804]]],"type":"Polygon"},"id":80,"properties":{"parentKey":"KEN:1159309927","sourceCountryId":"KEN","syntheticOperational":true,"territoryId":"territory:catalog:d869cff453a4fbac54ad547c39328c0ff4d8bcabff74fe6b7c7a5c831607fd7e"},"type":"Feature"},{"geometry":{"coordinates":[[[34.694223513886,-1.294964028777],[34.717344,-1.398829],[34.718893,-1.412414],[34.748201438849,-1.428782177863],[34.748201438849,-1.294964028777],[34.694223513886,-1.294964028777]]],"type":"Polygon"},"id":81,"properties":{"parentKey":"KEN:1159308877","sourceCountryId":"KEN","syntheticOperational":true,"territoryId":"territory:catalog:dd2cf5e5869e4bbd8f356ab6671ba9b797d58469103f5140a6472595a90ebec4"},"type":"Feature"},{"geometry":{"coordinates":[[[37.684463107379,-2.374100719424],[37.900419916017,-2.374100719424],[37.900419916017,-2.158273381295],[37.684463107379,-2.158273381295],[37.684463107379,-2.169630295981],[37.689514,-2.171805],[37.71251,-2.18643],[37.719021,-2.194181],[37.720571,-2.198573],[37.716851,-2.200124],[37.699126,-2.204413],[37.690599,-2.207979],[37.686103,-2.210614],[37.684463107379,-2.211770183287],[37.684463107379,-2.374100719424]]],"type":"Polygon"},"id":82,"properties":{"parentKey":"KEN:1159308875","sourceCountryId":"KEN","syntheticOperational":true,"territoryId":"territory:catalog:f9958ded9cbc3c23e337393f335b93cb1ca35488ba65061477db7fa5f7a0717f"},"type":"Feature"},{"geometry":{"coordinates":[[[37.769784172662,-0.863309352518],[37.985611510791,-0.863309352518],[37.985611510791,-0.647482014388],[37.769784172662,-0.647482014388],[37.769784172662,-0.863309352518]]],"type":"Polygon"},"id":83,"properties":{"parentKey":"KEN:1159308875","sourceCountryId":"KEN","syntheticOperational":true,"territoryId":"territory:catalog:a15ae0b178e040ec752601dba7223d5cf7e3d5a14ebef47cc4b742bb6b8cb02d"},"type":"Feature"},{"geometry":{"coordinates":[[[37.46850629874,-2.374100719424],[37.610722747411,-2.374100719424],[37.600165,-2.361923],[37.595979,-2.354791],[37.593189,-2.344043],[37.593602,-2.337376],[37.595669,-2.332054],[37.602181,-2.324664],[37.612568,-2.314897],[37.616598,-2.312003],[37.620939,-2.309523],[37.6259,-2.307507],[37.642953,-2.30358],[37.648069,-2.301875],[37.652307,-2.299394],[37.655872,-2.295725],[37.660833,-2.286785],[37.662539,-2.281979],[37.67184,-2.230096],[37.673391,-2.224877],[37.675561,-2.220536],[37.678507,-2.216815],[37.682072,-2.213456],[37.684463107379,-2.211770183287],[37.684463107379,-2.169630295981],[37.674631,-2.165397],[37.661143,-2.162503],[37.65365,-2.162968],[37.641558,-2.165139],[37.629156,-2.166069],[37.62311,-2.165449],[37.602954693087,-2.158273381295],[37.46850629874,-2.158273381295],[37.46850629874,-2.374100719424]]],"type":"Polygon"},"id":84,"properties":{"parentKey":"KEN:1159308877","sourceCountryId":"KEN","syntheticOperational":true,"territoryId":"territory:catalog:ccae5a1e4c4082f172669bd45ddd9c34476b11cf47708a7cd4649253968d4d6b"},"type":"Feature"},{"geometry":{"coordinates":[[[38.201438848921,-0.863309352518],[38.41726618705,-0.863309352518],[38.41726618705,-0.647482014388],[38.201438848921,-0.647482014388],[38.201438848921,-0.863309352518]]],"type":"Polygon"},"id":85,"properties":{"parentKey":"KEN:1159308875","sourceCountryId":"KEN","syntheticOperational":true,"territoryId":"territory:catalog:6e84cb2badd872ccddfd036eb3a3d3b571af1196333f2da7bcfd2670e268d365"},"type":"Feature"},{"geometry":{"coordinates":[[[34.10071942446,0.431654676259],[34.31654676259,0.431654676259],[34.31654676259,0.647482014388],[34.237300552756,0.647482014388],[34.219751,0.638567],[34.179133,0.623891],[34.149574,0.603634],[34.132417,0.572834],[34.131588,0.569433],[34.107509,0.470722],[34.104409,0.462247],[34.10071942446,0.456766709866],[34.10071942446,0.431654676259]]],"type":"Polygon"},"id":86,"properties":{"parentKey":"KEN:1159308879","sourceCountryId":"KEN","syntheticOperational":true,"territoryId":"territory:catalog:0caadabed1e474ce43c354f86c2c2ca3ff30c7f0a25ab05f0ccbdbeb3b19fc7f"},"type":"Feature"},{"geometry":{"coordinates":[[[35.048076923077,4.31654676259],[35.264423076923,4.31654676259],[35.264423076923,4.532374100719],[35.177390258569,4.532374100719],[35.048076923077,4.532374100719],[35.048076923077,4.31654676259]]],"type":"Polygon"},"id":87,"properties":{"parentKey":"KEN:1159308877","sourceCountryId":"KEN","syntheticOperational":true,"territoryId":"territory:catalog:a23352ed957d239c2b6569605dec40ccb41e63bd38e8d804ed2613798cb490b7"},"type":"Feature"},{"geometry":{"coordinates":[[[38.63309352518,-0.455291828063],[38.744498597677,-0.647482014388],[38.848920863309,-0.647482014388],[38.848920863309,-0.431654676259],[38.63309352518,-0.431654676259],[38.63309352518,-0.455291828063]]],"type":"Polygon"},"id":88,"properties":{"parentKey":"KEN:1159309927","sourceCountryId":"KEN","syntheticOperational":true,"territoryId":"territory:catalog:fcac46d208752b5a5fc64aa9a2fcb5afd3252d0cc1efa18373a5cc8a922edcaf"},"type":"Feature"},{"geometry":{"coordinates":[[[36.690647482014,1.510791366906],[36.906474820144,1.510791366906],[36.906474820144,1.726618705036],[36.690647482014,1.726618705036],[36.690647482014,1.510791366906]]],"type":"Polygon"},"id":89,"properties":{"parentKey":"KEN:1159308877","sourceCountryId":"KEN","syntheticOperational":true,"territoryId":"territory:catalog:7f90d9a6e43e2f4a26716f4cba34e05b9faeac0f3f9db12695fefde437474230"},"type":"Feature"},{"geometry":{"coordinates":[[[37.122302158273,0.554970359683],[37.330931,0.528185],[37.338129496403,0.526138529338],[37.338129496403,0.647482014388],[37.122302158273,0.647482014388],[37.122302158273,0.554970359683]]],"type":"Polygon"},"id":90,"properties":{"parentKey":"KEN:1159308875","sourceCountryId":"KEN","syntheticOperational":true,"territoryId":"territory:catalog:3c693485fda6d76db79225fa2d981b9c4706d7dc68391bf6f899e60772fb5602"},"type":"Feature"},{"geometry":{"coordinates":[[[40.0599880024,-2.805755395683],[40.186531731009,-2.805755395683],[40.172618,-2.787205],[40.170665,-2.779474],[40.174978,-2.762628],[40.204845,-2.724867],[40.223318,-2.683038],[40.232107,-2.669041],[40.243907,-2.656671],[40.275944811038,-2.630758357855],[40.275944811038,-2.589928057554],[40.0599880024,-2.589928057554],[40.0599880024,-2.805755395683]]],"type":"Polygon"},"id":91,"properties":{"parentKey":"KEN:1159309927","sourceCountryId":"KEN","syntheticOperational":true,"territoryId":"territory:catalog:03941d464c7e12d89d02382695c66a6b598ca59edd3a740605b6ef80b1a4269d"},"type":"Feature"},{"geometry":{"coordinates":[[[39.543817527011,-3.237410071942],[39.759903961585,-3.237410071942],[39.759903961585,-3.021582733813],[39.543817527011,-3.021582733813],[39.543817527011,-3.237410071942]]],"type":"Polygon"},"id":92,"properties":{"parentKey":"KEN:1159309927","sourceCountryId":"KEN","syntheticOperational":true,"territoryId":"territory:catalog:a3a2aaac86dfe6da78ac7c374ba21664d297a42667c1c55c48cdc93db8c4af28"},"type":"Feature"},{"geometry":{"coordinates":[[[34.918918918919,3.453237410072],[35.00600240096,3.453237410072],[35.135135135135,3.453237410072],[35.135135135135,3.669064748201],[34.918918918919,3.669064748201],[34.918918918919,3.453237410072]]],"type":"Polygon"},"id":93,"properties":{"parentKey":"KEN:1159308877","sourceCountryId":"KEN","syntheticOperational":true,"territoryId":"territory:catalog:0480de43317ab802d30817a7405fe407141c41e1150cb93073bb2bd01ffcd455"},"type":"Feature"},{"geometry":{"coordinates":[[[39.628074385123,-2.805755395683],[39.759903961585,-2.805755395683],[39.844031193761,-2.805755395683],[39.844031193761,-2.589928057554],[39.628074385123,-2.589928057554],[39.628074385123,-2.805755395683]]],"type":"Polygon"},"id":94,"properties":{"parentKey":"KEN:1159309927","sourceCountryId":"KEN","syntheticOperational":true,"territoryId":"territory:catalog:f0d14af0acd9997c80af7a672236a5b34b4763747614720f62a7393a987f6549"},"type":"Feature"},{"geometry":{"coordinates":[[[40.575539568345,1.294964028777],[40.791366906475,1.294964028777],[40.791366906475,1.510791366906],[40.575539568345,1.510791366906],[40.575539568345,1.294964028777]]],"type":"Polygon"},"id":95,"properties":{"parentKey":"KEN:1159308881","sourceCountryId":"KEN","syntheticOperational":true,"territoryId":"territory:catalog:b3c6770995ec5d2740fb5ccfb8d60a327264fc0ce1f99d4af51388126dd11714"},"type":"Feature"},{"geometry":{"coordinates":[[[38.848920863309,-1.294964028777],[38.997508879953,-1.294964028777],[38.996514,-1.146286],[38.989383,-1.124169],[38.968744625962,-1.079136690647],[38.848920863309,-1.079136690647],[38.848920863309,-1.294964028777]]],"type":"Polygon"},"id":96,"properties":{"parentKey":"KEN:1159308875","sourceCountryId":"KEN","syntheticOperational":true,"territoryId":"territory:catalog:fed98f080e6dea81d29e2610f92733d72669f2a625161cb28bd92a303a041964"},"type":"Feature"},{"geometry":{"coordinates":[[[38.980203959208,-2.805755395683],[39.111644657863,-2.805755395683],[39.196160767846,-2.805755395683],[39.196160767846,-2.589928057554],[38.980203959208,-2.589928057554],[38.980203959208,-2.805755395683]]],"type":"Polygon"},"id":97,"properties":{"parentKey":"KEN:1159309927","sourceCountryId":"KEN","syntheticOperational":true,"territoryId":"territory:catalog:a7c736e94637b896fce810db677b7bc3fdf88ba3c7c1d4defa176f089da6e44e"},"type":"Feature"},{"geometry":{"coordinates":[[[37.122302158273,1.294964028777],[37.338129496403,1.294964028777],[37.338129496403,1.510791366906],[37.122302158273,1.510791366906],[37.122302158273,1.294964028777]]],"type":"Polygon"},"id":98,"properties":{"parentKey":"KEN:1159308877","sourceCountryId":"KEN","syntheticOperational":true,"territoryId":"territory:catalog:cb2eae4b9bfba40d64e0b5867e303ad4db982e8929089e99f2e59772ebf8c0f0"},"type":"Feature"},{"geometry":{"coordinates":[[[35.179856115108,-1.510791366906],[35.395683453237,-1.510791366906],[35.395683453237,-1.294964028777],[35.179856115108,-1.294964028777],[35.179856115108,-1.510791366906]]],"type":"Polygon"},"id":99,"properties":{"parentKey":"KEN:1159308877","sourceCountryId":"KEN","syntheticOperational":true,"territoryId":"territory:catalog:6b2a77467148ca313ec70fe37bae69d9575b46acb0327e52e7b321d317946f31"},"type":"Feature"},{"geometry":{"coordinates":[[[38.116376724655,1.942446043165],[38.201438848921,1.942446043165],[38.332333533293,1.942446043165],[38.332333533293,2.158273381295],[38.116376724655,2.158273381295],[38.116376724655,1.942446043165]]],"type":"Polygon"},"id":100,"properties":{"parentKey":"KEN:1159308875","sourceCountryId":"KEN","syntheticOperational":true,"territoryId":"territory:catalog:7d7455068f8338f45e9b1f5a89c6168b600f4f76c936429652ea160245535eca"},"type":"Feature"},{"geometry":{"coordinates":[[[34.31654676259,-1.079136690647],[34.532374100719,-1.079136690647],[34.532374100719,-0.863309352518],[34.31654676259,-0.863309352518],[34.31654676259,-1.079136690647]]],"type":"Polygon"},"id":101,"properties":{"parentKey":"KEN:1159310041","sourceCountryId":"KEN","syntheticOperational":true,"territoryId":"territory:catalog:8afd4b3d82c24627e8bb762fa3b56cf2400a02055e72904cc573173e5768b14d"},"type":"Feature"},{"geometry":{"coordinates":[[[39.496402877698,0],[39.712230215827,0],[39.712230215827,0.215827338129],[39.496402877698,0.215827338129],[39.496402877698,0]]],"type":"Polygon"},"id":102,"properties":{"parentKey":"KEN:1159308881","sourceCountryId":"KEN","syntheticOperational":true,"territoryId":"territory:catalog:f770ce4828ff9d7cd8af485da5b556cd55d2c651f96d6a2e9ac63462dc86a467"},"type":"Feature"},{"geometry":{"coordinates":[[[36.302521008403,3.021582733813],[36.518607442977,3.021582733813],[36.518607442977,3.237410071942],[36.302521008403,3.237410071942],[36.302521008403,3.021582733813]]],"type":"Polygon"},"id":103,"properties":{"parentKey":"KEN:1159308875","sourceCountryId":"KEN","syntheticOperational":true,"territoryId":"territory:catalog:4fbed943473afc7a6bf6f76837f4d223c69c096c4b7e57253dc0ee2a4a815234"},"type":"Feature"},{"geometry":{"coordinates":[[[36.258992805755,-0.390600678451],[36.261332,-0.392069],[36.265518,-0.393774],[36.270479,-0.395169],[36.27637,-0.395789],[36.288152,-0.394291],[36.310218,-0.38871],[36.315799,-0.38809],[36.32107,-0.388193],[36.324946,-0.390363],[36.327736,-0.394239],[36.329752,-0.398993],[36.332232,-0.402766],[36.335488,-0.405505],[36.340139,-0.405556],[36.370111,-0.399769],[36.373987,-0.399769],[36.377397,-0.401474],[36.380033,-0.40504],[36.382048,-0.40969],[36.386544,-0.425503],[36.387009,-0.431395],[36.386970644358,-0.431654676259],[36.474820143885,-0.431654676259],[36.474820143885,-0.21582733813],[36.258992805755,-0.21582733813],[36.258992805755,-0.390600678451]]],"type":"Polygon"},"id":104,"properties":{"parentKey":"KEN:1159310037","sourceCountryId":"KEN","syntheticOperational":true,"territoryId":"territory:catalog:8ab2c21663169e8ccac737a9574ec733e625d4125317bbb25b7d1d0d0229069e"},"type":"Feature"},{"geometry":{"coordinates":[[[35.395683453237,-0.647482014388],[35.611510791367,-0.647482014388],[35.611510791367,-0.431654676259],[35.395683453237,-0.431654676259],[35.395683453237,-0.647482014388]]],"type":"Polygon"},"id":105,"properties":{"parentKey":"KEN:1159308877","sourceCountryId":"KEN","syntheticOperational":true,"territoryId":"territory:catalog:64a5c3305cb80b347043e046642d71fc48d7c0fd67b7dab8e49d3fb359f24ed4"},"type":"Feature"},{"geometry":{"coordinates":[[[35.827338129496,-0.21582733813],[36.043165467626,-0.21582733813],[36.043165467626,0],[35.827338129496,0],[35.827338129496,-0.21582733813]]],"type":"Polygon"},"id":106,"properties":{"parentKey":"KEN:1159308877","sourceCountryId":"KEN","syntheticOperational":true,"territoryId":"territory:catalog:43d5868614807e8d2b2c7886fdca4c344581af92118c6e9ddd3c2af416fbb6ea"},"type":"Feature"},{"geometry":{"coordinates":[[[41.438848920863,-1.804607134755],[41.458344,-1.774835],[41.505453253482,-1.726618705036],[41.438848920863,-1.726618705036],[41.438848920863,-1.804607134755]]],"type":"Polygon"},"id":107,"properties":{"parentKey":"KEN:1159309927","sourceCountryId":"KEN","syntheticOperational":true,"territoryId":"territory:catalog:533a45e6c704a7081f08d6cba6fae12c38ffa52d9594903f9a16533db118d728"},"type":"Feature"},{"geometry":{"coordinates":[[[37.684463107379,2.158273381295],[37.900419916017,2.158273381295],[37.900419916017,2.374100719424],[37.684463107379,2.374100719424],[37.684463107379,2.158273381295]]],"type":"Polygon"},"id":108,"properties":{"parentKey":"KEN:1159308875","sourceCountryId":"KEN","syntheticOperational":true,"territoryId":"territory:catalog:af716eb6e3417dcd9546d680c69f4dc488884c469a82826bd4efddd7eea08185"},"type":"Feature"},{"geometry":{"coordinates":[[[34.895147049047,-1.510791366906],[34.895699343193,-1.511099557449],[34.964028776978,-1.549228669385],[34.964028776978,-1.510791366906],[34.895147049047,-1.510791366906]]],"type":"Polygon"},"id":109,"properties":{"parentKey":"KEN:1159308877","sourceCountryId":"KEN","syntheticOperational":true,"territoryId":"territory:catalog:70687386e7d48209605ee4c7f9de46759d4f48ccb3fea132a694b1712691a582"},"type":"Feature"},{"geometry":{"coordinates":[[[38.201438848921,-1.079136690647],[38.41726618705,-1.079136690647],[38.41726618705,-0.863309352518],[38.201438848921,-0.863309352518],[38.201438848921,-1.079136690647]]],"type":"Polygon"},"id":110,"properties":{"parentKey":"KEN:1159308875","sourceCountryId":"KEN","syntheticOperational":true,"territoryId":"territory:catalog:eaae41dbe5d69e3908746be73080eed6d6a480c1ff05b953fe12da3476fd4135"},"type":"Feature"},{"geometry":{"coordinates":[[[35.264423076923,4.31654676259],[35.480769230769,4.31654676259],[35.480769230769,4.532374100719],[35.393866506314,4.532374100719],[35.264423076923,4.532374100719],[35.264423076923,4.31654676259]]],"type":"Polygon"},"id":111,"properties":{"parentKey":"KEN:1159308877","sourceCountryId":"KEN","syntheticOperational":true,"territoryId":"territory:catalog:ad165b32f7a3d96e03b9f71280e72f7e317c74d5dd2d52657a84d3866441ecc2"},"type":"Feature"},{"geometry":{"coordinates":[[[34.10071942446,-0.647482014388],[34.31654676259,-0.647482014388],[34.31654676259,-0.431654676259],[34.10071942446,-0.431654676259],[34.10071942446,-0.647482014388]]],"type":"Polygon"},"id":112,"properties":{"parentKey":"KEN:1159310041","sourceCountryId":"KEN","syntheticOperational":true,"territoryId":"territory:catalog:c75a1cff5d4594937abb5f936c493e157abf34b570983069ae799ddd66377f4e"},"type":"Feature"},{"geometry":{"coordinates":[[[33.894809,-0.662749],[33.89853,-0.799072],[33.900324217776,-0.863309352518],[34.10071942446,-0.863309352518],[34.10071942446,-0.647482014388],[33.896568937967,-0.647482014388],[33.894809,-0.662749]]],"type":"Polygon"},"id":113,"properties":{"parentKey":"KEN:1159310041","sourceCountryId":"KEN","syntheticOperational":true,"territoryId":"territory:catalog:b10dea34af2a61354086414851f20f0f8f499b9e254fceab95fcf5d659b96533"},"type":"Feature"},{"geometry":{"coordinates":[[[40.791366906475,-1.942446043165],[40.923815236953,-1.942446043165],[40.97024766593,-1.942446043165],[40.970714,-1.928969],[41.006114,-1.901788],[40.991059,-1.924086],[40.98699,-1.936456],[40.988046862694,-1.942446043165],[41.007194244604,-1.942446043165],[41.007194244604,-1.726618705036],[40.961871849834,-1.726618705036],[40.791366906475,-1.802878241363],[40.791366906475,-1.942446043165]]],"type":"Polygon"},"id":114,"properties":{"parentKey":"KEN:1159309927","sourceCountryId":"KEN","syntheticOperational":true,"territoryId":"territory:catalog:e517ff5f0b6223c8cb804d4bdcfe0b4d63b83c725875bac8e9c638b29892488a"},"type":"Feature"},{"geometry":{"coordinates":[[[37.769784172662,0.647482014388],[37.985611510791,0.647482014388],[37.985611510791,0.786557165423],[37.968515,0.769101],[37.953167,0.756492],[37.913583,0.734064],[37.906917,0.733444],[37.901335,0.734581],[37.89746,0.737165],[37.888778,0.741919],[37.882422,0.742177],[37.875136,0.740885],[37.856325,0.729827],[37.850279,0.725331],[37.845783,0.720628],[37.838032,0.705745],[37.833846,0.700164],[37.828885,0.696237],[37.819532,0.692103],[37.795812,0.684558],[37.789766,0.683938],[37.78372,0.684145],[37.772248,0.685902],[37.769784172662,0.686024657215],[37.769784172662,0.647482014388]]],"type":"Polygon"},"id":115,"properties":{"parentKey":"KEN:1159308875","sourceCountryId":"KEN","syntheticOperational":true,"territoryId":"territory:catalog:4d3fd0a65412c0f69b8d6a06340fa730006760b3b93b41d80af97a59d251e70c"},"type":"Feature"},{"geometry":{"coordinates":[[[37.985611510791,0],[38.201438848921,0],[38.201438848921,0.215827338129],[37.985611510791,0.215827338129],[37.985611510791,0]]],"type":"Polygon"},"id":116,"properties":{"parentKey":"KEN:1159308875","sourceCountryId":"KEN","syntheticOperational":true,"territoryId":"territory:catalog:6e735297e07d2cc8e5b70e597fea7a9480142311621f34196721bcc2b732219a"},"type":"Feature"},{"geometry":{"coordinates":[[[34.615384615385,4.31654676259],[34.831730769231,4.31654676259],[34.831730769231,4.532374100719],[34.744437763079,4.532374100719],[34.615384615385,4.532374100719],[34.615384615385,4.31654676259]]],"type":"Polygon"},"id":117,"properties":{"parentKey":"KEN:1159308877","sourceCountryId":"KEN","syntheticOperational":true,"territoryId":"territory:catalog:ea44490b577074366e3ed0eb4923408dbaf80c3a49b5449b1b2f6943b1cae95c"},"type":"Feature"},{"geometry":{"coordinates":[[[38.848920863309,-1.079136690647],[38.968744625962,-1.079136690647],[38.870682,-0.865167],[38.869605195006,-0.863309352518],[38.848920863309,-0.863309352518],[38.848920863309,-1.079136690647]]],"type":"Polygon"},"id":118,"properties":{"parentKey":"KEN:1159308875","sourceCountryId":"KEN","syntheticOperational":true,"territoryId":"territory:catalog:f2c1c5244e65a2507fc6dc12d8dc4def268f778efdab2b3391222c4a93c33a27"},"type":"Feature"},{"geometry":{"coordinates":[[[34.826916071173,2.589928057554],[34.828086,2.588784],[34.841832,2.58775],[34.844207821643,2.589928057554],[34.826916071173,2.589928057554]]],"type":"Polygon"},"id":119,"properties":{"parentKey":"KEN:1159308877","sourceCountryId":"KEN","syntheticOperational":true,"territoryId":"territory:catalog:a0b69220777ee414738aa19904f0689a1865dd07487193a82a57f5f6066f7b54"},"type":"Feature"},{"geometry":{"coordinates":[[[39.712230215827,-0.21582733813],[39.928057553957,-0.21582733813],[39.928057553957,0],[39.712230215827,0],[39.712230215827,-0.21582733813]]],"type":"Polygon"},"id":120,"properties":{"parentKey":"KEN:1159308881","sourceCountryId":"KEN","syntheticOperational":true,"territoryId":"territory:catalog:5ddde54d6e0c4246263ad9f71b3b42b2b30337531510f2c0de03ed480e60be84"},"type":"Feature"},{"geometry":{"coordinates":[[[37.122302158273,-0.431654676259],[37.338129496403,-0.431654676259],[37.338129496403,-0.21582733813],[37.122302158273,-0.21582733813],[37.122302158273,-0.431654676259]]],"type":"Polygon"},"id":121,"properties":{"parentKey":"KEN:1159310037","sourceCountryId":"KEN","syntheticOperational":true,"territoryId":"territory:catalog:51a0095e755213f9bc106807d7ca0fbd242d3edf3f613c9f03cbb88bf63ef4cd"},"type":"Feature"},{"geometry":{"coordinates":[[[34.292542898195,4.532374100719],[34.311485267589,4.532374100719],[34.311485267589,4.551132441712],[34.292542898195,4.532374100719]]],"type":"Polygon"},"id":122,"properties":{"parentKey":"KEN:1159308877","sourceCountryId":"KEN","syntheticOperational":true,"territoryId":"territory:catalog:f1cdf97a86ec59b366994680f268563be4c6b0e59df878d3260d26d6410594f0"},"type":"Feature"},{"geometry":{"coordinates":[[[36.604679064187,2.374100719424],[36.797232674548,2.374100719424],[36.745902,2.519433],[36.740011,2.531758],[36.73288,2.53907],[36.720477,2.542016],[36.70823,2.542093],[36.696706,2.53814],[36.708437,2.508478],[36.702546,2.486386],[36.691073,2.467214],[36.636038,2.409026],[36.627977,2.404531],[36.622085,2.40329],[36.604679064187,2.405917590862],[36.604679064187,2.374100719424]]],"type":"Polygon"},"id":123,"properties":{"parentKey":"KEN:1159308877","sourceCountryId":"KEN","syntheticOperational":true,"territoryId":"territory:catalog:59fa742ccae9561057afe72008ee1841d5e8d29fbf6024048a2b993456155d4b"},"type":"Feature"},{"geometry":{"coordinates":[[[37.306403031313,-1.079136690647],[37.321164,-1.089494],[37.323335,-1.089649],[37.32566,-1.088099],[37.334878328142,-1.079136690647],[37.306403031313,-1.079136690647]]],"type":"Polygon"},"id":124,"properties":{"parentKey":"KEN:1159310037","sourceCountryId":"KEN","syntheticOperational":true,"territoryId":"territory:catalog:fd51e60470a82be6f50cdfc54a2d552d3831fa0bf5b09433fa77bee079492936"},"type":"Feature"},{"geometry":{"coordinates":[[[40.359712230216,-1.942446043165],[40.479314128724,-1.942446043165],[40.575539568345,-1.899408537836],[40.575539568345,-1.726618705036],[40.359712230216,-1.726618705036],[40.359712230216,-1.942446043165]]],"type":"Polygon"},"id":125,"properties":{"parentKey":"KEN:1159308881","sourceCountryId":"KEN","syntheticOperational":true,"territoryId":"territory:catalog:8393d29ead15136ca5413ab333b1ebba8d9088f2512840c5e4ebcdd1c8c9dbb6"},"type":"Feature"},{"geometry":{"coordinates":[[[39.543817527011,3.021582733813],[39.759903961585,3.021582733813],[39.759903961585,3.237410071942],[39.543817527011,3.237410071942],[39.543817527011,3.021582733813]]],"type":"Polygon"},"id":126,"properties":{"parentKey":"KEN:1159308881","sourceCountryId":"KEN","syntheticOperational":true,"territoryId":"territory:catalog:496f5110faf542f2103f6bff13192a81cf2fd52e2d81752226c20de048302582"},"type":"Feature"},{"geometry":{"coordinates":[[[37.122302158273,0.215827338129],[37.338129496403,0.215827338129],[37.338129496403,0.431654676259],[37.122302158273,0.431654676259],[37.122302158273,0.215827338129]]],"type":"Polygon"},"id":127,"properties":{"parentKey":"KEN:1159308877","sourceCountryId":"KEN","syntheticOperational":true,"territoryId":"territory:catalog:a609257aa2641ebf0b757b36d8d836fd2253c4f934088a6beb6839e5947dcbe2"},"type":"Feature"},{"geometry":{"coordinates":[[[40.540540540541,3.669064748201],[40.756756756757,3.669064748201],[40.756756756757,3.884892086331],[40.540540540541,3.884892086331],[40.540540540541,3.669064748201]]],"type":"Polygon"},"id":128,"properties":{"parentKey":"KEN:1159308881","sourceCountryId":"KEN","syntheticOperational":true,"territoryId":"territory:catalog:e4ce1c2cb18333bd49277e65f5634bdfd4e33e45a124b965b2386f2625f3c4f9"},"type":"Feature"},{"geometry":{"coordinates":[[[38.41726618705,0],[38.63309352518,0],[38.63309352518,0.215827338129],[38.41726618705,0.215827338129],[38.41726618705,0]]],"type":"Polygon"},"id":129,"properties":{"parentKey":"KEN:1159308875","sourceCountryId":"KEN","syntheticOperational":true,"territoryId":"territory:catalog:3ae1be81966fd63f0c177485ffc30b2bfdb38f80a16651563eaecc396d74eafc"},"type":"Feature"},{"geometry":{"coordinates":[[[37.684463107379,2.589928057554],[37.900419916017,2.589928057554],[37.900419916017,2.805755395683],[37.81512605042,2.805755395683],[37.684463107379,2.805755395683],[37.684463107379,2.589928057554]]],"type":"Polygon"},"id":130,"properties":{"parentKey":"KEN:1159308875","sourceCountryId":"KEN","syntheticOperational":true,"territoryId":"territory:catalog:33703d554bfcb48a42a2b1c8b9c9257b253e01a57e1c94c8beebde4089b8522e"},"type":"Feature"},{"geometry":{"coordinates":[[[34.074832171762,4.31654676259],[34.182692307692,4.31654676259],[34.182692307692,4.423442156731],[34.179133,4.419912],[34.078157,4.319841],[34.074832171762,4.31654676259]]],"type":"Polygon"},"id":131,"properties":{"parentKey":"KEN:1159308877","sourceCountryId":"KEN","syntheticOperational":true,"territoryId":"territory:catalog:d3aaed36ca6663e5a83b917003af400c786d38941ad960c269d149508edec751"},"type":"Feature"},{"geometry":{"coordinates":[[[36.388722255549,2.589928057554],[36.49543652967,2.589928057554],[36.4946,2.591341],[36.477236,2.611753],[36.443647,2.630692],[36.436825,2.654438],[36.437135,2.723555],[36.436205,2.730376],[36.431451,2.741409],[36.41786,2.763914],[36.410677,2.791354],[36.404071926651,2.805755395683],[36.388722255549,2.805755395683],[36.388722255549,2.589928057554]]],"type":"Polygon"},"id":132,"properties":{"parentKey":"KEN:1159308877","sourceCountryId":"KEN","syntheticOperational":true,"territoryId":"territory:catalog:32b0b27309521aa08ebe7daef62a5d3b13208f27faba88f25b8b27686290432a"},"type":"Feature"},{"geometry":{"coordinates":[[[36.474820143885,0.647482014388],[36.690647482014,0.647482014388],[36.690647482014,0.863309352518],[36.474820143885,0.863309352518],[36.474820143885,0.647482014388]]],"type":"Polygon"},"id":133,"properties":{"parentKey":"KEN:1159308877","sourceCountryId":"KEN","syntheticOperational":true,"territoryId":"territory:catalog:2fb20be93306697b11baf8559e2f45bb98a72c85b44835fbf5cf12bc7cb66867"},"type":"Feature"},{"geometry":{"coordinates":[[[37.684463107379,-2.805755395683],[37.81512605042,-2.805755395683],[37.900419916017,-2.805755395683],[37.900419916017,-2.713218480035],[37.89653,-2.703762],[37.797839106471,-2.589928057554],[37.684463107379,-2.589928057554],[37.684463107379,-2.805755395683]]],"type":"Polygon"},"id":134,"properties":{"parentKey":"KEN:1159308877","sourceCountryId":"KEN","syntheticOperational":true,"territoryId":"territory:catalog:662a4dd0e8230335bb2405e6dc80fb20fdac5253e2ff82add62b3c6d5b92dc0f"},"type":"Feature"},{"geometry":{"coordinates":[[[36.388722255549,2.158273381295],[36.604679064187,2.158273381295],[36.604679064187,2.374100719424],[36.388722255549,2.374100719424],[36.388722255549,2.158273381295]]],"type":"Polygon"},"id":135,"properties":{"parentKey":"KEN:1159308877","sourceCountryId":"KEN","syntheticOperational":true,"territoryId":"territory:catalog:e99b865ec619141a9056305228228fb8a7df1eed1f651eb1f1c1ec67d9f7fc65"},"type":"Feature"},{"geometry":{"coordinates":[[[40.575539568345,1.510791366906],[40.791366906475,1.510791366906],[40.791366906475,1.726618705036],[40.575539568345,1.726618705036],[40.575539568345,1.510791366906]]],"type":"Polygon"},"id":136,"properties":{"parentKey":"KEN:1159308881","sourceCountryId":"KEN","syntheticOperational":true,"territoryId":"territory:catalog:d6b1603e4a3d0c7e9f430aadaad8cc45bccf6b73683e399a199c4874c9c1bb0d"},"type":"Feature"},{"geometry":{"coordinates":[[[38.63309352518,1.726618705036],[38.848920863309,1.726618705036],[38.848920863309,1.942446043165],[38.76424715057,1.942446043165],[38.63309352518,1.942446043165],[38.63309352518,1.726618705036]]],"type":"Polygon"},"id":137,"properties":{"parentKey":"KEN:1159308875","sourceCountryId":"KEN","syntheticOperational":true,"territoryId":"territory:catalog:9d7df5a1bda19ed759d4f0f084e648b36ed68c4583d75a2dc25bc4273e1f0e52"},"type":"Feature"},{"geometry":{"coordinates":[[[37.553956834532,1.422622028176],[37.55686,1.42074],[37.561821,1.418725],[37.567557,1.417795],[37.573604,1.41764],[37.579185,1.41857],[37.584456,1.419965],[37.598305,1.426244],[37.608692,1.429345],[37.637837,1.43322],[37.648276,1.436088],[37.65303,1.437949],[37.661609,1.443065],[37.665329,1.445959],[37.673701,1.450842],[37.678662,1.452392],[37.684088,1.45278],[37.701296,1.450299],[37.71313,1.451152],[37.718401,1.452547],[37.736384,1.461772],[37.751732,1.472003],[37.756228,1.473967],[37.761344,1.475285],[37.767132,1.475983],[37.769784172662,1.475983],[37.769784172662,1.510791366906],[37.553956834532,1.510791366906],[37.553956834532,1.422622028176]]],"type":"Polygon"},"id":138,"properties":{"parentKey":"KEN:1159308875","sourceCountryId":"KEN","syntheticOperational":true,"territoryId":"territory:catalog:ff9e4bbf4415255c484056c78126eb449a1656febf238017fba78300d74a14e9"},"type":"Feature"},{"geometry":{"coordinates":[[[37.252549490102,-2.805755395683],[37.382953181273,-2.805755395683],[37.46850629874,-2.805755395683],[37.46850629874,-2.589928057554],[37.252549490102,-2.589928057554],[37.252549490102,-2.805755395683]]],"type":"Polygon"},"id":139,"properties":{"parentKey":"KEN:1159308877","sourceCountryId":"KEN","syntheticOperational":true,"territoryId":"territory:catalog:55059ed96e4ddeeff4d4c48368378910333febee3a60f285f7993cf6e191c130"},"type":"Feature"},{"geometry":{"coordinates":[[[38.41726618705,-0.647482014388],[38.63309352518,-0.647482014388],[38.63309352518,-0.455291828063],[38.619392000348,-0.431654676259],[38.41726618705,-0.431654676259],[38.41726618705,-0.647482014388]]],"type":"Polygon"},"id":140,"properties":{"parentKey":"KEN:1159308875","sourceCountryId":"KEN","syntheticOperational":true,"territoryId":"territory:catalog:0c2804f9d39c1b4124d44bc8928131ce6d3779046e2d514c17a626db98071f1b"},"type":"Feature"},{"geometry":{"coordinates":[[[35.026899368523,-0.431654676259],[35.029263,-0.435219],[35.030968,-0.440231],[35.031898,-0.446071],[35.027867,-0.47966],[35.028022,-0.48488],[35.030658,-0.499349],[35.031278,-0.501313],[35.032518,-0.504465],[35.039805,-0.515886],[35.04151,-0.51971],[35.04244,-0.52374],[35.054222,-0.631589],[35.053277174703,-0.647482014388],[35.179856115108,-0.647482014388],[35.179856115108,-0.431654676259],[35.026899368523,-0.431654676259]]],"type":"Polygon"},"id":141,"properties":{"parentKey":"KEN:1159308877","sourceCountryId":"KEN","syntheticOperational":true,"territoryId":"territory:catalog:513a981cdec57602d97ac485860dbb673c41211adaf932ea80764d501c10a6ec"},"type":"Feature"},{"geometry":{"coordinates":[[[39.412117576485,-2.589928057554],[39.628074385123,-2.589928057554],[39.628074385123,-2.374100719424],[39.412117576485,-2.374100719424],[39.412117576485,-2.589928057554]]],"type":"Polygon"},"id":142,"properties":{"parentKey":"KEN:1159309927","sourceCountryId":"KEN","syntheticOperational":true,"territoryId":"territory:catalog:03c1a59a8836ed4c2b07c27e445aa6d2821dae7a7ff0ad09b6ae76bf3bbe326b"},"type":"Feature"},{"geometry":{"coordinates":[[[39.158653846154,-4.532374100719],[39.290438965725,-4.532374100719],[39.375,-4.532374100719],[39.375,-4.31654676259],[39.158653846154,-4.31654676259],[39.158653846154,-4.532374100719]]],"type":"Polygon"},"id":143,"properties":{"parentKey":"KEN:1159309927","sourceCountryId":"KEN","syntheticOperational":true,"territoryId":"territory:catalog:2995d556064fd66eed67439658c13424a96f8b4d6dc83decdb1aeade6c755544"},"type":"Feature"},{"geometry":{"coordinates":[[[37.769784172662,0.215827338129],[37.985611510791,0.215827338129],[37.985611510791,0.431654676259],[37.769784172662,0.431654676259],[37.769784172662,0.215827338129]]],"type":"Polygon"},"id":144,"properties":{"parentKey":"KEN:1159308875","sourceCountryId":"KEN","syntheticOperational":true,"territoryId":"territory:catalog:b56616ed11722ed570288189b4e220af3ca8b6daf3508711dff0f166bf9c58ce"},"type":"Feature"},{"geometry":{"coordinates":[[[36.120876,3.008137],[36.126922,2.987725],[36.142166,2.982299],[36.182319,2.983617],[36.190019,2.979431],[36.20299,2.966021],[36.213376,2.963153],[36.223453,2.967339],[36.23999,2.982066],[36.247535,2.980516],[36.251565,2.97261],[36.258077,2.942663],[36.261487,2.938477],[36.302521008403,2.902637169876],[36.302521008403,3.021582733813],[36.124270995415,3.021582733813],[36.120876,3.008137]]],"type":"Polygon"},"id":145,"properties":{"parentKey":"KEN:1159308875","sourceCountryId":"KEN","syntheticOperational":true,"territoryId":"territory:catalog:67c8e6d888b6df5a569cff7e5969574c613c48b969d594fdca886494606fdfc1"},"type":"Feature"},{"geometry":{"coordinates":[[[38.463385354142,3.021582733813],[38.679471788715,3.021582733813],[38.679471788715,3.237410071942],[38.463385354142,3.237410071942],[38.463385354142,3.021582733813]]],"type":"Polygon"},"id":146,"properties":{"parentKey":"KEN:1159308875","sourceCountryId":"KEN","syntheticOperational":true,"territoryId":"territory:catalog:8e55d7d1afca4c4513048dc70dafa40502a750bb207c50db7cabdc4dda9d10cc"},"type":"Feature"},{"geometry":{"coordinates":[[[37.46850629874,2.589928057554],[37.684463107379,2.589928057554],[37.684463107379,2.805755395683],[37.599039615846,2.805755395683],[37.46850629874,2.805755395683],[37.46850629874,2.589928057554]]],"type":"Polygon"},"id":147,"properties":{"parentKey":"KEN:1159308875","sourceCountryId":"KEN","syntheticOperational":true,"territoryId":"territory:catalog:fd698f1b23ff11e3915aadda7011febd763abc5fab4a450df4371d2c3e1c15a9"},"type":"Feature"},{"geometry":{"coordinates":[[[38.41726618705,1.726618705036],[38.63309352518,1.726618705036],[38.63309352518,1.942446043165],[38.548290341932,1.942446043165],[38.41726618705,1.942446043165],[38.41726618705,1.726618705036]]],"type":"Polygon"},"id":148,"properties":{"parentKey":"KEN:1159308875","sourceCountryId":"KEN","syntheticOperational":true,"territoryId":"territory:catalog:0bdc8c8c84a40cde036a954ac4e458e9bcfa6ac3261e68f5f622d673bda348db"},"type":"Feature"},{"geometry":{"coordinates":[[[39.327731092437,-3.453237410072],[39.459459459459,-3.453237410072],[39.543817527011,-3.453237410072],[39.543817527011,-3.237410071942],[39.327731092437,-3.237410071942],[39.327731092437,-3.453237410072]]],"type":"Polygon"},"id":149,"properties":{"parentKey":"KEN:1159309927","sourceCountryId":"KEN","syntheticOperational":true,"territoryId":"territory:catalog:760720120b606701300c0266a78bdea6a9881d85e0f0d02067cd1bee0f4d6a67"},"type":"Feature"},{"geometry":{"coordinates":[[[40.359712230216,0.215827338129],[40.575539568345,0.215827338129],[40.575539568345,0.431654676259],[40.359712230216,0.431654676259],[40.359712230216,0.215827338129]]],"type":"Polygon"},"id":150,"properties":{"parentKey":"KEN:1159308881","sourceCountryId":"KEN","syntheticOperational":true,"territoryId":"territory:catalog:eeae839a0345bae5c565f2369146c67e8871186a5a0b57300394036ee6ec4671"},"type":"Feature"},{"geometry":{"coordinates":[[[41.139772045591,-2.114956767517],[41.155284,-2.112074],[41.162771,-2.090916],[41.143321,-2.059503],[41.139772045591,-2.05748297976],[41.139772045591,-2.114956767517]]],"type":"Polygon"},"id":151,"properties":{"parentKey":"KEN:1159309927","sourceCountryId":"KEN","syntheticOperational":true,"territoryId":"territory:catalog:11ece8b940177353749d8e04a33098c47796ddb9e7148c5640796113983aad62"},"type":"Feature"},{"geometry":{"coordinates":[[[35.611510791367,-1.910727092594],[35.630207,-1.921174],[35.668295080424,-1.942446043165],[35.740851829634,-1.942446043165],[35.827338129496,-1.942446043165],[35.827338129496,-1.726618705036],[35.611510791367,-1.726618705036],[35.611510791367,-1.910727092594]]],"type":"Polygon"},"id":152,"properties":{"parentKey":"KEN:1159308877","sourceCountryId":"KEN","syntheticOperational":true,"territoryId":"territory:catalog:48f71c959a6548dfbf1d13c71ba2ce6ec2f72ade59c4a30b3b4cf90ef6992b33"},"type":"Feature"},{"geometry":{"coordinates":[[[39.712230215827,-0.431654676259],[39.928057553957,-0.431654676259],[39.928057553957,-0.21582733813],[39.712230215827,-0.21582733813],[39.712230215827,-0.431654676259]]],"type":"Polygon"},"id":153,"properties":{"parentKey":"KEN:1159308881","sourceCountryId":"KEN","syntheticOperational":true,"territoryId":"territory:catalog:504d2bfe8d543463f21af51f9f5235aa25eb269f02d6ae6a0c85c4eb5d56780a"},"type":"Feature"},{"geometry":{"coordinates":[[[39.280575539568,-0.647482014388],[39.496402877698,-0.647482014388],[39.496402877698,-0.431654676259],[39.280575539568,-0.431654676259],[39.280575539568,-0.647482014388]]],"type":"Polygon"},"id":154,"properties":{"parentKey":"KEN:1159309927","sourceCountryId":"KEN","syntheticOperational":true,"territoryId":"territory:catalog:8fc8c809db099be61d28720917507333b6b11ba99f963ab03c2c81b178eaa014"},"type":"Feature"},{"geometry":{"coordinates":[[[39.412117576485,2.374100719424],[39.628074385123,2.374100719424],[39.628074385123,2.589928057554],[39.412117576485,2.589928057554],[39.412117576485,2.374100719424]]],"type":"Polygon"},"id":155,"properties":{"parentKey":"KEN:1159308881","sourceCountryId":"KEN","syntheticOperational":true,"territoryId":"territory:catalog:5ea0281d9672d3bfa2203e9f77d277e938924644b233803d7503ab6d9570fb1b"},"type":"Feature"},{"geometry":{"coordinates":[[[38.332333533293,1.942446043165],[38.41726618705,1.942446043165],[38.548290341932,1.942446043165],[38.548290341932,2.158273381295],[38.332333533293,2.158273381295],[38.332333533293,1.942446043165]]],"type":"Polygon"},"id":156,"properties":{"parentKey":"KEN:1159308875","sourceCountryId":"KEN","syntheticOperational":true,"territoryId":"territory:catalog:172844e2f444f50280c957c215bc096e80eb7d7a04c0f21fe2880a774479812f"},"type":"Feature"},{"geometry":{"coordinates":[[[38.63309352518,-1.294964028777],[38.848920863309,-1.294964028777],[38.848920863309,-1.079136690647],[38.63309352518,-1.079136690647],[38.63309352518,-1.294964028777]]],"type":"Polygon"},"id":157,"properties":{"parentKey":"KEN:1159308875","sourceCountryId":"KEN","syntheticOperational":true,"territoryId":"territory:catalog:52510b36a66ef245fa4084165a65e8752a705ec5f04b954b514abf6b9f64e7a2"},"type":"Feature"},{"geometry":{"coordinates":[[[34.789915966387,3.237410071942],[35.00600240096,3.237410071942],[35.00600240096,3.453237410072],[34.918918918919,3.453237410072],[34.789915966387,3.453237410072],[34.789915966387,3.237410071942]]],"type":"Polygon"},"id":158,"properties":{"parentKey":"KEN:1159308877","sourceCountryId":"KEN","syntheticOperational":true,"territoryId":"territory:catalog:87df1b7230169b791c81ebc4572c82d8aaaaa722a0116a4589b9a9a67790bb34"},"type":"Feature"},{"geometry":{"coordinates":[[[38.970279836356,-1.726618705036],[39.064748201439,-1.726618705036],[39.064748201439,-1.510791366906],[38.998953089926,-1.510791366906],[39.000131,-1.686822],[38.998685,-1.692506],[38.99486,-1.701033],[38.97233,-1.723977],[38.970279836356,-1.726618705036]]],"type":"Polygon"},"id":159,"properties":{"parentKey":"KEN:1159309927","sourceCountryId":"KEN","syntheticOperational":true,"territoryId":"territory:catalog:76512de1fd8beaa6f322d82a5ec12d89ab4f6b7c0ae20ab8ee72905df96ac324"},"type":"Feature"},{"geometry":{"coordinates":[[[37.122302158273,-1.942446043165],[37.235735715618,-1.942446043165],[37.235485,-1.942258],[37.219517,-1.934145],[37.198226,-1.927427],[37.188149,-1.919211],[37.179002,-1.90748],[37.16846,-1.885363],[37.162569,-1.868516],[37.161794,-1.86402],[37.150322,-1.837562],[37.148772,-1.825573],[37.148565,-1.814669],[37.158073,-1.779788],[37.143914,-1.75829],[37.122302158273,-1.732505989189],[37.122302158273,-1.942446043165]]],"type":"Polygon"},"id":160,"properties":{"parentKey":"KEN:1159308877","sourceCountryId":"KEN","syntheticOperational":true,"territoryId":"territory:catalog:e08324818e930a87f2a9e0d17692d3493dcb8f651c218a24c758844e8188c200"},"type":"Feature"},{"geometry":{"coordinates":[[[38.76424715057,2.158273381295],[38.941789816171,2.158273381295],[38.945354,2.190151],[38.944114,2.214749],[38.942254,2.219787],[38.936621,2.255883],[38.935071,2.261387],[38.931195,2.271619],[38.919413,2.332752],[38.916972477378,2.374100719424],[38.76424715057,2.374100719424],[38.76424715057,2.158273381295]]],"type":"Polygon"},"id":161,"properties":{"parentKey":"KEN:1159308875","sourceCountryId":"KEN","syntheticOperational":true,"territoryId":"territory:catalog:8ec992ed1cff865084cfdcd3909d34064a6e9e7aaa891f32c3aa2b0236ce7a99"},"type":"Feature"},{"geometry":{"coordinates":[[[38.463385354142,-3.453237410072],[38.594594594595,-3.453237410072],[38.679471788715,-3.453237410072],[38.679471788715,-3.237410071942],[38.463385354142,-3.237410071942],[38.463385354142,-3.453237410072]]],"type":"Polygon"},"id":162,"properties":{"parentKey":"KEN:1159309927","sourceCountryId":"KEN","syntheticOperational":true,"territoryId":"territory:catalog:bf14bbf56f602ef86806e5f21452f0de6342e511f9637184ca67ee0726084f45"},"type":"Feature"},{"geometry":{"coordinates":[[[37.073873515851,-1.294964028777],[37.122302158273,-1.294964028777],[37.122302158273,-1.246230548672],[37.106087,-1.262248],[37.100661,-1.268966],[37.089034,-1.278888],[37.073873515851,-1.294964028777]]],"type":"Polygon"},"id":163,"properties":{"parentKey":"KEN:1159308875","sourceCountryId":"KEN","syntheticOperational":true,"territoryId":"territory:catalog:77ccc7e3f7e6e6fded7a4303419bf57ae71ec8e30538d9ef6f4b4a7534ab4100"},"type":"Feature"},{"geometry":{"coordinates":[[[38.463385354142,2.805755395683],[38.548290341932,2.805755395683],[38.679471788715,2.805755395683],[38.679471788715,3.021582733813],[38.463385354142,3.021582733813],[38.463385354142,2.805755395683]]],"type":"Polygon"},"id":164,"properties":{"parentKey":"KEN:1159308875","sourceCountryId":"KEN","syntheticOperational":true,"territoryId":"territory:catalog:3b1d996aaee3aa8ca93b312a49c9a2db99f4872559f01bf00233e24c9e136ffe"},"type":"Feature"},{"geometry":{"coordinates":[[[40.673076923077,4.10071942446],[40.756756756757,4.10071942446],[40.889423076923,4.10071942446],[40.889423076923,4.154024364676],[40.887354,4.156052],[40.870611,4.186981],[40.846013,4.214989],[40.785758,4.25584],[40.763744,4.284933],[40.700699,4.243515],[40.673076923077,4.232920876578],[40.673076923077,4.10071942446]]],"type":"Polygon"},"id":165,"properties":{"parentKey":"KEN:1159308881","sourceCountryId":"KEN","syntheticOperational":true,"territoryId":"territory:catalog:19ebd97c2d8fd9fad47120f1912f3331424e482440733d30634f618515947d7f"},"type":"Feature"},{"geometry":{"coordinates":[[[38.63309352518,0.647482014388],[38.848920863309,0.647482014388],[38.848920863309,0.863309352518],[38.63309352518,0.863309352518],[38.63309352518,0.647482014388]]],"type":"Polygon"},"id":166,"properties":{"parentKey":"KEN:1159308875","sourceCountryId":"KEN","syntheticOperational":true,"territoryId":"territory:catalog:a2b008a6df58170b877bfe77dc356f97e049508c9ebf4d7f0ba5210ecef6ab05"},"type":"Feature"},{"geometry":{"coordinates":[[[37.081081081081,3.453237410072],[37.166866746699,3.453237410072],[37.297297297297,3.453237410072],[37.297297297297,3.669064748201],[37.081081081081,3.669064748201],[37.081081081081,3.453237410072]]],"type":"Polygon"},"id":167,"properties":{"parentKey":"KEN:1159308875","sourceCountryId":"KEN","syntheticOperational":true,"territoryId":"territory:catalog:dae6b10195b7757987a87082d4f3bfa67a3056ce5b6b2ef4448dac0ee1612367"},"type":"Feature"},{"geometry":{"coordinates":[[[38.63309352518,1.079136690647],[38.848920863309,1.079136690647],[38.848920863309,1.294964028777],[38.63309352518,1.294964028777],[38.63309352518,1.079136690647]]],"type":"Polygon"},"id":168,"properties":{"parentKey":"KEN:1159308875","sourceCountryId":"KEN","syntheticOperational":true,"territoryId":"territory:catalog:b835fc7d56f092541a54f1e55d879cdbc1a79d14880c35d9fafeb617c469561f"},"type":"Feature"},{"geometry":{"coordinates":[[[35.827338129496,0.647482014388],[36.043165467626,0.647482014388],[36.043165467626,0.863309352518],[35.827338129496,0.863309352518],[35.827338129496,0.647482014388]]],"type":"Polygon"},"id":169,"properties":{"parentKey":"KEN:1159308877","sourceCountryId":"KEN","syntheticOperational":true,"territoryId":"territory:catalog:44851826fe7055d798fa48d7a6cb8556aec30d425f9a2785814feaad80f98e59"},"type":"Feature"},{"geometry":{"coordinates":[[[38.679471788715,-3.237410071942],[38.895558223289,-3.237410071942],[38.895558223289,-3.030565127623],[38.893523,-3.030616],[38.88758,-3.031804],[38.882619,-3.033561],[38.878433,-3.036145],[38.863396,-3.048134],[38.859055,-3.05077],[38.854249,-3.05263],[38.836886,-3.054025],[38.831925,-3.055369],[38.827532,-3.057591],[38.823501,-3.060278],[38.818851,-3.062448],[38.803813,-3.067461],[38.799472,-3.067771],[38.796526,-3.067409],[38.794046,-3.065549],[38.794046,-3.062655],[38.794976,-3.057798],[38.797456,-3.050304],[38.795596,-3.045809],[38.79172,-3.043173],[38.74361,-3.039091],[38.714154,-3.027412],[38.708676,-3.025965],[38.70294,-3.025035],[38.696584,-3.024931],[38.679471788715,-3.027631846523],[38.679471788715,-3.237410071942]]],"type":"Polygon"},"id":170,"properties":{"parentKey":"KEN:1159309927","sourceCountryId":"KEN","syntheticOperational":true,"territoryId":"territory:catalog:d1ddcaeb76ef187e6efcffca6545ce6ef4d3bed7616afca5e59e5ed577fd5020"},"type":"Feature"},{"geometry":{"coordinates":[[[37.769784172662,1.475983],[37.773023,1.475983],[37.790076,1.473399],[37.795812,1.473735],[37.801238,1.475052],[37.805579,1.4773],[37.80961,1.480013],[37.823614,1.493113],[37.831366,1.497997],[37.836327,1.500167],[37.838342,1.500581],[37.842218,1.501046],[37.846093,1.501046],[37.848884,1.500426],[37.850744,1.499702],[37.852605,1.497997],[37.860666,1.488695],[37.914978,1.438259],[37.92738,1.423609],[37.932496,1.408312],[37.940990451724,1.294964028777],[37.985611510791,1.294964028777],[37.985611510791,1.510791366906],[37.769784172662,1.510791366906],[37.769784172662,1.475983]]],"type":"Polygon"},"id":171,"properties":{"parentKey":"KEN:1159308875","sourceCountryId":"KEN","syntheticOperational":true,"territoryId":"territory:catalog:9521b4b6a3b8fa676230fcd5107816c1e0750c117ba6d7e217241acdb23e5a48"},"type":"Feature"},{"geometry":{"coordinates":[[[40.371393293635,4.10071942446],[40.456730769231,4.10071942446],[40.456730769231,4.149856237693],[40.382682,4.121377],[40.376998,4.116081],[40.371393293635,4.10071942446]]],"type":"Polygon"},"id":172,"properties":{"parentKey":"KEN:1159308881","sourceCountryId":"KEN","syntheticOperational":true,"territoryId":"territory:catalog:1ba885f7cb4183cb128c169eeb0ef08db67265a0b863234fc3bd900ea00ae7fe"},"type":"Feature"},{"geometry":{"coordinates":[[[34.964028776978,0.647482014388],[35.108052192942,0.647482014388],[35.11241,0.651485],[35.116131,0.657996],[35.121557,0.67598],[35.125019,0.681457],[35.12905,0.685437],[35.152149,0.697787],[35.15649,0.700888],[35.164242,0.708019],[35.167962,0.71391],[35.170443,0.720835],[35.170908,0.727811],[35.170133,0.736958],[35.168117,0.743107],[35.165172,0.747707],[35.158971,0.754114],[35.15742,0.757835],[35.156645,0.761246],[35.156955,0.786309],[35.155405,0.80207],[35.152924,0.807341],[35.135096,0.831422],[35.12998,0.845427],[35.12843,0.848527],[35.126363,0.851318],[35.123779,0.853953],[35.120937,0.855762],[35.114115,0.859328],[35.103055560623,0.863309352518],[34.964028776978,0.863309352518],[34.964028776978,0.647482014388]]],"type":"Polygon"},"id":173,"properties":{"parentKey":"KEN:1159308879","sourceCountryId":"KEN","syntheticOperational":true,"territoryId":"territory:catalog:ac08c2b4147910d4dde7a56b8cf835a2a8f2b10a049395e8c3148332d854959c"},"type":"Feature"},{"geometry":{"coordinates":[[[36.5625,4.31654676259],[36.778846153846,4.31654676259],[36.778846153846,4.43167717577],[36.651333,4.430583],[36.648857,4.43118],[36.642962,4.432599],[36.628182,4.441461],[36.619501,4.443373],[36.5625,4.442205848462],[36.5625,4.31654676259]]],"type":"Polygon"},"id":174,"properties":{"parentKey":"KEN:1159308875","sourceCountryId":"KEN","syntheticOperational":true,"territoryId":"territory:catalog:c63e7649eaa74097c4fe160e458de84f292e1b4a9ca7b469bcaff544e7138011"},"type":"Feature"},{"geometry":{"coordinates":[[[36.045455569868,3.453237410072],[36.04548,3.267915],[36.053335,3.242929],[36.059742,3.239492],[36.062201860675,3.237410071942],[36.08643457383,3.237410071942],[36.08643457383,3.453237410072],[36.045455569868,3.453237410072]]],"type":"Polygon"},"id":175,"properties":{"parentKey":"KEN:1159308875","sourceCountryId":"KEN","syntheticOperational":true,"territoryId":"territory:catalog:7c95f4418532e2d90567ac39cfc1f2b2e1c972701660ea4568d16521268b3e19"},"type":"Feature"},{"geometry":{"coordinates":[[[40.275944811038,2.158273381295],[40.491901619676,2.158273381295],[40.491901619676,2.374100719424],[40.275944811038,2.374100719424],[40.275944811038,2.158273381295]]],"type":"Polygon"},"id":176,"properties":{"parentKey":"KEN:1159308881","sourceCountryId":"KEN","syntheticOperational":true,"territoryId":"territory:catalog:e0ded0272ffce94fb067e4d08c2e3221ba192458b8b63dcfa0ca21a5c3238b5c"},"type":"Feature"},{"geometry":{"coordinates":[[[35.654261704682,3.237410071942],[35.870348139256,3.237410071942],[35.870348139256,3.453237410072],[35.783783783784,3.453237410072],[35.654261704682,3.453237410072],[35.654261704682,3.237410071942]]],"type":"Polygon"},"id":177,"properties":{"parentKey":"KEN:1159308877","sourceCountryId":"KEN","syntheticOperational":true,"territoryId":"territory:catalog:ad6e442ca7af579d43281a961f755bf5d863bb9030ffd64afe31f1299c13223a"},"type":"Feature"},{"geometry":{"coordinates":[[[37.003819,-0.099477],[37.004439,-0.112034],[37.00568,-0.117409],[37.00754,-0.122318],[37.031259,-0.15999],[37.0325,-0.168878],[37.028779,-0.208721],[37.027351885318,-0.21582733813],[37.122302158273,-0.21582733813],[37.122302158273,-0.013577612926],[37.109653,-0.004082],[37.105543676907,0],[37.075081414792,0],[37.05131,-0.041134],[37.038752,-0.058601],[37.012346,-0.083302],[37.00692,-0.09188],[37.003819,-0.099477]]],"type":"Polygon"},"id":178,"properties":{"parentKey":"KEN:1159310037","sourceCountryId":"KEN","syntheticOperational":true,"territoryId":"territory:catalog:248a4cbd590d80afde88fb55549311f39ce14b5109a5a4d1c48feca6c1cfbc7f"},"type":"Feature"},{"geometry":{"coordinates":[[[36.172765446911,-2.158273381295],[36.388722255549,-2.158273381295],[36.388722255549,-1.942446043165],[36.258992805755,-1.942446043165],[36.172765446911,-1.942446043165],[36.172765446911,-2.158273381295]]],"type":"Polygon"},"id":179,"properties":{"parentKey":"KEN:1159308877","sourceCountryId":"KEN","syntheticOperational":true,"territoryId":"territory:catalog:41343f91731db08041fa6c466eb7f1e08479be68bf4d0347a2c3485849db725b"},"type":"Feature"},{"geometry":{"coordinates":[[[39.712230215827,1.510791366906],[39.928057553957,1.510791366906],[39.928057553957,1.726618705036],[39.712230215827,1.726618705036],[39.712230215827,1.510791366906]]],"type":"Polygon"},"id":180,"properties":{"parentKey":"KEN:1159308881","sourceCountryId":"KEN","syntheticOperational":true,"territoryId":"territory:catalog:f2d39e34e56b0861a233812cda0da9ac74b5720b6edaae3f10a5664172c75d82"},"type":"Feature"},{"geometry":{"coordinates":[[[36.862174,-1.448077],[36.864448,-1.454278],[36.86915,-1.461306],[36.875042,-1.462908],[36.880933,-1.462701],[36.886204,-1.461358],[36.906474820144,-1.4518483016],[36.906474820144,-1.412901937001],[36.897211,-1.417122],[36.869616,-1.413247],[36.862174,-1.448077]]],"type":"Polygon"},"id":181,"properties":{"parentKey":"KEN:1159308875","sourceCountryId":"KEN","syntheticOperational":true,"territoryId":"territory:catalog:1c85760d3b357bbf1c501985872ce7872fbbed1ad7641159f0d63e8781ef1347"},"type":"Feature"},{"geometry":{"coordinates":[[[41.438848920863,-1.682443087887],[41.535636,-1.676331],[41.535944,-1.676312],[41.53858,-1.613699],[41.534963,-1.594785],[41.522871,-1.572771],[41.484527,-1.523162],[41.474964376937,-1.510791366906],[41.438848920863,-1.510791366906],[41.438848920863,-1.682443087887]]],"type":"Polygon"},"id":182,"properties":{"parentKey":"KEN:1159308881","sourceCountryId":"KEN","syntheticOperational":true,"territoryId":"territory:catalog:f55e59f304e4ceee88d9b2a0102b0b0148c6528908bd38e110f56f698a2a277a"},"type":"Feature"},{"geometry":{"coordinates":[[[40.408163265306,3.021582733813],[40.62424969988,3.021582733813],[40.62424969988,3.237410071942],[40.408163265306,3.237410071942],[40.408163265306,3.021582733813]]],"type":"Polygon"},"id":183,"properties":{"parentKey":"KEN:1159308881","sourceCountryId":"KEN","syntheticOperational":true,"territoryId":"territory:catalog:9c49e72ad0ae1f39f5b5208923b8063555dcefec1e725d807f35b3a6b6f9fd5c"},"type":"Feature"},{"geometry":{"coordinates":[[[34.532374100719,-0.431654676259],[34.748201438849,-0.431654676259],[34.748201438849,-0.21582733813],[34.532374100719,-0.21582733813],[34.532374100719,-0.431654676259]]],"type":"Polygon"},"id":184,"properties":{"parentKey":"KEN:1159310041","sourceCountryId":"KEN","syntheticOperational":true,"territoryId":"territory:catalog:a1a2f5302cce704d94431477671bae997bfad5e30cbf8303646100f8da5fc0ca"},"type":"Feature"},{"geometry":{"coordinates":[[[36.604679064187,2.589928057554],[36.820635872825,2.589928057554],[36.820635872825,2.805755395683],[36.734693877551,2.805755395683],[36.604679064187,2.805755395683],[36.604679064187,2.589928057554]]],"type":"Polygon"},"id":185,"properties":{"parentKey":"KEN:1159308875","sourceCountryId":"KEN","syntheticOperational":true,"territoryId":"territory:catalog:ee1a6ec99668fe3767833662c5c388ec4cc6628512dde5d27a779023f89a34e4"},"type":"Feature"},{"geometry":{"coordinates":[[[37.252549490102,-1.955056806704],[37.254915,-1.956831],[37.298478,-2.000343],[37.347209,-2.008353],[37.375166,-2.018068],[37.430873,-2.046438],[37.458158,-2.064111],[37.46850629874,-2.072677104096],[37.46850629874,-1.942446043165],[37.338129496403,-1.942446043165],[37.252549490102,-1.942446043165],[37.252549490102,-1.955056806704]]],"type":"Polygon"},"id":186,"properties":{"parentKey":"KEN:1159308875","sourceCountryId":"KEN","syntheticOperational":true,"territoryId":"territory:catalog:70fdab16fef7277f710448dcc7384470a824fc59142cbe90d0b3c11258f35b01"},"type":"Feature"},{"geometry":{"coordinates":[[[39.111644657863,3.021582733813],[39.296606012497,3.021582733813],[39.298046,3.023278],[39.319905,3.038936],[39.323316,3.042347],[39.326106,3.051907],[39.327731092437,3.0645288737],[39.327731092437,3.123138604876],[39.327192,3.199779],[39.322646930284,3.237410071942],[39.111644657863,3.237410071942],[39.111644657863,3.021582733813]]],"type":"Polygon"},"id":187,"properties":{"parentKey":"KEN:1159308875","sourceCountryId":"KEN","syntheticOperational":true,"territoryId":"territory:catalog:2aa9b56b8a0b5d58888e60dfad63ddf083e448718b18ec9cb7e61c9298cf47d4"},"type":"Feature"},{"geometry":{"coordinates":[[[39.543817527011,-3.453237410072],[39.675675675676,-3.453237410072],[39.759903961585,-3.453237410072],[39.759903961585,-3.237410071942],[39.543817527011,-3.237410071942],[39.543817527011,-3.453237410072]]],"type":"Polygon"},"id":188,"properties":{"parentKey":"KEN:1159309927","sourceCountryId":"KEN","syntheticOperational":true,"territoryId":"territory:catalog:2badf010b6371202ae2b24d872e382a241f3092d5e161fcbf1c8676df3b23f30"},"type":"Feature"},{"geometry":{"coordinates":[[[36.474820143885,-1.294964028777],[36.668928406851,-1.294964028777],[36.667871,-1.294494],[36.650973,-1.284676],[36.635728,-1.273514],[36.631542,-1.271292],[36.624876,-1.269431],[36.50788,-1.251861],[36.502765,-1.244678],[36.501059,-1.231294],[36.539093,-1.11926],[36.542194,-1.115074],[36.54731,-1.113989],[36.565448,-1.114144],[36.571184,-1.113058],[36.57599,-1.111456],[36.580331,-1.107787],[36.583018,-1.101741],[36.584258,-1.090941],[36.583741,-1.083189],[36.582871142579,-1.079136690647],[36.474820143885,-1.079136690647],[36.474820143885,-1.294964028777]]],"type":"Polygon"},"id":189,"properties":{"parentKey":"KEN:1159308877","sourceCountryId":"KEN","syntheticOperational":true,"territoryId":"territory:catalog:398466875a2d41bfc0acb2a00ac98b101dc5a860c3f8d6b3f82854a40311ce81"},"type":"Feature"},{"geometry":{"coordinates":[[[38.509615384615,-4.187117788742],[38.59354,-4.247543],[38.678807,-4.309038],[38.689243441273,-4.31654676259],[38.725961538462,-4.31654676259],[38.725961538462,-4.10071942446],[38.594594594595,-4.10071942446],[38.509615384615,-4.10071942446],[38.509615384615,-4.187117788742]]],"type":"Polygon"},"id":190,"properties":{"parentKey":"KEN:1159309927","sourceCountryId":"KEN","syntheticOperational":true,"territoryId":"territory:catalog:9af45280e2d075baf832c5c3b0b6b7bb933627ade3b7441dd5bfa7baef7a09a7"},"type":"Feature"},{"geometry":{"coordinates":[[[34.429525698079,3.237410071942],[34.434001,3.182029],[34.444853,3.159136],[34.46573,3.145856],[34.512859,3.132368],[34.53384,3.118467],[34.545556,3.097501],[34.545622,3.097383],[34.560175979853,3.021582733813],[34.573829531813,3.021582733813],[34.573829531813,3.237410071942],[34.429525698079,3.237410071942]]],"type":"Polygon"},"id":191,"properties":{"parentKey":"KEN:1159308877","sourceCountryId":"KEN","syntheticOperational":true,"territoryId":"territory:catalog:e202c2547becb32213bd92ee510ff969710156762f4c198697fd0757db1a8055"},"type":"Feature"},{"geometry":{"coordinates":[[[37.553956834532,0.431654676259],[37.769784172662,0.431654676259],[37.769784172662,0.647482014388],[37.665758128581,0.647482014388],[37.663469,0.645956],[37.65024,0.639496],[37.643883,0.635155],[37.62342,0.615725],[37.609467,0.605286],[37.589572,0.597225],[37.584301,0.594124],[37.579495,0.589783],[37.574379,0.581308],[37.571123,0.577536],[37.566782,0.576968],[37.555155,0.584978],[37.553956834532,0.585487540119],[37.553956834532,0.431654676259]]],"type":"Polygon"},"id":192,"properties":{"parentKey":"KEN:1159308875","sourceCountryId":"KEN","syntheticOperational":true,"territoryId":"territory:catalog:3d579aa8889cd2cf270b29d04770f8f72d2bda9bc2543885d04f64ffe0113a77"},"type":"Feature"},{"geometry":{"coordinates":[[[35.179856115108,1.294964028777],[35.395683453237,1.294964028777],[35.395683453237,1.510791366906],[35.179856115108,1.510791366906],[35.179856115108,1.294964028777]]],"type":"Polygon"},"id":193,"properties":{"parentKey":"KEN:1159308877","sourceCountryId":"KEN","syntheticOperational":true,"territoryId":"territory:catalog:d447da89f1e230e7c21f8cc339d4a495862f4b011af6ec3de3c81550db68fb81"},"type":"Feature"},{"geometry":{"coordinates":[[[37.900419916017,2.374100719424],[38.116376724655,2.374100719424],[38.116376724655,2.589928057554],[37.900419916017,2.589928057554],[37.900419916017,2.374100719424]]],"type":"Polygon"},"id":194,"properties":{"parentKey":"KEN:1159308875","sourceCountryId":"KEN","syntheticOperational":true,"territoryId":"territory:catalog:f9966dfc03444a19e54e430c48b0f4316e20733179556c7ae76fdccb6fd461d9"},"type":"Feature"},{"geometry":{"coordinates":[[[36.604679064187,-2.374100719424],[36.820635872825,-2.374100719424],[36.820635872825,-2.158273381295],[36.604679064187,-2.158273381295],[36.604679064187,-2.374100719424]]],"type":"Polygon"},"id":195,"properties":{"parentKey":"KEN:1159308877","sourceCountryId":"KEN","syntheticOperational":true,"territoryId":"territory:catalog:0bc30bb42e875d57c390e5ccd6f45270bf791523b946ef711d204b8b6d69e94e"},"type":"Feature"},{"geometry":{"coordinates":[[[36.518607442977,3.021582733813],[36.734693877551,3.021582733813],[36.734693877551,3.237410071942],[36.518607442977,3.237410071942],[36.518607442977,3.021582733813]]],"type":"Polygon"},"id":196,"properties":{"parentKey":"KEN:1159308875","sourceCountryId":"KEN","syntheticOperational":true,"territoryId":"territory:catalog:b2d908e12679d1d6d461ac8fcab8007ba4dbe88ece386abe83c8c46874648d03"},"type":"Feature"},{"geometry":{"coordinates":[[[40.359712230216,-0.21582733813],[40.575539568345,-0.21582733813],[40.575539568345,0],[40.359712230216,0],[40.359712230216,-0.21582733813]]],"type":"Polygon"},"id":197,"properties":{"parentKey":"KEN:1159308881","sourceCountryId":"KEN","syntheticOperational":true,"territoryId":"territory:catalog:f72ebfeb820b95d3824906318178f8d14efe94e5f0681a76db79b7d021efd63e"},"type":"Feature"},{"geometry":{"coordinates":[[[35.611510791367,-1.079136690647],[35.827338129496,-1.079136690647],[35.827338129496,-0.863309352518],[35.611510791367,-0.863309352518],[35.611510791367,-1.079136690647]]],"type":"Polygon"},"id":198,"properties":{"parentKey":"KEN:1159308877","sourceCountryId":"KEN","syntheticOperational":true,"territoryId":"territory:catalog:2784f33827b20ee8ed84a3fb85e8b39c0f7756d92661779c5fe0c9c5cf2c6a9b"},"type":"Feature"},{"geometry":{"coordinates":[[[37.849159414888,-3.021582733813],[38.031212484994,-3.021582733813],[38.031212484994,-2.805755395683],[37.910350630549,-2.805755395683],[37.850434,-3.010049],[37.849159414888,-3.021582733813]]],"type":"Polygon"},"id":199,"properties":{"parentKey":"KEN:1159309927","sourceCountryId":"KEN","syntheticOperational":true,"territoryId":"territory:catalog:fda88ed402ffa68e38749e90e31f9810d00c96aeffc2458a9a9710d4ecca31dd"},"type":"Feature"},{"geometry":{"coordinates":[[[36.604679064187,-2.465255245671],[36.703527,-2.520414],[36.820635872825,-2.585818845033],[36.820635872825,-2.374100719424],[36.604679064187,-2.374100719424],[36.604679064187,-2.465255245671]]],"type":"Polygon"},"id":200,"properties":{"parentKey":"KEN:1159308877","sourceCountryId":"KEN","syntheticOperational":true,"territoryId":"territory:catalog:2df7412d395affd6bcb286adcb27fd6ff9d7a613635077604c6e620ee4ddde40"},"type":"Feature"},{"geometry":{"coordinates":[[[36.690647482014,-0.14637779029],[36.715206,-0.142885],[36.787037,-0.125108],[36.798974,-0.123713],[36.80781,-0.12485],[36.855146,-0.141593],[36.859022,-0.14366],[36.859642,-0.145417],[36.857627,-0.151257],[36.857627,-0.163556],[36.854216,-0.183761],[36.852046,-0.190737],[36.85003,-0.194923],[36.84724,-0.198747],[36.843674,-0.202003],[36.835612,-0.206034],[36.833442,-0.208411],[36.833752,-0.212442],[36.834918587165,-0.21582733813],[36.906474820144,-0.21582733813],[36.906474820144,0],[36.690647482014,0],[36.690647482014,-0.14637779029]]],"type":"Polygon"},"id":201,"properties":{"parentKey":"KEN:1159308877","sourceCountryId":"KEN","syntheticOperational":true,"territoryId":"territory:catalog:f2533c121480f6f88fbaabd8696fea797f49f96008dcd75044f15dfb5d0636d6"},"type":"Feature"},{"geometry":{"coordinates":[[[35.179856115108,-1.079136690647],[35.395683453237,-1.079136690647],[35.395683453237,-0.863309352518],[35.179856115108,-0.863309352518],[35.179856115108,-1.079136690647]]],"type":"Polygon"},"id":202,"properties":{"parentKey":"KEN:1159308877","sourceCountryId":"KEN","syntheticOperational":true,"territoryId":"territory:catalog:7d0f2508031dbc0d6bb58ff1ad3486da9b464950d434b8f7d95b0287592f6d15"},"type":"Feature"},{"geometry":{"coordinates":[[[38.63309352518,1.294964028777],[38.848920863309,1.294964028777],[38.848920863309,1.510791366906],[38.63309352518,1.510791366906],[38.63309352518,1.294964028777]]],"type":"Polygon"},"id":203,"properties":{"parentKey":"KEN:1159308875","sourceCountryId":"KEN","syntheticOperational":true,"territoryId":"territory:catalog:15dfe2b71f8f84ca1486fb12dc20bcc6239419f441d40329d5945d8ccde59e8c"},"type":"Feature"},{"geometry":{"coordinates":[[[35.308938212358,2.589928057554],[35.524895020996,2.589928057554],[35.524895020996,2.805755395683],[35.438175270108,2.805755395683],[35.308938212358,2.805755395683],[35.308938212358,2.589928057554]]],"type":"Polygon"},"id":204,"properties":{"parentKey":"KEN:1159308877","sourceCountryId":"KEN","syntheticOperational":true,"territoryId":"territory:catalog:25c30d0fc259f5dd06f1148c5e7b9196e48881b9b4dc7d5d6465c87285298495"},"type":"Feature"},{"geometry":{"coordinates":[[[36.474820143885,1.510791366906],[36.690647482014,1.510791366906],[36.690647482014,1.726618705036],[36.474820143885,1.726618705036],[36.474820143885,1.510791366906]]],"type":"Polygon"},"id":205,"properties":{"parentKey":"KEN:1159308877","sourceCountryId":"KEN","syntheticOperational":true,"territoryId":"territory:catalog:ff76383dfa4129e80ba7b4936ea5c4cdd824efb0010ca93909b51915b3643d96"},"type":"Feature"},{"geometry":{"coordinates":[[[40.791366906475,-0.21582733813],[40.971131780549,-0.21582733813],[40.97045,-0.152186],[40.969623,-0.084697],[40.968486,-0.002738],[40.968486,0],[40.791366906475,0],[40.791366906475,-0.21582733813]]],"type":"Polygon"},"id":206,"properties":{"parentKey":"KEN:1159308881","sourceCountryId":"KEN","syntheticOperational":true,"territoryId":"territory:catalog:822472cffef02146efb913da04cdc047dab47a4e613d943fd0cc52e71dcd7253"},"type":"Feature"},{"geometry":{"coordinates":[[[35.00600240096,3.021582733813],[35.222088835534,3.021582733813],[35.222088835534,3.237410071942],[35.00600240096,3.237410071942],[35.00600240096,3.021582733813]]],"type":"Polygon"},"id":207,"properties":{"parentKey":"KEN:1159308877","sourceCountryId":"KEN","syntheticOperational":true,"territoryId":"territory:catalog:c85aa805006b142ccea46221cb46b94f099e9bd3defb3060409b0d13901d6479"},"type":"Feature"},{"geometry":{"coordinates":[[[37.166866746699,2.805755395683],[37.252549490102,2.805755395683],[37.382953181273,2.805755395683],[37.382953181273,3.021582733813],[37.166866746699,3.021582733813],[37.166866746699,2.805755395683]]],"type":"Polygon"},"id":208,"properties":{"parentKey":"KEN:1159308875","sourceCountryId":"KEN","syntheticOperational":true,"territoryId":"territory:catalog:6faf978d9f72de1c167eb5ea4dbf0db538ed40c349c0676c45057e861eeb28ee"},"type":"Feature"},{"geometry":{"coordinates":[[[37.553956834532,-0.431654676259],[37.769784172662,-0.431654676259],[37.769784172662,-0.21582733813],[37.553956834532,-0.21582733813],[37.553956834532,-0.431654676259]]],"type":"Polygon"},"id":209,"properties":{"parentKey":"KEN:1159308875","sourceCountryId":"KEN","syntheticOperational":true,"territoryId":"territory:catalog:6e908ab7faba1d0319f5a55ade550fc5acde22e87280ced9cd137dd8048121a9"},"type":"Feature"},{"geometry":{"coordinates":[[[39.290438965725,-4.614503783851],[39.293712,-4.615492],[39.299653,-4.600763],[39.300466,-4.594985],[39.324392,-4.624607],[39.362478,-4.633966],[39.396169,-4.629002],[39.406261,-4.615167],[39.390636,-4.593438],[39.388682,-4.585138],[39.391368,-4.571059],[39.397716,-4.570082],[39.404796,-4.573907],[39.409679,-4.574477],[39.417817,-4.559503],[39.423839,-4.543878],[39.429758763061,-4.532374100719],[39.375,-4.532374100719],[39.290438965725,-4.532374100719],[39.290438965725,-4.614503783851]]],"type":"Polygon"},"id":210,"properties":{"parentKey":"KEN:1159309927","sourceCountryId":"KEN","syntheticOperational":true,"territoryId":"territory:catalog:dad4c7643cb98eb4921cf673fdea6f0328b76171b3ddef2c76dff72e993a2593"},"type":"Feature"},{"geometry":{"coordinates":[[[37.985611510791,-0.431654676259],[38.201438848921,-0.431654676259],[38.201438848921,-0.21582733813],[37.985611510791,-0.21582733813],[37.985611510791,-0.431654676259]]],"type":"Polygon"},"id":211,"properties":{"parentKey":"KEN:1159308875","sourceCountryId":"KEN","syntheticOperational":true,"territoryId":"territory:catalog:0616f95d81af007b49581c678909d6a74e7fe725dd54526b8c12f74d2b81070a"},"type":"Feature"},{"geometry":{"coordinates":[[[35.826819001804,4.532374100719],[35.913461538462,4.532374100719],[35.933940597652,4.532374100719],[35.934065,4.539207],[35.937062,4.559258],[35.936028,4.578533],[35.922799,4.602072],[35.920835,4.619332],[35.856536,4.619603],[35.826819001804,4.619728869326],[35.826819001804,4.532374100719]]],"type":"Polygon"},"id":212,"properties":{"parentKey":"KEN:1159308877","sourceCountryId":"KEN","syntheticOperational":true,"territoryId":"territory:catalog:6b8daa3c422554c521260d942cb0096db56aa36377d8458768f7352228a94aaa"},"type":"Feature"},{"geometry":{"coordinates":[[[38.988896170996,-3.021582733813],[39.031965481018,-3.021582733813],[39.029897,-3.021521],[39.024471,-3.020229],[39.01982,-3.018265],[39.011604,-3.013097],[39.007108,-3.011754],[39.002457,-3.011754],[38.999615,-3.012684],[38.996204,-3.014803],[38.989383,-3.021056],[38.988896170996,-3.021582733813]]],"type":"Polygon"},"id":213,"properties":{"parentKey":"KEN:1159309927","sourceCountryId":"KEN","syntheticOperational":true,"territoryId":"territory:catalog:07c2e2e0413d7ebb3a9573f8dbd5ebc94226e8ce39f34eecfe4572edf2794213"},"type":"Feature"},{"geometry":{"coordinates":[[[37.338129496403,1.726618705036],[37.380326746596,1.726618705036],[37.375321,1.762425],[37.373461,1.768316],[37.371084,1.772502],[37.367983,1.775525],[37.364262,1.778393],[37.338129496403,1.791976580042],[37.338129496403,1.726618705036]]],"type":"Polygon"},"id":214,"properties":{"parentKey":"KEN:1159308877","sourceCountryId":"KEN","syntheticOperational":true,"territoryId":"territory:catalog:d1633ac767458f878014ace5354cf00ee10414b8d5412db31af33475e49facce"},"type":"Feature"},{"geometry":{"coordinates":[[[37.252549490102,-2.589928057554],[37.46850629874,-2.589928057554],[37.46850629874,-2.374100719424],[37.252549490102,-2.374100719424],[37.252549490102,-2.589928057554]]],"type":"Polygon"},"id":215,"properties":{"parentKey":"KEN:1159308877","sourceCountryId":"KEN","syntheticOperational":true,"territoryId":"territory:catalog:d4e93c258a69872ea902e399952f22205c55de5b0bf5bdccc073028f27d082a8"},"type":"Feature"},{"geometry":{"coordinates":[[[39.712230215827,0.647482014388],[39.928057553957,0.647482014388],[39.928057553957,0.863309352518],[39.712230215827,0.863309352518],[39.712230215827,0.647482014388]]],"type":"Polygon"},"id":216,"properties":{"parentKey":"KEN:1159308881","sourceCountryId":"KEN","syntheticOperational":true,"territoryId":"territory:catalog:bf6938c07d33b2deb324f923b2fc778f60724333cbba10547dba0277eeba79c2"},"type":"Feature"},{"geometry":{"coordinates":[[[40.143884892086,1.079136690647],[40.359712230216,1.079136690647],[40.359712230216,1.294964028777],[40.143884892086,1.294964028777],[40.143884892086,1.079136690647]]],"type":"Polygon"},"id":217,"properties":{"parentKey":"KEN:1159308881","sourceCountryId":"KEN","syntheticOperational":true,"territoryId":"territory:catalog:c21c1885989eef3014742863dabb029b66a68f8da2b28b0f03f18e2917edffc1"},"type":"Feature"},{"geometry":{"coordinates":[[[36.474820143885,0],[36.635093779083,0],[36.643996,0.005426],[36.647252,0.007958],[36.648492,0.010594],[36.648802,0.014728],[36.646632,0.019276],[36.641516,0.023565],[36.636193,0.02434],[36.631232,0.023255],[36.616969,0.014883],[36.610303,0.011834],[36.599916,0.00832],[36.59356,0.009044],[36.588754,0.011317],[36.565758,0.036587],[36.559247,0.040411],[36.549945,0.044494],[36.530411,0.050178],[36.521678,0.055139],[36.516872,0.061134],[36.512841,0.077412],[36.510671,0.082424],[36.50757,0.086455],[36.483231,0.111001],[36.478425,0.11467],[36.474820143885,0.116603104724],[36.474820143885,0]]],"type":"Polygon"},"id":218,"properties":{"parentKey":"KEN:1159310037","sourceCountryId":"KEN","syntheticOperational":true,"territoryId":"territory:catalog:99159e942e1e579ce08ed64ab5215ea6831e206d0fbec6b7f488b1d1555358d3"},"type":"Feature"},{"geometry":{"coordinates":[[[35.567567567568,3.884892086331],[35.783783783784,3.884892086331],[35.783783783784,4.10071942446],[35.697115384615,4.10071942446],[35.567567567568,4.10071942446],[35.567567567568,3.884892086331]]],"type":"Polygon"},"id":219,"properties":{"parentKey":"KEN:1159308877","sourceCountryId":"KEN","syntheticOperational":true,"territoryId":"territory:catalog:01a7e66596229d13ee14286409512ec66206142503b29c4a1960823895bb8e90"},"type":"Feature"},{"geometry":{"coordinates":[[[37.599039615846,-3.020383047373],[37.601188802468,-3.021582733813],[37.81512605042,-3.021582733813],[37.81512605042,-2.805755395683],[37.684463107379,-2.805755395683],[37.599039615846,-2.805755395683],[37.599039615846,-3.020383047373]]],"type":"Polygon"},"id":220,"properties":{"parentKey":"KEN:1159308877","sourceCountryId":"KEN","syntheticOperational":true,"territoryId":"territory:catalog:8a4f7c3f7e1b4b349beb8ba9f3b43bd8d1130290c781be0c684a53a22932818e"},"type":"Feature"},{"geometry":{"coordinates":[[[38.116376724655,2.374100719424],[38.332333533293,2.374100719424],[38.332333533293,2.589928057554],[38.116376724655,2.589928057554],[38.116376724655,2.374100719424]]],"type":"Polygon"},"id":221,"properties":{"parentKey":"KEN:1159308875","sourceCountryId":"KEN","syntheticOperational":true,"territoryId":"territory:catalog:9fd6c62fcff07f8eb9848d6eac4021d9117400c01c1e6e4d4fcb389fc4a12a49"},"type":"Feature"},{"geometry":{"coordinates":[[[37.553956834532,-1.510791366906],[37.769784172662,-1.510791366906],[37.769784172662,-1.294964028777],[37.553956834532,-1.294964028777],[37.553956834532,-1.510791366906]]],"type":"Polygon"},"id":222,"properties":{"parentKey":"KEN:1159308875","sourceCountryId":"KEN","syntheticOperational":true,"territoryId":"territory:catalog:7bc44c903647ec62a924fd520cb74f56ce18710d298b756592a44deff5984526"},"type":"Feature"},{"geometry":{"coordinates":[[[40.575539568345,-0.647482014388],[40.791366906475,-0.647482014388],[40.791366906475,-0.431654676259],[40.575539568345,-0.431654676259],[40.575539568345,-0.647482014388]]],"type":"Polygon"},"id":223,"properties":{"parentKey":"KEN:1159308881","sourceCountryId":"KEN","syntheticOperational":true,"territoryId":"territory:catalog:492482e2d3fee59174dc3cfa99caec756b1961fe2de83527925f08a6cb8ca931"},"type":"Feature"},{"geometry":{"coordinates":[[[40.275944811038,-2.630758357855],[40.293712,-2.616388],[40.32309,-2.598077],[40.348318,-2.590102],[40.348560380637,-2.589928057554],[40.275944811038,-2.589928057554],[40.275944811038,-2.630758357855]]],"type":"Polygon"},"id":224,"properties":{"parentKey":"KEN:1159309927","sourceCountryId":"KEN","syntheticOperational":true,"territoryId":"territory:catalog:7357c3fa18501b35ba7e10615b8b8e50520f74e2225116f0140d698c9119eb88"},"type":"Feature"},{"geometry":{"coordinates":[[[41.488595438175,3.409681715349],[41.497963,3.423074],[41.519041369943,3.453237410072],[41.488595438175,3.453237410072],[41.488595438175,3.409681715349]]],"type":"Polygon"},"id":225,"properties":{"parentKey":"KEN:1159308881","sourceCountryId":"KEN","syntheticOperational":true,"territoryId":"territory:catalog:5bf1f1e61164618c2e9536f2ebe591b700b8e35e8901e68365ef29aad26ce280"},"type":"Feature"},{"geometry":{"coordinates":[[[38.980203959208,2.158273381295],[39.196160767846,2.158273381295],[39.196160767846,2.374100719424],[38.980203959208,2.374100719424],[38.980203959208,2.158273381295]]],"type":"Polygon"},"id":226,"properties":{"parentKey":"KEN:1159308881","sourceCountryId":"KEN","syntheticOperational":true,"territoryId":"territory:catalog:760aefafecf9624e334974482174fb47d977f0aea7ba62154817439a5967a86a"},"type":"Feature"},{"geometry":{"coordinates":[[[35.395683453237,1.294964028777],[35.611510791367,1.294964028777],[35.611510791367,1.510791366906],[35.395683453237,1.510791366906],[35.395683453237,1.294964028777]]],"type":"Polygon"},"id":227,"properties":{"parentKey":"KEN:1159308877","sourceCountryId":"KEN","syntheticOperational":true,"territoryId":"territory:catalog:0fc26ef6b60b651ed6df8e1ce7948ab8cedab90fb974b44da413c295f50542ec"},"type":"Feature"},{"geometry":{"coordinates":[[[38.63309352518,0.431654676259],[38.696418188804,0.431654676259],[38.692708,0.447467],[38.691313,0.450826],[38.688988,0.453048],[38.670074,0.466483],[38.666663,0.469997],[38.664803,0.474545],[38.665578,0.480436],[38.670074,0.487361],[38.67426,0.490926],[38.67705,0.49289],[38.694724,0.502554],[38.699065,0.504207],[38.704336,0.505603],[38.766089,0.513716],[38.771205,0.515214],[38.775546,0.517488],[38.779318,0.520589],[38.782574,0.524051],[38.796216,0.545238],[38.809084,0.572627],[38.811409,0.576296],[38.81451,0.579552],[38.819161,0.582342],[38.825879,0.585598],[38.848920863309,0.594292841485],[38.848920863309,0.647482014388],[38.63309352518,0.647482014388],[38.63309352518,0.431654676259]]],"type":"Polygon"},"id":228,"properties":{"parentKey":"KEN:1159308875","sourceCountryId":"KEN","syntheticOperational":true,"territoryId":"territory:catalog:ba3abadea3b57f1869cfdddf6f369bcad26213650dc8f01d7b88c44cfa92e5c9"},"type":"Feature"},{"geometry":{"coordinates":[[[37.086191,0.019224],[37.105543676907,0],[37.122302158273,0],[37.122302158273,0.03653430307],[37.115854,0.034262],[37.086191,0.019224]]],"type":"Polygon"},"id":229,"properties":{"parentKey":"KEN:1159308875","sourceCountryId":"KEN","syntheticOperational":true,"territoryId":"territory:catalog:65887b543032ee58a79b464e20f2257e4a4a14668b0e57a7cc4868f9604ec0d0"},"type":"Feature"},{"geometry":{"coordinates":[[[40.275944811038,2.589928057554],[40.491901619676,2.589928057554],[40.491901619676,2.805755395683],[40.408163265306,2.805755395683],[40.275944811038,2.805755395683],[40.275944811038,2.589928057554]]],"type":"Polygon"},"id":230,"properties":{"parentKey":"KEN:1159308881","sourceCountryId":"KEN","syntheticOperational":true,"territoryId":"territory:catalog:f20f4f37d9d824e65378374e01672729306220a5f1d3e5704ab5fab705e88b9b"},"type":"Feature"},{"geometry":{"coordinates":[[[40.0599880024,2.158273381295],[40.275944811038,2.158273381295],[40.275944811038,2.374100719424],[40.0599880024,2.374100719424],[40.0599880024,2.158273381295]]],"type":"Polygon"},"id":231,"properties":{"parentKey":"KEN:1159308881","sourceCountryId":"KEN","syntheticOperational":true,"territoryId":"territory:catalog:2e5eb638db23f7e0cc45f29af4dab03faba7026bd033baf6a4ecff0c960d3180"},"type":"Feature"},{"geometry":{"coordinates":[[[38.41726618705,-1.726618705036],[38.63309352518,-1.726618705036],[38.63309352518,-1.510791366906],[38.41726618705,-1.510791366906],[38.41726618705,-1.726618705036]]],"type":"Polygon"},"id":232,"properties":{"parentKey":"KEN:1159308875","sourceCountryId":"KEN","syntheticOperational":true,"territoryId":"territory:catalog:70b308e564a771b3072eae01df9657fda756ecfc3f9a8bd5e6bd72a1694b5ba5"},"type":"Feature"},{"geometry":{"coordinates":[[[34.399038461538,4.10071942446],[34.486486486487,4.10071942446],[34.615384615385,4.10071942446],[34.615384615385,4.31654676259],[34.399038461538,4.31654676259],[34.399038461538,4.10071942446]]],"type":"Polygon"},"id":233,"properties":{"parentKey":"KEN:1159308877","sourceCountryId":"KEN","syntheticOperational":true,"territoryId":"territory:catalog:c671aee49135c5591112dd419c5be2fc567537f005785ac18c5fb34b1c3026e7"},"type":"Feature"},{"geometry":{"coordinates":[[[35.783783783784,3.669064748201],[36,3.669064748201],[36,3.884892086331],[35.783783783784,3.884892086331],[35.783783783784,3.669064748201]]],"type":"Polygon"},"id":234,"properties":{"parentKey":"KEN:1159308877","sourceCountryId":"KEN","syntheticOperational":true,"territoryId":"territory:catalog:c29475576f9d8b0ae34a2f887189ff194f871e0d217ee5f30e702bd6cd863791"},"type":"Feature"},{"geometry":{"coordinates":[[[34.964028776978,-0.647482014388],[35.053277174703,-0.647482014388],[35.054222,-0.631589],[35.04244,-0.52374],[35.04151,-0.51971],[35.039805,-0.515886],[35.032518,-0.504465],[35.031278,-0.501313],[35.030658,-0.499349],[35.028022,-0.48488],[35.027867,-0.47966],[35.031898,-0.446071],[35.030968,-0.440231],[35.029263,-0.435219],[35.026899368523,-0.431654676259],[34.964028776978,-0.431654676259],[34.964028776978,-0.647482014388]]],"type":"Polygon"},"id":235,"properties":{"parentKey":"KEN:1159310041","sourceCountryId":"KEN","syntheticOperational":true,"territoryId":"territory:catalog:b9a9d9fac40a5ae380c65782fe5322a84bed7e831c15d97ad24826c57bf29f4c"},"type":"Feature"},{"geometry":{"coordinates":[[[36.172765446911,2.374100719424],[36.388722255549,2.374100719424],[36.388722255549,2.589928057554],[36.172765446911,2.589928057554],[36.172765446911,2.374100719424]]],"type":"Polygon"},"id":236,"properties":{"parentKey":"KEN:1159308877","sourceCountryId":"KEN","syntheticOperational":true,"territoryId":"territory:catalog:7d3cf5785f295d61e34857c8a26b83b2db03cc84f4852b902adb4bbc7260cde6"},"type":"Feature"},{"geometry":{"coordinates":[[[36.054738871867,-2.158273381295],[36.059535,-2.160952],[36.172765446911,-2.224221644904],[36.172765446911,-2.158273381295],[36.054738871867,-2.158273381295]]],"type":"Polygon"},"id":237,"properties":{"parentKey":"KEN:1159308877","sourceCountryId":"KEN","syntheticOperational":true,"territoryId":"territory:catalog:38b4a710c54505dbd51f8703f2686ce1fa426177003b0c111c5f847da1bec1b2"},"type":"Feature"},{"geometry":{"coordinates":[[[39.196160767846,-2.158273381295],[39.412117576485,-2.158273381295],[39.412117576485,-1.942446043165],[39.280575539568,-1.942446043165],[39.196160767846,-1.942446043165],[39.196160767846,-2.158273381295]]],"type":"Polygon"},"id":238,"properties":{"parentKey":"KEN:1159309927","sourceCountryId":"KEN","syntheticOperational":true,"territoryId":"territory:catalog:ffc9873722fc8b06f3f00640a2737bd3e35ee89b7aeb412c361a8126a885da07"},"type":"Feature"},{"geometry":{"coordinates":[[[37.81512605042,-3.17463160537],[37.824389,-3.173914],[37.830901,-3.164974],[37.834621,-3.153141],[37.849159414888,-3.021582733813],[37.81512605042,-3.021582733813],[37.81512605042,-3.17463160537]]],"type":"Polygon"},"id":239,"properties":{"parentKey":"KEN:1159308877","sourceCountryId":"KEN","syntheticOperational":true,"territoryId":"territory:catalog:26fc35aaec8e297131eee46255feb5606772c978d3abd841acb2c67ff0113546"},"type":"Feature"},{"geometry":{"coordinates":[[[36.043165467626,-1.294964028777],[36.258992805755,-1.294964028777],[36.258992805755,-1.079136690647],[36.043165467626,-1.079136690647],[36.043165467626,-1.294964028777]]],"type":"Polygon"},"id":240,"properties":{"parentKey":"KEN:1159308877","sourceCountryId":"KEN","syntheticOperational":true,"territoryId":"territory:catalog:ad7b741ab4555d38a8ab72b524e5badaa80cb22892655d52d7c78b6a6e75b6c8"},"type":"Feature"},{"geometry":{"coordinates":[[[35.351351351351,3.669064748201],[35.567567567568,3.669064748201],[35.567567567568,3.884892086331],[35.351351351351,3.884892086331],[35.351351351351,3.669064748201]]],"type":"Polygon"},"id":241,"properties":{"parentKey":"KEN:1159308877","sourceCountryId":"KEN","syntheticOperational":true,"territoryId":"territory:catalog:9e0232571af2e93da338c2297276d74b5c4d294e55f9df36cb62fdb35404e160"},"type":"Feature"},{"geometry":{"coordinates":[[[39.196160767846,-2.374100719424],[39.412117576485,-2.374100719424],[39.412117576485,-2.158273381295],[39.196160767846,-2.158273381295],[39.196160767846,-2.374100719424]]],"type":"Polygon"},"id":242,"properties":{"parentKey":"KEN:1159309927","sourceCountryId":"KEN","syntheticOperational":true,"territoryId":"territory:catalog:c0e15f5de03175f4fbbfaabc1fe2d60e608eb16b4740d7df94a8bb8a289ebea7"},"type":"Feature"},{"geometry":{"coordinates":[[[40.491901619676,1.942446043165],[40.575539568345,1.942446043165],[40.707858428314,1.942446043165],[40.707858428314,2.158273381295],[40.491901619676,2.158273381295],[40.491901619676,1.942446043165]]],"type":"Polygon"},"id":243,"properties":{"parentKey":"KEN:1159308881","sourceCountryId":"KEN","syntheticOperational":true,"territoryId":"territory:catalog:c4a1a0a8bcfeb696bc68b18278d547bf9878ce1c6893e95e68253cc31eaeb5fd"},"type":"Feature"},{"geometry":{"coordinates":[[[35.198693021896,4.964028776978],[35.255161141188,4.964028776978],[35.245726,4.98172],[35.198693021896,4.964028776978]]],"type":"Polygon"},"id":244,"properties":{"parentKey":"KEN:1159308877","sourceCountryId":"KEN","syntheticOperational":true,"territoryId":"territory:catalog:8c4d0d1ef69eb2c5f505b2ff121b4390ad3da98bae68e61554c6f8d47a8bb8dd"},"type":"Feature"},{"geometry":{"coordinates":[[[34.748201438849,-0.010238124372],[34.758633,-0.007493],[34.763633357404,0],[34.748201438849,0],[34.748201438849,-0.010238124372]]],"type":"Polygon"},"id":245,"properties":{"parentKey":"KEN:1159308879","sourceCountryId":"KEN","syntheticOperational":true,"territoryId":"territory:catalog:6d718c76aa3c976222cea0590af298c64eb70d6e12b56602aa6fb877bbd7dd9e"},"type":"Feature"},{"geometry":{"coordinates":[[[35.654261704682,3.021582733813],[35.870348139256,3.021582733813],[35.870348139256,3.237410071942],[35.654261704682,3.237410071942],[35.654261704682,3.021582733813]]],"type":"Polygon"},"id":246,"properties":{"parentKey":"KEN:1159308877","sourceCountryId":"KEN","syntheticOperational":true,"territoryId":"territory:catalog:0053f645fac60eb7fdd8f6cd728e53a3a765274fc5cbac7d7236dfbf419f7db7"},"type":"Feature"},{"geometry":{"coordinates":[[[41.219909584008,-1.942446043165],[41.219981,-1.944024],[41.231456,-1.955499],[41.248709,-1.957289],[41.267345,-1.94964],[41.282725,-1.96852],[41.303477,-1.95615],[41.314633785542,-1.942446043165],[41.223021582734,-1.942446043165],[41.219909584008,-1.942446043165]]],"type":"Polygon"},"id":247,"properties":{"parentKey":"KEN:1159309927","sourceCountryId":"KEN","syntheticOperational":true,"territoryId":"territory:catalog:43647c98f872711274bd8244e322a111cab46ea95541c568b101eae1f6ee5a83"},"type":"Feature"},{"geometry":{"coordinates":[[[37.553956834532,0.585487540119],[37.555155,0.584978],[37.566782,0.576968],[37.571123,0.577536],[37.574379,0.581308],[37.579495,0.589783],[37.584301,0.594124],[37.589572,0.597225],[37.609467,0.605286],[37.62342,0.615725],[37.643883,0.635155],[37.65024,0.639496],[37.663469,0.645956],[37.665758128581,0.647482014388],[37.553956834532,0.647482014388],[37.553956834532,0.585487540119]]],"type":"Polygon"},"id":248,"properties":{"parentKey":"KEN:1159308877","sourceCountryId":"KEN","syntheticOperational":true,"territoryId":"territory:catalog:03cbca42da6ab6248c150ae830c25fbfebfaf12f633cb1da46ee18e5cb9c00b5"},"type":"Feature"},{"geometry":{"coordinates":[[[39.047493350875,1.942446043165],[39.064748201439,1.916219669503],[39.064748201439,1.942446043165],[39.047493350875,1.942446043165]]],"type":"Polygon"},"id":249,"properties":{"parentKey":"KEN:1159308881","sourceCountryId":"KEN","syntheticOperational":true,"territoryId":"territory:catalog:774a573287a76c44b1b23c1be02733e87b696ef71655239c6d8d4501887ec2dc"},"type":"Feature"},{"geometry":{"coordinates":[[[37.81512605042,3.237410071942],[38.031212484994,3.237410071942],[38.031212484994,3.453237410072],[37.945945945946,3.453237410072],[37.81512605042,3.453237410072],[37.81512605042,3.237410071942]]],"type":"Polygon"},"id":250,"properties":{"parentKey":"KEN:1159308875","sourceCountryId":"KEN","syntheticOperational":true,"territoryId":"territory:catalog:de9403d24667b452d8de0c0da2c51204369c22551c500f1390460750a7fc4a6f"},"type":"Feature"},{"geometry":{"coordinates":[[[37.985611510791,0.863309352518],[38.052677491899,0.863309352518],[38.0391616562,1.079136690647],[37.985611510791,1.079136690647],[37.985611510791,0.863309352518]]],"type":"Polygon"},"id":251,"properties":{"parentKey":"KEN:1159308877","sourceCountryId":"KEN","syntheticOperational":true,"territoryId":"territory:catalog:a8b240b408a6fcf2d6870f8ce742aacc3bba61e8980ef4a6a46650bde4f5c3ee"},"type":"Feature"},{"geometry":{"coordinates":[[[38.959462,-1.750849],[38.960237,-1.764336],[38.985662,-1.919676],[38.984260349209,-1.942446043165],[39.064748201439,-1.942446043165],[39.064748201439,-1.726618705036],[38.970279836356,-1.726618705036],[38.961943,-1.737361],[38.959462,-1.750849]]],"type":"Polygon"},"id":252,"properties":{"parentKey":"KEN:1159309927","sourceCountryId":"KEN","syntheticOperational":true,"territoryId":"territory:catalog:96cf65ab3b34bb76577883e1e9dedb0f56338df323202af3024e39d0e66ffbd3"},"type":"Feature"},{"geometry":{"coordinates":[[[38.415361,-0.067592],[38.415878,-0.080563],[38.41726618705,-0.082957827469],[38.41726618705,-0.067955013525],[38.415361,-0.067592]]],"type":"Polygon"},"id":253,"properties":{"parentKey":"KEN:1159309927","sourceCountryId":"KEN","syntheticOperational":true,"territoryId":"territory:catalog:6093bda0c8b3bf59f2af0d596a6fea48c7f888479c29428975380ac93aee5570"},"type":"Feature"},{"geometry":{"coordinates":[[[40.957342122489,-2.158273381295],[40.987729223373,-2.158273381295],[40.988943,-2.152276],[40.995616,-2.143813],[41.004405,-2.142185],[41.01352,-2.148858],[41.050792,-2.12949],[41.068614,-2.123468],[41.081798,-2.121515],[41.082856,-2.123712],[41.086436,-2.128351],[41.09197,-2.132989],[41.098888,-2.135349],[41.104828,-2.134047],[41.107758,-2.131524],[41.10963,-2.129002],[41.112559,-2.127699],[41.118907,-2.124282],[41.122813,-2.115899],[41.124278,-2.104669],[41.123383,-2.093683],[41.136892,-2.115492],[41.139772045591,-2.114956767517],[41.139772045591,-2.05748297976],[41.122732,-2.047784],[41.092784,-2.038018],[41.065684,-2.03631],[41.053966,-2.049574],[41.045177,-2.069757],[41.024669,-2.080173],[41.00115,-2.087172],[40.982921,-2.097345],[40.969249,-2.119806],[40.957367,-2.1513],[40.957342122489,-2.158273381295]]],"type":"Polygon"},"id":254,"properties":{"parentKey":"KEN:1159309927","sourceCountryId":"KEN","syntheticOperational":true,"territoryId":"territory:catalog:47696e2381ec3c67fd781c14fd5b0b2220202e1938ce0c08802488ff2190081e"},"type":"Feature"},{"geometry":{"coordinates":[[[36.690647482014,1.726618705036],[36.906474820144,1.726618705036],[36.906474820144,1.942446043165],[36.820635872825,1.942446043165],[36.690647482014,1.942446043165],[36.690647482014,1.726618705036]]],"type":"Polygon"},"id":255,"properties":{"parentKey":"KEN:1159308877","sourceCountryId":"KEN","syntheticOperational":true,"territoryId":"territory:catalog:be27b6c2148151ccfb3af62ee4076e96657bc647e347cff0e1390b5b3d09d60d"},"type":"Feature"},{"geometry":{"coordinates":[[[36.906474820144,-1.079136690647],[37.122302158273,-1.079136690647],[37.122302158273,-0.863309352518],[36.906474820144,-0.863309352518],[36.906474820144,-1.079136690647]]],"type":"Polygon"},"id":256,"properties":{"parentKey":"KEN:1159310037","sourceCountryId":"KEN","syntheticOperational":true,"territoryId":"territory:catalog:30407c2b870f33192a593e3efd66183b39d17f63a08100c200e1074365c56723"},"type":"Feature"},{"geometry":{"coordinates":[[[35.047446144533,-0.21582733813],[35.179856115108,-0.21582733813],[35.179856115108,-0.176023669659],[35.179279,-0.176216],[35.174008,-0.17601],[35.169047,-0.174614],[35.164397,-0.172134],[35.15339,-0.162625],[35.141607,-0.154357],[35.138197,-0.150843],[35.135096,-0.146812],[35.1275,-0.133635],[35.124399,-0.130224],[35.120782,-0.12764],[35.114581,-0.131465],[35.107759,-0.140921],[35.084505,-0.185208],[35.075048,-0.195698],[35.070656,-0.19823],[35.060734,-0.202158],[35.056238,-0.204535],[35.052207,-0.207584],[35.049106,-0.211511],[35.047446144533,-0.21582733813]]],"type":"Polygon"},"id":257,"properties":{"parentKey":"KEN:1159308877","sourceCountryId":"KEN","syntheticOperational":true,"territoryId":"territory:catalog:cf4d208ba5bd6653c842eccbf507a2a79f824648eeee7f67d6f88f2c2a61a6f5"},"type":"Feature"},{"geometry":{"coordinates":[[[34.532374100719,0.647482014388],[34.748201438849,0.647482014388],[34.748201438849,0.863309352518],[34.532374100719,0.863309352518],[34.532374100719,0.647482014388]]],"type":"Polygon"},"id":258,"properties":{"parentKey":"KEN:1159308879","sourceCountryId":"KEN","syntheticOperational":true,"territoryId":"territory:catalog:025066ffca02822758f4f2adb07fd9cdf193c3c008dd2453de83e947428f0356"},"type":"Feature"},{"geometry":{"coordinates":[[[36.258992805755,-1.726618705036],[36.474820143885,-1.726618705036],[36.474820143885,-1.510791366906],[36.258992805755,-1.510791366906],[36.258992805755,-1.726618705036]]],"type":"Polygon"},"id":259,"properties":{"parentKey":"KEN:1159308877","sourceCountryId":"KEN","syntheticOperational":true,"territoryId":"territory:catalog:6782b8886d0a25eb4de25ce80cfa29cc78ec216dff93119e992be6e1e834ab9d"},"type":"Feature"},{"geometry":{"coordinates":[[[37.985611510791,-0.863309352518],[38.201438848921,-0.863309352518],[38.201438848921,-0.647482014388],[37.985611510791,-0.647482014388],[37.985611510791,-0.863309352518]]],"type":"Polygon"},"id":260,"properties":{"parentKey":"KEN:1159308875","sourceCountryId":"KEN","syntheticOperational":true,"territoryId":"territory:catalog:4f86e7eeb86ebe101a6e78ae4e35dca29a12106fcdb59558189822212364850a"},"type":"Feature"},{"geometry":{"coordinates":[[[37.338129496403,-0.205198860419],[37.342485837987,-0.21582733813],[37.553956834532,-0.21582733813],[37.553956834532,0],[37.338129496403,0],[37.338129496403,-0.205198860419]]],"type":"Polygon"},"id":261,"properties":{"parentKey":"KEN:1159308875","sourceCountryId":"KEN","syntheticOperational":true,"territoryId":"territory:catalog:6c2ee1a943e94b22bd5aaa45981dcb1bf2d5a5ee9f80e242536496ca01c0e86e"},"type":"Feature"},{"geometry":{"coordinates":[[[35.179856115108,1.510791366906],[35.395683453237,1.510791366906],[35.395683453237,1.726618705036],[35.179856115108,1.726618705036],[35.179856115108,1.510791366906]]],"type":"Polygon"},"id":262,"properties":{"parentKey":"KEN:1159308877","sourceCountryId":"KEN","syntheticOperational":true,"territoryId":"territory:catalog:5f719013d573c82503745c74909e2e23d4a3da01325b3516aaa9d0a44b230d33"},"type":"Feature"},{"geometry":{"coordinates":[[[35.438175270108,2.805755395683],[35.524895020996,2.805755395683],[35.654261704682,2.805755395683],[35.654261704682,3.021582733813],[35.438175270108,3.021582733813],[35.438175270108,2.805755395683]]],"type":"Polygon"},"id":263,"properties":{"parentKey":"KEN:1159308877","sourceCountryId":"KEN","syntheticOperational":true,"territoryId":"territory:catalog:e39315834449c4321ffb04c8e3e32bc5a4b144511e41f62b79a04f96d0c46f3f"},"type":"Feature"},{"geometry":{"coordinates":[[[39.971446,-3.376072],[39.975990396158,-3.375339132488],[39.975990396158,-3.366178791981],[39.971446,-3.376072]]],"type":"Polygon"},"id":264,"properties":{"parentKey":"KEN:1159309927","sourceCountryId":"KEN","syntheticOperational":true,"territoryId":"territory:catalog:8ed0d6875f92768ba8de26f90c0bbaa5b3068f5f1e15863efa29063344a063b3"},"type":"Feature"},{"geometry":{"coordinates":[[[38.968744625962,-1.079136690647],[38.989383,-1.124169],[38.996514,-1.146286],[38.997508879953,-1.294964028777],[39.064748201439,-1.294964028777],[39.064748201439,-1.079136690647],[38.968744625962,-1.079136690647]]],"type":"Polygon"},"id":265,"properties":{"parentKey":"KEN:1159309927","sourceCountryId":"KEN","syntheticOperational":true,"territoryId":"territory:catalog:df2e5499891a2394365596895dd473aa14237f750b1cd3c4e503cad7fe494745"},"type":"Feature"},{"geometry":{"coordinates":[[[34.877024595081,2.589928057554],[35.092981403719,2.589928057554],[35.092981403719,2.805755395683],[35.00600240096,2.805755395683],[34.877024595081,2.805755395683],[34.877024595081,2.589928057554]]],"type":"Polygon"},"id":266,"properties":{"parentKey":"KEN:1159308877","sourceCountryId":"KEN","syntheticOperational":true,"territoryId":"territory:catalog:1a6a2ddc16986c372ccd557b40f8763b5ef4e2da68c52a222cc01d6c15548024"},"type":"Feature"},{"geometry":{"coordinates":[[[37.900419916017,-2.589928057554],[38.116376724655,-2.589928057554],[38.116376724655,-2.374100719424],[37.900419916017,-2.374100719424],[37.900419916017,-2.589928057554]]],"type":"Polygon"},"id":267,"properties":{"parentKey":"KEN:1159308875","sourceCountryId":"KEN","syntheticOperational":true,"territoryId":"territory:catalog:5cc8c4080bf45401238bba5961d7db6af24c7464db49e0e18799e57b9646a0ad"},"type":"Feature"},{"geometry":{"coordinates":[[[34.560175979853,3.021582733813],[34.569433442378,2.97336787226],[34.573829531813,2.950472090302],[34.573829531813,3.021582733813],[34.560175979853,3.021582733813]]],"type":"Polygon"},"id":268,"properties":{"parentKey":"KEN:1159308877","sourceCountryId":"KEN","syntheticOperational":true,"territoryId":"territory:catalog:75f4c7ba50fcf132f2e8d2e46fbe2f4b9468db3106dab28ef4013f26c8d85012"},"type":"Feature"},{"geometry":{"coordinates":[[[38.41726618705,-0.431654676259],[38.619392000348,-0.431654676259],[38.49428540302,-0.21582733813],[38.41726618705,-0.21582733813],[38.41726618705,-0.431654676259]]],"type":"Polygon"},"id":269,"properties":{"parentKey":"KEN:1159308875","sourceCountryId":"KEN","syntheticOperational":true,"territoryId":"territory:catalog:6adb46e1f395471fcd93c751fd7c47c5be44c5ee0c2d0c9cf3078586ce4c52a0"},"type":"Feature"},{"geometry":{"coordinates":[[[34.632720862934,4.748201438849],[34.744437763079,4.748201438849],[34.744437763079,4.793401949629],[34.666277,4.76498],[34.632720862934,4.748201438849]]],"type":"Polygon"},"id":270,"properties":{"parentKey":"KEN:1159308877","sourceCountryId":"KEN","syntheticOperational":true,"territoryId":"territory:catalog:0f4a2144305c6b3afb0e4e5dfbfb73e91d27d3e1f8f27990b8a7080eca25bf6e"},"type":"Feature"},{"geometry":{"coordinates":[[[37.610722747411,-2.374100719424],[37.684463107379,-2.459155739117],[37.684463107379,-2.374100719424],[37.610722747411,-2.374100719424]]],"type":"Polygon"},"id":271,"properties":{"parentKey":"KEN:1159308875","sourceCountryId":"KEN","syntheticOperational":true,"territoryId":"territory:catalog:42bfb3a0d959989ec1058db37f2404fa66eff1c3d0a3152ed4fc63b527f8c664"},"type":"Feature"},{"geometry":{"coordinates":[[[34.960914010824,4.748201438849],[35.177390258569,4.748201438849],[35.177390258569,4.956015847493],[35.176189,4.955564],[35.094298,4.924761],[35.00272,4.890314],[34.960914010824,4.874588830145],[34.960914010824,4.748201438849]]],"type":"Polygon"},"id":272,"properties":{"parentKey":"KEN:1159308877","sourceCountryId":"KEN","syntheticOperational":true,"territoryId":"territory:catalog:5a5cf303450aa30f499449421d758eb9717ba4e55720c94f7eddea98e1e8a80f"},"type":"Feature"},{"geometry":{"coordinates":[[[39.280575539568,-0.431654676259],[39.496402877698,-0.431654676259],[39.496402877698,-0.243206000903],[39.495502,-0.241794],[39.481394,-0.232027],[39.472454,-0.216162],[39.472062044205,-0.21582733813],[39.280575539568,-0.21582733813],[39.280575539568,-0.431654676259]]],"type":"Polygon"},"id":273,"properties":{"parentKey":"KEN:1159309927","sourceCountryId":"KEN","syntheticOperational":true,"territoryId":"territory:catalog:c3d51d0858ff1a1c28270bd52b93c9d34a24a1403152be2e926049c271336a12"},"type":"Feature"},{"geometry":{"coordinates":[[[39.196160767846,2.374100719424],[39.412117576485,2.374100719424],[39.412117576485,2.589928057554],[39.196160767846,2.589928057554],[39.196160767846,2.374100719424]]],"type":"Polygon"},"id":274,"properties":{"parentKey":"KEN:1159308881","sourceCountryId":"KEN","syntheticOperational":true,"territoryId":"territory:catalog:26c94ac1066a1963897b1e8784e17c15c10625a15019098a3dd3b3d7c241dc36"},"type":"Feature"},{"geometry":{"coordinates":[[[38.594594594595,-4.10071942446],[38.725961538462,-4.10071942446],[38.810810810811,-4.10071942446],[38.810810810811,-3.884892086331],[38.594594594595,-3.884892086331],[38.594594594595,-4.10071942446]]],"type":"Polygon"},"id":275,"properties":{"parentKey":"KEN:1159309927","sourceCountryId":"KEN","syntheticOperational":true,"territoryId":"territory:catalog:5f21c5c7448a996c21f496b5d871b4fa564d6264212370a835e3e42d209f5224"},"type":"Feature"},{"geometry":{"coordinates":[[[38.247298919568,-3.453237410072],[38.378378378378,-3.453237410072],[38.463385354142,-3.453237410072],[38.463385354142,-3.237410071942],[38.247298919568,-3.237410071942],[38.247298919568,-3.453237410072]]],"type":"Polygon"},"id":276,"properties":{"parentKey":"KEN:1159309927","sourceCountryId":"KEN","syntheticOperational":true,"territoryId":"territory:catalog:56c83a67cda1189e956e4fc3ee800d9b295310b9134ef936a4d37bc6717a1a1c"},"type":"Feature"},{"geometry":{"coordinates":[[[35.308938212358,2.158273381295],[35.524895020996,2.158273381295],[35.524895020996,2.374100719424],[35.308938212358,2.374100719424],[35.308938212358,2.158273381295]]],"type":"Polygon"},"id":277,"properties":{"parentKey":"KEN:1159308877","sourceCountryId":"KEN","syntheticOperational":true,"territoryId":"territory:catalog:98b4c353c0783c94f3031d11f6378f0eae99e671e133b2addfe31febd80b3ae8"},"type":"Feature"},{"geometry":{"coordinates":[[[40.791366906475,0.863309352518],[40.968486,0.863309352518],[40.968486,1.079136690647],[40.791366906475,1.079136690647],[40.791366906475,0.863309352518]]],"type":"Polygon"},"id":278,"properties":{"parentKey":"KEN:1159308881","sourceCountryId":"KEN","syntheticOperational":true,"territoryId":"territory:catalog:217e60a485c7a26a239faf53cf45154f2a79e1a3f13cd5d6f201abeaf20f7d25"},"type":"Feature"},{"geometry":{"coordinates":[[[34.702702702703,3.453237410072],[34.789915966387,3.453237410072],[34.918918918919,3.453237410072],[34.918918918919,3.669064748201],[34.702702702703,3.669064748201],[34.702702702703,3.453237410072]]],"type":"Polygon"},"id":279,"properties":{"parentKey":"KEN:1159308877","sourceCountryId":"KEN","syntheticOperational":true,"territoryId":"territory:catalog:7646455dfde482b1db2c94dda04f55de4afe7b35df83050952ab0317b7857e67"},"type":"Feature"},{"geometry":{"coordinates":[[[37.338129496403,0],[37.553956834532,0],[37.553956834532,0.215827338129],[37.361666777274,0.215827338129],[37.360542,0.21053],[37.358216,0.205259],[37.338129496403,0.18441099631],[37.338129496403,0]]],"type":"Polygon"},"id":280,"properties":{"parentKey":"KEN:1159308875","sourceCountryId":"KEN","syntheticOperational":true,"territoryId":"territory:catalog:186b8c90cdd67a61e6741ca38b0bcc24d33f82c341cae40c15a27f2036bb47a0"},"type":"Feature"},{"geometry":{"coordinates":[[[37.036592681464,-2.158273381295],[37.252549490102,-2.158273381295],[37.252549490102,-1.955056806704],[37.235735715618,-1.942446043165],[37.122302158273,-1.942446043165],[37.036592681464,-1.942446043165],[37.036592681464,-2.158273381295]]],"type":"Polygon"},"id":281,"properties":{"parentKey":"KEN:1159308877","sourceCountryId":"KEN","syntheticOperational":true,"territoryId":"territory:catalog:1a137867f6543c98a6df1e80b265de7a9bf6d4f83de7c49bbbb3e4aaccea546e"},"type":"Feature"},{"geometry":{"coordinates":[[[36.043165467626,-1.079136690647],[36.258992805755,-1.079136690647],[36.258992805755,-0.863309352518],[36.043165467626,-0.863309352518],[36.043165467626,-1.079136690647]]],"type":"Polygon"},"id":282,"properties":{"parentKey":"KEN:1159308877","sourceCountryId":"KEN","syntheticOperational":true,"territoryId":"territory:catalog:9930c599b5ab55a76a6f3fee9ab0f197eed9af4796ec7013a7f7847d9498b2f1"},"type":"Feature"},{"geometry":{"coordinates":[[[39.891891891892,3.669064748201],[40.108108108108,3.669064748201],[40.108108108108,3.884892086331],[39.891891891892,3.884892086331],[39.891891891892,3.669064748201]]],"type":"Polygon"},"id":283,"properties":{"parentKey":"KEN:1159308881","sourceCountryId":"KEN","syntheticOperational":true,"territoryId":"territory:catalog:d50338628eef9c1eb859ddbafe4b71c9c18b8bb5d1df6fa8a4a55e3e80bea802"},"type":"Feature"},{"geometry":{"coordinates":[[[38.247298919568,-3.021582733813],[38.463385354142,-3.021582733813],[38.463385354142,-2.973423121405],[38.463213,-2.973462],[38.457477,-2.976252],[38.454687,-2.978319],[38.448951,-2.985864],[38.44709,-2.986639],[38.444145,-2.984934],[38.437789,-2.978474],[38.42549,-2.963333],[38.411227,-2.950879],[38.407041,-2.948244],[38.363736,-2.931087],[38.359395,-2.928451],[38.351954,-2.921837],[38.349008,-2.918116],[38.346838,-2.913775],[38.341877,-2.898169],[38.321517,-2.856983],[38.287924760419,-2.805755395683],[38.247298919568,-2.805755395683],[38.247298919568,-3.021582733813]]],"type":"Polygon"},"id":284,"properties":{"parentKey":"KEN:1159309927","sourceCountryId":"KEN","syntheticOperational":true,"territoryId":"territory:catalog:a33610f5ccd9a0dffd9c25be0f789179e8ff84312d7ba1804a5f89fd4489624d"},"type":"Feature"},{"geometry":{"coordinates":[[[38.116376724655,-2.589928057554],[38.332333533293,-2.589928057554],[38.332333533293,-2.374100719424],[38.116376724655,-2.374100719424],[38.116376724655,-2.589928057554]]],"type":"Polygon"},"id":285,"properties":{"parentKey":"KEN:1159308875","sourceCountryId":"KEN","syntheticOperational":true,"territoryId":"territory:catalog:a691bfd3a7011e9f47b5fe3bb6ce9cf416a0f08e64759edb6f38c38c97a2fe87"},"type":"Feature"},{"geometry":{"coordinates":[[[36.690647482014,0.863309352518],[36.906474820144,0.863309352518],[36.906474820144,1.079136690647],[36.690647482014,1.079136690647],[36.690647482014,0.863309352518]]],"type":"Polygon"},"id":286,"properties":{"parentKey":"KEN:1159308877","sourceCountryId":"KEN","syntheticOperational":true,"territoryId":"territory:catalog:e3fc0ca078c8fa97a743623b8ebd1073e6e1b10f414ad5b98ae9772f70f1d834"},"type":"Feature"},{"geometry":{"coordinates":[[[37.72972972973,-3.555202721552],[37.729821,-3.555389],[37.747184,-3.616987],[37.757209,-3.637451],[37.770955,-3.655435],[37.789957521188,-3.669064748201],[37.945945945946,-3.669064748201],[37.945945945946,-3.453237410072],[37.81512605042,-3.453237410072],[37.72972972973,-3.453237410072],[37.72972972973,-3.555202721552]]],"type":"Polygon"},"id":287,"properties":{"parentKey":"KEN:1159309927","sourceCountryId":"KEN","syntheticOperational":true,"territoryId":"territory:catalog:64950497731098ba6680cbdce1fb2d65ae172a8f71544d7017e820b6f4d8cd8e"},"type":"Feature"},{"geometry":{"coordinates":[[[37.036592681464,2.374100719424],[37.252549490102,2.374100719424],[37.252549490102,2.589928057554],[37.036592681464,2.589928057554],[37.036592681464,2.374100719424]]],"type":"Polygon"},"id":288,"properties":{"parentKey":"KEN:1159308875","sourceCountryId":"KEN","syntheticOperational":true,"territoryId":"territory:catalog:4189187bb355ae685f6d6780ff26c8cd1905b9d5ee8f259dbe01af92dd9efacd"},"type":"Feature"},{"geometry":{"coordinates":[[[39.628074385123,1.942446043165],[39.712230215827,1.942446043165],[39.844031193761,1.942446043165],[39.844031193761,2.158273381295],[39.628074385123,2.158273381295],[39.628074385123,1.942446043165]]],"type":"Polygon"},"id":289,"properties":{"parentKey":"KEN:1159308881","sourceCountryId":"KEN","syntheticOperational":true,"territoryId":"territory:catalog:78781f0111722152e1b9bd815e259030f633425d8679daa2947ee8e68502d988"},"type":"Feature"},{"geometry":{"coordinates":[[[38.463385354142,-2.973423121405],[38.473755,-2.971084],[38.486468,-2.970258],[38.500627,-2.971291],[38.504038,-2.970981],[38.507913,-2.968449],[38.511634,-2.964987],[38.51737,-2.961318],[38.522796,-2.960956],[38.528222,-2.961473],[38.539074,-2.963953],[38.54419,-2.965813],[38.553389,-2.969999],[38.570132,-2.980335],[38.58455,-2.985916],[38.58889,-2.988344],[38.596797,-2.993977],[38.599742,-2.996768],[38.60429,-3.002142],[38.60677,-3.004622],[38.610491,-3.007206],[38.615452,-3.009067],[38.626459,-3.011754],[38.636071,-3.015423],[38.644930958205,-3.021582733813],[38.679471788715,-3.021582733813],[38.679471788715,-2.805755395683],[38.548290341932,-2.805755395683],[38.463385354142,-2.805755395683],[38.463385354142,-2.973423121405]]],"type":"Polygon"},"id":290,"properties":{"parentKey":"KEN:1159308875","sourceCountryId":"KEN","syntheticOperational":true,"territoryId":"territory:catalog:5c4431ef6e18db6f62e937da31193f205960146101b7ab9194ac0487d0941a31"},"type":"Feature"},{"geometry":{"coordinates":[[[35.740851829634,2.589928057554],[35.956808638272,2.589928057554],[35.956808638272,2.805755395683],[35.870348139256,2.805755395683],[35.740851829634,2.805755395683],[35.740851829634,2.589928057554]]],"type":"Polygon"},"id":291,"properties":{"parentKey":"KEN:1159308877","sourceCountryId":"KEN","syntheticOperational":true,"territoryId":"territory:catalog:c9fd2d6e2573d21a0d93adc7c3691661caf4b45ce0d76079f7b28f30b0e5c528"},"type":"Feature"},{"geometry":{"coordinates":[[[36.258992805755,0.215827338129],[36.474820143885,0.215827338129],[36.474820143885,0.431654676259],[36.258992805755,0.431654676259],[36.258992805755,0.215827338129]]],"type":"Polygon"},"id":292,"properties":{"parentKey":"KEN:1159308877","sourceCountryId":"KEN","syntheticOperational":true,"territoryId":"territory:catalog:801c4494d70ac4fc77fe02a374edeeeda94c539fadee429fea3e5da0dcd0d307"},"type":"Feature"},{"geometry":{"coordinates":[[[39.296186,3.476455],[39.297970140108,3.453237410072],[39.327731092437,3.453237410072],[39.459459459459,3.453237410072],[39.459459459459,3.454541534953],[39.436176,3.462374],[39.311326,3.466094],[39.320525,3.484543],[39.315874,3.494904],[39.302748,3.495679],[39.296338,3.49199],[39.296186,3.476455]]],"type":"Polygon"},"id":293,"properties":{"parentKey":"KEN:1159308881","sourceCountryId":"KEN","syntheticOperational":true,"territoryId":"territory:catalog:b1fa9e976bc0edd690793cf4b77d38431c8bb1295f1a92d49e5563fe84d4cdb5"},"type":"Feature"},{"geometry":{"coordinates":[[[34.573829531813,3.237410071942],[34.789915966387,3.237410071942],[34.789915966387,3.453237410072],[34.702702702703,3.453237410072],[34.573829531813,3.453237410072],[34.573829531813,3.237410071942]]],"type":"Polygon"},"id":294,"properties":{"parentKey":"KEN:1159308877","sourceCountryId":"KEN","syntheticOperational":true,"territoryId":"territory:catalog:fd1e89ee736e3865a57c6d8698596521f962828b344ea768c2800ac55544f151"},"type":"Feature"},{"geometry":{"coordinates":[[[40.359712230216,1.726618705036],[40.575539568345,1.726618705036],[40.575539568345,1.942446043165],[40.491901619676,1.942446043165],[40.359712230216,1.942446043165],[40.359712230216,1.726618705036]]],"type":"Polygon"},"id":295,"properties":{"parentKey":"KEN:1159308881","sourceCountryId":"KEN","syntheticOperational":true,"territoryId":"territory:catalog:b95d86fac0f9cb4cb7a3d022049a7567a50e0a8845b6d8c2f430244077043930"},"type":"Feature"},{"geometry":{"coordinates":[[[36.08643457383,3.224818695078],[36.106613,3.216393],[36.130591,3.220036],[36.142942,3.219804],[36.148213,3.213293],[36.146042,3.20257],[36.13674,3.182235],[36.13457,3.172313],[36.136327,3.160841],[36.145009,3.139886],[36.148213,3.128259],[36.148264,3.116606],[36.124270995415,3.021582733813],[36.302521008403,3.021582733813],[36.302521008403,3.237410071942],[36.08643457383,3.237410071942],[36.08643457383,3.224818695078]]],"type":"Polygon"},"id":296,"properties":{"parentKey":"KEN:1159308875","sourceCountryId":"KEN","syntheticOperational":true,"territoryId":"territory:catalog:fd28d6fe8177ae7d7d12bf2f0b6d350a624fbd918afe61f43b03fb263d175321"},"type":"Feature"},{"geometry":{"coordinates":[[[37.122302158273,-1.732505989189],[37.143914,-1.75829],[37.158073,-1.779788],[37.148565,-1.814669],[37.148772,-1.825573],[37.150322,-1.837562],[37.161794,-1.86402],[37.162569,-1.868516],[37.16846,-1.885363],[37.179002,-1.90748],[37.188149,-1.919211],[37.198226,-1.927427],[37.219517,-1.934145],[37.235485,-1.942258],[37.235735715618,-1.942446043165],[37.252549490102,-1.942446043165],[37.338129496403,-1.942446043165],[37.338129496403,-1.726618705036],[37.122302158273,-1.726618705036],[37.122302158273,-1.732505989189]]],"type":"Polygon"},"id":297,"properties":{"parentKey":"KEN:1159308875","sourceCountryId":"KEN","syntheticOperational":true,"territoryId":"territory:catalog:d8c178b14662259c1d4c7221e813a36c7bda2bc1a338250251bee4aa58f9dd64"},"type":"Feature"},{"geometry":{"coordinates":[[[36.668928406851,-1.294964028777],[36.676242,-1.298215],[36.67924335451,-1.294964028777],[36.668928406851,-1.294964028777]]],"type":"Polygon"},"id":298,"properties":{"parentKey":"KEN:1159310037","sourceCountryId":"KEN","syntheticOperational":true,"territoryId":"territory:catalog:370b8b6f9ba724ef2d3b2eeef603507f9e54180391bb7e3b20f8da9ef6da7ae0"},"type":"Feature"},{"geometry":{"coordinates":[[[38.884800288919,-2.158273381295],[38.980203959208,-2.158273381295],[38.980203959208,-1.965319478413],[38.979461,-1.968872],[38.884800288919,-2.158273381295]]],"type":"Polygon"},"id":299,"properties":{"parentKey":"KEN:1159309927","sourceCountryId":"KEN","syntheticOperational":true,"territoryId":"territory:catalog:9158baacd6c1956b1ff272acd529c0521a2368994c5f902efd21677eec3ea52f"},"type":"Feature"},{"geometry":{"coordinates":[[[35.393866506314,4.532374100719],[35.480769230769,4.532374100719],[35.610342754059,4.532374100719],[35.610342754059,4.620554909684],[35.610201,4.620812],[35.562607,4.707137],[35.539966226592,4.748201438849],[35.393866506314,4.748201438849],[35.393866506314,4.532374100719]]],"type":"Polygon"},"id":300,"properties":{"parentKey":"KEN:1159308877","sourceCountryId":"KEN","syntheticOperational":true,"territoryId":"territory:catalog:a028473fb0773794c530100e74c04632af6dd76de278aeb3d80c53689911ea09"},"type":"Feature"},{"geometry":{"coordinates":[[[38.116376724655,-2.703292727473],[38.122459,-2.695752],[38.129125,-2.691515],[38.134861,-2.690016],[38.139822,-2.691567],[38.144318,-2.693737],[38.148194,-2.696786],[38.151449,-2.700197],[38.169329,-2.723761],[38.172585,-2.727172],[38.203281,-2.750478],[38.236974,-2.764792],[38.24209,-2.766187],[38.256198,-2.772234],[38.260383,-2.774817],[38.278108,-2.790785],[38.287924760419,-2.805755395683],[38.332333533293,-2.805755395683],[38.332333533293,-2.589928057554],[38.116376724655,-2.589928057554],[38.116376724655,-2.703292727473]]],"type":"Polygon"},"id":301,"properties":{"parentKey":"KEN:1159308875","sourceCountryId":"KEN","syntheticOperational":true,"territoryId":"territory:catalog:fb1ee5e362b3abd0f025ecaacc03b745bbafd4332a0606be3064a7bfd187a361"},"type":"Feature"},{"geometry":{"coordinates":[[[38.895558223289,3.237410071942],[39.111644657863,3.237410071942],[39.111644657863,3.453237410072],[39.027027027027,3.453237410072],[38.895558223289,3.453237410072],[38.895558223289,3.237410071942]]],"type":"Polygon"},"id":302,"properties":{"parentKey":"KEN:1159308875","sourceCountryId":"KEN","syntheticOperational":true,"territoryId":"territory:catalog:6d63744f9b0f36d0896999d52f5718b2e0874918572c79ba13f361c31c0c3944"},"type":"Feature"},{"geometry":{"coordinates":[[[37.553956834532,0],[37.769784172662,0],[37.769784172662,0.215827338129],[37.553956834532,0.215827338129],[37.553956834532,0]]],"type":"Polygon"},"id":303,"properties":{"parentKey":"KEN:1159308875","sourceCountryId":"KEN","syntheticOperational":true,"territoryId":"territory:catalog:159fb851dbf3d214925531ccbadc05f3f1c0e4f89f70c3e7323604a8905588a0"},"type":"Feature"},{"geometry":{"coordinates":[[[39.712230215827,0.431654676259],[39.928057553957,0.431654676259],[39.928057553957,0.647482014388],[39.712230215827,0.647482014388],[39.712230215827,0.431654676259]]],"type":"Polygon"},"id":304,"properties":{"parentKey":"KEN:1159308881","sourceCountryId":"KEN","syntheticOperational":true,"territoryId":"territory:catalog:9179efa2b3552ca5353d5aa3c65fa48b1b54e5f6f51a15dbf3926ca074e23a01"},"type":"Feature"},{"geometry":{"coordinates":[[[39.928057553957,-0.21582733813],[40.143884892086,-0.21582733813],[40.143884892086,0],[39.928057553957,0],[39.928057553957,-0.21582733813]]],"type":"Polygon"},"id":305,"properties":{"parentKey":"KEN:1159308881","sourceCountryId":"KEN","syntheticOperational":true,"territoryId":"territory:catalog:bd34243dfbf923d72323b9184c5c99f1dc51731300b71745a92089ef694b9862"},"type":"Feature"},{"geometry":{"coordinates":[[[37.985611510791,-0.647482014388],[38.201438848921,-0.647482014388],[38.201438848921,-0.431654676259],[37.985611510791,-0.431654676259],[37.985611510791,-0.647482014388]]],"type":"Polygon"},"id":306,"properties":{"parentKey":"KEN:1159308875","sourceCountryId":"KEN","syntheticOperational":true,"territoryId":"territory:catalog:f263cee0d90fc0f80491731fd2799c1ec1a8c5805418e977c54cbd7d020766cf"},"type":"Feature"},{"geometry":{"coordinates":[[[39.111644657863,3.237410071942],[39.322646930284,3.237410071942],[39.32037,3.256262],[39.310448,3.290859],[39.297970140108,3.453237410072],[39.243243243243,3.453237410072],[39.111644657863,3.453237410072],[39.111644657863,3.237410071942]]],"type":"Polygon"},"id":307,"properties":{"parentKey":"KEN:1159308875","sourceCountryId":"KEN","syntheticOperational":true,"territoryId":"territory:catalog:79b78a0e4bc3a244a0791c2485c731b4060c5cc450312aa64ae7385d9acb5af5"},"type":"Feature"},{"geometry":{"coordinates":[[[37.985611510791,-1.294964028777],[38.201438848921,-1.294964028777],[38.201438848921,-1.079136690647],[37.985611510791,-1.079136690647],[37.985611510791,-1.294964028777]]],"type":"Polygon"},"id":308,"properties":{"parentKey":"KEN:1159308875","sourceCountryId":"KEN","syntheticOperational":true,"territoryId":"territory:catalog:3ff56561226e9d63b69519a721387b9986bee2451984eb274e0e062461f535e8"},"type":"Feature"},{"geometry":{"coordinates":[[[41.056422569028,2.917802321296],[41.096127,2.957082],[41.161366013377,3.021582733813],[41.056422569028,3.021582733813],[41.056422569028,2.917802321296]]],"type":"Polygon"},"id":309,"properties":{"parentKey":"KEN:1159308881","sourceCountryId":"KEN","syntheticOperational":true,"territoryId":"territory:catalog:b8c60144f12b5ac14c3cb7f280f6675ee3b0d4cd9b6a2c3f34c8f05b0abe472e"},"type":"Feature"},{"geometry":{"coordinates":[[[38.247298919568,3.021582733813],[38.463385354142,3.021582733813],[38.463385354142,3.237410071942],[38.247298919568,3.237410071942],[38.247298919568,3.021582733813]]],"type":"Polygon"},"id":310,"properties":{"parentKey":"KEN:1159308875","sourceCountryId":"KEN","syntheticOperational":true,"territoryId":"territory:catalog:1ccb438e7bad862b200b47a500d5e758d2f786156bfcdad7817459ce876939f5"},"type":"Feature"},{"geometry":{"coordinates":[[[40.923815236953,2.158273381295],[40.968486,2.158273381295],[40.968486,2.374100719424],[40.923815236953,2.374100719424],[40.923815236953,2.158273381295]]],"type":"Polygon"},"id":311,"properties":{"parentKey":"KEN:1159308881","sourceCountryId":"KEN","syntheticOperational":true,"territoryId":"territory:catalog:2b3b3425ecf1b2720a90e34062cc8c91093646cbf92e7e381499a0caa60e762b"},"type":"Feature"},{"geometry":{"coordinates":[[[35.524895020996,2.158273381295],[35.740851829634,2.158273381295],[35.740851829634,2.374100719424],[35.524895020996,2.374100719424],[35.524895020996,2.158273381295]]],"type":"Polygon"},"id":312,"properties":{"parentKey":"KEN:1159308877","sourceCountryId":"KEN","syntheticOperational":true,"territoryId":"territory:catalog:0979091220c16e1cf77656518cb25c9a52b7e89b06e31e782cfe167ba8a1f202"},"type":"Feature"},{"geometry":{"coordinates":[[[38.76424715057,-2.589928057554],[38.980203959208,-2.589928057554],[38.980203959208,-2.374100719424],[38.76424715057,-2.374100719424],[38.76424715057,-2.589928057554]]],"type":"Polygon"},"id":313,"properties":{"parentKey":"KEN:1159309927","sourceCountryId":"KEN","syntheticOperational":true,"territoryId":"territory:catalog:d03455b981fe90ec27e5a5a42f2229295a32650b6668b5962f7b9a488b01b719"},"type":"Feature"},{"geometry":{"coordinates":[[[36.906474820144,-0.431654676259],[37.122302158273,-0.431654676259],[37.122302158273,-0.21582733813],[37.027351885318,-0.21582733813],[37.026143,-0.221847],[37.023353,-0.231562],[37.020562,-0.235748],[37.017462,-0.23921],[37.000874,-0.254454],[36.992812,-0.264376],[36.989091,-0.270474],[36.977102,-0.285874],[36.969196,-0.293625],[36.96315,-0.296002],[36.957104,-0.296106],[36.952143,-0.294245],[36.938965,-0.287631],[36.934779,-0.287321],[36.930749,-0.289904],[36.925788,-0.294865],[36.920982,-0.298586],[36.914729,-0.301377],[36.910543,-0.301273],[36.907598,-0.300757],[36.906474820144,-0.300263406742],[36.906474820144,-0.431654676259]]],"type":"Polygon"},"id":314,"properties":{"parentKey":"KEN:1159310037","sourceCountryId":"KEN","syntheticOperational":true,"territoryId":"territory:catalog:cbed0805e1a9f9462a03b4e6a924da5c0f5fd35650d84518af109e33160c10ca"},"type":"Feature"},{"geometry":{"coordinates":[[[36.899159335734,0.647482014388],[36.906474820144,0.647482014388],[36.906474820144,0.668839847412],[36.905892,0.668022],[36.903877,0.663061],[36.901707,0.651795],[36.899226,0.647558],[36.899159335734,0.647482014388]]],"type":"Polygon"},"id":315,"properties":{"parentKey":"KEN:1159308875","sourceCountryId":"KEN","syntheticOperational":true,"territoryId":"territory:catalog:1fe17f3f0a7b980192676a91517e186af7b956210fea3005231fd9f6c0182561"},"type":"Feature"},{"geometry":{"coordinates":[[[36.690647482014,-1.294964028777],[36.906474820144,-1.294964028777],[36.906474820144,-1.172098420287],[36.905582,-1.172745],[36.900156,-1.175432],[36.882948,-1.177861],[36.875197,-1.179876],[36.865998,-1.183442],[36.859952,-1.184785],[36.854526,-1.184217],[36.814063,-1.171091],[36.808637,-1.170264],[36.800524,-1.174347],[36.790447,-1.182201],[36.758511,-1.222302],[36.752413,-1.227263],[36.740011,-1.233206],[36.732415,-1.235118],[36.725593,-1.238994],[36.719857,-1.244678],[36.702959,-1.269276],[36.690647482014,-1.282611442565],[36.690647482014,-1.294964028777]]],"type":"Polygon"},"id":316,"properties":{"parentKey":"KEN:1159310039","sourceCountryId":"KEN","syntheticOperational":true,"territoryId":"territory:catalog:a4e2955f4db7819fac9c1dc6ab84cbe5b70416c09b09157377b9194c8c132ce5"},"type":"Feature"},{"geometry":{"coordinates":[[[36.906474820144,-1.942446043165],[37.036592681464,-1.942446043165],[37.122302158273,-1.942446043165],[37.122302158273,-1.732505989189],[37.117367508879,-1.726618705036],[36.906474820144,-1.726618705036],[36.906474820144,-1.942446043165]]],"type":"Polygon"},"id":317,"properties":{"parentKey":"KEN:1159308877","sourceCountryId":"KEN","syntheticOperational":true,"territoryId":"territory:catalog:6fe7426f9e339f5a6b98dc2d2cf0f9bb98099d6b153c6ce8148e1edbe03855fd"},"type":"Feature"},{"geometry":{"coordinates":[[[37.338129496403,1.791976580042],[37.364262,1.778393],[37.367983,1.775525],[37.371084,1.772502],[37.373461,1.768316],[37.375321,1.762425],[37.380326746596,1.726618705036],[37.553956834532,1.726618705036],[37.553956834532,1.942446043165],[37.46850629874,1.942446043165],[37.338129496403,1.942446043165],[37.338129496403,1.791976580042]]],"type":"Polygon"},"id":318,"properties":{"parentKey":"KEN:1159308875","sourceCountryId":"KEN","syntheticOperational":true,"territoryId":"territory:catalog:bc78c78039ea87d306c2dc0179022902a8110b6f4af02b7608af682ad9a0bfed"},"type":"Feature"},{"geometry":{"coordinates":[[[37.122302158273,0.784777706099],[37.126706,0.781916],[37.131047,0.779746],[37.141434,0.776439],[37.158849,0.774217],[37.162259,0.771323],[37.16722,0.76538],[37.172956,0.760316],[37.176677,0.757628],[37.180863,0.755355],[37.185514,0.753959],[37.197141,0.752564],[37.20913,0.752151],[37.214401,0.753494],[37.218741,0.756285],[37.229594,0.766103],[37.233779,0.768687],[37.238585,0.770341],[37.243701,0.770548],[37.248662,0.769617],[37.253158,0.76755],[37.257189,0.76476],[37.270728,0.751117],[37.287316,0.740162],[37.290882,0.736803],[37.294137,0.733134],[37.32504,0.688175],[37.333877,0.669572],[37.338129496403,0.663951254698],[37.338129496403,0.863309352518],[37.122302158273,0.863309352518],[37.122302158273,0.784777706099]]],"type":"Polygon"},"id":319,"properties":{"parentKey":"KEN:1159308877","sourceCountryId":"KEN","syntheticOperational":true,"territoryId":"territory:catalog:e4e4ad3cb6c256d1e6d250e39edef549cda44b1f3942db56af780dbadebd48c8"},"type":"Feature"},{"geometry":{"coordinates":[[[36.216216216216,3.669064748201],[36.432432432432,3.669064748201],[36.432432432432,3.884892086331],[36.216216216216,3.884892086331],[36.216216216216,3.669064748201]]],"type":"Polygon"},"id":320,"properties":{"parentKey":"KEN:1159308875","sourceCountryId":"KEN","syntheticOperational":true,"territoryId":"territory:catalog:8e0b6e3245bf178f3c9c68044a48ac2676a58750229cbb4648807107daa68f66"},"type":"Feature"},{"geometry":{"coordinates":[[[38.49428540302,-0.21582733813],[38.619392000348,-0.431654676259],[38.63309352518,-0.431654676259],[38.63309352518,-0.21582733813],[38.49428540302,-0.21582733813]]],"type":"Polygon"},"id":321,"properties":{"parentKey":"KEN:1159309927","sourceCountryId":"KEN","syntheticOperational":true,"territoryId":"territory:catalog:c32c92625618ae14d596f547283be92a7842fb522583d3d3d18b5ea06f7d6212"},"type":"Feature"},{"geometry":{"coordinates":[[[35.827338129496,1.510791366906],[36.043165467626,1.510791366906],[36.043165467626,1.726618705036],[35.827338129496,1.726618705036],[35.827338129496,1.510791366906]]],"type":"Polygon"},"id":322,"properties":{"parentKey":"KEN:1159308877","sourceCountryId":"KEN","syntheticOperational":true,"territoryId":"territory:catalog:a51bb07b60b91388610c3f08a6af5757c651d16258a365f87a342a2a7d2b2bfa"},"type":"Feature"},{"geometry":{"coordinates":[[[37.338129496403,0.663951254698],[37.342713,0.657893],[37.347674,0.649056],[37.348385011811,0.647482014388],[37.553956834532,0.647482014388],[37.553956834532,0.863309352518],[37.338129496403,0.863309352518],[37.338129496403,0.663951254698]]],"type":"Polygon"},"id":323,"properties":{"parentKey":"KEN:1159308877","sourceCountryId":"KEN","syntheticOperational":true,"territoryId":"territory:catalog:c50b6a47a357a8c99ad34ed565baa9544592a1e1fd6abdabf3cbaa914369100b"},"type":"Feature"},{"geometry":{"coordinates":[[[38.895558223289,3.021582733813],[39.111644657863,3.021582733813],[39.111644657863,3.237410071942],[38.895558223289,3.237410071942],[38.895558223289,3.021582733813]]],"type":"Polygon"},"id":324,"properties":{"parentKey":"KEN:1159308875","sourceCountryId":"KEN","syntheticOperational":true,"territoryId":"territory:catalog:feaee48ff050c1f15934b01b84df41f1e6dca63d5e70a0f8fed878aef2552d59"},"type":"Feature"},{"geometry":{"coordinates":[[[36.474820143885,-1.510791366906],[36.690647482014,-1.510791366906],[36.690647482014,-1.307714514156],[36.676242,-1.298215],[36.668928406851,-1.294964028777],[36.474820143885,-1.294964028777],[36.474820143885,-1.510791366906]]],"type":"Polygon"},"id":325,"properties":{"parentKey":"KEN:1159308877","sourceCountryId":"KEN","syntheticOperational":true,"territoryId":"territory:catalog:299ef97207ad69175dc09a3ab7a822748be004bf4bf6fcff8cca3d22e6fdefe7"},"type":"Feature"},{"geometry":{"coordinates":[[[34.748201438849,-0.21582733813],[34.964028776978,-0.21582733813],[34.964028776978,-0.03171996431],[34.955417,-0.036948],[34.95056,-0.039119],[34.939397,-0.041909],[34.933196,-0.042374],[34.885861,-0.036638],[34.859351,-0.036897],[34.840385,-0.038964],[34.827363,-0.038964],[34.816201,-0.036948],[34.81155,-0.035036],[34.807209,-0.032608],[34.799613,-0.026561],[34.785453,-0.013126],[34.781423,-0.010335],[34.776462,-0.00832],[34.771346,-0.007028],[34.766385,-0.006769],[34.758633,-0.007493],[34.748201438849,-0.010238124372],[34.748201438849,-0.21582733813]]],"type":"Polygon"},"id":326,"properties":{"parentKey":"KEN:1159310041","sourceCountryId":"KEN","syntheticOperational":true,"territoryId":"territory:catalog:8b0186ada5c55e4803c94905e8d8e2fb75112f8ea9fe8e620827daffe4dc8aba"},"type":"Feature"},{"geometry":{"coordinates":[[[35.00600240096,3.237410071942],[35.222088835534,3.237410071942],[35.222088835534,3.453237410072],[35.135135135135,3.453237410072],[35.00600240096,3.453237410072],[35.00600240096,3.237410071942]]],"type":"Polygon"},"id":327,"properties":{"parentKey":"KEN:1159308877","sourceCountryId":"KEN","syntheticOperational":true,"territoryId":"territory:catalog:5c3535be9259ab087a0f229eee83922cf42e78b1946ad4335afe0666ada6560f"},"type":"Feature"},{"geometry":{"coordinates":[[[41.223021582734,-1.726618705036],[41.438848920863,-1.726618705036],[41.438848920863,-1.682443087887],[41.223021582734,-1.696072548253],[41.223021582734,-1.726618705036]]],"type":"Polygon"},"id":328,"properties":{"parentKey":"KEN:1159309927","sourceCountryId":"KEN","syntheticOperational":true,"territoryId":"territory:catalog:83a9512cf2f4f069a18c41214af52ded7613b87a3a700819115f69c578f04e23"},"type":"Feature"},{"geometry":{"coordinates":[[[36.676242,-1.298215],[36.690647482014,-1.307714514156],[36.690647482014,-1.294964028777],[36.67924335451,-1.294964028777],[36.676242,-1.298215]]],"type":"Polygon"},"id":329,"properties":{"parentKey":"KEN:1159310039","sourceCountryId":"KEN","syntheticOperational":true,"territoryId":"territory:catalog:6d770bda880dff18dd55eff9e4f67249c0a168d3d4fe4c1563492be69ffb88b2"},"type":"Feature"},{"geometry":{"coordinates":[[[40.491901619676,-2.528391934799],[40.523611,-2.525079],[40.555431,-2.532403],[40.585216,-2.545831],[40.615896,-2.552504],[40.650564,-2.539321],[40.707858428314,-2.471207681958],[40.707858428314,-2.374100719424],[40.491901619676,-2.374100719424],[40.491901619676,-2.528391934799]]],"type":"Polygon"},"id":330,"properties":{"parentKey":"KEN:1159309927","sourceCountryId":"KEN","syntheticOperational":true,"territoryId":"territory:catalog:6c66446eaf7ef281d8ecc4b359d1a3602ff7cccfec5f63433e589f1bb1d779dc"},"type":"Feature"},{"geometry":{"coordinates":[[[36.5625,4.10071942446],[36.648648648649,4.10071942446],[36.778846153846,4.10071942446],[36.778846153846,4.31654676259],[36.5625,4.31654676259],[36.5625,4.10071942446]]],"type":"Polygon"},"id":331,"properties":{"parentKey":"KEN:1159308875","sourceCountryId":"KEN","syntheticOperational":true,"territoryId":"territory:catalog:c03830a8a89c3c2f475c5e1ebddff487a468c7be12393f85e82ea4aa6806376d"},"type":"Feature"},{"geometry":{"coordinates":[[[36.388722255549,-2.158273381295],[36.604679064187,-2.158273381295],[36.604679064187,-1.942446043165],[36.474820143885,-1.942446043165],[36.388722255549,-1.942446043165],[36.388722255549,-2.158273381295]]],"type":"Polygon"},"id":332,"properties":{"parentKey":"KEN:1159308877","sourceCountryId":"KEN","syntheticOperational":true,"territoryId":"territory:catalog:be67902626d47c9d52dd52fd08607816d7a9b42d279841ffc64634867ecf5c63"},"type":"Feature"},{"geometry":{"coordinates":[[[37.122302158273,-1.079136690647],[37.207199881926,-1.079136690647],[37.210215,-1.077763],[37.215796,-1.077092],[37.221532,-1.077402],[37.226958,-1.078487],[37.23874,-1.079004],[37.248507,-1.077143],[37.255225,-1.074456],[37.264062,-1.069805],[37.268868,-1.067945],[37.279565,-1.065826],[37.284681,-1.066084],[37.289642,-1.067376],[37.306403031313,-1.079136690647],[37.334878328142,-1.079136690647],[37.336822,-1.077247],[37.338129496403,-1.075414980259],[37.338129496403,-0.974843771703],[37.335427,-0.976064],[37.330311,-0.977821],[37.324575,-0.978751],[37.319149,-0.97808],[37.314446,-0.976064],[37.311036,-0.972653],[37.30809,-0.968623],[37.298943,-0.950536],[37.288246,-0.912605],[37.285921,-0.908006],[37.28313,-0.903924],[37.28003,-0.90041],[37.242771,-0.869611],[37.240853645116,-0.863309352518],[37.122302158273,-0.863309352518],[37.122302158273,-1.079136690647]]],"type":"Polygon"},"id":333,"properties":{"parentKey":"KEN:1159310037","sourceCountryId":"KEN","syntheticOperational":true,"territoryId":"territory:catalog:79cd12a0300c20cb311e132fae843ba530e25420cd146f6a4c6833f81e03135d"},"type":"Feature"},{"geometry":{"coordinates":[[[34.964028776978,-1.079136690647],[35.179856115108,-1.079136690647],[35.179856115108,-0.863309352518],[35.00240886093,-0.863309352518],[34.998515,-0.877052],[34.994329,-0.885579],[34.987043,-0.890178],[34.975571,-0.894725],[34.964028776978,-0.898026925976],[34.964028776978,-1.079136690647]]],"type":"Polygon"},"id":334,"properties":{"parentKey":"KEN:1159308877","sourceCountryId":"KEN","syntheticOperational":true,"territoryId":"territory:catalog:559841e65f0798d71168ead9b45974d01250215dd17c3b7acae15d3a68536d95"},"type":"Feature"},{"geometry":{"coordinates":[[[34.750577754045,2.805755395683],[34.76132,2.772493],[34.776512,2.685625],[34.81868,2.597982],[34.826916071173,2.589928057554],[34.844207821643,2.589928057554],[34.849893,2.59514],[34.856508,2.60346],[34.865603,2.604855],[34.875628,2.591212],[34.875774650769,2.589928057554],[34.877024595081,2.589928057554],[34.877024595081,2.805755395683],[34.789915966387,2.805755395683],[34.750577754045,2.805755395683]]],"type":"Polygon"},"id":335,"properties":{"parentKey":"KEN:1159308877","sourceCountryId":"KEN","syntheticOperational":true,"territoryId":"territory:catalog:11aa8b4f83f1f0720178de05aacbdc7e5ff8a360ef03a164297afdcaf8f93352"},"type":"Feature"},{"geometry":{"coordinates":[[[40.359712230216,-1.079136690647],[40.575539568345,-1.079136690647],[40.575539568345,-0.863309352518],[40.359712230216,-0.863309352518],[40.359712230216,-1.079136690647]]],"type":"Polygon"},"id":336,"properties":{"parentKey":"KEN:1159308881","sourceCountryId":"KEN","syntheticOperational":true,"territoryId":"territory:catalog:5f2846af13eb8387241d140228cbb1c01f845103b51d26c798a208e571bc6390"},"type":"Feature"},{"geometry":{"coordinates":[[[38.201438848921,1.510791366906],[38.41726618705,1.510791366906],[38.41726618705,1.726618705036],[38.201438848921,1.726618705036],[38.201438848921,1.510791366906]]],"type":"Polygon"},"id":337,"properties":{"parentKey":"KEN:1159308875","sourceCountryId":"KEN","syntheticOperational":true,"territoryId":"territory:catalog:db246c02bd5563efbb9752a56293658f61017b01ae6b8d9cf4733f19480c5880"},"type":"Feature"},{"geometry":{"coordinates":[[[37.240853645116,-0.863309352518],[37.242771,-0.869611],[37.28003,-0.90041],[37.28313,-0.903924],[37.285921,-0.908006],[37.288246,-0.912605],[37.298943,-0.950536],[37.30809,-0.968623],[37.311036,-0.972653],[37.314446,-0.976064],[37.319149,-0.97808],[37.324575,-0.978751],[37.330311,-0.977821],[37.335427,-0.976064],[37.338129496403,-0.974843771703],[37.338129496403,-0.863309352518],[37.240853645116,-0.863309352518]]],"type":"Polygon"},"id":338,"properties":{"parentKey":"KEN:1159308875","sourceCountryId":"KEN","syntheticOperational":true,"territoryId":"territory:catalog:4f707c51d08b0eb99fc984ed2d3abe42889c7e081afc8212afcbae998d3fc566"},"type":"Feature"},{"geometry":{"coordinates":[[[40.143884892086,-0.431654676259],[40.359712230216,-0.431654676259],[40.359712230216,-0.21582733813],[40.143884892086,-0.21582733813],[40.143884892086,-0.431654676259]]],"type":"Polygon"},"id":339,"properties":{"parentKey":"KEN:1159308881","sourceCountryId":"KEN","syntheticOperational":true,"territoryId":"territory:catalog:467dfceeb6af37b879230b0e4eee1246e94d1af41cfbdb676e9785e3ee2ee6fd"},"type":"Feature"},{"geometry":{"coordinates":[[[36.690647482014,-0.863309352518],[36.906474820144,-0.863309352518],[36.906474820144,-0.647482014388],[36.690647482014,-0.647482014388],[36.690647482014,-0.863309352518]]],"type":"Polygon"},"id":340,"properties":{"parentKey":"KEN:1159310037","sourceCountryId":"KEN","syntheticOperational":true,"territoryId":"territory:catalog:63bb43a6c2f64452d00e0723a368c8400b427e0ab88d1d902d5dce6c3567e437"},"type":"Feature"},{"geometry":{"coordinates":[[[40.456730769231,4.10071942446],[40.540540540541,4.10071942446],[40.673076923077,4.10071942446],[40.673076923077,4.232920876578],[40.6175,4.211605],[40.511873,4.171064],[40.456730769231,4.149856237693],[40.456730769231,4.10071942446]]],"type":"Polygon"},"id":341,"properties":{"parentKey":"KEN:1159308881","sourceCountryId":"KEN","syntheticOperational":true,"territoryId":"territory:catalog:1613f25381e2d8c1c4b68e507c7fc32c805cfd7c306b491f6ce7c3d0e0aab405"},"type":"Feature"},{"geometry":{"coordinates":[[[36.172765446911,2.589928057554],[36.388722255549,2.589928057554],[36.388722255549,2.805755395683],[36.302521008403,2.805755395683],[36.172765446911,2.805755395683],[36.172765446911,2.589928057554]]],"type":"Polygon"},"id":342,"properties":{"parentKey":"KEN:1159308877","sourceCountryId":"KEN","syntheticOperational":true,"territoryId":"territory:catalog:cded5c4f92e87247ac952f3551c1ef282463a710d58d670dfc3db061c8f34724"},"type":"Feature"},{"geometry":{"coordinates":[[[35.395683453237,0.647482014388],[35.611510791367,0.647482014388],[35.611510791367,0.863309352518],[35.395683453237,0.863309352518],[35.395683453237,0.647482014388]]],"type":"Polygon"},"id":343,"properties":{"parentKey":"KEN:1159308877","sourceCountryId":"KEN","syntheticOperational":true,"territoryId":"territory:catalog:345acd360b78c550ebb1f9b5d813cbf94e2caadf3a070cfd69c3821d909ecd9d"},"type":"Feature"},{"geometry":{"coordinates":[[[33.998730173346,0],[34.10071942446,0],[34.10071942446,0.215827338129],[34.097417463133,0.215827338129],[34.095728,0.214044],[34.093713,0.210788],[34.091852,0.206654],[34.087821,0.190531],[34.084411,0.168931],[34.083171,0.136478],[34.08255,0.132137],[34.080225,0.124179],[34.078055,0.120768],[34.075884,0.118753],[34.057074,0.112086],[34.047772,0.107591],[34.035835,0.099271],[34.025758,0.090279],[34.023588,0.087799],[34.021262,0.084078],[34.019557,0.079324],[34.018627,0.073691],[34.018627,0.067541],[34.021417,0.050178],[34.021107,0.044494],[34.019867,0.039068],[34.017852,0.034262],[34.002814,0.008837],[33.999596,0.002166],[33.998730173346,0]]],"type":"Polygon"},"id":344,"properties":{"parentKey":"KEN:1159310041","sourceCountryId":"KEN","syntheticOperational":true,"territoryId":"territory:catalog:a3b720974ef748f541ad04b9113d134d8c1b682c8570ca66c801d4763a0db909"},"type":"Feature"},{"geometry":{"coordinates":[[[34.964028776978,1.079136690647],[35.179856115108,1.079136690647],[35.179856115108,1.294964028777],[34.964028776978,1.294964028777],[34.964028776978,1.079136690647]]],"type":"Polygon"},"id":345,"properties":{"parentKey":"KEN:1159308877","sourceCountryId":"KEN","syntheticOperational":true,"territoryId":"territory:catalog:8f0ea572d78026c57c15cfdaabc2ea7e9a2e953f9b3b65e2724e5976d22ba6fc"},"type":"Feature"},{"geometry":{"coordinates":[[[39.712230215827,-1.942446043165],[39.844031193761,-1.942446043165],[39.928057553957,-1.942446043165],[39.928057553957,-1.726618705036],[39.712230215827,-1.726618705036],[39.712230215827,-1.942446043165]]],"type":"Polygon"},"id":346,"properties":{"parentKey":"KEN:1159309927","sourceCountryId":"KEN","syntheticOperational":true,"territoryId":"territory:catalog:abf35d871fa077f01b6d2337bd7be9efdac7803da9a3ec01571b99a39c60644f"},"type":"Feature"},{"geometry":{"coordinates":[[[34.964028776978,-1.294964028777],[35.179856115108,-1.294964028777],[35.179856115108,-1.079136690647],[34.964028776978,-1.079136690647],[34.964028776978,-1.294964028777]]],"type":"Polygon"},"id":347,"properties":{"parentKey":"KEN:1159308877","sourceCountryId":"KEN","syntheticOperational":true,"territoryId":"territory:catalog:b76853b62010c467856dcb5a4f1a73b91305d1d332c74879ad135123b34fe4a8"},"type":"Feature"},{"geometry":{"coordinates":[[[39.975990396158,3.021582733813],[40.192076830732,3.021582733813],[40.192076830732,3.237410071942],[39.975990396158,3.237410071942],[39.975990396158,3.021582733813]]],"type":"Polygon"},"id":348,"properties":{"parentKey":"KEN:1159308881","sourceCountryId":"KEN","syntheticOperational":true,"territoryId":"territory:catalog:13797d9433ed24caa84f8c9821151a2c62906e6f7cc3ea1eb91ebb5c56a3a7b9"},"type":"Feature"},{"geometry":{"coordinates":[[[40.143884892086,0],[40.359712230216,0],[40.359712230216,0.215827338129],[40.143884892086,0.215827338129],[40.143884892086,0]]],"type":"Polygon"},"id":349,"properties":{"parentKey":"KEN:1159308881","sourceCountryId":"KEN","syntheticOperational":true,"territoryId":"territory:catalog:0f264dcd727663d0baf6fdac436b8b1d82e1e86594dc2a842cec9f0922595272"},"type":"Feature"},{"geometry":{"coordinates":[[[37.769784172662,0.863309352518],[37.985611510791,0.863309352518],[37.985611510791,1.079136690647],[37.769784172662,1.079136690647],[37.769784172662,0.863309352518]]],"type":"Polygon"},"id":350,"properties":{"parentKey":"KEN:1159308877","sourceCountryId":"KEN","syntheticOperational":true,"territoryId":"territory:catalog:942e3f16e1ed300c3f5a2c509df84dab0cacd2a35c63481603f4ea4d5a63de7d"},"type":"Feature"},{"geometry":{"coordinates":[[[35.611510791367,1.294964028777],[35.827338129496,1.294964028777],[35.827338129496,1.510791366906],[35.611510791367,1.510791366906],[35.611510791367,1.294964028777]]],"type":"Polygon"},"id":351,"properties":{"parentKey":"KEN:1159308877","sourceCountryId":"KEN","syntheticOperational":true,"territoryId":"territory:catalog:1aaf975c371c9235405ca24153b85681f5f6c7dc5aada869b8adbb9cf435de1d"},"type":"Feature"},{"geometry":{"coordinates":[[[38.644930958205,-3.021582733813],[38.652349,-3.02674],[38.65669,-3.028962],[38.661858,-3.029892],[38.667439,-3.029531],[38.679471788715,-3.027631846523],[38.679471788715,-3.021582733813],[38.644930958205,-3.021582733813]]],"type":"Polygon"},"id":352,"properties":{"parentKey":"KEN:1159308875","sourceCountryId":"KEN","syntheticOperational":true,"territoryId":"territory:catalog:b25aae90c9f64d084d5d34db9b4557d2df44461a92e903c8890352d31cfa0f45"},"type":"Feature"},{"geometry":{"coordinates":[[[33.896568937967,-0.647482014388],[34.10071942446,-0.647482014388],[34.10071942446,-0.431654676259],[33.921449827729,-0.431654676259],[33.911346,-0.519295],[33.896568937967,-0.647482014388]]],"type":"Polygon"},"id":353,"properties":{"parentKey":"KEN:1159310041","sourceCountryId":"KEN","syntheticOperational":true,"territoryId":"territory:catalog:f763a1b1e71b081c26cc6ddd754f03bea3fb7fa89b684fafd24a62f886fda7c3"},"type":"Feature"},{"geometry":{"coordinates":[[[36.906474820144,1.726618705036],[37.122302158273,1.726618705036],[37.122302158273,1.942446043165],[37.036592681464,1.942446043165],[36.906474820144,1.942446043165],[36.906474820144,1.726618705036]]],"type":"Polygon"},"id":354,"properties":{"parentKey":"KEN:1159308877","sourceCountryId":"KEN","syntheticOperational":true,"territoryId":"territory:catalog:1a31a74c89ef73c3cd60d43810eed4d6b305a4319355996f5ce8ab2403d4bf0f"},"type":"Feature"},{"geometry":{"coordinates":[[[36.690647482014,-1.079136690647],[36.906474820144,-1.079136690647],[36.906474820144,-0.863309352518],[36.690647482014,-0.863309352518],[36.690647482014,-1.079136690647]]],"type":"Polygon"},"id":355,"properties":{"parentKey":"KEN:1159310037","sourceCountryId":"KEN","syntheticOperational":true,"territoryId":"territory:catalog:b8f83f0850699f3c79b07a1748698b52645220966bcb02af66384b1229a99b59"},"type":"Feature"},{"geometry":{"coordinates":[[[41.621621621622,3.884892086331],[41.820627394283,3.884892086331],[41.837837837838,3.909570887111],[41.837837837838,3.950531142178],[41.835927,3.94945],[41.791381,3.958157],[41.747353,3.981412],[41.699811,3.996915],[41.657436,3.972704],[41.642967,3.969449],[41.628704,3.972084],[41.621621621622,3.975023435973],[41.621621621622,3.884892086331]]],"type":"Polygon"},"id":356,"properties":{"parentKey":"KEN:1159308881","sourceCountryId":"KEN","syntheticOperational":true,"territoryId":"territory:catalog:78a7a2d9599b478e2f78af08d2f05b7b8d5a96ab1cf590a2385228041fde7a26"},"type":"Feature"},{"geometry":{"coordinates":[[[39.884874941398,3.884892086331],[39.891891891892,3.884892086331],[39.891891891892,3.888284225274],[39.884874941398,3.884892086331]]],"type":"Polygon"},"id":357,"properties":{"parentKey":"KEN:1159308881","sourceCountryId":"KEN","syntheticOperational":true,"territoryId":"territory:catalog:103617f618726a60f3185bbc222c6cba393740505a5cd34b416b0435719739f0"},"type":"Feature"},{"geometry":{"coordinates":[[[39.675675675676,-3.669064748201],[39.868634167303,-3.669064748201],[39.868988,-3.663344],[39.866466,-3.648533],[39.860118,-3.633233],[39.848969,-3.625177],[39.81422,-3.639337],[39.800141,-3.634698],[39.796072,-3.622979],[39.808116,-3.608819],[39.787934,-3.609145],[39.77589,-3.600193],[39.773123,-3.584893],[39.780935,-3.566583],[39.79127,-3.574884],[39.790538,-3.578871],[39.786388,-3.587579],[39.812999,-3.589776],[39.817719,-3.590753],[39.830821,-3.60589],[39.835623,-3.608819],[39.85727,-3.618259],[39.865977,-3.616469],[39.878673,-3.605076],[39.890147,-3.58172],[39.891891891892,-3.572082474811],[39.891891891892,-3.453237410072],[39.759903961585,-3.453237410072],[39.675675675676,-3.453237410072],[39.675675675676,-3.669064748201]]],"type":"Polygon"},"id":358,"properties":{"parentKey":"KEN:1159309927","sourceCountryId":"KEN","syntheticOperational":true,"territoryId":"territory:catalog:62d3f1ddfce483b29b2b876e10838d19f52938b8d51f854d79d86cbb7c91e216"},"type":"Feature"},{"geometry":{"coordinates":[[[41.139772045591,-1.983446004717],[41.156912,-1.987481],[41.185802,-1.990167],[41.195079,-1.967055],[41.198985,-1.943129],[41.199646480205,-1.942446043165],[41.139772045591,-1.942446043165],[41.139772045591,-1.983446004717]]],"type":"Polygon"},"id":359,"properties":{"parentKey":"KEN:1159309927","sourceCountryId":"KEN","syntheticOperational":true,"territoryId":"territory:catalog:857098edac7a1e647bb2b70bd3fb69813371153bb7bb0962ad86d5bfb4b742eb"},"type":"Feature"},{"geometry":{"coordinates":[[[40.707858428314,-2.158273381295],[40.906785963737,-2.158273381295],[40.906016,-2.153253],[40.904307,-2.080336],[40.901134,-2.073663],[40.893809,-2.072035],[40.886485,-2.069757],[40.883149,-2.060154],[40.885427,-2.054457],[40.894705,-2.049086],[40.896821,-2.042413],[40.893809,-2.026056],[40.885102,-2.014825],[40.872244,-2.011407],[40.855968,-2.018487],[40.858572,-2.005792],[40.855642,-1.992608],[40.849132,-1.977634],[40.861013,-1.963474],[40.870372,-1.967218],[40.879568,-1.977797],[40.889985,-1.983819],[40.908214,-1.997735],[40.923815236953,-2.049467807066],[40.923815236953,-1.942446043165],[40.791366906475,-1.942446043165],[40.707858428314,-1.942446043165],[40.707858428314,-2.158273381295]]],"type":"Polygon"},"id":360,"properties":{"parentKey":"KEN:1159309927","sourceCountryId":"KEN","syntheticOperational":true,"territoryId":"territory:catalog:ea4b0ec6abea56f8a6e6dd11c7fa005a930679fbe277fecf9e0e61cbfe099f30"},"type":"Feature"},{"geometry":{"coordinates":[[[39.027027027027,3.453237410072],[39.111644657863,3.453237410072],[39.243243243243,3.453237410072],[39.243243243243,3.469316771379],[39.219445,3.468704],[39.180481,3.476998],[39.090441,3.518334],[39.077542,3.524256],[39.06793,3.526582],[39.027027027027,3.517956386982],[39.027027027027,3.453237410072]]],"type":"Polygon"},"id":361,"properties":{"parentKey":"KEN:1159308875","sourceCountryId":"KEN","syntheticOperational":true,"territoryId":"territory:catalog:7d2adc9d2ffd8b434b6dce0899b3eb63025bec56c6c4df6d726f3ac3cc5282ef"},"type":"Feature"},{"geometry":{"coordinates":[[[38.41726618705,-1.942446043165],[38.548290341932,-1.942446043165],[38.63309352518,-1.942446043165],[38.63309352518,-1.726618705036],[38.41726618705,-1.726618705036],[38.41726618705,-1.942446043165]]],"type":"Polygon"},"id":362,"properties":{"parentKey":"KEN:1159308875","sourceCountryId":"KEN","syntheticOperational":true,"territoryId":"territory:catalog:ddf2659c78dcb3b3e49be046ea28125c12524a5c32918985914082feb6c18414"},"type":"Feature"},{"geometry":{"coordinates":[[[36.923568728631,2.158273381295],[36.950903,2.0861],[36.958964,2.053363],[36.955708,2.026052],[36.957104,2.022022],[36.961134,2.020626],[36.966561,2.020471],[36.995448,2.023572],[37.036592681464,2.024328306719],[37.036592681464,2.158273381295],[36.923568728631,2.158273381295]]],"type":"Polygon"},"id":363,"properties":{"parentKey":"KEN:1159308875","sourceCountryId":"KEN","syntheticOperational":true,"territoryId":"territory:catalog:0229745de27322701be61413393009b849012159cd3718c349fcdf982308ac16"},"type":"Feature"},{"geometry":{"coordinates":[[[40.491901619676,-2.374100719424],[40.707858428314,-2.374100719424],[40.707858428314,-2.158273381295],[40.491901619676,-2.158273381295],[40.491901619676,-2.374100719424]]],"type":"Polygon"},"id":364,"properties":{"parentKey":"KEN:1159309927","sourceCountryId":"KEN","syntheticOperational":true,"territoryId":"territory:catalog:7c0af33abf7acc2a332da1a60630daefc3354d10b1502a6d8dd5cd187aa66655"},"type":"Feature"},{"geometry":{"coordinates":[[[34.748201438849,-1.428782177863],[34.771552,-1.441823],[34.895147049047,-1.510791366906],[34.964028776978,-1.510791366906],[34.964028776978,-1.294964028777],[34.748201438849,-1.294964028777],[34.748201438849,-1.428782177863]]],"type":"Polygon"},"id":365,"properties":{"parentKey":"KEN:1159308877","sourceCountryId":"KEN","syntheticOperational":true,"territoryId":"territory:catalog:b08223b1285bb7ee3d835f8b54a3c081fc18934c6873d2680fda384a0836fd12"},"type":"Feature"},{"geometry":{"coordinates":[[[39.327731092437,3.021582733813],[39.543817527011,3.021582733813],[39.543817527011,3.237410071942],[39.327731092437,3.237410071942],[39.327731092437,3.123138604876],[39.328122,3.067565],[39.327731092437,3.0645288737],[39.327731092437,3.021582733813]]],"type":"Polygon"},"id":366,"properties":{"parentKey":"KEN:1159308881","sourceCountryId":"KEN","syntheticOperational":true,"territoryId":"territory:catalog:3cb91311ee4a142e7b5b70c3807b6af70afa2bdeb329f60fdb032b118e0a60be"},"type":"Feature"},{"geometry":{"coordinates":[[[34.573829531813,2.950472090302],[34.574664,2.946126],[34.58469,2.928711],[34.616419,2.893416],[34.631405,2.869542],[34.6405,2.860137],[34.654143,2.856519],[34.660344,2.858638],[34.671506,2.867785],[34.67564,2.8698],[34.678121,2.871557],[34.682565,2.87936],[34.685045,2.880962],[34.688869,2.879154],[34.69104,2.875691],[34.692693,2.872229],[34.694657,2.87042],[34.696517,2.867733],[34.724836,2.854142],[34.730107,2.85285],[34.736928,2.844375],[34.740959,2.835539],[34.750577754045,2.805755395683],[34.789915966387,2.805755395683],[34.789915966387,3.021582733813],[34.573829531813,3.021582733813],[34.573829531813,2.950472090302]]],"type":"Polygon"},"id":367,"properties":{"parentKey":"KEN:1159308877","sourceCountryId":"KEN","syntheticOperational":true,"territoryId":"territory:catalog:9682b2a10dd8426ef717eeaef480c06153f736f509d20992be3dd31ac1572530"},"type":"Feature"},{"geometry":{"coordinates":[[[38.41726618705,1.294964028777],[38.63309352518,1.294964028777],[38.63309352518,1.510791366906],[38.41726618705,1.510791366906],[38.41726618705,1.294964028777]]],"type":"Polygon"},"id":368,"properties":{"parentKey":"KEN:1159308875","sourceCountryId":"KEN","syntheticOperational":true,"territoryId":"territory:catalog:2316db58d0f98c6386a15d13fd037927ff53f00acb686dcad7b509f501720fc2"},"type":"Feature"},{"geometry":{"coordinates":[[[34.311485267589,4.532374100719],[34.399038461538,4.532374100719],[34.527961515334,4.532374100719],[34.527961515334,4.695803380186],[34.459674,4.660609],[34.381188,4.620158],[34.311485267589,4.551132441712],[34.311485267589,4.532374100719]]],"type":"Polygon"},"id":369,"properties":{"parentKey":"KEN:1159308877","sourceCountryId":"KEN","syntheticOperational":true,"territoryId":"territory:catalog:cd150f2bf11777b1aeaaf45e544604b3071531770f22629339d2b8eeceaeb539"},"type":"Feature"},{"geometry":{"coordinates":[[[36.820635872825,2.374100719424],[37.036592681464,2.374100719424],[37.036592681464,2.589928057554],[36.820635872825,2.589928057554],[36.820635872825,2.374100719424]]],"type":"Polygon"},"id":370,"properties":{"parentKey":"KEN:1159308875","sourceCountryId":"KEN","syntheticOperational":true,"territoryId":"territory:catalog:bea4b85f6f7264132c683916e0c88d108e5c5196f6e9010e406a0aec11d2e83e"},"type":"Feature"},{"geometry":{"coordinates":[[[40.791366906475,0.647482014388],[40.968486,0.647482014388],[40.968486,0.863309352518],[40.791366906475,0.863309352518],[40.791366906475,0.647482014388]]],"type":"Polygon"},"id":371,"properties":{"parentKey":"KEN:1159308881","sourceCountryId":"KEN","syntheticOperational":true,"territoryId":"territory:catalog:49c229716252f92aaf891de8158d17b38b7539719414b1b8a97aa080ae466d6e"},"type":"Feature"},{"geometry":{"coordinates":[[[35.611510791367,0.647482014388],[35.827338129496,0.647482014388],[35.827338129496,0.863309352518],[35.611510791367,0.863309352518],[35.611510791367,0.647482014388]]],"type":"Polygon"},"id":372,"properties":{"parentKey":"KEN:1159308877","sourceCountryId":"KEN","syntheticOperational":true,"territoryId":"territory:catalog:05cd779bb635f4691d08ca225ac29607d62927c38ba55c86ef6065596e9d4a6b"},"type":"Feature"},{"geometry":{"coordinates":[[[35.438175270108,3.237410071942],[35.654261704682,3.237410071942],[35.654261704682,3.453237410072],[35.567567567568,3.453237410072],[35.438175270108,3.453237410072],[35.438175270108,3.237410071942]]],"type":"Polygon"},"id":373,"properties":{"parentKey":"KEN:1159308877","sourceCountryId":"KEN","syntheticOperational":true,"territoryId":"territory:catalog:54c17e2f218ec0a28a2a990b6402dfcad9857e5669e8d565cc041d459fd2aaa2"},"type":"Feature"},{"geometry":{"coordinates":[[[40.575539568345,-1.294964028777],[40.791366906475,-1.294964028777],[40.791366906475,-1.079136690647],[40.575539568345,-1.079136690647],[40.575539568345,-1.294964028777]]],"type":"Polygon"},"id":374,"properties":{"parentKey":"KEN:1159308881","sourceCountryId":"KEN","syntheticOperational":true,"territoryId":"territory:catalog:b177b4bb96c4f27524ffadc960efa3be5d0c8c7ccc3bb96de58b51fbd796b191"},"type":"Feature"},{"geometry":{"coordinates":[[[35.668295080424,-1.942446043165],[35.679701136681,-1.948816280739],[35.740851829634,-1.982968702325],[35.740851829634,-1.942446043165],[35.668295080424,-1.942446043165]]],"type":"Polygon"},"id":375,"properties":{"parentKey":"KEN:1159308877","sourceCountryId":"KEN","syntheticOperational":true,"territoryId":"territory:catalog:2e8f2c0a161b026442d665c690ed1c0cd82d2498ff1767950a26d989b246135a"},"type":"Feature"},{"geometry":{"coordinates":[[[39.712230215827,0.215827338129],[39.928057553957,0.215827338129],[39.928057553957,0.431654676259],[39.712230215827,0.431654676259],[39.712230215827,0.215827338129]]],"type":"Polygon"},"id":376,"properties":{"parentKey":"KEN:1159308881","sourceCountryId":"KEN","syntheticOperational":true,"territoryId":"territory:catalog:e04fc6ccce03d0599ea559d7dd49ee110b6df867bb599e24b9d3ee0a8266d4b6"},"type":"Feature"},{"geometry":{"coordinates":[[[38.116376724655,-2.158273381295],[38.332333533293,-2.158273381295],[38.332333533293,-1.942446043165],[38.201438848921,-1.942446043165],[38.116376724655,-1.942446043165],[38.116376724655,-2.158273381295]]],"type":"Polygon"},"id":377,"properties":{"parentKey":"KEN:1159308875","sourceCountryId":"KEN","syntheticOperational":true,"territoryId":"territory:catalog:ef15378524a28af3b3befcf505932c2f91d0241a4a8d073071a281e8896fbb5e"},"type":"Feature"},{"geometry":{"coordinates":[[[35.179856115108,1.079136690647],[35.395683453237,1.079136690647],[35.395683453237,1.294964028777],[35.179856115108,1.294964028777],[35.179856115108,1.079136690647]]],"type":"Polygon"},"id":378,"properties":{"parentKey":"KEN:1159308877","sourceCountryId":"KEN","syntheticOperational":true,"territoryId":"territory:catalog:27b277651a523e2316be9a7a5d69cf819baf470eb2d979fcf98389b25e52a49c"},"type":"Feature"},{"geometry":{"coordinates":[[[39.928057553957,-1.294964028777],[40.007836090716,-1.294964028777],[40.005755,-1.257546],[39.993921,-1.218737],[39.971648,-1.192692],[39.967618,-1.171556],[39.9563,-1.151144],[39.938989,-1.136985],[39.928057553957,-1.135827300984],[39.928057553957,-1.294964028777]]],"type":"Polygon"},"id":379,"properties":{"parentKey":"KEN:1159309927","sourceCountryId":"KEN","syntheticOperational":true,"territoryId":"territory:catalog:2228268d56e414266565af1e02375babbead01d10f3e7d237977d75bb456fd2f"},"type":"Feature"},{"geometry":{"coordinates":[[[35.395683453237,-0.863309352518],[35.611510791367,-0.863309352518],[35.611510791367,-0.647482014388],[35.395683453237,-0.647482014388],[35.395683453237,-0.863309352518]]],"type":"Polygon"},"id":380,"properties":{"parentKey":"KEN:1159308877","sourceCountryId":"KEN","syntheticOperational":true,"territoryId":"territory:catalog:dd26879d90cf124621693239b6cc20b1aa7fa086f38032ebfa8c93d198fcbc71"},"type":"Feature"},{"geometry":{"coordinates":[[[36.043165467626,-0.431654676259],[36.258992805755,-0.431654676259],[36.258992805755,-0.390600678451],[36.258697,-0.390415],[36.255906,-0.388193],[36.2064,-0.279569],[36.20299,-0.269027],[36.200974,-0.257297],[36.200044,-0.244636],[36.200664,-0.238125],[36.202214,-0.231872],[36.208100914431,-0.21582733813],[36.043165467626,-0.21582733813],[36.043165467626,-0.431654676259]]],"type":"Polygon"},"id":381,"properties":{"parentKey":"KEN:1159308877","sourceCountryId":"KEN","syntheticOperational":true,"territoryId":"territory:catalog:756b887773279e7d185901767f94f05a80591c56ab99a0c58059f404e14e81fb"},"type":"Feature"},{"geometry":{"coordinates":[[[34.532374100719,-1.294964028777],[34.694223513886,-1.294964028777],[34.680292,-1.232379],[34.673264,-1.214861],[34.658536,-1.189281],[34.634661,-1.171969],[34.630166,-1.1652],[34.618487,-1.117037],[34.604069,-1.097865],[34.598643,-1.085928],[34.596527403367,-1.079136690647],[34.532374100719,-1.079136690647],[34.532374100719,-1.294964028777]]],"type":"Polygon"},"id":382,"properties":{"parentKey":"KEN:1159310041","sourceCountryId":"KEN","syntheticOperational":true,"territoryId":"territory:catalog:497afa89862ead18102880bace535689d368ec52019085d0cc46709f30f90571"},"type":"Feature"},{"geometry":{"coordinates":[[[36.258992805755,-0.647482014388],[36.474820143885,-0.647482014388],[36.474820143885,-0.604344441817],[36.471397,-0.60234],[36.467831,-0.599085],[36.463335,-0.589628],[36.460545,-0.585235],[36.456669,-0.582445],[36.451863,-0.581049],[36.439616,-0.581153],[36.427059,-0.582445],[36.406388,-0.586424],[36.403752,-0.58632],[36.401582,-0.585029],[36.400032,-0.580894],[36.396466,-0.564616],[36.392435,-0.554591],[36.3898,-0.543429],[36.389025,-0.517384],[36.381273,-0.469118],[36.382668,-0.454391],[36.384994,-0.445037],[36.386970644358,-0.431654676259],[36.258992805755,-0.431654676259],[36.258992805755,-0.647482014388]]],"type":"Polygon"},"id":383,"properties":{"parentKey":"KEN:1159308877","sourceCountryId":"KEN","syntheticOperational":true,"territoryId":"territory:catalog:0def378696ca2e07e7190f077242df6c85a5874ed6a8992cc076cd2e89b9fad0"},"type":"Feature"},{"geometry":{"coordinates":[[[40.408163265306,3.237410071942],[40.62424969988,3.237410071942],[40.62424969988,3.453237410072],[40.540540540541,3.453237410072],[40.408163265306,3.453237410072],[40.408163265306,3.237410071942]]],"type":"Polygon"},"id":384,"properties":{"parentKey":"KEN:1159308881","sourceCountryId":"KEN","syntheticOperational":true,"territoryId":"territory:catalog:704068e10f09e983d13d2b26f90885fbefe62ba8fd198ba063c1b44e53d4aff9"},"type":"Feature"},{"geometry":{"coordinates":[[[34.964028776978,0.215827338129],[35.179856115108,0.215827338129],[35.179856115108,0.431654676259],[34.964028776978,0.431654676259],[34.964028776978,0.215827338129]]],"type":"Polygon"},"id":385,"properties":{"parentKey":"KEN:1159308877","sourceCountryId":"KEN","syntheticOperational":true,"territoryId":"territory:catalog:d0bb34d9f8551189b9aaed1d72c023fe7455aabc7e79f4a806154b6c468d0c71"},"type":"Feature"},{"geometry":{"coordinates":[[[38.76424715057,-2.158273381295],[38.884800288919,-2.158273381295],[38.979461,-1.968872],[38.980203959208,-1.965319478413],[38.980203959208,-1.942446043165],[38.848920863309,-1.942446043165],[38.76424715057,-1.942446043165],[38.76424715057,-2.158273381295]]],"type":"Polygon"},"id":386,"properties":{"parentKey":"KEN:1159308875","sourceCountryId":"KEN","syntheticOperational":true,"territoryId":"territory:catalog:4f54378dbef5afdd94c6f6521ff6f459b8748ce76337a9b6fc141a943fbfde2c"},"type":"Feature"},{"geometry":{"coordinates":[[[36.258992805755,1.726618705036],[36.474820143885,1.726618705036],[36.474820143885,1.942446043165],[36.388722255549,1.942446043165],[36.258992805755,1.942446043165],[36.258992805755,1.726618705036]]],"type":"Polygon"},"id":387,"properties":{"parentKey":"KEN:1159308877","sourceCountryId":"KEN","syntheticOperational":true,"territoryId":"territory:catalog:eecfdb3c7398aa332ee1676afdb656e86be187e866cf63296215b03415d15c73"},"type":"Feature"},{"geometry":{"coordinates":[[[38.848920863309,-1.510791366906],[38.998953089926,-1.510791366906],[38.997508879953,-1.294964028777],[38.848920863309,-1.294964028777],[38.848920863309,-1.510791366906]]],"type":"Polygon"},"id":388,"properties":{"parentKey":"KEN:1159308875","sourceCountryId":"KEN","syntheticOperational":true,"territoryId":"territory:catalog:04db6efdbc23a8b1171f7b245542581158654e47a7f6f9a02cc430a76223e00c"},"type":"Feature"},{"geometry":{"coordinates":[[[38.247298919568,3.237410071942],[38.463385354142,3.237410071942],[38.463385354142,3.453237410072],[38.378378378378,3.453237410072],[38.247298919568,3.453237410072],[38.247298919568,3.237410071942]]],"type":"Polygon"},"id":389,"properties":{"parentKey":"KEN:1159308875","sourceCountryId":"KEN","syntheticOperational":true,"territoryId":"territory:catalog:44806efdf9b27358a25373dfdf5fc205c29d060b54c1de568f0f8806be0411bd"},"type":"Feature"},{"geometry":{"coordinates":[[[37.211538461538,4.10071942446],[37.297297297297,4.10071942446],[37.394432088607,4.10071942446],[37.360954,4.122204],[37.263492,4.184888],[37.211538461538,4.218288569042],[37.211538461538,4.10071942446]]],"type":"Polygon"},"id":390,"properties":{"parentKey":"KEN:1159308875","sourceCountryId":"KEN","syntheticOperational":true,"territoryId":"territory:catalog:c64bef7e9adfbdec3f55c804e63d2c2e3514d95a191befb46bbeeb1de438d289"},"type":"Feature"},{"geometry":{"coordinates":[[[35.179856115108,-0.863309352518],[35.395683453237,-0.863309352518],[35.395683453237,-0.647482014388],[35.179856115108,-0.647482014388],[35.179856115108,-0.863309352518]]],"type":"Polygon"},"id":391,"properties":{"parentKey":"KEN:1159308877","sourceCountryId":"KEN","syntheticOperational":true,"territoryId":"territory:catalog:d485713fc861080da02bb75cc6f687b2fbf6d602af322462a135cb8571339b37"},"type":"Feature"},{"geometry":{"coordinates":[[[41.189189189189,3.884892086331],[41.405405405405,3.884892086331],[41.405405405405,3.947491491331],[41.317405,3.942422],[41.215293,3.936608],[41.189189189189,3.939638811313],[41.189189189189,3.884892086331]]],"type":"Polygon"},"id":392,"properties":{"parentKey":"KEN:1159308881","sourceCountryId":"KEN","syntheticOperational":true,"territoryId":"territory:catalog:4c8bd76fa83ab58721fdbf44d1599990fb3fa9dcba448839f8a2e71accc3c380"},"type":"Feature"},{"geometry":{"coordinates":[[[39.543817527011,3.237410071942],[39.759903961585,3.237410071942],[39.759903961585,3.453237410072],[39.675675675676,3.453237410072],[39.560351397604,3.453237410072],[39.553172,3.431316],[39.543817527011,3.41671098409],[39.543817527011,3.237410071942]]],"type":"Polygon"},"id":393,"properties":{"parentKey":"KEN:1159308881","sourceCountryId":"KEN","syntheticOperational":true,"territoryId":"territory:catalog:080e08e2b21a43b2d2e1b109ef3b46400bb9d9d518722067f755ad03e05c15cc"},"type":"Feature"},{"geometry":{"coordinates":[[[37.553956834532,1.510791366906],[37.769784172662,1.510791366906],[37.769784172662,1.726618705036],[37.553956834532,1.726618705036],[37.553956834532,1.510791366906]]],"type":"Polygon"},"id":394,"properties":{"parentKey":"KEN:1159308875","sourceCountryId":"KEN","syntheticOperational":true,"territoryId":"territory:catalog:b21025eaea876682767347607b58337fc716661803300f5c781f78af00377922"},"type":"Feature"},{"geometry":{"coordinates":[[[33.917662191066,0],[33.921578,-0.01297],[33.95248,-0.115702],[33.998730173346,0],[33.917662191066,0]]],"type":"Polygon"},"id":395,"properties":{"parentKey":"KEN:1159308879","sourceCountryId":"KEN","syntheticOperational":true,"territoryId":"territory:catalog:b7ad5d941fbfca5d7e3994980b1561928a0cac009efae6cdef4718e0afbdded2"},"type":"Feature"},{"geometry":{"coordinates":[[[38.980203959208,-2.589928057554],[39.196160767846,-2.589928057554],[39.196160767846,-2.374100719424],[38.980203959208,-2.374100719424],[38.980203959208,-2.589928057554]]],"type":"Polygon"},"id":396,"properties":{"parentKey":"KEN:1159309927","sourceCountryId":"KEN","syntheticOperational":true,"territoryId":"territory:catalog:4104744141630ea20e2e0b29172597cadb6e12e59152f75012c828bcdd982f59"},"type":"Feature"},{"geometry":{"coordinates":[[[39.07396271798,-4.593441930285],[39.105757,-4.616306],[39.190603,-4.677504],[39.193858,-4.673272],[39.197113,-4.671808],[39.200694,-4.671482],[39.204845,-4.670099],[39.224376,-4.655857],[39.242686,-4.627374],[39.264334,-4.606622],[39.290438965725,-4.614503783851],[39.290438965725,-4.532374100719],[39.158653846154,-4.532374100719],[39.07396271798,-4.532374100719],[39.07396271798,-4.593441930285]]],"type":"Polygon"},"id":397,"properties":{"parentKey":"KEN:1159309927","sourceCountryId":"KEN","syntheticOperational":true,"territoryId":"territory:catalog:3e105728128e79deb3bd80dbbc5a68b3ab2bb30e3d2b2ce32dc6b730da85b31d"},"type":"Feature"},{"geometry":{"coordinates":[[[35.395683453237,-1.790144015414],[35.415647,-1.801284],[35.611510791367,-1.910727092594],[35.611510791367,-1.726618705036],[35.395683453237,-1.726618705036],[35.395683453237,-1.790144015414]]],"type":"Polygon"},"id":398,"properties":{"parentKey":"KEN:1159308877","sourceCountryId":"KEN","syntheticOperational":true,"territoryId":"territory:catalog:f0bc56c6219746c7105478c8e06214408f656f4a8a324856260eb3037a1140d6"},"type":"Feature"},{"geometry":{"coordinates":[[[39.628074385123,2.158273381295],[39.844031193761,2.158273381295],[39.844031193761,2.374100719424],[39.628074385123,2.374100719424],[39.628074385123,2.158273381295]]],"type":"Polygon"},"id":399,"properties":{"parentKey":"KEN:1159308881","sourceCountryId":"KEN","syntheticOperational":true,"territoryId":"territory:catalog:9050a573e8d853e43d65b8eebf5100f69caa4f559c16ef43234df5ff07867d9b"},"type":"Feature"},{"geometry":{"coordinates":[[[36.474820143885,-0.431654676259],[36.690647482014,-0.431654676259],[36.690647482014,-0.21582733813],[36.474820143885,-0.21582733813],[36.474820143885,-0.431654676259]]],"type":"Polygon"},"id":400,"properties":{"parentKey":"KEN:1159310037","sourceCountryId":"KEN","syntheticOperational":true,"territoryId":"territory:catalog:c9c42a935dcc228cd902ff0222646f3be6491c43477543afdca3be740b2ef9ac"},"type":"Feature"},{"geometry":{"coordinates":[[[39.975990396158,-3.375339132488],[39.989106,-3.373224],[40.002615,-3.362481],[40.026622,-3.334405],[40.039806,-3.325616],[40.088145,-3.303643],[40.102387,-3.294203],[40.114024,-3.281671],[40.122895,-3.267348],[40.12908,-3.251886],[40.129206386437,-3.237410071942],[39.975990396158,-3.237410071942],[39.975990396158,-3.310962030797],[39.991954,-3.307061],[39.990082,-3.320896],[39.979259,-3.359063],[39.975990396158,-3.366178791981],[39.975990396158,-3.375339132488]]],"type":"Polygon"},"id":401,"properties":{"parentKey":"KEN:1159309927","sourceCountryId":"KEN","syntheticOperational":true,"territoryId":"territory:catalog:15754a19a1102819bcbdd1d263b22e9d18ec58983f5f959fbc2943065fb1f24e"},"type":"Feature"},{"geometry":{"coordinates":[[[36.216216216216,3.884892086331],[36.432432432432,3.884892086331],[36.432432432432,4.10071942446],[36.346153846154,4.10071942446],[36.216216216216,4.10071942446],[36.216216216216,3.884892086331]]],"type":"Polygon"},"id":402,"properties":{"parentKey":"KEN:1159308875","sourceCountryId":"KEN","syntheticOperational":true,"territoryId":"territory:catalog:b077ffee3a436a48fbb1ef1a11292ab279eec2fc194ccae863f64d93d121256f"},"type":"Feature"},{"geometry":{"coordinates":[[[39.628074385123,2.374100719424],[39.844031193761,2.374100719424],[39.844031193761,2.589928057554],[39.628074385123,2.589928057554],[39.628074385123,2.374100719424]]],"type":"Polygon"},"id":403,"properties":{"parentKey":"KEN:1159308881","sourceCountryId":"KEN","syntheticOperational":true,"territoryId":"territory:catalog:f9a3ac86878e2968f938ad2010657148c8ac5847695e511ec7a0452816dfdf62"},"type":"Feature"},{"geometry":{"coordinates":[[[39.064748201439,1.510791366906],[39.280575539568,1.510791366906],[39.280575539568,1.668405434654],[39.279908,1.668787],[39.272105,1.674833],[39.258617,1.688166],[39.254586,1.690957],[39.240479,1.697881],[39.215622,1.706563],[39.211281,1.709121],[39.207251,1.711989],[39.192988,1.725786],[39.192359309832,1.726618705036],[39.064748201439,1.726618705036],[39.064748201439,1.510791366906]]],"type":"Polygon"},"id":404,"properties":{"parentKey":"KEN:1159308875","sourceCountryId":"KEN","syntheticOperational":true,"territoryId":"territory:catalog:5063daf27d934151486ddd7d99a007cbc224115d0c6b64e421e9115fc3beac39"},"type":"Feature"},{"geometry":{"coordinates":[[[36.537388,-0.075292],[36.537698,-0.08108],[36.540178,-0.092294],[36.541884,-0.097306],[36.544364,-0.101751],[36.574905,-0.129139],[36.588392,-0.138441],[36.605187,-0.141231],[36.650507,-0.144332],[36.668336,-0.149551],[36.690647482014,-0.14637779029],[36.690647482014,0],[36.635093779083,0],[36.555991,-0.048214],[36.54824,-0.054105],[36.543124,-0.060306],[36.540488,-0.064595],[36.538473,-0.069608],[36.537388,-0.075292]]],"type":"Polygon"},"id":405,"properties":{"parentKey":"KEN:1159308877","sourceCountryId":"KEN","syntheticOperational":true,"territoryId":"territory:catalog:8d217d36778fc1c039cb858a9fafc7130fa60bd88e982e216d688ad9f379db6f"},"type":"Feature"},{"geometry":{"coordinates":[[[38.696418188804,0.431654676259],[38.747059712883,0.215827338129],[38.848920863309,0.215827338129],[38.848920863309,0.431654676259],[38.696418188804,0.431654676259]]],"type":"Polygon"},"id":406,"properties":{"parentKey":"KEN:1159308881","sourceCountryId":"KEN","syntheticOperational":true,"territoryId":"territory:catalog:39d532b119dfbdbe3f29cbb3eb46f5b9fd631fb16bf402518e8d5268ad33f4b8"},"type":"Feature"},{"geometry":{"coordinates":[[[36.690647482014,1.079136690647],[36.906474820144,1.079136690647],[36.906474820144,1.294964028777],[36.690647482014,1.294964028777],[36.690647482014,1.079136690647]]],"type":"Polygon"},"id":407,"properties":{"parentKey":"KEN:1159308877","sourceCountryId":"KEN","syntheticOperational":true,"territoryId":"territory:catalog:45ccafff0e0bb64929351b6b90fc7940b7ed7cbcebe74aadc010fff9721f67f9"},"type":"Feature"},{"geometry":{"coordinates":[[[39.759903961585,-3.021582733813],[39.975990396158,-3.021582733813],[39.975990396158,-2.805755395683],[39.844031193761,-2.805755395683],[39.759903961585,-2.805755395683],[39.759903961585,-3.021582733813]]],"type":"Polygon"},"id":408,"properties":{"parentKey":"KEN:1159309927","sourceCountryId":"KEN","syntheticOperational":true,"territoryId":"territory:catalog:204c328c350d4415cef3c0a6a8cc08e6847f4bdc19f48e79d609f72007d19676"},"type":"Feature"},{"geometry":{"coordinates":[[[40.575539568345,-0.431654676259],[40.791366906475,-0.431654676259],[40.791366906475,-0.21582733813],[40.575539568345,-0.21582733813],[40.575539568345,-0.431654676259]]],"type":"Polygon"},"id":409,"properties":{"parentKey":"KEN:1159308881","sourceCountryId":"KEN","syntheticOperational":true,"territoryId":"territory:catalog:564eac52a49c873b97c01fed3e1922a986167f506b63b943e96bab50fa20a7ac"},"type":"Feature"},{"geometry":{"coordinates":[[[39.928057553957,1.510791366906],[40.143884892086,1.510791366906],[40.143884892086,1.726618705036],[39.928057553957,1.726618705036],[39.928057553957,1.510791366906]]],"type":"Polygon"},"id":410,"properties":{"parentKey":"KEN:1159308881","sourceCountryId":"KEN","syntheticOperational":true,"territoryId":"territory:catalog:1784f8b395059e0c5556f488694709954d02d60826a2bf766dd47585fec22edc"},"type":"Feature"},{"geometry":{"coordinates":[[[37.985611510791,-1.510791366906],[38.201438848921,-1.510791366906],[38.201438848921,-1.294964028777],[37.985611510791,-1.294964028777],[37.985611510791,-1.510791366906]]],"type":"Polygon"},"id":411,"properties":{"parentKey":"KEN:1159308875","sourceCountryId":"KEN","syntheticOperational":true,"territoryId":"territory:catalog:f1aee4a752fc2e4e201c4c89c289aedd5da18d6847a62ad3bf60ab8e1c6a9610"},"type":"Feature"},{"geometry":{"coordinates":[[[37.122302158273,-1.510791366906],[37.338129496403,-1.510791366906],[37.338129496403,-1.294964028777],[37.122302158273,-1.294964028777],[37.122302158273,-1.510791366906]]],"type":"Polygon"},"id":412,"properties":{"parentKey":"KEN:1159308875","sourceCountryId":"KEN","syntheticOperational":true,"territoryId":"territory:catalog:8cda5e287384a2fa8cd14714397a9d597c1228e667f41b81943aa79deaac14b6"},"type":"Feature"},{"geometry":{"coordinates":[[[34.964028776978,0],[35.179856115108,0],[35.179856115108,0.215827338129],[34.964028776978,0.215827338129],[34.964028776978,0]]],"type":"Polygon"},"id":413,"properties":{"parentKey":"KEN:1159308877","sourceCountryId":"KEN","syntheticOperational":true,"territoryId":"territory:catalog:6f4c04d8de82d341feb5e10877eef5fd11cabcaa16077c8eb6145b00ca3bbd59"},"type":"Feature"},{"geometry":{"coordinates":[[[35.092981403719,2.374100719424],[35.308938212358,2.374100719424],[35.308938212358,2.589928057554],[35.092981403719,2.589928057554],[35.092981403719,2.374100719424]]],"type":"Polygon"},"id":414,"properties":{"parentKey":"KEN:1159308877","sourceCountryId":"KEN","syntheticOperational":true,"territoryId":"territory:catalog:ef8fbe27946d11e5da6639c4b1e4c074f870a853d29aab4d769fd6766826bdb3"},"type":"Feature"},{"geometry":{"coordinates":[[[40.143884892086,1.510791366906],[40.359712230216,1.510791366906],[40.359712230216,1.726618705036],[40.143884892086,1.726618705036],[40.143884892086,1.510791366906]]],"type":"Polygon"},"id":415,"properties":{"parentKey":"KEN:1159308881","sourceCountryId":"KEN","syntheticOperational":true,"territoryId":"territory:catalog:6b349e67da114b0a833998c6c24b686238ea9ba211854533900b2c30049239a8"},"type":"Feature"},{"geometry":{"coordinates":[[[40.791366906475,1.726618705036],[40.968486,1.726618705036],[40.968486,1.942446043165],[40.923815236953,1.942446043165],[40.791366906475,1.942446043165],[40.791366906475,1.726618705036]]],"type":"Polygon"},"id":416,"properties":{"parentKey":"KEN:1159308881","sourceCountryId":"KEN","syntheticOperational":true,"territoryId":"territory:catalog:1c94cd4ad62a5b1d3ca4d61af7a43757daa7f5421971f9bf9f38e182e6a7741f"},"type":"Feature"},{"geometry":{"coordinates":[[[37.338129496403,-1.510791366906],[37.553956834532,-1.510791366906],[37.553956834532,-1.294964028777],[37.338129496403,-1.294964028777],[37.338129496403,-1.510791366906]]],"type":"Polygon"},"id":417,"properties":{"parentKey":"KEN:1159308875","sourceCountryId":"KEN","syntheticOperational":true,"territoryId":"territory:catalog:c1f0a531c3fbcfc47ceb07cae7a7e95a42d99c61d8d7b6f18ed64e91a8308d86"},"type":"Feature"},{"geometry":{"coordinates":[[[36.172765446911,2.158273381295],[36.388722255549,2.158273381295],[36.388722255549,2.374100719424],[36.172765446911,2.374100719424],[36.172765446911,2.158273381295]]],"type":"Polygon"},"id":418,"properties":{"parentKey":"KEN:1159308877","sourceCountryId":"KEN","syntheticOperational":true,"territoryId":"territory:catalog:6d5706793d3f118f488bca3ebdddd7646ae8d4193878835ae463ab825255a6bf"},"type":"Feature"},{"geometry":{"coordinates":[[[39.928057553957,-0.863309352518],[40.143884892086,-0.863309352518],[40.143884892086,-0.647482014388],[39.928057553957,-0.647482014388],[39.928057553957,-0.863309352518]]],"type":"Polygon"},"id":419,"properties":{"parentKey":"KEN:1159308881","sourceCountryId":"KEN","syntheticOperational":true,"territoryId":"territory:catalog:c6fa1f02b7669ac9d6f37f805e8b8f6dfb41265fb96006000fa43f750485c54e"},"type":"Feature"},{"geometry":{"coordinates":[[[34.748201438849,0.431654676259],[34.9138722081,0.431654676259],[34.913663,0.432739],[34.90033,0.461161],[34.897643,0.465192],[34.894232,0.468602],[34.890356,0.471393],[34.848964,0.491236],[34.837595,0.498471],[34.836045,0.505758],[34.838215,0.548649],[34.841161,0.562085],[34.845036,0.570663],[34.858265,0.578156],[34.863381,0.579965],[34.868807,0.581257],[34.874854,0.582032],[34.88059,0.581515],[34.886016,0.580068],[34.899813,0.57304],[34.904774,0.571593],[34.910562,0.570973],[34.916453,0.571542],[34.923119,0.575417],[34.930561,0.582135],[34.955727,0.620738],[34.959861,0.624768],[34.963944,0.627301],[34.964028776978,0.62733038206],[34.964028776978,0.647482014388],[34.748201438849,0.647482014388],[34.748201438849,0.431654676259]]],"type":"Polygon"},"id":420,"properties":{"parentKey":"KEN:1159308879","sourceCountryId":"KEN","syntheticOperational":true,"territoryId":"territory:catalog:5ebd0701b24907fe033e4f6f054f7afca81e081a2e985fe54c9e972e4d884154"},"type":"Feature"},{"geometry":{"coordinates":[[[35.281842137342,-1.726618705036],[35.395683453237,-1.790144015414],[35.395683453237,-1.726618705036],[35.281842137342,-1.726618705036]]],"type":"Polygon"},"id":421,"properties":{"parentKey":"KEN:1159308877","sourceCountryId":"KEN","syntheticOperational":true,"territoryId":"territory:catalog:15ac58e32bdebd100183f05c7a92b0bd7aab8e6d84c7d02e19f04a415b60c004"},"type":"Feature"},{"geometry":{"coordinates":[[[36.734693877551,3.021582733813],[36.950780312125,3.021582733813],[36.950780312125,3.237410071942],[36.734693877551,3.237410071942],[36.734693877551,3.021582733813]]],"type":"Polygon"},"id":422,"properties":{"parentKey":"KEN:1159308875","sourceCountryId":"KEN","syntheticOperational":true,"territoryId":"territory:catalog:d62afdcafbfc41d85c2793d71916bdd4b08d7fc742b3bc505576efa34de2dcf0"},"type":"Feature"},{"geometry":{"coordinates":[[[39.496402877698,0.647482014388],[39.712230215827,0.647482014388],[39.712230215827,0.863309352518],[39.496402877698,0.863309352518],[39.496402877698,0.647482014388]]],"type":"Polygon"},"id":423,"properties":{"parentKey":"KEN:1159308881","sourceCountryId":"KEN","syntheticOperational":true,"territoryId":"territory:catalog:cd8bc3f8ff6e1c8e8fcced61f2f36e36fdbe4791f9ee4d72a90129c38e3d5f43"},"type":"Feature"},{"geometry":{"coordinates":[[[39.712230215827,-0.584021724615],[39.736624,-0.586476],[39.75254,-0.59278],[39.764943,-0.601617],[39.773883,-0.612469],[39.779205,-0.626525],[39.781066,-0.644612],[39.783006782669,-0.647482014388],[39.928057553957,-0.647482014388],[39.928057553957,-0.431654676259],[39.712230215827,-0.431654676259],[39.712230215827,-0.584021724615]]],"type":"Polygon"},"id":424,"properties":{"parentKey":"KEN:1159308881","sourceCountryId":"KEN","syntheticOperational":true,"territoryId":"territory:catalog:695b8708853df0a97a4cd1a241d5d2a895eb3eebec899f81d534f0c0fc8cac01"},"type":"Feature"},{"geometry":{"coordinates":[[[38.332333533293,-2.805755395683],[38.463385354142,-2.805755395683],[38.548290341932,-2.805755395683],[38.548290341932,-2.589928057554],[38.332333533293,-2.589928057554],[38.332333533293,-2.805755395683]]],"type":"Polygon"},"id":425,"properties":{"parentKey":"KEN:1159308875","sourceCountryId":"KEN","syntheticOperational":true,"territoryId":"territory:catalog:ddc02c5a3fec2a3f02023b2494d7587b2dff88c6fe74b1bfb5d8e7c2cf30bbfd"},"type":"Feature"},{"geometry":{"coordinates":[[[40.707858428314,-2.471207681958],[40.711762,-2.466567],[40.758149,-2.447442],[40.789317,-2.424981],[40.816905,-2.397882],[40.828624,-2.37477],[40.828297153163,-2.374100719424],[40.707858428314,-2.374100719424],[40.707858428314,-2.471207681958]]],"type":"Polygon"},"id":426,"properties":{"parentKey":"KEN:1159309927","sourceCountryId":"KEN","syntheticOperational":true,"territoryId":"territory:catalog:8fc17f55e6087ea1c7d042476f68e169e16ace8425b6b68ab25bdf1775ac3a44"},"type":"Feature"},{"geometry":{"coordinates":[[[36.258992805755,-0.21582733813],[36.474820143885,-0.21582733813],[36.474820143885,0],[36.261218711611,0],[36.258992805755,-0.004289389232],[36.258992805755,-0.21582733813]]],"type":"Polygon"},"id":427,"properties":{"parentKey":"KEN:1159310037","sourceCountryId":"KEN","syntheticOperational":true,"territoryId":"territory:catalog:7774c6b4fa3691c62d796e84f99b13d2d0ec638072eef0b31250d425d6062bd7"},"type":"Feature"},{"geometry":{"coordinates":[[[36.258992805755,0.431654676259],[36.474820143885,0.431654676259],[36.474820143885,0.647482014388],[36.258992805755,0.647482014388],[36.258992805755,0.431654676259]]],"type":"Polygon"},"id":428,"properties":{"parentKey":"KEN:1159308877","sourceCountryId":"KEN","syntheticOperational":true,"territoryId":"territory:catalog:9b02b30bd0d09997702e2877b4f51eaa89a8cbb041b9566382136c25f7e89a54"},"type":"Feature"},{"geometry":{"coordinates":[[[35.827338129496,0.431654676259],[36.043165467626,0.431654676259],[36.043165467626,0.647482014388],[35.827338129496,0.647482014388],[35.827338129496,0.431654676259]]],"type":"Polygon"},"id":429,"properties":{"parentKey":"KEN:1159308877","sourceCountryId":"KEN","syntheticOperational":true,"territoryId":"territory:catalog:beebe25425f1ee29eec6b66d21b962a81d1f89c2f93c505477c6d87fac47895c"},"type":"Feature"},{"geometry":{"coordinates":[[[39.459459459459,-3.669064748201],[39.675675675676,-3.669064748201],[39.675675675676,-3.453237410072],[39.543817527011,-3.453237410072],[39.459459459459,-3.453237410072],[39.459459459459,-3.669064748201]]],"type":"Polygon"},"id":430,"properties":{"parentKey":"KEN:1159309927","sourceCountryId":"KEN","syntheticOperational":true,"territoryId":"territory:catalog:2f2d4e2e65de3df02dc4ca3c92ac4c411432f4b3375cb54a2438032afe0ea4aa"},"type":"Feature"},{"geometry":{"coordinates":[[[36.043165467626,-0.647482014388],[36.258992805755,-0.647482014388],[36.258992805755,-0.431654676259],[36.043165467626,-0.431654676259],[36.043165467626,-0.647482014388]]],"type":"Polygon"},"id":431,"properties":{"parentKey":"KEN:1159308877","sourceCountryId":"KEN","syntheticOperational":true,"territoryId":"territory:catalog:84e2270c1b182c07d0f248c6a40c6e2cb8668868791315ca8c1f3bb7d27ee746"},"type":"Feature"},{"geometry":{"coordinates":[[[39.712230215827,1.079136690647],[39.928057553957,1.079136690647],[39.928057553957,1.294964028777],[39.712230215827,1.294964028777],[39.712230215827,1.079136690647]]],"type":"Polygon"},"id":432,"properties":{"parentKey":"KEN:1159308881","sourceCountryId":"KEN","syntheticOperational":true,"territoryId":"territory:catalog:ede88df55023c4d68114137d1db4f5706f6e3611961e12f14467f84c2f8ff09c"},"type":"Feature"},{"geometry":{"coordinates":[[[41.405405405405,3.453237410072],[41.488595438175,3.453237410072],[41.519041369943,3.453237410072],[41.549639,3.497023],[41.621621621622,3.600009706602],[41.621621621622,3.669064748201],[41.405405405405,3.669064748201],[41.405405405405,3.453237410072]]],"type":"Polygon"},"id":433,"properties":{"parentKey":"KEN:1159308881","sourceCountryId":"KEN","syntheticOperational":true,"territoryId":"territory:catalog:8fe826bf3d29aa09ebb2d1974f6e2a54d3cc7f25bd21bdbc87a1dd3df2353d03"},"type":"Feature"},{"geometry":{"coordinates":[[[39.759903961585,3.021582733813],[39.975990396158,3.021582733813],[39.975990396158,3.237410071942],[39.759903961585,3.237410071942],[39.759903961585,3.021582733813]]],"type":"Polygon"},"id":434,"properties":{"parentKey":"KEN:1159308881","sourceCountryId":"KEN","syntheticOperational":true,"territoryId":"territory:catalog:c6b604e4640a7ed205a5b0eb7fcbf64324a243949fb334a0ed0763f263a6affa"},"type":"Feature"},{"geometry":{"coordinates":[[[39.196160767846,2.589928057554],[39.412117576485,2.589928057554],[39.412117576485,2.805755395683],[39.327731092437,2.805755395683],[39.196160767846,2.805755395683],[39.196160767846,2.589928057554]]],"type":"Polygon"},"id":435,"properties":{"parentKey":"KEN:1159308881","sourceCountryId":"KEN","syntheticOperational":true,"territoryId":"territory:catalog:08efcadd888e8c4ac4edfa16377993553175c4393de2a418cc1b3c092c70f7a9"},"type":"Feature"},{"geometry":{"coordinates":[[[38.162162162162,-3.669064748201],[38.378378378378,-3.669064748201],[38.378378378378,-3.453237410072],[38.247298919568,-3.453237410072],[38.162162162162,-3.453237410072],[38.162162162162,-3.669064748201]]],"type":"Polygon"},"id":436,"properties":{"parentKey":"KEN:1159309927","sourceCountryId":"KEN","syntheticOperational":true,"territoryId":"territory:catalog:de790559f575252e411baf7dc2ad0df4a726c352bafcc5b20c76e51228998ead"},"type":"Feature"},{"geometry":{"coordinates":[[[39.327731092437,-3.237410071942],[39.543817527011,-3.237410071942],[39.543817527011,-3.021582733813],[39.327731092437,-3.021582733813],[39.327731092437,-3.237410071942]]],"type":"Polygon"},"id":437,"properties":{"parentKey":"KEN:1159309927","sourceCountryId":"KEN","syntheticOperational":true,"territoryId":"territory:catalog:eeea56807a27bdf5f614c7e873f0080586817f6ee437fa6bd57b15ad1f4f3598"},"type":"Feature"},{"geometry":{"coordinates":[[[39.196160767846,-2.805755395683],[39.327731092437,-2.805755395683],[39.412117576485,-2.805755395683],[39.412117576485,-2.589928057554],[39.196160767846,-2.589928057554],[39.196160767846,-2.805755395683]]],"type":"Polygon"},"id":438,"properties":{"parentKey":"KEN:1159309927","sourceCountryId":"KEN","syntheticOperational":true,"territoryId":"territory:catalog:1596cae045e8a31e53bcbd24e34847ef1861045aa1cc1c682e1f70078656c977"},"type":"Feature"},{"geometry":{"coordinates":[[[36.200044,-0.244636],[36.200974,-0.257297],[36.20299,-0.269027],[36.2064,-0.279569],[36.255906,-0.388193],[36.258697,-0.390415],[36.258992805755,-0.390600678451],[36.258992805755,-0.21582733813],[36.208100914431,-0.21582733813],[36.202214,-0.231872],[36.200664,-0.238125],[36.200044,-0.244636]]],"type":"Polygon"},"id":439,"properties":{"parentKey":"KEN:1159310037","sourceCountryId":"KEN","syntheticOperational":true,"territoryId":"territory:catalog:3b6a75ac403b8a723c5452eee93b4fd314c6943139740c9772fe40fd2acb6a9a"},"type":"Feature"},{"geometry":{"coordinates":[[[35.524895020996,2.589928057554],[35.740851829634,2.589928057554],[35.740851829634,2.805755395683],[35.654261704682,2.805755395683],[35.524895020996,2.805755395683],[35.524895020996,2.589928057554]]],"type":"Polygon"},"id":440,"properties":{"parentKey":"KEN:1159308877","sourceCountryId":"KEN","syntheticOperational":true,"territoryId":"territory:catalog:9009cd12b76d5a989fa8d5b53d453006ffb307af6225bb3c2ab05d8ef6a398fa"},"type":"Feature"},{"geometry":{"coordinates":[[[35.395683453237,-1.726618705036],[35.611510791367,-1.726618705036],[35.611510791367,-1.510791366906],[35.395683453237,-1.510791366906],[35.395683453237,-1.726618705036]]],"type":"Polygon"},"id":441,"properties":{"parentKey":"KEN:1159308877","sourceCountryId":"KEN","syntheticOperational":true,"territoryId":"territory:catalog:3ede4531070cd4ab64b5b4edb2bed64891033a202ee00ee2e73150c20f6a900d"},"type":"Feature"},{"geometry":{"coordinates":[[[38.463385354142,-3.021582733813],[38.644930958205,-3.021582733813],[38.636071,-3.015423],[38.626459,-3.011754],[38.615452,-3.009067],[38.610491,-3.007206],[38.60677,-3.004622],[38.60429,-3.002142],[38.599742,-2.996768],[38.596797,-2.993977],[38.58889,-2.988344],[38.58455,-2.985916],[38.570132,-2.980335],[38.553389,-2.969999],[38.54419,-2.965813],[38.539074,-2.963953],[38.528222,-2.961473],[38.522796,-2.960956],[38.51737,-2.961318],[38.511634,-2.964987],[38.507913,-2.968449],[38.504038,-2.970981],[38.500627,-2.971291],[38.486468,-2.970258],[38.473755,-2.971084],[38.463385354142,-2.973423121405],[38.463385354142,-3.021582733813]]],"type":"Polygon"},"id":442,"properties":{"parentKey":"KEN:1159309927","sourceCountryId":"KEN","syntheticOperational":true,"territoryId":"territory:catalog:b59632b756a3eafdf00c128075bc49dc13b54df51e41b1086fbc932b8de6042a"},"type":"Feature"},{"geometry":{"coordinates":[[[36.604679064187,-2.158273381295],[36.820635872825,-2.158273381295],[36.820635872825,-1.942446043165],[36.690647482014,-1.942446043165],[36.604679064187,-1.942446043165],[36.604679064187,-2.158273381295]]],"type":"Polygon"},"id":443,"properties":{"parentKey":"KEN:1159308877","sourceCountryId":"KEN","syntheticOperational":true,"territoryId":"territory:catalog:07bbfbfc42a1d54ca050d6754565b34ff684951a12acc217bad00575e35dfb51"},"type":"Feature"},{"geometry":{"coordinates":[[[36.906474820144,-1.726618705036],[37.117367508879,-1.726618705036],[36.996688,-1.582642],[36.972762,-1.540629],[36.966405,-1.523679],[36.963305,-1.512569],[36.963527159347,-1.510791366906],[36.906474820144,-1.510791366906],[36.906474820144,-1.726618705036]]],"type":"Polygon"},"id":444,"properties":{"parentKey":"KEN:1159308877","sourceCountryId":"KEN","syntheticOperational":true,"territoryId":"territory:catalog:b14597ecf7ddfaf1ea01011e726cebc2be97ed0e5244360e6ba3fb24a69e6295"},"type":"Feature"},{"geometry":{"coordinates":[[[39.928057553957,1.079136690647],[40.143884892086,1.079136690647],[40.143884892086,1.294964028777],[39.928057553957,1.294964028777],[39.928057553957,1.079136690647]]],"type":"Polygon"},"id":445,"properties":{"parentKey":"KEN:1159308881","sourceCountryId":"KEN","syntheticOperational":true,"territoryId":"territory:catalog:3740c2dbb950bf767f769f26e081717b8d49c84b9db92e30341c1862b0887649"},"type":"Feature"},{"geometry":{"coordinates":[[[36.043165467626,0.431654676259],[36.258992805755,0.431654676259],[36.258992805755,0.647482014388],[36.043165467626,0.647482014388],[36.043165467626,0.431654676259]]],"type":"Polygon"},"id":446,"properties":{"parentKey":"KEN:1159308877","sourceCountryId":"KEN","syntheticOperational":true,"territoryId":"territory:catalog:75bf2bbf9951757d5cf964b4d8a931f2b051b2f8cb8bec30b032a69e4b7f7ede"},"type":"Feature"},{"geometry":{"coordinates":[[[34.10071942446,-0.863309352518],[34.31654676259,-0.863309352518],[34.31654676259,-0.647482014388],[34.10071942446,-0.647482014388],[34.10071942446,-0.863309352518]]],"type":"Polygon"},"id":447,"properties":{"parentKey":"KEN:1159310041","sourceCountryId":"KEN","syntheticOperational":true,"territoryId":"territory:catalog:864a8642d34ee787711e0ba86aaf0e611e4f8c224d3182b43110d66e76e7b1a7"},"type":"Feature"},{"geometry":{"coordinates":[[[36.518607442977,2.805755395683],[36.604679064187,2.805755395683],[36.734693877551,2.805755395683],[36.734693877551,3.021582733813],[36.518607442977,3.021582733813],[36.518607442977,2.805755395683]]],"type":"Polygon"},"id":448,"properties":{"parentKey":"KEN:1159308875","sourceCountryId":"KEN","syntheticOperational":true,"territoryId":"territory:catalog:78d812979bdc1972e887b25b4edef5b019609a147ec4c61e1ba8c0e2a4cd43c6"},"type":"Feature"},{"geometry":{"coordinates":[[[40.791366906475,0.431654676259],[40.968486,0.431654676259],[40.968486,0.647482014388],[40.791366906475,0.647482014388],[40.791366906475,0.431654676259]]],"type":"Polygon"},"id":449,"properties":{"parentKey":"KEN:1159308881","sourceCountryId":"KEN","syntheticOperational":true,"territoryId":"territory:catalog:78206e050fe123f3fbef4c2a52e56461a2e0ad6ee0ebdbe604edc891a24548c6"},"type":"Feature"},{"geometry":{"coordinates":[[[34.31654676259,0.215827338129],[34.403850928677,0.215827338129],[34.401601,0.219625],[34.399895,0.224586],[34.398655,0.230219],[34.398138,0.249546],[34.395348,0.267891],[34.391937,0.277761],[34.388217,0.283446],[34.370233,0.301636],[34.361552,0.305511],[34.354265,0.306597],[34.348684,0.30515],[34.339227,0.300861],[34.330804,0.295641],[34.325688,0.293781],[34.319952,0.293316],[34.31654676259,0.293674385197],[34.31654676259,0.215827338129]]],"type":"Polygon"},"id":450,"properties":{"parentKey":"KEN:1159310041","sourceCountryId":"KEN","syntheticOperational":true,"territoryId":"territory:catalog:ef8b577595e7e231f704103000f097c68a1590394f1ab9075091194355a6dd56"},"type":"Feature"},{"geometry":{"coordinates":[[[40.972972972973,3.453237410072],[41.056422569028,3.453237410072],[41.189189189189,3.453237410072],[41.189189189189,3.669064748201],[40.972972972973,3.669064748201],[40.972972972973,3.453237410072]]],"type":"Polygon"},"id":451,"properties":{"parentKey":"KEN:1159308881","sourceCountryId":"KEN","syntheticOperational":true,"territoryId":"territory:catalog:0c154517e5d2dc1c71ab282c517d18719a87d223bd430772e510d811ecf7341d"},"type":"Feature"},{"geometry":{"coordinates":[[[39.280575539568,1.455748939556],[39.283473,1.459059],[39.29417,1.465105],[39.407036179614,1.510791366906],[39.280575539568,1.510791366906],[39.280575539568,1.455748939556]]],"type":"Polygon"},"id":452,"properties":{"parentKey":"KEN:1159308875","sourceCountryId":"KEN","syntheticOperational":true,"territoryId":"territory:catalog:d9a1bd3db9c3db1c6ead2c7973e42c9044ec91fb5b425cf739957acfc36d13b1"},"type":"Feature"},{"geometry":{"coordinates":[[[38.162162162162,-3.884892086331],[38.378378378378,-3.884892086331],[38.378378378378,-3.669064748201],[38.162162162162,-3.669064748201],[38.162162162162,-3.884892086331]]],"type":"Polygon"},"id":453,"properties":{"parentKey":"KEN:1159309927","sourceCountryId":"KEN","syntheticOperational":true,"territoryId":"territory:catalog:b4eced45c2eb31cb9d1495ca80abc840a76c082caf976b8f5870f9271eb8fbc4"},"type":"Feature"},{"geometry":{"coordinates":[[[40.575539568345,0],[40.791366906475,0],[40.791366906475,0.215827338129],[40.575539568345,0.215827338129],[40.575539568345,0]]],"type":"Polygon"},"id":454,"properties":{"parentKey":"KEN:1159308881","sourceCountryId":"KEN","syntheticOperational":true,"territoryId":"territory:catalog:0ef7ce7c9936e7164a24c6643fd8cf3c54b396a1d69899e6c519fdd630447cfe"},"type":"Feature"},{"geometry":{"coordinates":[[[35.222088835534,3.021582733813],[35.438175270108,3.021582733813],[35.438175270108,3.237410071942],[35.222088835534,3.237410071942],[35.222088835534,3.021582733813]]],"type":"Polygon"},"id":455,"properties":{"parentKey":"KEN:1159308877","sourceCountryId":"KEN","syntheticOperational":true,"territoryId":"territory:catalog:d8365f97d988e7c2044ba9be9e0fec3f9a2143451edfbe3e6baeea89c8379eb4"},"type":"Feature"},{"geometry":{"coordinates":[[[39.459459459459,3.453237410072],[39.463336213279,3.453237410072],[39.459459459459,3.454541534953],[39.459459459459,3.453237410072]]],"type":"Polygon"},"id":456,"properties":{"parentKey":"KEN:1159308881","sourceCountryId":"KEN","syntheticOperational":true,"territoryId":"territory:catalog:03044376be9458f5f5072ccc815e1cff31c07059944391c9aa9b60735148c312"},"type":"Feature"},{"geometry":{"coordinates":[[[36.302521008403,2.805755395683],[36.388722255549,2.805755395683],[36.404071926651,2.805755395683],[36.400497,2.81355],[36.380963,2.846442],[36.357915,2.866389],[36.302725,2.902459],[36.302521008403,2.902637169876],[36.302521008403,2.805755395683]]],"type":"Polygon"},"id":457,"properties":{"parentKey":"KEN:1159308877","sourceCountryId":"KEN","syntheticOperational":true,"territoryId":"territory:catalog:726b864c5925c61a97ad8b0932f9b136b0cbb22e4784b65a930b8cc49846e477"},"type":"Feature"},{"geometry":{"coordinates":[[[35.611510791367,1.510791366906],[35.827338129496,1.510791366906],[35.827338129496,1.726618705036],[35.611510791367,1.726618705036],[35.611510791367,1.510791366906]]],"type":"Polygon"},"id":458,"properties":{"parentKey":"KEN:1159308877","sourceCountryId":"KEN","syntheticOperational":true,"territoryId":"territory:catalog:3a95c13eb7f319103213db4aaacf370708f93072f1f9edb0c4a99c980f41d37e"},"type":"Feature"},{"geometry":{"coordinates":[[[38.548290341932,-2.805755395683],[38.679471788715,-2.805755395683],[38.76424715057,-2.805755395683],[38.76424715057,-2.609000694045],[38.751289979254,-2.589928057554],[38.548290341932,-2.589928057554],[38.548290341932,-2.805755395683]]],"type":"Polygon"},"id":459,"properties":{"parentKey":"KEN:1159308875","sourceCountryId":"KEN","syntheticOperational":true,"territoryId":"territory:catalog:5f03ffbef069a21e2438cdf9bd30d174b0552173fb6a892aa94694220fadc7df"},"type":"Feature"},{"geometry":{"coordinates":[[[34.778993,1.388547],[34.780747,1.371789],[34.782714,1.352993],[34.800077,1.312324],[34.804631314785,1.294964028777],[34.964028776978,1.294964028777],[34.964028776978,1.510791366906],[34.85764384431,1.510791366906],[34.838421,1.437174],[34.778993,1.388547]]],"type":"Polygon"},"id":460,"properties":{"parentKey":"KEN:1159308877","sourceCountryId":"KEN","syntheticOperational":true,"territoryId":"territory:catalog:84130c6b4e326c52c3f8c1b4eeb6d76a79e8b679efd568472c6d269546248695"},"type":"Feature"},{"geometry":{"coordinates":[[[35.827338129496,-1.079136690647],[36.043165467626,-1.079136690647],[36.043165467626,-0.863309352518],[35.827338129496,-0.863309352518],[35.827338129496,-1.079136690647]]],"type":"Polygon"},"id":461,"properties":{"parentKey":"KEN:1159308877","sourceCountryId":"KEN","syntheticOperational":true,"territoryId":"territory:catalog:0f6750b4493e3882a654210d3a76fe96f2eb7ae8b2198adc0d7936ef32e0a840"},"type":"Feature"},{"geometry":{"coordinates":[[[39.675675675676,-3.884892086331],[39.798100251829,-3.884892086331],[39.867035,-3.69492],[39.868634167303,-3.669064748201],[39.675675675676,-3.669064748201],[39.675675675676,-3.884892086331]]],"type":"Polygon"},"id":462,"properties":{"parentKey":"KEN:1159309927","sourceCountryId":"KEN","syntheticOperational":true,"territoryId":"territory:catalog:0bb2bb30c9bcd32a92bedbd0fba13e7f1e2b264976c5223e9e570c1324e60ce7"},"type":"Feature"},{"geometry":{"coordinates":[[[38.41726618705,-0.067955013525],[38.425128,-0.069453],[38.43443,-0.069246],[38.443525,-0.065215],[38.466211,-0.075137],[38.496131,-0.061236],[38.546516,-0.024236],[38.573698,-0.023823],[38.632712,-0.043615],[38.63309352518,-0.043522536402],[38.63309352518,0],[38.41726618705,0],[38.41726618705,-0.067955013525]]],"type":"Polygon"},"id":463,"properties":{"parentKey":"KEN:1159308875","sourceCountryId":"KEN","syntheticOperational":true,"territoryId":"territory:catalog:1bee2e8f952782f6006f337fc79f3eb626d8ce20fc81572968688273c54843ad"},"type":"Feature"},{"geometry":{"coordinates":[[[38.76424715057,2.374100719424],[38.916972477378,2.374100719424],[38.916157,2.387917],[38.901585,2.449747],[38.887787,2.478376],[38.882619,2.49375],[38.879829,2.499641],[38.879829,2.504137],[38.881896,2.507961],[38.881999,2.514395],[38.885306,2.519976],[38.896934,2.526254],[38.950315,2.543101],[38.970779,2.573823],[38.977995029528,2.589928057554],[38.76424715057,2.589928057554],[38.76424715057,2.374100719424]]],"type":"Polygon"},"id":464,"properties":{"parentKey":"KEN:1159308875","sourceCountryId":"KEN","syntheticOperational":true,"territoryId":"territory:catalog:01edbcc9fc219f375b5e7aa593a5e57653edc388a67dafc491fea7da0d4c09a1"},"type":"Feature"},{"geometry":{"coordinates":[[[39.844031193761,1.942446043165],[39.928057553957,1.942446043165],[40.0599880024,1.942446043165],[40.0599880024,2.158273381295],[39.844031193761,2.158273381295],[39.844031193761,1.942446043165]]],"type":"Polygon"},"id":465,"properties":{"parentKey":"KEN:1159308881","sourceCountryId":"KEN","syntheticOperational":true,"territoryId":"territory:catalog:6f17264002c7608380162c28798c103cba0ca81c20154730f2fb9e323c261df6"},"type":"Feature"},{"geometry":{"coordinates":[[[37.900419916017,-2.805755395683],[37.910350630549,-2.805755395683],[37.917924,-2.779933],[37.906606,-2.728257],[37.900419916017,-2.713218480035],[37.900419916017,-2.805755395683]]],"type":"Polygon"},"id":466,"properties":{"parentKey":"KEN:1159308877","sourceCountryId":"KEN","syntheticOperational":true,"territoryId":"territory:catalog:4cf539605fb4db3e64a3eef7aa3a232de5a378444e89aecc7fff8c953f93d8e3"},"type":"Feature"},{"geometry":{"coordinates":[[[35.827338129496,0.215827338129],[36.043165467626,0.215827338129],[36.043165467626,0.431654676259],[35.827338129496,0.431654676259],[35.827338129496,0.215827338129]]],"type":"Polygon"},"id":467,"properties":{"parentKey":"KEN:1159308877","sourceCountryId":"KEN","syntheticOperational":true,"territoryId":"territory:catalog:5285cf082e32e77fc42105466a8e196ed79cd669337834f0f5a2d5894a1ef772"},"type":"Feature"},{"geometry":{"coordinates":[[[37.338129496403,-0.647482014388],[37.477057528661,-0.647482014388],[37.476452,-0.624148],[37.477227,-0.616138],[37.476917,-0.590145],[37.4687,-0.575727],[37.436764,-0.537693],[37.433509,-0.528701],[37.432424,-0.52002],[37.432734,-0.443332],[37.430134665639,-0.431654676259],[37.338129496403,-0.431654676259],[37.338129496403,-0.647482014388]]],"type":"Polygon"},"id":468,"properties":{"parentKey":"KEN:1159310037","sourceCountryId":"KEN","syntheticOperational":true,"territoryId":"territory:catalog:7d7a76daf8ecd53c9d57735ef2d4ad458dd0c443fafe521e17f128a2f4b31b9e"},"type":"Feature"},{"geometry":{"coordinates":[[[34.407944663985,0.863309352518],[34.532374100719,0.863309352518],[34.532374100719,1.079136690647],[34.485192309998,1.079136690647],[34.477203,1.064587],[34.468831,1.044227],[34.463663,1.022936],[34.46334586144,0.999992048233],[34.463043,0.978081],[34.457152,0.957617],[34.431211,0.893538],[34.407944663985,0.863309352518]]],"type":"Polygon"},"id":469,"properties":{"parentKey":"KEN:1159308879","sourceCountryId":"KEN","syntheticOperational":true,"territoryId":"territory:catalog:691fa1e257da27e1b38d865e18a29d09cca7d4c577214c0071d44ac3184a6b3a"},"type":"Feature"},{"geometry":{"coordinates":[[[37.166866746699,3.237410071942],[37.382953181273,3.237410071942],[37.382953181273,3.453237410072],[37.297297297297,3.453237410072],[37.166866746699,3.453237410072],[37.166866746699,3.237410071942]]],"type":"Polygon"},"id":470,"properties":{"parentKey":"KEN:1159308875","sourceCountryId":"KEN","syntheticOperational":true,"territoryId":"territory:catalog:f0f76b9339e4c2a7aa697934de725aadf44867744eec7c73f483665762ecb39a"},"type":"Feature"},{"geometry":{"coordinates":[[[39.844031193761,2.374100719424],[40.0599880024,2.374100719424],[40.0599880024,2.589928057554],[39.844031193761,2.589928057554],[39.844031193761,2.374100719424]]],"type":"Polygon"},"id":471,"properties":{"parentKey":"KEN:1159308881","sourceCountryId":"KEN","syntheticOperational":true,"territoryId":"territory:catalog:3eaaba26e8cb31e258fa6f38feec8323de5d93e6a101b5e2d95a38f5196b69f9"},"type":"Feature"},{"geometry":{"coordinates":[[[37.240601,-0.862479],[37.240853645116,-0.863309352518],[37.338129496403,-0.863309352518],[37.338129496403,-0.796722038346],[37.334032,-0.796127],[37.329536,-0.793956],[37.309795,-0.779539],[37.296153,-0.765793],[37.288401,-0.760212],[37.28406,-0.758351],[37.27941,-0.757421],[37.275844,-0.757421],[37.271348,-0.758093],[37.266542,-0.759592],[37.258016,-0.763467],[37.255535,-0.765328],[37.253003,-0.770857],[37.250367,-0.779745],[37.240601,-0.851782],[37.240601,-0.862479]]],"type":"Polygon"},"id":472,"properties":{"parentKey":"KEN:1159308875","sourceCountryId":"KEN","syntheticOperational":true,"territoryId":"territory:catalog:3628e72bbec55b3a13547d5180f0c0d2ad57d7a87eb7ae1748bcc68943d4b9e5"},"type":"Feature"},{"geometry":{"coordinates":[[[40.575539568345,-1.079136690647],[40.791366906475,-1.079136690647],[40.791366906475,-0.863309352518],[40.575539568345,-0.863309352518],[40.575539568345,-1.079136690647]]],"type":"Polygon"},"id":473,"properties":{"parentKey":"KEN:1159308881","sourceCountryId":"KEN","syntheticOperational":true,"territoryId":"territory:catalog:52a3eb0c58a4213dcf3460db994fa10a98e0791fee0355a426e130b382fdee2e"},"type":"Feature"},{"geometry":{"coordinates":[[[34.399038461538,4.31654676259],[34.615384615385,4.31654676259],[34.615384615385,4.532374100719],[34.527961515334,4.532374100719],[34.399038461538,4.532374100719],[34.399038461538,4.31654676259]]],"type":"Polygon"},"id":474,"properties":{"parentKey":"KEN:1159308877","sourceCountryId":"KEN","syntheticOperational":true,"territoryId":"territory:catalog:387eb9ce608ad9b6dd1d0549296107e7cfe040bc74a35e51927cf1bc7c365ef7"},"type":"Feature"},{"geometry":{"coordinates":[[[37.010819215104,-1.294964028777],[37.05348,-1.302866],[37.062472,-1.302918],[37.066503,-1.301677],[37.070223,-1.298835],[37.073873515851,-1.294964028777],[37.010819215104,-1.294964028777]]],"type":"Polygon"},"id":475,"properties":{"parentKey":"KEN:1159310039","sourceCountryId":"KEN","syntheticOperational":true,"territoryId":"territory:catalog:174f5f8fd9885d93f669357525046d89ddf773de5c0ad87a3eb57543d6fee61e"},"type":"Feature"},{"geometry":{"coordinates":[[[36.906474820144,0.863309352518],[37.122302158273,0.863309352518],[37.122302158273,1.079136690647],[36.906474820144,1.079136690647],[36.906474820144,0.863309352518]]],"type":"Polygon"},"id":476,"properties":{"parentKey":"KEN:1159308877","sourceCountryId":"KEN","syntheticOperational":true,"territoryId":"territory:catalog:eaa145d62029e46521ba7b0ee4e3447b3ee08325b435b3b74c36feaac926a4ac"},"type":"Feature"},{"geometry":{"coordinates":[[[39.280575539568,1.079136690647],[39.414938633194,1.079136690647],[39.334225551864,1.294964028777],[39.280575539568,1.294964028777],[39.280575539568,1.079136690647]]],"type":"Polygon"},"id":477,"properties":{"parentKey":"KEN:1159308875","sourceCountryId":"KEN","syntheticOperational":true,"territoryId":"territory:catalog:82bbbd7a2cc163b9df4842cb18b650025b7fc18bc3c430541756348e57a2b5b3"},"type":"Feature"},{"geometry":{"coordinates":[[[34.875774650769,2.589928057554],[34.87684263284,2.580577765543],[34.877024595081,2.578984667556],[34.877024595081,2.589928057554],[34.875774650769,2.589928057554]]],"type":"Polygon"},"id":478,"properties":{"parentKey":"KEN:1159308877","sourceCountryId":"KEN","syntheticOperational":true,"territoryId":"territory:catalog:777e2a1e1909e43616416ec7b9709d4f9a860158f000c1fb6c97a1da8cd4476e"},"type":"Feature"},{"geometry":{"coordinates":[[[38.62863,-2.407191],[38.630025,-2.411429],[38.751289979254,-2.589928057554],[38.76424715057,-2.589928057554],[38.76424715057,-2.374100719424],[38.734562333057,-2.374100719424],[38.72082,-2.394169],[38.717255,-2.397114],[38.69953,-2.407501],[38.694724,-2.409517],[38.689298,-2.411222],[38.67674,-2.412669],[38.664648,-2.412359],[38.648628,-2.409827],[38.633435,-2.405589],[38.62863,-2.407191]]],"type":"Polygon"},"id":479,"properties":{"parentKey":"KEN:1159309927","sourceCountryId":"KEN","syntheticOperational":true,"territoryId":"territory:catalog:fe1b51a33bfbaac07787b5f3173d454220bac73acb6038948e1b5c05e036dd37"},"type":"Feature"},{"geometry":{"coordinates":[[[40.575539568345,0.215827338129],[40.791366906475,0.215827338129],[40.791366906475,0.431654676259],[40.575539568345,0.431654676259],[40.575539568345,0.215827338129]]],"type":"Polygon"},"id":480,"properties":{"parentKey":"KEN:1159308881","sourceCountryId":"KEN","syntheticOperational":true,"territoryId":"territory:catalog:6f81e6c2963c95b5a917256fcdd384216ac39fd3bcb2cacfebb838eae38c841e"},"type":"Feature"},{"geometry":{"coordinates":[[[40.707858428314,2.589928057554],[40.923815236953,2.589928057554],[40.923815236953,2.805755395683],[40.840336134454,2.805755395683],[40.707858428314,2.805755395683],[40.707858428314,2.589928057554]]],"type":"Polygon"},"id":481,"properties":{"parentKey":"KEN:1159308881","sourceCountryId":"KEN","syntheticOperational":true,"territoryId":"territory:catalog:e0d5f18b6a5001fb182662ea0afa89718b205ea0a30687607d1758c2b59d998a"},"type":"Feature"},{"geometry":{"coordinates":[[[37.513513513514,3.669064748201],[37.72972972973,3.669064748201],[37.72972972973,3.884892086331],[37.513513513514,3.884892086331],[37.513513513514,3.669064748201]]],"type":"Polygon"},"id":482,"properties":{"parentKey":"KEN:1159308875","sourceCountryId":"KEN","syntheticOperational":true,"territoryId":"territory:catalog:5edf48ac5784dd007bd964e9104c2ad835c89d3a81c12af4c46fc0437e237b24"},"type":"Feature"},{"geometry":{"coordinates":[[[36.778846153846,4.31654676259],[36.995192307692,4.31654676259],[36.995192307692,4.375274426567],[36.974828,4.37994],[36.903721,4.415778],[36.844087,4.432237],[36.778846153846,4.43167717577],[36.778846153846,4.31654676259]]],"type":"Polygon"},"id":483,"properties":{"parentKey":"KEN:1159308875","sourceCountryId":"KEN","syntheticOperational":true,"territoryId":"territory:catalog:80e2cf9ae11980afa3ece2ba2bed6e59ced9708cd0900bb085cc5c90b5380b81"},"type":"Feature"},{"geometry":{"coordinates":[[[36.432432432432,3.669064748201],[36.648648648649,3.669064748201],[36.648648648649,3.884892086331],[36.432432432432,3.884892086331],[36.432432432432,3.669064748201]]],"type":"Polygon"},"id":484,"properties":{"parentKey":"KEN:1159308875","sourceCountryId":"KEN","syntheticOperational":true,"territoryId":"territory:catalog:0ff4f4c32959c2711d240866bdc1c2fd15dc59a391bd220f0f989ffa1f32340c"},"type":"Feature"},{"geometry":{"coordinates":[[[35.264423076923,4.10071942446],[35.351351351351,4.10071942446],[35.480769230769,4.10071942446],[35.480769230769,4.31654676259],[35.264423076923,4.31654676259],[35.264423076923,4.10071942446]]],"type":"Polygon"},"id":485,"properties":{"parentKey":"KEN:1159308877","sourceCountryId":"KEN","syntheticOperational":true,"territoryId":"territory:catalog:4cd56c929cd6ad0c001bbd4a157b8518ecb86c2053c0201b7e33363e9b1eec52"},"type":"Feature"},{"geometry":{"coordinates":[[[39.412117576485,-2.805755395683],[39.543817527011,-2.805755395683],[39.628074385123,-2.805755395683],[39.628074385123,-2.589928057554],[39.412117576485,-2.589928057554],[39.412117576485,-2.805755395683]]],"type":"Polygon"},"id":486,"properties":{"parentKey":"KEN:1159309927","sourceCountryId":"KEN","syntheticOperational":true,"territoryId":"territory:catalog:1e3b735843d2baa943ae457c76fec6366acf94c07f7c7bd52c605f83b14b92ae"},"type":"Feature"},{"geometry":{"coordinates":[[[37.553956834532,-0.647482014388],[37.769784172662,-0.647482014388],[37.769784172662,-0.431654676259],[37.553956834532,-0.431654676259],[37.553956834532,-0.647482014388]]],"type":"Polygon"},"id":487,"properties":{"parentKey":"KEN:1159308875","sourceCountryId":"KEN","syntheticOperational":true,"territoryId":"territory:catalog:ecfe122bbf6e5aebe70474e27ac77fbe3b8f632c6a4093bbc00de085169c7e68"},"type":"Feature"},{"geometry":{"coordinates":[[[39.928057553957,-1.942446043165],[40.0599880024,-1.942446043165],[40.137005786267,-1.942446043165],[40.129313,-1.929133],[40.132931,-1.925929],[40.1397,-1.918487],[40.143576,-1.91549],[40.137271,-1.901486],[40.129313,-1.854047],[40.124714,-1.846812],[40.114017,-1.835392],[40.109418,-1.82609],[40.108643,-1.81839],[40.114379,-1.807641],[40.115619,-1.799425],[40.108746,-1.755086],[40.109418,-1.737981],[40.111536,-1.734622],[40.115929,-1.730902],[40.119553265209,-1.726618705036],[39.928057553957,-1.726618705036],[39.928057553957,-1.942446043165]]],"type":"Polygon"},"id":488,"properties":{"parentKey":"KEN:1159309927","sourceCountryId":"KEN","syntheticOperational":true,"territoryId":"territory:catalog:863a3910500bfc1f092e0fb6b21adbebcc38d21b112b326145cf8861cb826478"},"type":"Feature"},{"geometry":{"coordinates":[[[36.08643457383,3.021582733813],[36.124270995415,3.021582733813],[36.148264,3.116606],[36.148213,3.128259],[36.145009,3.139886],[36.136327,3.160841],[36.13457,3.172313],[36.13674,3.182235],[36.146042,3.20257],[36.148213,3.213293],[36.142942,3.219804],[36.130591,3.220036],[36.106613,3.216393],[36.08643457383,3.224818695078],[36.08643457383,3.021582733813]]],"type":"Polygon"},"id":489,"properties":{"parentKey":"KEN:1159308877","sourceCountryId":"KEN","syntheticOperational":true,"territoryId":"territory:catalog:7015d2ed9e76714b920ae753de6ff0f56d5d2b875689370ce6878d960b3fc6f0"},"type":"Feature"},{"geometry":{"coordinates":[[[39.375,-4.532374100719],[39.429758763061,-4.532374100719],[39.431,-4.529962],[39.443858,-4.519952],[39.446963742001,-4.532374100719],[39.467145670977,-4.532374100719],[39.484874,-4.478936],[39.487966,-4.474542],[39.502208,-4.461602],[39.505382,-4.455987],[39.504405,-4.443536],[39.506033,-4.438084],[39.514008,-4.426853],[39.522472,-4.418145],[39.531098,-4.417413],[39.54005,-4.430434],[39.551117,-4.402114],[39.573927353253,-4.31654676259],[39.375,-4.31654676259],[39.375,-4.532374100719]]],"type":"Polygon"},"id":490,"properties":{"parentKey":"KEN:1159309927","sourceCountryId":"KEN","syntheticOperational":true,"territoryId":"territory:catalog:769e07625ed89ac310e7d24fefe4950165719daec979def93422abc459cd059b"},"type":"Feature"},{"geometry":{"coordinates":[[[34.508532709902,-1.294964028777],[34.518000709253,-1.300244767854],[34.532374100719,-1.308261469924],[34.532374100719,-1.294964028777],[34.508532709902,-1.294964028777]]],"type":"Polygon"},"id":491,"properties":{"parentKey":"KEN:1159310041","sourceCountryId":"KEN","syntheticOperational":true,"territoryId":"territory:catalog:a95677a5f21f5cbd79940b9a9ec6febe9c70925540063de6688a592bfe55a665"},"type":"Feature"},{"geometry":{"coordinates":[[[34.505367,0],[34.506297,-0.004082],[34.508313,-0.007958],[34.511103,-0.012299],[34.515341,-0.015864],[34.521542,-0.01974],[34.528828,-0.02098],[34.532374100719,-0.020743787357],[34.532374100719,0],[34.505367,0]]],"type":"Polygon"},"id":492,"properties":{"parentKey":"KEN:1159308879","sourceCountryId":"KEN","syntheticOperational":true,"territoryId":"territory:catalog:e455b41e24e8a93fd95e228cf6c67bacbf996334c0f9a139285e303f82ef06e9"},"type":"Feature"},{"geometry":{"coordinates":[[[40.324324324324,3.453237410072],[40.408163265306,3.453237410072],[40.540540540541,3.453237410072],[40.540540540541,3.669064748201],[40.324324324324,3.669064748201],[40.324324324324,3.453237410072]]],"type":"Polygon"},"id":493,"properties":{"parentKey":"KEN:1159308881","sourceCountryId":"KEN","syntheticOperational":true,"territoryId":"territory:catalog:28fb1dc897c15b84d54a14fb0d329ca18d3d9877d3ac022285bb29f9ae01ea40"},"type":"Feature"},{"geometry":{"coordinates":[[[37.900419916017,1.942446043165],[37.985611510791,1.942446043165],[38.116376724655,1.942446043165],[38.116376724655,2.158273381295],[37.900419916017,2.158273381295],[37.900419916017,1.942446043165]]],"type":"Polygon"},"id":494,"properties":{"parentKey":"KEN:1159308875","sourceCountryId":"KEN","syntheticOperational":true,"territoryId":"territory:catalog:5f189d131352219f54de73bc1a7ae757019b1bb6e3c1e66fe28ae863f785234e"},"type":"Feature"},{"geometry":{"coordinates":[[[38.031212484994,3.021582733813],[38.247298919568,3.021582733813],[38.247298919568,3.237410071942],[38.031212484994,3.237410071942],[38.031212484994,3.021582733813]]],"type":"Polygon"},"id":495,"properties":{"parentKey":"KEN:1159308875","sourceCountryId":"KEN","syntheticOperational":true,"territoryId":"territory:catalog:16983cbfaf68024419bdf8d5c042fbf46caf5d2259c71da9ddb049cdfdf0920b"},"type":"Feature"},{"geometry":{"coordinates":[[[39.628074385123,-2.374100719424],[39.844031193761,-2.374100719424],[39.844031193761,-2.158273381295],[39.628074385123,-2.158273381295],[39.628074385123,-2.374100719424]]],"type":"Polygon"},"id":496,"properties":{"parentKey":"KEN:1159309927","sourceCountryId":"KEN","syntheticOperational":true,"territoryId":"territory:catalog:e41eeacef6fb5ae96ad27ba8ff1360dc456b2764c85dc70264d461b442d445f0"},"type":"Feature"},{"geometry":{"coordinates":[[[38.810810810811,-3.884892086331],[39.027027027027,-3.884892086331],[39.027027027027,-3.669064748201],[38.810810810811,-3.669064748201],[38.810810810811,-3.884892086331]]],"type":"Polygon"},"id":497,"properties":{"parentKey":"KEN:1159309927","sourceCountryId":"KEN","syntheticOperational":true,"territoryId":"territory:catalog:2ba4b129cec6a27cfb8938cd5b86d916d1b3806aeefdcec6da5f6e8b11e6d57b"},"type":"Feature"},{"geometry":{"coordinates":[[[41.223021582734,-1.942446043165],[41.314633785542,-1.942446043165],[41.339122,-1.912367],[41.396007,-1.86061],[41.417654,-1.847263],[41.422374,-1.829767],[41.438848920863,-1.804607134755],[41.438848920863,-1.726618705036],[41.223021582734,-1.726618705036],[41.223021582734,-1.942446043165]]],"type":"Polygon"},"id":498,"properties":{"parentKey":"KEN:1159309927","sourceCountryId":"KEN","syntheticOperational":true,"territoryId":"territory:catalog:f32e820d517adf5091e6db14975e176a38dc6cabdcd71ebc6275b48c88414406"},"type":"Feature"},{"geometry":{"coordinates":[[[38.463385354142,-3.237410071942],[38.679471788715,-3.237410071942],[38.679471788715,-3.027631846523],[38.667439,-3.029531],[38.661858,-3.029892],[38.65669,-3.028962],[38.652349,-3.02674],[38.644930958205,-3.021582733813],[38.463385354142,-3.021582733813],[38.463385354142,-3.237410071942]]],"type":"Polygon"},"id":499,"properties":{"parentKey":"KEN:1159309927","sourceCountryId":"KEN","syntheticOperational":true,"territoryId":"territory:catalog:95d4af0793764ee69bdab27b19d5b1586b752e1af8770ed28324c64e1ea25b09"},"type":"Feature"},{"geometry":{"coordinates":[[[35.092981403719,2.589928057554],[35.308938212358,2.589928057554],[35.308938212358,2.805755395683],[35.222088835534,2.805755395683],[35.092981403719,2.805755395683],[35.092981403719,2.589928057554]]],"type":"Polygon"},"id":500,"properties":{"parentKey":"KEN:1159308877","sourceCountryId":"KEN","syntheticOperational":true,"territoryId":"territory:catalog:67fb56b270fc784d1f422241759d976914823734cba59a9665b334e41bb36896"},"type":"Feature"},{"geometry":{"coordinates":[[[39.712230215827,0],[39.928057553957,0],[39.928057553957,0.215827338129],[39.712230215827,0.215827338129],[39.712230215827,0]]],"type":"Polygon"},"id":501,"properties":{"parentKey":"KEN:1159308881","sourceCountryId":"KEN","syntheticOperational":true,"territoryId":"territory:catalog:7bbd5d6042f74a2fd8c9830e4126ea074ecee29f7dbc308a11a019007fc3e143"},"type":"Feature"},{"geometry":{"coordinates":[[[38.997508879953,-1.294964028777],[38.998953089926,-1.510791366906],[39.064748201439,-1.510791366906],[39.064748201439,-1.294964028777],[38.997508879953,-1.294964028777]]],"type":"Polygon"},"id":502,"properties":{"parentKey":"KEN:1159309927","sourceCountryId":"KEN","syntheticOperational":true,"territoryId":"territory:catalog:d7afc091da8fcedbd5b1da56b2aede450cff50a0c68ab1cbfeb07a47fb27d304"},"type":"Feature"},{"geometry":{"coordinates":[[[37.985611510791,-0.21582733813],[38.201438848921,-0.21582733813],[38.201438848921,0],[37.985611510791,0],[37.985611510791,-0.21582733813]]],"type":"Polygon"},"id":503,"properties":{"parentKey":"KEN:1159308875","sourceCountryId":"KEN","syntheticOperational":true,"territoryId":"territory:catalog:67251b55c1bd764ea6a310e8b95785e3fb4a0e8835cdb185151a1c995bb1f88f"},"type":"Feature"},{"geometry":{"coordinates":[[[37.338129496403,0.526138529338],[37.341473,0.525188],[37.346124,0.51878],[37.348604,0.512682],[37.34969,0.507101],[37.351085,0.49351],[37.35,0.443229],[37.35217,0.432067],[37.352323439699,0.431654676259],[37.553956834532,0.431654676259],[37.553956834532,0.585487540119],[37.550659,0.58689],[37.543993,0.586528],[37.525803,0.580998],[37.518827,0.580792],[37.51247,0.581412],[37.503634,0.584822],[37.500533,0.586786],[37.491076,0.594228],[37.482705,0.599395],[37.478157,0.601049],[37.473041,0.601411],[37.467305,0.600791],[37.462034,0.599499],[37.446531,0.593814],[37.406637,0.585649],[37.401056,0.585959],[37.390669,0.588543],[37.381212,0.592729],[37.377336,0.595571],[37.37067,0.602806],[37.364572,0.610816],[37.357751,0.617275],[37.354495,0.620789],[37.352635,0.625957],[37.349845,0.64425],[37.348385011811,0.647482014388],[37.338129496403,0.647482014388],[37.338129496403,0.526138529338]]],"type":"Polygon"},"id":504,"properties":{"parentKey":"KEN:1159308875","sourceCountryId":"KEN","syntheticOperational":true,"territoryId":"territory:catalog:6c15acac8f802ab59b151ece9c5df380b01110c13aca0972c0948460660456e4"},"type":"Feature"},{"geometry":{"coordinates":[[[40.575539568345,-1.899408537836],[40.791366906475,-1.802878241363],[40.791366906475,-1.726618705036],[40.575539568345,-1.726618705036],[40.575539568345,-1.899408537836]]],"type":"Polygon"},"id":505,"properties":{"parentKey":"KEN:1159308881","sourceCountryId":"KEN","syntheticOperational":true,"territoryId":"territory:catalog:f7babaee7e7c6b533ffd917b29bb2e20497c10e2a6d01dfcede1a9137be3ca43"},"type":"Feature"},{"geometry":{"coordinates":[[[37.789957521188,-3.669064748201],[37.825422,-3.694502],[37.910791,-3.755997],[37.945945945946,-3.78135092826],[37.945945945946,-3.669064748201],[37.789957521188,-3.669064748201]]],"type":"Polygon"},"id":506,"properties":{"parentKey":"KEN:1159309927","sourceCountryId":"KEN","syntheticOperational":true,"territoryId":"territory:catalog:7f2d383ef3280d8eb165a43d00437c0e4a3ba8bd9c1cf88246ecd67cb51139b5"},"type":"Feature"},{"geometry":{"coordinates":[[[34.596527403367,-1.079136690647],[34.598643,-1.085928],[34.604069,-1.097865],[34.618487,-1.117037],[34.630166,-1.1652],[34.634661,-1.171969],[34.658536,-1.189281],[34.673264,-1.214861],[34.680292,-1.232379],[34.694223513886,-1.294964028777],[34.748201438849,-1.294964028777],[34.748201438849,-1.079136690647],[34.596527403367,-1.079136690647]]],"type":"Polygon"},"id":507,"properties":{"parentKey":"KEN:1159308877","sourceCountryId":"KEN","syntheticOperational":true,"territoryId":"territory:catalog:b04e8cd7951853be0ebb48f1c0e6a7321b6ccefdbb04ace550fd56c3260fb1bb"},"type":"Feature"},{"geometry":{"coordinates":[[[36.604679064187,1.942446043165],[36.690647482014,1.942446043165],[36.820635872825,1.942446043165],[36.820635872825,2.158273381295],[36.604679064187,2.158273381295],[36.604679064187,1.942446043165]]],"type":"Polygon"},"id":508,"properties":{"parentKey":"KEN:1159308877","sourceCountryId":"KEN","syntheticOperational":true,"territoryId":"territory:catalog:0c3167bd1370e8ce6c0fe13b69dc9e43fc304452d1975aaca6e538558a4e47b8"},"type":"Feature"},{"geometry":{"coordinates":[[[39.759903961585,-3.453237410072],[39.891891891892,-3.453237410072],[39.937981165551,-3.453237410072],[39.947602,-3.427992],[39.96518,-3.399184],[39.96339,-3.393243],[39.959646,-3.387791],[39.957774,-3.382257],[39.963634,-3.357599],[39.96461,-3.348321],[39.964366,-3.334242],[39.966075,-3.321222],[39.973969,-3.311456],[39.975990396158,-3.310962030797],[39.975990396158,-3.237410071942],[39.759903961585,-3.237410071942],[39.759903961585,-3.453237410072]]],"type":"Polygon"},"id":509,"properties":{"parentKey":"KEN:1159309927","sourceCountryId":"KEN","syntheticOperational":true,"territoryId":"territory:catalog:672424590c72ee44f25c567be0e7145056d5f13b70738ebd95930c93d693102c"},"type":"Feature"},{"geometry":{"coordinates":[[[37.985611510791,-1.079136690647],[38.201438848921,-1.079136690647],[38.201438848921,-0.863309352518],[37.985611510791,-0.863309352518],[37.985611510791,-1.079136690647]]],"type":"Polygon"},"id":510,"properties":{"parentKey":"KEN:1159308875","sourceCountryId":"KEN","syntheticOperational":true,"territoryId":"territory:catalog:53a34658b64443a3050ad78e8c31f01f9d06a408424e05b471c5a52a19ecf0bd"},"type":"Feature"},{"geometry":{"coordinates":[[[38.848920863309,1.079136690647],[39.064748201439,1.079136690647],[39.064748201439,1.294964028777],[38.848920863309,1.294964028777],[38.848920863309,1.079136690647]]],"type":"Polygon"},"id":511,"properties":{"parentKey":"KEN:1159308875","sourceCountryId":"KEN","syntheticOperational":true,"territoryId":"territory:catalog:0ae143a7ed0ece4fe5c126fb92ecbeb603c9d10e266584fd48d36ccfd2f72493"},"type":"Feature"},{"geometry":{"coordinates":[[[37.577892,-3.43581],[37.579442,-3.446352],[37.586230762861,-3.453237410072],[37.599039615846,-3.453237410072],[37.599039615846,-3.394404590894],[37.590294,-3.404081],[37.58523,-3.412969],[37.580476,-3.424131],[37.577892,-3.43581]]],"type":"Polygon"},"id":512,"properties":{"parentKey":"KEN:1159309927","sourceCountryId":"KEN","syntheticOperational":true,"territoryId":"territory:catalog:881d42ea483bf378c6a7f70b83bc6ec613e613faf9ff5049207ecfe330b8605f"},"type":"Feature"},{"geometry":{"coordinates":[[[36.906474820144,0.647482014388],[37.122302158273,0.647482014388],[37.122302158273,0.784777706099],[37.114458,0.789875],[37.109653,0.791735],[37.104537,0.792768],[37.09601,0.79313],[37.084641,0.792458],[37.07906,0.791115],[37.074099,0.788789],[37.064642,0.782898],[37.058286,0.779849],[37.035807,0.772925],[36.960979,0.757422],[36.954778,0.757215],[36.948732,0.75768],[36.937415,0.759592],[36.931679,0.759541],[36.926563,0.75675],[36.922636,0.751737],[36.918605,0.733444],[36.918191,0.718509],[36.920362,0.697167],[36.919845,0.689209],[36.918605,0.682904],[36.915659,0.67908],[36.908838,0.672156],[36.906474820144,0.668839847412],[36.906474820144,0.647482014388]]],"type":"Polygon"},"id":513,"properties":{"parentKey":"KEN:1159308875","sourceCountryId":"KEN","syntheticOperational":true,"territoryId":"territory:catalog:6c27eaa6b1459d4e43e69d861d6ee16c38480e5989cd15785230eff24193d856"},"type":"Feature"},{"geometry":{"coordinates":[[[34.748201438849,-0.959769442373],[34.964028776978,-0.898026925976],[34.964028776978,-0.863309352518],[34.748201438849,-0.863309352518],[34.748201438849,-0.959769442373]]],"type":"Polygon"},"id":514,"properties":{"parentKey":"KEN:1159310041","sourceCountryId":"KEN","syntheticOperational":true,"territoryId":"territory:catalog:b6a96afc00df978cff423d214d1d7f190b4bd3d8d468eb37da02456361a5db48"},"type":"Feature"},{"geometry":{"coordinates":[[[39.928057553957,1.726618705036],[40.143884892086,1.726618705036],[40.143884892086,1.942446043165],[40.0599880024,1.942446043165],[39.928057553957,1.942446043165],[39.928057553957,1.726618705036]]],"type":"Polygon"},"id":515,"properties":{"parentKey":"KEN:1159308881","sourceCountryId":"KEN","syntheticOperational":true,"territoryId":"territory:catalog:e756d827b30e826c1c2970d072024a3a566f72281c5420880b51f1d0ca9d13fe"},"type":"Feature"},{"geometry":{"coordinates":[[[38.810810810811,-3.669064748201],[39.027027027027,-3.669064748201],[39.027027027027,-3.453237410072],[38.895558223289,-3.453237410072],[38.810810810811,-3.453237410072],[38.810810810811,-3.669064748201]]],"type":"Polygon"},"id":516,"properties":{"parentKey":"KEN:1159309927","sourceCountryId":"KEN","syntheticOperational":true,"territoryId":"territory:catalog:4ef4ff4233dc678be76153f346a4a47e89ff90396360e05039cc908f99988482"},"type":"Feature"},{"geometry":{"coordinates":[[[40.143884892086,-1.942446043165],[40.275944811038,-1.942446043165],[40.359712230216,-1.942446043165],[40.359712230216,-1.726618705036],[40.143884892086,-1.726618705036],[40.143884892086,-1.942446043165]]],"type":"Polygon"},"id":517,"properties":{"parentKey":"KEN:1159308881","sourceCountryId":"KEN","syntheticOperational":true,"territoryId":"territory:catalog:c76487dd5aec4437220e60b8e725b9f89a253e4aa079f4998ba61afedab29c05"},"type":"Feature"},{"geometry":{"coordinates":[[[36.062201860675,3.237410071942],[36.064962,3.235074],[36.072455,3.230656],[36.08643457383,3.224818695078],[36.08643457383,3.237410071942],[36.062201860675,3.237410071942]]],"type":"Polygon"},"id":518,"properties":{"parentKey":"KEN:1159308875","sourceCountryId":"KEN","syntheticOperational":true,"territoryId":"territory:catalog:bc94de975d44bbfc8b8ea3d0c48a7dcc25bb88f7986307ff4343a037be82eee5"},"type":"Feature"},{"geometry":{"coordinates":[[[40.479314128724,-1.942446043165],[40.491901619676,-1.942446043165],[40.575539568345,-1.942446043165],[40.575539568345,-1.899408537836],[40.479314128724,-1.942446043165]]],"type":"Polygon"},"id":519,"properties":{"parentKey":"KEN:1159309927","sourceCountryId":"KEN","syntheticOperational":true,"territoryId":"territory:catalog:a0334ec91e08e0b72eb008bd0c971125057d6909b9c759c33e0101512840e6fb"},"type":"Feature"},{"geometry":{"coordinates":[[[36.778846153846,4.10071942446],[36.864864864865,4.10071942446],[36.995192307692,4.10071942446],[36.995192307692,4.31654676259],[36.778846153846,4.31654676259],[36.778846153846,4.10071942446]]],"type":"Polygon"},"id":520,"properties":{"parentKey":"KEN:1159308875","sourceCountryId":"KEN","syntheticOperational":true,"territoryId":"territory:catalog:e9c103faa72206e961d3d16bf3d1d26cd038441fb774efb9154697594fc5cb51"},"type":"Feature"},{"geometry":{"coordinates":[[[39.064748201439,-1.294964028777],[39.280575539568,-1.294964028777],[39.280575539568,-1.079136690647],[39.064748201439,-1.079136690647],[39.064748201439,-1.294964028777]]],"type":"Polygon"},"id":521,"properties":{"parentKey":"KEN:1159309927","sourceCountryId":"KEN","syntheticOperational":true,"territoryId":"territory:catalog:a2189a978185326038958b7dcb6ccc033739b03e4d1d61f9ae7d46de9da00bee"},"type":"Feature"},{"geometry":{"coordinates":[[[34.964028776978,0.863309352518],[35.103055560623,0.863309352518],[35.094737,0.866304],[35.08404,0.869043],[35.079079,0.870903],[35.069725,0.875606],[35.061509,0.880825],[35.056548,0.882582],[35.051122,0.883667],[34.993709,0.885579],[34.964028776978,0.8820040287],[34.964028776978,0.863309352518]]],"type":"Polygon"},"id":522,"properties":{"parentKey":"KEN:1159308879","sourceCountryId":"KEN","syntheticOperational":true,"territoryId":"territory:catalog:83b8ee0cb3e9bf3ab533dba0e98cb166d5789296fe24c074a846411d762b93c6"},"type":"Feature"},{"geometry":{"coordinates":[[[39.280575539568,1.294964028777],[39.334225551864,1.294964028777],[39.280575539568,1.438424532996],[39.280575539568,1.294964028777]]],"type":"Polygon"},"id":523,"properties":{"parentKey":"KEN:1159308875","sourceCountryId":"KEN","syntheticOperational":true,"territoryId":"territory:catalog:964b2e6aab860c6b3ea82b47cc0eeb8b0a86e9790d06a8d3731f7e13c7d091be"},"type":"Feature"},{"geometry":{"coordinates":[[[39.975990396158,3.237410071942],[40.192076830732,3.237410071942],[40.192076830732,3.453237410072],[40.108108108108,3.453237410072],[39.975990396158,3.453237410072],[39.975990396158,3.237410071942]]],"type":"Polygon"},"id":524,"properties":{"parentKey":"KEN:1159308881","sourceCountryId":"KEN","syntheticOperational":true,"territoryId":"territory:catalog:a81e068524a9fc19ff1c16db729c83bbaa8cc1237738c90b80b8821aa2e2bfa8"},"type":"Feature"},{"geometry":{"coordinates":[[[38.848920863309,0.594292841485],[38.989875434331,0.647482014388],[38.848920863309,0.647482014388],[38.848920863309,0.594292841485]]],"type":"Polygon"},"id":525,"properties":{"parentKey":"KEN:1159308875","sourceCountryId":"KEN","syntheticOperational":true,"territoryId":"territory:catalog:89a74fb1168dd978296c122e37146e109007abcc81b07fcff42ecd75e271d925"},"type":"Feature"},{"geometry":{"coordinates":[[[39.496402877698,-1.942446043165],[39.628074385123,-1.942446043165],[39.712230215827,-1.942446043165],[39.712230215827,-1.726618705036],[39.496402877698,-1.726618705036],[39.496402877698,-1.942446043165]]],"type":"Polygon"},"id":526,"properties":{"parentKey":"KEN:1159309927","sourceCountryId":"KEN","syntheticOperational":true,"territoryId":"territory:catalog:c904224b52f2763750085200551917176557ace318f5f6720b8a21675fd578d1"},"type":"Feature"},{"geometry":{"coordinates":[[[40.923815236953,2.374100719424],[40.968486,2.374100719424],[40.968486,2.49711],[40.967559315634,2.589928057554],[40.923815236953,2.589928057554],[40.923815236953,2.374100719424]]],"type":"Polygon"},"id":527,"properties":{"parentKey":"KEN:1159308881","sourceCountryId":"KEN","syntheticOperational":true,"territoryId":"territory:catalog:7915815e1c03c2146f452c37b59404559e95ede565346ad3a68833ad5e90a95b"},"type":"Feature"},{"geometry":{"coordinates":[[[38.810810810811,-4.10071942446],[38.942307692308,-4.10071942446],[39.027027027027,-4.10071942446],[39.027027027027,-3.884892086331],[38.810810810811,-3.884892086331],[38.810810810811,-4.10071942446]]],"type":"Polygon"},"id":528,"properties":{"parentKey":"KEN:1159309927","sourceCountryId":"KEN","syntheticOperational":true,"territoryId":"territory:catalog:ab511d190e72f3a92e581a3636ee89bebfd323979a741b136f6fae2374328098"},"type":"Feature"},{"geometry":{"coordinates":[[[36.258992805755,1.294964028777],[36.474820143885,1.294964028777],[36.474820143885,1.510791366906],[36.258992805755,1.510791366906],[36.258992805755,1.294964028777]]],"type":"Polygon"},"id":529,"properties":{"parentKey":"KEN:1159308877","sourceCountryId":"KEN","syntheticOperational":true,"territoryId":"territory:catalog:13ec4c9c611fd3eb3f0d0ffc193008c37d4dd4139464a112240e9a6642731345"},"type":"Feature"},{"geometry":{"coordinates":[[[36.381273,-0.469118],[36.389025,-0.517384],[36.3898,-0.543429],[36.392435,-0.554591],[36.396466,-0.564616],[36.400032,-0.580894],[36.401582,-0.585029],[36.403752,-0.58632],[36.406388,-0.586424],[36.427059,-0.582445],[36.439616,-0.581153],[36.451863,-0.581049],[36.456669,-0.582445],[36.460545,-0.585235],[36.463335,-0.589628],[36.467831,-0.599085],[36.471397,-0.60234],[36.474820143885,-0.604344441817],[36.474820143885,-0.431654676259],[36.386970644358,-0.431654676259],[36.384994,-0.445037],[36.382668,-0.454391],[36.381273,-0.469118]]],"type":"Polygon"},"id":530,"properties":{"parentKey":"KEN:1159310037","sourceCountryId":"KEN","syntheticOperational":true,"territoryId":"territory:catalog:62cab646aa2341a094c41313ea5e1364794a95cc40fb115ffc62f0bd37ed36ae"},"type":"Feature"},{"geometry":{"coordinates":[[[37.684463107379,-2.158273381295],[37.900419916017,-2.158273381295],[37.900419916017,-1.942446043165],[37.769784172662,-1.942446043165],[37.684463107379,-1.942446043165],[37.684463107379,-2.158273381295]]],"type":"Polygon"},"id":531,"properties":{"parentKey":"KEN:1159308875","sourceCountryId":"KEN","syntheticOperational":true,"territoryId":"territory:catalog:9dd1eff7638b478217a7f3f774f3509c7538bfd8cc6987ae2bc87355e20ff608"},"type":"Feature"},{"geometry":{"coordinates":[[[39.280575539568,1.726618705036],[39.496402877698,1.726618705036],[39.496402877698,1.942446043165],[39.412117576485,1.942446043165],[39.280575539568,1.942446043165],[39.280575539568,1.726618705036]]],"type":"Polygon"},"id":532,"properties":{"parentKey":"KEN:1159308881","sourceCountryId":"KEN","syntheticOperational":true,"territoryId":"territory:catalog:ba880fd427bb67ece3ee12d33887b30b1c15c3e940b625f0f31b733c56a3ad33"},"type":"Feature"},{"geometry":{"coordinates":[[[37.297297297297,3.884892086331],[37.513513513514,3.884892086331],[37.513513513514,4.02425604153],[37.475056,4.048979],[37.394432088607,4.10071942446],[37.297297297297,4.10071942446],[37.297297297297,3.884892086331]]],"type":"Polygon"},"id":533,"properties":{"parentKey":"KEN:1159308875","sourceCountryId":"KEN","syntheticOperational":true,"territoryId":"territory:catalog:c75dfd2f07dd9e858f2ec1ef0e320dc73b702ac9a58487d6008e1e5dc7663b1e"},"type":"Feature"},{"geometry":{"coordinates":[[[35.393866506314,4.748201438849],[35.539966226592,4.748201438849],[35.52218,4.780461],[35.570836,4.904313],[35.49564,4.926429],[35.396117,4.926429],[35.414379901479,4.964028776978],[35.393866506314,4.964028776978],[35.393866506314,4.748201438849]]],"type":"Polygon"},"id":534,"properties":{"parentKey":"KEN:1159308877","sourceCountryId":"KEN","syntheticOperational":true,"territoryId":"territory:catalog:62076060fc549b0898e6a26453fd5c4ec183fcafd16e19d3f96bf47f0a113a21"},"type":"Feature"},{"geometry":{"coordinates":[[[36.043165467626,-1.510791366906],[36.258992805755,-1.510791366906],[36.258992805755,-1.294964028777],[36.043165467626,-1.294964028777],[36.043165467626,-1.510791366906]]],"type":"Polygon"},"id":535,"properties":{"parentKey":"KEN:1159308877","sourceCountryId":"KEN","syntheticOperational":true,"territoryId":"territory:catalog:a842b5f9924e24cd12683551de5bdfc3e850fe65c6469ab83c0b5963aa29a169"},"type":"Feature"},{"geometry":{"coordinates":[[[35.395683453237,0.863309352518],[35.611510791367,0.863309352518],[35.611510791367,1.079136690647],[35.395683453237,1.079136690647],[35.395683453237,0.863309352518]]],"type":"Polygon"},"id":536,"properties":{"parentKey":"KEN:1159308877","sourceCountryId":"KEN","syntheticOperational":true,"territoryId":"territory:catalog:7deacab95fc6e40a224bf7f2cb0dbf7a322fe88332f7e41eda697a38ba5cf467"},"type":"Feature"},{"geometry":{"coordinates":[[[34.27027027027,3.884892086331],[34.486486486487,3.884892086331],[34.486486486487,4.10071942446],[34.399038461538,4.10071942446],[34.27027027027,4.10071942446],[34.27027027027,3.884892086331]]],"type":"Polygon"},"id":537,"properties":{"parentKey":"KEN:1159308877","sourceCountryId":"KEN","syntheticOperational":true,"territoryId":"territory:catalog:219536484e3c9f0b9b7c97d7dacda5a850f492c1cdd30db7d3ee30b39ae90622"},"type":"Feature"},{"geometry":{"coordinates":[[[39.064748201439,0.675735234746],[39.15852,0.71112],[39.162706,0.715305],[39.164876,0.719801],[39.167977,0.734632],[39.170664,0.743004],[39.182136,0.764656],[39.209886,0.805274],[39.223064,0.820157],[39.24575,0.837675],[39.256912,0.848269],[39.269159,0.863152],[39.269250076375,0.863309352518],[39.064748201439,0.863309352518],[39.064748201439,0.675735234746]]],"type":"Polygon"},"id":538,"properties":{"parentKey":"KEN:1159308875","sourceCountryId":"KEN","syntheticOperational":true,"territoryId":"territory:catalog:9bf29ec8eb089abcbf1eea295f7f76b36866346d1e40a3432c26f04fff6b1609"},"type":"Feature"},{"geometry":{"coordinates":[[[40.359712230216,0.431654676259],[40.575539568345,0.431654676259],[40.575539568345,0.647482014388],[40.359712230216,0.647482014388],[40.359712230216,0.431654676259]]],"type":"Polygon"},"id":539,"properties":{"parentKey":"KEN:1159308881","sourceCountryId":"KEN","syntheticOperational":true,"territoryId":"territory:catalog:1ed197833af52049b1102e2841614a6f32f0e76ce71242918ad073efff030760"},"type":"Feature"},{"geometry":{"coordinates":[[[33.946390294755,-0.21582733813],[34.10071942446,-0.21582733813],[34.10071942446,0],[33.998730173346,0],[33.95248,-0.115702],[33.953514,-0.154356],[33.946390294755,-0.21582733813]]],"type":"Polygon"},"id":540,"properties":{"parentKey":"KEN:1159310041","sourceCountryId":"KEN","syntheticOperational":true,"territoryId":"territory:catalog:8313b1676fab83860e53d3585453b06180bd0c9b0d0eb259b88e3180f4ef70d9"},"type":"Feature"},{"geometry":{"coordinates":[[[34.31654676259,-1.187865261787],[34.34212,-1.202148],[34.508532709902,-1.294964028777],[34.532374100719,-1.294964028777],[34.532374100719,-1.079136690647],[34.31654676259,-1.079136690647],[34.31654676259,-1.187865261787]]],"type":"Polygon"},"id":541,"properties":{"parentKey":"KEN:1159310041","sourceCountryId":"KEN","syntheticOperational":true,"territoryId":"territory:catalog:f42218e4f71e5e5acc28624fd7234016e4714df32825ef1afe883d543d845612"},"type":"Feature"},{"geometry":{"coordinates":[[[38.247298919568,-3.237410071942],[38.463385354142,-3.237410071942],[38.463385354142,-3.021582733813],[38.247298919568,-3.021582733813],[38.247298919568,-3.237410071942]]],"type":"Polygon"},"id":542,"properties":{"parentKey":"KEN:1159309927","sourceCountryId":"KEN","syntheticOperational":true,"territoryId":"territory:catalog:c6649dcf3c53c1d34ea6f7d63806de1dfb8527ae99242d351e408296bc64f57b"},"type":"Feature"},{"geometry":{"coordinates":[[[39.917026,-1.134659],[39.928057553957,-1.135827300984],[39.928057553957,-1.111248150402],[39.924519,-1.116572],[39.917026,-1.134659]]],"type":"Polygon"},"id":543,"properties":{"parentKey":"KEN:1159308881","sourceCountryId":"KEN","syntheticOperational":true,"territoryId":"territory:catalog:8b8dce9961fab039996a80e99877b08b4326b87213a6c08f8d2f0ea265b0c3f2"},"type":"Feature"},{"geometry":{"coordinates":[[[36.258992805755,1.510791366906],[36.474820143885,1.510791366906],[36.474820143885,1.726618705036],[36.258992805755,1.726618705036],[36.258992805755,1.510791366906]]],"type":"Polygon"},"id":544,"properties":{"parentKey":"KEN:1159308877","sourceCountryId":"KEN","syntheticOperational":true,"territoryId":"territory:catalog:c0c743cb2979bae61501fe4d4eaab5753e073141225438b26c06f7814ae22d23"},"type":"Feature"},{"geometry":{"coordinates":[[[38.287924760419,-2.805755395683],[38.321517,-2.856983],[38.341877,-2.898169],[38.346838,-2.913775],[38.349008,-2.918116],[38.351954,-2.921837],[38.359395,-2.928451],[38.363736,-2.931087],[38.407041,-2.948244],[38.411227,-2.950879],[38.42549,-2.963333],[38.437789,-2.978474],[38.444145,-2.984934],[38.44709,-2.986639],[38.448951,-2.985864],[38.454687,-2.978319],[38.457477,-2.976252],[38.463213,-2.973462],[38.463385354142,-2.973423121405],[38.463385354142,-2.805755395683],[38.332333533293,-2.805755395683],[38.287924760419,-2.805755395683]]],"type":"Polygon"},"id":545,"properties":{"parentKey":"KEN:1159308875","sourceCountryId":"KEN","syntheticOperational":true,"territoryId":"territory:catalog:0d85fe10515d4e03d54d3b7138a3d8d35863941ad14ace83f728a2b3b11762b6"},"type":"Feature"},{"geometry":{"coordinates":[[[41.007194244604,-1.510791366906],[41.223021582734,-1.510791366906],[41.223021582734,-1.294964028777],[41.007194244604,-1.294964028777],[41.007194244604,-1.510791366906]]],"type":"Polygon"},"id":546,"properties":{"parentKey":"KEN:1159308881","sourceCountryId":"KEN","syntheticOperational":true,"territoryId":"territory:catalog:6be32737856fc2da7c616c5da722849b192e5e6dcb5c399a1ee6416a14279554"},"type":"Feature"},{"geometry":{"coordinates":[[[36.258992805755,-1.510791366906],[36.474820143885,-1.510791366906],[36.474820143885,-1.294964028777],[36.258992805755,-1.294964028777],[36.258992805755,-1.510791366906]]],"type":"Polygon"},"id":547,"properties":{"parentKey":"KEN:1159308877","sourceCountryId":"KEN","syntheticOperational":true,"territoryId":"territory:catalog:e9e057362a380d4bfd5ce1a88c2f0b335daf48105ec5ea3417ef8fe34fb54426"},"type":"Feature"},{"geometry":{"coordinates":[[[41.438848920863,-1.510791366906],[41.474964376937,-1.510791366906],[41.438848920863,-1.464070811975],[41.438848920863,-1.510791366906]]],"type":"Polygon"},"id":548,"properties":{"parentKey":"KEN:1159308881","sourceCountryId":"KEN","syntheticOperational":true,"territoryId":"territory:catalog:c6340565946f4aba4b23d844dcfa9fd0794a59c392cf85c24042af499ff893b3"},"type":"Feature"},{"geometry":{"coordinates":[[[38.980203959208,-2.158273381295],[39.196160767846,-2.158273381295],[39.196160767846,-1.942446043165],[39.064748201439,-1.942446043165],[38.984260349209,-1.942446043165],[38.983957,-1.947374],[38.980203959208,-1.965319478413],[38.980203959208,-2.158273381295]]],"type":"Polygon"},"id":549,"properties":{"parentKey":"KEN:1159309927","sourceCountryId":"KEN","syntheticOperational":true,"territoryId":"territory:catalog:641615dd1e247b45527154fc8c9ad41bbbcd9e7c10f8032b372067416b40f7d7"},"type":"Feature"},{"geometry":{"coordinates":[[[39.751545091536,3.669064748201],[39.891891891892,3.669064748201],[39.891891891892,3.884892086331],[39.884874941398,3.884892086331],[39.848451,3.867284],[39.828297,3.842583],[39.80866,3.790287],[39.780755,3.71657],[39.764218,3.685745],[39.751545091536,3.669064748201]]],"type":"Polygon"},"id":550,"properties":{"parentKey":"KEN:1159308881","sourceCountryId":"KEN","syntheticOperational":true,"territoryId":"territory:catalog:1c9b96b1f6a8463a9fcaa34bb5cd8b56217beb7418dba152c947b1c421a100dd"},"type":"Feature"},{"geometry":{"coordinates":[[[36.043165467626,0.215827338129],[36.258992805755,0.215827338129],[36.258992805755,0.431654676259],[36.043165467626,0.431654676259],[36.043165467626,0.215827338129]]],"type":"Polygon"},"id":551,"properties":{"parentKey":"KEN:1159308877","sourceCountryId":"KEN","syntheticOperational":true,"territoryId":"territory:catalog:427eb6ab6b9c883d07a35980c85c8562ea09e2a3a2412ab3785ae7745ff22817"},"type":"Feature"},{"geometry":{"coordinates":[[[37.214660341433,-2.805755395683],[37.347622,-2.879978],[37.382953181273,-2.899710688473],[37.382953181273,-2.805755395683],[37.252549490102,-2.805755395683],[37.214660341433,-2.805755395683]]],"type":"Polygon"},"id":552,"properties":{"parentKey":"KEN:1159308877","sourceCountryId":"KEN","syntheticOperational":true,"territoryId":"territory:catalog:053987b30f90de21300d8c0a1832f9b5adf07df78ea714991ba699e9087a44ec"},"type":"Feature"},{"geometry":{"coordinates":[[[40.143884892086,0.215827338129],[40.359712230216,0.215827338129],[40.359712230216,0.431654676259],[40.143884892086,0.431654676259],[40.143884892086,0.215827338129]]],"type":"Polygon"},"id":553,"properties":{"parentKey":"KEN:1159308881","sourceCountryId":"KEN","syntheticOperational":true,"territoryId":"territory:catalog:f6554d6640c908561d00727c7bab623e69529fbc5730edab0767d6ad85c4c187"},"type":"Feature"},{"geometry":{"coordinates":[[[38.548290341932,2.158273381295],[38.76424715057,2.158273381295],[38.76424715057,2.374100719424],[38.548290341932,2.374100719424],[38.548290341932,2.158273381295]]],"type":"Polygon"},"id":554,"properties":{"parentKey":"KEN:1159308875","sourceCountryId":"KEN","syntheticOperational":true,"territoryId":"territory:catalog:c18aa395a1f3d59678f6a70baa58a24f7c0cc2a8024405b0dd7299ceae92cd1f"},"type":"Feature"},{"geometry":{"coordinates":[[[36.441301645021,-2.374100719424],[36.488863,-2.400628],[36.604679064187,-2.465255245671],[36.604679064187,-2.374100719424],[36.441301645021,-2.374100719424]]],"type":"Polygon"},"id":555,"properties":{"parentKey":"KEN:1159308877","sourceCountryId":"KEN","syntheticOperational":true,"territoryId":"territory:catalog:bb1371b78da4f8cf08f051e296391ce174e79330b36763899e425a392f33249f"},"type":"Feature"},{"geometry":{"coordinates":[[[36.995192307692,4.31654676259],[37.084799504934,4.31654676259],[37.082522,4.322166],[37.075907,4.33108],[37.068466,4.333458],[37.048415,4.331959],[37.041077,4.336817],[37.025367,4.363275],[37.015652,4.370587],[36.995192307692,4.375274426567],[36.995192307692,4.31654676259]]],"type":"Polygon"},"id":556,"properties":{"parentKey":"KEN:1159308875","sourceCountryId":"KEN","syntheticOperational":true,"territoryId":"territory:catalog:c7f8be7b775c1c9db31fb7b5b3bad25470878edabc93ddef180200aa99176019"},"type":"Feature"},{"geometry":{"coordinates":[[[34.381291,3.476869],[34.382118,3.466043],[34.389470752125,3.453237410072],[34.486486486487,3.453237410072],[34.486486486487,3.669064748201],[34.437623819885,3.669064748201],[34.439686,3.667736],[34.446403,3.646704],[34.443923,3.566295],[34.434518,3.52622],[34.415501,3.497023],[34.406199,3.492294],[34.395967,3.489607],[34.386872,3.485628],[34.381291,3.476869]]],"type":"Polygon"},"id":557,"properties":{"parentKey":"KEN:1159308877","sourceCountryId":"KEN","syntheticOperational":true,"territoryId":"territory:catalog:3c2efd9be0bcd65fcd35ad10e1ae41c984b6996a6c52bd46e72d2a0a72c55664"},"type":"Feature"},{"geometry":{"coordinates":[[[35.179856115108,0],[35.395683453237,0],[35.395683453237,0.215827338129],[35.179856115108,0.215827338129],[35.179856115108,0]]],"type":"Polygon"},"id":558,"properties":{"parentKey":"KEN:1159308877","sourceCountryId":"KEN","syntheticOperational":true,"territoryId":"territory:catalog:73becb601ecb372b4c1e86b089b70113f0e91a5b21f91e744648a45ea2d81f44"},"type":"Feature"},{"geometry":{"coordinates":[[[38.736943,0.142421],[38.743004445881,0],[38.848920863309,0],[38.848920863309,0.215827338129],[38.747059712883,0.215827338129],[38.747175,0.215336],[38.749966,0.17725],[38.748571,0.170171],[38.745935,0.163453],[38.738494,0.148983],[38.736943,0.142421]]],"type":"Polygon"},"id":559,"properties":{"parentKey":"KEN:1159308881","sourceCountryId":"KEN","syntheticOperational":true,"territoryId":"territory:catalog:d80192889b6a8f588e4ab93376267bf607d411ea805bdc16c30b4cd2997315a0"},"type":"Feature"},{"geometry":{"coordinates":[[[38.743004445881,0],[38.74578,-0.065215],[38.848920863309,-0.080520682669],[38.848920863309,0],[38.743004445881,0]]],"type":"Polygon"},"id":560,"properties":{"parentKey":"KEN:1159308881","sourceCountryId":"KEN","syntheticOperational":true,"territoryId":"territory:catalog:efe11baf736bcd37e0d72ff6d705243939e19165832d5b61a68cb1e87f0fb9d9"},"type":"Feature"},{"geometry":{"coordinates":[[[40.007836090716,-1.294964028777],[40.010457,-1.342088],[40.016969,-1.380691],[40.02689,-1.415831],[40.033453,-1.480426],[40.036812,-1.490916],[40.042548,-1.499598],[40.047871605321,-1.510791366906],[40.143884892086,-1.510791366906],[40.143884892086,-1.294964028777],[40.007836090716,-1.294964028777]]],"type":"Polygon"},"id":561,"properties":{"parentKey":"KEN:1159308881","sourceCountryId":"KEN","syntheticOperational":true,"territoryId":"territory:catalog:3dd5b98f551932745ad8cd9b6d1e84aa7552beb7d51deefc77806f7599e69056"},"type":"Feature"},{"geometry":{"coordinates":[[[34.532374100719,-0.863309352518],[34.748201438849,-0.863309352518],[34.748201438849,-0.647482014388],[34.532374100719,-0.647482014388],[34.532374100719,-0.863309352518]]],"type":"Polygon"},"id":562,"properties":{"parentKey":"KEN:1159310041","sourceCountryId":"KEN","syntheticOperational":true,"territoryId":"territory:catalog:9682c940fe98f812f2e4c85ce3dbaf76b19df7a2c09d7c555e2561cc15a11279"},"type":"Feature"},{"geometry":{"coordinates":[[[39.459459459459,-4.10071942446],[39.591346153846,-4.10071942446],[39.667666024387,-4.10071942446],[39.669688,-4.087986],[39.650076,-4.069594],[39.615082,-4.05934],[39.581879,-4.061619],[39.567393,-4.08115],[39.563243,-4.070896],[39.56129,-4.060968],[39.560557,-4.039809],[39.56422,-4.032892],[39.573253,-4.031834],[39.584483,-4.032892],[39.594737,-4.032647],[39.62615,-4.025486],[39.63559,-4.017022],[39.643077,-3.9992],[39.616466,-3.992852],[39.604666,-3.988214],[39.594737,-3.978692],[39.605724,-3.969659],[39.617361,-3.971449],[39.643077,-3.985528],[39.660492,-3.970798],[39.661957,-3.984633],[39.659841,-4.007582],[39.666677,-4.019708],[39.67449,-4.024998],[39.675675675676,-4.029075636908],[39.675675675676,-3.884892086331],[39.459459459459,-3.884892086331],[39.459459459459,-4.10071942446]]],"type":"Polygon"},"id":563,"properties":{"parentKey":"KEN:1159309927","sourceCountryId":"KEN","syntheticOperational":true,"territoryId":"territory:catalog:33b3c6c31792ef5b672c388736d0aa18c03fd19ec85c4fd53ffc30136e693444"},"type":"Feature"},{"geometry":{"coordinates":[[[41.189189189189,3.453237410072],[41.272509003601,3.453237410072],[41.405405405405,3.453237410072],[41.405405405405,3.669064748201],[41.189189189189,3.669064748201],[41.189189189189,3.453237410072]]],"type":"Polygon"},"id":564,"properties":{"parentKey":"KEN:1159308881","sourceCountryId":"KEN","syntheticOperational":true,"territoryId":"territory:catalog:a2454441236185241a6eeafd565125a06ff438a8e24b4c997b5b471d937672c0"},"type":"Feature"},{"geometry":{"coordinates":[[[35.395683453237,-0.431654676259],[35.611510791367,-0.431654676259],[35.611510791367,-0.21582733813],[35.395683453237,-0.21582733813],[35.395683453237,-0.431654676259]]],"type":"Polygon"},"id":565,"properties":{"parentKey":"KEN:1159308877","sourceCountryId":"KEN","syntheticOperational":true,"territoryId":"territory:catalog:c478537dfc00dbc121b6343c041be799979b725c25ce99ccefda4d39f426e7ba"},"type":"Feature"},{"geometry":{"coordinates":[[[40.0599880024,2.374100719424],[40.275944811038,2.374100719424],[40.275944811038,2.589928057554],[40.0599880024,2.589928057554],[40.0599880024,2.374100719424]]],"type":"Polygon"},"id":566,"properties":{"parentKey":"KEN:1159308881","sourceCountryId":"KEN","syntheticOperational":true,"territoryId":"territory:catalog:e13ea6c7b3aa02d754e4dfbe801057879222bb7b585165494eff392ec48dc767"},"type":"Feature"},{"geometry":{"coordinates":[[[34.383978,3.388347],[34.386562,3.376384],[34.394417,3.365661],[34.403822,3.355404],[34.41116,3.344707],[34.424079,3.304812],[34.429525698079,3.237410071942],[34.573829531813,3.237410071942],[34.573829531813,3.453237410072],[34.486486486487,3.453237410072],[34.389470752125,3.453237410072],[34.394417,3.444623],[34.398551,3.433642],[34.397001,3.424159],[34.386976,3.399664],[34.383978,3.388347]]],"type":"Polygon"},"id":567,"properties":{"parentKey":"KEN:1159308877","sourceCountryId":"KEN","syntheticOperational":true,"territoryId":"territory:catalog:9a75f34fb166e0493fe8a58c68e1adf0dd45225d555515318875273ac378f587"},"type":"Feature"},{"geometry":{"coordinates":[[[37.81512605042,3.021582733813],[38.031212484994,3.021582733813],[38.031212484994,3.237410071942],[37.81512605042,3.237410071942],[37.81512605042,3.021582733813]]],"type":"Polygon"},"id":568,"properties":{"parentKey":"KEN:1159308875","sourceCountryId":"KEN","syntheticOperational":true,"territoryId":"territory:catalog:d2e882dafa51418614dbda7bd497dd69b1cae8457ef1018d183d7d3acdf40305"},"type":"Feature"},{"geometry":{"coordinates":[[[36.950780312125,3.021582733813],[37.166866746699,3.021582733813],[37.166866746699,3.237410071942],[36.950780312125,3.237410071942],[36.950780312125,3.021582733813]]],"type":"Polygon"},"id":569,"properties":{"parentKey":"KEN:1159308875","sourceCountryId":"KEN","syntheticOperational":true,"territoryId":"territory:catalog:5874cdd5824252afd7543504748b2f2f9ab0c8501e46d4f76370aaa8ece609f2"},"type":"Feature"},{"geometry":{"coordinates":[[[36.518607442977,3.237410071942],[36.734693877551,3.237410071942],[36.734693877551,3.453237410072],[36.648648648649,3.453237410072],[36.518607442977,3.453237410072],[36.518607442977,3.237410071942]]],"type":"Polygon"},"id":570,"properties":{"parentKey":"KEN:1159308875","sourceCountryId":"KEN","syntheticOperational":true,"territoryId":"territory:catalog:4e78b86344aeacd27b167b8db2b4454bc00ecb89e632868d8ce37ecdfca6b329"},"type":"Feature"},{"geometry":{"coordinates":[[[39.412117576485,-2.158273381295],[39.628074385123,-2.158273381295],[39.628074385123,-1.942446043165],[39.496402877698,-1.942446043165],[39.412117576485,-1.942446043165],[39.412117576485,-2.158273381295]]],"type":"Polygon"},"id":571,"properties":{"parentKey":"KEN:1159309927","sourceCountryId":"KEN","syntheticOperational":true,"territoryId":"territory:catalog:6454066d9b6d0f4c5af0b9daa8f79ebc5b9f39a3692ff8dfa07861edd4123a2b"},"type":"Feature"},{"geometry":{"coordinates":[[[36.388722255549,1.942446043165],[36.474820143885,1.942446043165],[36.604679064187,1.942446043165],[36.604679064187,2.158273381295],[36.388722255549,2.158273381295],[36.388722255549,1.942446043165]]],"type":"Polygon"},"id":572,"properties":{"parentKey":"KEN:1159308877","sourceCountryId":"KEN","syntheticOperational":true,"territoryId":"territory:catalog:78cfd151861fb9c372062ec679c71ee7a0bcc1c23a1fb7eb7418f4d44b9c64e2"},"type":"Feature"},{"geometry":{"coordinates":[[[39.759903961585,-3.237410071942],[39.975990396158,-3.237410071942],[39.975990396158,-3.021582733813],[39.759903961585,-3.021582733813],[39.759903961585,-3.237410071942]]],"type":"Polygon"},"id":573,"properties":{"parentKey":"KEN:1159309927","sourceCountryId":"KEN","syntheticOperational":true,"territoryId":"territory:catalog:466be2cabefc8d2ecf3e959179e71fe95086c2286dc380fcb100a8def3d74b06"},"type":"Feature"},{"geometry":{"coordinates":[[[39.280575539568,-0.863309352518],[39.496402877698,-0.863309352518],[39.496402877698,-0.647482014388],[39.280575539568,-0.647482014388],[39.280575539568,-0.863309352518]]],"type":"Polygon"},"id":574,"properties":{"parentKey":"KEN:1159309927","sourceCountryId":"KEN","syntheticOperational":true,"territoryId":"territory:catalog:737baf5829213fef7cd2dd875f4b9e8e5dfd096558b710d4dac89338912b8030"},"type":"Feature"},{"geometry":{"coordinates":[[[39.280575539568,0.863309352518],[39.496402877698,0.863309352518],[39.496402877698,1.079136690647],[39.414938633194,1.079136690647],[39.444962,0.998854],[39.446512,0.992239],[39.446409,0.983868],[39.437521,0.97746],[39.426049,0.971827],[39.307503,0.926042],[39.304557,0.922993],[39.301612,0.919221],[39.280575539568,0.882876338491],[39.280575539568,0.863309352518]]],"type":"Polygon"},"id":575,"properties":{"parentKey":"KEN:1159308881","sourceCountryId":"KEN","syntheticOperational":true,"territoryId":"territory:catalog:7d79b706dfce6250424920775773e89f1373e9f551f551badd5bdb1d4df4e163"},"type":"Feature"},{"geometry":{"coordinates":[[[36.966116324848,-1.294964028777],[37.010819215104,-1.294964028777],[37.002424,-1.293409],[36.989867,-1.293151],[36.979583,-1.290464],[36.974312,-1.289637],[36.969351,-1.2916],[36.966116324848,-1.294964028777]]],"type":"Polygon"},"id":576,"properties":{"parentKey":"KEN:1159308875","sourceCountryId":"KEN","syntheticOperational":true,"territoryId":"territory:catalog:16f9ec3b1e2652c84eedf7e5372f2b722321b2fb8042cc926f99cb5c71555eae"},"type":"Feature"},{"geometry":{"coordinates":[[[35.956808638272,2.158273381295],[36.172765446911,2.158273381295],[36.172765446911,2.374100719424],[35.956808638272,2.374100719424],[35.956808638272,2.158273381295]]],"type":"Polygon"},"id":577,"properties":{"parentKey":"KEN:1159308877","sourceCountryId":"KEN","syntheticOperational":true,"territoryId":"territory:catalog:9f4aefbf90f1e92c2771f857adc2d65d80d11006ee7414cf9629e790598ae26c"},"type":"Feature"},{"geometry":{"coordinates":[[[40.324324324324,3.884892086331],[40.540540540541,3.884892086331],[40.540540540541,4.10071942446],[40.456730769231,4.10071942446],[40.371393293635,4.10071942446],[40.371106,4.099932],[40.365732,4.094867],[40.324324324324,4.080472138084],[40.324324324324,3.884892086331]]],"type":"Polygon"},"id":578,"properties":{"parentKey":"KEN:1159308881","sourceCountryId":"KEN","syntheticOperational":true,"territoryId":"territory:catalog:013b32f4c07f71ade54affe555d429d8d4d48a774792716dbe18baff72a2783d"},"type":"Feature"},{"geometry":{"coordinates":[[[38.548290341932,2.589928057554],[38.76424715057,2.589928057554],[38.76424715057,2.805755395683],[38.679471788715,2.805755395683],[38.548290341932,2.805755395683],[38.548290341932,2.589928057554]]],"type":"Polygon"},"id":579,"properties":{"parentKey":"KEN:1159308875","sourceCountryId":"KEN","syntheticOperational":true,"territoryId":"territory:catalog:0f212389dd9706123b8b2995c24dcb15cb6e72acc9c0e7e3190f1f9fbe9a6be6"},"type":"Feature"},{"geometry":{"coordinates":[[[35.611510791367,-1.294964028777],[35.827338129496,-1.294964028777],[35.827338129496,-1.079136690647],[35.611510791367,-1.079136690647],[35.611510791367,-1.294964028777]]],"type":"Polygon"},"id":580,"properties":{"parentKey":"KEN:1159308877","sourceCountryId":"KEN","syntheticOperational":true,"territoryId":"territory:catalog:d6194a5e90ab918c62fdd38d2e4e339753089be32603c1bc7ac8c6f1853eabb9"},"type":"Feature"},{"geometry":{"coordinates":[[[37.985611510791,1.510791366906],[38.201438848921,1.510791366906],[38.201438848921,1.726618705036],[37.985611510791,1.726618705036],[37.985611510791,1.510791366906]]],"type":"Polygon"},"id":581,"properties":{"parentKey":"KEN:1159308875","sourceCountryId":"KEN","syntheticOperational":true,"territoryId":"territory:catalog:e021be302a95fb5beaae43af2028968c053bfd3a16d8b3023a6e3b1c714b46d4"},"type":"Feature"},{"geometry":{"coordinates":[[[35.395683453237,1.726618705036],[35.611510791367,1.726618705036],[35.611510791367,1.942446043165],[35.524895020996,1.942446043165],[35.395683453237,1.942446043165],[35.395683453237,1.726618705036]]],"type":"Polygon"},"id":582,"properties":{"parentKey":"KEN:1159308877","sourceCountryId":"KEN","syntheticOperational":true,"territoryId":"territory:catalog:71c70439e9cf7ed036b21c9207546655e36f15d70cde4ce07350f1467b4e02fd"},"type":"Feature"},{"geometry":{"coordinates":[[[40.143884892086,-1.079136690647],[40.359712230216,-1.079136690647],[40.359712230216,-0.863309352518],[40.143884892086,-0.863309352518],[40.143884892086,-1.079136690647]]],"type":"Polygon"},"id":583,"properties":{"parentKey":"KEN:1159308881","sourceCountryId":"KEN","syntheticOperational":true,"territoryId":"territory:catalog:d3b14c9a5357ccdde76608041a9b125b652633fa884652a93b6c6a765590b998"},"type":"Feature"},{"geometry":{"coordinates":[[[37.122302158273,-0.647482014388],[37.338129496403,-0.647482014388],[37.338129496403,-0.431654676259],[37.122302158273,-0.431654676259],[37.122302158273,-0.647482014388]]],"type":"Polygon"},"id":584,"properties":{"parentKey":"KEN:1159310037","sourceCountryId":"KEN","syntheticOperational":true,"territoryId":"territory:catalog:0ed216651948038bb4bc59eae428581212b0f5637c69925a5bac3fdae3394844"},"type":"Feature"},{"geometry":{"coordinates":[[[36.043165467626,-0.21582733813],[36.208100914431,-0.21582733813],[36.212756,-0.20314],[36.214617,-0.191823],[36.212601,-0.141076],[36.215547,-0.116943],[36.218958,-0.104593],[36.221903,-0.097616],[36.226399,-0.078289],[36.240972,-0.054312],[36.243297,-0.049609],[36.256526,-0.009043],[36.258992805755,-0.004289389232],[36.258992805755,0],[36.043165467626,0],[36.043165467626,-0.21582733813]]],"type":"Polygon"},"id":585,"properties":{"parentKey":"KEN:1159308877","sourceCountryId":"KEN","syntheticOperational":true,"territoryId":"territory:catalog:962601e5a1f87d9387f718577c881bfb201e1a225004854aee092c0cf30a5a04"},"type":"Feature"},{"geometry":{"coordinates":[[[40.192076830732,2.805755395683],[40.275944811038,2.805755395683],[40.408163265306,2.805755395683],[40.408163265306,3.021582733813],[40.192076830732,3.021582733813],[40.192076830732,2.805755395683]]],"type":"Polygon"},"id":586,"properties":{"parentKey":"KEN:1159308881","sourceCountryId":"KEN","syntheticOperational":true,"territoryId":"territory:catalog:fb16526fe59b5e6869bae416937e948db1671a82509fb3dcc39c1b01b631801e"},"type":"Feature"},{"geometry":{"coordinates":[[[37.338129496403,0.215827338129],[37.361666777274,0.215827338129],[37.361782,0.21637],[37.365348,0.259984],[37.366588,0.26541],[37.36943,0.27187],[37.373771,0.278795],[37.387413,0.296055],[37.390824,0.302101],[37.393925,0.313004],[37.39594,0.337499],[37.395475,0.3437],[37.394235,0.349281],[37.382142,0.379047],[37.379662,0.383594],[37.36819,0.399459],[37.364882,0.403128],[37.359766,0.411655],[37.352323439699,0.431654676259],[37.338129496403,0.431654676259],[37.338129496403,0.215827338129]]],"type":"Polygon"},"id":587,"properties":{"parentKey":"KEN:1159308877","sourceCountryId":"KEN","syntheticOperational":true,"territoryId":"territory:catalog:11250d83e4a125b25f9d3d6d56d32bbe46e6ee08de2d877fdc1d404bf6b017e3"},"type":"Feature"},{"geometry":{"coordinates":[[[37.553956834532,1.294964028777],[37.769784172662,1.294964028777],[37.769784172662,1.475983],[37.767132,1.475983],[37.761344,1.475285],[37.756228,1.473967],[37.751732,1.472003],[37.736384,1.461772],[37.718401,1.452547],[37.71313,1.451152],[37.701296,1.450299],[37.684088,1.45278],[37.678662,1.452392],[37.673701,1.450842],[37.665329,1.445959],[37.661609,1.443065],[37.65303,1.437949],[37.648276,1.436088],[37.637837,1.43322],[37.608692,1.429345],[37.598305,1.426244],[37.584456,1.419965],[37.579185,1.41857],[37.573604,1.41764],[37.567557,1.417795],[37.561821,1.418725],[37.55686,1.42074],[37.553956834532,1.422622028176],[37.553956834532,1.294964028777]]],"type":"Polygon"},"id":588,"properties":{"parentKey":"KEN:1159308877","sourceCountryId":"KEN","syntheticOperational":true,"territoryId":"territory:catalog:20321169571adf23a0afa1827b76d9667e9b9a94551724f5764deb8c376837ad"},"type":"Feature"},{"geometry":{"coordinates":[[[37.036592681464,1.942446043165],[37.122302158273,1.942446043165],[37.226737535529,1.942446043165],[37.215486,1.949545],[37.200551,1.961121],[37.197451,1.964919],[37.194815,1.969027],[37.192645,1.973523],[37.189079,1.983083],[37.186909,1.987502],[37.175437,2.000602],[37.170166,2.004167],[37.151717,2.01272],[37.140658,2.015588],[37.041853,2.024425],[37.036592681464,2.024328306719],[37.036592681464,1.942446043165]]],"type":"Polygon"},"id":589,"properties":{"parentKey":"KEN:1159308877","sourceCountryId":"KEN","syntheticOperational":true,"territoryId":"territory:catalog:374508637b4b613218f906b9c7afe0fd27cf6526ce5b32a0458811f6cf0b683e"},"type":"Feature"},{"geometry":{"coordinates":[[[39.712230215827,1.726618705036],[39.928057553957,1.726618705036],[39.928057553957,1.942446043165],[39.844031193761,1.942446043165],[39.712230215827,1.942446043165],[39.712230215827,1.726618705036]]],"type":"Polygon"},"id":590,"properties":{"parentKey":"KEN:1159308881","sourceCountryId":"KEN","syntheticOperational":true,"territoryId":"territory:catalog:1fbb951e09e81e1af6cd54fc86fcabb2f8c93ca969c71bd1d266c0595b616f10"},"type":"Feature"},{"geometry":{"coordinates":[[[37.900419916017,-2.158273381295],[38.116376724655,-2.158273381295],[38.116376724655,-1.942446043165],[37.985611510791,-1.942446043165],[37.900419916017,-1.942446043165],[37.900419916017,-2.158273381295]]],"type":"Polygon"},"id":591,"properties":{"parentKey":"KEN:1159308875","sourceCountryId":"KEN","syntheticOperational":true,"territoryId":"territory:catalog:9853a0d650fa19c0d56fd060c5279d06fa735f8e46491e0b6ed8a3901673925d"},"type":"Feature"},{"geometry":{"coordinates":[[[41.438848920863,-1.726618705036],[41.505453253482,-1.726618705036],[41.534516,-1.696873],[41.535085,-1.696303],[41.535944,-1.676312],[41.535636,-1.676331],[41.438848920863,-1.682443087887],[41.438848920863,-1.726618705036]]],"type":"Polygon"},"id":592,"properties":{"parentKey":"KEN:1159309927","sourceCountryId":"KEN","syntheticOperational":true,"territoryId":"territory:catalog:43d10ad44525e4da55394a5f4445b28446b70b6b894c18236efb8c5608036e39"},"type":"Feature"},{"geometry":{"coordinates":[[[38.41726618705,-0.21582733813],[38.49428540302,-0.21582733813],[38.41726618705,-0.082957827469],[38.41726618705,-0.21582733813]]],"type":"Polygon"},"id":593,"properties":{"parentKey":"KEN:1159308875","sourceCountryId":"KEN","syntheticOperational":true,"territoryId":"territory:catalog:104efd41f2df2e22e1172e958125b276e8c906a6579d17b143df1ac95a967a62"},"type":"Feature"},{"geometry":{"coordinates":[[[36.690647482014,0.647482014388],[36.899159335734,0.647482014388],[36.899226,0.647558],[36.901707,0.651795],[36.903877,0.663061],[36.905892,0.668022],[36.906474820144,0.668839847412],[36.906474820144,0.863309352518],[36.690647482014,0.863309352518],[36.690647482014,0.647482014388]]],"type":"Polygon"},"id":594,"properties":{"parentKey":"KEN:1159308877","sourceCountryId":"KEN","syntheticOperational":true,"territoryId":"territory:catalog:9c9ad80b17f9d59e5bf630a77e9f7419dde0dc338d0cb6b41ce1db9d10055005"},"type":"Feature"},{"geometry":{"coordinates":[[[35.567567567568,3.453237410072],[35.654261704682,3.453237410072],[35.783783783784,3.453237410072],[35.783783783784,3.669064748201],[35.567567567568,3.669064748201],[35.567567567568,3.453237410072]]],"type":"Polygon"},"id":595,"properties":{"parentKey":"KEN:1159308877","sourceCountryId":"KEN","syntheticOperational":true,"territoryId":"territory:catalog:441e59efe1ae59b5fea0ab8e4910019a25b082866c0d2289a4eb406697976439"},"type":"Feature"},{"geometry":{"coordinates":[[[40.923815236953,1.942446043165],[40.968486,1.942446043165],[40.968486,2.158273381295],[40.923815236953,2.158273381295],[40.923815236953,1.942446043165]]],"type":"Polygon"},"id":596,"properties":{"parentKey":"KEN:1159308881","sourceCountryId":"KEN","syntheticOperational":true,"territoryId":"territory:catalog:f61085b90a6930b1c8f565c345f5a46aab2884fc6f57803bb17302d9eeab1529"},"type":"Feature"},{"geometry":{"coordinates":[[[37.122302158273,-1.246230548672],[37.131512,-1.237133],[37.122302158273,-1.226017156264],[37.122302158273,-1.246230548672]]],"type":"Polygon"},"id":597,"properties":{"parentKey":"KEN:1159310039","sourceCountryId":"KEN","syntheticOperational":true,"territoryId":"territory:catalog:bff48b1300a167a14f6ceab9997f54424cb818b6b85a10a1201069a947768c53"},"type":"Feature"},{"geometry":{"coordinates":[[[37.553956834532,0.647482014388],[37.665758128581,0.647482014388],[37.674166,0.653087],[37.680522,0.659392],[37.687033,0.668125],[37.692304,0.671742],[37.697885,0.672724],[37.702691,0.670864],[37.707187,0.668538],[37.713905,0.668022],[37.722122,0.669779],[37.745841,0.683266],[37.753748,0.685902],[37.759794,0.686522],[37.769784172662,0.686024657215],[37.769784172662,0.863309352518],[37.553956834532,0.863309352518],[37.553956834532,0.647482014388]]],"type":"Polygon"},"id":598,"properties":{"parentKey":"KEN:1159308877","sourceCountryId":"KEN","syntheticOperational":true,"territoryId":"territory:catalog:585b2db7414042c69e21ad2ad1a494be098acba239e3ffaecd671a5a45cb33f3"},"type":"Feature"},{"geometry":{"coordinates":[[[40.923815236953,2.589928057554],[40.967559315634,2.589928057554],[40.967142,2.631727],[40.965902,2.760608],[40.965466017342,2.805755395683],[40.923815236953,2.805755395683],[40.923815236953,2.589928057554]]],"type":"Polygon"},"id":599,"properties":{"parentKey":"KEN:1159308881","sourceCountryId":"KEN","syntheticOperational":true,"territoryId":"territory:catalog:d6e6ba81c5bafdb36acefd7217129a727a0a3341277624e8e3dba2595d372f0b"},"type":"Feature"},{"geometry":{"coordinates":[[[39.628074385123,-2.589928057554],[39.844031193761,-2.589928057554],[39.844031193761,-2.374100719424],[39.628074385123,-2.374100719424],[39.628074385123,-2.589928057554]]],"type":"Polygon"},"id":600,"properties":{"parentKey":"KEN:1159309927","sourceCountryId":"KEN","syntheticOperational":true,"territoryId":"territory:catalog:efed512e567f44ded4b81925ef6f4d173e59422ea2699a0d0ea51fa44fc53733"},"type":"Feature"},{"geometry":{"coordinates":[[[35.395683453237,0.431654676259],[35.611510791367,0.431654676259],[35.611510791367,0.647482014388],[35.395683453237,0.647482014388],[35.395683453237,0.431654676259]]],"type":"Polygon"},"id":601,"properties":{"parentKey":"KEN:1159308877","sourceCountryId":"KEN","syntheticOperational":true,"territoryId":"territory:catalog:2bbfc65054fc9266b72002028f08115604c6bca967294b6bfa8142bbf8d53def"},"type":"Feature"},{"geometry":{"coordinates":[[[39.192359309832,1.726618705036],[39.192988,1.725786],[39.207251,1.711989],[39.211281,1.709121],[39.215622,1.706563],[39.240479,1.697881],[39.254586,1.690957],[39.258617,1.688166],[39.272105,1.674833],[39.279908,1.668787],[39.280575539568,1.668405434654],[39.280575539568,1.726618705036],[39.192359309832,1.726618705036]]],"type":"Polygon"},"id":602,"properties":{"parentKey":"KEN:1159308881","sourceCountryId":"KEN","syntheticOperational":true,"territoryId":"territory:catalog:8f5dc11cc648855e21e0e0e1a8d05a8c04532e3ec624ece73bd4d1d9c895809e"},"type":"Feature"},{"geometry":{"coordinates":[[[40.143884892086,-1.726618705036],[40.359712230216,-1.726618705036],[40.359712230216,-1.510791366906],[40.143884892086,-1.510791366906],[40.143884892086,-1.726618705036]]],"type":"Polygon"},"id":603,"properties":{"parentKey":"KEN:1159308881","sourceCountryId":"KEN","syntheticOperational":true,"territoryId":"territory:catalog:cbe1a5bd419892e542fecb09f8f82bedb5cac9cf78afdd17cb5dcb3bec422867"},"type":"Feature"},{"geometry":{"coordinates":[[[35.179856115108,-0.647482014388],[35.395683453237,-0.647482014388],[35.395683453237,-0.431654676259],[35.179856115108,-0.431654676259],[35.179856115108,-0.647482014388]]],"type":"Polygon"},"id":604,"properties":{"parentKey":"KEN:1159308877","sourceCountryId":"KEN","syntheticOperational":true,"territoryId":"territory:catalog:585da904260e6db7fde199639fef17d9bff1827b024e43b6d4c7d8ed24af04bf"},"type":"Feature"},{"geometry":{"coordinates":[[[41.223021582734,-1.510791366906],[41.438848920863,-1.510791366906],[41.438848920863,-1.464070811975],[41.434194,-1.458049],[41.383758,-1.39304],[41.332185,-1.326378],[41.307871074568,-1.294964028777],[41.223021582734,-1.294964028777],[41.223021582734,-1.510791366906]]],"type":"Polygon"},"id":605,"properties":{"parentKey":"KEN:1159308881","sourceCountryId":"KEN","syntheticOperational":true,"territoryId":"territory:catalog:3ee74bcfd5531961481511bbe495808714286a1b8c1b6f83c5dd3b5811d2f691"},"type":"Feature"},{"geometry":{"coordinates":[[[35.827338129496,1.294964028777],[36.043165467626,1.294964028777],[36.043165467626,1.510791366906],[35.827338129496,1.510791366906],[35.827338129496,1.294964028777]]],"type":"Polygon"},"id":606,"properties":{"parentKey":"KEN:1159308877","sourceCountryId":"KEN","syntheticOperational":true,"territoryId":"territory:catalog:261c9bb6b69bb70dfb41c2d927826b20a98024a5da450b155e124bda315701af"},"type":"Feature"},{"geometry":{"coordinates":[[[34.10071942446,0.215827338129],[34.31654676259,0.215827338129],[34.31654676259,0.293674385197],[34.30817,0.294556],[34.254478,0.304943],[34.246261,0.305356],[34.238665,0.304943],[34.232877,0.303806],[34.227606,0.302152],[34.222955,0.29993],[34.215979,0.294969],[34.214119,0.293161],[34.211483,0.290163],[34.209158,0.286236],[34.201561,0.267012],[34.198926,0.262827],[34.195515,0.258848],[34.192105,0.255437],[34.185593,0.25337],[34.17686,0.25213],[34.159187,0.253473],[34.149885,0.25306],[34.143374,0.251096],[34.113401,0.232699],[34.10071942446,0.219312772891],[34.10071942446,0.215827338129]]],"type":"Polygon"},"id":607,"properties":{"parentKey":"KEN:1159310041","sourceCountryId":"KEN","syntheticOperational":true,"territoryId":"territory:catalog:fcc69d91470c0866ecb3c707cb07ea4c5bfa608a8c27ad5fbf2e7bcc2ec4256b"},"type":"Feature"},{"geometry":{"coordinates":[[[40.0599880024,-2.158273381295],[40.275944811038,-2.158273381295],[40.275944811038,-2.033404402286],[40.223003,-2.057083],[40.168226,-2.078116],[40.16404,-2.059461],[40.16404,-2.053259],[40.168329,-2.043027],[40.16373,-2.028351],[40.149777,-1.998017],[40.137375,-1.943085],[40.137005786267,-1.942446043165],[40.0599880024,-1.942446043165],[40.0599880024,-2.158273381295]]],"type":"Polygon"},"id":608,"properties":{"parentKey":"KEN:1159309927","sourceCountryId":"KEN","syntheticOperational":true,"territoryId":"territory:catalog:f05293cc456a05e5f0046d3b64873341e9445362ee04d28eea972c986f3a6948"},"type":"Feature"},{"geometry":{"coordinates":[[[34.31654676259,-0.863309352518],[34.532374100719,-0.863309352518],[34.532374100719,-0.647482014388],[34.31654676259,-0.647482014388],[34.31654676259,-0.863309352518]]],"type":"Polygon"},"id":609,"properties":{"parentKey":"KEN:1159310041","sourceCountryId":"KEN","syntheticOperational":true,"territoryId":"territory:catalog:5569314a976a02d56d4048b868243ec257f8492864d2c04737543cfd5a8737bb"},"type":"Feature"},{"geometry":{"coordinates":[[[36.043165467626,-0.863309352518],[36.258992805755,-0.863309352518],[36.258992805755,-0.647482014388],[36.043165467626,-0.647482014388],[36.043165467626,-0.863309352518]]],"type":"Polygon"},"id":610,"properties":{"parentKey":"KEN:1159308877","sourceCountryId":"KEN","syntheticOperational":true,"territoryId":"territory:catalog:4a48ec1e63a0c92f1bc918915f6a1800c5952366d40157f21022301d50381843"},"type":"Feature"},{"geometry":{"coordinates":[[[40.791366906475,0.215827338129],[40.968486,0.215827338129],[40.968486,0.431654676259],[40.791366906475,0.431654676259],[40.791366906475,0.215827338129]]],"type":"Polygon"},"id":611,"properties":{"parentKey":"KEN:1159308881","sourceCountryId":"KEN","syntheticOperational":true,"territoryId":"territory:catalog:1277b26354cfae4937120b3938610445fab066e153ae9ab3021be91354f7ce29"},"type":"Feature"},{"geometry":{"coordinates":[[[34.97894033157,1.726618705036],[35.179856115108,1.726618705036],[35.179856115108,1.942446043165],[35.092981403719,1.942446043165],[34.985936821063,1.942446043165],[35.001408,1.927997],[35.006473,1.916861],[35.002752,1.906138],[34.984045,1.88247],[34.979704,1.8703],[34.97894033157,1.726618705036]]],"type":"Polygon"},"id":612,"properties":{"parentKey":"KEN:1159308877","sourceCountryId":"KEN","syntheticOperational":true,"territoryId":"territory:catalog:e0c72bc2d4f9e6bcce932b63382468afda09aa6238b363eb0e67f89fa96a57ed"},"type":"Feature"},{"geometry":{"coordinates":[[[40.756756756757,3.453237410072],[40.840336134454,3.453237410072],[40.972972972973,3.453237410072],[40.972972972973,3.669064748201],[40.756756756757,3.669064748201],[40.756756756757,3.453237410072]]],"type":"Polygon"},"id":613,"properties":{"parentKey":"KEN:1159308881","sourceCountryId":"KEN","syntheticOperational":true,"territoryId":"territory:catalog:4029218a63adb20548220b915237ac713624521b5f6c224a2987a40896e7a976"},"type":"Feature"},{"geometry":{"coordinates":[[[35.048076923077,4.10071942446],[35.135135135135,4.10071942446],[35.264423076923,4.10071942446],[35.264423076923,4.31654676259],[35.048076923077,4.31654676259],[35.048076923077,4.10071942446]]],"type":"Polygon"},"id":614,"properties":{"parentKey":"KEN:1159308877","sourceCountryId":"KEN","syntheticOperational":true,"territoryId":"territory:catalog:16fe259130a2b1061e9a90391d952698d91cc48e412b5798a676ad9ba0577231"},"type":"Feature"},{"geometry":{"coordinates":[[[36.172765446911,1.942446043165],[36.258992805755,1.942446043165],[36.388722255549,1.942446043165],[36.388722255549,2.158273381295],[36.172765446911,2.158273381295],[36.172765446911,1.942446043165]]],"type":"Polygon"},"id":615,"properties":{"parentKey":"KEN:1159308877","sourceCountryId":"KEN","syntheticOperational":true,"territoryId":"territory:catalog:819b4dd5c543c48f50e603d7e51c9277ad1248626341e5257ffa2871ffc5133e"},"type":"Feature"},{"geometry":{"coordinates":[[[39.027027027027,-3.669064748201],[39.243243243243,-3.669064748201],[39.243243243243,-3.453237410072],[39.111644657863,-3.453237410072],[39.027027027027,-3.453237410072],[39.027027027027,-3.669064748201]]],"type":"Polygon"},"id":616,"properties":{"parentKey":"KEN:1159309927","sourceCountryId":"KEN","syntheticOperational":true,"territoryId":"territory:catalog:6308cee1b06ef9ad84cb6bd0beff75335c7a61352271af910de500ec256e3968"},"type":"Feature"},{"geometry":{"coordinates":[[[38.41726618705,0.215827338129],[38.63309352518,0.215827338129],[38.63309352518,0.431654676259],[38.41726618705,0.431654676259],[38.41726618705,0.215827338129]]],"type":"Polygon"},"id":617,"properties":{"parentKey":"KEN:1159308875","sourceCountryId":"KEN","syntheticOperational":true,"territoryId":"territory:catalog:c6b3e0e699546bee13ed7432b8241f1c6c914cf60596973ac64ba7a899a7b96d"},"type":"Feature"},{"geometry":{"coordinates":[[[38.895558223289,-3.021582733813],[38.988896170996,-3.021582733813],[38.989383,-3.021056],[38.996204,-3.014803],[38.999615,-3.012684],[39.002457,-3.011754],[39.007108,-3.011754],[39.011604,-3.013097],[39.01982,-3.018265],[39.024471,-3.020229],[39.029897,-3.021521],[39.031965481018,-3.021582733813],[39.04055691673,-3.021582733813],[39.041989,-3.02028],[39.042144,-3.018058],[38.897914269821,-2.805755395683],[38.895558223289,-2.805755395683],[38.895558223289,-3.021582733813]]],"type":"Polygon"},"id":618,"properties":{"parentKey":"KEN:1159308875","sourceCountryId":"KEN","syntheticOperational":true,"territoryId":"territory:catalog:2452deb88a64e998137de8a2e3d448c381a45eb6dc8350b348629859ddad1e7f"},"type":"Feature"},{"geometry":{"coordinates":[[[41.621621621622,3.600009706602],[41.633562,3.617093],[41.669842669297,3.669064748201],[41.621621621622,3.669064748201],[41.621621621622,3.600009706602]]],"type":"Polygon"},"id":619,"properties":{"parentKey":"KEN:1159308881","sourceCountryId":"KEN","syntheticOperational":true,"territoryId":"territory:catalog:16903c6f0168ed68b0a7bdb64815846598535762f01ec2ad73068cf10c51fe92"},"type":"Feature"},{"geometry":{"coordinates":[[[38.41726618705,0.863309352518],[38.63309352518,0.863309352518],[38.63309352518,1.079136690647],[38.41726618705,1.079136690647],[38.41726618705,0.863309352518]]],"type":"Polygon"},"id":620,"properties":{"parentKey":"KEN:1159308875","sourceCountryId":"KEN","syntheticOperational":true,"territoryId":"territory:catalog:5bfba677907b6a3393ef3a317c54a34d8fde413f7e861dbbe1e8a517bcc50561"},"type":"Feature"},{"geometry":{"coordinates":[[[36.045341764088,4.31654676259],[36.045370215533,4.10071942446],[36.129807692308,4.10071942446],[36.129807692308,4.31654676259],[36.045341764088,4.31654676259]]],"type":"Polygon"},"id":621,"properties":{"parentKey":"KEN:1159308875","sourceCountryId":"KEN","syntheticOperational":true,"territoryId":"territory:catalog:b2984f89e6ade4512be479ef08b0df86cbffcb865f14751bdef89c10ae4c26d9"},"type":"Feature"},{"geometry":{"coordinates":[[[36.129807692308,4.10071942446],[36.216216216216,4.10071942446],[36.346153846154,4.10071942446],[36.346153846154,4.31654676259],[36.129807692308,4.31654676259],[36.129807692308,4.10071942446]]],"type":"Polygon"},"id":622,"properties":{"parentKey":"KEN:1159308875","sourceCountryId":"KEN","syntheticOperational":true,"territoryId":"territory:catalog:2a3c0c2df7dd84d05fafe454191b868e7db072692eb3040f5ad99440548d05f8"},"type":"Feature"},{"geometry":{"coordinates":[[[35.611510791367,-0.21582733813],[35.827338129496,-0.21582733813],[35.827338129496,0],[35.611510791367,0],[35.611510791367,-0.21582733813]]],"type":"Polygon"},"id":623,"properties":{"parentKey":"KEN:1159308877","sourceCountryId":"KEN","syntheticOperational":true,"territoryId":"territory:catalog:fed8c354e02b84d2431fe20fca3309ff4ead7bdb3b492e41f98feef632d11279"},"type":"Feature"},{"geometry":{"coordinates":[[[40.143884892086,-1.294964028777],[40.359712230216,-1.294964028777],[40.359712230216,-1.079136690647],[40.143884892086,-1.079136690647],[40.143884892086,-1.294964028777]]],"type":"Polygon"},"id":624,"properties":{"parentKey":"KEN:1159308881","sourceCountryId":"KEN","syntheticOperational":true,"territoryId":"territory:catalog:4b078ee288cc9167b6a9e1ca0200f329e748651e980c3cfca9c15c6713003962"},"type":"Feature"},{"geometry":{"coordinates":[[[34.486486486487,3.884892086331],[34.702702702703,3.884892086331],[34.702702702703,4.10071942446],[34.615384615385,4.10071942446],[34.486486486487,4.10071942446],[34.486486486487,3.884892086331]]],"type":"Polygon"},"id":625,"properties":{"parentKey":"KEN:1159308877","sourceCountryId":"KEN","syntheticOperational":true,"territoryId":"territory:catalog:bbcb20eb71491ae037e0eea0b2fb0bf680738bdb640189ebc91cca3fa58931f2"},"type":"Feature"},{"geometry":{"coordinates":[[[40.707858428314,2.158273381295],[40.923815236953,2.158273381295],[40.923815236953,2.374100719424],[40.707858428314,2.374100719424],[40.707858428314,2.158273381295]]],"type":"Polygon"},"id":626,"properties":{"parentKey":"KEN:1159308881","sourceCountryId":"KEN","syntheticOperational":true,"territoryId":"territory:catalog:74acf6b6838b4ff6b5d5a1ea57be27d04619a612d326228455712aabbbb656f8"},"type":"Feature"},{"geometry":{"coordinates":[[[39.496402877698,1.294964028777],[39.712230215827,1.294964028777],[39.712230215827,1.510791366906],[39.496402877698,1.510791366906],[39.496402877698,1.294964028777]]],"type":"Polygon"},"id":627,"properties":{"parentKey":"KEN:1159308881","sourceCountryId":"KEN","syntheticOperational":true,"territoryId":"territory:catalog:ec2e38c670a8b8f6c9ea11b94be7a391df305ca0d093ddf7a681c29e58081f01"},"type":"Feature"},{"geometry":{"coordinates":[[[37.769784172662,1.294964028777],[37.940990451724,1.294964028777],[37.932496,1.408312],[37.92738,1.423609],[37.914978,1.438259],[37.860666,1.488695],[37.852605,1.497997],[37.850744,1.499702],[37.848884,1.500426],[37.846093,1.501046],[37.842218,1.501046],[37.838342,1.500581],[37.836327,1.500167],[37.831366,1.497997],[37.823614,1.493113],[37.80961,1.480013],[37.805579,1.4773],[37.801238,1.475052],[37.795812,1.473735],[37.790076,1.473399],[37.773023,1.475983],[37.769784172662,1.475983],[37.769784172662,1.294964028777]]],"type":"Polygon"},"id":628,"properties":{"parentKey":"KEN:1159308877","sourceCountryId":"KEN","syntheticOperational":true,"territoryId":"territory:catalog:9ca1d6c4fed9b0b325e053152afbd2f232d35d1eea5e0d15fb4caa8c2ac2bbfe"},"type":"Feature"},{"geometry":{"coordinates":[[[38.725961538462,-4.342964529656],[38.764279,-4.370533],[38.849649,-4.431925],[38.935018,-4.49342],[38.942307692308,-4.498671020598],[38.942307692308,-4.31654676259],[38.725961538462,-4.31654676259],[38.725961538462,-4.342964529656]]],"type":"Polygon"},"id":629,"properties":{"parentKey":"KEN:1159309927","sourceCountryId":"KEN","syntheticOperational":true,"territoryId":"territory:catalog:9dd7389ca9010f61ed30646f7c7dcf016fb0d27b5f8f4512b52c46a7b9a0f691"},"type":"Feature"},{"geometry":{"coordinates":[[[37.553956834532,-0.863309352518],[37.769784172662,-0.863309352518],[37.769784172662,-0.647482014388],[37.553956834532,-0.647482014388],[37.553956834532,-0.863309352518]]],"type":"Polygon"},"id":630,"properties":{"parentKey":"KEN:1159308875","sourceCountryId":"KEN","syntheticOperational":true,"territoryId":"territory:catalog:5d9d31e8246c2adf675bfd27b79c0a960fd8ce8428f3d003e59f82487b759eb2"},"type":"Feature"},{"geometry":{"coordinates":[[[35.827338129496,-0.431654676259],[36.043165467626,-0.431654676259],[36.043165467626,-0.21582733813],[35.827338129496,-0.21582733813],[35.827338129496,-0.431654676259]]],"type":"Polygon"},"id":631,"properties":{"parentKey":"KEN:1159308877","sourceCountryId":"KEN","syntheticOperational":true,"territoryId":"territory:catalog:4df35df6a407c16234d89614ab1b605df1beab63985788eb8415ca29f3bd5dbc"},"type":"Feature"},{"geometry":{"coordinates":[[[39.027027027027,-4.10071942446],[39.158653846154,-4.10071942446],[39.243243243243,-4.10071942446],[39.243243243243,-3.884892086331],[39.027027027027,-3.884892086331],[39.027027027027,-4.10071942446]]],"type":"Polygon"},"id":632,"properties":{"parentKey":"KEN:1159309927","sourceCountryId":"KEN","syntheticOperational":true,"territoryId":"territory:catalog:3c6f6ff21c064b9f14b4133f4e4ac0e21c42be40ae2d7e8d8cde15b24d2c0505"},"type":"Feature"},{"geometry":{"coordinates":[[[34.532374100719,0.431654676259],[34.748201438849,0.431654676259],[34.748201438849,0.647482014388],[34.532374100719,0.647482014388],[34.532374100719,0.431654676259]]],"type":"Polygon"},"id":633,"properties":{"parentKey":"KEN:1159308879","sourceCountryId":"KEN","syntheticOperational":true,"territoryId":"territory:catalog:e012c26f35aa8d1bc4a0b9104ac9c8dc8ba0d4a46539088a2140617cd54e0ed7"},"type":"Feature"},{"geometry":{"coordinates":[[[38.201438848921,0.431654676259],[38.41726618705,0.431654676259],[38.41726618705,0.647482014388],[38.201438848921,0.647482014388],[38.201438848921,0.431654676259]]],"type":"Polygon"},"id":634,"properties":{"parentKey":"KEN:1159308875","sourceCountryId":"KEN","syntheticOperational":true,"territoryId":"territory:catalog:f8978130a4ed73d77b1b40db649f479502b4b1deea5d1ea4f4248da88a42d7ae"},"type":"Feature"},{"geometry":{"coordinates":[[[41.272509003601,3.131550508724],[41.342727,3.201149],[41.368099117189,3.237410071942],[41.272509003601,3.237410071942],[41.272509003601,3.131550508724]]],"type":"Polygon"},"id":635,"properties":{"parentKey":"KEN:1159308881","sourceCountryId":"KEN","syntheticOperational":true,"territoryId":"territory:catalog:42457f1a051f0d815d06f3bb2bfed82a42a102442d8505e3279fa40aec51f105"},"type":"Feature"},{"geometry":{"coordinates":[[[34.532374100719,1.079136690647],[34.591192697959,1.079136690647],[34.575699,1.092854],[34.566883,1.103022],[34.561228,1.093371],[34.560065,1.093149],[34.540351,1.089392],[34.532374100719,1.093910451828],[34.532374100719,1.079136690647]]],"type":"Polygon"},"id":636,"properties":{"parentKey":"KEN:1159308879","sourceCountryId":"KEN","syntheticOperational":true,"territoryId":"territory:catalog:8dbc36f058f52d630866ba23a15eba67eaff95ec8a5cfbf88690a94d00ec8f9c"},"type":"Feature"},{"geometry":{"coordinates":[[[39.928057553957,-1.726618705036],[40.119553265209,-1.726618705036],[40.120477,-1.725527],[40.123112,-1.717466],[40.12151,-1.716794],[40.115619,-1.690181],[40.113449,-1.626154],[40.105697,-1.611012],[40.09221,-1.597732],[40.083838,-1.586414],[40.047871605321,-1.510791366906],[39.928057553957,-1.510791366906],[39.928057553957,-1.726618705036]]],"type":"Polygon"},"id":637,"properties":{"parentKey":"KEN:1159309927","sourceCountryId":"KEN","syntheticOperational":true,"territoryId":"territory:catalog:df7d90dccffab6726e4218f095df71d849d6519e1e1326bf589a59715fbf227f"},"type":"Feature"},{"geometry":{"coordinates":[[[37.036592681464,2.024328306719],[37.041853,2.024425],[37.140658,2.015588],[37.151717,2.01272],[37.170166,2.004167],[37.175437,2.000602],[37.186909,1.987502],[37.189079,1.983083],[37.192645,1.973523],[37.194815,1.969027],[37.197451,1.964919],[37.200551,1.961121],[37.215486,1.949545],[37.226737535529,1.942446043165],[37.252549490102,1.942446043165],[37.252549490102,2.158273381295],[37.036592681464,2.158273381295],[37.036592681464,2.024328306719]]],"type":"Polygon"},"id":638,"properties":{"parentKey":"KEN:1159308875","sourceCountryId":"KEN","syntheticOperational":true,"territoryId":"territory:catalog:b737b2a152d990a43d85313ca1d2c496a1f3d3dc7b5edab7ff005b45315c82b6"},"type":"Feature"},{"geometry":{"coordinates":[[[37.338129496403,0.431654676259],[37.352323439699,0.431654676259],[37.35217,0.432067],[37.35,0.443229],[37.351085,0.49351],[37.34969,0.507101],[37.348604,0.512682],[37.346124,0.51878],[37.341473,0.525188],[37.338129496403,0.526138529338],[37.338129496403,0.431654676259]]],"type":"Polygon"},"id":639,"properties":{"parentKey":"KEN:1159308877","sourceCountryId":"KEN","syntheticOperational":true,"territoryId":"territory:catalog:4c6a5ba0ab7b929ef426c8e4d3b06d72afec3fc6b2608437745e0ea8b2c475f4"},"type":"Feature"},{"geometry":{"coordinates":[[[35.783783783784,3.453237410072],[35.870348139256,3.453237410072],[36,3.453237410072],[36,3.669064748201],[35.783783783784,3.669064748201],[35.783783783784,3.453237410072]]],"type":"Polygon"},"id":640,"properties":{"parentKey":"KEN:1159308877","sourceCountryId":"KEN","syntheticOperational":true,"territoryId":"territory:catalog:96ca907e9ded2d8099ccf96c01e4b6dcd79377070a2530d1287591338ae83c92"},"type":"Feature"},{"geometry":{"coordinates":[[[39.844031193761,2.158273381295],[40.0599880024,2.158273381295],[40.0599880024,2.374100719424],[39.844031193761,2.374100719424],[39.844031193761,2.158273381295]]],"type":"Polygon"},"id":641,"properties":{"parentKey":"KEN:1159308881","sourceCountryId":"KEN","syntheticOperational":true,"territoryId":"territory:catalog:3ad04533d41f7219ccb897841dd96b6db2ffbb5c9d8d2d7d62a57894312b0cd9"},"type":"Feature"},{"geometry":{"coordinates":[[[36,3.453237410072],[36.045455569868,3.453237410072],[36.045427118423,3.669064748201],[36,3.669064748201],[36,3.453237410072]]],"type":"Polygon"},"id":642,"properties":{"parentKey":"KEN:1159308877","sourceCountryId":"KEN","syntheticOperational":true,"territoryId":"territory:catalog:65700dd6459caef4ffd125da99998ba362a7650a024c638d58d238340399b083"},"type":"Feature"},{"geometry":{"coordinates":[[[35.179856115108,-0.039114599326],[35.18083,-0.038654],[35.189098,-0.033538],[35.192819,-0.031626],[35.195764,-0.031161],[35.200105,-0.031522],[35.204756,-0.032711],[35.209407,-0.034623],[35.213438,-0.037258],[35.219639,-0.0447],[35.222119,-0.049299],[35.22584,-0.059634],[35.230336,-0.089503],[35.233591,-0.093224],[35.237364,-0.096325],[35.241705,-0.098857],[35.261238,-0.106712],[35.265269,-0.110742],[35.268215,-0.116427],[35.268215,-0.128519],[35.26961,-0.135185],[35.2724,-0.140043],[35.317721,-0.176061],[35.320821,-0.17973],[35.323767,-0.183968],[35.325627,-0.188619],[35.326557,-0.197817],[35.326247,-0.20376],[35.324496135761,-0.21582733813],[35.395683453237,-0.21582733813],[35.395683453237,0],[35.179856115108,0],[35.179856115108,-0.039114599326]]],"type":"Polygon"},"id":643,"properties":{"parentKey":"KEN:1159308877","sourceCountryId":"KEN","syntheticOperational":true,"territoryId":"territory:catalog:b49a6e7fdf5f307ad15c19cfbd04500ab85f97c892657299ef0b7cb9155d1abc"},"type":"Feature"},{"geometry":{"coordinates":[[[39.280575539568,-1.294964028777],[39.496402877698,-1.294964028777],[39.496402877698,-1.079136690647],[39.280575539568,-1.079136690647],[39.280575539568,-1.294964028777]]],"type":"Polygon"},"id":644,"properties":{"parentKey":"KEN:1159309927","sourceCountryId":"KEN","syntheticOperational":true,"territoryId":"territory:catalog:11e6d6d9f8345a1be9e2b3b19cf754cf14aa9d54bf0aa42a653e6774f5474c42"},"type":"Feature"},{"geometry":{"coordinates":[[[37.900419916017,2.158273381295],[38.116376724655,2.158273381295],[38.116376724655,2.374100719424],[37.900419916017,2.374100719424],[37.900419916017,2.158273381295]]],"type":"Polygon"},"id":645,"properties":{"parentKey":"KEN:1159308875","sourceCountryId":"KEN","syntheticOperational":true,"territoryId":"territory:catalog:1624ebc53efe3413ad7ef8d9699ea84953ad87779b2efd40afdcda818846b18a"},"type":"Feature"},{"geometry":{"coordinates":[[[40.275944811038,-2.158273381295],[40.491901619676,-2.158273381295],[40.491901619676,-1.942446043165],[40.479314128724,-1.942446043165],[40.275944811038,-2.033404402286],[40.275944811038,-2.158273381295]]],"type":"Polygon"},"id":646,"properties":{"parentKey":"KEN:1159309927","sourceCountryId":"KEN","syntheticOperational":true,"territoryId":"territory:catalog:d371421cc0e77d94d46b2863a01774ace2b40c5bf3323614524bff3409d409c8"},"type":"Feature"},{"geometry":{"coordinates":[[[38.895558223289,-3.237410071942],[39.111644657863,-3.237410071942],[39.111644657863,-3.021582733813],[39.04055691673,-3.021582733813],[39.040284,-3.021831],[39.031965481018,-3.021582733813],[38.988896170996,-3.021582733813],[38.979306,-3.031959],[38.97512,-3.034181],[38.969694,-3.034595],[38.964733,-3.03351],[38.955121,-3.029531],[38.95016,-3.028032],[38.944424,-3.027825],[38.933831,-3.030202],[38.92887,-3.032011],[38.923289,-3.032734],[38.917397,-3.032786],[38.899724,-3.030461],[38.895558223289,-3.030565127623],[38.895558223289,-3.237410071942]]],"type":"Polygon"},"id":647,"properties":{"parentKey":"KEN:1159309927","sourceCountryId":"KEN","syntheticOperational":true,"territoryId":"territory:catalog:12b78b307bb705bcf8830fa2dd8003c4dc92479fec70817ed23c17e3d0ef6177"},"type":"Feature"},{"geometry":{"coordinates":[[[37.342485837987,-0.21582733813],[37.429168,-0.427312],[37.430134665639,-0.431654676259],[37.553956834532,-0.431654676259],[37.553956834532,-0.21582733813],[37.342485837987,-0.21582733813]]],"type":"Polygon"},"id":648,"properties":{"parentKey":"KEN:1159308875","sourceCountryId":"KEN","syntheticOperational":true,"territoryId":"territory:catalog:b5966e9f5c5b01a997ee32a040f8f5f4c0bb916b6d42ce3a09dc76119ca707c0"},"type":"Feature"},{"geometry":{"coordinates":[[[40.359712230216,0.647482014388],[40.575539568345,0.647482014388],[40.575539568345,0.863309352518],[40.359712230216,0.863309352518],[40.359712230216,0.647482014388]]],"type":"Polygon"},"id":649,"properties":{"parentKey":"KEN:1159308881","sourceCountryId":"KEN","syntheticOperational":true,"territoryId":"territory:catalog:eac4100eec8ddb68cca29750895fafa40a719aa7cd1725c3986caaa3ff55192c"},"type":"Feature"},{"geometry":{"coordinates":[[[36.216216216216,3.453237410072],[36.302521008403,3.453237410072],[36.432432432432,3.453237410072],[36.432432432432,3.669064748201],[36.216216216216,3.669064748201],[36.216216216216,3.453237410072]]],"type":"Polygon"},"id":650,"properties":{"parentKey":"KEN:1159308875","sourceCountryId":"KEN","syntheticOperational":true,"territoryId":"territory:catalog:c90f0061d9d861da9734cdbd087246ede70fbf4b766b307ccb813292fe476dc8"},"type":"Feature"},{"geometry":{"coordinates":[[[39.496402877698,0.431654676259],[39.712230215827,0.431654676259],[39.712230215827,0.647482014388],[39.496402877698,0.647482014388],[39.496402877698,0.431654676259]]],"type":"Polygon"},"id":651,"properties":{"parentKey":"KEN:1159308881","sourceCountryId":"KEN","syntheticOperational":true,"territoryId":"territory:catalog:beb44d5394220f2cd1db35af805ae71c7982acb7ae287cbde712d430d6a4205f"},"type":"Feature"},{"geometry":{"coordinates":[[[36.834918587165,-0.21582733813],[36.839023,-0.227738],[36.841349,-0.232389],[36.881398,-0.28174],[36.89194,-0.291351],[36.904187,-0.299258],[36.906474820144,-0.300263406742],[36.906474820144,-0.21582733813],[36.834918587165,-0.21582733813]]],"type":"Polygon"},"id":652,"properties":{"parentKey":"KEN:1159308877","sourceCountryId":"KEN","syntheticOperational":true,"territoryId":"territory:catalog:93af451125e2bebdb741c00b79984336e6a1ce5f9955fdf40ed7ecfa618d0a81"},"type":"Feature"},{"geometry":{"coordinates":[[[36.861347,0.59769],[36.862898,0.592574],[36.867238,0.589628],[36.878917,0.586218],[36.906474820144,0.582679917161],[36.906474820144,0.647482014388],[36.899159335734,0.647482014388],[36.889614,0.636602],[36.886979,0.632365],[36.880778,0.624923],[36.865378,0.612986],[36.862898,0.608697],[36.861502,0.603374],[36.861347,0.59769]]],"type":"Polygon"},"id":653,"properties":{"parentKey":"KEN:1159308875","sourceCountryId":"KEN","syntheticOperational":true,"territoryId":"territory:catalog:2deaedbbe5f353629a762f8b85ca3236b32c4710e95e887ea042722e0ae28730"},"type":"Feature"},{"geometry":{"coordinates":[[[35.395683453237,0.215827338129],[35.611510791367,0.215827338129],[35.611510791367,0.431654676259],[35.395683453237,0.431654676259],[35.395683453237,0.215827338129]]],"type":"Polygon"},"id":654,"properties":{"parentKey":"KEN:1159308877","sourceCountryId":"KEN","syntheticOperational":true,"territoryId":"territory:catalog:14c904e4e1f138c8d74e10fecdb681b7951d63f21153894f0c042d65851f5813"},"type":"Feature"},{"geometry":{"coordinates":[[[38.201438848921,0],[38.41726618705,0],[38.41726618705,0.215827338129],[38.201438848921,0.215827338129],[38.201438848921,0]]],"type":"Polygon"},"id":655,"properties":{"parentKey":"KEN:1159308875","sourceCountryId":"KEN","syntheticOperational":true,"territoryId":"territory:catalog:a9b1df5ed6a5b3ae3efc62f2b50881c5d80e3c994afa2818a26d2f911098d6f9"},"type":"Feature"},{"geometry":{"coordinates":[[[41.007194244604,-1.294964028777],[41.223021582734,-1.294964028777],[41.223021582734,-1.185438491323],[41.18222,-1.132695],[41.14086085877,-1.079136690647],[41.007194244604,-1.079136690647],[41.007194244604,-1.294964028777]]],"type":"Polygon"},"id":656,"properties":{"parentKey":"KEN:1159308881","sourceCountryId":"KEN","syntheticOperational":true,"territoryId":"territory:catalog:e45c90071e328611a07dcd0c9fd353bc0818678236401fa87688d766843d2792"},"type":"Feature"},{"geometry":{"coordinates":[[[40.957286,-2.174005],[40.979503,-2.169366],[40.981456,-2.181573],[40.98585,-2.191339],[40.993663,-2.197198],[41.006114,-2.197361],[41.009939,-2.187188],[41.002289,-2.180108],[40.991547,-2.173761],[40.986176,-2.165948],[40.987729223373,-2.158273381295],[40.957342122489,-2.158273381295],[40.957286,-2.174005]]],"type":"Polygon"},"id":657,"properties":{"parentKey":"KEN:1159309927","sourceCountryId":"KEN","syntheticOperational":true,"territoryId":"territory:catalog:b808e8b017db0e590f0c9fd8499fa9802ba75119466ab0f5019df0a0745a34e7"},"type":"Feature"},{"geometry":{"coordinates":[[[37.985611510791,-1.942446043165],[38.116376724655,-1.942446043165],[38.201438848921,-1.942446043165],[38.201438848921,-1.726618705036],[37.985611510791,-1.726618705036],[37.985611510791,-1.942446043165]]],"type":"Polygon"},"id":658,"properties":{"parentKey":"KEN:1159308875","sourceCountryId":"KEN","syntheticOperational":true,"territoryId":"territory:catalog:9dd31419e039467a7eda7d7e3fa8fe7e6f91f38d696b3766106296c36f2fa837"},"type":"Feature"},{"geometry":{"coordinates":[[[39.891891891892,-3.572082474811],[39.900564,-3.524184],[39.927257,-3.481378],[39.937981165551,-3.453237410072],[39.891891891892,-3.453237410072],[39.891891891892,-3.572082474811]]],"type":"Polygon"},"id":659,"properties":{"parentKey":"KEN:1159309927","sourceCountryId":"KEN","syntheticOperational":true,"territoryId":"territory:catalog:3f00490606e5ac964ee3770d0091de2fff90daf860d4cbb05a4769e51aea1a04"},"type":"Feature"},{"geometry":{"coordinates":[[[37.252549490102,-2.374100719424],[37.46850629874,-2.374100719424],[37.46850629874,-2.158273381295],[37.252549490102,-2.158273381295],[37.252549490102,-2.374100719424]]],"type":"Polygon"},"id":660,"properties":{"parentKey":"KEN:1159308877","sourceCountryId":"KEN","syntheticOperational":true,"territoryId":"territory:catalog:665c73a82dff0b1decc7b0b4b84892cea6c3055d0eab39bc18050ebb4f43e1ea"},"type":"Feature"},{"geometry":{"coordinates":[[[35.870348139256,3.237410071942],[36.062201860675,3.237410071942],[36.059742,3.239492],[36.053335,3.242929],[36.04548,3.267915],[36.045455569868,3.453237410072],[36,3.453237410072],[35.870348139256,3.453237410072],[35.870348139256,3.237410071942]]],"type":"Polygon"},"id":661,"properties":{"parentKey":"KEN:1159308877","sourceCountryId":"KEN","syntheticOperational":true,"territoryId":"territory:catalog:36935270958f014fce94c47d1757d584b9249b01565e637f67f376cb3111ec7a"},"type":"Feature"},{"geometry":{"coordinates":[[[37.945945945946,-3.669064748201],[38.162162162162,-3.669064748201],[38.162162162162,-3.453237410072],[38.031212484994,-3.453237410072],[37.945945945946,-3.453237410072],[37.945945945946,-3.669064748201]]],"type":"Polygon"},"id":662,"properties":{"parentKey":"KEN:1159309927","sourceCountryId":"KEN","syntheticOperational":true,"territoryId":"territory:catalog:db21a6dad753293c9fb70954b851990dcbbc1bc5092f15478d2af5ed9663a273"},"type":"Feature"},{"geometry":{"coordinates":[[[37.105543676907,0],[37.109653,-0.004082],[37.122302158273,-0.013577612926],[37.122302158273,0],[37.105543676907,0]]],"type":"Polygon"},"id":663,"properties":{"parentKey":"KEN:1159308875","sourceCountryId":"KEN","syntheticOperational":true,"territoryId":"territory:catalog:a62cf1b6ce6819466603d550d048f78ac572c981e1bfb4b6b6763238c4baccdd"},"type":"Feature"},{"geometry":{"coordinates":[[[37.46850629874,-2.158273381295],[37.602954693087,-2.158273381295],[37.593499,-2.154907],[37.531074,-2.105556],[37.524563,-2.102145],[37.504099,-2.096564],[37.499293,-2.094445],[37.476762,-2.079511],[37.46850629874,-2.072677104096],[37.46850629874,-2.158273381295]]],"type":"Polygon"},"id":664,"properties":{"parentKey":"KEN:1159308877","sourceCountryId":"KEN","syntheticOperational":true,"territoryId":"territory:catalog:953cd7d46f8c978f6450315de8dc38be4099255d550d6b85074c370c674283f2"},"type":"Feature"},{"geometry":{"coordinates":[[[34.485192309998,1.079136690647],[34.532374100719,1.079136690647],[34.532374100719,1.093910451828],[34.524021,1.098642],[34.507485,1.102518],[34.487021,1.082467],[34.485192309998,1.079136690647]]],"type":"Polygon"},"id":665,"properties":{"parentKey":"KEN:1159308879","sourceCountryId":"KEN","syntheticOperational":true,"territoryId":"territory:catalog:9d579998eb497a1ae288294652cc7f3a923a3933b450c2bf6be9bce87a46d383"},"type":"Feature"},{"geometry":{"coordinates":[[[35.351351351351,3.453237410072],[35.438175270108,3.453237410072],[35.567567567568,3.453237410072],[35.567567567568,3.669064748201],[35.351351351351,3.669064748201],[35.351351351351,3.453237410072]]],"type":"Polygon"},"id":666,"properties":{"parentKey":"KEN:1159308877","sourceCountryId":"KEN","syntheticOperational":true,"territoryId":"territory:catalog:c41176650ddb9b48efd52cf43e3bde57170e2cf1178f1640c116cdb634563c08"},"type":"Feature"},{"geometry":{"coordinates":[[[35.308938212358,2.374100719424],[35.524895020996,2.374100719424],[35.524895020996,2.589928057554],[35.308938212358,2.589928057554],[35.308938212358,2.374100719424]]],"type":"Polygon"},"id":667,"properties":{"parentKey":"KEN:1159308877","sourceCountryId":"KEN","syntheticOperational":true,"territoryId":"territory:catalog:b879c21ad57455e9edb5f2193a11848578f3fef1475da60bf4c5d4c080fc9d0d"},"type":"Feature"},{"geometry":{"coordinates":[[[38.201438848921,0.215827338129],[38.41726618705,0.215827338129],[38.41726618705,0.431654676259],[38.201438848921,0.431654676259],[38.201438848921,0.215827338129]]],"type":"Polygon"},"id":668,"properties":{"parentKey":"KEN:1159308875","sourceCountryId":"KEN","syntheticOperational":true,"territoryId":"territory:catalog:f0263a1e48dd98434bce06ca7d0ad05a058f7e0d66bf278aea1e0750f3867a61"},"type":"Feature"},{"geometry":{"coordinates":[[[40.359712230216,0],[40.575539568345,0],[40.575539568345,0.215827338129],[40.359712230216,0.215827338129],[40.359712230216,0]]],"type":"Polygon"},"id":669,"properties":{"parentKey":"KEN:1159308881","sourceCountryId":"KEN","syntheticOperational":true,"territoryId":"territory:catalog:337ec506f8b2f38cc905ce8ad946e5607f6578fb0790282054a9635ff7fba7f0"},"type":"Feature"},{"geometry":{"coordinates":[[[34.121869469991,-1.079136690647],[34.127457,-1.082258],[34.31654676259,-1.187865261787],[34.31654676259,-1.079136690647],[34.121869469991,-1.079136690647]]],"type":"Polygon"},"id":670,"properties":{"parentKey":"KEN:1159310041","sourceCountryId":"KEN","syntheticOperational":true,"territoryId":"territory:catalog:14d2dcfab4fe17021db6be730643f0ce970284e7ea2e4d1d07654bd14b223e18"},"type":"Feature"},{"geometry":{"coordinates":[[[40.707858428314,1.942446043165],[40.791366906475,1.942446043165],[40.923815236953,1.942446043165],[40.923815236953,2.158273381295],[40.707858428314,2.158273381295],[40.707858428314,1.942446043165]]],"type":"Polygon"},"id":671,"properties":{"parentKey":"KEN:1159308881","sourceCountryId":"KEN","syntheticOperational":true,"territoryId":"territory:catalog:9064d939688a3250ae97f7636a7020fe1ded7d9281fdc03b07e6aa51f7a52623"},"type":"Feature"},{"geometry":{"coordinates":[[[39.459459459459,-3.884892086331],[39.675675675676,-3.884892086331],[39.675675675676,-3.669064748201],[39.459459459459,-3.669064748201],[39.459459459459,-3.884892086331]]],"type":"Polygon"},"id":672,"properties":{"parentKey":"KEN:1159309927","sourceCountryId":"KEN","syntheticOperational":true,"territoryId":"territory:catalog:998cc0f7d5c515ab48519369024fcb6a43c7756145985b0f3e27f5c14cdb39ea"},"type":"Feature"},{"geometry":{"coordinates":[[[35.135135135135,3.669064748201],[35.351351351351,3.669064748201],[35.351351351351,3.884892086331],[35.135135135135,3.884892086331],[35.135135135135,3.669064748201]]],"type":"Polygon"},"id":673,"properties":{"parentKey":"KEN:1159308877","sourceCountryId":"KEN","syntheticOperational":true,"territoryId":"territory:catalog:f738f31e584d5c648899bcaf8373b822a3bb7a4c099577818e14c983f95cc29d"},"type":"Feature"},{"geometry":{"coordinates":[[[38.679471788715,3.237410071942],[38.895558223289,3.237410071942],[38.895558223289,3.453237410072],[38.810810810811,3.453237410072],[38.679471788715,3.453237410072],[38.679471788715,3.237410071942]]],"type":"Polygon"},"id":674,"properties":{"parentKey":"KEN:1159308875","sourceCountryId":"KEN","syntheticOperational":true,"territoryId":"territory:catalog:62d2694327fcf124d16ea708494830c45e4d3849ae236b4df8b4861a30331c5a"},"type":"Feature"},{"geometry":{"coordinates":[[[34.748201438849,-0.431654676259],[34.964028776978,-0.431654676259],[34.964028776978,-0.21582733813],[34.748201438849,-0.21582733813],[34.748201438849,-0.431654676259]]],"type":"Polygon"},"id":675,"properties":{"parentKey":"KEN:1159310041","sourceCountryId":"KEN","syntheticOperational":true,"territoryId":"territory:catalog:fc95001f28e931c5a6ca4feb0d60e2daff385d536e722f639481157991579440"},"type":"Feature"},{"geometry":{"coordinates":[[[35.179856115108,-0.431654676259],[35.395683453237,-0.431654676259],[35.395683453237,-0.21582733813],[35.324496135761,-0.21582733813],[35.321441,-0.236884],[35.319116,-0.242104],[35.315085,-0.2466],[35.307179,-0.24908],[35.300357,-0.249545],[35.293794,-0.24908],[35.288368,-0.248047],[35.283252,-0.24629],[35.278757,-0.244119],[35.274571,-0.24138],[35.267594,-0.235127],[35.264649,-0.231252],[35.262478,-0.226342],[35.259126125925,-0.21582733813],[35.179856115108,-0.21582733813],[35.179856115108,-0.431654676259]]],"type":"Polygon"},"id":676,"properties":{"parentKey":"KEN:1159308877","sourceCountryId":"KEN","syntheticOperational":true,"territoryId":"territory:catalog:f3406fc635aa8f1c3539e699764ecbcb927d63cb128e4cc62f167201b0056a96"},"type":"Feature"},{"geometry":{"coordinates":[[[36.963305,-1.512569],[36.966405,-1.523679],[36.972762,-1.540629],[36.996688,-1.582642],[37.117367508879,-1.726618705036],[37.122302158273,-1.726618705036],[37.122302158273,-1.510791366906],[36.963527159347,-1.510791366906],[36.963305,-1.512569]]],"type":"Polygon"},"id":677,"properties":{"parentKey":"KEN:1159308875","sourceCountryId":"KEN","syntheticOperational":true,"territoryId":"territory:catalog:28f819eae608decf4d05abe9f0123809331713d5fe5df41ab0533cc807211a54"},"type":"Feature"},{"geometry":{"coordinates":[[[37.599039615846,3.237410071942],[37.81512605042,3.237410071942],[37.81512605042,3.453237410072],[37.72972972973,3.453237410072],[37.599039615846,3.453237410072],[37.599039615846,3.237410071942]]],"type":"Polygon"},"id":678,"properties":{"parentKey":"KEN:1159308875","sourceCountryId":"KEN","syntheticOperational":true,"territoryId":"territory:catalog:8b8b04a6e012fbb920d87af65ad0042db19dfcbe058d60a4f65a848a87d39cdd"},"type":"Feature"},{"geometry":{"coordinates":[[[34.532374100719,-1.079136690647],[34.596527403367,-1.079136690647],[34.595697,-1.076471],[34.594612,-1.065206],[34.592442,-1.058591],[34.574769,-1.028981],[34.572443,-1.019111],[34.573218,-1.009964],[34.576164,-1.005313],[34.579264,-1.002212],[34.595697,-0.9895],[34.613526,-0.97994],[34.634041,-0.966297],[34.638847,-0.964282],[34.644118,-0.963042],[34.649389,-0.963713],[34.65404,-0.965522],[34.658381,-0.967744],[34.663652,-0.968933],[34.700601,-0.972033],[34.708042,-0.971258],[34.748201438849,-0.959769442373],[34.748201438849,-0.863309352518],[34.532374100719,-0.863309352518],[34.532374100719,-1.079136690647]]],"type":"Polygon"},"id":679,"properties":{"parentKey":"KEN:1159310041","sourceCountryId":"KEN","syntheticOperational":true,"territoryId":"territory:catalog:3e5ac270716b4d4d949cd7257c0b09687e5b680ddb0472ac4917fb0f1dead304"},"type":"Feature"},{"geometry":{"coordinates":[[[39.628074385123,-2.158273381295],[39.844031193761,-2.158273381295],[39.844031193761,-1.942446043165],[39.712230215827,-1.942446043165],[39.628074385123,-1.942446043165],[39.628074385123,-2.158273381295]]],"type":"Polygon"},"id":680,"properties":{"parentKey":"KEN:1159309927","sourceCountryId":"KEN","syntheticOperational":true,"territoryId":"territory:catalog:b3a902e63ae14138f6e6cb6e337f282edb13a2da473b45acb339c7f0a1c75224"},"type":"Feature"},{"geometry":{"coordinates":[[[36.49543652967,2.589928057554],[36.518112,2.551628],[36.526174,2.510493],[36.526122,2.464424],[36.532168,2.422669],[36.558472,2.394583],[36.564776,2.400965],[36.572269,2.405151],[36.581778,2.407476],[36.59387,2.408251],[36.597436,2.407011],[36.604679064187,2.405917590862],[36.604679064187,2.589928057554],[36.49543652967,2.589928057554]]],"type":"Polygon"},"id":681,"properties":{"parentKey":"KEN:1159308875","sourceCountryId":"KEN","syntheticOperational":true,"territoryId":"territory:catalog:6c490a1e6caf270b1434ba05fd65ea7de054f52b4cbf2c341c2ea2179c0d8e4d"},"type":"Feature"},{"geometry":{"coordinates":[[[38.63309352518,1.510791366906],[38.848920863309,1.510791366906],[38.848920863309,1.726618705036],[38.63309352518,1.726618705036],[38.63309352518,1.510791366906]]],"type":"Polygon"},"id":682,"properties":{"parentKey":"KEN:1159308875","sourceCountryId":"KEN","syntheticOperational":true,"territoryId":"territory:catalog:1adaa74559f1976c7d8e7e9bfd87117a4bdb8fedefa2bd3d8ae74294cd101172"},"type":"Feature"},{"geometry":{"coordinates":[[[35.611510791367,0],[35.827338129496,0],[35.827338129496,0.215827338129],[35.611510791367,0.215827338129],[35.611510791367,0]]],"type":"Polygon"},"id":683,"properties":{"parentKey":"KEN:1159308877","sourceCountryId":"KEN","syntheticOperational":true,"territoryId":"territory:catalog:bd16a9efe165bfe3416253957afa28a50f8417caecbf06c4407db7a66fb67a5c"},"type":"Feature"},{"geometry":{"coordinates":[[[37.599039615846,3.021582733813],[37.81512605042,3.021582733813],[37.81512605042,3.237410071942],[37.599039615846,3.237410071942],[37.599039615846,3.021582733813]]],"type":"Polygon"},"id":684,"properties":{"parentKey":"KEN:1159308875","sourceCountryId":"KEN","syntheticOperational":true,"territoryId":"territory:catalog:7164095157899e2cee607876d6760439a03647780db960cebb7b4d3a92087699"},"type":"Feature"},{"geometry":{"coordinates":[[[38.116376724655,2.589928057554],[38.332333533293,2.589928057554],[38.332333533293,2.805755395683],[38.247298919568,2.805755395683],[38.116376724655,2.805755395683],[38.116376724655,2.589928057554]]],"type":"Polygon"},"id":685,"properties":{"parentKey":"KEN:1159308875","sourceCountryId":"KEN","syntheticOperational":true,"territoryId":"territory:catalog:66593d90df8ec45c35a3d3ee22110594ccda132907425beb230c367dd12c1f00"},"type":"Feature"},{"geometry":{"coordinates":[[[36.474820143885,1.726618705036],[36.690647482014,1.726618705036],[36.690647482014,1.942446043165],[36.604679064187,1.942446043165],[36.474820143885,1.942446043165],[36.474820143885,1.726618705036]]],"type":"Polygon"},"id":686,"properties":{"parentKey":"KEN:1159308877","sourceCountryId":"KEN","syntheticOperational":true,"territoryId":"territory:catalog:e57b0e4ccfa9a229465fd1d640b7360b4a309d1452edf10d5cb35a412fb3e58f"},"type":"Feature"},{"geometry":{"coordinates":[[[34.059300870682,4.10071942446],[34.060897,4.09926],[34.069269,4.08802],[34.072369,4.076419],[34.072679,4.064663],[34.069786,4.041357],[34.065858,4.02743],[34.061517,4.017921],[34.061104,4.007767],[34.068959,3.991876],[34.080844,3.980792],[34.09552,3.970999],[34.107096,3.959501],[34.109576,3.943352],[34.098931,3.917721],[34.086219,3.894673],[34.085402654492,3.884892086331],[34.159762586427,3.884892086331],[34.163423,3.886198],[34.182854,3.886095],[34.185157449491,3.884892086331],[34.27027027027,3.884892086331],[34.27027027027,4.10071942446],[34.182692307692,4.10071942446],[34.059300870682,4.10071942446]]],"type":"Polygon"},"id":687,"properties":{"parentKey":"KEN:1159308877","sourceCountryId":"KEN","syntheticOperational":true,"territoryId":"territory:catalog:3bea9c9f2372bf99f71fd620a491da9413ac04dda61b2e22a3c4a28716307618"},"type":"Feature"},{"geometry":{"coordinates":[[[38.76424715057,2.589928057554],[38.977995029528,2.589928057554],[38.980203959208,2.594858045645],[38.980203959208,2.805755395683],[38.895558223289,2.805755395683],[38.76424715057,2.805755395683],[38.76424715057,2.589928057554]]],"type":"Polygon"},"id":688,"properties":{"parentKey":"KEN:1159308875","sourceCountryId":"KEN","syntheticOperational":true,"territoryId":"territory:catalog:5ada4e5d87e642feb3d8e44d66e20090de75777f89cf7af060587fcd8c50c6ee"},"type":"Feature"},{"geometry":{"coordinates":[[[41.007194244604,-1.726618705036],[41.223021582734,-1.726618705036],[41.223021582734,-1.696072548253],[41.007194244604,-1.70970200862],[41.007194244604,-1.726618705036]]],"type":"Polygon"},"id":689,"properties":{"parentKey":"KEN:1159309927","sourceCountryId":"KEN","syntheticOperational":true,"territoryId":"territory:catalog:cf8f0f73a7ac43b161cfe212cd5184df3a72ecdd01439244747d2d600fd30b58"},"type":"Feature"},{"geometry":{"coordinates":[[[36.906474820144,0.582679917161],[37.122302158273,0.554970359683],[37.122302158273,0.647482014388],[36.906474820144,0.647482014388],[36.906474820144,0.582679917161]]],"type":"Polygon"},"id":690,"properties":{"parentKey":"KEN:1159308875","sourceCountryId":"KEN","syntheticOperational":true,"territoryId":"territory:catalog:bbc05e64b2f9f927649c8965401f766ff569366f93ac270c12ae90df2d277a51"},"type":"Feature"},{"geometry":{"coordinates":[[[37.207199881926,-1.079136690647],[37.306403031313,-1.079136690647],[37.289642,-1.067376],[37.284681,-1.066084],[37.279565,-1.065826],[37.268868,-1.067945],[37.264062,-1.069805],[37.255225,-1.074456],[37.248507,-1.077143],[37.23874,-1.079004],[37.226958,-1.078487],[37.221532,-1.077402],[37.215796,-1.077092],[37.210215,-1.077763],[37.207199881926,-1.079136690647]]],"type":"Polygon"},"id":691,"properties":{"parentKey":"KEN:1159308875","sourceCountryId":"KEN","syntheticOperational":true,"territoryId":"territory:catalog:171716a54b7177ec30c33683e6ab010091cedb0778eefa6fc9d63615e915fd7f"},"type":"Feature"},{"geometry":{"coordinates":[[[37.338129496403,-0.863309352518],[37.553956834532,-0.863309352518],[37.553956834532,-0.647482014388],[37.477057528661,-0.647482014388],[37.478312,-0.695823],[37.480534,-0.707553],[37.485495,-0.723728],[37.487666,-0.728224],[37.490766,-0.731996],[37.492472,-0.735717],[37.490766,-0.740265],[37.480224,-0.746621],[37.347829,-0.796127],[37.340078,-0.797005],[37.338129496403,-0.796722038346],[37.338129496403,-0.863309352518]]],"type":"Polygon"},"id":692,"properties":{"parentKey":"KEN:1159308875","sourceCountryId":"KEN","syntheticOperational":true,"territoryId":"territory:catalog:fc159b25f4b639df6cea626b297159d0372b80303bee3873b7abe08ce4f7c11d"},"type":"Feature"},{"geometry":{"coordinates":[[[39.074698592343,2.805755395683],[39.111644657863,2.805755395683],[39.111644657863,2.905977712915],[39.109996,2.901942],[39.108859,2.894862],[39.109065,2.8806],[39.106378,2.860575],[39.101882,2.855847],[39.095371,2.851893],[39.074698592343,2.805755395683]]],"type":"Polygon"},"id":693,"properties":{"parentKey":"KEN:1159308881","sourceCountryId":"KEN","syntheticOperational":true,"territoryId":"territory:catalog:8085e4c83e53d702775c400b4c357646e8ea60be6cd4b4fff6361c1003fe9f69"},"type":"Feature"},{"geometry":{"coordinates":[[[39.496402877698,-1.510791366906],[39.712230215827,-1.510791366906],[39.712230215827,-1.294964028777],[39.496402877698,-1.294964028777],[39.496402877698,-1.510791366906]]],"type":"Polygon"},"id":694,"properties":{"parentKey":"KEN:1159309927","sourceCountryId":"KEN","syntheticOperational":true,"territoryId":"territory:catalog:419de9349f858da62d82d24b2b84ce8829ad795f4511d77adc6686e0b0224673"},"type":"Feature"},{"geometry":{"coordinates":[[[34.744437763079,4.748201438849],[34.960914010824,4.748201438849],[34.960914010824,4.874588830145],[34.920829,4.859511],[34.844751,4.830895],[34.763589,4.800366],[34.744437763079,4.793401949629],[34.744437763079,4.748201438849]]],"type":"Polygon"},"id":695,"properties":{"parentKey":"KEN:1159308877","sourceCountryId":"KEN","syntheticOperational":true,"territoryId":"territory:catalog:9639238edaebe05e1c02733270cf2caf26a2321411491da1529302c981d4452b"},"type":"Feature"},{"geometry":{"coordinates":[[[37.985611510791,0.786557165423],[37.985723,0.786671],[37.992596,0.795456],[37.997092,0.799021],[38.000658,0.801243],[38.009494,0.803],[38.01492,0.803155],[38.020036,0.802225],[38.034609,0.796489],[38.050939,0.79189],[38.05559,0.791322],[38.056985,0.794525],[38.052677491899,0.863309352518],[37.985611510791,0.863309352518],[37.985611510791,0.786557165423]]],"type":"Polygon"},"id":696,"properties":{"parentKey":"KEN:1159308877","sourceCountryId":"KEN","syntheticOperational":true,"territoryId":"territory:catalog:61f96af12460740a69221e806e02486570dd4bedcf711a9fd5381b61c566ac76"},"type":"Feature"},{"geometry":{"coordinates":[[[35.956808638272,-2.103579730867],[36.054738871867,-2.158273381295],[36.172765446911,-2.158273381295],[36.172765446911,-1.942446043165],[36.043165467626,-1.942446043165],[35.956808638272,-1.942446043165],[35.956808638272,-2.103579730867]]],"type":"Polygon"},"id":697,"properties":{"parentKey":"KEN:1159308877","sourceCountryId":"KEN","syntheticOperational":true,"territoryId":"territory:catalog:afe856c212ebd6b9b9eb2d919370083d392f4e161750b3b2edb3a6ec01f703ae"},"type":"Feature"},{"geometry":{"coordinates":[[[37.769784172662,-1.079136690647],[37.985611510791,-1.079136690647],[37.985611510791,-0.863309352518],[37.769784172662,-0.863309352518],[37.769784172662,-1.079136690647]]],"type":"Polygon"},"id":698,"properties":{"parentKey":"KEN:1159308875","sourceCountryId":"KEN","syntheticOperational":true,"territoryId":"territory:catalog:64f52fb03d03f24ffdcec894e4393fe6c0cd36794a697f03c7bbf6986f76d14f"},"type":"Feature"},{"geometry":{"coordinates":[[[41.007194244604,-1.70970200862],[41.223021582734,-1.696072548253],[41.223021582734,-1.510791366906],[41.007194244604,-1.510791366906],[41.007194244604,-1.70970200862]]],"type":"Polygon"},"id":699,"properties":{"parentKey":"KEN:1159308881","sourceCountryId":"KEN","syntheticOperational":true,"territoryId":"territory:catalog:aa13bc6e50cfe7e258902adf4bb3382250cd44b872263af5e8abb1c3ec53f562"},"type":"Feature"},{"geometry":{"coordinates":[[[35.179856115108,0.647482014388],[35.395683453237,0.647482014388],[35.395683453237,0.863309352518],[35.179856115108,0.863309352518],[35.179856115108,0.647482014388]]],"type":"Polygon"},"id":700,"properties":{"parentKey":"KEN:1159308877","sourceCountryId":"KEN","syntheticOperational":true,"territoryId":"territory:catalog:475c798d36f64bdb762d1077bb2496a2ccee60f24ec84ece29de3e03fa212a2c"},"type":"Feature"},{"geometry":{"coordinates":[[[36.404071926651,2.805755395683],[36.410677,2.791354],[36.41786,2.763914],[36.431451,2.741409],[36.436205,2.730376],[36.437135,2.723555],[36.436825,2.654438],[36.443647,2.630692],[36.477236,2.611753],[36.4946,2.591341],[36.49543652967,2.589928057554],[36.604679064187,2.589928057554],[36.604679064187,2.805755395683],[36.518607442977,2.805755395683],[36.404071926651,2.805755395683]]],"type":"Polygon"},"id":701,"properties":{"parentKey":"KEN:1159308875","sourceCountryId":"KEN","syntheticOperational":true,"territoryId":"territory:catalog:dca0e5f86dd3e0361b0f6a9ecd032883080b40e7e23ba3ef9efaf7ae2721b65e"},"type":"Feature"},{"geometry":{"coordinates":[[[34.084772,3.877336],[34.108026,3.868938],[34.123736,3.872039],[34.159762586427,3.884892086331],[34.085402654492,3.884892086331],[34.084772,3.877336]]],"type":"Polygon"},"id":702,"properties":{"parentKey":"KEN:1159308877","sourceCountryId":"KEN","syntheticOperational":true,"territoryId":"territory:catalog:bd027b01ac3dea47efaf947ea6fe2e78ac512abaa7698214036521a83693a5ff"},"type":"Feature"},{"geometry":{"coordinates":[[[35.827338129496,-1.510791366906],[36.043165467626,-1.510791366906],[36.043165467626,-1.294964028777],[35.827338129496,-1.294964028777],[35.827338129496,-1.510791366906]]],"type":"Polygon"},"id":703,"properties":{"parentKey":"KEN:1159308877","sourceCountryId":"KEN","syntheticOperational":true,"territoryId":"territory:catalog:06629504911d0806ee8145db06164c1296282f025e778ea4620f01b02520097f"},"type":"Feature"},{"geometry":{"coordinates":[[[34.527961515334,4.532374100719],[34.615384615385,4.532374100719],[34.744437763079,4.532374100719],[34.744437763079,4.748201438849],[34.632720862934,4.748201438849],[34.598159,4.73092],[34.529156,4.696419],[34.527961515334,4.695803380186],[34.527961515334,4.532374100719]]],"type":"Polygon"},"id":704,"properties":{"parentKey":"KEN:1159308877","sourceCountryId":"KEN","syntheticOperational":true,"territoryId":"territory:catalog:1c638683cdd6d6e757eb061404f684c37d37759b66c8970b345ea2558eb89ef8"},"type":"Feature"},{"geometry":{"coordinates":[[[39.064748201439,-1.079136690647],[39.280575539568,-1.079136690647],[39.280575539568,-0.863309352518],[39.064748201439,-0.863309352518],[39.064748201439,-1.079136690647]]],"type":"Polygon"},"id":705,"properties":{"parentKey":"KEN:1159309927","sourceCountryId":"KEN","syntheticOperational":true,"territoryId":"territory:catalog:0b8c27d017557bb45cd3edd9bbd7f3fc7a322c2912de8cc3a1458e3a3711b3fb"},"type":"Feature"},{"geometry":{"coordinates":[[[38.247298919568,2.805755395683],[38.332333533293,2.805755395683],[38.463385354142,2.805755395683],[38.463385354142,3.021582733813],[38.247298919568,3.021582733813],[38.247298919568,2.805755395683]]],"type":"Polygon"},"id":706,"properties":{"parentKey":"KEN:1159308875","sourceCountryId":"KEN","syntheticOperational":true,"territoryId":"territory:catalog:c97dc895a71ee1fcb0b86e995b16f9e453efb09689ee0dffe5071f48b09e4d08"},"type":"Feature"},{"geometry":{"coordinates":[[[39.496402877698,-1.726618705036],[39.712230215827,-1.726618705036],[39.712230215827,-1.510791366906],[39.496402877698,-1.510791366906],[39.496402877698,-1.726618705036]]],"type":"Polygon"},"id":707,"properties":{"parentKey":"KEN:1159309927","sourceCountryId":"KEN","syntheticOperational":true,"territoryId":"territory:catalog:e02a527f932f49d3b2f466834a5b81e35febeb55e6c0590307da4107ef9b1806"},"type":"Feature"},{"geometry":{"coordinates":[[[37.945945945946,3.453237410072],[38.031212484994,3.453237410072],[38.162162162162,3.453237410072],[38.162162162162,3.619747890349],[38.145609,3.618437],[38.114087,3.610608],[38.101891,3.612649],[38.078843,3.632673],[38.048974,3.641846],[38.036158,3.648926],[38.020759,3.667167],[38.019574857658,3.669064748201],[37.945945945946,3.669064748201],[37.945945945946,3.453237410072]]],"type":"Polygon"},"id":708,"properties":{"parentKey":"KEN:1159308875","sourceCountryId":"KEN","syntheticOperational":true,"territoryId":"territory:catalog:83f806add5021d3ed6770893ab0a72c2c67f9f64840d20f7d517bec2ac8c4bd8"},"type":"Feature"},{"geometry":{"coordinates":[[[39.196160767846,1.942446043165],[39.280575539568,1.942446043165],[39.412117576485,1.942446043165],[39.412117576485,2.158273381295],[39.196160767846,2.158273381295],[39.196160767846,1.942446043165]]],"type":"Polygon"},"id":709,"properties":{"parentKey":"KEN:1159308881","sourceCountryId":"KEN","syntheticOperational":true,"territoryId":"territory:catalog:61cccd25450b5d3fc3747de886644cd56bdeeb193a141f01b13e37f0a1e35f19"},"type":"Feature"},{"geometry":{"coordinates":[[[37.081081081081,3.669064748201],[37.297297297297,3.669064748201],[37.297297297297,3.884892086331],[37.081081081081,3.884892086331],[37.081081081081,3.669064748201]]],"type":"Polygon"},"id":710,"properties":{"parentKey":"KEN:1159308875","sourceCountryId":"KEN","syntheticOperational":true,"territoryId":"territory:catalog:02893fa5947c42f086b2b57e64e25a6d5143f968e941a27de8094c9392060e8b"},"type":"Feature"},{"geometry":{"coordinates":[[[40.791366906475,-1.802878241363],[40.961871849834,-1.726618705036],[40.791366906475,-1.726618705036],[40.791366906475,-1.802878241363]]],"type":"Polygon"},"id":711,"properties":{"parentKey":"KEN:1159308881","sourceCountryId":"KEN","syntheticOperational":true,"territoryId":"territory:catalog:af063f90fc208f3eb6bfaad99160dfa465fd6b47a0ef919a7f6f361f57b1901c"},"type":"Feature"},{"geometry":{"coordinates":[[[39.064748201439,1.916219669503],[39.067931,1.911382],[39.075062,1.904484],[39.107308,1.882056],[39.121933,1.868568],[39.125033,1.864848],[39.13604,1.848079],[39.144257,1.829217],[39.146893,1.824954],[39.149993,1.820923],[39.160225,1.810226],[39.166116,1.802448],[39.17516,1.783457],[39.185547,1.73837],[39.187562,1.733796],[39.190042,1.729688],[39.192359309832,1.726618705036],[39.280575539568,1.726618705036],[39.280575539568,1.942446043165],[39.196160767846,1.942446043165],[39.064748201439,1.942446043165],[39.064748201439,1.916219669503]]],"type":"Polygon"},"id":712,"properties":{"parentKey":"KEN:1159308881","sourceCountryId":"KEN","syntheticOperational":true,"territoryId":"territory:catalog:d5924b1a061a85dcd7c6852923dac2762433ff6951427b80683a1aea058194a3"},"type":"Feature"},{"geometry":{"coordinates":[[[37.338129496403,0.647482014388],[37.348385011811,0.647482014388],[37.347674,0.649056],[37.342713,0.657893],[37.338129496403,0.663951254698],[37.338129496403,0.647482014388]]],"type":"Polygon"},"id":713,"properties":{"parentKey":"KEN:1159308875","sourceCountryId":"KEN","syntheticOperational":true,"territoryId":"territory:catalog:1b7ede370f549f246ca47c872d324cc7681ad4853513e63ac75c83880a4ccd5a"},"type":"Feature"},{"geometry":{"coordinates":[[[39.064748201439,-0.863309352518],[39.280575539568,-0.863309352518],[39.280575539568,-0.647482014388],[39.064748201439,-0.647482014388],[39.064748201439,-0.863309352518]]],"type":"Polygon"},"id":714,"properties":{"parentKey":"KEN:1159309927","sourceCountryId":"KEN","syntheticOperational":true,"territoryId":"territory:catalog:5245f59ff7dc0c553b2a605d884fa40519f5e9c8042133f6f08cb6500dc9e3af"},"type":"Feature"},{"geometry":{"coordinates":[[[39.064748201439,0.863309352518],[39.269250076375,0.863309352518],[39.280575539568,0.882876338491],[39.280575539568,1.079136690647],[39.064748201439,1.079136690647],[39.064748201439,0.863309352518]]],"type":"Polygon"},"id":715,"properties":{"parentKey":"KEN:1159308875","sourceCountryId":"KEN","syntheticOperational":true,"territoryId":"territory:catalog:fb951a23246c13adaebcab3547f13ee1c3bf81b35fe185c6c313a5841a644fb6"},"type":"Feature"},{"geometry":{"coordinates":[[[37.769784172662,-1.942446043165],[37.900419916017,-1.942446043165],[37.985611510791,-1.942446043165],[37.985611510791,-1.726618705036],[37.769784172662,-1.726618705036],[37.769784172662,-1.942446043165]]],"type":"Polygon"},"id":716,"properties":{"parentKey":"KEN:1159308875","sourceCountryId":"KEN","syntheticOperational":true,"territoryId":"territory:catalog:7caae960e854907040469fa9f09ccea1ba18ff7517a093c4e4e46c880b765dbe"},"type":"Feature"},{"geometry":{"coordinates":[[[37.122302158273,-0.013577612926],[37.316513,-0.15937],[37.323645,-0.16986],[37.338129496403,-0.205198860419],[37.338129496403,0],[37.122302158273,0],[37.122302158273,-0.013577612926]]],"type":"Polygon"},"id":717,"properties":{"parentKey":"KEN:1159308875","sourceCountryId":"KEN","syntheticOperational":true,"territoryId":"territory:catalog:2e2a5749ba8412bf30a36067ac4c05d7109c4cffc1e0ac7e893e1a26ac7f670a"},"type":"Feature"},{"geometry":{"coordinates":[[[38.089731540855,-3.884892086331],[38.119431119743,-3.906275699535],[38.162162162162,-3.937041929802],[38.162162162162,-3.884892086331],[38.089731540855,-3.884892086331]]],"type":"Polygon"},"id":718,"properties":{"parentKey":"KEN:1159309927","sourceCountryId":"KEN","syntheticOperational":true,"territoryId":"territory:catalog:a02f0faa8183ac85e07441c7e550cf7d9b59ef8b93a5e315c43a94af11f9623e"},"type":"Feature"},{"geometry":{"coordinates":[[[37.252549490102,-2.158273381295],[37.46850629874,-2.158273381295],[37.46850629874,-2.072677104096],[37.458158,-2.064111],[37.430873,-2.046438],[37.375166,-2.018068],[37.347209,-2.008353],[37.298478,-2.000343],[37.254915,-1.956831],[37.252549490102,-1.955056806704],[37.252549490102,-2.158273381295]]],"type":"Polygon"},"id":719,"properties":{"parentKey":"KEN:1159308877","sourceCountryId":"KEN","syntheticOperational":true,"territoryId":"territory:catalog:8b687a2f1b9eb2754928201cdf4118a4fae797ccc59be0add77b236f192f294b"},"type":"Feature"},{"geometry":{"coordinates":[[[37.72972972973,3.884892086331],[37.730202878622,3.884892086331],[37.73002105432,3.885008932879],[37.72972972973,3.885196148077],[37.72972972973,3.884892086331]]],"type":"Polygon"},"id":720,"properties":{"parentKey":"KEN:1159308875","sourceCountryId":"KEN","syntheticOperational":true,"territoryId":"territory:catalog:187c40f51d7fd1b6ec4d42490030c7c5ec99b49cb3bad78f4e11e24d5da84016"},"type":"Feature"},{"geometry":{"coordinates":[[[36.043165467626,0],[36.258992805755,0],[36.258992805755,0.215827338129],[36.043165467626,0.215827338129],[36.043165467626,0]]],"type":"Polygon"},"id":721,"properties":{"parentKey":"KEN:1159308877","sourceCountryId":"KEN","syntheticOperational":true,"territoryId":"territory:catalog:a573aaa7106de4db7554976274738b10235970a0e7b2bfc4bddd85b2272b63af"},"type":"Feature"},{"geometry":{"coordinates":[[[39.280575539568,0.882876338491],[39.301612,0.919221],[39.304557,0.922993],[39.307503,0.926042],[39.426049,0.971827],[39.437521,0.97746],[39.446409,0.983868],[39.446512,0.992239],[39.444962,0.998854],[39.414938633194,1.079136690647],[39.280575539568,1.079136690647],[39.280575539568,0.882876338491]]],"type":"Polygon"},"id":722,"properties":{"parentKey":"KEN:1159308875","sourceCountryId":"KEN","syntheticOperational":true,"territoryId":"territory:catalog:d83d0f619564e1c33d25e0b09ca280b7b52a630e57e76113bf5d8f1305d1805a"},"type":"Feature"},{"geometry":{"coordinates":[[[39.928057553957,-1.111248150402],[39.930152,-1.108097],[39.93749,-1.100501],[39.928057553957,-1.091102161247],[39.928057553957,-1.111248150402]]],"type":"Polygon"},"id":723,"properties":{"parentKey":"KEN:1159309927","sourceCountryId":"KEN","syntheticOperational":true,"territoryId":"territory:catalog:dbe9f55f0ec764da17829d2a921d4c730f595f27cadf86c876b37c5b04389e2c"},"type":"Feature"},{"geometry":{"coordinates":[[[37.338129496403,-1.726618705036],[37.553956834532,-1.726618705036],[37.553956834532,-1.510791366906],[37.338129496403,-1.510791366906],[37.338129496403,-1.726618705036]]],"type":"Polygon"},"id":724,"properties":{"parentKey":"KEN:1159308875","sourceCountryId":"KEN","syntheticOperational":true,"territoryId":"territory:catalog:332c8d2efad30b70f8a768f7291e357ff3bea9daba6e957a39b628b4d6f042ff"},"type":"Feature"},{"geometry":{"coordinates":[[[34.31654676259,-0.647482014388],[34.532374100719,-0.647482014388],[34.532374100719,-0.431654676259],[34.31654676259,-0.431654676259],[34.31654676259,-0.647482014388]]],"type":"Polygon"},"id":725,"properties":{"parentKey":"KEN:1159310041","sourceCountryId":"KEN","syntheticOperational":true,"territoryId":"territory:catalog:393b5796f849a82a8e8e42853ed4ffc12e38572a1d6e4d5ecc9fb116c04ea9aa"},"type":"Feature"},{"geometry":{"coordinates":[[[37.382953181273,3.237410071942],[37.599039615846,3.237410071942],[37.599039615846,3.453237410072],[37.513513513514,3.453237410072],[37.382953181273,3.453237410072],[37.382953181273,3.237410071942]]],"type":"Polygon"},"id":726,"properties":{"parentKey":"KEN:1159308875","sourceCountryId":"KEN","syntheticOperational":true,"territoryId":"territory:catalog:d7b43887741740884ccc3d46df862cd6e4f8336bb955ab2aaf275fb526a0be2b"},"type":"Feature"},{"geometry":{"coordinates":[[[40.359712230216,-0.647482014388],[40.575539568345,-0.647482014388],[40.575539568345,-0.431654676259],[40.359712230216,-0.431654676259],[40.359712230216,-0.647482014388]]],"type":"Polygon"},"id":727,"properties":{"parentKey":"KEN:1159308881","sourceCountryId":"KEN","syntheticOperational":true,"territoryId":"territory:catalog:d9fc74dec5883ecfb0255de670d1b30f246d20bbf44f12b18f1e6cd880a7d5ae"},"type":"Feature"},{"geometry":{"coordinates":[[[35.179856115108,0.431654676259],[35.395683453237,0.431654676259],[35.395683453237,0.647482014388],[35.179856115108,0.647482014388],[35.179856115108,0.431654676259]]],"type":"Polygon"},"id":728,"properties":{"parentKey":"KEN:1159308877","sourceCountryId":"KEN","syntheticOperational":true,"territoryId":"territory:catalog:2d2f8a7448829a7dda76c27e624664a0f0bcd0e8ad828a421d7e9d4abd383b5a"},"type":"Feature"},{"geometry":{"coordinates":[[[38.201438848921,1.079136690647],[38.41726618705,1.079136690647],[38.41726618705,1.294964028777],[38.201438848921,1.294964028777],[38.201438848921,1.079136690647]]],"type":"Polygon"},"id":729,"properties":{"parentKey":"KEN:1159308875","sourceCountryId":"KEN","syntheticOperational":true,"territoryId":"territory:catalog:a2a4ee372e2ad5c35daa9d5909bd7e2b58b36e478c5fda4a155d0dbfba6a2b6a"},"type":"Feature"},{"geometry":{"coordinates":[[[39.496402877698,-0.863309352518],[39.712230215827,-0.863309352518],[39.712230215827,-0.647482014388],[39.496402877698,-0.647482014388],[39.496402877698,-0.863309352518]]],"type":"Polygon"},"id":730,"properties":{"parentKey":"KEN:1159309927","sourceCountryId":"KEN","syntheticOperational":true,"territoryId":"territory:catalog:5059fdfa547533ee18e38cbdd15ecedbd018870fcbc511317292142a8ce26b26"},"type":"Feature"},{"geometry":{"coordinates":[[[39.712230215827,-1.726618705036],[39.928057553957,-1.726618705036],[39.928057553957,-1.510791366906],[39.712230215827,-1.510791366906],[39.712230215827,-1.726618705036]]],"type":"Polygon"},"id":731,"properties":{"parentKey":"KEN:1159309927","sourceCountryId":"KEN","syntheticOperational":true,"territoryId":"territory:catalog:7f1e686237a25d69d5ca8270c66975bd220e17fb379f34758670278ac48af172"},"type":"Feature"},{"geometry":{"coordinates":[[[39.712230215827,-1.510791366906],[39.928057553957,-1.510791366906],[39.928057553957,-1.294964028777],[39.712230215827,-1.294964028777],[39.712230215827,-1.510791366906]]],"type":"Polygon"},"id":732,"properties":{"parentKey":"KEN:1159309927","sourceCountryId":"KEN","syntheticOperational":true,"territoryId":"territory:catalog:9707fbfdf9ffeac2600f82e48257142bb3c8f7068e9f83be06e8b6a6adc6c90e"},"type":"Feature"},{"geometry":{"coordinates":[[[35.135135135135,3.884892086331],[35.351351351351,3.884892086331],[35.351351351351,4.10071942446],[35.264423076923,4.10071942446],[35.135135135135,4.10071942446],[35.135135135135,3.884892086331]]],"type":"Polygon"},"id":733,"properties":{"parentKey":"KEN:1159308877","sourceCountryId":"KEN","syntheticOperational":true,"territoryId":"territory:catalog:855ddf35e62f36ec498e64cc04e83077b37cf7395b276cd86cff960fe728da3d"},"type":"Feature"},{"geometry":{"coordinates":[[[34.748201438849,-1.294964028777],[34.964028776978,-1.294964028777],[34.964028776978,-1.079136690647],[34.748201438849,-1.079136690647],[34.748201438849,-1.294964028777]]],"type":"Polygon"},"id":734,"properties":{"parentKey":"KEN:1159308877","sourceCountryId":"KEN","syntheticOperational":true,"territoryId":"territory:catalog:3a26f0bada60f03aeef140aa5027602eae8b1b0c48971c28b6ab051cf5bd3c22"},"type":"Feature"},{"geometry":{"coordinates":[[[41.405405405405,3.884892086331],[41.621621621622,3.884892086331],[41.621621621622,3.975023435973],[41.602246,3.983065],[41.586329,3.984151],[41.506231,3.964384],[41.479773,3.962938],[41.429543,3.948882],[41.405405405405,3.947491491331],[41.405405405405,3.884892086331]]],"type":"Polygon"},"id":735,"properties":{"parentKey":"KEN:1159308881","sourceCountryId":"KEN","syntheticOperational":true,"territoryId":"territory:catalog:8ee22fb67530e8e31bbd9c35ab8bf8e4443e994ec6f6d404fb6ce9a879309f1b"},"type":"Feature"},{"geometry":{"coordinates":[[[40.972972972973,3.669064748201],[41.189189189189,3.669064748201],[41.189189189189,3.884892086331],[40.972972972973,3.884892086331],[40.972972972973,3.669064748201]]],"type":"Polygon"},"id":736,"properties":{"parentKey":"KEN:1159308881","sourceCountryId":"KEN","syntheticOperational":true,"territoryId":"territory:catalog:20e21251187e4808b3a83088dd2633d79ab09fc7cef40ec9fa86713903252dc3"},"type":"Feature"},{"geometry":{"coordinates":[[[40.791366906475,1.510791366906],[40.968486,1.510791366906],[40.968486,1.726618705036],[40.791366906475,1.726618705036],[40.791366906475,1.510791366906]]],"type":"Polygon"},"id":737,"properties":{"parentKey":"KEN:1159308881","sourceCountryId":"KEN","syntheticOperational":true,"territoryId":"territory:catalog:2ceb25b0afb3eef8eeeede8e06586c72ec06015eaeab03dcc65a13d9b5a6292f"},"type":"Feature"},{"geometry":{"coordinates":[[[36.648648648649,3.453237410072],[36.734693877551,3.453237410072],[36.864864864865,3.453237410072],[36.864864864865,3.669064748201],[36.648648648649,3.669064748201],[36.648648648649,3.453237410072]]],"type":"Polygon"},"id":738,"properties":{"parentKey":"KEN:1159308875","sourceCountryId":"KEN","syntheticOperational":true,"territoryId":"territory:catalog:2696efa2bdd8725b99012b98f90d94f89400ebbbf6ca559b6fb922863dcb69f2"},"type":"Feature"},{"geometry":{"coordinates":[[[40.540540540541,3.884892086331],[40.756756756757,3.884892086331],[40.756756756757,4.10071942446],[40.673076923077,4.10071942446],[40.540540540541,4.10071942446],[40.540540540541,3.884892086331]]],"type":"Polygon"},"id":739,"properties":{"parentKey":"KEN:1159308881","sourceCountryId":"KEN","syntheticOperational":true,"territoryId":"territory:catalog:d84bd1547f4cd6a2310f57cbb8ffcb983a7425ed5f1858dc1c1264676cf65a0d"},"type":"Feature"},{"geometry":{"coordinates":[[[36.346153846154,4.31654676259],[36.5625,4.31654676259],[36.5625,4.442205848462],[36.463025,4.440169],[36.346153846154,4.437829426024],[36.346153846154,4.31654676259]]],"type":"Polygon"},"id":740,"properties":{"parentKey":"KEN:1159308875","sourceCountryId":"KEN","syntheticOperational":true,"territoryId":"territory:catalog:467ec072c1c2b3ed6896fcbb91cf9e9965483dcb9b81e206ae64d6085358aef2"},"type":"Feature"},{"geometry":{"coordinates":[[[34.532374100719,0.215827338129],[34.748201438849,0.215827338129],[34.748201438849,0.431654676259],[34.532374100719,0.431654676259],[34.532374100719,0.215827338129]]],"type":"Polygon"},"id":741,"properties":{"parentKey":"KEN:1159308879","sourceCountryId":"KEN","syntheticOperational":true,"territoryId":"territory:catalog:b98008e23b610a6772697deaced1b3a548b83478f0f88028d015065b0979b34c"},"type":"Feature"},{"geometry":{"coordinates":[[[38.031212484994,2.805755395683],[38.116376724655,2.805755395683],[38.247298919568,2.805755395683],[38.247298919568,3.021582733813],[38.031212484994,3.021582733813],[38.031212484994,2.805755395683]]],"type":"Polygon"},"id":742,"properties":{"parentKey":"KEN:1159308875","sourceCountryId":"KEN","syntheticOperational":true,"territoryId":"territory:catalog:da354b1af75e5d7ab049b9a1e50bf3d6991dc8b1e16a1e962645eb6d851e31c0"},"type":"Feature"},{"geometry":{"coordinates":[[[40.791366906475,-1.510791366906],[41.007194244604,-1.510791366906],[41.007194244604,-1.294964028777],[40.791366906475,-1.294964028777],[40.791366906475,-1.510791366906]]],"type":"Polygon"},"id":743,"properties":{"parentKey":"KEN:1159308881","sourceCountryId":"KEN","syntheticOperational":true,"territoryId":"territory:catalog:11fe309922cb84ae548614eeede0d948a6d617eafefcbc1c6b76f68bc9b5c914"},"type":"Feature"},{"geometry":{"coordinates":[[[37.769784172662,-0.647482014388],[37.985611510791,-0.647482014388],[37.985611510791,-0.431654676259],[37.769784172662,-0.431654676259],[37.769784172662,-0.647482014388]]],"type":"Polygon"},"id":744,"properties":{"parentKey":"KEN:1159308875","sourceCountryId":"KEN","syntheticOperational":true,"territoryId":"territory:catalog:426a3f3583a2090f9c26c342bd84bbd913154349c98ef5f9a4c1e2de6b27bb48"},"type":"Feature"},{"geometry":{"coordinates":[[[37.382953181273,-2.899710688473],[37.424212,-2.922754],[37.562286,-2.999867],[37.599039615846,-3.020383047373],[37.599039615846,-2.805755395683],[37.46850629874,-2.805755395683],[37.382953181273,-2.805755395683],[37.382953181273,-2.899710688473]]],"type":"Polygon"},"id":745,"properties":{"parentKey":"KEN:1159308877","sourceCountryId":"KEN","syntheticOperational":true,"territoryId":"territory:catalog:8d01de3a8b867473b80a4f30ef2acc30c681154f49cf48cfddcfc739c29f3d5c"},"type":"Feature"},{"geometry":{"coordinates":[[[36,3.884892086331],[36.045398666978,3.884892086331],[36.045370215533,4.10071942446],[36,4.10071942446],[36,3.884892086331]]],"type":"Polygon"},"id":746,"properties":{"parentKey":"KEN:1159308877","sourceCountryId":"KEN","syntheticOperational":true,"territoryId":"territory:catalog:b5cb29ee90bd94a7a9b0cee8e603c4d310181eaf36945310a5758c0b91e96e96"},"type":"Feature"},{"geometry":{"coordinates":[[[38.332333533293,-2.374100719424],[38.548290341932,-2.374100719424],[38.548290341932,-2.158273381295],[38.332333533293,-2.158273381295],[38.332333533293,-2.374100719424]]],"type":"Polygon"},"id":747,"properties":{"parentKey":"KEN:1159308875","sourceCountryId":"KEN","syntheticOperational":true,"territoryId":"territory:catalog:d238b9ea14177efd5882d510551da5e0c114a783ad5841380d0ce130ccdcbd4b"},"type":"Feature"},{"geometry":{"coordinates":[[[39.712230215827,1.294964028777],[39.928057553957,1.294964028777],[39.928057553957,1.510791366906],[39.712230215827,1.510791366906],[39.712230215827,1.294964028777]]],"type":"Polygon"},"id":748,"properties":{"parentKey":"KEN:1159308881","sourceCountryId":"KEN","syntheticOperational":true,"territoryId":"territory:catalog:797fb2f440d8c01c68bf19c52ab95406238e75a4c77b36f1a8692c95f9a1bebe"},"type":"Feature"},{"geometry":{"coordinates":[[[38.201438848921,-1.942446043165],[38.332333533293,-1.942446043165],[38.41726618705,-1.942446043165],[38.41726618705,-1.726618705036],[38.201438848921,-1.726618705036],[38.201438848921,-1.942446043165]]],"type":"Polygon"},"id":749,"properties":{"parentKey":"KEN:1159308875","sourceCountryId":"KEN","syntheticOperational":true,"territoryId":"territory:catalog:b81c9f23605fc1075a10631d438fa53be604baea0a006d17cfaa7568c2a8de70"},"type":"Feature"},{"geometry":{"coordinates":[[[39.111644657863,2.905977712915],[39.112941,2.909151],[39.120227,2.91822],[39.125654,2.923104],[39.13108,2.926437],[39.139916,2.931036],[39.166736,2.93747],[39.1764,2.94119],[39.180586,2.943748],[39.184306,2.946771],[39.199344,2.96323],[39.206786,2.969354],[39.216242,2.973462],[39.266989,2.989766],[39.275257,2.994727],[39.281768,3.000618],[39.29324,3.01762],[39.296606012497,3.021582733813],[39.111644657863,3.021582733813],[39.111644657863,2.905977712915]]],"type":"Polygon"},"id":750,"properties":{"parentKey":"KEN:1159308875","sourceCountryId":"KEN","syntheticOperational":true,"territoryId":"territory:catalog:1dd5c60cfb9256f50760aa6f92617d292346724e8ffd99950bcf6daedff04c10"},"type":"Feature"},{"geometry":{"coordinates":[[[37.81512605042,-3.237410071942],[38.031212484994,-3.237410071942],[38.031212484994,-3.021582733813],[37.849159414888,-3.021582733813],[37.834621,-3.153141],[37.830901,-3.164974],[37.824389,-3.173914],[37.81512605042,-3.17463160537],[37.81512605042,-3.237410071942]]],"type":"Polygon"},"id":751,"properties":{"parentKey":"KEN:1159309927","sourceCountryId":"KEN","syntheticOperational":true,"territoryId":"territory:catalog:8d6de74699ab641e8774f78b03d35174f8e676def60481440e100fe462692523"},"type":"Feature"},{"geometry":{"coordinates":[[[40.840336134454,3.237410071942],[41.056422569028,3.237410071942],[41.056422569028,3.453237410072],[40.972972972973,3.453237410072],[40.840336134454,3.453237410072],[40.840336134454,3.237410071942]]],"type":"Polygon"},"id":752,"properties":{"parentKey":"KEN:1159308881","sourceCountryId":"KEN","syntheticOperational":true,"territoryId":"territory:catalog:02773a329bed44ef3296a076a621870fba25ebb9bf0113023d77b2aef4538405"},"type":"Feature"},{"geometry":{"coordinates":[[[35.827338129496,-0.647482014388],[36.043165467626,-0.647482014388],[36.043165467626,-0.431654676259],[35.827338129496,-0.431654676259],[35.827338129496,-0.647482014388]]],"type":"Polygon"},"id":753,"properties":{"parentKey":"KEN:1159308877","sourceCountryId":"KEN","syntheticOperational":true,"territoryId":"territory:catalog:fd1f8c18e548a83d4b0ea8f861862c9744989c7bae639cb8eb4c7076bacce0c3"},"type":"Feature"},{"geometry":{"coordinates":[[[37.46850629874,-2.589928057554],[37.684463107379,-2.589928057554],[37.684463107379,-2.459155739117],[37.610722747411,-2.374100719424],[37.46850629874,-2.374100719424],[37.46850629874,-2.589928057554]]],"type":"Polygon"},"id":754,"properties":{"parentKey":"KEN:1159308877","sourceCountryId":"KEN","syntheticOperational":true,"territoryId":"territory:catalog:e0c415310e4a4074f1963894b7fe7d96db32bd73bea5baa131bba33ad164e2da"},"type":"Feature"},{"geometry":{"coordinates":[[[36.906474820144,-1.294964028777],[36.966116324848,-1.294964028777],[36.969351,-1.2916],[36.974312,-1.289637],[36.979583,-1.290464],[36.989867,-1.293151],[37.002424,-1.293409],[37.010819215104,-1.294964028777],[37.073873515851,-1.294964028777],[37.089034,-1.278888],[37.100661,-1.268966],[37.106087,-1.262248],[37.122302158273,-1.246230548672],[37.122302158273,-1.226017156264],[37.116784,-1.219357],[37.106707,-1.211244],[37.093685,-1.203595],[37.064642,-1.20928],[37.051775,-1.214034],[37.044954,-1.215584],[37.03653,-1.216411],[37.022268,-1.216101],[37.007075,-1.214034],[36.999478,-1.21176],[36.982735,-1.204061],[36.965785,-1.193622],[36.962065,-1.190211],[36.960359,-1.185405],[36.960669,-1.179979],[36.96191,-1.174657],[36.971521,-1.158172],[36.971987,-1.153831],[36.970281,-1.150627],[36.966871,-1.148612],[36.957104,-1.145563],[36.954778,-1.144478],[36.947492,-1.140137],[36.942531,-1.139362],[36.93726,-1.140137],[36.910078,-1.169489],[36.906474820144,-1.172098420287],[36.906474820144,-1.294964028777]]],"type":"Polygon"},"id":755,"properties":{"parentKey":"KEN:1159310039","sourceCountryId":"KEN","syntheticOperational":true,"territoryId":"territory:catalog:2ddfab8fc22c490c43ef011cffd51457493c42b237c28e5009e82caf45c834d4"},"type":"Feature"},{"geometry":{"coordinates":[[[36.906474820144,-0.300263406742],[36.907598,-0.300757],[36.910543,-0.301273],[36.914729,-0.301377],[36.920982,-0.298586],[36.925788,-0.294865],[36.930749,-0.289904],[36.934779,-0.287321],[36.938965,-0.287631],[36.952143,-0.294245],[36.957104,-0.296106],[36.96315,-0.296002],[36.969196,-0.293625],[36.977102,-0.285874],[36.989091,-0.270474],[36.992812,-0.264376],[37.000874,-0.254454],[37.017462,-0.23921],[37.020562,-0.235748],[37.023353,-0.231562],[37.026143,-0.221847],[37.027351885318,-0.21582733813],[36.906474820144,-0.21582733813],[36.906474820144,-0.300263406742]]],"type":"Polygon"},"id":756,"properties":{"parentKey":"KEN:1159308877","sourceCountryId":"KEN","syntheticOperational":true,"territoryId":"territory:catalog:74d2281ce99517e869ad15ed7d32bbe74b64a5f7a6d053f59dcf9baa148c9f48"},"type":"Feature"},{"geometry":{"coordinates":[[[39.496402877698,-1.079136690647],[39.712230215827,-1.079136690647],[39.712230215827,-0.863309352518],[39.496402877698,-0.863309352518],[39.496402877698,-1.079136690647]]],"type":"Polygon"},"id":757,"properties":{"parentKey":"KEN:1159309927","sourceCountryId":"KEN","syntheticOperational":true,"territoryId":"territory:catalog:b8908da660d00c680095d2c76a2466d8e22e934cec879d47642233c1989a647d"},"type":"Feature"},{"geometry":{"coordinates":[[[36.690647482014,-1.942446043165],[36.820635872825,-1.942446043165],[36.906474820144,-1.942446043165],[36.906474820144,-1.726618705036],[36.690647482014,-1.726618705036],[36.690647482014,-1.942446043165]]],"type":"Polygon"},"id":758,"properties":{"parentKey":"KEN:1159308877","sourceCountryId":"KEN","syntheticOperational":true,"territoryId":"territory:catalog:611f6e4bf15dff5e506efa3f6a9c7080496692092bb138f4ad30486fb10e6015"},"type":"Feature"},{"geometry":{"coordinates":[[[38.980203959208,2.374100719424],[39.196160767846,2.374100719424],[39.196160767846,2.589928057554],[38.980203959208,2.589928057554],[38.980203959208,2.374100719424]]],"type":"Polygon"},"id":759,"properties":{"parentKey":"KEN:1159308881","sourceCountryId":"KEN","syntheticOperational":true,"territoryId":"territory:catalog:01835df9c0b7c2ee0b5e86c3cde892befa5251dd544c0632e6d5d0e6d1f6481e"},"type":"Feature"},{"geometry":{"coordinates":[[[37.117367508879,-1.726618705036],[37.122302158273,-1.732505989189],[37.122302158273,-1.726618705036],[37.117367508879,-1.726618705036]]],"type":"Polygon"},"id":760,"properties":{"parentKey":"KEN:1159308875","sourceCountryId":"KEN","syntheticOperational":true,"territoryId":"territory:catalog:c5c96dc8b223556df9075d4c348baadfcaeab759842b7f861a6c9264ea0b7f43"},"type":"Feature"},{"geometry":{"coordinates":[[[39.064748201439,1.079136690647],[39.280575539568,1.079136690647],[39.280575539568,1.294964028777],[39.064748201439,1.294964028777],[39.064748201439,1.079136690647]]],"type":"Polygon"},"id":761,"properties":{"parentKey":"KEN:1159308875","sourceCountryId":"KEN","syntheticOperational":true,"territoryId":"territory:catalog:5794bac9f93d2894008552d1e909ce696fd5e51c9dcbf0ab80d3c70f485ba520"},"type":"Feature"},{"geometry":{"coordinates":[[[33.977078,4.219692],[34.006017,4.205713],[34.028548,4.188014],[34.041054,4.164812],[34.03971,4.134038],[34.04095,4.120421],[34.049735,4.109466],[34.059300870682,4.10071942446],[34.182692307692,4.10071942446],[34.182692307692,4.31654676259],[34.074832171762,4.31654676259],[33.977078,4.219692]]],"type":"Polygon"},"id":762,"properties":{"parentKey":"KEN:1159308877","sourceCountryId":"KEN","syntheticOperational":true,"territoryId":"territory:catalog:f25400fe56f57134d9cc3eee842f24758364165b2f029db8515beb58a88b222e"},"type":"Feature"},{"geometry":{"coordinates":[[[39.064748201439,-1.726618705036],[39.280575539568,-1.726618705036],[39.280575539568,-1.510791366906],[39.064748201439,-1.510791366906],[39.064748201439,-1.726618705036]]],"type":"Polygon"},"id":763,"properties":{"parentKey":"KEN:1159309927","sourceCountryId":"KEN","syntheticOperational":true,"territoryId":"territory:catalog:fe4e900fa5d0ca67daadbe7e20263234da9568b037382c60d04767cf4d93729b"},"type":"Feature"},{"geometry":{"coordinates":[[[38.989875434331,0.647482014388],[39.064748201439,0.647482014388],[39.064748201439,0.675735234746],[38.989875434331,0.647482014388]]],"type":"Polygon"},"id":764,"properties":{"parentKey":"KEN:1159308881","sourceCountryId":"KEN","syntheticOperational":true,"territoryId":"territory:catalog:4fa04bdd4c0919032ce60b6cfa015d96b8b6843d2b0c0813d92519f0a2d56c15"},"type":"Feature"},{"geometry":{"coordinates":[[[38.63309352518,0.863309352518],[38.848920863309,0.863309352518],[38.848920863309,1.079136690647],[38.63309352518,1.079136690647],[38.63309352518,0.863309352518]]],"type":"Polygon"},"id":765,"properties":{"parentKey":"KEN:1159308875","sourceCountryId":"KEN","syntheticOperational":true,"territoryId":"territory:catalog:a68b44f359aec5e8a57cc34128abc9b8cc7ce5e5f06afa9202f82acbbeec6735"},"type":"Feature"},{"geometry":{"coordinates":[[[38.941634,2.14266],[38.943184,2.132738],[38.94985,2.125219],[38.952641,2.121189],[38.955121,2.11677],[38.960392,2.101474],[38.963338,2.097366],[38.966593,2.094033],[38.970469,2.091087],[38.977446,2.084395],[38.980203959208,2.079233799334],[38.980203959208,2.158273381295],[38.941789816171,2.158273381295],[38.941737,2.157801],[38.941634,2.14266]]],"type":"Polygon"},"id":766,"properties":{"parentKey":"KEN:1159308881","sourceCountryId":"KEN","syntheticOperational":true,"territoryId":"territory:catalog:67b63db3b8aa95ba052d51cbb88fa74e8b22aac0a0fb6e752f9fe1601bb7a550"},"type":"Feature"},{"geometry":{"coordinates":[[[39.444347,-4.563409],[39.450694,-4.581964],[39.467145670977,-4.532374100719],[39.446963742001,-4.532374100719],[39.447439,-4.534275],[39.444347,-4.563409]]],"type":"Polygon"},"id":767,"properties":{"parentKey":"KEN:1159309927","sourceCountryId":"KEN","syntheticOperational":true,"territoryId":"territory:catalog:b28aeceedc47cd0a8eb44871fd7e61d362b14d0c78d4eb3ec4321f037ccfaa06"},"type":"Feature"},{"geometry":{"coordinates":[[[37.900419916017,-2.374100719424],[38.116376724655,-2.374100719424],[38.116376724655,-2.158273381295],[37.900419916017,-2.158273381295],[37.900419916017,-2.374100719424]]],"type":"Polygon"},"id":768,"properties":{"parentKey":"KEN:1159308875","sourceCountryId":"KEN","syntheticOperational":true,"territoryId":"territory:catalog:e151afa59ea2cd0e368307b0e1858c8cbc8409108cfa76b267f7c15a3aebd144"},"type":"Feature"},{"geometry":{"coordinates":[[[34.964028776978,0.431654676259],[35.179856115108,0.431654676259],[35.179856115108,0.647482014388],[35.108052192942,0.647482014388],[35.105434,0.645077],[35.08714,0.632778],[35.083885,0.631383],[35.080474,0.630298],[35.075358,0.629729],[35.063679,0.630763],[35.058718,0.632468],[35.049727,0.637016],[35.044456,0.638514],[35.038875,0.639134],[35.032673,0.638979],[35.021821,0.636344],[35.004406,0.62699],[35.000531,0.62575],[34.997275,0.62513],[34.991849,0.625027],[34.986113,0.625544],[34.97309,0.628747],[34.970145,0.628954],[34.967819,0.628644],[34.964028776978,0.62733038206],[34.964028776978,0.431654676259]]],"type":"Polygon"},"id":769,"properties":{"parentKey":"KEN:1159308877","sourceCountryId":"KEN","syntheticOperational":true,"territoryId":"territory:catalog:4f2c81b978c57104b40ee23edebdbe636273c00d84a8f8d7fbd6ae7a1a578229"},"type":"Feature"},{"geometry":{"coordinates":[[[40.143884892086,-0.863309352518],[40.359712230216,-0.863309352518],[40.359712230216,-0.647482014388],[40.143884892086,-0.647482014388],[40.143884892086,-0.863309352518]]],"type":"Polygon"},"id":770,"properties":{"parentKey":"KEN:1159308881","sourceCountryId":"KEN","syntheticOperational":true,"territoryId":"territory:catalog:f495526b8e14ea291290634d0f2b49628bd083117a508c932a9aafc256e10271"},"type":"Feature"},{"geometry":{"coordinates":[[[39.675675675676,3.453237410072],[39.759903961585,3.453237410072],[39.891891891892,3.453237410072],[39.891891891892,3.669064748201],[39.751545091536,3.669064748201],[39.745098,3.660579],[39.675675675676,3.597154370477],[39.675675675676,3.453237410072]]],"type":"Polygon"},"id":771,"properties":{"parentKey":"KEN:1159308881","sourceCountryId":"KEN","syntheticOperational":true,"territoryId":"territory:catalog:877dbb92be1ab2232369630a36e696a42c73b96643d2cdc3c1746842021cec32"},"type":"Feature"},{"geometry":{"coordinates":[[[36.648648648649,3.669064748201],[36.864864864865,3.669064748201],[36.864864864865,3.884892086331],[36.648648648649,3.884892086331],[36.648648648649,3.669064748201]]],"type":"Polygon"},"id":772,"properties":{"parentKey":"KEN:1159308875","sourceCountryId":"KEN","syntheticOperational":true,"territoryId":"territory:catalog:a76a3a3f0ddd6643e71051138f13b31ea4d04cc39366127841570b4a75db9a29"},"type":"Feature"},{"geometry":{"coordinates":[[[34.85764384431,1.510791366906],[34.964028776978,1.510791366906],[34.964028776978,1.635925370034],[34.940947,1.587036],[34.933712,1.575693],[34.92348,1.566107],[34.913558,1.56156],[34.892578,1.55727],[34.882553,1.552232],[34.859505,1.517919],[34.85764384431,1.510791366906]]],"type":"Polygon"},"id":773,"properties":{"parentKey":"KEN:1159308877","sourceCountryId":"KEN","syntheticOperational":true,"territoryId":"territory:catalog:6f7fdd93dca6a8f806f50e76848b2c86a79fa3ee5a3ddb98afcfe58fca796334"},"type":"Feature"},{"geometry":{"coordinates":[[[34.182692307692,4.31654676259],[34.399038461538,4.31654676259],[34.399038461538,4.532374100719],[34.311485267589,4.532374100719],[34.292542898195,4.532374100719],[34.280109,4.520061],[34.182692307692,4.423442156731],[34.182692307692,4.31654676259]]],"type":"Polygon"},"id":774,"properties":{"parentKey":"KEN:1159308877","sourceCountryId":"KEN","syntheticOperational":true,"territoryId":"territory:catalog:186d072cfc84dd4f87579c56719c61e0f205ac44103aedf988f725ce8d76f722"},"type":"Feature"},{"geometry":{"coordinates":[[[38.897914269821,-2.805755395683],[39.042144,-3.018058],[39.041989,-3.02028],[39.04055691673,-3.021582733813],[39.111644657863,-3.021582733813],[39.111644657863,-2.805755395683],[38.980203959208,-2.805755395683],[38.897914269821,-2.805755395683]]],"type":"Polygon"},"id":775,"properties":{"parentKey":"KEN:1159309927","sourceCountryId":"KEN","syntheticOperational":true,"territoryId":"territory:catalog:7e330c758d73578985ee1fd08e8e56544941e064d6a0ace2f7822936c0f37e37"},"type":"Feature"},{"geometry":{"coordinates":[[[35.395683453237,-1.079136690647],[35.611510791367,-1.079136690647],[35.611510791367,-0.863309352518],[35.395683453237,-0.863309352518],[35.395683453237,-1.079136690647]]],"type":"Polygon"},"id":776,"properties":{"parentKey":"KEN:1159308877","sourceCountryId":"KEN","syntheticOperational":true,"territoryId":"territory:catalog:9ff6e8fc1f833e6bcc542a47ba0afb0a6b66129a7343fbd84b30195b0337fb51"},"type":"Feature"},{"geometry":{"coordinates":[[[36.043165467626,0.863309352518],[36.258992805755,0.863309352518],[36.258992805755,1.079136690647],[36.043165467626,1.079136690647],[36.043165467626,0.863309352518]]],"type":"Polygon"},"id":777,"properties":{"parentKey":"KEN:1159308877","sourceCountryId":"KEN","syntheticOperational":true,"territoryId":"territory:catalog:50f34a536f8b05dc298c9c247261e7fffa7b5557a2965c079e9ee1677604d280"},"type":"Feature"},{"geometry":{"coordinates":[[[37.599039615846,-3.453237410072],[37.72972972973,-3.453237410072],[37.81512605042,-3.453237410072],[37.81512605042,-3.237410071942],[37.687424383606,-3.237410071942],[37.700055,-3.31437],[37.681865,-3.315714],[37.671943,-3.324292],[37.668429,-3.338245],[37.669876,-3.356125],[37.650962,-3.357572],[37.627191,-3.370284],[37.604867,-3.387957],[37.599039615846,-3.394404590894],[37.599039615846,-3.453237410072]]],"type":"Polygon"},"id":778,"properties":{"parentKey":"KEN:1159309927","sourceCountryId":"KEN","syntheticOperational":true,"territoryId":"territory:catalog:4a28f701cb6f99152033884d19c66cb72ee4a8939904541b21fbe34765515ea4"},"type":"Feature"},{"geometry":{"coordinates":[[[40.62424969988,2.805755395683],[40.707858428314,2.805755395683],[40.840336134454,2.805755395683],[40.840336134454,3.021582733813],[40.62424969988,3.021582733813],[40.62424969988,2.805755395683]]],"type":"Polygon"},"id":779,"properties":{"parentKey":"KEN:1159308881","sourceCountryId":"KEN","syntheticOperational":true,"territoryId":"territory:catalog:b63133ae640ab55410a8f2b23f57cbe5b3ed1762895582069afae594f032670d"},"type":"Feature"},{"geometry":{"coordinates":[[[34.831730769231,4.10071942446],[34.918918918919,4.10071942446],[35.048076923077,4.10071942446],[35.048076923077,4.31654676259],[34.831730769231,4.31654676259],[34.831730769231,4.10071942446]]],"type":"Polygon"},"id":780,"properties":{"parentKey":"KEN:1159308877","sourceCountryId":"KEN","syntheticOperational":true,"territoryId":"territory:catalog:b787f136cea53c0e8672c6d39c5e076196a6f9fb0ae4491eb86fa2ba701e405f"},"type":"Feature"},{"geometry":{"coordinates":[[[37.122302158273,-1.294964028777],[37.338129496403,-1.294964028777],[37.338129496403,-1.079136690647],[37.334878328142,-1.079136690647],[37.32566,-1.088099],[37.323335,-1.089649],[37.321164,-1.089494],[37.306403031313,-1.079136690647],[37.207199881926,-1.079136690647],[37.205564,-1.079882],[37.186754,-1.092129],[37.179932,-1.098589],[37.175747,-1.104945],[37.173421,-1.112748],[37.174041,-1.125667],[37.177452,-1.140395],[37.177452,-1.147527],[37.16567,-1.180599],[37.145051,-1.223026],[37.131512,-1.237133],[37.122302158273,-1.246230548672],[37.122302158273,-1.294964028777]]],"type":"Polygon"},"id":781,"properties":{"parentKey":"KEN:1159308875","sourceCountryId":"KEN","syntheticOperational":true,"territoryId":"territory:catalog:6b4a46f45e53e896a4d99537323a201dc4c429856231c95e08e5005bf4f463b2"},"type":"Feature"},{"geometry":{"coordinates":[[[36.432432432432,3.453237410072],[36.518607442977,3.453237410072],[36.648648648649,3.453237410072],[36.648648648649,3.669064748201],[36.432432432432,3.669064748201],[36.432432432432,3.453237410072]]],"type":"Polygon"},"id":782,"properties":{"parentKey":"KEN:1159308875","sourceCountryId":"KEN","syntheticOperational":true,"territoryId":"territory:catalog:36eaaca59d88d927710a954371c06bdb8c4604615509765f5e2d614cbc6277f3"},"type":"Feature"},{"geometry":{"coordinates":[[[40.575539568345,-1.510791366906],[40.791366906475,-1.510791366906],[40.791366906475,-1.294964028777],[40.575539568345,-1.294964028777],[40.575539568345,-1.510791366906]]],"type":"Polygon"},"id":783,"properties":{"parentKey":"KEN:1159308881","sourceCountryId":"KEN","syntheticOperational":true,"territoryId":"territory:catalog:5644c072c7d904e5f353f740a59982e066887849bba3e6229ac127d11cfb20f9"},"type":"Feature"},{"geometry":{"coordinates":[[[38.63309352518,-1.079136690647],[38.848920863309,-1.079136690647],[38.848920863309,-0.863309352518],[38.63309352518,-0.863309352518],[38.63309352518,-1.079136690647]]],"type":"Polygon"},"id":784,"properties":{"parentKey":"KEN:1159308875","sourceCountryId":"KEN","syntheticOperational":true,"territoryId":"territory:catalog:ba153bfaf938f22a4a94f1e4378da61fbb5edc3c6f8b3cac3c2cf08e391c55a6"},"type":"Feature"},{"geometry":{"coordinates":[[[37.553956834532,-1.294964028777],[37.769784172662,-1.294964028777],[37.769784172662,-1.079136690647],[37.553956834532,-1.079136690647],[37.553956834532,-1.294964028777]]],"type":"Polygon"},"id":785,"properties":{"parentKey":"KEN:1159308875","sourceCountryId":"KEN","syntheticOperational":true,"territoryId":"territory:catalog:0802890b732ac8f53b05f9c62066d81cb012a34ab61ba1bf14b7b2f874dee241"},"type":"Feature"},{"geometry":{"coordinates":[[[38.63309352518,-1.510791366906],[38.848920863309,-1.510791366906],[38.848920863309,-1.294964028777],[38.63309352518,-1.294964028777],[38.63309352518,-1.510791366906]]],"type":"Polygon"},"id":786,"properties":{"parentKey":"KEN:1159308875","sourceCountryId":"KEN","syntheticOperational":true,"territoryId":"territory:catalog:a8e4e958cd187a3e35a4c6ab59d7cf6619addb49960676be8fd45811cdc52f96"},"type":"Feature"},{"geometry":{"coordinates":[[[36.432432432432,3.884892086331],[36.648648648649,3.884892086331],[36.648648648649,4.10071942446],[36.5625,4.10071942446],[36.432432432432,4.10071942446],[36.432432432432,3.884892086331]]],"type":"Polygon"},"id":787,"properties":{"parentKey":"KEN:1159308875","sourceCountryId":"KEN","syntheticOperational":true,"territoryId":"territory:catalog:58543e6bfce771f13691f15e3024362654c1fb8b5705e9ab33e4bc05f49df24b"},"type":"Feature"},{"geometry":{"coordinates":[[[39.496402877698,-0.21582733813],[39.712230215827,-0.21582733813],[39.712230215827,0],[39.496402877698,0],[39.496402877698,-0.21582733813]]],"type":"Polygon"},"id":788,"properties":{"parentKey":"KEN:1159308881","sourceCountryId":"KEN","syntheticOperational":true,"territoryId":"territory:catalog:40cc2abb0b7434e0b433664621b0183c90b5d0e5f61f340076ff0b6ae5db55f5"},"type":"Feature"},{"geometry":{"coordinates":[[[35.524895020996,2.374100719424],[35.740851829634,2.374100719424],[35.740851829634,2.589928057554],[35.524895020996,2.589928057554],[35.524895020996,2.374100719424]]],"type":"Polygon"},"id":789,"properties":{"parentKey":"KEN:1159308877","sourceCountryId":"KEN","syntheticOperational":true,"territoryId":"territory:catalog:6bb9b28704124c26978e442459cee91db4318741ceb34a955d21be3ff5d30536"},"type":"Feature"},{"geometry":{"coordinates":[[[39.296606012497,3.021582733813],[39.327731092437,3.021582733813],[39.327731092437,3.0645288737],[39.326106,3.051907],[39.323316,3.042347],[39.319905,3.038936],[39.298046,3.023278],[39.296606012497,3.021582733813]]],"type":"Polygon"},"id":790,"properties":{"parentKey":"KEN:1159308881","sourceCountryId":"KEN","syntheticOperational":true,"territoryId":"territory:catalog:8770dd921a5afb7a1d19ce88a014b39243cf7cc290651811545b1d5faa882061"},"type":"Feature"},{"geometry":{"coordinates":[[[38.116376724655,2.158273381295],[38.332333533293,2.158273381295],[38.332333533293,2.374100719424],[38.116376724655,2.374100719424],[38.116376724655,2.158273381295]]],"type":"Polygon"},"id":791,"properties":{"parentKey":"KEN:1159308875","sourceCountryId":"KEN","syntheticOperational":true,"territoryId":"territory:catalog:c9838d9f8595583a9cc32df52c0cbef0b78a9747953c730b378ecb7629947be5"},"type":"Feature"},{"geometry":{"coordinates":[[[37.382953181273,2.805755395683],[37.46850629874,2.805755395683],[37.599039615846,2.805755395683],[37.599039615846,3.021582733813],[37.382953181273,3.021582733813],[37.382953181273,2.805755395683]]],"type":"Polygon"},"id":792,"properties":{"parentKey":"KEN:1159308875","sourceCountryId":"KEN","syntheticOperational":true,"territoryId":"territory:catalog:5866f746ac5399fda7bc0c80073b33dc30ae120f65cc4a353de3582ffb3e6f9b"},"type":"Feature"},{"geometry":{"coordinates":[[[39.196160767846,-2.589928057554],[39.412117576485,-2.589928057554],[39.412117576485,-2.374100719424],[39.196160767846,-2.374100719424],[39.196160767846,-2.589928057554]]],"type":"Polygon"},"id":793,"properties":{"parentKey":"KEN:1159309927","sourceCountryId":"KEN","syntheticOperational":true,"territoryId":"territory:catalog:084c51116e0d6c0089eb349ca0ab48bdebbecc2130a43806039ae7a72ae6de04"},"type":"Feature"},{"geometry":{"coordinates":[[[40.143884892086,-0.647482014388],[40.359712230216,-0.647482014388],[40.359712230216,-0.431654676259],[40.143884892086,-0.431654676259],[40.143884892086,-0.647482014388]]],"type":"Polygon"},"id":794,"properties":{"parentKey":"KEN:1159308881","sourceCountryId":"KEN","syntheticOperational":true,"territoryId":"territory:catalog:f5824e062bc569a31888b9da26df3d9a96fb26d8b4fcbe7b14a446d037c892ec"},"type":"Feature"},{"geometry":{"coordinates":[[[38.980203959208,2.589928057554],[39.196160767846,2.589928057554],[39.196160767846,2.805755395683],[39.111644657863,2.805755395683],[39.074698592343,2.805755395683],[38.980203959208,2.594858045645],[38.980203959208,2.589928057554]]],"type":"Polygon"},"id":795,"properties":{"parentKey":"KEN:1159308881","sourceCountryId":"KEN","syntheticOperational":true,"territoryId":"territory:catalog:726c71f7e243adc5a06d0f92bf2b050aa5a9cca81080fd601518d8b3e4212324"},"type":"Feature"},{"geometry":{"coordinates":[[[37.593189,-2.344043],[37.595979,-2.354791],[37.600165,-2.361923],[37.610722747411,-2.374100719424],[37.684463107379,-2.374100719424],[37.684463107379,-2.211770183287],[37.682072,-2.213456],[37.678507,-2.216815],[37.675561,-2.220536],[37.673391,-2.224877],[37.67184,-2.230096],[37.662539,-2.281979],[37.660833,-2.286785],[37.655872,-2.295725],[37.652307,-2.299394],[37.648069,-2.301875],[37.642953,-2.30358],[37.6259,-2.307507],[37.620939,-2.309523],[37.616598,-2.312003],[37.612568,-2.314897],[37.602181,-2.324664],[37.595669,-2.332054],[37.593602,-2.337376],[37.593189,-2.344043]]],"type":"Polygon"},"id":796,"properties":{"parentKey":"KEN:1159308875","sourceCountryId":"KEN","syntheticOperational":true,"territoryId":"territory:catalog:07cb44fb103207cdad652a6ada1d37bb7e106f0e634f8273360d407fa2c9b3bf"},"type":"Feature"},{"geometry":{"coordinates":[[[37.513513513514,3.884892086331],[37.72972972973,3.884892086331],[37.72972972973,3.885196148077],[37.647758,3.937874],[37.556084,3.996889],[37.513513513514,4.02425604153],[37.513513513514,3.884892086331]]],"type":"Polygon"},"id":797,"properties":{"parentKey":"KEN:1159308875","sourceCountryId":"KEN","syntheticOperational":true,"territoryId":"territory:catalog:d0bf9236c571ebfa868e22d3b6c78429e2408ff5eea859e94517014f0c2f29cb"},"type":"Feature"},{"geometry":{"coordinates":[[[40.275944811038,-2.033404402286],[40.479314128724,-1.942446043165],[40.359712230216,-1.942446043165],[40.275944811038,-1.942446043165],[40.275944811038,-2.033404402286]]],"type":"Polygon"},"id":798,"properties":{"parentKey":"KEN:1159308881","sourceCountryId":"KEN","syntheticOperational":true,"territoryId":"territory:catalog:bef508bd89ae703920689eb92cbdb24801208cff12ba0c1b8d31005f3543804e"},"type":"Feature"},{"geometry":{"coordinates":[[[37.910350630549,-2.805755395683],[38.031212484994,-2.805755395683],[38.116376724655,-2.805755395683],[38.116376724655,-2.703292727473],[38.113622,-2.706708],[38.088611,-2.722521],[37.967585,-2.780037],[37.94371,-2.787633],[37.917924,-2.779933],[37.910350630549,-2.805755395683]]],"type":"Polygon"},"id":799,"properties":{"parentKey":"KEN:1159309927","sourceCountryId":"KEN","syntheticOperational":true,"territoryId":"territory:catalog:9aff710ff7f6708a8f56cf47709022fa181e6ae934b3fef00dceb4f4ce6532ab"},"type":"Feature"},{"geometry":{"coordinates":[[[35.740851829634,-1.982968702325],[35.844871,-2.041063],[35.956808638272,-2.103579730867],[35.956808638272,-1.942446043165],[35.827338129496,-1.942446043165],[35.740851829634,-1.942446043165],[35.740851829634,-1.982968702325]]],"type":"Polygon"},"id":800,"properties":{"parentKey":"KEN:1159308877","sourceCountryId":"KEN","syntheticOperational":true,"territoryId":"territory:catalog:6fa11fd67a8b1e6d631726134035dae34399932ecd2316f2eaf549d174027fce"},"type":"Feature"},{"geometry":{"coordinates":[[[39.064748201439,-0.21582733813],[39.280575539568,-0.21582733813],[39.280575539568,-0.134009300188],[39.265697,-0.137407],[39.24699,-0.139423],[39.228696,-0.130689],[39.143017,-0.127279],[39.090048,-0.062115],[39.077853,-0.052141],[39.073409,-0.049919],[39.069688,-0.04501],[39.064882,-0.040152],[39.064748201439,-0.040113024718],[39.064748201439,-0.21582733813]]],"type":"Polygon"},"id":801,"properties":{"parentKey":"KEN:1159309927","sourceCountryId":"KEN","syntheticOperational":true,"territoryId":"territory:catalog:9a8987c8c7986c9edbd4a1b763469fc96c63ada750847033b7ea6553e0b49401"},"type":"Feature"},{"geometry":{"coordinates":[[[39.280575539568,-1.079136690647],[39.496402877698,-1.079136690647],[39.496402877698,-0.863309352518],[39.280575539568,-0.863309352518],[39.280575539568,-1.079136690647]]],"type":"Polygon"},"id":802,"properties":{"parentKey":"KEN:1159309927","sourceCountryId":"KEN","syntheticOperational":true,"territoryId":"territory:catalog:6ae5e4f2ae08a2a575a632338a3230be025cd011262c3bf50710920fa8e92e90"},"type":"Feature"},{"geometry":{"coordinates":[[[39.783006782669,-0.647482014388],[39.811503,-0.689622],[39.812898,-0.696288],[39.811348,-0.711326],[39.812382,-0.727294],[39.821425,-0.736802],[39.813363,-0.750807],[39.815482,-0.765793],[39.828246,-0.798866],[39.830985,-0.83044],[39.833982,-0.840465],[39.841941,-0.839173],[39.848762,-0.839173],[39.847057,-0.853849],[39.845506,-0.859844],[39.843810421943,-0.863309352518],[39.928057553957,-0.863309352518],[39.928057553957,-0.647482014388],[39.783006782669,-0.647482014388]]],"type":"Polygon"},"id":803,"properties":{"parentKey":"KEN:1159308881","sourceCountryId":"KEN","syntheticOperational":true,"territoryId":"territory:catalog:1b9880aaa54bffdee3700c2e1cfd53aa6a618f32d8685663bcd7ddb7f7dfe8f1"},"type":"Feature"},{"geometry":{"coordinates":[[[39.928057553957,-1.510791366906],[40.047871605321,-1.510791366906],[40.042548,-1.499598],[40.036812,-1.490916],[40.033453,-1.480426],[40.02689,-1.415831],[40.016969,-1.380691],[40.010457,-1.342088],[40.007836090716,-1.294964028777],[39.928057553957,-1.294964028777],[39.928057553957,-1.510791366906]]],"type":"Polygon"},"id":804,"properties":{"parentKey":"KEN:1159309927","sourceCountryId":"KEN","syntheticOperational":true,"territoryId":"territory:catalog:b91ac9d89491647092c3d9ca075df3a9a06ba8a63a5b4bc16520a43ef4061510"},"type":"Feature"},{"geometry":{"coordinates":[[[37.769784172662,-1.510791366906],[37.985611510791,-1.510791366906],[37.985611510791,-1.294964028777],[37.769784172662,-1.294964028777],[37.769784172662,-1.510791366906]]],"type":"Polygon"},"id":805,"properties":{"parentKey":"KEN:1159308875","sourceCountryId":"KEN","syntheticOperational":true,"territoryId":"territory:catalog:5fa4b4be6d6fef4a6c7ba16b39378f50f0e9b9a0856f5a70f52a9316139cc851"},"type":"Feature"},{"geometry":{"coordinates":[[[36.258992805755,0.647482014388],[36.474820143885,0.647482014388],[36.474820143885,0.863309352518],[36.258992805755,0.863309352518],[36.258992805755,0.647482014388]]],"type":"Polygon"},"id":806,"properties":{"parentKey":"KEN:1159308877","sourceCountryId":"KEN","syntheticOperational":true,"territoryId":"territory:catalog:f6a554ddd014b7c8212d2ed07f0f4eecda43b3b898825af120dcdc7717ff08cf"},"type":"Feature"},{"geometry":{"coordinates":[[[38.751289979254,-2.589928057554],[38.76424715057,-2.609000694045],[38.76424715057,-2.589928057554],[38.751289979254,-2.589928057554]]],"type":"Polygon"},"id":807,"properties":{"parentKey":"KEN:1159309927","sourceCountryId":"KEN","syntheticOperational":true,"territoryId":"territory:catalog:38116899d46ae3e3b1335b15376c3e1bfc5dab4265a38314154521de66fc2699"},"type":"Feature"},{"geometry":{"coordinates":[[[37.769784172662,0.431654676259],[37.985611510791,0.431654676259],[37.985611510791,0.647482014388],[37.769784172662,0.647482014388],[37.769784172662,0.431654676259]]],"type":"Polygon"},"id":808,"properties":{"parentKey":"KEN:1159308875","sourceCountryId":"KEN","syntheticOperational":true,"territoryId":"territory:catalog:10ad344aac088ad97c7258cc5fd5b212f532700f4c1028b6d79ccf80b7df4a0d"},"type":"Feature"},{"geometry":{"coordinates":[[[40.756756756757,3.884892086331],[40.972972972973,3.884892086331],[40.972972972973,4.10071942446],[40.889423076923,4.10071942446],[40.756756756757,4.10071942446],[40.756756756757,3.884892086331]]],"type":"Polygon"},"id":809,"properties":{"parentKey":"KEN:1159308881","sourceCountryId":"KEN","syntheticOperational":true,"territoryId":"territory:catalog:b094c70850fa540049add665d11479fb1d4c98d2c69ae63ff55c9759552a4488"},"type":"Feature"},{"geometry":{"coordinates":[[[37.985611510791,1.20802619887],[38.020036,1.168146],[38.030578,1.152591],[38.035539,1.136985],[38.0391616562,1.079136690647],[38.201438848921,1.079136690647],[38.201438848921,1.294964028777],[37.985611510791,1.294964028777],[37.985611510791,1.20802619887]]],"type":"Polygon"},"id":810,"properties":{"parentKey":"KEN:1159308875","sourceCountryId":"KEN","syntheticOperational":true,"territoryId":"territory:catalog:0def5c49009396ca235e93b5695a49e5ec489a619ffb43887de4757d424b9320"},"type":"Feature"},{"geometry":{"coordinates":[[[35.179856115108,1.726618705036],[35.395683453237,1.726618705036],[35.395683453237,1.942446043165],[35.308938212358,1.942446043165],[35.179856115108,1.942446043165],[35.179856115108,1.726618705036]]],"type":"Polygon"},"id":811,"properties":{"parentKey":"KEN:1159308877","sourceCountryId":"KEN","syntheticOperational":true,"territoryId":"territory:catalog:fd76becfbec56626b797e5f6ffd1ad0d0ed891d0a71ce218b021ed6fd89479c6"},"type":"Feature"},{"geometry":{"coordinates":[[[38.619392000348,-0.431654676259],[38.63309352518,-0.455291828063],[38.63309352518,-0.431654676259],[38.619392000348,-0.431654676259]]],"type":"Polygon"},"id":812,"properties":{"parentKey":"KEN:1159309927","sourceCountryId":"KEN","syntheticOperational":true,"territoryId":"territory:catalog:b26aa6bf0d8ea95fd47843788330c2abf9225020615ea5607949685e20bb7cde"},"type":"Feature"},{"geometry":{"coordinates":[[[38.463385354142,3.237410071942],[38.679471788715,3.237410071942],[38.679471788715,3.453237410072],[38.594594594595,3.453237410072],[38.463385354142,3.453237410072],[38.463385354142,3.237410071942]]],"type":"Polygon"},"id":813,"properties":{"parentKey":"KEN:1159308875","sourceCountryId":"KEN","syntheticOperational":true,"territoryId":"territory:catalog:141f14a232cffeefbd2bdde4e1ba5971c6378ef3339ec56b1e28910e0f993d75"},"type":"Feature"},{"geometry":{"coordinates":[[[39.844031193761,-2.374100719424],[40.0599880024,-2.374100719424],[40.0599880024,-2.158273381295],[39.844031193761,-2.158273381295],[39.844031193761,-2.374100719424]]],"type":"Polygon"},"id":814,"properties":{"parentKey":"KEN:1159309927","sourceCountryId":"KEN","syntheticOperational":true,"territoryId":"territory:catalog:4a72ecd09ca13315521cfd8f84e1a39ff917e04c9a1be28040cef595908a48c4"},"type":"Feature"},{"geometry":{"coordinates":[[[34.836045,0.505758],[34.837595,0.498471],[34.848964,0.491236],[34.890356,0.471393],[34.894232,0.468602],[34.897643,0.465192],[34.90033,0.461161],[34.913663,0.432739],[34.9138722081,0.431654676259],[34.964028776978,0.431654676259],[34.964028776978,0.62733038206],[34.963944,0.627301],[34.959861,0.624768],[34.955727,0.620738],[34.930561,0.582135],[34.923119,0.575417],[34.916453,0.571542],[34.910562,0.570973],[34.904774,0.571593],[34.899813,0.57304],[34.886016,0.580068],[34.88059,0.581515],[34.874854,0.582032],[34.868807,0.581257],[34.863381,0.579965],[34.858265,0.578156],[34.845036,0.570663],[34.841161,0.562085],[34.838215,0.548649],[34.836045,0.505758]]],"type":"Polygon"},"id":815,"properties":{"parentKey":"KEN:1159308877","sourceCountryId":"KEN","syntheticOperational":true,"territoryId":"territory:catalog:e120f9cda9bd0d4aab51157bd4849f14b1f4b82c4f3546a398c0b30e61b2b689"},"type":"Feature"},{"geometry":{"coordinates":[[[34.10071942446,0.219312772891],[34.113401,0.232699],[34.143374,0.251096],[34.149885,0.25306],[34.159187,0.253473],[34.17686,0.25213],[34.185593,0.25337],[34.192105,0.255437],[34.195515,0.258848],[34.198926,0.262827],[34.201561,0.267012],[34.209158,0.286236],[34.211483,0.290163],[34.214119,0.293161],[34.215979,0.294969],[34.222955,0.29993],[34.227606,0.302152],[34.232877,0.303806],[34.238665,0.304943],[34.246261,0.305356],[34.254478,0.304943],[34.30817,0.294556],[34.31654676259,0.293674385197],[34.31654676259,0.431654676259],[34.10071942446,0.431654676259],[34.10071942446,0.219312772891]]],"type":"Polygon"},"id":816,"properties":{"parentKey":"KEN:1159308879","sourceCountryId":"KEN","syntheticOperational":true,"territoryId":"territory:catalog:85e2fe611529011b14e86ed8757f8f920a21caa3aede52199e7d350a2314dc2e"},"type":"Feature"},{"geometry":{"coordinates":[[[33.973124953859,0.215827338129],[34.097417463133,0.215827338129],[34.10071942446,0.219312772891],[34.10071942446,0.431654676259],[34.080383034413,0.431654676259],[34.080121,0.431344],[34.075677,0.422249],[34.07671,0.403852],[34.087976,0.367369],[34.085185,0.347008],[34.076607,0.333779],[34.04064,0.305874],[33.973124953859,0.215827338129]]],"type":"Polygon"},"id":817,"properties":{"parentKey":"KEN:1159308879","sourceCountryId":"KEN","syntheticOperational":true,"territoryId":"territory:catalog:f004ee127ca584b7e2a31aa68730bfb11364a84470f38b470861d1bacfd33119"},"type":"Feature"},{"geometry":{"coordinates":[[[39.975990396158,2.805755395683],[40.0599880024,2.805755395683],[40.192076830732,2.805755395683],[40.192076830732,3.021582733813],[39.975990396158,3.021582733813],[39.975990396158,2.805755395683]]],"type":"Polygon"},"id":818,"properties":{"parentKey":"KEN:1159308881","sourceCountryId":"KEN","syntheticOperational":true,"territoryId":"territory:catalog:c1384c3a61465956b6d4e5dfcdb8aedc77a9216d26738ade1565c573cf9810cc"},"type":"Feature"},{"geometry":{"coordinates":[[[38.980203959208,2.079233799334],[38.982251,2.075403],[38.996101,2.033365],[39.026486,1.974376],[39.047493350875,1.942446043165],[39.064748201439,1.942446043165],[39.196160767846,1.942446043165],[39.196160767846,2.158273381295],[38.980203959208,2.158273381295],[38.980203959208,2.079233799334]]],"type":"Polygon"},"id":819,"properties":{"parentKey":"KEN:1159308881","sourceCountryId":"KEN","syntheticOperational":true,"territoryId":"territory:catalog:2fc188cc165e3c2b2809210ddaa57802900879dcf51376700ffbc8df610546fd"},"type":"Feature"},{"geometry":{"coordinates":[[[37.122302158273,0.03653430307],[37.21161,0.068006],[37.247112,0.091519],[37.254605,0.09772],[37.338129496403,0.18441099631],[37.338129496403,0.215827338129],[37.122302158273,0.215827338129],[37.122302158273,0.03653430307]]],"type":"Polygon"},"id":820,"properties":{"parentKey":"KEN:1159308877","sourceCountryId":"KEN","syntheticOperational":true,"territoryId":"territory:catalog:75a1feecd242f69379000b0a3505ebfdba9a796273706f82098e7adfc89173c3"},"type":"Feature"},{"geometry":{"coordinates":[[[39.280575539568,0.431654676259],[39.496402877698,0.431654676259],[39.496402877698,0.647482014388],[39.280575539568,0.647482014388],[39.280575539568,0.431654676259]]],"type":"Polygon"},"id":821,"properties":{"parentKey":"KEN:1159308881","sourceCountryId":"KEN","syntheticOperational":true,"territoryId":"territory:catalog:f56e6bbac2a94248fcf8921628b6bee86a79cfef936d7a6f02bfde2f805547a0"},"type":"Feature"},{"geometry":{"coordinates":[[[39.243243243243,-3.884892086331],[39.459459459459,-3.884892086331],[39.459459459459,-3.669064748201],[39.243243243243,-3.669064748201],[39.243243243243,-3.884892086331]]],"type":"Polygon"},"id":822,"properties":{"parentKey":"KEN:1159309927","sourceCountryId":"KEN","syntheticOperational":true,"territoryId":"territory:catalog:8985432a383a2a21923e456ff6a1a97650502193aa826d9214b0a0c64bf29367"},"type":"Feature"},{"geometry":{"coordinates":[[[34.532374100719,-0.020743787357],[34.537355,-0.020412],[34.549757,-0.016484],[34.576784,-0.005064],[34.593372,-0.000723],[34.599418,-0.001033],[34.622104,-0.007493],[34.645824,-0.019017],[34.652645,-0.019637],[34.661172,-0.018655],[34.683857,-0.010748],[34.691919,-0.008733],[34.69967,-0.008423],[34.720134,-0.012764],[34.735069,-0.013694],[34.748201438849,-0.010238124372],[34.748201438849,0],[34.532374100719,0],[34.532374100719,-0.020743787357]]],"type":"Polygon"},"id":823,"properties":{"parentKey":"KEN:1159308879","sourceCountryId":"KEN","syntheticOperational":true,"territoryId":"territory:catalog:4ccbffe150cb69e6044e6363ce2ded9690153aeae63c3701857d1449793e2c39"},"type":"Feature"},{"geometry":{"coordinates":[[[36.474820143885,-0.604344441817],[36.475634,-0.604821],[36.485401,-0.608903],[36.495013,-0.611849],[36.499354,-0.612572],[36.502609,-0.613554],[36.506485,-0.615259],[36.508501,-0.619807],[36.514502599343,-0.647482014388],[36.690647482014,-0.647482014388],[36.690647482014,-0.431654676259],[36.474820143885,-0.431654676259],[36.474820143885,-0.604344441817]]],"type":"Polygon"},"id":824,"properties":{"parentKey":"KEN:1159310037","sourceCountryId":"KEN","syntheticOperational":true,"territoryId":"territory:catalog:d676f10073bfbc61ca342f39cf1748cad6a0032467bd712f11d4f5c7818ef383"},"type":"Feature"},{"geometry":{"coordinates":[[[39.297970140108,3.453237410072],[39.310448,3.290859],[39.32037,3.256262],[39.322646930284,3.237410071942],[39.327731092437,3.237410071942],[39.327731092437,3.453237410072],[39.297970140108,3.453237410072]]],"type":"Polygon"},"id":825,"properties":{"parentKey":"KEN:1159308881","sourceCountryId":"KEN","syntheticOperational":true,"territoryId":"territory:catalog:873c7a24995e71c2531fee08ddbf0adec756c266fb067533e1c8c6cd5e248803"},"type":"Feature"},{"geometry":{"coordinates":[[[37.769784172662,-0.431654676259],[37.985611510791,-0.431654676259],[37.985611510791,-0.21582733813],[37.769784172662,-0.21582733813],[37.769784172662,-0.431654676259]]],"type":"Polygon"},"id":826,"properties":{"parentKey":"KEN:1159308875","sourceCountryId":"KEN","syntheticOperational":true,"territoryId":"territory:catalog:466fc9f85f74c74c8e795cf7a25df266addf03f1eee2dcbcb2d23a5e3138b453"},"type":"Feature"},{"geometry":{"coordinates":[[[34.964028776978,-1.549228669385],[34.986215,-1.561609],[35.179856115108,-1.669704431578],[35.179856115108,-1.510791366906],[34.964028776978,-1.510791366906],[34.964028776978,-1.549228669385]]],"type":"Polygon"},"id":827,"properties":{"parentKey":"KEN:1159308877","sourceCountryId":"KEN","syntheticOperational":true,"territoryId":"territory:catalog:04772f4cf4a9a66270f256ecfef6bfd1f34cd1bddc23c7099f369b36749b2173"},"type":"Feature"},{"geometry":{"coordinates":[[[38.031212484994,3.237410071942],[38.247298919568,3.237410071942],[38.247298919568,3.453237410072],[38.162162162162,3.453237410072],[38.031212484994,3.453237410072],[38.031212484994,3.237410071942]]],"type":"Polygon"},"id":828,"properties":{"parentKey":"KEN:1159308875","sourceCountryId":"KEN","syntheticOperational":true,"territoryId":"territory:catalog:2e798e7484f0bf218846cac6b15017f111fceabdc5c52fef20ebdd05ef99b1d4"},"type":"Feature"},{"geometry":{"coordinates":[[[34.918918918919,3.884892086331],[35.135135135135,3.884892086331],[35.135135135135,4.10071942446],[35.048076923077,4.10071942446],[34.918918918919,4.10071942446],[34.918918918919,3.884892086331]]],"type":"Polygon"},"id":829,"properties":{"parentKey":"KEN:1159308877","sourceCountryId":"KEN","syntheticOperational":true,"territoryId":"territory:catalog:8c94e72b85c867501b010b3ee1eb9dae138024aa1807dcbba20d966caeaf8efa"},"type":"Feature"},{"geometry":{"coordinates":[[[35.611510791367,0.863309352518],[35.827338129496,0.863309352518],[35.827338129496,1.079136690647],[35.611510791367,1.079136690647],[35.611510791367,0.863309352518]]],"type":"Polygon"},"id":830,"properties":{"parentKey":"KEN:1159308877","sourceCountryId":"KEN","syntheticOperational":true,"territoryId":"territory:catalog:aea62115c44313e248c4ef23a636a1c824ed8ff1f2878896a3cb479d8f646a4d"},"type":"Feature"},{"geometry":{"coordinates":[[[37.553956834532,-1.942446043165],[37.684463107379,-1.942446043165],[37.769784172662,-1.942446043165],[37.769784172662,-1.726618705036],[37.553956834532,-1.726618705036],[37.553956834532,-1.942446043165]]],"type":"Polygon"},"id":831,"properties":{"parentKey":"KEN:1159308875","sourceCountryId":"KEN","syntheticOperational":true,"territoryId":"territory:catalog:1f09a9992f5fcb656981b744f92d95a78107d224cae5fa996b85298ef1b6e7d1"},"type":"Feature"},{"geometry":{"coordinates":[[[35.870348139256,2.805755395683],[35.956808638272,2.805755395683],[36.08643457383,2.805755395683],[36.08643457383,3.021582733813],[35.870348139256,3.021582733813],[35.870348139256,2.805755395683]]],"type":"Polygon"},"id":832,"properties":{"parentKey":"KEN:1159308877","sourceCountryId":"KEN","syntheticOperational":true,"territoryId":"territory:catalog:94fae0986cf2dd3a25ef47d733cf9b67d645f8fc5dfdd04a978a3b924df14f92"},"type":"Feature"},{"geometry":{"coordinates":[[[34.486486486487,3.453237410072],[34.573829531813,3.453237410072],[34.702702702703,3.453237410072],[34.702702702703,3.669064748201],[34.486486486487,3.669064748201],[34.486486486487,3.453237410072]]],"type":"Polygon"},"id":833,"properties":{"parentKey":"KEN:1159308877","sourceCountryId":"KEN","syntheticOperational":true,"territoryId":"territory:catalog:d9e211eb64aa6d032fc701eebefb48b82e7938934b9c6c924a25543e89b6e751"},"type":"Feature"},{"geometry":{"coordinates":[[[39.928057553957,0.431654676259],[40.143884892086,0.431654676259],[40.143884892086,0.647482014388],[39.928057553957,0.647482014388],[39.928057553957,0.431654676259]]],"type":"Polygon"},"id":834,"properties":{"parentKey":"KEN:1159308881","sourceCountryId":"KEN","syntheticOperational":true,"territoryId":"territory:catalog:6ca8e7981b8b5bf0062c764f1fa96d9af80a7fb6439d78d9fdef2b80056d7652"},"type":"Feature"},{"geometry":{"coordinates":[[[34.31654676259,-0.21582733813],[34.532374100719,-0.21582733813],[34.532374100719,-0.020743787357],[34.528828,-0.02098],[34.521542,-0.01974],[34.515341,-0.015864],[34.511103,-0.012299],[34.508313,-0.007958],[34.506297,-0.004082],[34.505367,0],[34.31654676259,0],[34.31654676259,-0.21582733813]]],"type":"Polygon"},"id":835,"properties":{"parentKey":"KEN:1159310041","sourceCountryId":"KEN","syntheticOperational":true,"territoryId":"territory:catalog:28e61b1b2ee161c283d87dedd7a7231e358caa19fdabdb946fef69e669b95f75"},"type":"Feature"},{"geometry":{"coordinates":[[[36.346153846154,4.10071942446],[36.432432432432,4.10071942446],[36.5625,4.10071942446],[36.5625,4.31654676259],[36.346153846154,4.31654676259],[36.346153846154,4.10071942446]]],"type":"Polygon"},"id":836,"properties":{"parentKey":"KEN:1159308875","sourceCountryId":"KEN","syntheticOperational":true,"territoryId":"territory:catalog:b087623b5a6f5728c6574f17aa80ff84f8ae89f8c3de0de2834e1669c9ffba5d"},"type":"Feature"},{"geometry":{"coordinates":[[[36.043165467626,1.510791366906],[36.258992805755,1.510791366906],[36.258992805755,1.726618705036],[36.043165467626,1.726618705036],[36.043165467626,1.510791366906]]],"type":"Polygon"},"id":837,"properties":{"parentKey":"KEN:1159308877","sourceCountryId":"KEN","syntheticOperational":true,"territoryId":"territory:catalog:8be2d56397b79124dab3c2c608acb41fe1a1e5b5b37f05cee053ce6301899ff6"},"type":"Feature"},{"geometry":{"coordinates":[[[38.848920863309,0],[39.064748201439,0],[39.064748201439,0.215827338129],[38.848920863309,0.215827338129],[38.848920863309,0]]],"type":"Polygon"},"id":838,"properties":{"parentKey":"KEN:1159308881","sourceCountryId":"KEN","syntheticOperational":true,"territoryId":"territory:catalog:42a98923d0dc048cf269f61d12b1a1b379f6b1a9b8296816f574a70b77ad6ef3"},"type":"Feature"},{"geometry":{"coordinates":[[[38.848920863309,-0.080520682669],[38.933831,-0.093121],[38.946285,-0.088935],[38.954088,-0.078858],[38.960392,-0.066456],[38.967989,-0.055293],[38.978686,-0.048886],[38.99455,-0.043615],[39.026331,-0.037879],[39.057079,-0.037879],[39.064748201439,-0.040113024718],[39.064748201439,0],[38.848920863309,0],[38.848920863309,-0.080520682669]]],"type":"Polygon"},"id":839,"properties":{"parentKey":"KEN:1159308881","sourceCountryId":"KEN","syntheticOperational":true,"territoryId":"territory:catalog:eb297e51417fafffca4525d00caf6a7e1248601e3d4ca1df1f842dc88f56a25c"},"type":"Feature"},{"geometry":{"coordinates":[[[37.46850629874,2.374100719424],[37.684463107379,2.374100719424],[37.684463107379,2.589928057554],[37.46850629874,2.589928057554],[37.46850629874,2.374100719424]]],"type":"Polygon"},"id":840,"properties":{"parentKey":"KEN:1159308875","sourceCountryId":"KEN","syntheticOperational":true,"territoryId":"territory:catalog:0ac0f407e701084225653205d5b7ee8f9cfcaf7b02eb10de812a3407f9ea9edf"},"type":"Feature"},{"geometry":{"coordinates":[[[34.964028776978,1.294964028777],[35.179856115108,1.294964028777],[35.179856115108,1.510791366906],[34.964028776978,1.510791366906],[34.964028776978,1.294964028777]]],"type":"Polygon"},"id":841,"properties":{"parentKey":"KEN:1159308877","sourceCountryId":"KEN","syntheticOperational":true,"territoryId":"territory:catalog:2d5d7aa4c74244cce66a2be0bda5d08983b295b66e420fb93b223dc86090b29b"},"type":"Feature"},{"geometry":{"coordinates":[[[38.548290341932,1.942446043165],[38.63309352518,1.942446043165],[38.76424715057,1.942446043165],[38.76424715057,2.158273381295],[38.548290341932,2.158273381295],[38.548290341932,1.942446043165]]],"type":"Polygon"},"id":842,"properties":{"parentKey":"KEN:1159308875","sourceCountryId":"KEN","syntheticOperational":true,"territoryId":"territory:catalog:be6aa275c791ab7a1596fd200a786fd9e946f22c07670305fb057a24b6d6c928"},"type":"Feature"},{"geometry":{"coordinates":[[[34.944113679789,2.158273381295],[34.967509,2.101914],[34.967612,2.082561],[34.958207,2.037965],[34.956657,2.018508],[34.957897,1.997838],[34.962031,1.977813],[34.969162,1.960295],[34.977947,1.949908],[34.985936821063,1.942446043165],[35.092981403719,1.942446043165],[35.092981403719,2.158273381295],[34.944113679789,2.158273381295]]],"type":"Polygon"},"id":843,"properties":{"parentKey":"KEN:1159308877","sourceCountryId":"KEN","syntheticOperational":true,"territoryId":"territory:catalog:f5a5e64478f2fe9f8157ddda8844eca8865b69dbeeff2e9d54f09671df7d1459"},"type":"Feature"},{"geometry":{"coordinates":[[[39.375,-4.31654676259],[39.573927353253,-4.31654676259],[39.583832,-4.279392],[39.591346153846,-4.260282511257],[39.591346153846,-4.10071942446],[39.459459459459,-4.10071942446],[39.375,-4.10071942446],[39.375,-4.31654676259]]],"type":"Polygon"},"id":844,"properties":{"parentKey":"KEN:1159309927","sourceCountryId":"KEN","syntheticOperational":true,"territoryId":"territory:catalog:80cad21f2e35c513c91bd1fb760567189fd0d9361022b325a70a658dd85aa079"},"type":"Feature"},{"geometry":{"coordinates":[[[37.252549490102,1.942446043165],[37.338129496403,1.942446043165],[37.46850629874,1.942446043165],[37.46850629874,2.158273381295],[37.252549490102,2.158273381295],[37.252549490102,1.942446043165]]],"type":"Polygon"},"id":845,"properties":{"parentKey":"KEN:1159308875","sourceCountryId":"KEN","syntheticOperational":true,"territoryId":"territory:catalog:9c0cfe39415ad46aab717f44c688bb284e86f9b70b957d3ad548137ef4ea675a"},"type":"Feature"},{"geometry":{"coordinates":[[[40.791366906475,1.079136690647],[40.968486,1.079136690647],[40.968486,1.230295],[40.968486,1.294964028777],[40.791366906475,1.294964028777],[40.791366906475,1.079136690647]]],"type":"Polygon"},"id":846,"properties":{"parentKey":"KEN:1159308881","sourceCountryId":"KEN","syntheticOperational":true,"territoryId":"territory:catalog:efcaaa2c9f1aef432f22327e96a68c93d759449e41426b7dc8008f60232b274a"},"type":"Feature"},{"geometry":{"coordinates":[[[40.108108108108,3.453237410072],[40.192076830732,3.453237410072],[40.324324324324,3.453237410072],[40.324324324324,3.669064748201],[40.108108108108,3.669064748201],[40.108108108108,3.453237410072]]],"type":"Polygon"},"id":847,"properties":{"parentKey":"KEN:1159308881","sourceCountryId":"KEN","syntheticOperational":true,"territoryId":"territory:catalog:d5fd2dc4874e04b73ccdeec7f1c5ff070de72a5e02c7edd9c3e499ba83ecfc6e"},"type":"Feature"},{"geometry":{"coordinates":[[[37.252549490102,2.158273381295],[37.46850629874,2.158273381295],[37.46850629874,2.374100719424],[37.252549490102,2.374100719424],[37.252549490102,2.158273381295]]],"type":"Polygon"},"id":848,"properties":{"parentKey":"KEN:1159308875","sourceCountryId":"KEN","syntheticOperational":true,"territoryId":"territory:catalog:b19fa1d787073eb95c98e38a45f3ac9622bbd644fdee24f15612aa7ffd287984"},"type":"Feature"},{"geometry":{"coordinates":[[[34.877024595081,2.374100719424],[35.092981403719,2.374100719424],[35.092981403719,2.589928057554],[34.877024595081,2.589928057554],[34.877024595081,2.578984667556],[34.881312,2.541448],[34.8871,2.522379],[34.914385,2.494371],[34.923584,2.477318],[34.920896,2.454632],[34.906117,2.436907],[34.885963,2.425434],[34.877024595081,2.418539068534],[34.877024595081,2.374100719424]]],"type":"Polygon"},"id":849,"properties":{"parentKey":"KEN:1159308877","sourceCountryId":"KEN","syntheticOperational":true,"territoryId":"territory:catalog:01f6524091262af28b8ab29f861e7f3cef07e9ee0801b47d31c9f35bcc82a445"},"type":"Feature"},{"geometry":{"coordinates":[[[39.496402877698,-1.294964028777],[39.712230215827,-1.294964028777],[39.712230215827,-1.079136690647],[39.496402877698,-1.079136690647],[39.496402877698,-1.294964028777]]],"type":"Polygon"},"id":850,"properties":{"parentKey":"KEN:1159309927","sourceCountryId":"KEN","syntheticOperational":true,"territoryId":"territory:catalog:ae0ad94cae852a2781b9585389ea4a6740aba9cb87ee18367782135873002d2a"},"type":"Feature"},{"geometry":{"coordinates":[[[37.338129496403,1.294964028777],[37.553956834532,1.294964028777],[37.553956834532,1.422622028176],[37.552675,1.423453],[37.549419,1.426864],[37.546473,1.430662],[37.512617451033,1.510791366906],[37.338129496403,1.510791366906],[37.338129496403,1.294964028777]]],"type":"Polygon"},"id":851,"properties":{"parentKey":"KEN:1159308877","sourceCountryId":"KEN","syntheticOperational":true,"territoryId":"territory:catalog:ffb7e8c4b56b50538c3a62d91b77848d504c36a4073a86f27d68d867bca730be"},"type":"Feature"},{"geometry":{"coordinates":[[[38.201438848921,1.294964028777],[38.41726618705,1.294964028777],[38.41726618705,1.510791366906],[38.201438848921,1.510791366906],[38.201438848921,1.294964028777]]],"type":"Polygon"},"id":852,"properties":{"parentKey":"KEN:1159308875","sourceCountryId":"KEN","syntheticOperational":true,"territoryId":"territory:catalog:56d67ab0420ca8fa743a7de00053cd1c53c5866c5ab3e05398c7ca75821f6b8a"},"type":"Feature"},{"geometry":{"coordinates":[[[37.769784172662,-0.21582733813],[37.985611510791,-0.21582733813],[37.985611510791,0],[37.769784172662,0],[37.769784172662,-0.21582733813]]],"type":"Polygon"},"id":853,"properties":{"parentKey":"KEN:1159308875","sourceCountryId":"KEN","syntheticOperational":true,"territoryId":"territory:catalog:4cf84ab330f9807cba3e43ca876d894d9947ffb4c4e047f3ad2b7df1c40ed55e"},"type":"Feature"},{"geometry":{"coordinates":[[[35.740851829634,1.942446043165],[35.827338129496,1.942446043165],[35.956808638272,1.942446043165],[35.956808638272,2.158273381295],[35.740851829634,2.158273381295],[35.740851829634,1.942446043165]]],"type":"Polygon"},"id":854,"properties":{"parentKey":"KEN:1159308877","sourceCountryId":"KEN","syntheticOperational":true,"territoryId":"territory:catalog:672199b5945f473220f686620b9fb22333d0072f52bc5ef4e915a90efe8a8b21"},"type":"Feature"},{"geometry":{"coordinates":[[[34.964028776978,1.510791366906],[35.179856115108,1.510791366906],[35.179856115108,1.726618705036],[34.97894033157,1.726618705036],[34.978671,1.675945],[34.972676,1.654241],[34.964028776978,1.635925370034],[34.964028776978,1.510791366906]]],"type":"Polygon"},"id":855,"properties":{"parentKey":"KEN:1159308877","sourceCountryId":"KEN","syntheticOperational":true,"territoryId":"territory:catalog:79754ee5141b714074f226acd321cef1167835125f3d875b241bcb39b32b335c"},"type":"Feature"},{"geometry":{"coordinates":[[[34.964028776978,-0.21582733813],[35.047446144533,-0.21582733813],[35.049106,-0.211511],[35.052207,-0.207584],[35.056238,-0.204535],[35.060734,-0.202158],[35.070656,-0.19823],[35.075048,-0.195698],[35.084505,-0.185208],[35.107759,-0.140921],[35.114581,-0.131465],[35.120782,-0.12764],[35.124399,-0.130224],[35.1275,-0.133635],[35.135096,-0.146812],[35.138197,-0.150843],[35.141607,-0.154357],[35.15339,-0.162625],[35.164397,-0.172134],[35.169047,-0.174614],[35.174008,-0.17601],[35.179279,-0.176216],[35.179856115108,-0.176023669659],[35.179856115108,-0.039114599326],[35.176024,-0.040927],[35.170753,-0.042013],[35.165172,-0.041599],[35.160056,-0.040049],[35.15556,-0.037982],[35.138817,-0.027492],[35.124089,-0.02191],[35.11303,-0.01943],[35.106984,-0.019017],[35.101093,-0.01974],[35.096132,-0.0216],[35.092101,-0.024391],[35.089311,-0.028112],[35.08683,-0.032452],[35.080009,-0.046664],[35.076908,-0.050281],[35.072516,-0.052916],[35.067865,-0.055087],[35.057633,-0.058704],[35.052362,-0.059634],[35.047091,-0.058859],[35.042285,-0.05705],[35.037944,-0.05457],[35.026782,-0.045785],[35.022441,-0.044028],[35.018049,-0.043873],[35.013398,-0.042994],[35.009522,-0.040927],[34.999755,-0.030385],[34.995725,-0.027595],[34.991074,-0.025631],[34.985183,-0.025476],[34.979292,-0.025941],[34.973401,-0.027078],[34.96844,-0.029042],[34.964028776978,-0.03171996431],[34.964028776978,-0.21582733813]]],"type":"Polygon"},"id":856,"properties":{"parentKey":"KEN:1159310041","sourceCountryId":"KEN","syntheticOperational":true,"territoryId":"territory:catalog:d5ccb14e09298b6fe937819054a9a3f6fe561820c062e10759e2f092aad5bb83"},"type":"Feature"},{"geometry":{"coordinates":[[[38.332333533293,-2.589928057554],[38.548290341932,-2.589928057554],[38.548290341932,-2.374100719424],[38.332333533293,-2.374100719424],[38.332333533293,-2.589928057554]]],"type":"Polygon"},"id":857,"properties":{"parentKey":"KEN:1159308875","sourceCountryId":"KEN","syntheticOperational":true,"territoryId":"territory:catalog:206cbb2eeee1c2bd85aff3495e1ffa184b6ba2ab3054ff81292d5897b0785cb9"},"type":"Feature"},{"geometry":{"coordinates":[[[36.474820143885,1.294964028777],[36.690647482014,1.294964028777],[36.690647482014,1.510791366906],[36.474820143885,1.510791366906],[36.474820143885,1.294964028777]]],"type":"Polygon"},"id":858,"properties":{"parentKey":"KEN:1159308877","sourceCountryId":"KEN","syntheticOperational":true,"territoryId":"territory:catalog:57ae2600c7780ab569748decb445909d71cb103d8e389ffbbe291c218dc058ea"},"type":"Feature"},{"geometry":{"coordinates":[[[38.76424715057,-2.609000694045],[38.897914269821,-2.805755395683],[38.980203959208,-2.805755395683],[38.980203959208,-2.589928057554],[38.76424715057,-2.589928057554],[38.76424715057,-2.609000694045]]],"type":"Polygon"},"id":859,"properties":{"parentKey":"KEN:1159309927","sourceCountryId":"KEN","syntheticOperational":true,"territoryId":"territory:catalog:465cabc6a428741e2203a3f6dbd3e4453439fd8e7d428854cda6caff16e5f23f"},"type":"Feature"},{"geometry":{"coordinates":[[[37.769784172662,1.510791366906],[37.985611510791,1.510791366906],[37.985611510791,1.726618705036],[37.769784172662,1.726618705036],[37.769784172662,1.510791366906]]],"type":"Polygon"},"id":860,"properties":{"parentKey":"KEN:1159308875","sourceCountryId":"KEN","syntheticOperational":true,"territoryId":"territory:catalog:d37d54661fd5160715ee9ebc31b1474dd97a470a1830e662c6e65e87443b3156"},"type":"Feature"},{"geometry":{"coordinates":[[[37.352323439699,0.431654676259],[37.359766,0.411655],[37.364882,0.403128],[37.36819,0.399459],[37.379662,0.383594],[37.382142,0.379047],[37.394235,0.349281],[37.395475,0.3437],[37.39594,0.337499],[37.393925,0.313004],[37.390824,0.302101],[37.387413,0.296055],[37.373771,0.278795],[37.36943,0.27187],[37.366588,0.26541],[37.365348,0.259984],[37.361782,0.21637],[37.361666777274,0.215827338129],[37.553956834532,0.215827338129],[37.553956834532,0.431654676259],[37.352323439699,0.431654676259]]],"type":"Polygon"},"id":861,"properties":{"parentKey":"KEN:1159308875","sourceCountryId":"KEN","syntheticOperational":true,"territoryId":"territory:catalog:52d2df662ec061b6b8659df9f7e2c3eed737553171953d5e9fe7a7acffe97a2c"},"type":"Feature"},{"geometry":{"coordinates":[[[38.879829,2.499641],[38.882619,2.49375],[38.887787,2.478376],[38.901585,2.449747],[38.916157,2.387917],[38.916972477378,2.374100719424],[38.980203959208,2.374100719424],[38.980203959208,2.589928057554],[38.977995029528,2.589928057554],[38.970779,2.573823],[38.950315,2.543101],[38.896934,2.526254],[38.885306,2.519976],[38.881999,2.514395],[38.881896,2.507961],[38.879829,2.504137],[38.879829,2.499641]]],"type":"Polygon"},"id":862,"properties":{"parentKey":"KEN:1159308881","sourceCountryId":"KEN","syntheticOperational":true,"territoryId":"territory:catalog:e74b742b4cc02e4f1bd0dddd8d9f0231d17f5454e58fdaac9d66066fb243d1e1"},"type":"Feature"},{"geometry":{"coordinates":[[[36,3.669064748201],[36.045427118423,3.669064748201],[36.045398666978,3.884892086331],[36,3.884892086331],[36,3.669064748201]]],"type":"Polygon"},"id":863,"properties":{"parentKey":"KEN:1159308877","sourceCountryId":"KEN","syntheticOperational":true,"territoryId":"territory:catalog:f094b92b9bdf38405af5e8e0dc1c07afc3af9d46df9fa795aab9364a8d778e91"},"type":"Feature"},{"geometry":{"coordinates":[[[38.378378378378,-3.669064748201],[38.594594594595,-3.669064748201],[38.594594594595,-3.453237410072],[38.463385354142,-3.453237410072],[38.378378378378,-3.453237410072],[38.378378378378,-3.669064748201]]],"type":"Polygon"},"id":864,"properties":{"parentKey":"KEN:1159309927","sourceCountryId":"KEN","syntheticOperational":true,"territoryId":"territory:catalog:1f9185d5f381614c01531c83d9699a482627bf88a50e0c6c109787e3d574275b"},"type":"Feature"},{"geometry":{"coordinates":[[[41.189189189189,3.669064748201],[41.405405405405,3.669064748201],[41.405405405405,3.884892086331],[41.189189189189,3.884892086331],[41.189189189189,3.669064748201]]],"type":"Polygon"},"id":865,"properties":{"parentKey":"KEN:1159308881","sourceCountryId":"KEN","syntheticOperational":true,"territoryId":"territory:catalog:5e9e5a2840c5d782041c4b2a0495464d7a0dc789a05cceb38603fabb87b12582"},"type":"Feature"},{"geometry":{"coordinates":[[[37.553956834532,-1.079136690647],[37.769784172662,-1.079136690647],[37.769784172662,-0.863309352518],[37.553956834532,-0.863309352518],[37.553956834532,-1.079136690647]]],"type":"Polygon"},"id":866,"properties":{"parentKey":"KEN:1159308875","sourceCountryId":"KEN","syntheticOperational":true,"territoryId":"territory:catalog:267d47ff62fd249615097550ed406b0779f7391b9a28aefe6a37ab3917e2543b"},"type":"Feature"},{"geometry":{"coordinates":[[[35.611510791367,0.431654676259],[35.827338129496,0.431654676259],[35.827338129496,0.647482014388],[35.611510791367,0.647482014388],[35.611510791367,0.431654676259]]],"type":"Polygon"},"id":867,"properties":{"parentKey":"KEN:1159308877","sourceCountryId":"KEN","syntheticOperational":true,"territoryId":"territory:catalog:392b958caaa6711e95e20b36a47f36dd9d4c0d009297081e3e8bc5ec7c4824fb"},"type":"Feature"},{"geometry":{"coordinates":[[[35.179856115108,-0.176023669659],[35.18393,-0.174666],[35.192664,-0.170325],[35.197625,-0.169292],[35.202741,-0.16986],[35.207236,-0.171824],[35.210957,-0.174976],[35.214213,-0.178955],[35.220104,-0.193683],[35.222739,-0.19761],[35.22615,-0.201279],[35.230336,-0.204018],[35.235813,-0.205569],[35.247751,-0.20686],[35.252867,-0.208411],[35.256587,-0.21146],[35.259068,-0.215645],[35.259126125925,-0.21582733813],[35.324496135761,-0.21582733813],[35.326247,-0.20376],[35.326557,-0.197817],[35.325627,-0.188619],[35.323767,-0.183968],[35.320821,-0.17973],[35.317721,-0.176061],[35.2724,-0.140043],[35.26961,-0.135185],[35.268215,-0.128519],[35.268215,-0.116427],[35.265269,-0.110742],[35.261238,-0.106712],[35.241705,-0.098857],[35.237364,-0.096325],[35.233591,-0.093224],[35.230336,-0.089503],[35.22584,-0.059634],[35.222119,-0.049299],[35.219639,-0.0447],[35.213438,-0.037258],[35.209407,-0.034623],[35.204756,-0.032711],[35.200105,-0.031522],[35.195764,-0.031161],[35.192819,-0.031626],[35.189098,-0.033538],[35.18083,-0.038654],[35.179856115108,-0.039114599326],[35.179856115108,-0.176023669659]]],"type":"Polygon"},"id":868,"properties":{"parentKey":"KEN:1159310041","sourceCountryId":"KEN","syntheticOperational":true,"territoryId":"territory:catalog:4b5bc1bc09f8e1b1c311514a0063c65ecb6f90b212ef82efc92efce9016de33e"},"type":"Feature"},{"geometry":{"coordinates":[[[34.964028776978,-0.863309352518],[35.00240886093,-0.863309352518],[35.003786,-0.858449],[35.015879,-0.828321],[35.027092,-0.817107],[35.03996,-0.806979],[35.053292,-0.798866],[35.064609,-0.789926],[35.072413,-0.780779],[35.071896,-0.768687],[35.068692,-0.755612],[35.048641,-0.700164],[35.046471,-0.688536],[35.046161,-0.676134],[35.052517,-0.660269],[35.053277174703,-0.647482014388],[34.964028776978,-0.647482014388],[34.964028776978,-0.863309352518]]],"type":"Polygon"},"id":869,"properties":{"parentKey":"KEN:1159310041","sourceCountryId":"KEN","syntheticOperational":true,"territoryId":"territory:catalog:0b55e5bf1800c6cb687326ec352768b24f2229d47693d0837f96956d3c8a27ec"},"type":"Feature"},{"geometry":{"coordinates":[[[41.837837837838,3.909570887111],[41.885019,3.977226],[41.837837837838,3.950531142178],[41.837837837838,3.909570887111]]],"type":"Polygon"},"id":870,"properties":{"parentKey":"KEN:1159308881","sourceCountryId":"KEN","syntheticOperational":true,"territoryId":"territory:catalog:65c27166bcbb2659b8a43dac7a0cbf3092c50a645ea2a0917fe121919dc6d66f"},"type":"Feature"},{"geometry":{"coordinates":[[[37.122302158273,0.647482014388],[37.338129496403,0.647482014388],[37.338129496403,0.663951254698],[37.333877,0.669572],[37.32504,0.688175],[37.294137,0.733134],[37.290882,0.736803],[37.287316,0.740162],[37.270728,0.751117],[37.257189,0.76476],[37.253158,0.76755],[37.248662,0.769617],[37.243701,0.770548],[37.238585,0.770341],[37.233779,0.768687],[37.229594,0.766103],[37.218741,0.756285],[37.214401,0.753494],[37.20913,0.752151],[37.197141,0.752564],[37.185514,0.753959],[37.180863,0.755355],[37.176677,0.757628],[37.172956,0.760316],[37.16722,0.76538],[37.162259,0.771323],[37.158849,0.774217],[37.141434,0.776439],[37.131047,0.779746],[37.126706,0.781916],[37.122302158273,0.784777706099],[37.122302158273,0.647482014388]]],"type":"Polygon"},"id":871,"properties":{"parentKey":"KEN:1159308875","sourceCountryId":"KEN","syntheticOperational":true,"territoryId":"territory:catalog:4d30cef60685da40f841c2dedc57b0e674abafc2e9b128007df0c99f7dabef0c"},"type":"Feature"},{"geometry":{"coordinates":[[[36.820635872825,2.158273381295],[36.923568728631,2.158273381295],[36.907288,2.201261],[36.901552,2.212888],[36.89318,2.225756],[36.834992,2.276812],[36.826931,2.290016],[36.820635872825,2.307839361896],[36.820635872825,2.158273381295]]],"type":"Polygon"},"id":872,"properties":{"parentKey":"KEN:1159308877","sourceCountryId":"KEN","syntheticOperational":true,"territoryId":"territory:catalog:b73f472fb1633ce6b0eab57accdd4ba04ad2f0e879f3331a8f0bf2e26c085493"},"type":"Feature"},{"geometry":{"coordinates":[[[34.486486486487,3.669064748201],[34.702702702703,3.669064748201],[34.702702702703,3.884892086331],[34.486486486487,3.884892086331],[34.486486486487,3.669064748201]]],"type":"Polygon"},"id":873,"properties":{"parentKey":"KEN:1159308877","sourceCountryId":"KEN","syntheticOperational":true,"territoryId":"territory:catalog:0ae1b1e598a5e92ac9db706fb3dca9b2487f015e64d244a55ae07b4065918713"},"type":"Feature"},{"geometry":{"coordinates":[[[37.665758128581,0.647482014388],[37.769784172662,0.647482014388],[37.769784172662,0.686024657215],[37.759794,0.686522],[37.753748,0.685902],[37.745841,0.683266],[37.722122,0.669779],[37.713905,0.668022],[37.707187,0.668538],[37.702691,0.670864],[37.697885,0.672724],[37.692304,0.671742],[37.687033,0.668125],[37.680522,0.659392],[37.674166,0.653087],[37.665758128581,0.647482014388]]],"type":"Polygon"},"id":874,"properties":{"parentKey":"KEN:1159308875","sourceCountryId":"KEN","syntheticOperational":true,"territoryId":"territory:catalog:0ccb0b8ebe277005318f6a6e14149aa873c1d3e500deff15f872f22f9b67a6a0"},"type":"Feature"},{"geometry":{"coordinates":[[[34.31654676259,0.293674385197],[34.319952,0.293316],[34.325688,0.293781],[34.330804,0.295641],[34.339227,0.300861],[34.348684,0.30515],[34.354265,0.306597],[34.361552,0.305511],[34.370233,0.301636],[34.388217,0.283446],[34.391937,0.277761],[34.395348,0.267891],[34.398138,0.249546],[34.398655,0.230219],[34.399895,0.224586],[34.401601,0.219625],[34.403850928677,0.215827338129],[34.532374100719,0.215827338129],[34.532374100719,0.431654676259],[34.31654676259,0.431654676259],[34.31654676259,0.293674385197]]],"type":"Polygon"},"id":875,"properties":{"parentKey":"KEN:1159308879","sourceCountryId":"KEN","syntheticOperational":true,"territoryId":"territory:catalog:0bc42569cf01e2be8e6ae92b6d7932ced3a373dccf7ce46dd9221bd34d819b2f"},"type":"Feature"},{"geometry":{"coordinates":[[[38.63309352518,-0.043522536402],[38.65638,-0.037879],[38.670436,-0.044958],[38.686145,-0.04563],[38.69891,-0.043305],[38.704181,-0.041289],[38.709297,-0.049506],[38.721337,-0.05643],[38.74578,-0.065215],[38.743004445881,0],[38.63309352518,0],[38.63309352518,-0.043522536402]]],"type":"Polygon"},"id":876,"properties":{"parentKey":"KEN:1159308875","sourceCountryId":"KEN","syntheticOperational":true,"territoryId":"territory:catalog:999ac4fc4a03c8ac653508ec424dc0f093fb09be2042878281efdfd2975b99ed"},"type":"Feature"},{"geometry":{"coordinates":[[[38.848920863309,-0.863309352518],[38.869605195006,-0.863309352518],[38.848920863309,-0.827625828655],[38.848920863309,-0.863309352518]]],"type":"Polygon"},"id":877,"properties":{"parentKey":"KEN:1159308875","sourceCountryId":"KEN","syntheticOperational":true,"territoryId":"territory:catalog:7df263f582c8af48b50459fe9cf8b58b73226ec56dccd19e7f6baf0ec7e146d5"},"type":"Feature"},{"geometry":{"coordinates":[[[38.41726618705,-0.863309352518],[38.63309352518,-0.863309352518],[38.63309352518,-0.647482014388],[38.41726618705,-0.647482014388],[38.41726618705,-0.863309352518]]],"type":"Polygon"},"id":878,"properties":{"parentKey":"KEN:1159308875","sourceCountryId":"KEN","syntheticOperational":true,"territoryId":"territory:catalog:ed86a9c3202a97cb4b2c7215710bfc3e71c1684041b2859812bf05297746fa6e"},"type":"Feature"},{"geometry":{"coordinates":[[[37.46850629874,1.942446043165],[37.553956834532,1.942446043165],[37.684463107379,1.942446043165],[37.684463107379,2.158273381295],[37.46850629874,2.158273381295],[37.46850629874,1.942446043165]]],"type":"Polygon"},"id":879,"properties":{"parentKey":"KEN:1159308875","sourceCountryId":"KEN","syntheticOperational":true,"territoryId":"territory:catalog:9e4ae0aed8ba31871751d7446e39724d8382fabf74ab08d0ffdb000355a7ee89"},"type":"Feature"},{"geometry":{"coordinates":[[[38.41726618705,-1.294964028777],[38.63309352518,-1.294964028777],[38.63309352518,-1.079136690647],[38.41726618705,-1.079136690647],[38.41726618705,-1.294964028777]]],"type":"Polygon"},"id":880,"properties":{"parentKey":"KEN:1159308875","sourceCountryId":"KEN","syntheticOperational":true,"territoryId":"territory:catalog:a1a7b906b7047d8fefc7b99cb5712c9a5535bb9d588a9b3ec3f3719d4ec39f30"},"type":"Feature"},{"geometry":{"coordinates":[[[38.548290341932,-2.589928057554],[38.751289979254,-2.589928057554],[38.630025,-2.411429],[38.62863,-2.407191],[38.633435,-2.405589],[38.648628,-2.409827],[38.664648,-2.412359],[38.67674,-2.412669],[38.689298,-2.411222],[38.694724,-2.409517],[38.69953,-2.407501],[38.717255,-2.397114],[38.72082,-2.394169],[38.734562333057,-2.374100719424],[38.548290341932,-2.374100719424],[38.548290341932,-2.589928057554]]],"type":"Polygon"},"id":881,"properties":{"parentKey":"KEN:1159308875","sourceCountryId":"KEN","syntheticOperational":true,"territoryId":"territory:catalog:72f5eac268e3498ee453233baa9d07ee7afc9aa9ff6c45929fbedb19422d1b8c"},"type":"Feature"},{"geometry":{"coordinates":[[[40.961871849834,-1.726618705036],[41.007194244604,-1.726618705036],[41.007194244604,-1.70970200862],[41.002903,-1.709973],[40.996547,-1.71111],[40.961871849834,-1.726618705036]]],"type":"Polygon"},"id":882,"properties":{"parentKey":"KEN:1159309927","sourceCountryId":"KEN","syntheticOperational":true,"territoryId":"territory:catalog:9eccb795d0a89e5743e64124d32ed3075c74e67c243f476df6f19cc11af698f2"},"type":"Feature"},{"geometry":{"coordinates":[[[40.275944811038,-2.374100719424],[40.491901619676,-2.374100719424],[40.491901619676,-2.158273381295],[40.275944811038,-2.158273381295],[40.275944811038,-2.374100719424]]],"type":"Polygon"},"id":883,"properties":{"parentKey":"KEN:1159309927","sourceCountryId":"KEN","syntheticOperational":true,"territoryId":"territory:catalog:67513add981a78e81cfe0f9008f56625ebec754a2c46d3c6a08f07f3a08cc38d"},"type":"Feature"},{"geometry":{"coordinates":[[[39.111644657863,-3.453237410072],[39.243243243243,-3.453237410072],[39.327731092437,-3.453237410072],[39.327731092437,-3.237410071942],[39.111644657863,-3.237410071942],[39.111644657863,-3.453237410072]]],"type":"Polygon"},"id":884,"properties":{"parentKey":"KEN:1159309927","sourceCountryId":"KEN","syntheticOperational":true,"territoryId":"territory:catalog:1aa2f964e5fef32c4eceb45bc02290e90c735369e3b068b2a06df527ca6c6c09"},"type":"Feature"},{"geometry":{"coordinates":[[[37.586230762861,-3.453237410072],[37.586677,-3.45369],[37.60311,-3.455757],[37.608174,-3.463612],[37.604144,-3.480148],[37.596185,-3.499682],[37.599079,-3.513428],[37.646932,-3.510637],[37.668326,-3.512498],[37.68941,-3.518079],[37.708323,-3.527174],[37.722276,-3.53999],[37.72972972973,-3.555202721552],[37.72972972973,-3.453237410072],[37.599039615846,-3.453237410072],[37.586230762861,-3.453237410072]]],"type":"Polygon"},"id":885,"properties":{"parentKey":"KEN:1159309927","sourceCountryId":"KEN","syntheticOperational":true,"territoryId":"territory:catalog:ce2d1982ff2369edf9032bb9d481471a8cf774b37111c5430790cc50439ce874"},"type":"Feature"},{"geometry":{"coordinates":[[[38.848920863309,0.647482014388],[38.989875434331,0.647482014388],[39.064748201439,0.675735234746],[39.064748201439,0.863309352518],[38.848920863309,0.863309352518],[38.848920863309,0.647482014388]]],"type":"Polygon"},"id":886,"properties":{"parentKey":"KEN:1159308875","sourceCountryId":"KEN","syntheticOperational":true,"territoryId":"territory:catalog:882b261d902f4af1850e5c14ca5fc5baac8658015ca167307e0b2e2488c49ffe"},"type":"Feature"},{"geometry":{"coordinates":[[[39.928057553957,0.647482014388],[40.143884892086,0.647482014388],[40.143884892086,0.863309352518],[39.928057553957,0.863309352518],[39.928057553957,0.647482014388]]],"type":"Polygon"},"id":887,"properties":{"parentKey":"KEN:1159308881","sourceCountryId":"KEN","syntheticOperational":true,"territoryId":"territory:catalog:6fd64b2988f591e24673975e0c0b724c7fbf9e3a6fcac8eeee444147e5369af8"},"type":"Feature"},{"geometry":{"coordinates":[[[36.474820143885,0.863309352518],[36.690647482014,0.863309352518],[36.690647482014,1.079136690647],[36.474820143885,1.079136690647],[36.474820143885,0.863309352518]]],"type":"Polygon"},"id":888,"properties":{"parentKey":"KEN:1159308877","sourceCountryId":"KEN","syntheticOperational":true,"territoryId":"territory:catalog:9dbb2a2d651c3e117a16fbbad985d884a79d14a2edabccd04accd85aa0a27fe2"},"type":"Feature"},{"geometry":{"coordinates":[[[38.594594594595,-3.669064748201],[38.810810810811,-3.669064748201],[38.810810810811,-3.453237410072],[38.679471788715,-3.453237410072],[38.594594594595,-3.453237410072],[38.594594594595,-3.669064748201]]],"type":"Polygon"},"id":889,"properties":{"parentKey":"KEN:1159309927","sourceCountryId":"KEN","syntheticOperational":true,"territoryId":"territory:catalog:3da102ddd10e87ad87b370094023fa5fc4ca97a965acaff6502711e80bf1b7e2"},"type":"Feature"},{"geometry":{"coordinates":[[[35.827338129496,-1.942446043165],[35.956808638272,-1.942446043165],[36.043165467626,-1.942446043165],[36.043165467626,-1.726618705036],[35.827338129496,-1.726618705036],[35.827338129496,-1.942446043165]]],"type":"Polygon"},"id":890,"properties":{"parentKey":"KEN:1159308877","sourceCountryId":"KEN","syntheticOperational":true,"territoryId":"territory:catalog:80e44dbd2f0cde4183206ab89b634f5ab6d349b61f29c9f1e8d12000af20b360"},"type":"Feature"},{"geometry":{"coordinates":[[[36.043165467626,-1.942446043165],[36.172765446911,-1.942446043165],[36.258992805755,-1.942446043165],[36.258992805755,-1.726618705036],[36.043165467626,-1.726618705036],[36.043165467626,-1.942446043165]]],"type":"Polygon"},"id":891,"properties":{"parentKey":"KEN:1159308877","sourceCountryId":"KEN","syntheticOperational":true,"territoryId":"territory:catalog:12102e61b74b0f7e953befe017a68fcfec318f7686b21430c0e9e2623363589d"},"type":"Feature"},{"geometry":{"coordinates":[[[36.906474820144,-1.510791366906],[36.963527159347,-1.510791366906],[36.963925,-1.507608],[36.964545,-1.505179],[36.973692,-1.48363],[36.97979,-1.460686],[36.976379,-1.454433],[36.967181,-1.450867],[36.940516,-1.445441],[36.928268,-1.444976],[36.918811,-1.446061],[36.906474820144,-1.4518483016],[36.906474820144,-1.510791366906]]],"type":"Polygon"},"id":892,"properties":{"parentKey":"KEN:1159308877","sourceCountryId":"KEN","syntheticOperational":true,"territoryId":"territory:catalog:0e9e415d996f9c117e5fb3ca9989850b9f763fa168e4f68f67b506f18cb4f1ce"},"type":"Feature"},{"geometry":{"coordinates":[[[36.820635872825,2.307839361896],[36.826931,2.290016],[36.834992,2.276812],[36.89318,2.225756],[36.901552,2.212888],[36.907288,2.201261],[36.923568728631,2.158273381295],[37.036592681464,2.158273381295],[37.036592681464,2.374100719424],[36.820635872825,2.374100719424],[36.820635872825,2.307839361896]]],"type":"Polygon"},"id":893,"properties":{"parentKey":"KEN:1159308875","sourceCountryId":"KEN","syntheticOperational":true,"territoryId":"territory:catalog:5997cd2c57df6c5dee9d68435cc3f3d0d847a493698a419c537f00d3cd5af612"},"type":"Feature"},{"geometry":{"coordinates":[[[35.913461538462,4.31654676259],[36.045341764088,4.31654676259],[36.045325,4.443716],[36.041345,4.443683],[36.018401,4.449135],[35.99711,4.462959],[35.958352,4.496858],[35.940472,4.508046],[35.933755,4.52218],[35.933940597652,4.532374100719],[35.913461538462,4.532374100719],[35.913461538462,4.31654676259]]],"type":"Polygon"},"id":894,"properties":{"parentKey":"KEN:1159308877","sourceCountryId":"KEN","syntheticOperational":true,"territoryId":"territory:catalog:10f964fbbf9000f2935d23485c764ddb606bc717f0762e32f8f0ac03d27b6f29"},"type":"Feature"},{"geometry":{"coordinates":[[[40.137005786267,-1.942446043165],[40.137375,-1.943085],[40.149777,-1.998017],[40.16373,-2.028351],[40.168329,-2.043027],[40.16404,-2.053259],[40.16404,-2.059461],[40.168226,-2.078116],[40.223003,-2.057083],[40.275944811038,-2.033404402286],[40.275944811038,-1.942446043165],[40.143884892086,-1.942446043165],[40.137005786267,-1.942446043165]]],"type":"Polygon"},"id":895,"properties":{"parentKey":"KEN:1159308881","sourceCountryId":"KEN","syntheticOperational":true,"territoryId":"territory:catalog:0b66a4d7582e6d596f1d094185906697d575c032f67a38f349f8c69c03ebf0ef"},"type":"Feature"},{"geometry":{"coordinates":[[[37.81512605042,2.805755395683],[37.900419916017,2.805755395683],[38.031212484994,2.805755395683],[38.031212484994,3.021582733813],[37.81512605042,3.021582733813],[37.81512605042,2.805755395683]]],"type":"Polygon"},"id":896,"properties":{"parentKey":"KEN:1159308875","sourceCountryId":"KEN","syntheticOperational":true,"territoryId":"territory:catalog:e4257d512f377969de70b591cfe242c12e88f4cde03dc097c64d4da6d161f476"},"type":"Feature"},{"geometry":{"coordinates":[[[40.840336134454,2.805755395683],[40.923815236953,2.805755395683],[40.965466017342,2.805755395683],[40.965385,2.814145],[40.979751,2.841895],[41.013961,2.875795],[41.056422569028,2.917802321296],[41.056422569028,3.021582733813],[40.840336134454,3.021582733813],[40.840336134454,2.805755395683]]],"type":"Polygon"},"id":897,"properties":{"parentKey":"KEN:1159308881","sourceCountryId":"KEN","syntheticOperational":true,"territoryId":"territory:catalog:6b0dc929f2b28515e1e8a61a1070a063ed0c393a0b26d6507bc2270e400cc133"},"type":"Feature"},{"geometry":{"coordinates":[[[37.769784172662,-1.726618705036],[37.985611510791,-1.726618705036],[37.985611510791,-1.510791366906],[37.769784172662,-1.510791366906],[37.769784172662,-1.726618705036]]],"type":"Polygon"},"id":898,"properties":{"parentKey":"KEN:1159308875","sourceCountryId":"KEN","syntheticOperational":true,"territoryId":"territory:catalog:1774f60978e661b256f1d38e751052d45636fc48219c4a374e510d1d9dd75268"},"type":"Feature"},{"geometry":{"coordinates":[[[39.196160767846,2.158273381295],[39.412117576485,2.158273381295],[39.412117576485,2.374100719424],[39.196160767846,2.374100719424],[39.196160767846,2.158273381295]]],"type":"Polygon"},"id":899,"properties":{"parentKey":"KEN:1159308881","sourceCountryId":"KEN","syntheticOperational":true,"territoryId":"territory:catalog:a8d8322d3a70a2dc1fd55c2481ab9dc8536c84464cddda953dcfb457f44935cd"},"type":"Feature"},{"geometry":{"coordinates":[[[35.827338129496,1.726618705036],[36.043165467626,1.726618705036],[36.043165467626,1.942446043165],[35.956808638272,1.942446043165],[35.827338129496,1.942446043165],[35.827338129496,1.726618705036]]],"type":"Polygon"},"id":900,"properties":{"parentKey":"KEN:1159308877","sourceCountryId":"KEN","syntheticOperational":true,"territoryId":"territory:catalog:1528168fafdcd1d2ad0112f91fab87206e9427e9d81702bac1cfb2dad0e0d034"},"type":"Feature"},{"geometry":{"coordinates":[[[40.143884892086,-1.510791366906],[40.359712230216,-1.510791366906],[40.359712230216,-1.294964028777],[40.143884892086,-1.294964028777],[40.143884892086,-1.510791366906]]],"type":"Polygon"},"id":901,"properties":{"parentKey":"KEN:1159308881","sourceCountryId":"KEN","syntheticOperational":true,"territoryId":"territory:catalog:84465eb463b366cd4496eaf9706935529a33d62f02189e78fa3d2714ad31015b"},"type":"Feature"},{"geometry":{"coordinates":[[[37.679996,-3.192148],[37.687424383606,-3.237410071942],[37.81512605042,-3.237410071942],[37.81512605042,-3.17463160537],[37.80837,-3.175155],[37.798758,-3.175],[37.790231,-3.17407],[37.698195,-3.186575],[37.679996,-3.192148]]],"type":"Polygon"},"id":902,"properties":{"parentKey":"KEN:1159309927","sourceCountryId":"KEN","syntheticOperational":true,"territoryId":"territory:catalog:6ff55d84cb0bf398c24f6cb08a3551da5a2131310b589a9beba77a69baf2aed1"},"type":"Feature"},{"geometry":{"coordinates":[[[37.122302158273,0.431654676259],[37.338129496403,0.431654676259],[37.338129496403,0.526138529338],[37.330931,0.528185],[37.122302158273,0.554970359683],[37.122302158273,0.431654676259]]],"type":"Polygon"},"id":903,"properties":{"parentKey":"KEN:1159308877","sourceCountryId":"KEN","syntheticOperational":true,"territoryId":"territory:catalog:45c3501cb4930c9a21fb81bbc76ade1806f02fdcecf64538990510c79404a1ea"},"type":"Feature"},{"geometry":{"coordinates":[[[37.797839106471,-2.589928057554],[37.89653,-2.703762],[37.900419916017,-2.713218480035],[37.900419916017,-2.589928057554],[37.797839106471,-2.589928057554]]],"type":"Polygon"},"id":904,"properties":{"parentKey":"KEN:1159308875","sourceCountryId":"KEN","syntheticOperational":true,"territoryId":"territory:catalog:d1a18f1966015b6f975a41dae3d063b92e9c09359b65513f2e703a85176f7e6c"},"type":"Feature"},{"geometry":{"coordinates":[[[38.679471788715,3.021582733813],[38.895558223289,3.021582733813],[38.895558223289,3.237410071942],[38.679471788715,3.237410071942],[38.679471788715,3.021582733813]]],"type":"Polygon"},"id":905,"properties":{"parentKey":"KEN:1159308875","sourceCountryId":"KEN","syntheticOperational":true,"territoryId":"territory:catalog:a1fba83b4c36b70d07709724fb3698dddfccc0e6bd00816918593cd686ee7cdd"},"type":"Feature"},{"geometry":{"coordinates":[[[40.0599880024,-2.374100719424],[40.275944811038,-2.374100719424],[40.275944811038,-2.158273381295],[40.0599880024,-2.158273381295],[40.0599880024,-2.374100719424]]],"type":"Polygon"},"id":906,"properties":{"parentKey":"KEN:1159309927","sourceCountryId":"KEN","syntheticOperational":true,"territoryId":"territory:catalog:213f1b64206aa78ee1693dbad8fd47c9cdc2a2244ade3cb6d5ab68f264dabd83"},"type":"Feature"},{"geometry":{"coordinates":[[[38.41726618705,0.431654676259],[38.63309352518,0.431654676259],[38.63309352518,0.647482014388],[38.41726618705,0.647482014388],[38.41726618705,0.431654676259]]],"type":"Polygon"},"id":907,"properties":{"parentKey":"KEN:1159308875","sourceCountryId":"KEN","syntheticOperational":true,"territoryId":"territory:catalog:1cabedfd300b95341d0330d7bbbf002479e9d6aa3ace09555697171144e07819"},"type":"Feature"},{"geometry":{"coordinates":[[[36.864864864865,3.669064748201],[37.081081081081,3.669064748201],[37.081081081081,3.884892086331],[36.864864864865,3.884892086331],[36.864864864865,3.669064748201]]],"type":"Polygon"},"id":908,"properties":{"parentKey":"KEN:1159308875","sourceCountryId":"KEN","syntheticOperational":true,"territoryId":"territory:catalog:7287002df55d543e1b9f408185b166c17efe0ea50f6f09f2aa9ad5ef7dbbf85d"},"type":"Feature"},{"geometry":{"coordinates":[[[34.789915966387,3.021582733813],[35.00600240096,3.021582733813],[35.00600240096,3.237410071942],[34.789915966387,3.237410071942],[34.789915966387,3.021582733813]]],"type":"Polygon"},"id":909,"properties":{"parentKey":"KEN:1159308877","sourceCountryId":"KEN","syntheticOperational":true,"territoryId":"territory:catalog:302573c3f80b0df5f8d651a4b47353240c560ee4f8e5e6749646f1819ba61864"},"type":"Feature"},{"geometry":{"coordinates":[[[39.412117576485,1.942446043165],[39.496402877698,1.942446043165],[39.628074385123,1.942446043165],[39.628074385123,2.158273381295],[39.412117576485,2.158273381295],[39.412117576485,1.942446043165]]],"type":"Polygon"},"id":910,"properties":{"parentKey":"KEN:1159308881","sourceCountryId":"KEN","syntheticOperational":true,"territoryId":"territory:catalog:2e5c413ac8292624b06adf5f724590f3427c16a433f434458bdec64b3ececadc"},"type":"Feature"},{"geometry":{"coordinates":[[[36.690647482014,-0.21582733813],[36.834918587165,-0.21582733813],[36.833752,-0.212442],[36.833442,-0.208411],[36.835612,-0.206034],[36.843674,-0.202003],[36.84724,-0.198747],[36.85003,-0.194923],[36.852046,-0.190737],[36.854216,-0.183761],[36.857627,-0.163556],[36.857627,-0.151257],[36.859642,-0.145417],[36.859022,-0.14366],[36.855146,-0.141593],[36.80781,-0.12485],[36.798974,-0.123713],[36.787037,-0.125108],[36.715206,-0.142885],[36.690647482014,-0.14637779029],[36.690647482014,-0.21582733813]]],"type":"Polygon"},"id":911,"properties":{"parentKey":"KEN:1159310037","sourceCountryId":"KEN","syntheticOperational":true,"territoryId":"territory:catalog:19226bcdd504b4d8f738b7d682ef46915833d1f4f724d346b3668af00e47dbbd"},"type":"Feature"},{"geometry":{"coordinates":[[[35.351351351351,3.884892086331],[35.567567567568,3.884892086331],[35.567567567568,4.10071942446],[35.480769230769,4.10071942446],[35.351351351351,4.10071942446],[35.351351351351,3.884892086331]]],"type":"Polygon"},"id":912,"properties":{"parentKey":"KEN:1159308877","sourceCountryId":"KEN","syntheticOperational":true,"territoryId":"territory:catalog:5172ce38b967cc97fbcef144396592c64591b2a6c6e94c29e59765212f599d4f"},"type":"Feature"},{"geometry":{"coordinates":[[[38.895558223289,-3.030565127623],[38.899724,-3.030461],[38.917397,-3.032786],[38.923289,-3.032734],[38.92887,-3.032011],[38.933831,-3.030202],[38.944424,-3.027825],[38.95016,-3.028032],[38.955121,-3.029531],[38.964733,-3.03351],[38.969694,-3.034595],[38.97512,-3.034181],[38.979306,-3.031959],[38.988896170996,-3.021582733813],[38.895558223289,-3.021582733813],[38.895558223289,-3.030565127623]]],"type":"Polygon"},"id":913,"properties":{"parentKey":"KEN:1159308875","sourceCountryId":"KEN","syntheticOperational":true,"territoryId":"territory:catalog:0ace18a100f5c097496f5d6fc1ac49ae72f02b01c971135b3395e9d947661cf0"},"type":"Feature"},{"geometry":{"coordinates":[[[35.306859205776,4.964028776978],[35.393866506314,4.964028776978],[35.414379901479,4.964028776978],[35.433715,5.003836],[35.411598,5.030376],[35.333563,4.987281],[35.306859205776,4.972534219476],[35.306859205776,4.964028776978]]],"type":"Polygon"},"id":914,"properties":{"parentKey":"KEN:1159308877","sourceCountryId":"KEN","syntheticOperational":true,"territoryId":"territory:catalog:850758d320969cc6c20a45227ff8887aa826d29897709abb0408de2722bbc641"},"type":"Feature"},{"geometry":{"coordinates":[[[38.389467716333,-4.10071942446],[38.416175,-4.119981],[38.422802,-4.12476],[38.508274,-4.186152],[38.509615384615,-4.187117788742],[38.509615384615,-4.10071942446],[38.389467716333,-4.10071942446]]],"type":"Polygon"},"id":915,"properties":{"parentKey":"KEN:1159309927","sourceCountryId":"KEN","syntheticOperational":true,"territoryId":"territory:catalog:d2e7f62b6a89909b55db3d3dcd0f002ed6f447851b2631eae6865500a0cf1595"},"type":"Feature"},{"geometry":{"coordinates":[[[38.548290341932,-2.158273381295],[38.76424715057,-2.158273381295],[38.76424715057,-1.942446043165],[38.63309352518,-1.942446043165],[38.548290341932,-1.942446043165],[38.548290341932,-2.158273381295]]],"type":"Polygon"},"id":916,"properties":{"parentKey":"KEN:1159308875","sourceCountryId":"KEN","syntheticOperational":true,"territoryId":"territory:catalog:8e3da216d38df925a6659dda11bc40cb4fe79a3a23055d591bcbb2ceb110b782"},"type":"Feature"},{"geometry":{"coordinates":[[[41.056422569028,3.237410071942],[41.272509003601,3.237410071942],[41.272509003601,3.453237410072],[41.189189189189,3.453237410072],[41.056422569028,3.453237410072],[41.056422569028,3.237410071942]]],"type":"Polygon"},"id":917,"properties":{"parentKey":"KEN:1159308881","sourceCountryId":"KEN","syntheticOperational":true,"territoryId":"territory:catalog:07271f581ad7e85190507632b8bf19a9f9c9d9f3e78c0db54072221658bcb909"},"type":"Feature"},{"geometry":{"coordinates":[[[40.791366906475,-1.079136690647],[41.007194244604,-1.079136690647],[41.007194244604,-0.906260502057],[41.00528,-0.903768],[40.979751,-0.870798],[40.979659319175,-0.863309352518],[40.791366906475,-0.863309352518],[40.791366906475,-1.079136690647]]],"type":"Polygon"},"id":918,"properties":{"parentKey":"KEN:1159308881","sourceCountryId":"KEN","syntheticOperational":true,"territoryId":"territory:catalog:dad55d950ccdc9d6b32d1559366c34b76fe47753ad69ace3cc8057452cfae222"},"type":"Feature"},{"geometry":{"coordinates":[[[35.827338129496,-0.863309352518],[36.043165467626,-0.863309352518],[36.043165467626,-0.647482014388],[35.827338129496,-0.647482014388],[35.827338129496,-0.863309352518]]],"type":"Polygon"},"id":919,"properties":{"parentKey":"KEN:1159308877","sourceCountryId":"KEN","syntheticOperational":true,"territoryId":"territory:catalog:c1b89cf87c93434e2f56d906d2c655d778c47cbf05bffe66cc36b73b81cbbd3e"},"type":"Feature"},{"geometry":{"coordinates":[[[39.327731092437,3.0645288737],[39.328122,3.067565],[39.327731092437,3.123138604876],[39.327731092437,3.0645288737]]],"type":"Polygon"},"id":920,"properties":{"parentKey":"KEN:1159308875","sourceCountryId":"KEN","syntheticOperational":true,"territoryId":"territory:catalog:443ba8a685e5b45808f6198543d7361ee22166f748e90c55fd316652ac907282"},"type":"Feature"},{"geometry":{"coordinates":[[[37.122302158273,-0.863309352518],[37.240853645116,-0.863309352518],[37.240601,-0.862479],[37.240601,-0.851782],[37.250367,-0.779745],[37.253003,-0.770857],[37.255535,-0.765328],[37.258016,-0.763467],[37.266542,-0.759592],[37.271348,-0.758093],[37.275844,-0.757421],[37.27941,-0.757421],[37.28406,-0.758351],[37.288401,-0.760212],[37.296153,-0.765793],[37.309795,-0.779539],[37.329536,-0.793956],[37.334032,-0.796127],[37.338129496403,-0.796722038346],[37.338129496403,-0.647482014388],[37.122302158273,-0.647482014388],[37.122302158273,-0.863309352518]]],"type":"Polygon"},"id":921,"properties":{"parentKey":"KEN:1159310037","sourceCountryId":"KEN","syntheticOperational":true,"territoryId":"territory:catalog:ab01ef020dc57b13a2a5c4cd8e9504881f42cc06d9aa5fac7422a0da046e7716"},"type":"Feature"},{"geometry":{"coordinates":[[[36.474820143885,0.431654676259],[36.690647482014,0.431654676259],[36.690647482014,0.647482014388],[36.474820143885,0.647482014388],[36.474820143885,0.431654676259]]],"type":"Polygon"},"id":922,"properties":{"parentKey":"KEN:1159308877","sourceCountryId":"KEN","syntheticOperational":true,"territoryId":"territory:catalog:37fadeb45293f6beabb8a42d902e33df7af09699ebc774078d5c3a6d8c77179b"},"type":"Feature"},{"geometry":{"coordinates":[[[40.575539568345,-0.21582733813],[40.791366906475,-0.21582733813],[40.791366906475,0],[40.575539568345,0],[40.575539568345,-0.21582733813]]],"type":"Polygon"},"id":923,"properties":{"parentKey":"KEN:1159308881","sourceCountryId":"KEN","syntheticOperational":true,"territoryId":"territory:catalog:50780ecb99272d8e5b18fabdc582a4757a68256ddbd9409d7b6f37ff188900da"},"type":"Feature"},{"geometry":{"coordinates":[[[37.46850629874,-2.072677104096],[37.476762,-2.079511],[37.499293,-2.094445],[37.504099,-2.096564],[37.524563,-2.102145],[37.531074,-2.105556],[37.593499,-2.154907],[37.602954693087,-2.158273381295],[37.684463107379,-2.158273381295],[37.684463107379,-1.942446043165],[37.553956834532,-1.942446043165],[37.46850629874,-1.942446043165],[37.46850629874,-2.072677104096]]],"type":"Polygon"},"id":924,"properties":{"parentKey":"KEN:1159308875","sourceCountryId":"KEN","syntheticOperational":true,"territoryId":"territory:catalog:1819610b7ab4486c239d06024a95ad62213dbd98065fcc6528abecbe50ae6746"},"type":"Feature"},{"geometry":{"coordinates":[[[39.560351397604,3.453237410072],[39.675675675676,3.453237410072],[39.675675675676,3.597154370477],[39.666447,3.588723],[39.600818,3.528907],[39.574979,3.497901],[39.560351397604,3.453237410072]]],"type":"Polygon"},"id":925,"properties":{"parentKey":"KEN:1159308881","sourceCountryId":"KEN","syntheticOperational":true,"territoryId":"territory:catalog:3b930bb9c42f3460dbe07bd74824338e50c591e1f8ba743709bfdb4990806145"},"type":"Feature"},{"geometry":{"coordinates":[[[39.280575539568,-1.510791366906],[39.496402877698,-1.510791366906],[39.496402877698,-1.294964028777],[39.280575539568,-1.294964028777],[39.280575539568,-1.510791366906]]],"type":"Polygon"},"id":926,"properties":{"parentKey":"KEN:1159309927","sourceCountryId":"KEN","syntheticOperational":true,"territoryId":"territory:catalog:178561a6320b25c19dec19e91fd4aad9728bd10b1beef3ba1c8683eb4b69b975"},"type":"Feature"},{"geometry":{"coordinates":[[[40.791366906475,0],[40.968486,0],[40.968486,0.215827338129],[40.791366906475,0.215827338129],[40.791366906475,0]]],"type":"Polygon"},"id":927,"properties":{"parentKey":"KEN:1159308881","sourceCountryId":"KEN","syntheticOperational":true,"territoryId":"territory:catalog:bbcaf45d6c2696f29e64ab22a6fc2592bfd20748e35be51bf32c7035e66a274c"},"type":"Feature"},{"geometry":{"coordinates":[[[37.338129496403,-0.796722038346],[37.340078,-0.797005],[37.347829,-0.796127],[37.480224,-0.746621],[37.490766,-0.740265],[37.492472,-0.735717],[37.490766,-0.731996],[37.487666,-0.728224],[37.485495,-0.723728],[37.480534,-0.707553],[37.478312,-0.695823],[37.477057528661,-0.647482014388],[37.338129496403,-0.647482014388],[37.338129496403,-0.796722038346]]],"type":"Polygon"},"id":928,"properties":{"parentKey":"KEN:1159310037","sourceCountryId":"KEN","syntheticOperational":true,"territoryId":"territory:catalog:5cd1a3a68883a41c9596d4505aa8a6273f2fba24199010b64886455d49cd3c14"},"type":"Feature"},{"geometry":{"coordinates":[[[37.081081081081,3.884892086331],[37.297297297297,3.884892086331],[37.297297297297,4.10071942446],[37.211538461538,4.10071942446],[37.081081081081,4.10071942446],[37.081081081081,3.884892086331]]],"type":"Polygon"},"id":929,"properties":{"parentKey":"KEN:1159308875","sourceCountryId":"KEN","syntheticOperational":true,"territoryId":"territory:catalog:4a66d06addd20f0f41f982812149fb85ab55a3322656d708d1841a752a698380"},"type":"Feature"},{"geometry":{"coordinates":[[[38.41726618705,-0.082957827469],[38.49428540302,-0.21582733813],[38.63309352518,-0.21582733813],[38.63309352518,-0.043522536402],[38.632712,-0.043615],[38.573698,-0.023823],[38.546516,-0.024236],[38.496131,-0.061236],[38.466211,-0.075137],[38.443525,-0.065215],[38.43443,-0.069246],[38.425128,-0.069453],[38.41726618705,-0.067955013525],[38.41726618705,-0.082957827469]]],"type":"Polygon"},"id":930,"properties":{"parentKey":"KEN:1159309927","sourceCountryId":"KEN","syntheticOperational":true,"territoryId":"territory:catalog:26049dc66390675c3ef78432d901e056438c75ecdae688b5b37e37167fd5c1dc"},"type":"Feature"},{"geometry":{"coordinates":[[[41.056422569028,3.021582733813],[41.161366013377,3.021582733813],[41.178396,3.03842],[41.260665,3.119811],[41.272509003601,3.131550508724],[41.272509003601,3.237410071942],[41.056422569028,3.237410071942],[41.056422569028,3.021582733813]]],"type":"Polygon"},"id":931,"properties":{"parentKey":"KEN:1159308881","sourceCountryId":"KEN","syntheticOperational":true,"territoryId":"territory:catalog:844fdc44c5deb25011f736a735f3a1ca2234dd13180de5b1de0b00431fbe9c4d"},"type":"Feature"},{"geometry":{"coordinates":[[[38.201438848921,-0.431654676259],[38.41726618705,-0.431654676259],[38.41726618705,-0.21582733813],[38.201438848921,-0.21582733813],[38.201438848921,-0.431654676259]]],"type":"Polygon"},"id":932,"properties":{"parentKey":"KEN:1159308875","sourceCountryId":"KEN","syntheticOperational":true,"territoryId":"territory:catalog:af40f10fe0d7832bdac86f9c376b560e3444b2f94b6459c55f17c4675ec4c520"},"type":"Feature"},{"geometry":{"coordinates":[[[38.848920863309,-0.827625828655],[38.869605195006,-0.863309352518],[39.064748201439,-0.863309352518],[39.064748201439,-0.647482014388],[38.848920863309,-0.647482014388],[38.848920863309,-0.827625828655]]],"type":"Polygon"},"id":933,"properties":{"parentKey":"KEN:1159309927","sourceCountryId":"KEN","syntheticOperational":true,"territoryId":"territory:catalog:5f7ea637dab9f7bc519f7db66e1dbb659f17033a2b85828aef8511a79aafa448"},"type":"Feature"},{"geometry":{"coordinates":[[[34.960914010824,4.532374100719],[35.048076923077,4.532374100719],[35.177390258569,4.532374100719],[35.177390258569,4.748201438849],[34.960914010824,4.748201438849],[34.960914010824,4.532374100719]]],"type":"Polygon"},"id":934,"properties":{"parentKey":"KEN:1159308877","sourceCountryId":"KEN","syntheticOperational":true,"territoryId":"territory:catalog:8f8c1ed548f48778a9a7ae9a512dc9fb18a328d95c5882d5b39bc81c7049a17d"},"type":"Feature"},{"geometry":{"coordinates":[[[39.064748201439,-1.510791366906],[39.280575539568,-1.510791366906],[39.280575539568,-1.294964028777],[39.064748201439,-1.294964028777],[39.064748201439,-1.510791366906]]],"type":"Polygon"},"id":935,"properties":{"parentKey":"KEN:1159309927","sourceCountryId":"KEN","syntheticOperational":true,"territoryId":"territory:catalog:2d29889419d840aac7318ccfa322b3c5265a3c5c0d39fbe4e420a5743be17b28"},"type":"Feature"},{"geometry":{"coordinates":[[[34.964028776978,-0.898026925976],[34.975571,-0.894725],[34.987043,-0.890178],[34.994329,-0.885579],[34.998515,-0.877052],[35.00240886093,-0.863309352518],[34.964028776978,-0.863309352518],[34.964028776978,-0.898026925976]]],"type":"Polygon"},"id":936,"properties":{"parentKey":"KEN:1159310041","sourceCountryId":"KEN","syntheticOperational":true,"territoryId":"territory:catalog:9af5699093059645581ec29382f5e6a1bfd48eba80381a6dd67edcf5bdcca76e"},"type":"Feature"},{"geometry":{"coordinates":[[[37.769784172662,0.686024657215],[37.772248,0.685902],[37.78372,0.684145],[37.789766,0.683938],[37.795812,0.684558],[37.819532,0.692103],[37.828885,0.696237],[37.833846,0.700164],[37.838032,0.705745],[37.845783,0.720628],[37.850279,0.725331],[37.856325,0.729827],[37.875136,0.740885],[37.882422,0.742177],[37.888778,0.741919],[37.89746,0.737165],[37.901335,0.734581],[37.906917,0.733444],[37.913583,0.734064],[37.953167,0.756492],[37.968515,0.769101],[37.985611510791,0.786557165423],[37.985611510791,0.863309352518],[37.769784172662,0.863309352518],[37.769784172662,0.686024657215]]],"type":"Polygon"},"id":937,"properties":{"parentKey":"KEN:1159308877","sourceCountryId":"KEN","syntheticOperational":true,"territoryId":"territory:catalog:759102a9f5ebb8a668c199ff3c30284c12b8941541ac0fc755a8c160c4eca015"},"type":"Feature"},{"geometry":{"coordinates":[[[35.00240886093,-0.863309352518],[35.179856115108,-0.863309352518],[35.179856115108,-0.647482014388],[35.053277174703,-0.647482014388],[35.052517,-0.660269],[35.046161,-0.676134],[35.046471,-0.688536],[35.048641,-0.700164],[35.068692,-0.755612],[35.071896,-0.768687],[35.072413,-0.780779],[35.064609,-0.789926],[35.053292,-0.798866],[35.03996,-0.806979],[35.027092,-0.817107],[35.015879,-0.828321],[35.003786,-0.858449],[35.00240886093,-0.863309352518]]],"type":"Polygon"},"id":938,"properties":{"parentKey":"KEN:1159308877","sourceCountryId":"KEN","syntheticOperational":true,"territoryId":"territory:catalog:a80a235e22f75765e95a3521828f083d018567844ff36a497cc0432e5bb9215a"},"type":"Feature"},{"geometry":{"coordinates":[[[35.259126125925,-0.21582733813],[35.262478,-0.226342],[35.264649,-0.231252],[35.267594,-0.235127],[35.274571,-0.24138],[35.278757,-0.244119],[35.283252,-0.24629],[35.288368,-0.248047],[35.293794,-0.24908],[35.300357,-0.249545],[35.307179,-0.24908],[35.315085,-0.2466],[35.319116,-0.242104],[35.321441,-0.236884],[35.324496135761,-0.21582733813],[35.259126125925,-0.21582733813]]],"type":"Polygon"},"id":939,"properties":{"parentKey":"KEN:1159310041","sourceCountryId":"KEN","syntheticOperational":true,"territoryId":"territory:catalog:e5959a14b5db284909f54ba74939f82ed186ec5270fa4da5a67a3faa3c3c5751"},"type":"Feature"},{"geometry":{"coordinates":[[[39.928057553957,1.294964028777],[40.143884892086,1.294964028777],[40.143884892086,1.510791366906],[39.928057553957,1.510791366906],[39.928057553957,1.294964028777]]],"type":"Polygon"},"id":940,"properties":{"parentKey":"KEN:1159308881","sourceCountryId":"KEN","syntheticOperational":true,"territoryId":"territory:catalog:70b0cf960555447265205591ecc67ee80132488af619592a1288ba89affc61ee"},"type":"Feature"},{"geometry":{"coordinates":[[[38.980203959208,-2.374100719424],[39.196160767846,-2.374100719424],[39.196160767846,-2.158273381295],[38.980203959208,-2.158273381295],[38.980203959208,-2.374100719424]]],"type":"Polygon"},"id":941,"properties":{"parentKey":"KEN:1159309927","sourceCountryId":"KEN","syntheticOperational":true,"territoryId":"territory:catalog:c04a27e2bcca1acf3440d9b33c48dc17a26fa22968717a936bc8c155228bb7a1"},"type":"Feature"},{"geometry":{"coordinates":[[[40.0599880024,2.589928057554],[40.275944811038,2.589928057554],[40.275944811038,2.805755395683],[40.192076830732,2.805755395683],[40.0599880024,2.805755395683],[40.0599880024,2.589928057554]]],"type":"Polygon"},"id":942,"properties":{"parentKey":"KEN:1159308881","sourceCountryId":"KEN","syntheticOperational":true,"territoryId":"territory:catalog:b3385e67dfdae4959ebabca41482a89060867b648d760b83aca7ef0f9d8284c8"},"type":"Feature"},{"geometry":{"coordinates":[[[35.611510791367,-0.647482014388],[35.827338129496,-0.647482014388],[35.827338129496,-0.431654676259],[35.611510791367,-0.431654676259],[35.611510791367,-0.647482014388]]],"type":"Polygon"},"id":943,"properties":{"parentKey":"KEN:1159308877","sourceCountryId":"KEN","syntheticOperational":true,"territoryId":"territory:catalog:994f2d3a7b9510775b320edfb08b49f50f41cb264ec2262460d2bcf794ebcaf5"},"type":"Feature"},{"geometry":{"coordinates":[[[38.41726618705,0.647482014388],[38.63309352518,0.647482014388],[38.63309352518,0.863309352518],[38.41726618705,0.863309352518],[38.41726618705,0.647482014388]]],"type":"Polygon"},"id":944,"properties":{"parentKey":"KEN:1159308875","sourceCountryId":"KEN","syntheticOperational":true,"territoryId":"territory:catalog:81758d93a9302f7d87f4aa1c6931176b46cd40fca8a67a240f6eac64c1b7b04e"},"type":"Feature"},{"geometry":{"coordinates":[[[36.820635872825,-2.374100719424],[37.036592681464,-2.374100719424],[37.036592681464,-2.158273381295],[36.820635872825,-2.158273381295],[36.820635872825,-2.374100719424]]],"type":"Polygon"},"id":945,"properties":{"parentKey":"KEN:1159308877","sourceCountryId":"KEN","syntheticOperational":true,"territoryId":"territory:catalog:2633606e5c37b26025324de1139abbc5522bdfc5d48a61f8ee3f9b8d27894f0f"},"type":"Feature"},{"geometry":{"coordinates":[[[37.769784172662,1.079136690647],[37.985611510791,1.079136690647],[37.985611510791,1.20802619887],[37.959058,1.238788],[37.947431,1.256099],[37.942625,1.273153],[37.940990451724,1.294964028777],[37.769784172662,1.294964028777],[37.769784172662,1.079136690647]]],"type":"Polygon"},"id":946,"properties":{"parentKey":"KEN:1159308877","sourceCountryId":"KEN","syntheticOperational":true,"territoryId":"territory:catalog:58a26396cb485d6ef49e8f32b5a47dd31b5ca797556733fb4709771c45e79bec"},"type":"Feature"},{"geometry":{"coordinates":[[[37.769784172662,1.726618705036],[37.985611510791,1.726618705036],[37.985611510791,1.942446043165],[37.900419916017,1.942446043165],[37.769784172662,1.942446043165],[37.769784172662,1.726618705036]]],"type":"Polygon"},"id":947,"properties":{"parentKey":"KEN:1159308875","sourceCountryId":"KEN","syntheticOperational":true,"territoryId":"territory:catalog:261bf2816d5e8290c4dac79bab88ccd900f26e2c7a0188fabab64c7318239797"},"type":"Feature"},{"geometry":{"coordinates":[[[40.491901619676,2.158273381295],[40.707858428314,2.158273381295],[40.707858428314,2.374100719424],[40.491901619676,2.374100719424],[40.491901619676,2.158273381295]]],"type":"Polygon"},"id":948,"properties":{"parentKey":"KEN:1159308881","sourceCountryId":"KEN","syntheticOperational":true,"territoryId":"territory:catalog:030dea1c5f0094899c9af1ba9984f2ca4d5bd016a6622f6cf7087778c5006f1c"},"type":"Feature"},{"geometry":{"coordinates":[[[34.532374100719,-0.647482014388],[34.748201438849,-0.647482014388],[34.748201438849,-0.431654676259],[34.532374100719,-0.431654676259],[34.532374100719,-0.647482014388]]],"type":"Polygon"},"id":949,"properties":{"parentKey":"KEN:1159310041","sourceCountryId":"KEN","syntheticOperational":true,"territoryId":"territory:catalog:c0277486c2b7e8f3ec5bbe5cb1d98efb70b6540592821f9d7c9b3f63764f9649"},"type":"Feature"},{"geometry":{"coordinates":[[[34.964028776978,-0.03171996431],[34.96844,-0.029042],[34.973401,-0.027078],[34.979292,-0.025941],[34.985183,-0.025476],[34.991074,-0.025631],[34.995725,-0.027595],[34.999755,-0.030385],[35.009522,-0.040927],[35.013398,-0.042994],[35.018049,-0.043873],[35.022441,-0.044028],[35.026782,-0.045785],[35.037944,-0.05457],[35.042285,-0.05705],[35.047091,-0.058859],[35.052362,-0.059634],[35.057633,-0.058704],[35.067865,-0.055087],[35.072516,-0.052916],[35.076908,-0.050281],[35.080009,-0.046664],[35.08683,-0.032452],[35.089311,-0.028112],[35.092101,-0.024391],[35.096132,-0.0216],[35.101093,-0.01974],[35.106984,-0.019017],[35.11303,-0.01943],[35.124089,-0.02191],[35.138817,-0.027492],[35.15556,-0.037982],[35.160056,-0.040049],[35.165172,-0.041599],[35.170753,-0.042013],[35.176024,-0.040927],[35.179856115108,-0.039114599326],[35.179856115108,0],[34.964028776978,0],[34.964028776978,-0.03171996431]]],"type":"Polygon"},"id":950,"properties":{"parentKey":"KEN:1159308877","sourceCountryId":"KEN","syntheticOperational":true,"territoryId":"territory:catalog:a5cd7bd9b52dc167894adaaed4ba281c3dd9aa22f8ff587d665f797da99e516f"},"type":"Feature"},{"geometry":{"coordinates":[[[33.921449827729,-0.431654676259],[34.10071942446,-0.431654676259],[34.10071942446,-0.21582733813],[33.946390294755,-0.21582733813],[33.935117,-0.313106],[33.921449827729,-0.431654676259]]],"type":"Polygon"},"id":951,"properties":{"parentKey":"KEN:1159310041","sourceCountryId":"KEN","syntheticOperational":true,"territoryId":"territory:catalog:afbe5e92ba6a513b2328eee9f572816d7fc346c6a670449ef72dee3bf99e437e"},"type":"Feature"},{"geometry":{"coordinates":[[[38.201438848921,-1.726618705036],[38.41726618705,-1.726618705036],[38.41726618705,-1.510791366906],[38.201438848921,-1.510791366906],[38.201438848921,-1.726618705036]]],"type":"Polygon"},"id":952,"properties":{"parentKey":"KEN:1159308875","sourceCountryId":"KEN","syntheticOperational":true,"territoryId":"territory:catalog:a53000fb862abc586012b40444f2e52e8373514b920005e407fce3ec43a30c94"},"type":"Feature"},{"geometry":{"coordinates":[[[39.334225551864,1.294964028777],[39.414938633194,1.079136690647],[39.496402877698,1.079136690647],[39.496402877698,1.294964028777],[39.334225551864,1.294964028777]]],"type":"Polygon"},"id":953,"properties":{"parentKey":"KEN:1159308881","sourceCountryId":"KEN","syntheticOperational":true,"territoryId":"territory:catalog:b53ab795ca140ea9b3b14c01bd23bd35b79acbedf9dcd514d3a37acedbc3dbb2"},"type":"Feature"},{"geometry":{"coordinates":[[[36.906474820144,-0.21582733813],[37.027351885318,-0.21582733813],[37.028779,-0.208721],[37.0325,-0.168878],[37.031259,-0.15999],[37.00754,-0.122318],[37.00568,-0.117409],[37.004439,-0.112034],[37.003819,-0.099477],[37.00692,-0.09188],[37.012346,-0.083302],[37.038752,-0.058601],[37.05131,-0.041134],[37.075081414792,0],[36.906474820144,0],[36.906474820144,-0.21582733813]]],"type":"Polygon"},"id":954,"properties":{"parentKey":"KEN:1159308877","sourceCountryId":"KEN","syntheticOperational":true,"territoryId":"territory:catalog:b2682ea54ed5a3225f4581113f361879df979638e8852a69d80499b961bff7f7"},"type":"Feature"},{"geometry":{"coordinates":[[[34.748201438849,1.079136690647],[34.964028776978,1.079136690647],[34.964028776978,1.294964028777],[34.804631314785,1.294964028777],[34.810516,1.272533],[34.797907,1.231916],[34.766074,1.217498],[34.748201438849,1.215668142064],[34.748201438849,1.079136690647]]],"type":"Polygon"},"id":955,"properties":{"parentKey":"KEN:1159308877","sourceCountryId":"KEN","syntheticOperational":true,"territoryId":"territory:catalog:4119db694beef0a2ca7fa3cebc7566af7587851d265659eadd79f843aa462a28"},"type":"Feature"},{"geometry":{"coordinates":[[[37.684463107379,2.374100719424],[37.900419916017,2.374100719424],[37.900419916017,2.589928057554],[37.684463107379,2.589928057554],[37.684463107379,2.374100719424]]],"type":"Polygon"},"id":956,"properties":{"parentKey":"KEN:1159308875","sourceCountryId":"KEN","syntheticOperational":true,"territoryId":"territory:catalog:ef623f8c09a930b576fe4860ec89a9abdb198d05933f2f552c454d302db518c6"},"type":"Feature"},{"geometry":{"coordinates":[[[36.690647482014,-1.726618705036],[36.906474820144,-1.726618705036],[36.906474820144,-1.510791366906],[36.690647482014,-1.510791366906],[36.690647482014,-1.726618705036]]],"type":"Polygon"},"id":957,"properties":{"parentKey":"KEN:1159308877","sourceCountryId":"KEN","syntheticOperational":true,"territoryId":"territory:catalog:855304f1b0a4fa73b70758ba83e219ef4b417d3e501060e3f4b6f0a76e9aba10"},"type":"Feature"},{"geometry":{"coordinates":[[[39.928057553957,-0.431654676259],[40.143884892086,-0.431654676259],[40.143884892086,-0.21582733813],[39.928057553957,-0.21582733813],[39.928057553957,-0.431654676259]]],"type":"Polygon"},"id":958,"properties":{"parentKey":"KEN:1159308881","sourceCountryId":"KEN","syntheticOperational":true,"territoryId":"territory:catalog:4dd0f6819832ee65a852f76e62e09c3010790d76863c882a22c642e0cdec5f40"},"type":"Feature"},{"geometry":{"coordinates":[[[39.496402877698,0.215827338129],[39.712230215827,0.215827338129],[39.712230215827,0.431654676259],[39.496402877698,0.431654676259],[39.496402877698,0.215827338129]]],"type":"Polygon"},"id":959,"properties":{"parentKey":"KEN:1159308881","sourceCountryId":"KEN","syntheticOperational":true,"territoryId":"territory:catalog:a67a973c9dcdff2bafd8604fb92fbf6c964c0ef37c5f3bb62f1ab21a18559ac4"},"type":"Feature"},{"geometry":{"coordinates":[[[37.985611510791,1.726618705036],[38.201438848921,1.726618705036],[38.201438848921,1.942446043165],[38.116376724655,1.942446043165],[37.985611510791,1.942446043165],[37.985611510791,1.726618705036]]],"type":"Polygon"},"id":960,"properties":{"parentKey":"KEN:1159308875","sourceCountryId":"KEN","syntheticOperational":true,"territoryId":"territory:catalog:6f7aab61a4cee60ecd791df12e6bf6e8109f17cc2d047960deff0857d08b29e5"},"type":"Feature"},{"geometry":{"coordinates":[[[36.258992805755,-1.942446043165],[36.388722255549,-1.942446043165],[36.474820143885,-1.942446043165],[36.474820143885,-1.726618705036],[36.258992805755,-1.726618705036],[36.258992805755,-1.942446043165]]],"type":"Polygon"},"id":961,"properties":{"parentKey":"KEN:1159308877","sourceCountryId":"KEN","syntheticOperational":true,"territoryId":"territory:catalog:6061bebb7c9983d30f2e0a7c02bcd156c0671f611bcd6d2a1e953b202dbef927"},"type":"Feature"},{"geometry":{"coordinates":[[[40.575539568345,-0.863309352518],[40.791366906475,-0.863309352518],[40.791366906475,-0.647482014388],[40.575539568345,-0.647482014388],[40.575539568345,-0.863309352518]]],"type":"Polygon"},"id":962,"properties":{"parentKey":"KEN:1159308881","sourceCountryId":"KEN","syntheticOperational":true,"territoryId":"territory:catalog:be2778c5fe0666cbeffd347e93eb0c2c6ba7eee9c2c05b767d2c4ee07aeaea91"},"type":"Feature"},{"geometry":{"coordinates":[[[39.064748201439,-0.431654676259],[39.280575539568,-0.431654676259],[39.280575539568,-0.21582733813],[39.064748201439,-0.21582733813],[39.064748201439,-0.431654676259]]],"type":"Polygon"},"id":963,"properties":{"parentKey":"KEN:1159309927","sourceCountryId":"KEN","syntheticOperational":true,"territoryId":"territory:catalog:f7b6f48ce328c6406431718fde8058abfc54d2755058b90ba0943abb739e390b"},"type":"Feature"},{"geometry":{"coordinates":[[[39.111644657863,-3.021582733813],[39.327731092437,-3.021582733813],[39.327731092437,-2.805755395683],[39.196160767846,-2.805755395683],[39.111644657863,-2.805755395683],[39.111644657863,-3.021582733813]]],"type":"Polygon"},"id":964,"properties":{"parentKey":"KEN:1159309927","sourceCountryId":"KEN","syntheticOperational":true,"territoryId":"territory:catalog:ea7ac68fbe4d4fddbdd5a8df2ad1522981fd22720cabd8842bc68470c82d1777"},"type":"Feature"},{"geometry":{"coordinates":[[[40.791366906475,-0.431654676259],[40.973999448459,-0.431654676259],[40.97262,-0.328299],[40.971173,-0.219675],[40.971131780549,-0.21582733813],[40.791366906475,-0.21582733813],[40.791366906475,-0.431654676259]]],"type":"Polygon"},"id":965,"properties":{"parentKey":"KEN:1159308881","sourceCountryId":"KEN","syntheticOperational":true,"territoryId":"territory:catalog:690f28c806cc7f812e324c385125451cae4402f1a4ebc7a5d244ddbf8b4739a4"},"type":"Feature"},{"geometry":{"coordinates":[[[38.734562333057,-2.374100719424],[38.76424715057,-2.374100719424],[38.76424715057,-2.352793903975],[38.756477,-2.354791],[38.751826,-2.356755],[38.74361,-2.362284],[38.740354,-2.365643],[38.734562333057,-2.374100719424]]],"type":"Polygon"},"id":966,"properties":{"parentKey":"KEN:1159309927","sourceCountryId":"KEN","syntheticOperational":true,"territoryId":"territory:catalog:5b32d4f6f14ae45375fa164eead42b41261cfe8ddffac2d528291ddd315ce029"},"type":"Feature"},{"geometry":{"coordinates":[[[35.524895020996,1.942446043165],[35.611510791367,1.942446043165],[35.740851829634,1.942446043165],[35.740851829634,2.158273381295],[35.524895020996,2.158273381295],[35.524895020996,1.942446043165]]],"type":"Polygon"},"id":967,"properties":{"parentKey":"KEN:1159308877","sourceCountryId":"KEN","syntheticOperational":true,"territoryId":"territory:catalog:51dcfb3a0abccd931942f3a45bbff17289bd7f60470779213c638bbdf81f6cf8"},"type":"Feature"},{"geometry":{"coordinates":[[[35.438175270108,3.021582733813],[35.654261704682,3.021582733813],[35.654261704682,3.237410071942],[35.438175270108,3.237410071942],[35.438175270108,3.021582733813]]],"type":"Polygon"},"id":968,"properties":{"parentKey":"KEN:1159308877","sourceCountryId":"KEN","syntheticOperational":true,"territoryId":"territory:catalog:e99c48e0edca3412f53170e535241d3671e7fe4f1df26d158667cb64ec38df2f"},"type":"Feature"},{"geometry":{"coordinates":[[[35.611510791367,-1.726618705036],[35.827338129496,-1.726618705036],[35.827338129496,-1.510791366906],[35.611510791367,-1.510791366906],[35.611510791367,-1.726618705036]]],"type":"Polygon"},"id":969,"properties":{"parentKey":"KEN:1159308877","sourceCountryId":"KEN","syntheticOperational":true,"territoryId":"territory:catalog:80bfbc70838b985f169ae1cd0c29c3a57359a4ee390d6d2a40d542a5a27a4536"},"type":"Feature"},{"geometry":{"coordinates":[[[37.122302158273,1.510791366906],[37.338129496403,1.510791366906],[37.338129496403,1.726618705036],[37.122302158273,1.726618705036],[37.122302158273,1.510791366906]]],"type":"Polygon"},"id":970,"properties":{"parentKey":"KEN:1159308877","sourceCountryId":"KEN","syntheticOperational":true,"territoryId":"territory:catalog:c329270abb9cd9b78b59caaf5c64e2d2b48fde4c5dc2f10bfa52eecae3e55050"},"type":"Feature"},{"geometry":{"coordinates":[[[37.940990451724,1.294964028777],[37.942625,1.273153],[37.947431,1.256099],[37.959058,1.238788],[37.985611510791,1.20802619887],[37.985611510791,1.294964028777],[37.940990451724,1.294964028777]]],"type":"Polygon"},"id":971,"properties":{"parentKey":"KEN:1159308875","sourceCountryId":"KEN","syntheticOperational":true,"territoryId":"territory:catalog:5ff870b46ec6de4678b4bcb082e60bbe99e9a28a3e9aee3b965739388e8f1a35"},"type":"Feature"},{"geometry":{"coordinates":[[[36.474820143885,-0.647482014388],[36.514502599343,-0.647482014388],[36.508501,-0.619807],[36.506485,-0.615259],[36.502609,-0.613554],[36.499354,-0.612572],[36.495013,-0.611849],[36.485401,-0.608903],[36.475634,-0.604821],[36.474820143885,-0.604344441817],[36.474820143885,-0.647482014388]]],"type":"Polygon"},"id":972,"properties":{"parentKey":"KEN:1159308877","sourceCountryId":"KEN","syntheticOperational":true,"territoryId":"territory:catalog:b480c1848f8b47734d04ff39320c4d0117b2ba8423bb5c0eeae6735ce4a43ac4"},"type":"Feature"},{"geometry":{"coordinates":[[[39.064748201439,0.215827338129],[39.280575539568,0.215827338129],[39.280575539568,0.431654676259],[39.064748201439,0.431654676259],[39.064748201439,0.215827338129]]],"type":"Polygon"},"id":973,"properties":{"parentKey":"KEN:1159308881","sourceCountryId":"KEN","syntheticOperational":true,"territoryId":"territory:catalog:3b160b1a4ed4c0c0327fa6caac7da594422ad73af1673870d3f0f3e1d7d5b899"},"type":"Feature"},{"geometry":{"coordinates":[[[38.201438848921,-0.21582733813],[38.41726618705,-0.21582733813],[38.41726618705,-0.082957827469],[38.415878,-0.080563],[38.415361,-0.067592],[38.41726618705,-0.067955013525],[38.41726618705,0],[38.201438848921,0],[38.201438848921,-0.21582733813]]],"type":"Polygon"},"id":974,"properties":{"parentKey":"KEN:1159308875","sourceCountryId":"KEN","syntheticOperational":true,"territoryId":"territory:catalog:97ab1de952633dad93506e0c414be38787be55f8b5ccafb5435175df38049cc2"},"type":"Feature"},{"geometry":{"coordinates":[[[39.496402877698,1.079136690647],[39.712230215827,1.079136690647],[39.712230215827,1.294964028777],[39.496402877698,1.294964028777],[39.496402877698,1.079136690647]]],"type":"Polygon"},"id":975,"properties":{"parentKey":"KEN:1159308881","sourceCountryId":"KEN","syntheticOperational":true,"territoryId":"territory:catalog:ef4269e4d781b05d2bc1a3f30cc912ed7fe80742971e48fc5f20d5ec28c25a34"},"type":"Feature"},{"geometry":{"coordinates":[[[36.172765446911,-2.224221644904],[36.274096,-2.280842],[36.388722255549,-2.344774636984],[36.388722255549,-2.158273381295],[36.172765446911,-2.158273381295],[36.172765446911,-2.224221644904]]],"type":"Polygon"},"id":976,"properties":{"parentKey":"KEN:1159308877","sourceCountryId":"KEN","syntheticOperational":true,"territoryId":"territory:catalog:c9205963e02837de7a97612a8460515f65be6d3755fbfe3327aa1b3ef4c5f37e"},"type":"Feature"},{"geometry":{"coordinates":[[[37.684463107379,-2.459155739117],[37.797839106471,-2.589928057554],[37.900419916017,-2.589928057554],[37.900419916017,-2.374100719424],[37.684463107379,-2.374100719424],[37.684463107379,-2.459155739117]]],"type":"Polygon"},"id":977,"properties":{"parentKey":"KEN:1159308875","sourceCountryId":"KEN","syntheticOperational":true,"territoryId":"territory:catalog:0923de6ae59ec06efe33d968bfa0cf19a93e6957cfd5b1a85007948815ba479e"},"type":"Feature"},{"geometry":{"coordinates":[[[38.594594594595,3.453237410072],[38.679471788715,3.453237410072],[38.810810810811,3.453237410072],[38.810810810811,3.536413331622],[38.722008,3.560404],[38.703715,3.570429],[38.688108,3.586294],[38.66103,3.621951],[38.661443,3.615336],[38.6601,3.601306],[38.660306,3.594459],[38.601912,3.59867],[38.596641,3.602133],[38.595608,3.607507],[38.594594594595,3.609321981308],[38.594594594595,3.453237410072]]],"type":"Polygon"},"id":978,"properties":{"parentKey":"KEN:1159308875","sourceCountryId":"KEN","syntheticOperational":true,"territoryId":"territory:catalog:40b1d7446403543e0871ded7203507a36f2d9c7cb17f95b61fa3c5e3853f1f3e"},"type":"Feature"},{"geometry":{"coordinates":[[[36.474820143885,-1.079136690647],[36.582871142579,-1.079136690647],[36.577385,-1.053579],[36.576765,-1.047429],[36.578315,-1.029498],[36.585498,-1.004383],[36.585809,-1.001179],[36.585602,-0.999474],[36.584878,-0.997407],[36.571029,-0.979165],[36.568549,-0.974566],[36.561417,-0.953482],[36.560332,-0.948366],[36.560177,-0.941131],[36.562192,-0.923613],[36.562037,-0.918393],[36.560952,-0.913742],[36.542525868406,-0.863309352518],[36.474820143885,-0.863309352518],[36.474820143885,-1.079136690647]]],"type":"Polygon"},"id":979,"properties":{"parentKey":"KEN:1159308877","sourceCountryId":"KEN","syntheticOperational":true,"territoryId":"territory:catalog:881ecfccb1e958ff66cf0a20f0bf1a0673d941855dd427d64f23e81f0ea05c13"},"type":"Feature"},{"geometry":{"coordinates":[[[37.338129496403,-1.942446043165],[37.46850629874,-1.942446043165],[37.553956834532,-1.942446043165],[37.553956834532,-1.726618705036],[37.338129496403,-1.726618705036],[37.338129496403,-1.942446043165]]],"type":"Polygon"},"id":980,"properties":{"parentKey":"KEN:1159308875","sourceCountryId":"KEN","syntheticOperational":true,"territoryId":"territory:catalog:0c1b777612fea9410633e725c4c8f795e1c2035f467d2476065c53f9ca923e14"},"type":"Feature"},{"geometry":{"coordinates":[[[36.043165467626,1.294964028777],[36.258992805755,1.294964028777],[36.258992805755,1.510791366906],[36.043165467626,1.510791366906],[36.043165467626,1.294964028777]]],"type":"Polygon"},"id":981,"properties":{"parentKey":"KEN:1159308877","sourceCountryId":"KEN","syntheticOperational":true,"territoryId":"territory:catalog:2731b70b1827ec239442a02a82412979ab2670b20f588af877ce22ee234fff3c"},"type":"Feature"},{"geometry":{"coordinates":[[[37.338129496403,1.079136690647],[37.553956834532,1.079136690647],[37.553956834532,1.294964028777],[37.338129496403,1.294964028777],[37.338129496403,1.079136690647]]],"type":"Polygon"},"id":982,"properties":{"parentKey":"KEN:1159308877","sourceCountryId":"KEN","syntheticOperational":true,"territoryId":"territory:catalog:f1b9a3815c9beb1ea29dc9e01f0455774c20a69b8456262c35af4da63a9bb2d7"},"type":"Feature"},{"geometry":{"coordinates":[[[40.143884892086,1.294964028777],[40.359712230216,1.294964028777],[40.359712230216,1.510791366906],[40.143884892086,1.510791366906],[40.143884892086,1.294964028777]]],"type":"Polygon"},"id":983,"properties":{"parentKey":"KEN:1159308881","sourceCountryId":"KEN","syntheticOperational":true,"territoryId":"territory:catalog:68d84997d1305c02b61bccf60c902a7834cd822d5238b45306a31ef86f39b67c"},"type":"Feature"},{"geometry":{"coordinates":[[[37.599039615846,2.805755395683],[37.684463107379,2.805755395683],[37.81512605042,2.805755395683],[37.81512605042,3.021582733813],[37.599039615846,3.021582733813],[37.599039615846,2.805755395683]]],"type":"Polygon"},"id":984,"properties":{"parentKey":"KEN:1159308875","sourceCountryId":"KEN","syntheticOperational":true,"territoryId":"territory:catalog:0e88d46f0f662e34e98fc68551a2db8d39d486cb809128bc84f4420254dc17d4"},"type":"Feature"},{"geometry":{"coordinates":[[[39.91962789382,-1.079136690647],[39.923176,-1.086238],[39.928057553957,-1.091102161247],[39.928057553957,-1.079136690647],[39.91962789382,-1.079136690647]]],"type":"Polygon"},"id":985,"properties":{"parentKey":"KEN:1159308881","sourceCountryId":"KEN","syntheticOperational":true,"territoryId":"territory:catalog:9628fafc91fb8bde0c71d49d500a5bd2b95434e00715f671d9f385663a18f5e8"},"type":"Feature"},{"geometry":{"coordinates":[[[36.258992805755,1.079136690647],[36.474820143885,1.079136690647],[36.474820143885,1.294964028777],[36.258992805755,1.294964028777],[36.258992805755,1.079136690647]]],"type":"Polygon"},"id":986,"properties":{"parentKey":"KEN:1159308877","sourceCountryId":"KEN","syntheticOperational":true,"territoryId":"territory:catalog:9201baa05b25ea408768925980bc56667725c41b9193fe373d89de6c27b4710e"},"type":"Feature"},{"geometry":{"coordinates":[[[39.844031193761,-2.158273381295],[40.0599880024,-2.158273381295],[40.0599880024,-1.942446043165],[39.928057553957,-1.942446043165],[39.844031193761,-1.942446043165],[39.844031193761,-2.158273381295]]],"type":"Polygon"},"id":987,"properties":{"parentKey":"KEN:1159309927","sourceCountryId":"KEN","syntheticOperational":true,"territoryId":"territory:catalog:85f7e67c6342fe31caa03f4a36b2738a5a5469fce16450af6e86715c42ff679b"},"type":"Feature"},{"geometry":{"coordinates":[[[35.395683453237,-1.510791366906],[35.611510791367,-1.510791366906],[35.611510791367,-1.294964028777],[35.395683453237,-1.294964028777],[35.395683453237,-1.510791366906]]],"type":"Polygon"},"id":988,"properties":{"parentKey":"KEN:1159308877","sourceCountryId":"KEN","syntheticOperational":true,"territoryId":"territory:catalog:dc82d11f7a54a1b03644ba431b872bda6a956bcfb1f43e758082cd5e19f9a06e"},"type":"Feature"},{"geometry":{"coordinates":[[[37.553956834532,1.079136690647],[37.769784172662,1.079136690647],[37.769784172662,1.294964028777],[37.553956834532,1.294964028777],[37.553956834532,1.079136690647]]],"type":"Polygon"},"id":989,"properties":{"parentKey":"KEN:1159308877","sourceCountryId":"KEN","syntheticOperational":true,"territoryId":"territory:catalog:d0ec06d53443268ff845288be1e89e226e18e7b389ded384d99e0763fc796191"},"type":"Feature"},{"geometry":{"coordinates":[[[37.036592681464,-2.706373369909],[37.132854,-2.760089],[37.214660341433,-2.805755395683],[37.252549490102,-2.805755395683],[37.252549490102,-2.589928057554],[37.036592681464,-2.589928057554],[37.036592681464,-2.706373369909]]],"type":"Polygon"},"id":990,"properties":{"parentKey":"KEN:1159308877","sourceCountryId":"KEN","syntheticOperational":true,"territoryId":"territory:catalog:80fbc89ce9783a39c5c7159821700258ce1c89d2b2ebdbbb597839491fa6a9f6"},"type":"Feature"},{"geometry":{"coordinates":[[[40.791366906475,-0.863309352518],[40.979659319175,-0.863309352518],[40.978821,-0.794834],[40.977891,-0.724347],[40.976961,-0.653861],[40.976876024376,-0.647482014388],[40.791366906475,-0.647482014388],[40.791366906475,-0.863309352518]]],"type":"Polygon"},"id":991,"properties":{"parentKey":"KEN:1159308881","sourceCountryId":"KEN","syntheticOperational":true,"territoryId":"territory:catalog:593b17d08c2cb69d94b2074f5bb22bb0b87341f8c6013a7465d31ab7733a1bc0"},"type":"Feature"},{"geometry":{"coordinates":[[[38.848920863309,1.510791366906],[39.064748201439,1.510791366906],[39.064748201439,1.726618705036],[38.848920863309,1.726618705036],[38.848920863309,1.510791366906]]],"type":"Polygon"},"id":992,"properties":{"parentKey":"KEN:1159308875","sourceCountryId":"KEN","syntheticOperational":true,"territoryId":"territory:catalog:30dc69c22f71fecf83e30da81e58711afcd5ed1c7b5a87ce29c0b513f1091af0"},"type":"Feature"},{"geometry":{"coordinates":[[[37.036592681464,-2.589928057554],[37.252549490102,-2.589928057554],[37.252549490102,-2.374100719424],[37.036592681464,-2.374100719424],[37.036592681464,-2.589928057554]]],"type":"Polygon"},"id":993,"properties":{"parentKey":"KEN:1159308877","sourceCountryId":"KEN","syntheticOperational":true,"territoryId":"territory:catalog:1053a07995e08a7ad5dc087d8ab56e4dea9bdbc9649e610cad0c82af588efba0"},"type":"Feature"},{"geometry":{"coordinates":[[[36.514502599343,-0.647482014388],[36.515012,-0.649831],[36.516562,-0.668951],[36.529481,-0.725227],[36.529585,-0.733082],[36.528344,-0.742693],[36.519818,-0.768893],[36.518733,-0.77742],[36.526174,-0.818554],[36.542525868406,-0.863309352518],[36.690647482014,-0.863309352518],[36.690647482014,-0.647482014388],[36.514502599343,-0.647482014388]]],"type":"Polygon"},"id":994,"properties":{"parentKey":"KEN:1159310037","sourceCountryId":"KEN","syntheticOperational":true,"territoryId":"territory:catalog:012a4e7d57acde0a6b8bae79dbb0fd08ed9aa479f22a679f897a1dd2950ad6be"},"type":"Feature"},{"geometry":{"coordinates":[[[37.81512605042,-3.453237410072],[37.945945945946,-3.453237410072],[38.031212484994,-3.453237410072],[38.031212484994,-3.237410071942],[37.81512605042,-3.237410071942],[37.81512605042,-3.453237410072]]],"type":"Polygon"},"id":995,"properties":{"parentKey":"KEN:1159309927","sourceCountryId":"KEN","syntheticOperational":true,"territoryId":"territory:catalog:56cdc40389b2105cd489781b494666714e42c7fb35a9fe13e70f128c69eb4864"},"type":"Feature"},{"geometry":{"coordinates":[[[38.679471788715,-3.021582733813],[38.895558223289,-3.021582733813],[38.895558223289,-2.805755395683],[38.76424715057,-2.805755395683],[38.679471788715,-2.805755395683],[38.679471788715,-3.021582733813]]],"type":"Polygon"},"id":996,"properties":{"parentKey":"KEN:1159308875","sourceCountryId":"KEN","syntheticOperational":true,"territoryId":"territory:catalog:8d9ec108af16fd312ebae09560d8d14b8cb3e77a0e645bc9b8362fd374904f25"},"type":"Feature"},{"geometry":{"coordinates":[[[36.690647482014,1.294964028777],[36.906474820144,1.294964028777],[36.906474820144,1.510791366906],[36.690647482014,1.510791366906],[36.690647482014,1.294964028777]]],"type":"Polygon"},"id":997,"properties":{"parentKey":"KEN:1159308877","sourceCountryId":"KEN","syntheticOperational":true,"territoryId":"territory:catalog:4db20ef4deb6e701215e04c2a081edd203bb201b54a7f5a0628c0c88b43c6552"},"type":"Feature"},{"geometry":{"coordinates":[[[40.359712230216,0.863309352518],[40.575539568345,0.863309352518],[40.575539568345,1.079136690647],[40.359712230216,1.079136690647],[40.359712230216,0.863309352518]]],"type":"Polygon"},"id":998,"properties":{"parentKey":"KEN:1159308881","sourceCountryId":"KEN","syntheticOperational":true,"territoryId":"territory:catalog:1df8b99cf1ab94812197fab9e5ded4fba55bf39f79a89c4a346a3907724237d3"},"type":"Feature"},{"geometry":{"coordinates":[[[39.591346153846,-4.260282511257],[39.615896,-4.197849],[39.665863,-4.112074],[39.667666024387,-4.10071942446],[39.591346153846,-4.10071942446],[39.591346153846,-4.260282511257]]],"type":"Polygon"},"id":999,"properties":{"parentKey":"KEN:1159309927","sourceCountryId":"KEN","syntheticOperational":true,"territoryId":"territory:catalog:dcd0d12a054a5514dd0a823fffbba312e08e406c5ee62d7e9c4fd48586e55081"},"type":"Feature"},{"geometry":{"coordinates":[[[37.122302158273,1.726618705036],[37.338129496403,1.726618705036],[37.338129496403,1.791976580042],[37.3238,1.799425],[37.311966,1.808107],[37.3053,1.815109],[37.302664,1.819838],[37.286076,1.863607],[37.262356,1.907042],[37.250522,1.922338],[37.243701,1.929237],[37.228508,1.941329],[37.226737535529,1.942446043165],[37.122302158273,1.942446043165],[37.122302158273,1.726618705036]]],"type":"Polygon"},"id":1000,"properties":{"parentKey":"KEN:1159308877","sourceCountryId":"KEN","syntheticOperational":true,"territoryId":"territory:catalog:fb28e1575178a75207be09bcc931451064543c1072a23485381224a28a17108f"},"type":"Feature"},{"geometry":{"coordinates":[[[38.548290341932,-2.374100719424],[38.734562333057,-2.374100719424],[38.740354,-2.365643],[38.74361,-2.362284],[38.751826,-2.356755],[38.756477,-2.354791],[38.76424715057,-2.352793903975],[38.76424715057,-2.158273381295],[38.548290341932,-2.158273381295],[38.548290341932,-2.374100719424]]],"type":"Polygon"},"id":1001,"properties":{"parentKey":"KEN:1159308875","sourceCountryId":"KEN","syntheticOperational":true,"territoryId":"territory:catalog:35aa2458da05e9a776890e19f235f281e7b77f1004762e8e0d43d14e768aad95"},"type":"Feature"},{"geometry":{"coordinates":[[[38.848920863309,-1.726618705036],[38.970279836356,-1.726618705036],[38.97233,-1.723977],[38.99486,-1.701033],[38.998685,-1.692506],[39.000131,-1.686822],[38.998953089926,-1.510791366906],[38.848920863309,-1.510791366906],[38.848920863309,-1.726618705036]]],"type":"Polygon"},"id":1002,"properties":{"parentKey":"KEN:1159308875","sourceCountryId":"KEN","syntheticOperational":true,"territoryId":"territory:catalog:6e9dd4a6cf88902735c17bbd35e819ca5791fd8740ac79eac3bb7a45fd52ea30"},"type":"Feature"},{"geometry":{"coordinates":[[[35.480769230769,4.31654676259],[35.697115384615,4.31654676259],[35.697115384615,4.532374100719],[35.610342754059,4.532374100719],[35.480769230769,4.532374100719],[35.480769230769,4.31654676259]]],"type":"Polygon"},"id":1003,"properties":{"parentKey":"KEN:1159308877","sourceCountryId":"KEN","syntheticOperational":true,"territoryId":"territory:catalog:c6ff6a45604080f5761c7465b4869d951ff9166ebea4fafad1dbdabec4ac2b0e"},"type":"Feature"},{"geometry":{"coordinates":[[[34.964028776978,0.8820040287],[34.993709,0.885579],[35.051122,0.883667],[35.056548,0.882582],[35.061509,0.880825],[35.069725,0.875606],[35.079079,0.870903],[35.08404,0.869043],[35.094737,0.866304],[35.103055560623,0.863309352518],[35.179856115108,0.863309352518],[35.179856115108,1.079136690647],[34.964028776978,1.079136690647],[34.964028776978,0.8820040287]]],"type":"Polygon"},"id":1004,"properties":{"parentKey":"KEN:1159308877","sourceCountryId":"KEN","syntheticOperational":true,"territoryId":"territory:catalog:fbf7440ee7d2d82448b82e25e469bb6f7154da9f500a6ea6c0fa8638245ad707"},"type":"Feature"},{"geometry":{"coordinates":[[[34.27027027027,3.732704790258],[34.278868,3.709723],[34.290444,3.70316],[34.295095,3.707346],[34.299436,3.716932],[34.309874,3.726699],[34.337056,3.734579],[34.35504,3.727371],[34.387492,3.692747],[34.406303,3.682929],[34.425009,3.677193],[34.437623819885,3.669064748201],[34.486486486487,3.669064748201],[34.486486486487,3.884892086331],[34.27027027027,3.884892086331],[34.27027027027,3.732704790258]]],"type":"Polygon"},"id":1005,"properties":{"parentKey":"KEN:1159308877","sourceCountryId":"KEN","syntheticOperational":true,"territoryId":"territory:catalog:2f98ab9adb328acc9b5e3fb9dc3ce24e9981db4ade5e0dce0daa0dc479c43228"},"type":"Feature"},{"geometry":{"coordinates":[[[35.222088835534,3.237410071942],[35.438175270108,3.237410071942],[35.438175270108,3.453237410072],[35.351351351351,3.453237410072],[35.222088835534,3.453237410072],[35.222088835534,3.237410071942]]],"type":"Polygon"},"id":1006,"properties":{"parentKey":"KEN:1159308877","sourceCountryId":"KEN","syntheticOperational":true,"territoryId":"territory:catalog:f0dfebdd9c9917db136248fed3f766e99a1fe9e810b5ab210a7e88027124b160"},"type":"Feature"},{"geometry":{"coordinates":[[[34.748201438849,-0.647482014388],[34.964028776978,-0.647482014388],[34.964028776978,-0.431654676259],[34.748201438849,-0.431654676259],[34.748201438849,-0.647482014388]]],"type":"Polygon"},"id":1007,"properties":{"parentKey":"KEN:1159310041","sourceCountryId":"KEN","syntheticOperational":true,"territoryId":"territory:catalog:9e9f40bdf0941bf2c6e4a3485375fafd1b6b26c784a003ac230c2533b8e355d2"},"type":"Feature"},{"geometry":{"coordinates":[[[35.00600240096,2.805755395683],[35.092981403719,2.805755395683],[35.222088835534,2.805755395683],[35.222088835534,3.021582733813],[35.00600240096,3.021582733813],[35.00600240096,2.805755395683]]],"type":"Polygon"},"id":1008,"properties":{"parentKey":"KEN:1159308877","sourceCountryId":"KEN","syntheticOperational":true,"territoryId":"territory:catalog:f03386dd884fdeebcb98578c45dceb1c2749a55aca32d069ec96232f1429c4ad"},"type":"Feature"},{"geometry":{"coordinates":[[[40.791366906475,-1.726618705036],[40.961871849834,-1.726618705036],[40.996547,-1.71111],[41.002903,-1.709973],[41.007194244604,-1.70970200862],[41.007194244604,-1.510791366906],[40.791366906475,-1.510791366906],[40.791366906475,-1.726618705036]]],"type":"Polygon"},"id":1009,"properties":{"parentKey":"KEN:1159308881","sourceCountryId":"KEN","syntheticOperational":true,"territoryId":"territory:catalog:1465c7067c4ea554552cbffc1a3f9b055fbdc36282e03228bce4946e24edf29f"},"type":"Feature"},{"geometry":{"coordinates":[[[34.748201438849,0.215827338129],[34.920766070355,0.215827338129],[34.922654,0.223346],[34.931026,0.242828],[34.933661,0.252285],[34.933971,0.260036],[34.931956,0.264532],[34.929321,0.269131],[34.925135,0.278588],[34.920484,0.294659],[34.919554,0.307062],[34.928235,0.372122],[34.928235,0.378272],[34.92715,0.383905],[34.917073,0.415065],[34.9138722081,0.431654676259],[34.748201438849,0.431654676259],[34.748201438849,0.215827338129]]],"type":"Polygon"},"id":1010,"properties":{"parentKey":"KEN:1159308879","sourceCountryId":"KEN","syntheticOperational":true,"territoryId":"territory:catalog:ad15a648227b3357dae11c17ab097c344e559f8759fff3a7cc2fad1d97f3429a"},"type":"Feature"},{"geometry":{"coordinates":[[[39.712230215827,-1.294964028777],[39.928057553957,-1.294964028777],[39.928057553957,-1.135827300984],[39.917026,-1.134659],[39.924519,-1.116572],[39.928057553957,-1.111248150402],[39.928057553957,-1.091102161247],[39.923176,-1.086238],[39.91962789382,-1.079136690647],[39.712230215827,-1.079136690647],[39.712230215827,-1.294964028777]]],"type":"Polygon"},"id":1011,"properties":{"parentKey":"KEN:1159309927","sourceCountryId":"KEN","syntheticOperational":true,"territoryId":"territory:catalog:d937a43c300a6c988ed0e4b4f3935c75811de770bc78bd0a797d745b68c21896"},"type":"Feature"},{"geometry":{"coordinates":[[[37.382953181273,3.021582733813],[37.599039615846,3.021582733813],[37.599039615846,3.237410071942],[37.382953181273,3.237410071942],[37.382953181273,3.021582733813]]],"type":"Polygon"},"id":1012,"properties":{"parentKey":"KEN:1159308875","sourceCountryId":"KEN","syntheticOperational":true,"territoryId":"territory:catalog:3f0741ed453a7225445f7431b2c6e929e7fadaa88236165c148f74a5460ebaf4"},"type":"Feature"},{"geometry":{"coordinates":[[[37.430134665639,-0.431654676259],[37.432734,-0.443332],[37.432424,-0.52002],[37.433509,-0.528701],[37.436764,-0.537693],[37.4687,-0.575727],[37.476917,-0.590145],[37.477227,-0.616138],[37.476452,-0.624148],[37.477057528661,-0.647482014388],[37.553956834532,-0.647482014388],[37.553956834532,-0.431654676259],[37.430134665639,-0.431654676259]]],"type":"Polygon"},"id":1013,"properties":{"parentKey":"KEN:1159308875","sourceCountryId":"KEN","syntheticOperational":true,"territoryId":"territory:catalog:8d96a822407d082d73382115c093c523a79a69027aaf721fdbaddf89c16a130b"},"type":"Feature"},{"geometry":{"coordinates":[[[40.143884892086,-0.21582733813],[40.359712230216,-0.21582733813],[40.359712230216,0],[40.143884892086,0],[40.143884892086,-0.21582733813]]],"type":"Polygon"},"id":1014,"properties":{"parentKey":"KEN:1159308881","sourceCountryId":"KEN","syntheticOperational":true,"territoryId":"territory:catalog:7ffb46c4545d36f712f69d476a1879f4db926603bd6da3310383a62c2b5375fb"},"type":"Feature"},{"geometry":{"coordinates":[[[38.679471788715,-3.453237410072],[38.810810810811,-3.453237410072],[38.895558223289,-3.453237410072],[38.895558223289,-3.237410071942],[38.679471788715,-3.237410071942],[38.679471788715,-3.453237410072]]],"type":"Polygon"},"id":1015,"properties":{"parentKey":"KEN:1159309927","sourceCountryId":"KEN","syntheticOperational":true,"territoryId":"territory:catalog:0a7e33694cdbb7fec943171cbca3484b0fb7957e13d244d0e36fa7684401e596"},"type":"Feature"},{"geometry":{"coordinates":[[[36.388722255549,-2.344774636984],[36.415169562364,-2.359525586125],[36.441301645021,-2.374100719424],[36.604679064187,-2.374100719424],[36.604679064187,-2.158273381295],[36.388722255549,-2.158273381295],[36.388722255549,-2.344774636984]]],"type":"Polygon"},"id":1016,"properties":{"parentKey":"KEN:1159308877","sourceCountryId":"KEN","syntheticOperational":true,"territoryId":"territory:catalog:a115f7b1b0a878c1af1e294c84eb5042e83054d09910c7930ea2ee0e4cc7ac54"},"type":"Feature"},{"geometry":{"coordinates":[[[35.697115384615,4.10071942446],[35.783783783784,4.10071942446],[35.913461538462,4.10071942446],[35.913461538462,4.31654676259],[35.697115384615,4.31654676259],[35.697115384615,4.10071942446]]],"type":"Polygon"},"id":1017,"properties":{"parentKey":"KEN:1159308877","sourceCountryId":"KEN","syntheticOperational":true,"territoryId":"territory:catalog:554b2f4eaa2938fbd434104c3d878c90ea728afa3b971fb3039c1e0f5ed5ab21"},"type":"Feature"},{"geometry":{"coordinates":[[[40.108108108108,3.669064748201],[40.324324324324,3.669064748201],[40.324324324324,3.884892086331],[40.108108108108,3.884892086331],[40.108108108108,3.669064748201]]],"type":"Polygon"},"id":1018,"properties":{"parentKey":"KEN:1159308881","sourceCountryId":"KEN","syntheticOperational":true,"territoryId":"territory:catalog:03a0bea7f6148a5f4b6bb05e1acce0ff3a05374e1830e535029830bff9324d69"},"type":"Feature"},{"geometry":{"coordinates":[[[39.280575539568,-0.134009300188],[39.285385,-0.132911],[39.306883,-0.1341],[39.322696,-0.142162],[39.331636,-0.151412],[39.342798,-0.158905],[39.372512,-0.163711],[39.380212,-0.167948],[39.386361,-0.173426],[39.388842,-0.1788],[39.394578,-0.180712],[39.430389,-0.188722],[39.443205,-0.194768],[39.459018,-0.20469],[39.472062044205,-0.21582733813],[39.496402877698,-0.21582733813],[39.496402877698,0],[39.280575539568,0],[39.280575539568,-0.134009300188]]],"type":"Polygon"},"id":1019,"properties":{"parentKey":"KEN:1159308881","sourceCountryId":"KEN","syntheticOperational":true,"territoryId":"territory:catalog:9ec4b6f40e3ece6d205376dd7bedf94c14aeccc3bab131baed957d952e68f47f"},"type":"Feature"},{"geometry":{"coordinates":[[[36.906474820144,-0.863309352518],[37.122302158273,-0.863309352518],[37.122302158273,-0.647482014388],[36.906474820144,-0.647482014388],[36.906474820144,-0.863309352518]]],"type":"Polygon"},"id":1020,"properties":{"parentKey":"KEN:1159310037","sourceCountryId":"KEN","syntheticOperational":true,"territoryId":"territory:catalog:ab14f37a5b59c10f6258c410391c81ad20eddd0b7a266a52439a6ca6ec5c50a6"},"type":"Feature"},{"geometry":{"coordinates":[[[37.46850629874,2.158273381295],[37.684463107379,2.158273381295],[37.684463107379,2.374100719424],[37.46850629874,2.374100719424],[37.46850629874,2.158273381295]]],"type":"Polygon"},"id":1021,"properties":{"parentKey":"KEN:1159308875","sourceCountryId":"KEN","syntheticOperational":true,"territoryId":"territory:catalog:f88a1f60d3f2c3eadb12d84563e249851f44f9ce50610e6dde1188c00d6db1f1"},"type":"Feature"},{"geometry":{"coordinates":[[[41.621621621622,3.669064748201],[41.669842669297,3.669064748201],[41.717381,3.737163],[41.801303,3.857182],[41.820627394283,3.884892086331],[41.621621621622,3.884892086331],[41.621621621622,3.669064748201]]],"type":"Polygon"},"id":1022,"properties":{"parentKey":"KEN:1159308881","sourceCountryId":"KEN","syntheticOperational":true,"territoryId":"territory:catalog:ffaebce9569f3f6f898d2cbaaee19cecd6e7941cbb816ecbdcbf76a7d24f112d"},"type":"Feature"},{"geometry":{"coordinates":[[[41.223021582734,-1.696072548253],[41.438848920863,-1.682443087887],[41.438848920863,-1.510791366906],[41.223021582734,-1.510791366906],[41.223021582734,-1.696072548253]]],"type":"Polygon"},"id":1023,"properties":{"parentKey":"KEN:1159308881","sourceCountryId":"KEN","syntheticOperational":true,"territoryId":"territory:catalog:af277eb0ab0d5f026e1c4800660786f5a5c9aa5ddbef30fced18def6d4bf05bf"},"type":"Feature"},{"geometry":{"coordinates":[[[38.378378378378,-3.884892086331],[38.594594594595,-3.884892086331],[38.594594594595,-3.669064748201],[38.378378378378,-3.669064748201],[38.378378378378,-3.884892086331]]],"type":"Polygon"},"id":1024,"properties":{"parentKey":"KEN:1159309927","sourceCountryId":"KEN","syntheticOperational":true,"territoryId":"territory:catalog:97c0fc1456e0ef577063160d06744c3972ec2d5a6da51b8c5cdd679ad56bd87b"},"type":"Feature"},{"geometry":{"coordinates":[[[40.62424969988,3.021582733813],[40.840336134454,3.021582733813],[40.840336134454,3.237410071942],[40.62424969988,3.237410071942],[40.62424969988,3.021582733813]]],"type":"Polygon"},"id":1025,"properties":{"parentKey":"KEN:1159308881","sourceCountryId":"KEN","syntheticOperational":true,"territoryId":"territory:catalog:32d3845fe8cd088bf4b3598872a79475611a693d4e17f7074ef767d721a12805"},"type":"Feature"},{"geometry":{"coordinates":[[[35.783783783784,3.884892086331],[36,3.884892086331],[36,4.10071942446],[35.913461538462,4.10071942446],[35.783783783784,4.10071942446],[35.783783783784,3.884892086331]]],"type":"Polygon"},"id":1026,"properties":{"parentKey":"KEN:1159308877","sourceCountryId":"KEN","syntheticOperational":true,"territoryId":"territory:catalog:9af16b781bd53c1e8a9d2266f7c59701cd9c54914a2e0095a124bf843ee8d759"},"type":"Feature"},{"geometry":{"coordinates":[[[35.654261704682,2.805755395683],[35.740851829634,2.805755395683],[35.870348139256,2.805755395683],[35.870348139256,3.021582733813],[35.654261704682,3.021582733813],[35.654261704682,2.805755395683]]],"type":"Polygon"},"id":1027,"properties":{"parentKey":"KEN:1159308877","sourceCountryId":"KEN","syntheticOperational":true,"territoryId":"territory:catalog:c91d06f9b8d819daef64a25113f8e890dc53306882faf78a74f8c146b833c968"},"type":"Feature"},{"geometry":{"coordinates":[[[39.269250076375,0.863309352518],[39.280575539568,0.863309352518],[39.280575539568,0.882876338491],[39.269250076375,0.863309352518]]],"type":"Polygon"},"id":1028,"properties":{"parentKey":"KEN:1159308881","sourceCountryId":"KEN","syntheticOperational":true,"territoryId":"territory:catalog:ef0706d47a2b6e927060ddef3cf11a9bd11aaf39ddeb1e7c30d6eb7fd4a4547b"},"type":"Feature"},{"geometry":{"coordinates":[[[35.395683453237,-0.21582733813],[35.611510791367,-0.21582733813],[35.611510791367,0],[35.395683453237,0],[35.395683453237,-0.21582733813]]],"type":"Polygon"},"id":1029,"properties":{"parentKey":"KEN:1159308877","sourceCountryId":"KEN","syntheticOperational":true,"territoryId":"territory:catalog:5bac863321c9ad78c517a37ea093039e270c2535542eb488dc8b56885e1ea4e6"},"type":"Feature"},{"geometry":{"coordinates":[[[34.532374100719,0],[34.748201438849,0],[34.748201438849,0.215827338129],[34.532374100719,0.215827338129],[34.532374100719,0]]],"type":"Polygon"},"id":1030,"properties":{"parentKey":"KEN:1159308879","sourceCountryId":"KEN","syntheticOperational":true,"territoryId":"territory:catalog:0934fcabb6ee2dce496f3fdc82c765cc0999e4527f68f74a05f15928938958b5"},"type":"Feature"},{"geometry":{"coordinates":[[[37.338129496403,-1.075414980259],[37.364262,-1.038799],[37.363642,-1.019059],[37.36819,-0.997251],[37.372014,-0.987381],[37.373564,-0.979785],[37.373564,-0.972964],[37.37191,-0.968003],[37.368913,-0.964179],[37.365348,-0.961543],[37.361317,-0.961698],[37.356976,-0.963507],[37.340233,-0.973894],[37.338129496403,-0.974843771703],[37.338129496403,-1.075414980259]]],"type":"Polygon"},"id":1031,"properties":{"parentKey":"KEN:1159310037","sourceCountryId":"KEN","syntheticOperational":true,"territoryId":"territory:catalog:6a39546e10dab9fe495bf8b2baded3548d18d6087ecb42babe1b18d8a1f48e69"},"type":"Feature"},{"geometry":{"coordinates":[[[37.338129496403,0.18441099631],[37.358216,0.205259],[37.360542,0.21053],[37.361666777274,0.215827338129],[37.338129496403,0.215827338129],[37.338129496403,0.18441099631]]],"type":"Polygon"},"id":1032,"properties":{"parentKey":"KEN:1159308877","sourceCountryId":"KEN","syntheticOperational":true,"territoryId":"territory:catalog:37022908a6485830a2fb60ab3b667bc8b1c09b73408cd90f50178b68be303086"},"type":"Feature"},{"geometry":{"coordinates":[[[36.474820143885,1.079136690647],[36.690647482014,1.079136690647],[36.690647482014,1.294964028777],[36.474820143885,1.294964028777],[36.474820143885,1.079136690647]]],"type":"Polygon"},"id":1033,"properties":{"parentKey":"KEN:1159308877","sourceCountryId":"KEN","syntheticOperational":true,"territoryId":"territory:catalog:722b78d72296114c7a1d8e88103b1f6d005e3bf0828d6804b96bb2c3774e6427"},"type":"Feature"},{"geometry":{"coordinates":[[[37.601188802468,-3.021582733813],[37.644865,-3.045963],[37.660161,-3.070561],[37.677834,-3.178978],[37.679996,-3.192148],[37.698195,-3.186575],[37.790231,-3.17407],[37.798758,-3.175],[37.80837,-3.175155],[37.81512605042,-3.17463160537],[37.81512605042,-3.021582733813],[37.601188802468,-3.021582733813]]],"type":"Polygon"},"id":1034,"properties":{"parentKey":"KEN:1159308877","sourceCountryId":"KEN","syntheticOperational":true,"territoryId":"territory:catalog:09a51206a736caafcc738b97a7a82fb73b2fc78df44c29ea1df14de5b178f753"},"type":"Feature"},{"geometry":{"coordinates":[[[38.63309352518,-1.942446043165],[38.76424715057,-1.942446043165],[38.848920863309,-1.942446043165],[38.848920863309,-1.726618705036],[38.63309352518,-1.726618705036],[38.63309352518,-1.942446043165]]],"type":"Polygon"},"id":1035,"properties":{"parentKey":"KEN:1159308875","sourceCountryId":"KEN","syntheticOperational":true,"territoryId":"territory:catalog:fbfc57471984e39fb0428b63c45c6a05bf8e3a260579361861a06fccf94c1d08"},"type":"Feature"},{"geometry":{"coordinates":[[[40.143884892086,0.863309352518],[40.359712230216,0.863309352518],[40.359712230216,1.079136690647],[40.143884892086,1.079136690647],[40.143884892086,0.863309352518]]],"type":"Polygon"},"id":1036,"properties":{"parentKey":"KEN:1159308881","sourceCountryId":"KEN","syntheticOperational":true,"territoryId":"territory:catalog:cbedc3d33ca49b70cb0c311e0d429d143843d5aad1f60a9113ff3392847afc25"},"type":"Feature"},{"geometry":{"coordinates":[[[40.359712230216,-0.431654676259],[40.575539568345,-0.431654676259],[40.575539568345,-0.21582733813],[40.359712230216,-0.21582733813],[40.359712230216,-0.431654676259]]],"type":"Polygon"},"id":1037,"properties":{"parentKey":"KEN:1159308881","sourceCountryId":"KEN","syntheticOperational":true,"territoryId":"territory:catalog:c6d3cc06e3f8bb4db4a6a032204944acb9a9fe522aed3342b5efc9de41ec2f56"},"type":"Feature"},{"geometry":{"coordinates":[[[39.280575539568,1.438424532996],[39.334225551864,1.294964028777],[39.496402877698,1.294964028777],[39.496402877698,1.510791366906],[39.407036179614,1.510791366906],[39.29417,1.465105],[39.283473,1.459059],[39.280575539568,1.455748939556],[39.280575539568,1.438424532996]]],"type":"Polygon"},"id":1038,"properties":{"parentKey":"KEN:1159308881","sourceCountryId":"KEN","syntheticOperational":true,"territoryId":"territory:catalog:6295439ea2ba939027604b06b952f796ee60803bdffd86b784055b20d9f35978"},"type":"Feature"},{"geometry":{"coordinates":[[[37.769784172662,0],[37.985611510791,0],[37.985611510791,0.215827338129],[37.769784172662,0.215827338129],[37.769784172662,0]]],"type":"Polygon"},"id":1039,"properties":{"parentKey":"KEN:1159308875","sourceCountryId":"KEN","syntheticOperational":true,"territoryId":"territory:catalog:2f4fe0d8e24eadd21cbadc001bfc492585f3a5e08b9ab9487e261fc1475fa479"},"type":"Feature"},{"geometry":{"coordinates":[[[38.942307692308,-4.31654676259],[39.158653846154,-4.31654676259],[39.158653846154,-4.10071942446],[39.027027027027,-4.10071942446],[38.942307692308,-4.10071942446],[38.942307692308,-4.31654676259]]],"type":"Polygon"},"id":1040,"properties":{"parentKey":"KEN:1159309927","sourceCountryId":"KEN","syntheticOperational":true,"territoryId":"territory:catalog:628f73ec9d2cbeadbb7a336732c0e964374de9f9e1befa4c543823d496e5ce9c"},"type":"Feature"},{"geometry":{"coordinates":[[[40.108108108108,3.884892086331],[40.324324324324,3.884892086331],[40.324324324324,4.080472138084],[40.286874,4.067453],[40.185588,4.032158],[40.182797,4.032003],[40.1798,4.03283],[40.176803,4.034535],[40.167191,4.035465],[40.166261,4.031486],[40.166984,4.025259],[40.162437,4.019394],[40.117168,3.996915],[40.108108108108,3.992542009941],[40.108108108108,3.884892086331]]],"type":"Polygon"},"id":1041,"properties":{"parentKey":"KEN:1159308881","sourceCountryId":"KEN","syntheticOperational":true,"territoryId":"territory:catalog:f5958dfe1e7af64faaeb394f2069fef2ea9c26ce21659b2411ee84f70b8016cf"},"type":"Feature"},{"geometry":{"coordinates":[[[40.707858428314,-2.374100719424],[40.828297153163,-2.374100719424],[40.821788,-2.360772],[40.793468,-2.341974],[40.786957,-2.327325],[40.793712,-2.316502],[40.795584,-2.309991],[40.790782,-2.307224],[40.782563,-2.304295],[40.777192,-2.296808],[40.774587,-2.287774],[40.773936,-2.279229],[40.794688,-2.29046],[40.815684,-2.271905],[40.838064,-2.24505],[40.863048,-2.231378],[40.877696,-2.228692],[40.884451,-2.226332],[40.883149,-2.224054],[40.893728,-2.228204],[40.894379,-2.232029],[40.893077,-2.237074],[40.896821,-2.24505],[40.921072,-2.270603],[40.923815236953,-2.272442598758],[40.923815236953,-2.215256417938],[40.911957,-2.19199],[40.906785963737,-2.158273381295],[40.707858428314,-2.158273381295],[40.707858428314,-2.374100719424]]],"type":"Polygon"},"id":1042,"properties":{"parentKey":"KEN:1159309927","sourceCountryId":"KEN","syntheticOperational":true,"territoryId":"territory:catalog:9d973164c4189ad37eb72539d002c923a74455ff671632b0ee8642c68494c3f6"},"type":"Feature"},{"geometry":{"coordinates":[[[37.297297297297,3.453237410072],[37.382953181273,3.453237410072],[37.513513513514,3.453237410072],[37.513513513514,3.669064748201],[37.297297297297,3.669064748201],[37.297297297297,3.453237410072]]],"type":"Polygon"},"id":1043,"properties":{"parentKey":"KEN:1159308875","sourceCountryId":"KEN","syntheticOperational":true,"territoryId":"territory:catalog:f65e46f49209a139300806ff7e82474c12d035cd3d75301d777c95da18ba752f"},"type":"Feature"},{"geometry":{"coordinates":[[[36.474820143885,-0.21582733813],[36.690647482014,-0.21582733813],[36.690647482014,-0.14637779029],[36.668336,-0.149551],[36.650507,-0.144332],[36.605187,-0.141231],[36.588392,-0.138441],[36.574905,-0.129139],[36.544364,-0.101751],[36.541884,-0.097306],[36.540178,-0.092294],[36.537698,-0.08108],[36.537388,-0.075292],[36.538473,-0.069608],[36.540488,-0.064595],[36.543124,-0.060306],[36.54824,-0.054105],[36.555991,-0.048214],[36.635093779083,0],[36.474820143885,0],[36.474820143885,-0.21582733813]]],"type":"Polygon"},"id":1044,"properties":{"parentKey":"KEN:1159310037","sourceCountryId":"KEN","syntheticOperational":true,"territoryId":"territory:catalog:d06b497819254a66c0a3fe222c42034c573ac7aff9b4bd970036e77b3414711e"},"type":"Feature"},{"geometry":{"coordinates":[[[34.237300552756,0.647482014388],[34.31654676259,0.647482014388],[34.31654676259,0.773014383409],[34.30667,0.768068],[34.298402,0.759283],[34.296252,0.746746],[34.292304,0.72373],[34.276181,0.680838],[34.2521,0.655],[34.237300552756,0.647482014388]]],"type":"Polygon"},"id":1045,"properties":{"parentKey":"KEN:1159308879","sourceCountryId":"KEN","syntheticOperational":true,"territoryId":"territory:catalog:7cd5ac7d30a4c0df14dc51498189def76c82a3a68798684b8fc9e0720ab6866e"},"type":"Feature"},{"geometry":{"coordinates":[[[36.258992805755,-1.294964028777],[36.474820143885,-1.294964028777],[36.474820143885,-1.079136690647],[36.258992805755,-1.079136690647],[36.258992805755,-1.294964028777]]],"type":"Polygon"},"id":1046,"properties":{"parentKey":"KEN:1159308877","sourceCountryId":"KEN","syntheticOperational":true,"territoryId":"territory:catalog:99a66cbb5c7c74705448f915efc200423d8bb4b5df1de4bb6b1269bbdbaa4282"},"type":"Feature"},{"geometry":{"coordinates":[[[35.740851829634,2.374100719424],[35.956808638272,2.374100719424],[35.956808638272,2.589928057554],[35.740851829634,2.589928057554],[35.740851829634,2.374100719424]]],"type":"Polygon"},"id":1047,"properties":{"parentKey":"KEN:1159308877","sourceCountryId":"KEN","syntheticOperational":true,"territoryId":"territory:catalog:63abd7f79e3e942ec1ee13d3d29b9cb5cf6f3e4c67a10f4fd7dadfe0cd458ec6"},"type":"Feature"},{"geometry":{"coordinates":[[[38.201438848921,-1.294964028777],[38.41726618705,-1.294964028777],[38.41726618705,-1.079136690647],[38.201438848921,-1.079136690647],[38.201438848921,-1.294964028777]]],"type":"Polygon"},"id":1048,"properties":{"parentKey":"KEN:1159308875","sourceCountryId":"KEN","syntheticOperational":true,"territoryId":"territory:catalog:445ba8dc917d5daaeaefdaca85efde9928b7dc43517fa42771d384e5f35dc743"},"type":"Feature"},{"geometry":{"coordinates":[[[39.412117576485,-2.374100719424],[39.628074385123,-2.374100719424],[39.628074385123,-2.158273381295],[39.412117576485,-2.158273381295],[39.412117576485,-2.374100719424]]],"type":"Polygon"},"id":1049,"properties":{"parentKey":"KEN:1159309927","sourceCountryId":"KEN","syntheticOperational":true,"territoryId":"territory:catalog:ff4bd22349fb6b326e00849b88bedccf024ad930a3604da7935a9fe74529eb2f"},"type":"Feature"},{"geometry":{"coordinates":[[[35.870348139256,3.021582733813],[36.08643457383,3.021582733813],[36.08643457383,3.224818695078],[36.072455,3.230656],[36.064962,3.235074],[36.062201860675,3.237410071942],[35.870348139256,3.237410071942],[35.870348139256,3.021582733813]]],"type":"Polygon"},"id":1050,"properties":{"parentKey":"KEN:1159308877","sourceCountryId":"KEN","syntheticOperational":true,"territoryId":"territory:catalog:b64785e7af724a61de1ba6ff8598aa16808054922d8b33921307f5c347c4914c"},"type":"Feature"},{"geometry":{"coordinates":[[[38.76424715057,-2.374100719424],[38.980203959208,-2.374100719424],[38.980203959208,-2.158273381295],[38.884800288919,-2.158273381295],[38.797146,-2.333656],[38.793116,-2.337841],[38.782419,-2.346471],[38.778078,-2.348642],[38.772962,-2.350554],[38.76424715057,-2.352793903975],[38.76424715057,-2.374100719424]]],"type":"Polygon"},"id":1051,"properties":{"parentKey":"KEN:1159309927","sourceCountryId":"KEN","syntheticOperational":true,"territoryId":"territory:catalog:f840024a0056e9d4b089dba19763dacfaafd5b41a4f895f2019149f318fdecec"},"type":"Feature"},{"geometry":{"coordinates":[[[39.712230215827,0.863309352518],[39.928057553957,0.863309352518],[39.928057553957,1.079136690647],[39.712230215827,1.079136690647],[39.712230215827,0.863309352518]]],"type":"Polygon"},"id":1052,"properties":{"parentKey":"KEN:1159308881","sourceCountryId":"KEN","syntheticOperational":true,"territoryId":"territory:catalog:f62df1608d3f9d5f79d06c065ef673b00b1f8d136c076b3297b045fd96a7bcd9"},"type":"Feature"},{"geometry":{"coordinates":[[[35.222088835534,2.805755395683],[35.308938212358,2.805755395683],[35.438175270108,2.805755395683],[35.438175270108,3.021582733813],[35.222088835534,3.021582733813],[35.222088835534,2.805755395683]]],"type":"Polygon"},"id":1053,"properties":{"parentKey":"KEN:1159308877","sourceCountryId":"KEN","syntheticOperational":true,"territoryId":"territory:catalog:79507e3e722922658897ad4793182d25c0dd5fff82807a9404c4e8c5296844a6"},"type":"Feature"},{"geometry":{"coordinates":[[[36.043165467626,0.647482014388],[36.258992805755,0.647482014388],[36.258992805755,0.863309352518],[36.043165467626,0.863309352518],[36.043165467626,0.647482014388]]],"type":"Polygon"},"id":1054,"properties":{"parentKey":"KEN:1159308877","sourceCountryId":"KEN","syntheticOperational":true,"territoryId":"territory:catalog:e8abd6666476e84cd7b6e850931595e8d74e5cc9f30e36306cf499af09a89a35"},"type":"Feature"},{"geometry":{"coordinates":[[[38.895558223289,2.805755395683],[38.980203959208,2.805755395683],[39.074698592343,2.805755395683],[39.095371,2.851893],[39.101882,2.855847],[39.106378,2.860575],[39.109065,2.8806],[39.108859,2.894862],[39.109996,2.901942],[39.111644657863,2.905977712915],[39.111644657863,3.021582733813],[38.895558223289,3.021582733813],[38.895558223289,2.805755395683]]],"type":"Polygon"},"id":1055,"properties":{"parentKey":"KEN:1159308875","sourceCountryId":"KEN","syntheticOperational":true,"territoryId":"territory:catalog:b7aa0bc2dfd937c20db03ad86b28b2ec5db503e1c7cf84fbaeda49a082bb9bdf"},"type":"Feature"},{"geometry":{"coordinates":[[[36.820635872825,2.589928057554],[37.036592681464,2.589928057554],[37.036592681464,2.805755395683],[36.950780312125,2.805755395683],[36.820635872825,2.805755395683],[36.820635872825,2.589928057554]]],"type":"Polygon"},"id":1056,"properties":{"parentKey":"KEN:1159308875","sourceCountryId":"KEN","syntheticOperational":true,"territoryId":"territory:catalog:796baba3b0ee3c76ab3a968a513a2c70b4a540fa3d15b3fed8bf889f6dfe189a"},"type":"Feature"},{"geometry":{"coordinates":[[[36.690647482014,-0.647482014388],[36.906474820144,-0.647482014388],[36.906474820144,-0.431654676259],[36.690647482014,-0.431654676259],[36.690647482014,-0.647482014388]]],"type":"Polygon"},"id":1057,"properties":{"parentKey":"KEN:1159310037","sourceCountryId":"KEN","syntheticOperational":true,"territoryId":"territory:catalog:4bb0273ea6967fb7dff869d12a5a65e760c11b25fbceca42539a7c590686e97f"},"type":"Feature"},{"geometry":{"coordinates":[[[36.08643457383,2.805755395683],[36.172765446911,2.805755395683],[36.302521008403,2.805755395683],[36.302521008403,2.902637169876],[36.261487,2.938477],[36.258077,2.942663],[36.251565,2.97261],[36.247535,2.980516],[36.23999,2.982066],[36.223453,2.967339],[36.213376,2.963153],[36.20299,2.966021],[36.190019,2.979431],[36.182319,2.983617],[36.142166,2.982299],[36.126922,2.987725],[36.120876,3.008137],[36.124270995415,3.021582733813],[36.08643457383,3.021582733813],[36.08643457383,2.805755395683]]],"type":"Polygon"},"id":1058,"properties":{"parentKey":"KEN:1159308877","sourceCountryId":"KEN","syntheticOperational":true,"territoryId":"territory:catalog:2f5573f1fd39ee55bae1bacc44a8d1c8b3d3446212363899229b4891236c9c24"},"type":"Feature"},{"geometry":{"coordinates":[[[36.045370215533,4.10071942446],[36.045398666978,3.884892086331],[36.216216216216,3.884892086331],[36.216216216216,4.10071942446],[36.129807692308,4.10071942446],[36.045370215533,4.10071942446]]],"type":"Polygon"},"id":1059,"properties":{"parentKey":"KEN:1159308875","sourceCountryId":"KEN","syntheticOperational":true,"territoryId":"territory:catalog:ba37b23b6c74f6b15e98889d40ccb3d24ad4ac8755ba348abef6dea519ea9ae5"},"type":"Feature"},{"geometry":{"coordinates":[[[40.143884892086,0.647482014388],[40.359712230216,0.647482014388],[40.359712230216,0.863309352518],[40.143884892086,0.863309352518],[40.143884892086,0.647482014388]]],"type":"Polygon"},"id":1060,"properties":{"parentKey":"KEN:1159308881","sourceCountryId":"KEN","syntheticOperational":true,"territoryId":"territory:catalog:6b76d3c171da69047a49d34f5c17e2c99943938c0c7973dc13a1917332ef4927"},"type":"Feature"},{"geometry":{"coordinates":[[[34.31654676259,0],[34.505367,0],[34.505832,0.003669],[34.508313,0.013023],[34.51007,0.017829],[34.514876,0.026717],[34.518441,0.036949],[34.518596,0.067438],[34.520922,0.0786],[34.521387,0.083975],[34.520302,0.089246],[34.518131,0.093535],[34.512963,0.098289],[34.486609,0.11467],[34.46847,0.121905],[34.460564,0.128778],[34.457618,0.134927],[34.460719,0.150947],[34.460874,0.155908],[34.458548,0.160456],[34.404081,0.215439],[34.403850928677,0.215827338129],[34.31654676259,0.215827338129],[34.31654676259,0]]],"type":"Polygon"},"id":1061,"properties":{"parentKey":"KEN:1159310041","sourceCountryId":"KEN","syntheticOperational":true,"territoryId":"territory:catalog:f73d1af589c31ef4578dc8aaabe6960dd129badd70b288de04afb79efd5aadd9"},"type":"Feature"},{"geometry":{"coordinates":[[[39.712230215827,-1.079136690647],[39.91962789382,-1.079136690647],[39.887674,-1.015183],[39.881318,-0.986606],[39.875427,-0.970173],[39.862404,-0.949037],[39.862921,-0.928574],[39.862404,-0.922372],[39.847212,-0.876587],[39.841941,-0.86713],[39.843810421943,-0.863309352518],[39.712230215827,-0.863309352518],[39.712230215827,-1.079136690647]]],"type":"Polygon"},"id":1062,"properties":{"parentKey":"KEN:1159309927","sourceCountryId":"KEN","syntheticOperational":true,"territoryId":"territory:catalog:202764b4d079ac48e6d70ab95c05ed87b529860a721cfc0072cf4096122c6bfd"},"type":"Feature"},{"geometry":{"coordinates":[[[36.820635872825,-2.585818845033],[36.824542426375,-2.588000639831],[36.827993511947,-2.589928057554],[37.036592681464,-2.589928057554],[37.036592681464,-2.374100719424],[36.820635872825,-2.374100719424],[36.820635872825,-2.585818845033]]],"type":"Polygon"},"id":1063,"properties":{"parentKey":"KEN:1159308877","sourceCountryId":"KEN","syntheticOperational":true,"territoryId":"territory:catalog:e914e34d391f65759f47d469e62b65ad94215cba4ea0b954e21c663a87814417"},"type":"Feature"},{"geometry":{"coordinates":[[[38.895558223289,-3.453237410072],[39.027027027027,-3.453237410072],[39.111644657863,-3.453237410072],[39.111644657863,-3.237410071942],[38.895558223289,-3.237410071942],[38.895558223289,-3.453237410072]]],"type":"Polygon"},"id":1064,"properties":{"parentKey":"KEN:1159309927","sourceCountryId":"KEN","syntheticOperational":true,"territoryId":"territory:catalog:432a0e43f83382e97af8ca68e8fb1b0b7a78d2d2805b966a5801e657399fc681"},"type":"Feature"},{"geometry":{"coordinates":[[[40.359712230216,-1.726618705036],[40.575539568345,-1.726618705036],[40.575539568345,-1.510791366906],[40.359712230216,-1.510791366906],[40.359712230216,-1.726618705036]]],"type":"Polygon"},"id":1065,"properties":{"parentKey":"KEN:1159308881","sourceCountryId":"KEN","syntheticOperational":true,"territoryId":"territory:catalog:423ca5005f931422bdba870ed4999126007ea43cc703f734e80b7ffd123b6dc0"},"type":"Feature"},{"geometry":{"coordinates":[[[39.280575539568,1.668405434654],[39.340886,1.633932],[39.348172,1.627575],[39.354838,1.620367],[39.36042,1.612357],[39.3629,1.607938],[39.364915,1.603055],[39.369876,1.593908],[39.392252,1.56838],[39.396128,1.565279],[39.400779,1.563032],[39.411166,1.559698],[39.415197,1.55696],[39.422018,1.550603],[39.425273,1.547038],[39.428994,1.543937],[39.447339,1.534945],[39.450595,1.532697],[39.451525,1.53076],[39.45075,1.528486],[39.407036179614,1.510791366906],[39.496402877698,1.510791366906],[39.496402877698,1.726618705036],[39.280575539568,1.726618705036],[39.280575539568,1.668405434654]]],"type":"Polygon"},"id":1066,"properties":{"parentKey":"KEN:1159308881","sourceCountryId":"KEN","syntheticOperational":true,"territoryId":"territory:catalog:cd5da70dea0ebfd63684d8f8d8484d3b542ea7d75e912e27d110e1df1f986d11"},"type":"Feature"},{"geometry":{"coordinates":[[[40.491901619676,2.374100719424],[40.707858428314,2.374100719424],[40.707858428314,2.589928057554],[40.491901619676,2.589928057554],[40.491901619676,2.374100719424]]],"type":"Polygon"},"id":1067,"properties":{"parentKey":"KEN:1159308881","sourceCountryId":"KEN","syntheticOperational":true,"territoryId":"territory:catalog:298afcaa6faee6629d8dc061dcb8f8e4b58366244ed7efff8e844b92f2a9009c"},"type":"Feature"},{"geometry":{"coordinates":[[[39.027027027027,-3.884892086331],[39.243243243243,-3.884892086331],[39.243243243243,-3.669064748201],[39.027027027027,-3.669064748201],[39.027027027027,-3.884892086331]]],"type":"Polygon"},"id":1068,"properties":{"parentKey":"KEN:1159309927","sourceCountryId":"KEN","syntheticOperational":true,"territoryId":"territory:catalog:3adc6ca21b7961f3f3a4d9530b608ccad82ff424bb5517bcb6aa1bad36abfedf"},"type":"Feature"},{"geometry":{"coordinates":[[[39.891891891892,3.453237410072],[39.975990396158,3.453237410072],[40.108108108108,3.453237410072],[40.108108108108,3.669064748201],[39.891891891892,3.669064748201],[39.891891891892,3.453237410072]]],"type":"Polygon"},"id":1069,"properties":{"parentKey":"KEN:1159308881","sourceCountryId":"KEN","syntheticOperational":true,"territoryId":"territory:catalog:cfcc706857ac4c6543e8d757e59abfe24f80080c1b22909179308d93d7668f68"},"type":"Feature"},{"geometry":{"coordinates":[[[34.31654676259,-0.431654676259],[34.532374100719,-0.431654676259],[34.532374100719,-0.21582733813],[34.31654676259,-0.21582733813],[34.31654676259,-0.431654676259]]],"type":"Polygon"},"id":1070,"properties":{"parentKey":"KEN:1159310041","sourceCountryId":"KEN","syntheticOperational":true,"territoryId":"territory:catalog:84b2b2eacd7b7c342f3dcae4c391eb81d79235b872635a2ca7b001d0e696b262"},"type":"Feature"},{"geometry":{"coordinates":[[[34.10071942446,-0.21582733813],[34.31654676259,-0.21582733813],[34.31654676259,0],[34.10071942446,0],[34.10071942446,-0.21582733813]]],"type":"Polygon"},"id":1071,"properties":{"parentKey":"KEN:1159310041","sourceCountryId":"KEN","syntheticOperational":true,"territoryId":"territory:catalog:9581eee34a329d813f184978b776013f66d50b6c1eefc3d13cbd6cce7cb37191"},"type":"Feature"},{"geometry":{"coordinates":[[[34.532374100719,-0.21582733813],[34.748201438849,-0.21582733813],[34.748201438849,-0.010238124372],[34.735069,-0.013694],[34.720134,-0.012764],[34.69967,-0.008423],[34.691919,-0.008733],[34.683857,-0.010748],[34.661172,-0.018655],[34.652645,-0.019637],[34.645824,-0.019017],[34.622104,-0.007493],[34.599418,-0.001033],[34.593372,-0.000723],[34.576784,-0.005064],[34.549757,-0.016484],[34.537355,-0.020412],[34.532374100719,-0.020743787357],[34.532374100719,-0.21582733813]]],"type":"Polygon"},"id":1072,"properties":{"parentKey":"KEN:1159310041","sourceCountryId":"KEN","syntheticOperational":true,"territoryId":"territory:catalog:b6eaea4749b248710eda3f368637c215f582c47a49bff95fbe810864cb327ddd"},"type":"Feature"},{"geometry":{"coordinates":[[[37.338129496403,-1.294964028777],[37.553956834532,-1.294964028777],[37.553956834532,-1.079136690647],[37.338129496403,-1.079136690647],[37.338129496403,-1.294964028777]]],"type":"Polygon"},"id":1073,"properties":{"parentKey":"KEN:1159308875","sourceCountryId":"KEN","syntheticOperational":true,"territoryId":"territory:catalog:4a372d686ef410ce2b893a4c93f57adcd0090c02809dfa5d9e59751dd06647ce"},"type":"Feature"},{"geometry":{"coordinates":[[[37.769784172662,-1.294964028777],[37.985611510791,-1.294964028777],[37.985611510791,-1.079136690647],[37.769784172662,-1.079136690647],[37.769784172662,-1.294964028777]]],"type":"Polygon"},"id":1074,"properties":{"parentKey":"KEN:1159308875","sourceCountryId":"KEN","syntheticOperational":true,"territoryId":"territory:catalog:814774fec71a9a525479ebb63741b5e19fa4e6f910c9bb7cd4c47ef3bed04821"},"type":"Feature"},{"geometry":{"coordinates":[[[40.575539568345,0.863309352518],[40.791366906475,0.863309352518],[40.791366906475,1.079136690647],[40.575539568345,1.079136690647],[40.575539568345,0.863309352518]]],"type":"Polygon"},"id":1075,"properties":{"parentKey":"KEN:1159308881","sourceCountryId":"KEN","syntheticOperational":true,"territoryId":"territory:catalog:594bfe9b3289b5647e2431fd6f71afab425ca23dc5da3da852c2a4d3f006164f"},"type":"Feature"},{"geometry":{"coordinates":[[[38.201438848921,-0.647482014388],[38.41726618705,-0.647482014388],[38.41726618705,-0.431654676259],[38.201438848921,-0.431654676259],[38.201438848921,-0.647482014388]]],"type":"Polygon"},"id":1076,"properties":{"parentKey":"KEN:1159308875","sourceCountryId":"KEN","syntheticOperational":true,"territoryId":"territory:catalog:067d67c86588d5bd038ac96cb0b975f50e3629a705767282305c13b4c6e1fa58"},"type":"Feature"},{"geometry":{"coordinates":[[[36.043165467626,1.726618705036],[36.258992805755,1.726618705036],[36.258992805755,1.942446043165],[36.172765446911,1.942446043165],[36.043165467626,1.942446043165],[36.043165467626,1.726618705036]]],"type":"Polygon"},"id":1077,"properties":{"parentKey":"KEN:1159308877","sourceCountryId":"KEN","syntheticOperational":true,"territoryId":"territory:catalog:1c8064a10b7acd165cf64d71c0f3f935d6a61bf524cab40bd87e4ff2a72e2b7e"},"type":"Feature"},{"geometry":{"coordinates":[[[37.122302158273,-1.226017156264],[37.131512,-1.237133],[37.145051,-1.223026],[37.16567,-1.180599],[37.177452,-1.147527],[37.177452,-1.140395],[37.174041,-1.125667],[37.173421,-1.112748],[37.175747,-1.104945],[37.179932,-1.098589],[37.186754,-1.092129],[37.205564,-1.079882],[37.207199881926,-1.079136690647],[37.122302158273,-1.079136690647],[37.122302158273,-1.226017156264]]],"type":"Polygon"},"id":1078,"properties":{"parentKey":"KEN:1159310037","sourceCountryId":"KEN","syntheticOperational":true,"territoryId":"territory:catalog:b5260cd88f092b94bee3f97daa03fe70435d169c783dba9d134da240477ad5df"},"type":"Feature"},{"geometry":{"coordinates":[[[40.359712230216,1.510791366906],[40.575539568345,1.510791366906],[40.575539568345,1.726618705036],[40.359712230216,1.726618705036],[40.359712230216,1.510791366906]]],"type":"Polygon"},"id":1079,"properties":{"parentKey":"KEN:1159308881","sourceCountryId":"KEN","syntheticOperational":true,"territoryId":"territory:catalog:f11b332ff12ad4dbb4d1331d2496a1bb85b7de99a7fd2acd60dc252f34469eee"},"type":"Feature"},{"geometry":{"coordinates":[[[39.928057553957,0],[40.143884892086,0],[40.143884892086,0.215827338129],[39.928057553957,0.215827338129],[39.928057553957,0]]],"type":"Polygon"},"id":1080,"properties":{"parentKey":"KEN:1159308881","sourceCountryId":"KEN","syntheticOperational":true,"territoryId":"territory:catalog:067dadcf3efa04cab6cd2548ea0e5e53a42e551b793adcd2cd8067f2249b1f7b"},"type":"Feature"},{"geometry":{"coordinates":[[[36.734693877551,3.237410071942],[36.950780312125,3.237410071942],[36.950780312125,3.453237410072],[36.864864864865,3.453237410072],[36.734693877551,3.453237410072],[36.734693877551,3.237410071942]]],"type":"Polygon"},"id":1081,"properties":{"parentKey":"KEN:1159308875","sourceCountryId":"KEN","syntheticOperational":true,"territoryId":"territory:catalog:0c4da0e09e09ea55bff2decec26aa3f1cc837c75ffb4547a5ec5395f61b66de2"},"type":"Feature"},{"geometry":{"coordinates":[[[39.243243243243,-4.10071942446],[39.375,-4.10071942446],[39.459459459459,-4.10071942446],[39.459459459459,-3.884892086331],[39.243243243243,-3.884892086331],[39.243243243243,-4.10071942446]]],"type":"Polygon"},"id":1082,"properties":{"parentKey":"KEN:1159309927","sourceCountryId":"KEN","syntheticOperational":true,"territoryId":"territory:catalog:f030fcaa5e21b304e49ad0bfac0e84842653b44eb1842925ff5466206bb4aeef"},"type":"Feature"},{"geometry":{"coordinates":[[[37.036592681464,-2.374100719424],[37.252549490102,-2.374100719424],[37.252549490102,-2.158273381295],[37.036592681464,-2.158273381295],[37.036592681464,-2.374100719424]]],"type":"Polygon"},"id":1083,"properties":{"parentKey":"KEN:1159308877","sourceCountryId":"KEN","syntheticOperational":true,"territoryId":"territory:catalog:49093945136a6e153d10785a5174eda9c0c9a93eb21cb3392a7e38e688460d0d"},"type":"Feature"},{"geometry":{"coordinates":[[[34.763633357404,0],[34.964028776978,0],[34.964028776978,0.215827338129],[34.920766070355,0.215827338129],[34.913973,0.188774],[34.910252,0.178749],[34.90002,0.166657],[34.870978,0.144126],[34.859971,0.133791],[34.85563,0.128726],[34.850824,0.120923],[34.843796,0.105369],[34.836355,0.083148],[34.817441,0.059997],[34.775221,0.017364],[34.763633357404,0]]],"type":"Polygon"},"id":1084,"properties":{"parentKey":"KEN:1159308877","sourceCountryId":"KEN","syntheticOperational":true,"territoryId":"territory:catalog:e4f9fd8088a83e7548f833a0789ef8b5780511e57f2ec1b339a4222523c61ce5"},"type":"Feature"},{"geometry":{"coordinates":[[[40.575539568345,0.647482014388],[40.791366906475,0.647482014388],[40.791366906475,0.863309352518],[40.575539568345,0.863309352518],[40.575539568345,0.647482014388]]],"type":"Polygon"},"id":1085,"properties":{"parentKey":"KEN:1159308881","sourceCountryId":"KEN","syntheticOperational":true,"territoryId":"territory:catalog:3ce22ade2cb8473dcc7e34275461d7c6ca843d36ee426791e5862f8f8b7494a9"},"type":"Feature"},{"geometry":{"coordinates":[[[34.877024595081,2.319971159564],[34.904284,2.254255],[34.922343,2.210719],[34.944113679789,2.158273381295],[35.092981403719,2.158273381295],[35.092981403719,2.374100719424],[34.877024595081,2.374100719424],[34.877024595081,2.319971159564]]],"type":"Polygon"},"id":1086,"properties":{"parentKey":"KEN:1159308877","sourceCountryId":"KEN","syntheticOperational":true,"territoryId":"territory:catalog:8c85234f42a56b29694f9ef1ef8a66a60d7a681b85d917fe9562959aa343b9fd"},"type":"Feature"},{"geometry":{"coordinates":[[[37.684463107379,-2.211770183287],[37.686103,-2.210614],[37.690599,-2.207979],[37.699126,-2.204413],[37.716851,-2.200124],[37.720571,-2.198573],[37.719021,-2.194181],[37.71251,-2.18643],[37.689514,-2.171805],[37.684463107379,-2.169630295981],[37.684463107379,-2.211770183287]]],"type":"Polygon"},"id":1087,"properties":{"parentKey":"KEN:1159308877","sourceCountryId":"KEN","syntheticOperational":true,"territoryId":"territory:catalog:ce2a13e87d788444cf9bcbab5d212f28c648bb4ca1941208cd2ab6e4ff55411a"},"type":"Feature"},{"geometry":{"coordinates":[[[38.942307692308,-4.498671020598],[38.989095755564,-4.532374100719],[39.07396271798,-4.532374100719],[39.158653846154,-4.532374100719],[39.158653846154,-4.31654676259],[38.942307692308,-4.31654676259],[38.942307692308,-4.498671020598]]],"type":"Polygon"},"id":1088,"properties":{"parentKey":"KEN:1159309927","sourceCountryId":"KEN","syntheticOperational":true,"territoryId":"territory:catalog:986b70bee8cab9939b25ee2342ef8ee0c0293b3f5bbacf9e7ddc94ce02bb5020"},"type":"Feature"},{"geometry":{"coordinates":[[[38.664803,0.474545],[38.666663,0.469997],[38.670074,0.466483],[38.688988,0.453048],[38.691313,0.450826],[38.692708,0.447467],[38.696418188804,0.431654676259],[38.848920863309,0.431654676259],[38.848920863309,0.594292841485],[38.825879,0.585598],[38.819161,0.582342],[38.81451,0.579552],[38.811409,0.576296],[38.809084,0.572627],[38.796216,0.545238],[38.782574,0.524051],[38.779318,0.520589],[38.775546,0.517488],[38.771205,0.515214],[38.766089,0.513716],[38.704336,0.505603],[38.699065,0.504207],[38.694724,0.502554],[38.67705,0.49289],[38.67426,0.490926],[38.670074,0.487361],[38.665578,0.480436],[38.664803,0.474545]]],"type":"Polygon"},"id":1089,"properties":{"parentKey":"KEN:1159308881","sourceCountryId":"KEN","syntheticOperational":true,"territoryId":"territory:catalog:6f931fb4a058ff05b22f49d0420a8a7e60f835f9d0d203689e03b40acdfdf4ff"},"type":"Feature"},{"geometry":{"coordinates":[[[36.690647482014,-0.431654676259],[36.906474820144,-0.431654676259],[36.906474820144,-0.300263406742],[36.904187,-0.299258],[36.89194,-0.291351],[36.881398,-0.28174],[36.841349,-0.232389],[36.839023,-0.227738],[36.834918587165,-0.21582733813],[36.690647482014,-0.21582733813],[36.690647482014,-0.431654676259]]],"type":"Polygon"},"id":1090,"properties":{"parentKey":"KEN:1159310037","sourceCountryId":"KEN","syntheticOperational":true,"territoryId":"territory:catalog:923cfb4058aeefe97ae4e9976550793d53d9dfd110e5366cd374d7b63569a2de"},"type":"Feature"},{"geometry":{"coordinates":[[[39.064748201439,0.647482014388],[39.280575539568,0.647482014388],[39.280575539568,0.863309352518],[39.269250076375,0.863309352518],[39.269159,0.863152],[39.256912,0.848269],[39.24575,0.837675],[39.223064,0.820157],[39.209886,0.805274],[39.182136,0.764656],[39.170664,0.743004],[39.167977,0.734632],[39.164876,0.719801],[39.162706,0.715305],[39.15852,0.71112],[39.064748201439,0.675735234746],[39.064748201439,0.647482014388]]],"type":"Polygon"},"id":1091,"properties":{"parentKey":"KEN:1159308881","sourceCountryId":"KEN","syntheticOperational":true,"territoryId":"territory:catalog:d6848ce34784050a4db15f80fd9e70a9ef1eb9677279d52102c5ae8ea6aa0bcf"},"type":"Feature"},{"geometry":{"coordinates":[[[38.548290341932,2.374100719424],[38.76424715057,2.374100719424],[38.76424715057,2.589928057554],[38.548290341932,2.589928057554],[38.548290341932,2.374100719424]]],"type":"Polygon"},"id":1092,"properties":{"parentKey":"KEN:1159308875","sourceCountryId":"KEN","syntheticOperational":true,"territoryId":"territory:catalog:e8a02ae360dfa18e5d09315dcdd37e954f46dd22cc0da1304f9fda8127cb9466"},"type":"Feature"},{"geometry":{"coordinates":[[[37.72972972973,3.669064748201],[37.945945945946,3.669064748201],[37.945945945946,3.746222395774],[37.945931,3.746232],[37.846196,3.810337],[37.751008,3.871522],[37.730202878622,3.884892086331],[37.72972972973,3.884892086331],[37.72972972973,3.669064748201]]],"type":"Polygon"},"id":1093,"properties":{"parentKey":"KEN:1159308875","sourceCountryId":"KEN","syntheticOperational":true,"territoryId":"territory:catalog:2f21a65ca51edb9f56ab04e973ce3c6bfc0e6759dce9e90b655dd8b8fcf306fa"},"type":"Feature"},{"geometry":{"coordinates":[[[37.553956834532,1.726618705036],[37.769784172662,1.726618705036],[37.769784172662,1.942446043165],[37.684463107379,1.942446043165],[37.553956834532,1.942446043165],[37.553956834532,1.726618705036]]],"type":"Polygon"},"id":1094,"properties":{"parentKey":"KEN:1159308875","sourceCountryId":"KEN","syntheticOperational":true,"territoryId":"territory:catalog:4957dc4e0e617ec505dfabe685945595e9a5ef4b0668841881024f08d1067d2e"},"type":"Feature"},{"geometry":{"coordinates":[[[37.72972972973,3.453237410072],[37.81512605042,3.453237410072],[37.945945945946,3.453237410072],[37.945945945946,3.669064748201],[37.72972972973,3.669064748201],[37.72972972973,3.453237410072]]],"type":"Polygon"},"id":1095,"properties":{"parentKey":"KEN:1159308875","sourceCountryId":"KEN","syntheticOperational":true,"territoryId":"territory:catalog:e971fe2055fe6c3867801ef4f7de415bea906cc6874ab50d295dfbf6236ed1c1"},"type":"Feature"},{"geometry":{"coordinates":[[[39.496402877698,-0.431654676259],[39.617539044621,-0.431654676259],[39.59441,-0.346283],[39.581233,-0.322409],[39.56418,-0.312229],[39.561079,-0.308301],[39.550899,-0.290111],[39.547075,-0.284944],[39.537876,-0.281585],[39.523045,-0.2836],[39.512348,-0.278071],[39.500876,-0.250217],[39.496402877698,-0.243206000903],[39.496402877698,-0.431654676259]]],"type":"Polygon"},"id":1096,"properties":{"parentKey":"KEN:1159309927","sourceCountryId":"KEN","syntheticOperational":true,"territoryId":"territory:catalog:1992cf7bce788af9b315fb2fe47bdc71a7311790e406dfe023c8debaab698fdc"},"type":"Feature"},{"geometry":{"coordinates":[[[34.615384615385,4.10071942446],[34.702702702703,4.10071942446],[34.831730769231,4.10071942446],[34.831730769231,4.31654676259],[34.615384615385,4.31654676259],[34.615384615385,4.10071942446]]],"type":"Polygon"},"id":1097,"properties":{"parentKey":"KEN:1159308877","sourceCountryId":"KEN","syntheticOperational":true,"territoryId":"territory:catalog:933b7601aff0bde4b2e6f723488ecc6f00ff9d68f8118e79d69faac4b45ee575"},"type":"Feature"},{"geometry":{"coordinates":[[[35.135135135135,3.453237410072],[35.222088835534,3.453237410072],[35.351351351351,3.453237410072],[35.351351351351,3.669064748201],[35.135135135135,3.669064748201],[35.135135135135,3.453237410072]]],"type":"Polygon"},"id":1098,"properties":{"parentKey":"KEN:1159308877","sourceCountryId":"KEN","syntheticOperational":true,"territoryId":"territory:catalog:e5b2f27a2756769f6b9d98143e9e5eb9f6a7ed395fb574e228870005df5a8fae"},"type":"Feature"},{"geometry":{"coordinates":[[[35.179856115108,0.215827338129],[35.395683453237,0.215827338129],[35.395683453237,0.431654676259],[35.179856115108,0.431654676259],[35.179856115108,0.215827338129]]],"type":"Polygon"},"id":1099,"properties":{"parentKey":"KEN:1159308877","sourceCountryId":"KEN","syntheticOperational":true,"territoryId":"territory:catalog:d8dc3cbec460bbd4a4e5c7648b1767dbaf5fc691a74336a72007cd115648b719"},"type":"Feature"},{"geometry":{"coordinates":[[[39.111644657863,2.805755395683],[39.196160767846,2.805755395683],[39.327731092437,2.805755395683],[39.327731092437,3.021582733813],[39.296606012497,3.021582733813],[39.29324,3.01762],[39.281768,3.000618],[39.275257,2.994727],[39.266989,2.989766],[39.216242,2.973462],[39.206786,2.969354],[39.199344,2.96323],[39.184306,2.946771],[39.180586,2.943748],[39.1764,2.94119],[39.166736,2.93747],[39.139916,2.931036],[39.13108,2.926437],[39.125654,2.923104],[39.120227,2.91822],[39.112941,2.909151],[39.111644657863,2.905977712915],[39.111644657863,2.805755395683]]],"type":"Polygon"},"id":1100,"properties":{"parentKey":"KEN:1159308881","sourceCountryId":"KEN","syntheticOperational":true,"territoryId":"territory:catalog:7c8afdcbac77c1caa5a536bdd3f91c60b5052a0d54f5b0c88f4958d29f808692"},"type":"Feature"},{"geometry":{"coordinates":[[[38.63309352518,0],[38.743004445881,0],[38.736943,0.142421],[38.738494,0.148983],[38.745935,0.163453],[38.748571,0.170171],[38.749966,0.17725],[38.747175,0.215336],[38.747059712883,0.215827338129],[38.63309352518,0.215827338129],[38.63309352518,0]]],"type":"Polygon"},"id":1101,"properties":{"parentKey":"KEN:1159308875","sourceCountryId":"KEN","syntheticOperational":true,"territoryId":"territory:catalog:dc5eaa866c43de75d2ef35c91b96b9d6b6affbd433627b7faf1dc35476aac73b"},"type":"Feature"},{"geometry":{"coordinates":[[[40.575539568345,1.726618705036],[40.791366906475,1.726618705036],[40.791366906475,1.942446043165],[40.707858428314,1.942446043165],[40.575539568345,1.942446043165],[40.575539568345,1.726618705036]]],"type":"Polygon"},"id":1102,"properties":{"parentKey":"KEN:1159308881","sourceCountryId":"KEN","syntheticOperational":true,"territoryId":"territory:catalog:1eaae3e178a118d1a1df76466a3e376a24afdf8795e3510b22a998712ecace83"},"type":"Feature"},{"geometry":{"coordinates":[[[36.906474820144,0.431654676259],[37.122302158273,0.431654676259],[37.122302158273,0.554970359683],[36.906474820144,0.582679917161],[36.906474820144,0.431654676259]]],"type":"Polygon"},"id":1103,"properties":{"parentKey":"KEN:1159308877","sourceCountryId":"KEN","syntheticOperational":true,"territoryId":"territory:catalog:1db75f958e72158a2f4d7a5cfec70ad9bc92c0f1a24029646fdb84c7db7e62a3"},"type":"Feature"},{"geometry":{"coordinates":[[[34.748201438849,0.647482014388],[34.964028776978,0.647482014388],[34.964028776978,0.863309352518],[34.936606990527,0.863309352518],[34.923274,0.845375],[34.919709,0.842274],[34.915058,0.840207],[34.909632,0.840001],[34.904464,0.841344],[34.8994,0.843515],[34.894232,0.845065],[34.888496,0.845375],[34.88276,0.844652],[34.85501,0.838244],[34.833874,0.831112],[34.797132,0.82672],[34.791396,0.827598],[34.785918,0.828994],[34.781268,0.830906],[34.772741,0.83597],[34.7684,0.840776],[34.764524,0.847235],[34.760184,0.859483],[34.759936791832,0.863309352518],[34.748201438849,0.863309352518],[34.748201438849,0.647482014388]]],"type":"Polygon"},"id":1104,"properties":{"parentKey":"KEN:1159308879","sourceCountryId":"KEN","syntheticOperational":true,"territoryId":"territory:catalog:59f71a7ad567f44220277233a6bddf1f2b4c4de46325fb53d257d509229ba7f5"},"type":"Feature"},{"geometry":{"coordinates":[[[40.275944811038,2.374100719424],[40.491901619676,2.374100719424],[40.491901619676,2.589928057554],[40.275944811038,2.589928057554],[40.275944811038,2.374100719424]]],"type":"Polygon"},"id":1105,"properties":{"parentKey":"KEN:1159308881","sourceCountryId":"KEN","syntheticOperational":true,"territoryId":"territory:catalog:631512ec39221bd2b755f45bbd6d03479c51d6a65783ecb10b7167230177a1b9"},"type":"Feature"},{"geometry":{"coordinates":[[[40.707858428314,2.374100719424],[40.923815236953,2.374100719424],[40.923815236953,2.589928057554],[40.707858428314,2.589928057554],[40.707858428314,2.374100719424]]],"type":"Polygon"},"id":1106,"properties":{"parentKey":"KEN:1159308881","sourceCountryId":"KEN","syntheticOperational":true,"territoryId":"territory:catalog:86b6da72659bcc2828814bd72e133afa07656d54b45b6b66570f77dc15b0d424"},"type":"Feature"},{"geometry":{"coordinates":[[[34.566883,1.103022],[34.575699,1.092854],[34.591192697959,1.079136690647],[34.748201438849,1.079136690647],[34.748201438849,1.215668142064],[34.683805,1.209075],[34.663031,1.196362],[34.628925,1.163599],[34.580452,1.152541],[34.573631,1.134247],[34.571977,1.111716],[34.566883,1.103022]]],"type":"Polygon"},"id":1107,"properties":{"parentKey":"KEN:1159308877","sourceCountryId":"KEN","syntheticOperational":true,"territoryId":"territory:catalog:99c83040ca465b0ba438d41e295730f96a57d1e13a29c10713ba6a287141a408"},"type":"Feature"},{"geometry":{"coordinates":[[[36.043165467626,-1.726618705036],[36.258992805755,-1.726618705036],[36.258992805755,-1.510791366906],[36.043165467626,-1.510791366906],[36.043165467626,-1.726618705036]]],"type":"Polygon"},"id":1108,"properties":{"parentKey":"KEN:1159308877","sourceCountryId":"KEN","syntheticOperational":true,"territoryId":"territory:catalog:3ed5507396c425f08af25b56cf3a7bf22337ad84b41f8ef78ea9f2a339424836"},"type":"Feature"},{"geometry":{"coordinates":[[[38.162162162162,3.453237410072],[38.247298919568,3.453237410072],[38.378378378378,3.453237410072],[38.378378378378,3.598187196685],[38.283068,3.608902],[38.176925,3.620917],[38.162162162162,3.619747890349],[38.162162162162,3.453237410072]]],"type":"Polygon"},"id":1109,"properties":{"parentKey":"KEN:1159308875","sourceCountryId":"KEN","syntheticOperational":true,"territoryId":"territory:catalog:09f4eceaf0ff40c5511f1e73b810d74fb2adb4534978903929df0abd9c2ef3b8"},"type":"Feature"},{"geometry":{"coordinates":[[[35.308938212358,1.942446043165],[35.395683453237,1.942446043165],[35.524895020996,1.942446043165],[35.524895020996,2.158273381295],[35.308938212358,2.158273381295],[35.308938212358,1.942446043165]]],"type":"Polygon"},"id":1110,"properties":{"parentKey":"KEN:1159308877","sourceCountryId":"KEN","syntheticOperational":true,"territoryId":"territory:catalog:f21152587960b4bb22af9e659c1a7d271da2403090a4a525577ebd02566c5afa"},"type":"Feature"},{"geometry":{"coordinates":[[[34.702702702703,3.669064748201],[34.918918918919,3.669064748201],[34.918918918919,3.884892086331],[34.702702702703,3.884892086331],[34.702702702703,3.669064748201]]],"type":"Polygon"},"id":1111,"properties":{"parentKey":"KEN:1159308877","sourceCountryId":"KEN","syntheticOperational":true,"territoryId":"territory:catalog:d87d10bc2705c58cc4dafc4f5204f4a7a25d5024260d98a0ddbf668a006b7c2f"},"type":"Feature"},{"geometry":{"coordinates":[[[39.280575539568,1.510791366906],[39.407036179614,1.510791366906],[39.45075,1.528486],[39.451525,1.53076],[39.450595,1.532697],[39.447339,1.534945],[39.428994,1.543937],[39.425273,1.547038],[39.422018,1.550603],[39.415197,1.55696],[39.411166,1.559698],[39.400779,1.563032],[39.396128,1.565279],[39.392252,1.56838],[39.369876,1.593908],[39.364915,1.603055],[39.3629,1.607938],[39.36042,1.612357],[39.354838,1.620367],[39.348172,1.627575],[39.340886,1.633932],[39.280575539568,1.668405434654],[39.280575539568,1.510791366906]]],"type":"Polygon"},"id":1112,"properties":{"parentKey":"KEN:1159308875","sourceCountryId":"KEN","syntheticOperational":true,"territoryId":"territory:catalog:3a0ed2cd3fdf3a17d735e96312975ded4bcacd6615b0cdac00a5c943a9c35435"},"type":"Feature"},{"geometry":{"coordinates":[[[40.192076830732,3.021582733813],[40.408163265306,3.021582733813],[40.408163265306,3.237410071942],[40.192076830732,3.237410071942],[40.192076830732,3.021582733813]]],"type":"Polygon"},"id":1113,"properties":{"parentKey":"KEN:1159308881","sourceCountryId":"KEN","syntheticOperational":true,"territoryId":"territory:catalog:2c8665ead2b9d8864ce428ec93df567b926d02cf9280e64e617925219b2cfca2"},"type":"Feature"},{"geometry":{"coordinates":[[[37.553956834532,0.863309352518],[37.769784172662,0.863309352518],[37.769784172662,1.079136690647],[37.553956834532,1.079136690647],[37.553956834532,0.863309352518]]],"type":"Polygon"},"id":1114,"properties":{"parentKey":"KEN:1159308877","sourceCountryId":"KEN","syntheticOperational":true,"territoryId":"territory:catalog:7b908223b0902027d5d25f12a7dbf7daa971b3020c8fd65e55a0f86d30cd9045"},"type":"Feature"},{"geometry":{"coordinates":[[[39.111644657863,-3.237410071942],[39.327731092437,-3.237410071942],[39.327731092437,-3.021582733813],[39.111644657863,-3.021582733813],[39.111644657863,-3.237410071942]]],"type":"Polygon"},"id":1115,"properties":{"parentKey":"KEN:1159309927","sourceCountryId":"KEN","syntheticOperational":true,"territoryId":"territory:catalog:8f61944ccbe86eb28fa9b739909bc7d91ce27d855895248e8811593c374908f9"},"type":"Feature"},{"geometry":{"coordinates":[[[36.648648648649,3.884892086331],[36.864864864865,3.884892086331],[36.864864864865,4.10071942446],[36.778846153846,4.10071942446],[36.648648648649,4.10071942446],[36.648648648649,3.884892086331]]],"type":"Polygon"},"id":1116,"properties":{"parentKey":"KEN:1159308875","sourceCountryId":"KEN","syntheticOperational":true,"territoryId":"territory:catalog:f671dc137e294773f319440086f40f8d071b42529002b1d2083c31c6fb436a4f"},"type":"Feature"},{"geometry":{"coordinates":[[[36.258992805755,0],[36.261218711611,0],[36.261487,0.000517],[36.27482,0.012868],[36.284277,0.018656],[36.325101,0.035037],[36.328512,0.037672],[36.331147,0.042013],[36.333938,0.051935],[36.336263,0.056379],[36.342309,0.059066],[36.353781,0.059997],[36.376157,0.05855],[36.39259,0.06134],[36.401737,0.064234],[36.454189,0.096325],[36.457909,0.099426],[36.46008,0.104128],[36.463335,0.11436],[36.466591,0.117461],[36.471294,0.118494],[36.474820143885,0.116603104724],[36.474820143885,0.215827338129],[36.258992805755,0.215827338129],[36.258992805755,0]]],"type":"Polygon"},"id":1117,"properties":{"parentKey":"KEN:1159308877","sourceCountryId":"KEN","syntheticOperational":true,"territoryId":"territory:catalog:2c1f37af627836afa95a37751a9cbfc06b8ee16a32d2ac8c6b57ad505aa90258"},"type":"Feature"},{"geometry":{"coordinates":[[[39.759903961585,3.237410071942],[39.975990396158,3.237410071942],[39.975990396158,3.453237410072],[39.891891891892,3.453237410072],[39.759903961585,3.453237410072],[39.759903961585,3.237410071942]]],"type":"Polygon"},"id":1118,"properties":{"parentKey":"KEN:1159308881","sourceCountryId":"KEN","syntheticOperational":true,"territoryId":"territory:catalog:3483ca5874b662be2686f5cf1ff87b3dbf106e5a9dc6163efbe64dd0454b9b6f"},"type":"Feature"},{"geometry":{"coordinates":[[[36.906474820144,1.294964028777],[37.122302158273,1.294964028777],[37.122302158273,1.510791366906],[36.906474820144,1.510791366906],[36.906474820144,1.294964028777]]],"type":"Polygon"},"id":1119,"properties":{"parentKey":"KEN:1159308877","sourceCountryId":"KEN","syntheticOperational":true,"territoryId":"territory:catalog:d10d21045b8aa256b0d3b5daa449f578d6f3f8963f172cc99c4839c566d6a0b4"},"type":"Feature"},{"geometry":{"coordinates":[[[40.979503,-2.004978],[40.983653,-2.019301],[40.990245,-2.028904],[40.999766,-2.035577],[41.01295,-2.042413],[41.028656,-2.043227],[41.039561,-2.031996],[41.049978,-2.018487],[41.076996,-2.007094],[41.096853,-1.985284],[41.109141,-1.977634],[41.117849,-1.978285],[41.139772045591,-1.983446004717],[41.139772045591,-1.942446043165],[41.007194244604,-1.942446043165],[40.988046862694,-1.942446043165],[40.989431,-1.950291],[40.990082,-1.962498],[40.980235,-1.990167],[40.979503,-2.004978]]],"type":"Polygon"},"id":1120,"properties":{"parentKey":"KEN:1159309927","sourceCountryId":"KEN","syntheticOperational":true,"territoryId":"territory:catalog:471fac22ab1bd1269dfa5835dca6d4adec3bc3ae6d4b4656efbf080235ca2b79"},"type":"Feature"},{"geometry":{"coordinates":[[[39.844031193761,-2.589928057554],[40.0599880024,-2.589928057554],[40.0599880024,-2.374100719424],[39.844031193761,-2.374100719424],[39.844031193761,-2.589928057554]]],"type":"Polygon"},"id":1121,"properties":{"parentKey":"KEN:1159309927","sourceCountryId":"KEN","syntheticOperational":true,"territoryId":"territory:catalog:fd99281204bf05575304f3b9d2f70c986c7b58a525b04ed07188c92141649555"},"type":"Feature"},{"geometry":{"coordinates":[[[37.122302158273,1.079136690647],[37.338129496403,1.079136690647],[37.338129496403,1.294964028777],[37.122302158273,1.294964028777],[37.122302158273,1.079136690647]]],"type":"Polygon"},"id":1122,"properties":{"parentKey":"KEN:1159308877","sourceCountryId":"KEN","syntheticOperational":true,"territoryId":"territory:catalog:622c0b76e3ad5bc90071390e01078cf29113dc00b8796e830cba15c4dde4e8ab"},"type":"Feature"},{"geometry":{"coordinates":[[[38.332333533293,-2.158273381295],[38.548290341932,-2.158273381295],[38.548290341932,-1.942446043165],[38.41726618705,-1.942446043165],[38.332333533293,-1.942446043165],[38.332333533293,-2.158273381295]]],"type":"Polygon"},"id":1123,"properties":{"parentKey":"KEN:1159308875","sourceCountryId":"KEN","syntheticOperational":true,"territoryId":"territory:catalog:00da05554d00d3b7c7426f2ae6476a2633201fab755b50283f284d7be65994fd"},"type":"Feature"},{"geometry":{"coordinates":[[[34.748201438849,-0.863309352518],[34.964028776978,-0.863309352518],[34.964028776978,-0.647482014388],[34.748201438849,-0.647482014388],[34.748201438849,-0.863309352518]]],"type":"Polygon"},"id":1124,"properties":{"parentKey":"KEN:1159310041","sourceCountryId":"KEN","syntheticOperational":true,"territoryId":"territory:catalog:4f1162887d7444187052d5a149973a2c84154debfaf53f7b955b8e04f45652c6"},"type":"Feature"},{"geometry":{"coordinates":[[[34.859091,2.38678],[34.861193344429,2.374100719424],[34.877024595081,2.374100719424],[34.877024595081,2.418539068534],[34.867876,2.411482],[34.859091,2.38678]]],"type":"Polygon"},"id":1125,"properties":{"parentKey":"KEN:1159308877","sourceCountryId":"KEN","syntheticOperational":true,"territoryId":"territory:catalog:1f8fd534a00cd8e12011c2edc21c0af9d446a22a0a55f0edb568742c64d65ce9"},"type":"Feature"},{"geometry":{"coordinates":[[[40.840336134454,3.021582733813],[41.056422569028,3.021582733813],[41.056422569028,3.237410071942],[40.840336134454,3.237410071942],[40.840336134454,3.021582733813]]],"type":"Polygon"},"id":1126,"properties":{"parentKey":"KEN:1159308881","sourceCountryId":"KEN","syntheticOperational":true,"territoryId":"territory:catalog:daa1575a7470a6e3ed752819f6776e1bf073e17f083c54a3950bf4bc46533f7c"},"type":"Feature"},{"geometry":{"coordinates":[[[36.604679064187,2.405917590862],[36.622085,2.40329],[36.627977,2.404531],[36.636038,2.409026],[36.691073,2.467214],[36.702546,2.486386],[36.708437,2.508478],[36.696706,2.53814],[36.70823,2.542093],[36.720477,2.542016],[36.73288,2.53907],[36.740011,2.531758],[36.745902,2.519433],[36.797232674548,2.374100719424],[36.820635872825,2.374100719424],[36.820635872825,2.589928057554],[36.604679064187,2.589928057554],[36.604679064187,2.405917590862]]],"type":"Polygon"},"id":1127,"properties":{"parentKey":"KEN:1159308875","sourceCountryId":"KEN","syntheticOperational":true,"territoryId":"territory:catalog:9945b66377d2eb3dfaee59cd8b042207f7a97b617533379fb4d195961e5ea6b7"},"type":"Feature"},{"geometry":{"coordinates":[[[37.46850629874,-2.805755395683],[37.599039615846,-2.805755395683],[37.684463107379,-2.805755395683],[37.684463107379,-2.589928057554],[37.46850629874,-2.589928057554],[37.46850629874,-2.805755395683]]],"type":"Polygon"},"id":1128,"properties":{"parentKey":"KEN:1159308877","sourceCountryId":"KEN","syntheticOperational":true,"territoryId":"territory:catalog:7d5e17684123d51ffdedc286c4d0246d27250d542d33f010ab6c6d4443ef5748"},"type":"Feature"},{"geometry":{"coordinates":[[[40.359712230216,1.079136690647],[40.575539568345,1.079136690647],[40.575539568345,1.294964028777],[40.359712230216,1.294964028777],[40.359712230216,1.079136690647]]],"type":"Polygon"},"id":1129,"properties":{"parentKey":"KEN:1159308881","sourceCountryId":"KEN","syntheticOperational":true,"territoryId":"territory:catalog:e3d6c562e2645db2f0346054b4a825d39fb2901691e54afa33c98e81a3431292"},"type":"Feature"},{"geometry":{"coordinates":[[[36.864864864865,3.453237410072],[36.950780312125,3.453237410072],[37.081081081081,3.453237410072],[37.081081081081,3.669064748201],[36.864864864865,3.669064748201],[36.864864864865,3.453237410072]]],"type":"Polygon"},"id":1130,"properties":{"parentKey":"KEN:1159308875","sourceCountryId":"KEN","syntheticOperational":true,"territoryId":"territory:catalog:7e0407a1aef8a134ba1ee534041399cefdb98621b80e98a1130f50fd4d7a0e79"},"type":"Feature"},{"geometry":{"coordinates":[[[36.302521008403,3.237410071942],[36.518607442977,3.237410071942],[36.518607442977,3.453237410072],[36.432432432432,3.453237410072],[36.302521008403,3.453237410072],[36.302521008403,3.237410071942]]],"type":"Polygon"},"id":1131,"properties":{"parentKey":"KEN:1159308875","sourceCountryId":"KEN","syntheticOperational":true,"territoryId":"territory:catalog:601de80023abac89006ad8ec2d9950627ed0d6b4807300801b2ed963a8e6b9d4"},"type":"Feature"},{"geometry":{"coordinates":[[[35.610342754059,4.532374100719],[35.697115384615,4.532374100719],[35.826819001804,4.532374100719],[35.826819001804,4.619728869326],[35.781222,4.619922],[35.778439,4.678338],[35.739402,4.681127],[35.711518,4.661608],[35.705939,4.619962],[35.705846,4.619447],[35.705812,4.61926],[35.700365,4.589111],[35.61214,4.619497],[35.610641,4.620014],[35.610342754059,4.620554909684],[35.610342754059,4.532374100719]]],"type":"Polygon"},"id":1132,"properties":{"parentKey":"KEN:1159308877","sourceCountryId":"KEN","syntheticOperational":true,"territoryId":"territory:catalog:08120569bea4966d22fd50651a9076d519e355d5e868ebbbe7e5b2c9b06a2289"},"type":"Feature"},{"geometry":{"coordinates":[[[38.0391616562,1.079136690647],[38.052677491899,0.863309352518],[38.201438848921,0.863309352518],[38.201438848921,1.079136690647],[38.0391616562,1.079136690647]]],"type":"Polygon"},"id":1133,"properties":{"parentKey":"KEN:1159308875","sourceCountryId":"KEN","syntheticOperational":true,"territoryId":"territory:catalog:ed0b6aaf27d0b6e0789bb721536e62890809f9022b5e958441f1a2a5435c317f"},"type":"Feature"},{"geometry":{"coordinates":[[[35.092981403719,1.942446043165],[35.179856115108,1.942446043165],[35.308938212358,1.942446043165],[35.308938212358,2.158273381295],[35.092981403719,2.158273381295],[35.092981403719,1.942446043165]]],"type":"Polygon"},"id":1134,"properties":{"parentKey":"KEN:1159308877","sourceCountryId":"KEN","syntheticOperational":true,"territoryId":"territory:catalog:c2cbe46ed67d4899536f376814a7f26b029f95da1307a1e69c97369bef68db73"},"type":"Feature"},{"geometry":{"coordinates":[[[39.759903961585,2.805755395683],[39.844031193761,2.805755395683],[39.975990396158,2.805755395683],[39.975990396158,3.021582733813],[39.759903961585,3.021582733813],[39.759903961585,2.805755395683]]],"type":"Polygon"},"id":1135,"properties":{"parentKey":"KEN:1159308881","sourceCountryId":"KEN","syntheticOperational":true,"territoryId":"territory:catalog:ba01ac3b8f3a5e0470058e7020a0398bb367de34f064478c84a082e1b7e1d0b3"},"type":"Feature"},{"geometry":{"coordinates":[[[39.496402877698,-0.647482014388],[39.712230215827,-0.647482014388],[39.712230215827,-0.584021724615],[39.710424,-0.58384],[39.698538,-0.579137],[39.694869,-0.572678],[39.669858,-0.542654],[39.66376,-0.541879],[39.662778,-0.527203],[39.659109,-0.51542],[39.651823,-0.507514],[39.639886,-0.504672],[39.633219,-0.489531],[39.617539044621,-0.431654676259],[39.496402877698,-0.431654676259],[39.496402877698,-0.647482014388]]],"type":"Polygon"},"id":1136,"properties":{"parentKey":"KEN:1159309927","sourceCountryId":"KEN","syntheticOperational":true,"territoryId":"territory:catalog:2b062a4840c40109468e9fd700634fd96c0d7ef5275787a48ea7ce11dd7c43ca"},"type":"Feature"},{"geometry":{"coordinates":[[[37.985611510791,0.647482014388],[38.201438848921,0.647482014388],[38.201438848921,0.863309352518],[38.052677491899,0.863309352518],[38.056985,0.794525],[38.05559,0.791322],[38.050939,0.79189],[38.034609,0.796489],[38.020036,0.802225],[38.01492,0.803155],[38.009494,0.803],[38.000658,0.801243],[37.997092,0.799021],[37.992596,0.795456],[37.985723,0.786671],[37.985611510791,0.786557165423],[37.985611510791,0.647482014388]]],"type":"Polygon"},"id":1137,"properties":{"parentKey":"KEN:1159308875","sourceCountryId":"KEN","syntheticOperational":true,"territoryId":"territory:catalog:b39f0ec9b33db7b85c042cbea78e336e3bcb9758568c90ed107d3eabd4fcdce9"},"type":"Feature"},{"geometry":{"coordinates":[[[40.919444,-2.302423],[40.922618,-2.313735],[40.923815236953,-2.313498160804],[40.923815236953,-2.300237314716],[40.919444,-2.302423]]],"type":"Polygon"},"id":1138,"properties":{"parentKey":"KEN:1159309927","sourceCountryId":"KEN","syntheticOperational":true,"territoryId":"territory:catalog:5580f6179ea8e1a83ffcaf2658d3419fb6da161a458bf48e4b801f1ee7914562"},"type":"Feature"},{"geometry":{"coordinates":[[[38.848920863309,0.215827338129],[39.064748201439,0.215827338129],[39.064748201439,0.431654676259],[38.848920863309,0.431654676259],[38.848920863309,0.215827338129]]],"type":"Polygon"},"id":1139,"properties":{"parentKey":"KEN:1159308881","sourceCountryId":"KEN","syntheticOperational":true,"territoryId":"territory:catalog:587a7fa2d48f993dcba108ddc747242b15e6cb6f6e826e370d564e5666fe8232"},"type":"Feature"},{"geometry":{"coordinates":[[[39.280575539568,-1.726618705036],[39.496402877698,-1.726618705036],[39.496402877698,-1.510791366906],[39.280575539568,-1.510791366906],[39.280575539568,-1.726618705036]]],"type":"Polygon"},"id":1140,"properties":{"parentKey":"KEN:1159309927","sourceCountryId":"KEN","syntheticOperational":true,"territoryId":"territory:catalog:6642da56e7eeedf26759a257786a8f912bd4f28fa7bd43c9f2ee9702025fd656"},"type":"Feature"},{"geometry":{"coordinates":[[[39.841941,-0.86713],[39.847212,-0.876587],[39.862404,-0.922372],[39.862921,-0.928574],[39.862404,-0.949037],[39.875427,-0.970173],[39.881318,-0.986606],[39.887674,-1.015183],[39.91962789382,-1.079136690647],[39.928057553957,-1.079136690647],[39.928057553957,-0.863309352518],[39.843810421943,-0.863309352518],[39.841941,-0.86713]]],"type":"Polygon"},"id":1141,"properties":{"parentKey":"KEN:1159308881","sourceCountryId":"KEN","syntheticOperational":true,"territoryId":"territory:catalog:9656ff783a39207e890dca8692feb012d9415fb76d69cb8b300acfadb4cd0858"},"type":"Feature"},{"geometry":{"coordinates":[[[40.275944811038,-2.589928057554],[40.348560380637,-2.589928057554],[40.389822,-2.560317],[40.490896,-2.528497],[40.491901619676,-2.528391934799],[40.491901619676,-2.374100719424],[40.275944811038,-2.374100719424],[40.275944811038,-2.589928057554]]],"type":"Polygon"},"id":1142,"properties":{"parentKey":"KEN:1159309927","sourceCountryId":"KEN","syntheticOperational":true,"territoryId":"territory:catalog:4cefa60b59529487f42824b8386241231d354e9d3dff33d1ad38f4027ad3c4b9"},"type":"Feature"},{"geometry":{"coordinates":[[[39.975990396158,-3.237410071942],[40.129206386437,-3.237410071942],[40.129242,-3.233331],[40.118419,-3.196954],[40.119151,-3.183526],[40.153168,-3.135186],[40.159516,-3.117771],[40.163829,-3.06699],[40.1692,-3.054946],[40.190115,-3.027032],[40.192076830732,-3.025165981823],[40.192076830732,-3.021582733813],[39.975990396158,-3.021582733813],[39.975990396158,-3.237410071942]]],"type":"Polygon"},"id":1143,"properties":{"parentKey":"KEN:1159309927","sourceCountryId":"KEN","syntheticOperational":true,"territoryId":"territory:catalog:0e7d094aeffcd67d4ca87465b9857c02487ec32136a7bda6c1c5a5999d47d5df"},"type":"Feature"},{"geometry":{"coordinates":[[[36.045398666978,3.884892086331],[36.045427118423,3.669064748201],[36.216216216216,3.669064748201],[36.216216216216,3.884892086331],[36.045398666978,3.884892086331]]],"type":"Polygon"},"id":1144,"properties":{"parentKey":"KEN:1159308875","sourceCountryId":"KEN","syntheticOperational":true,"territoryId":"territory:catalog:348632c3b02143b6837402b6ecb6a43a681d535e4a20d290348f6e900b90c12f"},"type":"Feature"},{"geometry":{"coordinates":[[[37.334878328142,-1.079136690647],[37.338129496403,-1.079136690647],[37.338129496403,-1.075414980259],[37.336822,-1.077247],[37.334878328142,-1.079136690647]]],"type":"Polygon"},"id":1145,"properties":{"parentKey":"KEN:1159308875","sourceCountryId":"KEN","syntheticOperational":true,"territoryId":"territory:catalog:a6f2b5dd8a26d6ae204626fc45a43d8858591b80451b704165e0242e16467a0c"},"type":"Feature"},{"geometry":{"coordinates":[[[40.324324324324,3.669064748201],[40.540540540541,3.669064748201],[40.540540540541,3.884892086331],[40.324324324324,3.884892086331],[40.324324324324,3.669064748201]]],"type":"Polygon"},"id":1146,"properties":{"parentKey":"KEN:1159308881","sourceCountryId":"KEN","syntheticOperational":true,"territoryId":"territory:catalog:03efd664a7eb77b94346180d874586805e0427410b98bb109a6185f7f1b0910f"},"type":"Feature"},{"geometry":{"coordinates":[[[37.297297297297,3.669064748201],[37.513513513514,3.669064748201],[37.513513513514,3.884892086331],[37.297297297297,3.884892086331],[37.297297297297,3.669064748201]]],"type":"Polygon"},"id":1147,"properties":{"parentKey":"KEN:1159308875","sourceCountryId":"KEN","syntheticOperational":true,"territoryId":"territory:catalog:2617c2ff48fdea556fb922b36e1e2624fad382bc63446df1ed22324cb4e854cb"},"type":"Feature"},{"geometry":{"coordinates":[[[37.226737535529,1.942446043165],[37.228508,1.941329],[37.243701,1.929237],[37.250522,1.922338],[37.262356,1.907042],[37.286076,1.863607],[37.302664,1.819838],[37.3053,1.815109],[37.311966,1.808107],[37.3238,1.799425],[37.338129496403,1.791976580042],[37.338129496403,1.942446043165],[37.252549490102,1.942446043165],[37.226737535529,1.942446043165]]],"type":"Polygon"},"id":1148,"properties":{"parentKey":"KEN:1159308875","sourceCountryId":"KEN","syntheticOperational":true,"territoryId":"territory:catalog:b3a5980e6d010e986d17bee8f9ce5c712a8a6230562cbad60e0175ee95568164"},"type":"Feature"},{"geometry":{"coordinates":[[[38.201438848921,0.647482014388],[38.41726618705,0.647482014388],[38.41726618705,0.863309352518],[38.201438848921,0.863309352518],[38.201438848921,0.647482014388]]],"type":"Polygon"},"id":1149,"properties":{"parentKey":"KEN:1159308875","sourceCountryId":"KEN","syntheticOperational":true,"territoryId":"territory:catalog:91b9c458a7bd986f0812cb0af870189512ed0faf1314e551577e8cccebc8d62e"},"type":"Feature"},{"geometry":{"coordinates":[[[39.472062044205,-0.21582733813],[39.472454,-0.216162],[39.481394,-0.232027],[39.495502,-0.241794],[39.496402877698,-0.243206000903],[39.496402877698,-0.21582733813],[39.472062044205,-0.21582733813]]],"type":"Polygon"},"id":1150,"properties":{"parentKey":"KEN:1159308881","sourceCountryId":"KEN","syntheticOperational":true,"territoryId":"territory:catalog:c5f745cf999d8909d286949b2a59a330d850726a7119806eed63829c67a577ac"},"type":"Feature"},{"geometry":{"coordinates":[[[37.380326746596,1.726618705036],[37.384933,1.69367],[37.388344,1.683748],[37.39346,1.675299],[37.419039,1.646747],[37.460949,1.6137],[37.467615,1.606776],[37.478777,1.590885],[37.512617451033,1.510791366906],[37.553956834532,1.510791366906],[37.553956834532,1.726618705036],[37.380326746596,1.726618705036]]],"type":"Polygon"},"id":1151,"properties":{"parentKey":"KEN:1159308875","sourceCountryId":"KEN","syntheticOperational":true,"territoryId":"territory:catalog:f7e79177e211af0c958ce52ff49a39893d3ca29193294245666eef0b14f1e9d4"},"type":"Feature"},{"geometry":{"coordinates":[[[36.827993511947,-2.589928057554],[36.918191,-2.640303],[37.036592681464,-2.706373369909],[37.036592681464,-2.589928057554],[36.827993511947,-2.589928057554]]],"type":"Polygon"},"id":1152,"properties":{"parentKey":"KEN:1159308877","sourceCountryId":"KEN","syntheticOperational":true,"territoryId":"territory:catalog:6da62e668608751911d6958de17430020fd9b315ef0f5c259a1a76ddb3ad182c"},"type":"Feature"},{"geometry":{"coordinates":[[[38.916972477378,2.374100719424],[38.919413,2.332752],[38.931195,2.271619],[38.935071,2.261387],[38.936621,2.255883],[38.942254,2.219787],[38.944114,2.214749],[38.945354,2.190151],[38.941789816171,2.158273381295],[38.980203959208,2.158273381295],[38.980203959208,2.374100719424],[38.916972477378,2.374100719424]]],"type":"Polygon"},"id":1153,"properties":{"parentKey":"KEN:1159308881","sourceCountryId":"KEN","syntheticOperational":true,"territoryId":"territory:catalog:495d41cc62208fa879d4b8752b938c1628bc7e8c899ad8173dcdf8034936025b"},"type":"Feature"},{"geometry":{"coordinates":[[[37.036592681464,2.158273381295],[37.252549490102,2.158273381295],[37.252549490102,2.374100719424],[37.036592681464,2.374100719424],[37.036592681464,2.158273381295]]],"type":"Polygon"},"id":1154,"properties":{"parentKey":"KEN:1159308875","sourceCountryId":"KEN","syntheticOperational":true,"territoryId":"territory:catalog:2309993cdcd8258f6b3b1c95b2e67a023edb7b29cb1121e211d579af393c9407"},"type":"Feature"},{"geometry":{"coordinates":[[[39.712230215827,-0.647482014388],[39.783006782669,-0.647482014388],[39.781066,-0.644612],[39.779205,-0.626525],[39.773883,-0.612469],[39.764943,-0.601617],[39.75254,-0.59278],[39.736624,-0.586476],[39.712230215827,-0.584021724615],[39.712230215827,-0.647482014388]]],"type":"Polygon"},"id":1155,"properties":{"parentKey":"KEN:1159309927","sourceCountryId":"KEN","syntheticOperational":true,"territoryId":"territory:catalog:637bc0e69a536fde1b320783c71b0a531c18c11418dc30818577d5d56abf0d95"},"type":"Feature"},{"geometry":{"coordinates":[[[35.395683453237,1.079136690647],[35.611510791367,1.079136690647],[35.611510791367,1.294964028777],[35.395683453237,1.294964028777],[35.395683453237,1.079136690647]]],"type":"Polygon"},"id":1156,"properties":{"parentKey":"KEN:1159308877","sourceCountryId":"KEN","syntheticOperational":true,"territoryId":"territory:catalog:b6a65662f7a2b4fde7351301ddf202e1947dcdaf9b7d72e4988896d77436a183"},"type":"Feature"},{"geometry":{"coordinates":[[[34.964028776978,-0.431654676259],[35.026899368523,-0.431654676259],[35.012985,-0.410672],[35.011073,-0.406435],[35.007972,-0.395583],[35.001461,-0.381062],[35.000066,-0.376618],[34.999135,-0.370881],[34.99867,-0.36065],[35.000221,-0.350469],[35.001461,-0.347679],[35.010142,-0.335741],[35.013605,-0.332383],[35.025232,-0.323029],[35.029263,-0.318843],[35.038099,-0.305769],[35.040115,-0.299103],[35.041045,-0.29285],[35.040735,-0.287114],[35.043525,-0.270267],[35.045076,-0.225412],[35.046781,-0.217557],[35.047446144533,-0.21582733813],[34.964028776978,-0.21582733813],[34.964028776978,-0.431654676259]]],"type":"Polygon"},"id":1157,"properties":{"parentKey":"KEN:1159310041","sourceCountryId":"KEN","syntheticOperational":true,"territoryId":"territory:catalog:e40ff8a8a63b5d293fa1aeffc8feff4c099c8cae1382d67141b1823a5f2d663c"},"type":"Feature"},{"geometry":{"coordinates":[[[37.513513513514,3.453237410072],[37.599039615846,3.453237410072],[37.72972972973,3.453237410072],[37.72972972973,3.669064748201],[37.513513513514,3.669064748201],[37.513513513514,3.453237410072]]],"type":"Polygon"},"id":1158,"properties":{"parentKey":"KEN:1159308875","sourceCountryId":"KEN","syntheticOperational":true,"territoryId":"territory:catalog:a28e1074a0eb7f85f0208dbe8d898f826ac665e9a4fbc4508c7da7b9cfef665d"},"type":"Feature"},{"geometry":{"coordinates":[[[41.007194244604,-1.079136690647],[41.14086085877,-1.079136690647],[41.13106,-1.066445],[41.081554,-1.002573],[41.056129,-0.969604],[41.030601,-0.936738],[41.007194244604,-0.906260502057],[41.007194244604,-1.079136690647]]],"type":"Polygon"},"id":1159,"properties":{"parentKey":"KEN:1159308881","sourceCountryId":"KEN","syntheticOperational":true,"territoryId":"territory:catalog:051a626d63d5f62c2c302fae4799b79da23912064f8dbe1dce7e59bc1cee19e0"},"type":"Feature"},{"geometry":{"coordinates":[[[38.980203959208,2.594858045645],[39.074698592343,2.805755395683],[38.980203959208,2.805755395683],[38.980203959208,2.594858045645]]],"type":"Polygon"},"id":1160,"properties":{"parentKey":"KEN:1159308875","sourceCountryId":"KEN","syntheticOperational":true,"territoryId":"territory:catalog:4299c0ea11ea41af41c68cf7d8f0c81ac7f68f65b9922972ca361afa76c957f0"},"type":"Feature"},{"geometry":{"coordinates":[[[35.740851829634,2.158273381295],[35.956808638272,2.158273381295],[35.956808638272,2.374100719424],[35.740851829634,2.374100719424],[35.740851829634,2.158273381295]]],"type":"Polygon"},"id":1161,"properties":{"parentKey":"KEN:1159308877","sourceCountryId":"KEN","syntheticOperational":true,"territoryId":"territory:catalog:b97ed5e05c635efd5e37e43e98c83640b1a67c2b022de0f7c1b0a5aa2ef57ba5"},"type":"Feature"},{"geometry":{"coordinates":[[[35.611510791367,-1.510791366906],[35.827338129496,-1.510791366906],[35.827338129496,-1.294964028777],[35.611510791367,-1.294964028777],[35.611510791367,-1.510791366906]]],"type":"Polygon"},"id":1162,"properties":{"parentKey":"KEN:1159308877","sourceCountryId":"KEN","syntheticOperational":true,"territoryId":"territory:catalog:08e863f8090ad11f13d76e0794913a20f2e4276a4a50ed109dcf8e168dc1f0d4"},"type":"Feature"},{"geometry":{"coordinates":[[[36.388722255549,2.374100719424],[36.604679064187,2.374100719424],[36.604679064187,2.405917590862],[36.597436,2.407011],[36.59387,2.408251],[36.581778,2.407476],[36.572269,2.405151],[36.564776,2.400965],[36.558472,2.394583],[36.532168,2.422669],[36.526122,2.464424],[36.526174,2.510493],[36.518112,2.551628],[36.49543652967,2.589928057554],[36.388722255549,2.589928057554],[36.388722255549,2.374100719424]]],"type":"Polygon"},"id":1163,"properties":{"parentKey":"KEN:1159308877","sourceCountryId":"KEN","syntheticOperational":true,"territoryId":"territory:catalog:d11f858ca29b9167c782f9d8048d10914beb9a72c2891609125020875e8b683d"},"type":"Feature"},{"geometry":{"coordinates":[[[37.122302158273,0.863309352518],[37.338129496403,0.863309352518],[37.338129496403,1.079136690647],[37.122302158273,1.079136690647],[37.122302158273,0.863309352518]]],"type":"Polygon"},"id":1164,"properties":{"parentKey":"KEN:1159308877","sourceCountryId":"KEN","syntheticOperational":true,"territoryId":"territory:catalog:7c26d0a5b4ab258a7d617413bb1a89b49833c54641fb7010cac345f838ce866b"},"type":"Feature"},{"geometry":{"coordinates":[[[35.956808638272,2.374100719424],[36.172765446911,2.374100719424],[36.172765446911,2.589928057554],[35.956808638272,2.589928057554],[35.956808638272,2.374100719424]]],"type":"Polygon"},"id":1165,"properties":{"parentKey":"KEN:1159308877","sourceCountryId":"KEN","syntheticOperational":true,"territoryId":"territory:catalog:7ee55e6024f7c841f8682a353beeb7a0d0640eee31702558fcc1b9457c89e667"},"type":"Feature"},{"geometry":{"coordinates":[[[33.900324217776,-0.863309352518],[33.904214,-1.002573],[33.980385,-1.002573],[33.984519,-1.002057],[34.000022,-1.002573],[34.001986,-1.028722],[34.015422,-1.037507],[34.052526,-1.0404],[34.10071942446,-1.067321839573],[34.10071942446,-0.863309352518],[33.900324217776,-0.863309352518]]],"type":"Polygon"},"id":1166,"properties":{"parentKey":"KEN:1159310041","sourceCountryId":"KEN","syntheticOperational":true,"territoryId":"territory:catalog:4ba3082bd7c0da321e701cf6b781d63b833fe73430033c5c45a386eaf3e36c9f"},"type":"Feature"},{"geometry":{"coordinates":[[[34.31654676259,0.647482014388],[34.532374100719,0.647482014388],[34.532374100719,0.863309352518],[34.407944663985,0.863309352518],[34.402375,0.856073],[34.388009,0.815817],[34.370852,0.800211],[34.31654676259,0.773014383409],[34.31654676259,0.647482014388]]],"type":"Polygon"},"id":1167,"properties":{"parentKey":"KEN:1159308879","sourceCountryId":"KEN","syntheticOperational":true,"territoryId":"territory:catalog:ff3f5242e00fec24bee00e1ba8ee0b2dfe4c6302d4cb0cf4e1329c79a86e86f5"},"type":"Feature"},{"geometry":{"coordinates":[[[38.63309352518,-1.726618705036],[38.848920863309,-1.726618705036],[38.848920863309,-1.510791366906],[38.63309352518,-1.510791366906],[38.63309352518,-1.726618705036]]],"type":"Polygon"},"id":1168,"properties":{"parentKey":"KEN:1159308875","sourceCountryId":"KEN","syntheticOperational":true,"territoryId":"territory:catalog:3462036078e95cfc85afb8fd3b450386e95add6e2d842b782892cbdbd7e65ad7"},"type":"Feature"},{"geometry":{"coordinates":[[[37.553956834532,-0.21582733813],[37.769784172662,-0.21582733813],[37.769784172662,0],[37.553956834532,0],[37.553956834532,-0.21582733813]]],"type":"Polygon"},"id":1169,"properties":{"parentKey":"KEN:1159308875","sourceCountryId":"KEN","syntheticOperational":true,"territoryId":"territory:catalog:844269ea1fb30945ea151ad7578ea7ccdc3cb44d7882eb519648fc30b812a0e7"},"type":"Feature"},{"geometry":{"coordinates":[[[34.572443,-1.019111],[34.574769,-1.028981],[34.592442,-1.058591],[34.594612,-1.065206],[34.595697,-1.076471],[34.596527403367,-1.079136690647],[34.748201438849,-1.079136690647],[34.748201438849,-0.959769442373],[34.708042,-0.971258],[34.700601,-0.972033],[34.663652,-0.968933],[34.658381,-0.967744],[34.65404,-0.965522],[34.649389,-0.963713],[34.644118,-0.963042],[34.638847,-0.964282],[34.634041,-0.966297],[34.613526,-0.97994],[34.595697,-0.9895],[34.579264,-1.002212],[34.576164,-1.005313],[34.573218,-1.009964],[34.572443,-1.019111]]],"type":"Polygon"},"id":1170,"properties":{"parentKey":"KEN:1159308877","sourceCountryId":"KEN","syntheticOperational":true,"territoryId":"territory:catalog:0e2c1df71898a5006a5e36ff0462ec11b572acd1995f9c7e0adb36b5f837351f"},"type":"Feature"},{"geometry":{"coordinates":[[[39.628074385123,2.589928057554],[39.844031193761,2.589928057554],[39.844031193761,2.805755395683],[39.759903961585,2.805755395683],[39.628074385123,2.805755395683],[39.628074385123,2.589928057554]]],"type":"Polygon"},"id":1171,"properties":{"parentKey":"KEN:1159308881","sourceCountryId":"KEN","syntheticOperational":true,"territoryId":"territory:catalog:3a12ca8ae730c1658d5c8795aca36f6c0ccd7d1667f07777461506cf4e1240c2"},"type":"Feature"},{"geometry":{"coordinates":[[[33.890468,0.090073],[33.917662191066,0],[33.998730173346,0],[33.999596,0.002166],[34.002814,0.008837],[34.017852,0.034262],[34.019867,0.039068],[34.021107,0.044494],[34.021417,0.050178],[34.018627,0.067541],[34.018627,0.073691],[34.019557,0.079324],[34.021262,0.084078],[34.023588,0.087799],[34.025758,0.090279],[34.035835,0.099271],[34.047772,0.107591],[34.057074,0.112086],[34.075884,0.118753],[34.078055,0.120768],[34.080225,0.124179],[34.08255,0.132137],[34.083171,0.136478],[34.084411,0.168931],[34.087821,0.190531],[34.091852,0.206654],[34.093713,0.210788],[34.095728,0.214044],[34.097417463133,0.215827338129],[33.973124953859,0.215827338129],[33.960266,0.198677],[33.951757,0.187328],[33.893569,0.109814],[33.890468,0.090073]]],"type":"Polygon"},"id":1172,"properties":{"parentKey":"KEN:1159308879","sourceCountryId":"KEN","syntheticOperational":true,"territoryId":"territory:catalog:754f8df3c355cc7cf48b8bcaab6ce3e923ea0f012b21777a995013cd7ee98cb4"},"type":"Feature"},{"geometry":{"coordinates":[[[36.129807692308,4.31654676259],[36.346153846154,4.31654676259],[36.346153846154,4.437829426024],[36.277196,4.436449],[36.264277,4.438206],[36.246087,4.446991],[36.236268,4.449652],[36.225726,4.4496],[36.19131,4.444924],[36.129807692308,4.444415079305],[36.129807692308,4.31654676259]]],"type":"Polygon"},"id":1173,"properties":{"parentKey":"KEN:1159308875","sourceCountryId":"KEN","syntheticOperational":true,"territoryId":"territory:catalog:50625f30f7f212aab236efb93bde51ab25643d680b8f579fb1911828650b99d6"},"type":"Feature"},{"geometry":{"coordinates":[[[35.956808638272,1.942446043165],[36.043165467626,1.942446043165],[36.172765446911,1.942446043165],[36.172765446911,2.158273381295],[35.956808638272,2.158273381295],[35.956808638272,1.942446043165]]],"type":"Polygon"},"id":1174,"properties":{"parentKey":"KEN:1159308877","sourceCountryId":"KEN","syntheticOperational":true,"territoryId":"territory:catalog:4c6d750d4990bd770c71c3e9f225c0489d01a008d7a456a7348687630804b0f5"},"type":"Feature"},{"geometry":{"coordinates":[[[38.725961538462,-4.31654676259],[38.942307692308,-4.31654676259],[38.942307692308,-4.10071942446],[38.810810810811,-4.10071942446],[38.725961538462,-4.10071942446],[38.725961538462,-4.31654676259]]],"type":"Polygon"},"id":1175,"properties":{"parentKey":"KEN:1159309927","sourceCountryId":"KEN","syntheticOperational":true,"territoryId":"territory:catalog:fb6f0a5399f6253afde38e82ff9d9410533e6998c8d577ef7e93b5dfcb911261"},"type":"Feature"},{"geometry":{"coordinates":[[[40.192076830732,-3.021582733813],[40.195844064165,-3.021582733813],[40.225108,-2.993748],[40.232921,-2.981866],[40.232107,-2.970636],[40.211274,-2.986017],[40.192076830732,-2.987913408076],[40.192076830732,-3.021582733813]]],"type":"Polygon"},"id":1176,"properties":{"parentKey":"KEN:1159309927","sourceCountryId":"KEN","syntheticOperational":true,"territoryId":"territory:catalog:2d6f26594ae0136f79cbab64adf185f7633ba39fc7307afedeb1925e14a708e8"},"type":"Feature"},{"geometry":{"coordinates":[[[38.744498597677,-0.647482014388],[38.848920863309,-0.827625828655],[38.848920863309,-0.647482014388],[38.744498597677,-0.647482014388]]],"type":"Polygon"},"id":1177,"properties":{"parentKey":"KEN:1159309927","sourceCountryId":"KEN","syntheticOperational":true,"territoryId":"territory:catalog:f4ab9a5b6016b0d2b4122572edfeae2d1f4ad643bbf0f3121874324f2e2bc8e7"},"type":"Feature"},{"geometry":{"coordinates":[[[39.543817527011,-3.021582733813],[39.759903961585,-3.021582733813],[39.759903961585,-2.805755395683],[39.628074385123,-2.805755395683],[39.543817527011,-2.805755395683],[39.543817527011,-3.021582733813]]],"type":"Polygon"},"id":1178,"properties":{"parentKey":"KEN:1159309927","sourceCountryId":"KEN","syntheticOperational":true,"territoryId":"territory:catalog:ce092431e9f502c100d67224c49daca24909ca04b40d8c38b02d78008db3c7fd"},"type":"Feature"},{"geometry":{"coordinates":[[[39.496402877698,1.726618705036],[39.712230215827,1.726618705036],[39.712230215827,1.942446043165],[39.628074385123,1.942446043165],[39.496402877698,1.942446043165],[39.496402877698,1.726618705036]]],"type":"Polygon"},"id":1179,"properties":{"parentKey":"KEN:1159308881","sourceCountryId":"KEN","syntheticOperational":true,"territoryId":"territory:catalog:ebabcc304ea9fb7b515e55f400d412f4752250c0ade4928751d6e3af8eba90c0"},"type":"Feature"},{"geometry":{"coordinates":[[[39.928057553957,-1.079136690647],[40.143884892086,-1.079136690647],[40.143884892086,-0.863309352518],[39.928057553957,-0.863309352518],[39.928057553957,-1.079136690647]]],"type":"Polygon"},"id":1180,"properties":{"parentKey":"KEN:1159308881","sourceCountryId":"KEN","syntheticOperational":true,"territoryId":"territory:catalog:8d9187cbdfc421b34870de072caded0a3ef0a4ec3bba569238e0ed80d6b40d5b"},"type":"Feature"},{"geometry":{"coordinates":[[[35.827338129496,0],[36.043165467626,0],[36.043165467626,0.215827338129],[35.827338129496,0.215827338129],[35.827338129496,0]]],"type":"Polygon"},"id":1181,"properties":{"parentKey":"KEN:1159308877","sourceCountryId":"KEN","syntheticOperational":true,"territoryId":"territory:catalog:dae7e1ff41ed080e5d0cc6663d8d76214fcd62b077efb3e0f20980788e198f83"},"type":"Feature"},{"geometry":{"coordinates":[[[37.985611510791,0.431654676259],[38.201438848921,0.431654676259],[38.201438848921,0.647482014388],[37.985611510791,0.647482014388],[37.985611510791,0.431654676259]]],"type":"Polygon"},"id":1182,"properties":{"parentKey":"KEN:1159308875","sourceCountryId":"KEN","syntheticOperational":true,"territoryId":"territory:catalog:f9f611da7ba81ceba25671d51af1c34cef0aea7a48642dfec460691133654f1c"},"type":"Feature"},{"geometry":{"coordinates":[[[38.63309352518,-0.863309352518],[38.848920863309,-0.863309352518],[38.848920863309,-0.827625828655],[38.744498597677,-0.647482014388],[38.63309352518,-0.647482014388],[38.63309352518,-0.863309352518]]],"type":"Polygon"},"id":1183,"properties":{"parentKey":"KEN:1159308875","sourceCountryId":"KEN","syntheticOperational":true,"territoryId":"territory:catalog:6022d34a68d489a26df3e2b2d61d5c9b7ef22950072d3896c77ff6fbebd84e55"},"type":"Feature"},{"geometry":{"coordinates":[[[36.474820143885,-1.942446043165],[36.604679064187,-1.942446043165],[36.690647482014,-1.942446043165],[36.690647482014,-1.726618705036],[36.474820143885,-1.726618705036],[36.474820143885,-1.942446043165]]],"type":"Polygon"},"id":1184,"properties":{"parentKey":"KEN:1159308877","sourceCountryId":"KEN","syntheticOperational":true,"territoryId":"territory:catalog:728fcc5ae39f117016314e3f1845bf8f6e9aa1bf3665d8d3c78e11e82c678781"},"type":"Feature"},{"geometry":{"coordinates":[[[38.332333533293,2.158273381295],[38.548290341932,2.158273381295],[38.548290341932,2.374100719424],[38.332333533293,2.374100719424],[38.332333533293,2.158273381295]]],"type":"Polygon"},"id":1185,"properties":{"parentKey":"KEN:1159308875","sourceCountryId":"KEN","syntheticOperational":true,"territoryId":"territory:catalog:997713945b5f3a0ce058544b8d7bdfe16a8ac7ff94ead067f4681899dfdc19e6"},"type":"Feature"},{"geometry":{"coordinates":[[[36.906474820144,0.668839847412],[36.908838,0.672156],[36.915659,0.67908],[36.918605,0.682904],[36.919845,0.689209],[36.920362,0.697167],[36.918191,0.718509],[36.918605,0.733444],[36.922636,0.751737],[36.926563,0.75675],[36.931679,0.759541],[36.937415,0.759592],[36.948732,0.75768],[36.954778,0.757215],[36.960979,0.757422],[37.035807,0.772925],[37.058286,0.779849],[37.064642,0.782898],[37.074099,0.788789],[37.07906,0.791115],[37.084641,0.792458],[37.09601,0.79313],[37.104537,0.792768],[37.109653,0.791735],[37.114458,0.789875],[37.122302158273,0.784777706099],[37.122302158273,0.863309352518],[36.906474820144,0.863309352518],[36.906474820144,0.668839847412]]],"type":"Polygon"},"id":1186,"properties":{"parentKey":"KEN:1159308877","sourceCountryId":"KEN","syntheticOperational":true,"territoryId":"territory:catalog:3a6e14251388f5dfea9c1c163e09ab710f02ab8e4548e6390873658005c1fa00"},"type":"Feature"},{"geometry":{"coordinates":[[[35.827338129496,-1.294964028777],[36.043165467626,-1.294964028777],[36.043165467626,-1.079136690647],[35.827338129496,-1.079136690647],[35.827338129496,-1.294964028777]]],"type":"Polygon"},"id":1187,"properties":{"parentKey":"KEN:1159308877","sourceCountryId":"KEN","syntheticOperational":true,"territoryId":"territory:catalog:ac31c62fcac24e9f33568b683c8e59303af3af15d371f49dd0c6787e5a7a8d43"},"type":"Feature"},{"geometry":{"coordinates":[[[36.474820143885,-1.726618705036],[36.690647482014,-1.726618705036],[36.690647482014,-1.510791366906],[36.474820143885,-1.510791366906],[36.474820143885,-1.726618705036]]],"type":"Polygon"},"id":1188,"properties":{"parentKey":"KEN:1159308877","sourceCountryId":"KEN","syntheticOperational":true,"territoryId":"territory:catalog:ac6747add70ea81e36f4c7afd989cb0de8abc4d734a43afa01f56508e314d100"},"type":"Feature"},{"geometry":{"coordinates":[[[39.277841,1.452625],[39.279391,1.441592],[39.280575539568,1.438424532996],[39.280575539568,1.455748939556],[39.277841,1.452625]]],"type":"Polygon"},"id":1189,"properties":{"parentKey":"KEN:1159308881","sourceCountryId":"KEN","syntheticOperational":true,"territoryId":"territory:catalog:92eea445165ef66a3d5c248085a7e2db5292a3ef01adcf6c126b1644399b7017"},"type":"Feature"},{"geometry":{"coordinates":[[[34.573829531813,3.021582733813],[34.789915966387,3.021582733813],[34.789915966387,3.237410071942],[34.573829531813,3.237410071942],[34.573829531813,3.021582733813]]],"type":"Polygon"},"id":1190,"properties":{"parentKey":"KEN:1159308877","sourceCountryId":"KEN","syntheticOperational":true,"territoryId":"territory:catalog:0f31b91bf17796a5db87c1b8bec7e596059e7c5f71680e00ca2c9fdca1e21a8a"},"type":"Feature"},{"geometry":{"coordinates":[[[40.047871605321,-1.510791366906],[40.083838,-1.586414],[40.09221,-1.597732],[40.105697,-1.611012],[40.113449,-1.626154],[40.115619,-1.690181],[40.12151,-1.716794],[40.123112,-1.717466],[40.120477,-1.725527],[40.119553265209,-1.726618705036],[40.143884892086,-1.726618705036],[40.143884892086,-1.510791366906],[40.047871605321,-1.510791366906]]],"type":"Polygon"},"id":1191,"properties":{"parentKey":"KEN:1159308881","sourceCountryId":"KEN","syntheticOperational":true,"territoryId":"territory:catalog:e81b8625b36733e528456f8f33bbf44429a49bf3d1b419d46ec33790ceda35c0"},"type":"Feature"},{"geometry":{"coordinates":[[[38.848920863309,-0.21582733813],[39.064748201439,-0.21582733813],[39.064748201439,-0.040113024718],[39.057079,-0.037879],[39.026331,-0.037879],[38.99455,-0.043615],[38.978686,-0.048886],[38.967989,-0.055293],[38.960392,-0.066456],[38.954088,-0.078858],[38.946285,-0.088935],[38.933831,-0.093121],[38.848920863309,-0.080520682669],[38.848920863309,-0.21582733813]]],"type":"Polygon"},"id":1192,"properties":{"parentKey":"KEN:1159309927","sourceCountryId":"KEN","syntheticOperational":true,"territoryId":"territory:catalog:acbc7eb511be6a6f4db83182a34248a630bad99530da677c3184845cb2961001"},"type":"Feature"},{"geometry":{"coordinates":[[[36.820635872825,-2.158273381295],[37.036592681464,-2.158273381295],[37.036592681464,-1.942446043165],[36.906474820144,-1.942446043165],[36.820635872825,-1.942446043165],[36.820635872825,-2.158273381295]]],"type":"Polygon"},"id":1193,"properties":{"parentKey":"KEN:1159308877","sourceCountryId":"KEN","syntheticOperational":true,"territoryId":"territory:catalog:e4c73d88e061dc7cc10cc3dd78e046d6f50990fec6197c1cdf9f8d7d721b060a"},"type":"Feature"},{"geometry":{"coordinates":[[[35.291457363598,4.964028776978],[35.306859205776,4.964028776978],[35.306859205776,4.972534219476],[35.29858727147,4.967966164514],[35.291457363598,4.964028776978]]],"type":"Polygon"},"id":1194,"properties":{"parentKey":"KEN:1159308877","sourceCountryId":"KEN","syntheticOperational":true,"territoryId":"territory:catalog:417ea31645e1681760a28dbbfb9cdc1b3526f3e5f6d39b92fd43fe5b18652081"},"type":"Feature"},{"geometry":{"coordinates":[[[38.980203959208,1.942446043165],[39.047493350875,1.942446043165],[39.026486,1.974376],[38.996101,2.033365],[38.982251,2.075403],[38.980203959208,2.079233799334],[38.980203959208,1.942446043165]]],"type":"Polygon"},"id":1195,"properties":{"parentKey":"KEN:1159308875","sourceCountryId":"KEN","syntheticOperational":true,"territoryId":"territory:catalog:e68da2855148110567be16486fede545014bd2766083aa92b4fa5eda131c9b27"},"type":"Feature"},{"geometry":{"coordinates":[[[34.403850928677,0.215827338129],[34.404081,0.215439],[34.458548,0.160456],[34.460874,0.155908],[34.460719,0.150947],[34.457618,0.134927],[34.460564,0.128778],[34.46847,0.121905],[34.486609,0.11467],[34.512963,0.098289],[34.518131,0.093535],[34.520302,0.089246],[34.521387,0.083975],[34.520922,0.0786],[34.518596,0.067438],[34.518441,0.036949],[34.514876,0.026717],[34.51007,0.017829],[34.508313,0.013023],[34.505832,0.003669],[34.505367,0],[34.532374100719,0],[34.532374100719,0.215827338129],[34.403850928677,0.215827338129]]],"type":"Polygon"},"id":1196,"properties":{"parentKey":"KEN:1159308879","sourceCountryId":"KEN","syntheticOperational":true,"territoryId":"territory:catalog:c061caa4ca23c58255d9a9445dc887ee54af601fbe2eab40eab253ecb6cbd6b4"},"type":"Feature"},{"geometry":{"coordinates":[[[35.092981403719,2.158273381295],[35.308938212358,2.158273381295],[35.308938212358,2.374100719424],[35.092981403719,2.374100719424],[35.092981403719,2.158273381295]]],"type":"Polygon"},"id":1197,"properties":{"parentKey":"KEN:1159308877","sourceCountryId":"KEN","syntheticOperational":true,"territoryId":"territory:catalog:5bcbbb8500b802fb12d9ed2f5c091eded7efea2639eda0bd989fa8941a400b04"},"type":"Feature"},{"geometry":{"coordinates":[[[35.179856115108,0.863309352518],[35.395683453237,0.863309352518],[35.395683453237,1.079136690647],[35.179856115108,1.079136690647],[35.179856115108,0.863309352518]]],"type":"Polygon"},"id":1198,"properties":{"parentKey":"KEN:1159308877","sourceCountryId":"KEN","syntheticOperational":true,"territoryId":"territory:catalog:5f8528527b97476c51df4d7ba6ae87ed56ab3de710cb2ea07791fd6b3a00ec6d"},"type":"Feature"},{"geometry":{"coordinates":[[[36.734693877551,2.805755395683],[36.820635872825,2.805755395683],[36.950780312125,2.805755395683],[36.950780312125,3.021582733813],[36.734693877551,3.021582733813],[36.734693877551,2.805755395683]]],"type":"Polygon"},"id":1199,"properties":{"parentKey":"KEN:1159308875","sourceCountryId":"KEN","syntheticOperational":true,"territoryId":"territory:catalog:d7174fcd1173f533ad23b5177809023a21f64a65ede37288f02369988f7f59c4"},"type":"Feature"},{"geometry":{"coordinates":[[[40.540540540541,3.453237410072],[40.62424969988,3.453237410072],[40.756756756757,3.453237410072],[40.756756756757,3.669064748201],[40.540540540541,3.669064748201],[40.540540540541,3.453237410072]]],"type":"Polygon"},"id":1200,"properties":{"parentKey":"KEN:1159308881","sourceCountryId":"KEN","syntheticOperational":true,"territoryId":"territory:catalog:417bd598979d955e613a5b6ee3e99938debb41ac8b01582477095a1d6c2b58d0"},"type":"Feature"},{"geometry":{"coordinates":[[[39.712230215827,-0.863309352518],[39.843810421943,-0.863309352518],[39.845506,-0.859844],[39.847057,-0.853849],[39.848762,-0.839173],[39.841941,-0.839173],[39.833982,-0.840465],[39.830985,-0.83044],[39.828246,-0.798866],[39.815482,-0.765793],[39.813363,-0.750807],[39.821425,-0.736802],[39.812382,-0.727294],[39.811348,-0.711326],[39.812898,-0.696288],[39.811503,-0.689622],[39.783006782669,-0.647482014388],[39.712230215827,-0.647482014388],[39.712230215827,-0.863309352518]]],"type":"Polygon"},"id":1201,"properties":{"parentKey":"KEN:1159309927","sourceCountryId":"KEN","syntheticOperational":true,"territoryId":"territory:catalog:b47f9474b20b4100cca1967e488c9d3aaef5c4f2a1de2923fed665c605ee0156"},"type":"Feature"},{"geometry":{"coordinates":[[[40.889423076923,4.10071942446],[40.972972972973,4.10071942446],[40.990651656609,4.10071942446],[40.979751,4.110758],[40.963628,4.12037],[40.915879,4.136648],[40.897689,4.145924],[40.889423076923,4.154024364676],[40.889423076923,4.10071942446]]],"type":"Polygon"},"id":1202,"properties":{"parentKey":"KEN:1159308881","sourceCountryId":"KEN","syntheticOperational":true,"territoryId":"territory:catalog:6554f7f91c94e359a0cf8de62a28bcee82335678f88f6e229b23307837689f92"},"type":"Feature"},{"geometry":{"coordinates":[[[36.864864864865,3.884892086331],[37.081081081081,3.884892086331],[37.081081081081,4.10071942446],[36.995192307692,4.10071942446],[36.864864864865,4.10071942446],[36.864864864865,3.884892086331]]],"type":"Polygon"},"id":1203,"properties":{"parentKey":"KEN:1159308875","sourceCountryId":"KEN","syntheticOperational":true,"territoryId":"territory:catalog:3d14428e455450cf0df32c86b1cb187a7d4408ac7e9a075b0258213acd21f8e2"},"type":"Feature"},{"geometry":{"coordinates":[[[37.338129496403,-1.079136690647],[37.553956834532,-1.079136690647],[37.553956834532,-0.863309352518],[37.338129496403,-0.863309352518],[37.338129496403,-0.974843771703],[37.340233,-0.973894],[37.356976,-0.963507],[37.361317,-0.961698],[37.365348,-0.961543],[37.368913,-0.964179],[37.37191,-0.968003],[37.373564,-0.972964],[37.373564,-0.979785],[37.372014,-0.987381],[37.36819,-0.997251],[37.363642,-1.019059],[37.364262,-1.038799],[37.338129496403,-1.075414980259],[37.338129496403,-1.079136690647]]],"type":"Polygon"},"id":1204,"properties":{"parentKey":"KEN:1159308875","sourceCountryId":"KEN","syntheticOperational":true,"territoryId":"territory:catalog:cfa1190c872f8d37c9c90154f0043734d0dd492f673474aa87938659f5d82a86"},"type":"Feature"},{"geometry":{"coordinates":[[[38.201438848921,0.863309352518],[38.41726618705,0.863309352518],[38.41726618705,1.079136690647],[38.201438848921,1.079136690647],[38.201438848921,0.863309352518]]],"type":"Polygon"},"id":1205,"properties":{"parentKey":"KEN:1159308875","sourceCountryId":"KEN","syntheticOperational":true,"territoryId":"territory:catalog:c4177866fed663811352143ad5243f25a9303d2f419e151bf9a0edcf481200b0"},"type":"Feature"},{"geometry":{"coordinates":[[[38.848920863309,-0.647482014388],[39.064748201439,-0.647482014388],[39.064748201439,-0.431654676259],[38.848920863309,-0.431654676259],[38.848920863309,-0.647482014388]]],"type":"Polygon"},"id":1206,"properties":{"parentKey":"KEN:1159309927","sourceCountryId":"KEN","syntheticOperational":true,"territoryId":"territory:catalog:fad421b711f94acc8b1b198014cfbbd08ab8d3a11464d6fd426a1fea4fb3f451"},"type":"Feature"},{"geometry":{"coordinates":[[[36.995192307692,4.10071942446],[37.081081081081,4.10071942446],[37.211538461538,4.10071942446],[37.211538461538,4.218288569042],[37.166031,4.247545],[37.111874,4.282298],[37.105983,4.283848],[37.099988,4.283693],[37.094821,4.284882],[37.091617,4.290256],[37.086449,4.312477],[37.084799504934,4.31654676259],[36.995192307692,4.31654676259],[36.995192307692,4.10071942446]]],"type":"Polygon"},"id":1207,"properties":{"parentKey":"KEN:1159308875","sourceCountryId":"KEN","syntheticOperational":true,"territoryId":"territory:catalog:f0de8ae47856ef0a1176af270048472c1f0c18b1c48e5da73a612031b99c1b00"},"type":"Feature"},{"geometry":{"coordinates":[[[34.748201438849,0.863309352518],[34.759936791832,0.863309352518],[34.759563,0.869095],[34.760029,0.878758],[34.761889,0.890747],[34.760649,0.897465],[34.757858,0.902219],[34.753517,0.904596],[34.748246,0.905836],[34.748201438849,0.905842095281],[34.748201438849,0.863309352518]]],"type":"Polygon"},"id":1208,"properties":{"parentKey":"KEN:1159308879","sourceCountryId":"KEN","syntheticOperational":true,"territoryId":"territory:catalog:de70b31e62e3abfcd5c96082b04beac2ebe5ac5d4db59f1e5d102ba03e4ee3ec"},"type":"Feature"},{"geometry":{"coordinates":[[[40.575539568345,1.079136690647],[40.791366906475,1.079136690647],[40.791366906475,1.294964028777],[40.575539568345,1.294964028777],[40.575539568345,1.079136690647]]],"type":"Polygon"},"id":1209,"properties":{"parentKey":"KEN:1159308881","sourceCountryId":"KEN","syntheticOperational":true,"territoryId":"territory:catalog:ad5d43ecbde547cbc54116ce97b62f2d8e991e2a8b1fa1137e5e59123d7ee504"},"type":"Feature"},{"geometry":{"coordinates":[[[37.684463107379,1.942446043165],[37.769784172662,1.942446043165],[37.900419916017,1.942446043165],[37.900419916017,2.158273381295],[37.684463107379,2.158273381295],[37.684463107379,1.942446043165]]],"type":"Polygon"},"id":1210,"properties":{"parentKey":"KEN:1159308875","sourceCountryId":"KEN","syntheticOperational":true,"territoryId":"territory:catalog:35edd1ac0bf8b8fef39886d986a98043550812de0c216361c07e0e2fae76449c"},"type":"Feature"},{"geometry":{"coordinates":[[[38.41726618705,1.510791366906],[38.63309352518,1.510791366906],[38.63309352518,1.726618705036],[38.41726618705,1.726618705036],[38.41726618705,1.510791366906]]],"type":"Polygon"},"id":1211,"properties":{"parentKey":"KEN:1159308875","sourceCountryId":"KEN","syntheticOperational":true,"territoryId":"territory:catalog:414f23645214d702176e5410c321b579a7f570b96aa5beea2af51e862d7b6566"},"type":"Feature"},{"geometry":{"coordinates":[[[36.906474820144,-0.647482014388],[37.122302158273,-0.647482014388],[37.122302158273,-0.431654676259],[36.906474820144,-0.431654676259],[36.906474820144,-0.647482014388]]],"type":"Polygon"},"id":1212,"properties":{"parentKey":"KEN:1159310037","sourceCountryId":"KEN","syntheticOperational":true,"territoryId":"territory:catalog:3f9d3412bd458fd0e0f322a78df0a362ca8d3327bf22467eaaee2e644a246f55"},"type":"Feature"},{"geometry":{"coordinates":[[[41.223021582734,-1.294964028777],[41.307871074568,-1.294964028777],[41.282989,-1.262816],[41.237307,-1.203905],[41.223021582734,-1.185438491323],[41.223021582734,-1.294964028777]]],"type":"Polygon"},"id":1213,"properties":{"parentKey":"KEN:1159308881","sourceCountryId":"KEN","syntheticOperational":true,"territoryId":"territory:catalog:d665108e12b546868a7b569ea3b0d195d6078f124b287e22c2871e12af9d0b2d"},"type":"Feature"},{"geometry":{"coordinates":[[[37.338129496403,0.863309352518],[37.553956834532,0.863309352518],[37.553956834532,1.079136690647],[37.338129496403,1.079136690647],[37.338129496403,0.863309352518]]],"type":"Polygon"},"id":1214,"properties":{"parentKey":"KEN:1159308877","sourceCountryId":"KEN","syntheticOperational":true,"territoryId":"territory:catalog:0e6730ea5241f4dae13af2dccc94bd9316926841f0aa08ab1396f09e4b62d9e0"},"type":"Feature"},{"geometry":{"coordinates":[[[36.906474820144,-1.172098420287],[36.910078,-1.169489],[36.93726,-1.140137],[36.942531,-1.139362],[36.947492,-1.140137],[36.954778,-1.144478],[36.957104,-1.145563],[36.966871,-1.148612],[36.970281,-1.150627],[36.971987,-1.153831],[36.971521,-1.158172],[36.96191,-1.174657],[36.960669,-1.179979],[36.960359,-1.185405],[36.962065,-1.190211],[36.965785,-1.193622],[36.982735,-1.204061],[36.999478,-1.21176],[37.007075,-1.214034],[37.022268,-1.216101],[37.03653,-1.216411],[37.044954,-1.215584],[37.051775,-1.214034],[37.064642,-1.20928],[37.093685,-1.203595],[37.106707,-1.211244],[37.116784,-1.219357],[37.122302158273,-1.226017156264],[37.122302158273,-1.079136690647],[36.906474820144,-1.079136690647],[36.906474820144,-1.172098420287]]],"type":"Polygon"},"id":1215,"properties":{"parentKey":"KEN:1159310037","sourceCountryId":"KEN","syntheticOperational":true,"territoryId":"territory:catalog:92da8f2cb3d75989d2acbf0f55437f1ea02f505310a9dd17dafb79d6775132ea"},"type":"Feature"},{"geometry":{"coordinates":[[[37.553956834532,0.215827338129],[37.769784172662,0.215827338129],[37.769784172662,0.431654676259],[37.553956834532,0.431654676259],[37.553956834532,0.215827338129]]],"type":"Polygon"},"id":1216,"properties":{"parentKey":"KEN:1159308875","sourceCountryId":"KEN","syntheticOperational":true,"territoryId":"territory:catalog:f3e438df0333a2cb740922649793f0b84f6e4695978d27bdac586c955695455a"},"type":"Feature"},{"geometry":{"coordinates":[[[37.338129496403,1.510791366906],[37.512617451033,1.510791366906],[37.478777,1.590885],[37.467615,1.606776],[37.460949,1.6137],[37.419039,1.646747],[37.39346,1.675299],[37.388344,1.683748],[37.384933,1.69367],[37.380326746596,1.726618705036],[37.338129496403,1.726618705036],[37.338129496403,1.510791366906]]],"type":"Polygon"},"id":1217,"properties":{"parentKey":"KEN:1159308877","sourceCountryId":"KEN","syntheticOperational":true,"territoryId":"territory:catalog:3aaaf31ac6346261fa4453ff1efae419564b71332d1b46b98527bc181cfc509a"},"type":"Feature"},{"geometry":{"coordinates":[[[34.31654676259,0.431654676259],[34.532374100719,0.431654676259],[34.532374100719,0.647482014388],[34.31654676259,0.647482014388],[34.31654676259,0.431654676259]]],"type":"Polygon"},"id":1218,"properties":{"parentKey":"KEN:1159308879","sourceCountryId":"KEN","syntheticOperational":true,"territoryId":"territory:catalog:cb24b9f4f791a2b9712286394c4ba9ac41bbef0223c64ec0b243365ca8c576e5"},"type":"Feature"},{"geometry":{"coordinates":[[[36.474820143885,0.215827338129],[36.690647482014,0.215827338129],[36.690647482014,0.431654676259],[36.474820143885,0.431654676259],[36.474820143885,0.215827338129]]],"type":"Polygon"},"id":1219,"properties":{"parentKey":"KEN:1159308877","sourceCountryId":"KEN","syntheticOperational":true,"territoryId":"territory:catalog:27a593474b8cf07bf769f0bcc106298a6475075195eb2a5a34be9ab0ba96b155"},"type":"Feature"},{"geometry":{"coordinates":[[[40.0599880024,1.942446043165],[40.143884892086,1.942446043165],[40.275944811038,1.942446043165],[40.275944811038,2.158273381295],[40.0599880024,2.158273381295],[40.0599880024,1.942446043165]]],"type":"Polygon"},"id":1220,"properties":{"parentKey":"KEN:1159308881","sourceCountryId":"KEN","syntheticOperational":true,"territoryId":"territory:catalog:c0b9ffda5d6f11339070c3b65a28f2104ad0b5f4e30ff89c7018f47034dad8e5"},"type":"Feature"},{"geometry":{"coordinates":[[[35.956808638272,2.589928057554],[36.172765446911,2.589928057554],[36.172765446911,2.805755395683],[36.08643457383,2.805755395683],[35.956808638272,2.805755395683],[35.956808638272,2.589928057554]]],"type":"Polygon"},"id":1221,"properties":{"parentKey":"KEN:1159308877","sourceCountryId":"KEN","syntheticOperational":true,"territoryId":"territory:catalog:0288a31e42e7e57e543ea1c552ed9b2ba78f22e280b67e14707e03af09b58a7e"},"type":"Feature"},{"geometry":{"coordinates":[[[38.63309352518,-0.647482014388],[38.744498597677,-0.647482014388],[38.63309352518,-0.455291828063],[38.63309352518,-0.647482014388]]],"type":"Polygon"},"id":1222,"properties":{"parentKey":"KEN:1159308875","sourceCountryId":"KEN","syntheticOperational":true,"territoryId":"territory:catalog:f1dd00b7038db8729826e23ed94936914d2af0d638aeea9323c3bf4428367df6"},"type":"Feature"},{"geometry":{"coordinates":[[[35.827338129496,1.079136690647],[36.043165467626,1.079136690647],[36.043165467626,1.294964028777],[35.827338129496,1.294964028777],[35.827338129496,1.079136690647]]],"type":"Polygon"},"id":1223,"properties":{"parentKey":"KEN:1159308877","sourceCountryId":"KEN","syntheticOperational":true,"territoryId":"territory:catalog:0bb15a4da839a358aa8b02735c949c0e3b0b5611118aaf21a9d1c9d72e73febd"},"type":"Feature"},{"geometry":{"coordinates":[[[38.031212484994,-3.237410071942],[38.247298919568,-3.237410071942],[38.247298919568,-3.021582733813],[38.031212484994,-3.021582733813],[38.031212484994,-3.237410071942]]],"type":"Polygon"},"id":1224,"properties":{"parentKey":"KEN:1159309927","sourceCountryId":"KEN","syntheticOperational":true,"territoryId":"territory:catalog:5d8ef2c20a1d965668772eaee710a846c50b90c327f08ae20281a5b582ef4ae9"},"type":"Feature"},{"geometry":{"coordinates":[[[34.10071942446,0],[34.31654676259,0],[34.31654676259,0.215827338129],[34.10071942446,0.215827338129],[34.10071942446,0]]],"type":"Polygon"},"id":1225,"properties":{"parentKey":"KEN:1159310041","sourceCountryId":"KEN","syntheticOperational":true,"territoryId":"territory:catalog:b4c9d08f6013b3ae45885a6654ba4e4d42809f834be4f06ce92a26a60c1a5da9"},"type":"Feature"},{"geometry":{"coordinates":[[[39.496402877698,1.510791366906],[39.712230215827,1.510791366906],[39.712230215827,1.726618705036],[39.496402877698,1.726618705036],[39.496402877698,1.510791366906]]],"type":"Polygon"},"id":1226,"properties":{"parentKey":"KEN:1159308881","sourceCountryId":"KEN","syntheticOperational":true,"territoryId":"territory:catalog:f56a567933454213bf061b6739aedbc5e2da0c9ae683af741343a40eb4d479e1"},"type":"Feature"},{"geometry":{"coordinates":[[[39.243243243243,-3.669064748201],[39.459459459459,-3.669064748201],[39.459459459459,-3.453237410072],[39.327731092437,-3.453237410072],[39.243243243243,-3.453237410072],[39.243243243243,-3.669064748201]]],"type":"Polygon"},"id":1227,"properties":{"parentKey":"KEN:1159309927","sourceCountryId":"KEN","syntheticOperational":true,"territoryId":"territory:catalog:3b7aac45062393b7743553d640f56b93467c38cd01eac0a80a3054babf8128ab"},"type":"Feature"},{"geometry":{"coordinates":[[[39.031965481018,-3.021582733813],[39.040284,-3.021831],[39.04055691673,-3.021582733813],[39.031965481018,-3.021582733813]]],"type":"Polygon"},"id":1228,"properties":{"parentKey":"KEN:1159308875","sourceCountryId":"KEN","syntheticOperational":true,"territoryId":"territory:catalog:2da0528169e5f653988af1193d0da55cc17f17924aca527275c90be139a31914"},"type":"Feature"},{"geometry":{"coordinates":[[[34.744437763079,4.532374100719],[34.831730769231,4.532374100719],[34.960914010824,4.532374100719],[34.960914010824,4.748201438849],[34.744437763079,4.748201438849],[34.744437763079,4.532374100719]]],"type":"Polygon"},"id":1229,"properties":{"parentKey":"KEN:1159308877","sourceCountryId":"KEN","syntheticOperational":true,"territoryId":"territory:catalog:2343c47e78fe39c16068454e1acb49343d9c261dcc2231a9b86f8ea9ec629a97"},"type":"Feature"},{"geometry":{"coordinates":[[[38.989095755564,-4.532374100719],[39.020388,-4.554915],[39.07396271798,-4.593441930285],[39.07396271798,-4.532374100719],[38.989095755564,-4.532374100719]]],"type":"Polygon"},"id":1230,"properties":{"parentKey":"KEN:1159309927","sourceCountryId":"KEN","syntheticOperational":true,"territoryId":"territory:catalog:2ee680f135efc0c3f0269252dc4b434cd6a62f96fc239ba8d87a969870688e31"},"type":"Feature"},{"geometry":{"coordinates":[[[34.861193344429,2.374100719424],[34.865603,2.347506],[34.877024595081,2.319971159564],[34.877024595081,2.374100719424],[34.861193344429,2.374100719424]]],"type":"Polygon"},"id":1231,"properties":{"parentKey":"KEN:1159308877","sourceCountryId":"KEN","syntheticOperational":true,"territoryId":"territory:catalog:c6bfba55ae9c816300a9e92bb6a75a09d8fd506a37627fbfa120fc679996403a"},"type":"Feature"},{"geometry":{"coordinates":[[[36.67924335451,-1.294964028777],[36.690647482014,-1.294964028777],[36.690647482014,-1.282611442565],[36.67924335451,-1.294964028777]]],"type":"Polygon"},"id":1232,"properties":{"parentKey":"KEN:1159310039","sourceCountryId":"KEN","syntheticOperational":true,"territoryId":"territory:catalog:4587e2c200a5598220619c5b2d871484c5ebd0ba62c65a0b529fbd1a8f51fdbf"},"type":"Feature"},{"geometry":{"coordinates":[[[36.906474820144,0.215827338129],[37.122302158273,0.215827338129],[37.122302158273,0.431654676259],[36.906474820144,0.431654676259],[36.906474820144,0.215827338129]]],"type":"Polygon"},"id":1233,"properties":{"parentKey":"KEN:1159308877","sourceCountryId":"KEN","syntheticOperational":true,"territoryId":"territory:catalog:c7e409c30cca1b8e54f39a81364e63ef8a09a520d11ca7c6414fe1122db6f113"},"type":"Feature"},{"geometry":{"coordinates":[[[36.208100914431,-0.21582733813],[36.258992805755,-0.21582733813],[36.258992805755,-0.004289389232],[36.256526,-0.009043],[36.243297,-0.049609],[36.240972,-0.054312],[36.226399,-0.078289],[36.221903,-0.097616],[36.218958,-0.104593],[36.215547,-0.116943],[36.212601,-0.141076],[36.214617,-0.191823],[36.212756,-0.20314],[36.208100914431,-0.21582733813]]],"type":"Polygon"},"id":1234,"properties":{"parentKey":"KEN:1159310037","sourceCountryId":"KEN","syntheticOperational":true,"territoryId":"territory:catalog:765f05570c9c13f1d675732b6d05f5a2ffbcda2f667f369d754b93b907ac56bd"},"type":"Feature"},{"geometry":{"coordinates":[[[39.280575539568,0],[39.496402877698,0],[39.496402877698,0.215827338129],[39.280575539568,0.215827338129],[39.280575539568,0]]],"type":"Polygon"},"id":1235,"properties":{"parentKey":"KEN:1159308881","sourceCountryId":"KEN","syntheticOperational":true,"territoryId":"territory:catalog:31eb869eb8bf998db7f2178b45706030997bf6b945a5dd81204ff3822e3d9737"},"type":"Feature"},{"geometry":{"coordinates":[[[40.275944811038,1.942446043165],[40.359712230216,1.942446043165],[40.491901619676,1.942446043165],[40.491901619676,2.158273381295],[40.275944811038,2.158273381295],[40.275944811038,1.942446043165]]],"type":"Polygon"},"id":1236,"properties":{"parentKey":"KEN:1159308881","sourceCountryId":"KEN","syntheticOperational":true,"territoryId":"territory:catalog:e6df006e4980f974b9e07ac12e80fe5f2a8e8e6d2dd41e2f71cb1c373c73361e"},"type":"Feature"},{"geometry":{"coordinates":[[[38.116376724655,-2.374100719424],[38.332333533293,-2.374100719424],[38.332333533293,-2.158273381295],[38.116376724655,-2.158273381295],[38.116376724655,-2.374100719424]]],"type":"Polygon"},"id":1237,"properties":{"parentKey":"KEN:1159308875","sourceCountryId":"KEN","syntheticOperational":true,"territoryId":"territory:catalog:c109674e0a3fb7d105e4d0c1ca7690a538de5d2e75acfa38c6421c7263f53743"},"type":"Feature"},{"geometry":{"coordinates":[[[40.923815236953,-2.049467807066],[40.926768,-2.059259],[40.945323,-2.073175],[40.966645,-2.046563],[40.97024766593,-1.942446043165],[40.923815236953,-1.942446043165],[40.923815236953,-2.049467807066]]],"type":"Polygon"},"id":1238,"properties":{"parentKey":"KEN:1159309927","sourceCountryId":"KEN","syntheticOperational":true,"territoryId":"territory:catalog:c9c02c4332d52c04bb09c591e737b64c704f08d5310ecdc2428373593ee281a6"},"type":"Feature"},{"geometry":{"coordinates":[[[39.327731092437,2.805755395683],[39.412117576485,2.805755395683],[39.543817527011,2.805755395683],[39.543817527011,3.021582733813],[39.327731092437,3.021582733813],[39.327731092437,2.805755395683]]],"type":"Polygon"},"id":1239,"properties":{"parentKey":"KEN:1159308881","sourceCountryId":"KEN","syntheticOperational":true,"territoryId":"territory:catalog:5030af12732c1e0d67b0ad6c64a9ff7be7ee9b08988246a5048c59100a13ef42"},"type":"Feature"},{"geometry":{"coordinates":[[[34.182692307692,4.10071942446],[34.27027027027,4.10071942446],[34.399038461538,4.10071942446],[34.399038461538,4.31654676259],[34.182692307692,4.31654676259],[34.182692307692,4.10071942446]]],"type":"Polygon"},"id":1240,"properties":{"parentKey":"KEN:1159308877","sourceCountryId":"KEN","syntheticOperational":true,"territoryId":"territory:catalog:46aa81deba08412b9972136a0c7aca4b2c7a9f90c6b6dca9b7c0a898e1a1cf94"},"type":"Feature"},{"geometry":{"coordinates":[[[40.575539568345,-1.726618705036],[40.791366906475,-1.726618705036],[40.791366906475,-1.510791366906],[40.575539568345,-1.510791366906],[40.575539568345,-1.726618705036]]],"type":"Polygon"},"id":1241,"properties":{"parentKey":"KEN:1159308881","sourceCountryId":"KEN","syntheticOperational":true,"territoryId":"territory:catalog:a9f3dfe7dbc704dafc5aa7185723e7452ab2ab477bfc1ef5e49d4182fbac7334"},"type":"Feature"},{"geometry":{"coordinates":[[[37.81512605042,-3.021582733813],[37.849159414888,-3.021582733813],[37.850434,-3.010049],[37.910350630549,-2.805755395683],[37.900419916017,-2.805755395683],[37.81512605042,-2.805755395683],[37.81512605042,-3.021582733813]]],"type":"Polygon"},"id":1242,"properties":{"parentKey":"KEN:1159308877","sourceCountryId":"KEN","syntheticOperational":true,"territoryId":"territory:catalog:e077d9bfa70f64f17c48ea46b54e74efa8e4f55bd4bbf96a165ee73099b25ca9"},"type":"Feature"},{"geometry":{"coordinates":[[[37.553956834532,-1.726618705036],[37.769784172662,-1.726618705036],[37.769784172662,-1.510791366906],[37.553956834532,-1.510791366906],[37.553956834532,-1.726618705036]]],"type":"Polygon"},"id":1243,"properties":{"parentKey":"KEN:1159308875","sourceCountryId":"KEN","syntheticOperational":true,"territoryId":"territory:catalog:0003fec9392171e22414f16f5fcb005c52ae42b5cfaf233c000ac7488d559e29"},"type":"Feature"},{"geometry":{"coordinates":[[[34.080383034413,0.431654676259],[34.10071942446,0.431654676259],[34.10071942446,0.456766709866],[34.097381,0.451808],[34.080383034413,0.431654676259]]],"type":"Polygon"},"id":1244,"properties":{"parentKey":"KEN:1159308879","sourceCountryId":"KEN","syntheticOperational":true,"territoryId":"territory:catalog:7b617a2108610e6a14be09a15a7fea78d609db5c676b76b6833ce58dae479674"},"type":"Feature"},{"geometry":{"coordinates":[[[36.258992805755,-0.863309352518],[36.474820143885,-0.863309352518],[36.474820143885,-0.647482014388],[36.258992805755,-0.647482014388],[36.258992805755,-0.863309352518]]],"type":"Polygon"},"id":1245,"properties":{"parentKey":"KEN:1159308877","sourceCountryId":"KEN","syntheticOperational":true,"territoryId":"territory:catalog:c768482dfd8563660cc210363619bbfef693045401b4e03bcd4358ac09d0dca2"},"type":"Feature"},{"geometry":{"coordinates":[[[35.827338129496,0.863309352518],[36.043165467626,0.863309352518],[36.043165467626,1.079136690647],[35.827338129496,1.079136690647],[35.827338129496,0.863309352518]]],"type":"Polygon"},"id":1246,"properties":{"parentKey":"KEN:1159308877","sourceCountryId":"KEN","syntheticOperational":true,"territoryId":"territory:catalog:4e0e968dc9fa4039b466220ad6b23b1af7016fc60d2848916e29cc5ea1891182"},"type":"Feature"},{"geometry":{"coordinates":[[[37.985611510791,1.294964028777],[38.201438848921,1.294964028777],[38.201438848921,1.510791366906],[37.985611510791,1.510791366906],[37.985611510791,1.294964028777]]],"type":"Polygon"},"id":1247,"properties":{"parentKey":"KEN:1159308875","sourceCountryId":"KEN","syntheticOperational":true,"territoryId":"territory:catalog:33ea5ce74d1a4ab973060f225dd9ed0cea8643f314fec209e3322817784b0b44"},"type":"Feature"},{"geometry":{"coordinates":[[[40.192076830732,3.237410071942],[40.408163265306,3.237410071942],[40.408163265306,3.453237410072],[40.324324324324,3.453237410072],[40.192076830732,3.453237410072],[40.192076830732,3.237410071942]]],"type":"Polygon"},"id":1248,"properties":{"parentKey":"KEN:1159308881","sourceCountryId":"KEN","syntheticOperational":true,"territoryId":"territory:catalog:618cacbc84e8fd5e509d5a7f0c52d25e413b7b82aca4663c55914b1c12e0862e"},"type":"Feature"},{"geometry":{"coordinates":[[[36.258992805755,-0.431654676259],[36.386970644358,-0.431654676259],[36.387009,-0.431395],[36.386544,-0.425503],[36.382048,-0.40969],[36.380033,-0.40504],[36.377397,-0.401474],[36.373987,-0.399769],[36.370111,-0.399769],[36.340139,-0.405556],[36.335488,-0.405505],[36.332232,-0.402766],[36.329752,-0.398993],[36.327736,-0.394239],[36.324946,-0.390363],[36.32107,-0.388193],[36.315799,-0.38809],[36.310218,-0.38871],[36.288152,-0.394291],[36.27637,-0.395789],[36.270479,-0.395169],[36.265518,-0.393774],[36.261332,-0.392069],[36.258992805755,-0.390600678451],[36.258992805755,-0.431654676259]]],"type":"Polygon"},"id":1249,"properties":{"parentKey":"KEN:1159308877","sourceCountryId":"KEN","syntheticOperational":true,"territoryId":"territory:catalog:8fb4809af48d907377f08c5893cd85eb2f76cc8919bf250c7a9ec988af063d3e"},"type":"Feature"},{"geometry":{"coordinates":[[[35.177390258569,4.532374100719],[35.264423076923,4.532374100719],[35.393866506314,4.532374100719],[35.393866506314,4.748201438849],[35.177390258569,4.748201438849],[35.177390258569,4.532374100719]]],"type":"Polygon"},"id":1250,"properties":{"parentKey":"KEN:1159308877","sourceCountryId":"KEN","syntheticOperational":true,"territoryId":"territory:catalog:05ebfb4a5fb00a2dd2dbb329e221d5effb6ea30f7cbaa9a261f898d751f38cd9"},"type":"Feature"},{"geometry":{"coordinates":[[[39.844031193761,2.589928057554],[40.0599880024,2.589928057554],[40.0599880024,2.805755395683],[39.975990396158,2.805755395683],[39.844031193761,2.805755395683],[39.844031193761,2.589928057554]]],"type":"Polygon"},"id":1251,"properties":{"parentKey":"KEN:1159308881","sourceCountryId":"KEN","syntheticOperational":true,"territoryId":"territory:catalog:ea3527c43316823193a20cb1753e6fcb20ca889f64004daa14a432109abb1bfc"},"type":"Feature"},{"geometry":{"coordinates":[[[37.945945945946,3.669064748201],[38.019574857658,3.669064748201],[37.995334,3.707914],[37.976731,3.72644],[37.945945945946,3.746222395774],[37.945945945946,3.669064748201]]],"type":"Polygon"},"id":1252,"properties":{"parentKey":"KEN:1159308875","sourceCountryId":"KEN","syntheticOperational":true,"territoryId":"territory:catalog:1346e2e29e120107c28cd1d4bdbe376ffe2bb0efb7f62db8a5cf173aceb3098e"},"type":"Feature"},{"geometry":{"coordinates":[[[39.064748201439,1.726618705036],[39.192359309832,1.726618705036],[39.190042,1.729688],[39.187562,1.733796],[39.185547,1.73837],[39.17516,1.783457],[39.166116,1.802448],[39.160225,1.810226],[39.149993,1.820923],[39.146893,1.824954],[39.144257,1.829217],[39.13604,1.848079],[39.125033,1.864848],[39.121933,1.868568],[39.107308,1.882056],[39.075062,1.904484],[39.067931,1.911382],[39.064748201439,1.916219669503],[39.064748201439,1.726618705036]]],"type":"Polygon"},"id":1253,"properties":{"parentKey":"KEN:1159308875","sourceCountryId":"KEN","syntheticOperational":true,"territoryId":"territory:catalog:3eccc2c086de6ff412b32d79d6707c63e93325a9b91f44a8e1f6d9bf5b9f3f82"},"type":"Feature"},{"geometry":{"coordinates":[[[39.064748201439,-1.942446043165],[39.196160767846,-1.942446043165],[39.280575539568,-1.942446043165],[39.280575539568,-1.726618705036],[39.064748201439,-1.726618705036],[39.064748201439,-1.942446043165]]],"type":"Polygon"},"id":1254,"properties":{"parentKey":"KEN:1159309927","sourceCountryId":"KEN","syntheticOperational":true,"territoryId":"territory:catalog:9f30c8ad8d4ce88f737f0d6ffe84ed53cb199529f32d11861f9dd4da730d5067"},"type":"Feature"},{"geometry":{"coordinates":[[[38.848920863309,-0.431654676259],[39.064748201439,-0.431654676259],[39.064748201439,-0.21582733813],[38.848920863309,-0.21582733813],[38.848920863309,-0.431654676259]]],"type":"Polygon"},"id":1255,"properties":{"parentKey":"KEN:1159309927","sourceCountryId":"KEN","syntheticOperational":true,"territoryId":"territory:catalog:5c73ad635778ef18343279913675e53716f3d4df99de8e206d1a3c69af8366c3"},"type":"Feature"},{"geometry":{"coordinates":[[[40.791366906475,-1.294964028777],[41.007194244604,-1.294964028777],[41.007194244604,-1.079136690647],[40.791366906475,-1.079136690647],[40.791366906475,-1.294964028777]]],"type":"Polygon"},"id":1256,"properties":{"parentKey":"KEN:1159308881","sourceCountryId":"KEN","syntheticOperational":true,"territoryId":"territory:catalog:5f5f1820a43ac7df62414dd08545ffa6aaa41e342c51cf39a4b3959b408143aa"},"type":"Feature"},{"geometry":{"coordinates":[[[36.302521008403,2.902637169876],[36.302725,2.902459],[36.357915,2.866389],[36.380963,2.846442],[36.400497,2.81355],[36.404071926651,2.805755395683],[36.518607442977,2.805755395683],[36.518607442977,3.021582733813],[36.302521008403,3.021582733813],[36.302521008403,2.902637169876]]],"type":"Polygon"},"id":1257,"properties":{"parentKey":"KEN:1159308875","sourceCountryId":"KEN","syntheticOperational":true,"territoryId":"territory:catalog:069a166144d2a2df1adf6280ad17c93c72d5c2a08712ed6d46171babd7f9ed0a"},"type":"Feature"},{"geometry":{"coordinates":[[[40.359712230216,-1.510791366906],[40.575539568345,-1.510791366906],[40.575539568345,-1.294964028777],[40.359712230216,-1.294964028777],[40.359712230216,-1.510791366906]]],"type":"Polygon"},"id":1258,"properties":{"parentKey":"KEN:1159308881","sourceCountryId":"KEN","syntheticOperational":true,"territoryId":"territory:catalog:701a47b3459f5625cee278c1d778c51008cbf8bf3792e6e122e3173305b5b322"},"type":"Feature"},{"geometry":{"coordinates":[[[38.76424715057,1.942446043165],[38.848920863309,1.942446043165],[38.980203959208,1.942446043165],[38.980203959208,2.079233799334],[38.977446,2.084395],[38.970469,2.091087],[38.966593,2.094033],[38.963338,2.097366],[38.960392,2.101474],[38.955121,2.11677],[38.952641,2.121189],[38.94985,2.125219],[38.943184,2.132738],[38.941634,2.14266],[38.941737,2.157801],[38.941789816171,2.158273381295],[38.76424715057,2.158273381295],[38.76424715057,1.942446043165]]],"type":"Polygon"},"id":1259,"properties":{"parentKey":"KEN:1159308875","sourceCountryId":"KEN","syntheticOperational":true,"territoryId":"territory:catalog:817ca6ce6de1c75f2ee69590db35194533cec911e16c1319d4620f0e06bf8665"},"type":"Feature"},{"geometry":{"coordinates":[[[39.280575539568,0.215827338129],[39.496402877698,0.215827338129],[39.496402877698,0.431654676259],[39.280575539568,0.431654676259],[39.280575539568,0.215827338129]]],"type":"Polygon"},"id":1260,"properties":{"parentKey":"KEN:1159308881","sourceCountryId":"KEN","syntheticOperational":true,"territoryId":"territory:catalog:de696a19279a4dd6c3fdfab1084de7de48c295281094a7408a86f138ce0a36b2"},"type":"Feature"},{"geometry":{"coordinates":[[[38.848920863309,-1.942446043165],[38.980203959208,-1.942446043165],[38.984260349209,-1.942446043165],[38.985662,-1.919676],[38.960237,-1.764336],[38.959462,-1.750849],[38.961943,-1.737361],[38.970279836356,-1.726618705036],[38.848920863309,-1.726618705036],[38.848920863309,-1.942446043165]]],"type":"Polygon"},"id":1261,"properties":{"parentKey":"KEN:1159308875","sourceCountryId":"KEN","syntheticOperational":true,"territoryId":"territory:catalog:0bb5256c72233164e049a8a9bec286292d3377d5b1cb987308860d294fce24f7"},"type":"Feature"},{"geometry":{"coordinates":[[[40.359712230216,1.294964028777],[40.575539568345,1.294964028777],[40.575539568345,1.510791366906],[40.359712230216,1.510791366906],[40.359712230216,1.294964028777]]],"type":"Polygon"},"id":1262,"properties":{"parentKey":"KEN:1159308881","sourceCountryId":"KEN","syntheticOperational":true,"territoryId":"territory:catalog:11a18a0a34a154b1f8b7cbb5e0331058ea9a05e55b77dd5e7d5862c34b5d5c74"},"type":"Feature"},{"geometry":{"coordinates":[[[35.177390258569,4.748201438849],[35.393866506314,4.748201438849],[35.393866506314,4.964028776978],[35.306859205776,4.964028776978],[35.291457363598,4.964028776978],[35.263419,4.948545],[35.255161141188,4.964028776978],[35.198693021896,4.964028776978],[35.18956429993,4.96059505318],[35.177390258569,4.956015847493],[35.177390258569,4.748201438849]]],"type":"Polygon"},"id":1263,"properties":{"parentKey":"KEN:1159308877","sourceCountryId":"KEN","syntheticOperational":true,"territoryId":"territory:catalog:61224820dc97a8b7e7a36a269ad96ea4447abc05b7068d53220ad84fa8377137"},"type":"Feature"},{"geometry":{"coordinates":[[[37.036592681464,2.589928057554],[37.252549490102,2.589928057554],[37.252549490102,2.805755395683],[37.166866746699,2.805755395683],[37.036592681464,2.805755395683],[37.036592681464,2.589928057554]]],"type":"Polygon"},"id":1264,"properties":{"parentKey":"KEN:1159308875","sourceCountryId":"KEN","syntheticOperational":true,"territoryId":"territory:catalog:2526da104b6745d505b8ecf94598496bc52f8209f7e82119aba367a538abd55c"},"type":"Feature"},{"geometry":{"coordinates":[[[37.900419916017,-2.713218480035],[37.906606,-2.728257],[37.917924,-2.779933],[37.94371,-2.787633],[37.967585,-2.780037],[38.088611,-2.722521],[38.113622,-2.706708],[38.116376724655,-2.703292727473],[38.116376724655,-2.589928057554],[37.900419916017,-2.589928057554],[37.900419916017,-2.713218480035]]],"type":"Polygon"},"id":1265,"properties":{"parentKey":"KEN:1159308875","sourceCountryId":"KEN","syntheticOperational":true,"territoryId":"territory:catalog:6526683426e2ed8e6b84426e7d10ae8393416148e2af82b774048b0a7565a013"},"type":"Feature"},{"geometry":{"coordinates":[[[40.108643,-1.81839],[40.109418,-1.82609],[40.114017,-1.835392],[40.124714,-1.846812],[40.129313,-1.854047],[40.137271,-1.901486],[40.143576,-1.91549],[40.1397,-1.918487],[40.132931,-1.925929],[40.129313,-1.929133],[40.137005786267,-1.942446043165],[40.143884892086,-1.942446043165],[40.143884892086,-1.726618705036],[40.119553265209,-1.726618705036],[40.115929,-1.730902],[40.111536,-1.734622],[40.109418,-1.737981],[40.108746,-1.755086],[40.115619,-1.799425],[40.114379,-1.807641],[40.108643,-1.81839]]],"type":"Polygon"},"id":1266,"properties":{"parentKey":"KEN:1159308881","sourceCountryId":"KEN","syntheticOperational":true,"territoryId":"territory:catalog:09c86afead02480bb4cd1e6e43ebd3101e86f9ac614634a107b45ee5e8bfff9e"},"type":"Feature"},{"geometry":{"coordinates":[[[41.405405405405,3.669064748201],[41.621621621622,3.669064748201],[41.621621621622,3.884892086331],[41.405405405405,3.884892086331],[41.405405405405,3.669064748201]]],"type":"Polygon"},"id":1267,"properties":{"parentKey":"KEN:1159308881","sourceCountryId":"KEN","syntheticOperational":true,"territoryId":"territory:catalog:c23cf469860cb2bb57583df004feda34b27cd02027ad04ce074fd72a2a8bb737"},"type":"Feature"},{"geometry":{"coordinates":[[[37.684463107379,-2.589928057554],[37.797839106471,-2.589928057554],[37.684463107379,-2.459155739117],[37.684463107379,-2.589928057554]]],"type":"Polygon"},"id":1268,"properties":{"parentKey":"KEN:1159308877","sourceCountryId":"KEN","syntheticOperational":true,"territoryId":"territory:catalog:6fddfd06a0f310ecd9d324e745ef6b15004e005ac73b24a2bf2700c905af3e34"},"type":"Feature"},{"geometry":{"coordinates":[[[36.906474820144,1.079136690647],[37.122302158273,1.079136690647],[37.122302158273,1.294964028777],[36.906474820144,1.294964028777],[36.906474820144,1.079136690647]]],"type":"Polygon"},"id":1269,"properties":{"parentKey":"KEN:1159308877","sourceCountryId":"KEN","syntheticOperational":true,"territoryId":"territory:catalog:8c5bf4b798518b1a2250ebbcfbd280b1ba8085a5c607e873368b9bdb8cf65aba"},"type":"Feature"},{"geometry":{"coordinates":[[[39.928057553957,0.863309352518],[40.143884892086,0.863309352518],[40.143884892086,1.079136690647],[39.928057553957,1.079136690647],[39.928057553957,0.863309352518]]],"type":"Polygon"},"id":1270,"properties":{"parentKey":"KEN:1159308881","sourceCountryId":"KEN","syntheticOperational":true,"territoryId":"territory:catalog:3b56c58e8f988bc1b86bcc57dbb16c4eab1d96d77fd3c5ce045325d7f8e35e4e"},"type":"Feature"},{"geometry":{"coordinates":[[[38.378378378378,-4.092721676603],[38.389467716333,-4.10071942446],[38.509615384615,-4.10071942446],[38.594594594595,-4.10071942446],[38.594594594595,-3.884892086331],[38.378378378378,-3.884892086331],[38.378378378378,-4.092721676603]]],"type":"Polygon"},"id":1271,"properties":{"parentKey":"KEN:1159309927","sourceCountryId":"KEN","syntheticOperational":true,"territoryId":"territory:catalog:e193344eabc92f033496e3d5093a97a4d5593ba8dfcd99ba9affb448a976a71a"},"type":"Feature"},{"geometry":{"coordinates":[[[39.280575539568,-0.21582733813],[39.472062044205,-0.21582733813],[39.459018,-0.20469],[39.443205,-0.194768],[39.430389,-0.188722],[39.394578,-0.180712],[39.388842,-0.1788],[39.386361,-0.173426],[39.380212,-0.167948],[39.372512,-0.163711],[39.342798,-0.158905],[39.331636,-0.151412],[39.322696,-0.142162],[39.306883,-0.1341],[39.285385,-0.132911],[39.280575539568,-0.134009300188],[39.280575539568,-0.21582733813]]],"type":"Polygon"},"id":1272,"properties":{"parentKey":"KEN:1159309927","sourceCountryId":"KEN","syntheticOperational":true,"territoryId":"territory:catalog:32b1049c1bd018122cf7670456d365d8625756d577e65b3e71c9d814b9d42500"},"type":"Feature"},{"geometry":{"coordinates":[[[35.611510791367,1.726618705036],[35.827338129496,1.726618705036],[35.827338129496,1.942446043165],[35.740851829634,1.942446043165],[35.611510791367,1.942446043165],[35.611510791367,1.726618705036]]],"type":"Polygon"},"id":1273,"properties":{"parentKey":"KEN:1159308877","sourceCountryId":"KEN","syntheticOperational":true,"territoryId":"territory:catalog:4a985c705f67330b37680b30742df2442024e5958c40790ba8cace3a7cce3995"},"type":"Feature"},{"geometry":{"coordinates":[[[36.474820143885,-0.863309352518],[36.542525868406,-0.863309352518],[36.526174,-0.818554],[36.518733,-0.77742],[36.519818,-0.768893],[36.528344,-0.742693],[36.529585,-0.733082],[36.529481,-0.725227],[36.516562,-0.668951],[36.515012,-0.649831],[36.514502599343,-0.647482014388],[36.474820143885,-0.647482014388],[36.474820143885,-0.863309352518]]],"type":"Polygon"},"id":1274,"properties":{"parentKey":"KEN:1159308877","sourceCountryId":"KEN","syntheticOperational":true,"territoryId":"territory:catalog:4755138b49dbf546b54db04489377a9a1e45e28cd2f3cb1527888bff5f679d42"},"type":"Feature"},{"geometry":{"coordinates":[[[36.906474820144,-1.412901937001],[36.906512,-1.412885],[36.914419,-1.403015],[36.921912,-1.395263],[36.924186,-1.390974],[36.924806,-1.387254],[36.910078,-1.367875],[36.907598,-1.362656],[36.908528,-1.359348],[36.910698,-1.356609],[36.956484,-1.32581],[36.96129,-1.319144],[36.96377,-1.311703],[36.965475,-1.295631],[36.966116324848,-1.294964028777],[36.906474820144,-1.294964028777],[36.906474820144,-1.412901937001]]],"type":"Polygon"},"id":1275,"properties":{"parentKey":"KEN:1159310039","sourceCountryId":"KEN","syntheticOperational":true,"territoryId":"territory:catalog:6ee6a041ec4f693ec004ee1ca4096c4de7b85424cf1045216e838ccb99c849d0"},"type":"Feature"},{"geometry":{"coordinates":[[[36.258992805755,0.863309352518],[36.474820143885,0.863309352518],[36.474820143885,1.079136690647],[36.258992805755,1.079136690647],[36.258992805755,0.863309352518]]],"type":"Polygon"},"id":1276,"properties":{"parentKey":"KEN:1159308877","sourceCountryId":"KEN","syntheticOperational":true,"territoryId":"territory:catalog:da8dbeff8d55a917b8f0f2f69aefd64a0fce0d065e9f36cc852c01cb546057a3"},"type":"Feature"},{"geometry":{"coordinates":[[[36.820635872825,1.942446043165],[36.906474820144,1.942446043165],[37.036592681464,1.942446043165],[37.036592681464,2.024328306719],[36.995448,2.023572],[36.966561,2.020471],[36.961134,2.020626],[36.957104,2.022022],[36.955708,2.026052],[36.958964,2.053363],[36.950903,2.0861],[36.923568728631,2.158273381295],[36.820635872825,2.158273381295],[36.820635872825,1.942446043165]]],"type":"Polygon"},"id":1277,"properties":{"parentKey":"KEN:1159308877","sourceCountryId":"KEN","syntheticOperational":true,"territoryId":"territory:catalog:c31fff44b7dc63d99c6d5b25eff20df6e67414902e4cf62f479cda40c223a2aa"},"type":"Feature"},{"geometry":{"coordinates":[[[39.412117576485,2.158273381295],[39.628074385123,2.158273381295],[39.628074385123,2.374100719424],[39.412117576485,2.374100719424],[39.412117576485,2.158273381295]]],"type":"Polygon"},"id":1278,"properties":{"parentKey":"KEN:1159308881","sourceCountryId":"KEN","syntheticOperational":true,"territoryId":"territory:catalog:7683dfc8f3cb0c634b6879f4cdca0844373b4f9de98b9bb871c695fb6344e770"},"type":"Feature"},{"geometry":{"coordinates":[[[36.045427118423,3.669064748201],[36.045455569868,3.453237410072],[36.08643457383,3.453237410072],[36.216216216216,3.453237410072],[36.216216216216,3.669064748201],[36.045427118423,3.669064748201]]],"type":"Polygon"},"id":1279,"properties":{"parentKey":"KEN:1159308875","sourceCountryId":"KEN","syntheticOperational":true,"territoryId":"territory:catalog:22314e2e71173b58e4cbac4af0c17e457583556adec818e19e49246157748a16"},"type":"Feature"},{"geometry":{"coordinates":[[[38.332333533293,2.589928057554],[38.548290341932,2.589928057554],[38.548290341932,2.805755395683],[38.463385354142,2.805755395683],[38.332333533293,2.805755395683],[38.332333533293,2.589928057554]]],"type":"Polygon"},"id":1280,"properties":{"parentKey":"KEN:1159308875","sourceCountryId":"KEN","syntheticOperational":true,"territoryId":"territory:catalog:8941a50ca38e191a6e547ec927229ae6a7104ab23a39353ed7866902cc1a2c75"},"type":"Feature"},{"geometry":{"coordinates":[[[37.252549490102,2.589928057554],[37.46850629874,2.589928057554],[37.46850629874,2.805755395683],[37.382953181273,2.805755395683],[37.252549490102,2.805755395683],[37.252549490102,2.589928057554]]],"type":"Polygon"},"id":1281,"properties":{"parentKey":"KEN:1159308875","sourceCountryId":"KEN","syntheticOperational":true,"territoryId":"territory:catalog:c43749ca8d3f40314233dae2505008a9f01a4e3d8bb11cc69fd497e250b06475"},"type":"Feature"},{"geometry":{"coordinates":[[[40.143884892086,0.431654676259],[40.359712230216,0.431654676259],[40.359712230216,0.647482014388],[40.143884892086,0.647482014388],[40.143884892086,0.431654676259]]],"type":"Polygon"},"id":1282,"properties":{"parentKey":"KEN:1159308881","sourceCountryId":"KEN","syntheticOperational":true,"territoryId":"territory:catalog:caf5125d407fe49f5edc82452999204d202af05488af953e5cfa11840e7048e4"},"type":"Feature"},{"geometry":{"coordinates":[[[36.690647482014,0.215827338129],[36.906474820144,0.215827338129],[36.906474820144,0.431654676259],[36.690647482014,0.431654676259],[36.690647482014,0.215827338129]]],"type":"Polygon"},"id":1283,"properties":{"parentKey":"KEN:1159308877","sourceCountryId":"KEN","syntheticOperational":true,"territoryId":"territory:catalog:dc8feffb04cebaa7db4b82df319b0d16d0455dd54cfc34eaa85e09971db9eaf2"},"type":"Feature"},{"geometry":{"coordinates":[[[38.63309352518,-0.431654676259],[38.848920863309,-0.431654676259],[38.848920863309,-0.21582733813],[38.63309352518,-0.21582733813],[38.63309352518,-0.431654676259]]],"type":"Polygon"},"id":1284,"properties":{"parentKey":"KEN:1159309927","sourceCountryId":"KEN","syntheticOperational":true,"territoryId":"territory:catalog:0e23e33c471211675c0ea48ae7bd999b6d81478154f4b2e9672c2f141f2fab81"},"type":"Feature"},{"geometry":{"coordinates":[[[37.122302158273,0],[37.338129496403,0],[37.338129496403,0.18441099631],[37.254605,0.09772],[37.247112,0.091519],[37.21161,0.068006],[37.122302158273,0.03653430307],[37.122302158273,0]]],"type":"Polygon"},"id":1285,"properties":{"parentKey":"KEN:1159308875","sourceCountryId":"KEN","syntheticOperational":true,"territoryId":"territory:catalog:d02fa52d7cd49e0a246f0a3f5c6ab0e8922646c33efe85201756bec0cb9dd2b7"},"type":"Feature"},{"geometry":{"coordinates":[[[36.690647482014,-1.307714514156],[36.709625,-1.320229],[36.720012,-1.331236],[36.727764,-1.345292],[36.737065,-1.358418],[36.746057,-1.366325],[36.756134,-1.373146],[36.787657,-1.386168],[36.792928,-1.387254],[36.798509,-1.387874],[36.825691,-1.386272],[36.836388,-1.388287],[36.842744,-1.390664],[36.853286,-1.398054],[36.869616,-1.413247],[36.897211,-1.417122],[36.906474820144,-1.412901937001],[36.906474820144,-1.294964028777],[36.690647482014,-1.294964028777],[36.690647482014,-1.307714514156]]],"type":"Polygon"},"id":1286,"properties":{"parentKey":"KEN:1159310039","sourceCountryId":"KEN","syntheticOperational":true,"territoryId":"territory:catalog:5b28b376123c45b8e451d982b805baa8d67d2ebeaa18e76bc1d3557ad6af8e7d"},"type":"Feature"},{"geometry":{"coordinates":[[[36.690647482014,-1.510791366906],[36.906474820144,-1.510791366906],[36.906474820144,-1.4518483016],[36.886204,-1.461358],[36.880933,-1.462701],[36.875042,-1.462908],[36.86915,-1.461306],[36.864448,-1.454278],[36.862174,-1.448077],[36.869616,-1.413247],[36.853286,-1.398054],[36.842744,-1.390664],[36.836388,-1.388287],[36.825691,-1.386272],[36.798509,-1.387874],[36.792928,-1.387254],[36.787657,-1.386168],[36.756134,-1.373146],[36.746057,-1.366325],[36.737065,-1.358418],[36.727764,-1.345292],[36.720012,-1.331236],[36.709625,-1.320229],[36.690647482014,-1.307714514156],[36.690647482014,-1.510791366906]]],"type":"Polygon"},"id":1287,"properties":{"parentKey":"KEN:1159308877","sourceCountryId":"KEN","syntheticOperational":true,"territoryId":"territory:catalog:a0fd51108121fc873865efb63cbbe41e843d743a2b7a2631d03eb5a8be9cbb49"},"type":"Feature"},{"geometry":{"coordinates":[[[37.166866746699,3.021582733813],[37.382953181273,3.021582733813],[37.382953181273,3.237410071942],[37.166866746699,3.237410071942],[37.166866746699,3.021582733813]]],"type":"Polygon"},"id":1288,"properties":{"parentKey":"KEN:1159308875","sourceCountryId":"KEN","syntheticOperational":true,"territoryId":"territory:catalog:ce8e9a88441873299425a3cedfd8df44102f293c9735d011b0bb2c0b36d01442"},"type":"Feature"},{"geometry":{"coordinates":[[[38.679471788715,2.805755395683],[38.76424715057,2.805755395683],[38.895558223289,2.805755395683],[38.895558223289,3.021582733813],[38.679471788715,3.021582733813],[38.679471788715,2.805755395683]]],"type":"Polygon"},"id":1289,"properties":{"parentKey":"KEN:1159308875","sourceCountryId":"KEN","syntheticOperational":true,"territoryId":"territory:catalog:d00bd149060d088461eeec602055af70b75dbefa00fbf8023793be0a34baa3c3"},"type":"Feature"},{"geometry":{"coordinates":[[[40.359712230216,-1.294964028777],[40.575539568345,-1.294964028777],[40.575539568345,-1.079136690647],[40.359712230216,-1.079136690647],[40.359712230216,-1.294964028777]]],"type":"Polygon"},"id":1290,"properties":{"parentKey":"KEN:1159308881","sourceCountryId":"KEN","syntheticOperational":true,"territoryId":"territory:catalog:b32f25848104c11b09b89907787abde7423c4a2ac0722ad25c90158512381b72"},"type":"Feature"},{"geometry":{"coordinates":[[[34.748201438849,0.905842095281],[34.748246,0.905836],[34.753517,0.904596],[34.757858,0.902219],[34.760649,0.897465],[34.761889,0.890747],[34.760029,0.878758],[34.759563,0.869095],[34.759936791832,0.863309352518],[34.936606990527,0.863309352518],[34.940793,0.86894],[34.944203,0.872454],[34.947769,0.875606],[34.951955,0.878241],[34.956967,0.880308],[34.962393,0.881807],[34.964028776978,0.8820040287],[34.964028776978,1.079136690647],[34.748201438849,1.079136690647],[34.748201438849,0.905842095281]]],"type":"Polygon"},"id":1291,"properties":{"parentKey":"KEN:1159308877","sourceCountryId":"KEN","syntheticOperational":true,"territoryId":"territory:catalog:73bfa1b8da753e4545a67db225738a35e3bac3ed27c7b3dcbdc1747392e0b4a9"},"type":"Feature"},{"geometry":{"coordinates":[[[38.332333533293,2.374100719424],[38.548290341932,2.374100719424],[38.548290341932,2.589928057554],[38.332333533293,2.589928057554],[38.332333533293,2.374100719424]]],"type":"Polygon"},"id":1292,"properties":{"parentKey":"KEN:1159308875","sourceCountryId":"KEN","syntheticOperational":true,"territoryId":"territory:catalog:1e57e0439f6e119d9e354c264062e6122b1de207baeb2ff8660dc4e8e17264a5"},"type":"Feature"},{"geometry":{"coordinates":[[[37.348385011811,0.647482014388],[37.349845,0.64425],[37.352635,0.625957],[37.354495,0.620789],[37.357751,0.617275],[37.364572,0.610816],[37.37067,0.602806],[37.377336,0.595571],[37.381212,0.592729],[37.390669,0.588543],[37.401056,0.585959],[37.406637,0.585649],[37.446531,0.593814],[37.462034,0.599499],[37.467305,0.600791],[37.473041,0.601411],[37.478157,0.601049],[37.482705,0.599395],[37.491076,0.594228],[37.500533,0.586786],[37.503634,0.584822],[37.51247,0.581412],[37.518827,0.580792],[37.525803,0.580998],[37.543993,0.586528],[37.550659,0.58689],[37.553956834532,0.585487540119],[37.553956834532,0.647482014388],[37.348385011811,0.647482014388]]],"type":"Polygon"},"id":1293,"properties":{"parentKey":"KEN:1159308877","sourceCountryId":"KEN","syntheticOperational":true,"territoryId":"territory:catalog:9cee433272a399585ebe811549d5113d0c728d0852562581d44e65958d6e284e"},"type":"Feature"},{"geometry":{"coordinates":[[[35.480769230769,4.10071942446],[35.567567567568,4.10071942446],[35.697115384615,4.10071942446],[35.697115384615,4.31654676259],[35.480769230769,4.31654676259],[35.480769230769,4.10071942446]]],"type":"Polygon"},"id":1294,"properties":{"parentKey":"KEN:1159308877","sourceCountryId":"KEN","syntheticOperational":true,"territoryId":"territory:catalog:6b110c288a9cdf0fd71d213760e2f3f91040b743c4d9526987828c115865c636"},"type":"Feature"},{"geometry":{"coordinates":[[[37.338129496403,-0.431654676259],[37.430134665639,-0.431654676259],[37.429168,-0.427312],[37.342485837987,-0.21582733813],[37.338129496403,-0.21582733813],[37.338129496403,-0.431654676259]]],"type":"Polygon"},"id":1295,"properties":{"parentKey":"KEN:1159310037","sourceCountryId":"KEN","syntheticOperational":true,"territoryId":"territory:catalog:c24e7faad2e7f7fd3367f2aa3177310037e0552ed28bf8b08b98c717eaa1fc8b"},"type":"Feature"},{"geometry":{"coordinates":[[[38.031212484994,-3.021582733813],[38.247298919568,-3.021582733813],[38.247298919568,-2.805755395683],[38.116376724655,-2.805755395683],[38.031212484994,-2.805755395683],[38.031212484994,-3.021582733813]]],"type":"Polygon"},"id":1296,"properties":{"parentKey":"KEN:1159309927","sourceCountryId":"KEN","syntheticOperational":true,"territoryId":"territory:catalog:62312aa48b576809151e08a24952ee332ffb56ae658e34fc33f38411ab3ae9d9"},"type":"Feature"},{"geometry":{"coordinates":[[[38.689243441273,-4.31654676259],[38.725961538462,-4.342964529656],[38.725961538462,-4.31654676259],[38.689243441273,-4.31654676259]]],"type":"Polygon"},"id":1297,"properties":{"parentKey":"KEN:1159309927","sourceCountryId":"KEN","syntheticOperational":true,"territoryId":"territory:catalog:1c0c68b9b40c5763c8814a26f7eab72ec34354a3ef7b98353de8df71ea7f0572"},"type":"Feature"},{"geometry":{"coordinates":[[[34.964028776978,0.62733038206],[34.967819,0.628644],[34.970145,0.628954],[34.97309,0.628747],[34.986113,0.625544],[34.991849,0.625027],[34.997275,0.62513],[35.000531,0.62575],[35.004406,0.62699],[35.021821,0.636344],[35.032673,0.638979],[35.038875,0.639134],[35.044456,0.638514],[35.049727,0.637016],[35.058718,0.632468],[35.063679,0.630763],[35.075358,0.629729],[35.080474,0.630298],[35.083885,0.631383],[35.08714,0.632778],[35.105434,0.645077],[35.108052192942,0.647482014388],[34.964028776978,0.647482014388],[34.964028776978,0.62733038206]]],"type":"Polygon"},"id":1298,"properties":{"parentKey":"KEN:1159308879","sourceCountryId":"KEN","syntheticOperational":true,"territoryId":"territory:catalog:b97cc3574100820153f88590ba66c219292390b0d848bc215a3ca5b5d7e459ee"},"type":"Feature"},{"geometry":{"coordinates":[[[34.964028776978,-1.510791366906],[35.179856115108,-1.510791366906],[35.179856115108,-1.294964028777],[34.964028776978,-1.294964028777],[34.964028776978,-1.510791366906]]],"type":"Polygon"},"id":1299,"properties":{"parentKey":"KEN:1159308877","sourceCountryId":"KEN","syntheticOperational":true,"territoryId":"territory:catalog:e1cd9533ff4018fd75bb838f275a635af6e092b662f3d65314a707b490839747"},"type":"Feature"},{"geometry":{"coordinates":[[[40.491901619676,-2.158273381295],[40.707858428314,-2.158273381295],[40.707858428314,-1.942446043165],[40.575539568345,-1.942446043165],[40.491901619676,-1.942446043165],[40.491901619676,-2.158273381295]]],"type":"Polygon"},"id":1300,"properties":{"parentKey":"KEN:1159309927","sourceCountryId":"KEN","syntheticOperational":true,"territoryId":"territory:catalog:e3331870bef5425a6239c418318261303a0f5c9513f1a8a910a4a7d33742176c"},"type":"Feature"},{"geometry":{"coordinates":[[[34.831730769231,4.31654676259],[35.048076923077,4.31654676259],[35.048076923077,4.532374100719],[34.960914010824,4.532374100719],[34.831730769231,4.532374100719],[34.831730769231,4.31654676259]]],"type":"Polygon"},"id":1301,"properties":{"parentKey":"KEN:1159308877","sourceCountryId":"KEN","syntheticOperational":true,"territoryId":"territory:catalog:db996e5e3e6b35219043c6c03a1c0a207f97612027d33d95dcd63a04fef37d66"},"type":"Feature"},{"geometry":{"coordinates":[[[38.41726618705,1.079136690647],[38.63309352518,1.079136690647],[38.63309352518,1.294964028777],[38.41726618705,1.294964028777],[38.41726618705,1.079136690647]]],"type":"Polygon"},"id":1302,"properties":{"parentKey":"KEN:1159308875","sourceCountryId":"KEN","syntheticOperational":true,"territoryId":"territory:catalog:c77914d694602dd67b486934eb6cf88127f7d675bc015c8a33ec07dbf8bd568c"},"type":"Feature"},{"geometry":{"coordinates":[[[34.99867,-0.36065],[34.999135,-0.370881],[35.000066,-0.376618],[35.001461,-0.381062],[35.007972,-0.395583],[35.011073,-0.406435],[35.012985,-0.410672],[35.026899368523,-0.431654676259],[35.179856115108,-0.431654676259],[35.179856115108,-0.21582733813],[35.047446144533,-0.21582733813],[35.046781,-0.217557],[35.045076,-0.225412],[35.043525,-0.270267],[35.040735,-0.287114],[35.041045,-0.29285],[35.040115,-0.299103],[35.038099,-0.305769],[35.029263,-0.318843],[35.025232,-0.323029],[35.013605,-0.332383],[35.010142,-0.335741],[35.001461,-0.347679],[35.000221,-0.350469],[34.99867,-0.36065]]],"type":"Polygon"},"id":1303,"properties":{"parentKey":"KEN:1159308877","sourceCountryId":"KEN","syntheticOperational":true,"territoryId":"territory:catalog:1f493fc5c70f7742383dc2860bde246f049aa205faf209837eedce76c4c81e1d"},"type":"Feature"},{"geometry":{"coordinates":[[[35.611510791367,1.079136690647],[35.827338129496,1.079136690647],[35.827338129496,1.294964028777],[35.611510791367,1.294964028777],[35.611510791367,1.079136690647]]],"type":"Polygon"},"id":1304,"properties":{"parentKey":"KEN:1159308877","sourceCountryId":"KEN","syntheticOperational":true,"territoryId":"territory:catalog:96305a85ced0817d0c04988caf41bf8f0eb17f1ff468ac68ef4c8baceb78be42"},"type":"Feature"},{"geometry":{"coordinates":[[[36.797232674548,2.374100719424],[36.820635872825,2.307839361896],[36.820635872825,2.374100719424],[36.797232674548,2.374100719424]]],"type":"Polygon"},"id":1305,"properties":{"parentKey":"KEN:1159308875","sourceCountryId":"KEN","syntheticOperational":true,"territoryId":"territory:catalog:41cb3d81d1f72ebe366ffaf84f1ba3a673f9f2dc00e4810055c57bd8ee9aaa29"},"type":"Feature"},{"geometry":{"coordinates":[[[39.064748201439,0.431654676259],[39.280575539568,0.431654676259],[39.280575539568,0.647482014388],[39.064748201439,0.647482014388],[39.064748201439,0.431654676259]]],"type":"Polygon"},"id":1306,"properties":{"parentKey":"KEN:1159308881","sourceCountryId":"KEN","syntheticOperational":true,"territoryId":"territory:catalog:12fe39915f3ab2cda440c528f95195c80eeb10053880c21c133d8bdc0cd12b20"},"type":"Feature"},{"geometry":{"coordinates":[[[38.116376724655,-2.805755395683],[38.247298919568,-2.805755395683],[38.287924760419,-2.805755395683],[38.278108,-2.790785],[38.260383,-2.774817],[38.256198,-2.772234],[38.24209,-2.766187],[38.236974,-2.764792],[38.203281,-2.750478],[38.172585,-2.727172],[38.169329,-2.723761],[38.151449,-2.700197],[38.148194,-2.696786],[38.144318,-2.693737],[38.139822,-2.691567],[38.134861,-2.690016],[38.129125,-2.691515],[38.122459,-2.695752],[38.116376724655,-2.703292727473],[38.116376724655,-2.805755395683]]],"type":"Polygon"},"id":1307,"properties":{"parentKey":"KEN:1159309927","sourceCountryId":"KEN","syntheticOperational":true,"territoryId":"territory:catalog:4ae4d2fc11d2709932062ae6887579e29b60f31384a720536a5aa095a4ad2c58"},"type":"Feature"},{"geometry":{"coordinates":[[[37.900419916017,2.589928057554],[38.116376724655,2.589928057554],[38.116376724655,2.805755395683],[38.031212484994,2.805755395683],[37.900419916017,2.805755395683],[37.900419916017,2.589928057554]]],"type":"Polygon"},"id":1308,"properties":{"parentKey":"KEN:1159308875","sourceCountryId":"KEN","syntheticOperational":true,"territoryId":"territory:catalog:a15519291dad349b9d2314f9075c29210ac237cc0b2543f4690c0101faceb18b"},"type":"Feature"},{"geometry":{"coordinates":[[[35.697115384615,4.31654676259],[35.913461538462,4.31654676259],[35.913461538462,4.532374100719],[35.826819001804,4.532374100719],[35.697115384615,4.532374100719],[35.697115384615,4.31654676259]]],"type":"Polygon"},"id":1309,"properties":{"parentKey":"KEN:1159308877","sourceCountryId":"KEN","syntheticOperational":true,"territoryId":"territory:catalog:076daf2cb8f6df195d1d0fb6c8551b5d9618737ee35d9b96a9af755c4d0041f9"},"type":"Feature"},{"geometry":{"coordinates":[[[39.327731092437,-3.021582733813],[39.543817527011,-3.021582733813],[39.543817527011,-2.805755395683],[39.412117576485,-2.805755395683],[39.327731092437,-2.805755395683],[39.327731092437,-3.021582733813]]],"type":"Polygon"},"id":1310,"properties":{"parentKey":"KEN:1159309927","sourceCountryId":"KEN","syntheticOperational":true,"territoryId":"territory:catalog:cfdd3fd4bf8c6436e4ab2468ae5103a8c43e61f1ab0cafe012ebf3513cb59f6e"},"type":"Feature"},{"geometry":{"coordinates":[[[37.122302158273,-0.21582733813],[37.338129496403,-0.21582733813],[37.338129496403,-0.205198860419],[37.323645,-0.16986],[37.316513,-0.15937],[37.122302158273,-0.013577612926],[37.122302158273,-0.21582733813]]],"type":"Polygon"},"id":1311,"properties":{"parentKey":"KEN:1159310037","sourceCountryId":"KEN","syntheticOperational":true,"territoryId":"territory:catalog:27c0c31d90dd6852e3f5f32c789d81e9009b97cb9958b89f1bfb7e01691344e0"},"type":"Feature"},{"geometry":{"coordinates":[[[39.158653846154,-4.31654676259],[39.375,-4.31654676259],[39.375,-4.10071942446],[39.243243243243,-4.10071942446],[39.158653846154,-4.10071942446],[39.158653846154,-4.31654676259]]],"type":"Polygon"},"id":1312,"properties":{"parentKey":"KEN:1159309927","sourceCountryId":"KEN","syntheticOperational":true,"territoryId":"territory:catalog:f779a3115e59f706cce9a267d913d1bcaff862f5458b20fb983ba5ae03bd4b42"},"type":"Feature"},{"geometry":{"coordinates":[[[36.604679064187,2.158273381295],[36.820635872825,2.158273381295],[36.820635872825,2.307839361896],[36.797232674548,2.374100719424],[36.604679064187,2.374100719424],[36.604679064187,2.158273381295]]],"type":"Polygon"},"id":1313,"properties":{"parentKey":"KEN:1159308877","sourceCountryId":"KEN","syntheticOperational":true,"territoryId":"territory:catalog:cf110d46488cf836b038f90ebd05de59803576b58ddb7fa4e4344e7d8dc9960c"},"type":"Feature"},{"geometry":{"coordinates":[[[36.906474820144,0],[37.075081414792,0],[37.086191,0.019224],[37.115854,0.034262],[37.122302158273,0.03653430307],[37.122302158273,0.215827338129],[36.906474820144,0.215827338129],[36.906474820144,0]]],"type":"Polygon"},"id":1314,"properties":{"parentKey":"KEN:1159308877","sourceCountryId":"KEN","syntheticOperational":true,"territoryId":"territory:catalog:1fb3afb0bdc90f68fb749556bf1477d5858dbe82e850bd7b0b344c4b9718b160"},"type":"Feature"},{"geometry":{"coordinates":[[[38.63309352518,-0.21582733813],[38.848920863309,-0.21582733813],[38.848920863309,-0.080520682669],[38.74578,-0.065215],[38.721337,-0.05643],[38.709297,-0.049506],[38.704181,-0.041289],[38.69891,-0.043305],[38.686145,-0.04563],[38.670436,-0.044958],[38.65638,-0.037879],[38.63309352518,-0.043522536402],[38.63309352518,-0.21582733813]]],"type":"Polygon"},"id":1315,"properties":{"parentKey":"KEN:1159309927","sourceCountryId":"KEN","syntheticOperational":true,"territoryId":"territory:catalog:be9805b0d486fdc548f6cc4e9f1bd3cd8538b93390962e6806a52b50749da80f"},"type":"Feature"},{"geometry":{"coordinates":[[[37.602954693087,-2.158273381295],[37.62311,-2.165449],[37.629156,-2.166069],[37.641558,-2.165139],[37.65365,-2.162968],[37.661143,-2.162503],[37.674631,-2.165397],[37.684463107379,-2.169630295981],[37.684463107379,-2.158273381295],[37.602954693087,-2.158273381295]]],"type":"Polygon"},"id":1316,"properties":{"parentKey":"KEN:1159308875","sourceCountryId":"KEN","syntheticOperational":true,"territoryId":"territory:catalog:8dab577c1d5d520a01212573d88071e1032c5a2f35fd87562ace4cebfee962c2"},"type":"Feature"},{"geometry":{"coordinates":[[[39.891891891892,3.884892086331],[40.108108108108,3.884892086331],[40.108108108108,3.992542009941],[40.020223,3.950122],[39.93413,3.908703],[39.891891891892,3.888284225274],[39.891891891892,3.884892086331]]],"type":"Polygon"},"id":1317,"properties":{"parentKey":"KEN:1159308881","sourceCountryId":"KEN","syntheticOperational":true,"territoryId":"territory:catalog:7db2bb692153f59d35218484d9af1410375422ffc2c708a6de9a39ab30987cf9"},"type":"Feature"},{"geometry":{"coordinates":[[[39.280575539568,0.647482014388],[39.496402877698,0.647482014388],[39.496402877698,0.863309352518],[39.280575539568,0.863309352518],[39.280575539568,0.647482014388]]],"type":"Polygon"},"id":1318,"properties":{"parentKey":"KEN:1159308881","sourceCountryId":"KEN","syntheticOperational":true,"territoryId":"territory:catalog:98f9292b3551850bfb0bc4c42dcfa0de4cae56012282c8ecae3dcba3895af4ab"},"type":"Feature"},{"geometry":{"coordinates":[[[34.702702702703,3.884892086331],[34.918918918919,3.884892086331],[34.918918918919,4.10071942446],[34.831730769231,4.10071942446],[34.702702702703,4.10071942446],[34.702702702703,3.884892086331]]],"type":"Polygon"},"id":1319,"properties":{"parentKey":"KEN:1159308877","sourceCountryId":"KEN","syntheticOperational":true,"territoryId":"territory:catalog:92143f393c84c94bfe1f0e9d1f5c69cee7f3ab753c21c053b2382377ff67a4c9"},"type":"Feature"},{"geometry":{"coordinates":[[[38.594594594595,-3.884892086331],[38.810810810811,-3.884892086331],[38.810810810811,-3.669064748201],[38.594594594595,-3.669064748201],[38.594594594595,-3.884892086331]]],"type":"Polygon"},"id":1320,"properties":{"parentKey":"KEN:1159309927","sourceCountryId":"KEN","syntheticOperational":true,"territoryId":"territory:catalog:58dc98e60c0406624d1ab9520fd004173e7a7645fbcea2d923a34446d20c9541"},"type":"Feature"},{"geometry":{"coordinates":[[[37.985611510791,1.079136690647],[38.0391616562,1.079136690647],[38.035539,1.136985],[38.030578,1.152591],[38.020036,1.168146],[37.985611510791,1.20802619887],[37.985611510791,1.079136690647]]],"type":"Polygon"},"id":1321,"properties":{"parentKey":"KEN:1159308877","sourceCountryId":"KEN","syntheticOperational":true,"territoryId":"territory:catalog:39e6cc92815ad711258bee1770ec471a6eab277890600581732ace60918c4f80"},"type":"Feature"},{"geometry":{"coordinates":[[[39.543817527011,2.805755395683],[39.628074385123,2.805755395683],[39.759903961585,2.805755395683],[39.759903961585,3.021582733813],[39.543817527011,3.021582733813],[39.543817527011,2.805755395683]]],"type":"Polygon"},"id":1322,"properties":{"parentKey":"KEN:1159308881","sourceCountryId":"KEN","syntheticOperational":true,"territoryId":"territory:catalog:ffd8a9f114317f3d03261ca5a6a87095e61d0db03eb3a1b54f065f0231a90b7c"},"type":"Feature"},{"geometry":{"coordinates":[[[38.63309352518,0.215827338129],[38.747059712883,0.215827338129],[38.696418188804,0.431654676259],[38.63309352518,0.431654676259],[38.63309352518,0.215827338129]]],"type":"Polygon"},"id":1323,"properties":{"parentKey":"KEN:1159308875","sourceCountryId":"KEN","syntheticOperational":true,"territoryId":"territory:catalog:d5d9b2dbe08c321126eb82f107b1f55c865c1965cdfe2e66aa12086d1fa4d75c"},"type":"Feature"},{"geometry":{"coordinates":[[[39.496402877698,0.863309352518],[39.712230215827,0.863309352518],[39.712230215827,1.079136690647],[39.496402877698,1.079136690647],[39.496402877698,0.863309352518]]],"type":"Polygon"},"id":1324,"properties":{"parentKey":"KEN:1159308881","sourceCountryId":"KEN","syntheticOperational":true,"territoryId":"territory:catalog:9fafe91f647b2311ea322209df8f77e0f5df8805b2ec7dfe6949521d01045f05"},"type":"Feature"},{"geometry":{"coordinates":[[[39.412117576485,2.589928057554],[39.628074385123,2.589928057554],[39.628074385123,2.805755395683],[39.543817527011,2.805755395683],[39.412117576485,2.805755395683],[39.412117576485,2.589928057554]]],"type":"Polygon"},"id":1325,"properties":{"parentKey":"KEN:1159308881","sourceCountryId":"KEN","syntheticOperational":true,"territoryId":"territory:catalog:0e55103a0f2fca6a1a4e8ee3ad1b112d5d8ed16314156b87daad7ba091f97902"},"type":"Feature"},{"geometry":{"coordinates":[[[39.243243243243,3.453237410072],[39.297970140108,3.453237410072],[39.296186,3.476455],[39.296338,3.49199],[39.257583,3.469686],[39.243243243243,3.469316771379],[39.243243243243,3.453237410072]]],"type":"Polygon"},"id":1326,"properties":{"parentKey":"KEN:1159308875","sourceCountryId":"KEN","syntheticOperational":true,"territoryId":"territory:catalog:820b76879b1f635161fadae07f581175206a32bac1c5b0286b2d9f8809ae0110"},"type":"Feature"},{"geometry":{"coordinates":[[[38.848920863309,1.726618705036],[39.064748201439,1.726618705036],[39.064748201439,1.916219669503],[39.047493350875,1.942446043165],[38.980203959208,1.942446043165],[38.848920863309,1.942446043165],[38.848920863309,1.726618705036]]],"type":"Polygon"},"id":1327,"properties":{"parentKey":"KEN:1159308875","sourceCountryId":"KEN","syntheticOperational":true,"territoryId":"territory:catalog:5513031873e01b06588b5e22156cb703165935fe6a5c7a2cccd52ad20d279a79"},"type":"Feature"},{"geometry":{"coordinates":[[[38.76424715057,-2.352793903975],[38.772962,-2.350554],[38.778078,-2.348642],[38.782419,-2.346471],[38.793116,-2.337841],[38.797146,-2.333656],[38.884800288919,-2.158273381295],[38.76424715057,-2.158273381295],[38.76424715057,-2.352793903975]]],"type":"Polygon"},"id":1328,"properties":{"parentKey":"KEN:1159308875","sourceCountryId":"KEN","syntheticOperational":true,"territoryId":"territory:catalog:f5ccfca89c3a5010697e885c546f5463a0cc343c6c881db50545f3fb0660461c"},"type":"Feature"},{"geometry":{"coordinates":[[[34.918918918919,3.669064748201],[35.135135135135,3.669064748201],[35.135135135135,3.884892086331],[34.918918918919,3.884892086331],[34.918918918919,3.669064748201]]],"type":"Polygon"},"id":1329,"properties":{"parentKey":"KEN:1159308877","sourceCountryId":"KEN","syntheticOperational":true,"territoryId":"territory:catalog:a77c8f8b52f1bed270cdd9f50b520cbc3e5c194d78b3f8f94c0d4fb3da80096d"},"type":"Feature"},{"geometry":{"coordinates":[[[34.532374100719,0.863309352518],[34.748201438849,0.863309352518],[34.748201438849,0.905842095281],[34.7422,0.906663],[34.736619,0.908007],[34.731762,0.909764],[34.726956,0.913175],[34.624378,1.020765],[34.605929,1.048774],[34.604534,1.067325],[34.591192697959,1.079136690647],[34.532374100719,1.079136690647],[34.532374100719,0.863309352518]]],"type":"Polygon"},"id":1330,"properties":{"parentKey":"KEN:1159308879","sourceCountryId":"KEN","syntheticOperational":true,"territoryId":"territory:catalog:eb880cec595a13e47ed23d8725436680c768b4e35b2a287c8f2e1da014a2b31f"},"type":"Feature"},{"geometry":{"coordinates":[[[36.690647482014,0.431654676259],[36.906474820144,0.431654676259],[36.906474820144,0.582679917161],[36.878917,0.586218],[36.867238,0.589628],[36.862898,0.592574],[36.861347,0.59769],[36.861502,0.603374],[36.862898,0.608697],[36.865378,0.612986],[36.880778,0.624923],[36.886979,0.632365],[36.889614,0.636602],[36.899159335734,0.647482014388],[36.690647482014,0.647482014388],[36.690647482014,0.431654676259]]],"type":"Polygon"},"id":1331,"properties":{"parentKey":"KEN:1159308877","sourceCountryId":"KEN","syntheticOperational":true,"territoryId":"territory:catalog:40a0d2609a8fa2f63d7541df5141316dfebf8e675b0641cbd50c52580eac590d"},"type":"Feature"},{"geometry":{"coordinates":[[[38.201438848921,1.726618705036],[38.41726618705,1.726618705036],[38.41726618705,1.942446043165],[38.332333533293,1.942446043165],[38.201438848921,1.942446043165],[38.201438848921,1.726618705036]]],"type":"Polygon"},"id":1332,"properties":{"parentKey":"KEN:1159308875","sourceCountryId":"KEN","syntheticOperational":true,"territoryId":"territory:catalog:b0afe91c6f7a1506e90cf3889b6c1db66fa8cc5b4daa4f0bb4b34636c309a0db"},"type":"Feature"},{"geometry":{"coordinates":[[[39.064748201439,-0.040113024718],[39.064882,-0.040152],[39.069688,-0.04501],[39.073409,-0.049919],[39.077853,-0.052141],[39.090048,-0.062115],[39.143017,-0.127279],[39.228696,-0.130689],[39.24699,-0.139423],[39.265697,-0.137407],[39.280575539568,-0.134009300188],[39.280575539568,0],[39.064748201439,0],[39.064748201439,-0.040113024718]]],"type":"Polygon"},"id":1333,"properties":{"parentKey":"KEN:1159308881","sourceCountryId":"KEN","syntheticOperational":true,"territoryId":"territory:catalog:ff30a03c335347d7e6f21b8eef3092239567a08a8fb0082aa4446271d2f3cddb"},"type":"Feature"},{"geometry":{"coordinates":[[[37.512617451033,1.510791366906],[37.546473,1.430662],[37.549419,1.426864],[37.552675,1.423453],[37.553956834532,1.422622028176],[37.553956834532,1.510791366906],[37.512617451033,1.510791366906]]],"type":"Polygon"},"id":1334,"properties":{"parentKey":"KEN:1159308875","sourceCountryId":"KEN","syntheticOperational":true,"territoryId":"territory:catalog:28395e500ecb2cbc03472e4fe58c545c813f922b3711a7f598bd0496564fa497"},"type":"Feature"},{"geometry":{"coordinates":[[[38.201438848921,-1.510791366906],[38.41726618705,-1.510791366906],[38.41726618705,-1.294964028777],[38.201438848921,-1.294964028777],[38.201438848921,-1.510791366906]]],"type":"Polygon"},"id":1335,"properties":{"parentKey":"KEN:1159308875","sourceCountryId":"KEN","syntheticOperational":true,"territoryId":"territory:catalog:a68597e50b43987eed90501e9fd1705c3676699625e5e6702c442caa031ab1a7"},"type":"Feature"},{"geometry":{"coordinates":[[[40.62424969988,3.237410071942],[40.840336134454,3.237410071942],[40.840336134454,3.453237410072],[40.756756756757,3.453237410072],[40.62424969988,3.453237410072],[40.62424969988,3.237410071942]]],"type":"Polygon"},"id":1336,"properties":{"parentKey":"KEN:1159308881","sourceCountryId":"KEN","syntheticOperational":true,"territoryId":"territory:catalog:502900db9d72f3bd29f7d193e22cfdde253a256f99401e3ae8656b92de471d94"},"type":"Feature"},{"geometry":{"coordinates":[[[40.972972972973,3.884892086331],[41.189189189189,3.884892086331],[41.189189189189,3.939638811313],[41.162996,3.94268],[41.114524,3.962343],[41.070082,3.996915],[41.0059,4.086677],[40.990651656609,4.10071942446],[40.972972972973,4.10071942446],[40.972972972973,3.884892086331]]],"type":"Polygon"},"id":1337,"properties":{"parentKey":"KEN:1159308881","sourceCountryId":"KEN","syntheticOperational":true,"territoryId":"territory:catalog:d6a263fdf882ffa0221d2fcb995837c15b8d9321938e567abb635b1e8da40ffa"},"type":"Feature"},{"geometry":{"coordinates":[[[38.980203959208,-1.965319478413],[38.983957,-1.947374],[38.984260349209,-1.942446043165],[38.980203959208,-1.942446043165],[38.980203959208,-1.965319478413]]],"type":"Polygon"},"id":1338,"properties":{"parentKey":"KEN:1159308875","sourceCountryId":"KEN","syntheticOperational":true,"territoryId":"territory:catalog:a4ab947596ef248f13aca149e17a6e99a11896c3654a22efabbe6ec0847f0650"},"type":"Feature"},{"geometry":{"coordinates":[[[40.491901619676,2.589928057554],[40.707858428314,2.589928057554],[40.707858428314,2.805755395683],[40.62424969988,2.805755395683],[40.491901619676,2.805755395683],[40.491901619676,2.589928057554]]],"type":"Polygon"},"id":1339,"properties":{"parentKey":"KEN:1159308881","sourceCountryId":"KEN","syntheticOperational":true,"territoryId":"territory:catalog:53f4a0f2df7b8d9e2b45b24cae34930a3330d00a924d38162f9d416cf554d850"},"type":"Feature"},{"geometry":{"coordinates":[[[38.869605195006,-0.863309352518],[38.870682,-0.865167],[38.968744625962,-1.079136690647],[39.064748201439,-1.079136690647],[39.064748201439,-0.863309352518],[38.869605195006,-0.863309352518]]],"type":"Polygon"},"id":1340,"properties":{"parentKey":"KEN:1159309927","sourceCountryId":"KEN","syntheticOperational":true,"territoryId":"territory:catalog:4ddabede8205969902c37ca8868bc7be1612436b78c01722d5e415a3f0a3acb8"},"type":"Feature"},{"geometry":{"coordinates":[[[38.41726618705,-1.079136690647],[38.63309352518,-1.079136690647],[38.63309352518,-0.863309352518],[38.41726618705,-0.863309352518],[38.41726618705,-1.079136690647]]],"type":"Polygon"},"id":1341,"properties":{"parentKey":"KEN:1159308875","sourceCountryId":"KEN","syntheticOperational":true,"territoryId":"territory:catalog:9e1ff2fb0c2270b5cebc7a3c028e899fe479295fc87745d9fbbb659e477f96d0"},"type":"Feature"},{"geometry":{"coordinates":[[[35.611510791367,0.215827338129],[35.827338129496,0.215827338129],[35.827338129496,0.431654676259],[35.611510791367,0.431654676259],[35.611510791367,0.215827338129]]],"type":"Polygon"},"id":1342,"properties":{"parentKey":"KEN:1159308877","sourceCountryId":"KEN","syntheticOperational":true,"territoryId":"territory:catalog:0f9c725cbb26f27d80dde55d6ea0f9ab6eda941a2c9f187aaad34b4f4e36cfac"},"type":"Feature"},{"geometry":{"coordinates":[[[37.338129496403,-0.21582733813],[37.342485837987,-0.21582733813],[37.338129496403,-0.205198860419],[37.338129496403,-0.21582733813]]],"type":"Polygon"},"id":1343,"properties":{"parentKey":"KEN:1159310037","sourceCountryId":"KEN","syntheticOperational":true,"territoryId":"territory:catalog:022a413691d0f76e47abe92d76903ddc4f662316794f9a816acb9f2087124e96"},"type":"Feature"},{"geometry":{"coordinates":[[[40.791366906475,-0.647482014388],[40.976876024376,-0.647482014388],[40.975514,-0.545237],[40.974067,-0.436716],[40.973999448459,-0.431654676259],[40.791366906475,-0.431654676259],[40.791366906475,-0.647482014388]]],"type":"Polygon"},"id":1344,"properties":{"parentKey":"KEN:1159308881","sourceCountryId":"KEN","syntheticOperational":true,"territoryId":"territory:catalog:9b7f77e0fe4d12c699a820b4eafc9db2a37e39c2a3b02f5698607a38cf6fd6d6"},"type":"Feature"},{"geometry":{"coordinates":[[[37.252549490102,2.374100719424],[37.46850629874,2.374100719424],[37.46850629874,2.589928057554],[37.252549490102,2.589928057554],[37.252549490102,2.374100719424]]],"type":"Polygon"},"id":1345,"properties":{"parentKey":"KEN:1159308875","sourceCountryId":"KEN","syntheticOperational":true,"territoryId":"territory:catalog:38e89aaf7eedcc05667b80eaef23a8d535bbf334ed4ee7dcbb70d5df0289cfba"},"type":"Feature"},{"geometry":{"coordinates":[[[36.690647482014,-1.282611442565],[36.702959,-1.269276],[36.719857,-1.244678],[36.725593,-1.238994],[36.732415,-1.235118],[36.740011,-1.233206],[36.752413,-1.227263],[36.758511,-1.222302],[36.790447,-1.182201],[36.800524,-1.174347],[36.808637,-1.170264],[36.814063,-1.171091],[36.854526,-1.184217],[36.859952,-1.184785],[36.865998,-1.183442],[36.875197,-1.179876],[36.882948,-1.177861],[36.900156,-1.175432],[36.905582,-1.172745],[36.906474820144,-1.172098420287],[36.906474820144,-1.079136690647],[36.690647482014,-1.079136690647],[36.690647482014,-1.282611442565]]],"type":"Polygon"},"id":1346,"properties":{"parentKey":"KEN:1159310037","sourceCountryId":"KEN","syntheticOperational":true,"territoryId":"territory:catalog:fccef8d53bc3ed1882057202f95b72790fefe6a5b8045f77db9e5f3a2f73f911"},"type":"Feature"},{"geometry":{"coordinates":[[[36.261218711611,0],[36.474820143885,0],[36.474820143885,0.116603104724],[36.471294,0.118494],[36.466591,0.117461],[36.463335,0.11436],[36.46008,0.104128],[36.457909,0.099426],[36.454189,0.096325],[36.401737,0.064234],[36.39259,0.06134],[36.376157,0.05855],[36.353781,0.059997],[36.342309,0.059066],[36.336263,0.056379],[36.333938,0.051935],[36.331147,0.042013],[36.328512,0.037672],[36.325101,0.035037],[36.284277,0.018656],[36.27482,0.012868],[36.261487,0.000517],[36.261218711611,0]]],"type":"Polygon"},"id":1347,"properties":{"parentKey":"KEN:1159310037","sourceCountryId":"KEN","syntheticOperational":true,"territoryId":"territory:catalog:6aa77cd76da60ef4b1cf14a44b5b2575e2845dec221c0a2ac950e5c977a792b1"},"type":"Feature"},{"geometry":{"coordinates":[[[39.322646930284,3.237410071942],[39.327192,3.199779],[39.327731092437,3.123138604876],[39.327731092437,3.237410071942],[39.322646930284,3.237410071942]]],"type":"Polygon"},"id":1348,"properties":{"parentKey":"KEN:1159308881","sourceCountryId":"KEN","syntheticOperational":true,"territoryId":"territory:catalog:679800dff0038a107a51c041ec1cc242e0301a3ddfafb08ed7b9dcfa2b132838"},"type":"Feature"}],"type":"FeatureCollection"}
