{"features":[{"geometry":{"coordinates":[[[16.498955987821,46.510791366906],[16.515302,46.501711],[16.512253299152,46.510791366906],[16.498955987821,46.510791366906]]],"type":"Polygon"},"id":1,"properties":{"parentKey":"SVN:1159308687","sourceCountryId":"SVN","syntheticOperational":true,"territoryId":"territory:catalog:724d32b1204286236e12e47d061a9209d05d5e6af464f786f854f14f61b3d864"},"type":"Feature"},{"geometry":{"coordinates":[[[15.362068965517,45.971223021583],[15.391770003668,45.971223021583],[15.424154,45.993989],[15.429425,46.000629],[15.429891,46.006985],[15.427875,46.012618],[15.422604,46.017889],[15.419039,46.025821],[15.416713,46.033159],[15.416713,46.041789],[15.419504,46.04644],[15.420279,46.049928],[15.418418,46.063313],[15.368447,46.072124],[15.362068965517,46.071696584306],[15.362068965517,45.971223021583]]],"type":"Polygon"},"id":2,"properties":{"parentKey":"SVN:1159310777","sourceCountryId":"SVN","syntheticOperational":true,"territoryId":"territory:catalog:0568f3bf0203ede78e0076710ef7832f171ce70e1ca31e4b519021ba5e220057"},"type":"Feature"},{"geometry":{"coordinates":[[[13.886109,46.134549],[13.890295,46.124833],[13.899596,46.113129],[13.901612,46.105196],[13.901457,46.097445],[13.903782,46.088608],[13.906418,46.082872],[13.907221509105,46.079136690647],[13.956601099266,46.079136690647],[13.956854,46.079307],[13.958249,46.08202],[13.959024,46.085404],[13.960109,46.087316],[13.964605,46.086825],[13.965517241379,46.086258973242],[13.965517241379,46.182296814499],[13.957939,46.17837],[13.923626,46.170722],[13.906573,46.163539],[13.89355,46.154212],[13.88983,46.147933],[13.886212,46.140026],[13.886109,46.134549]]],"type":"Polygon"},"id":3,"properties":{"parentKey":"SVN:1159310825","sourceCountryId":"SVN","syntheticOperational":true,"territoryId":"territory:catalog:c3556b6aeb2fb3dcbf4e870ac93b74ba202542e7168e0fb0286bd880f4ea8b22"},"type":"Feature"},{"geometry":{"coordinates":[[[14.700260642919,46.450990697709],[14.72213,46.447992],[14.733654,46.442385],[14.754583,46.421456],[14.769931,46.431275],[14.775667,46.431895],[14.804089,46.425125],[14.85664639444,46.42417991079],[14.85664639444,46.501128158616],[14.85158,46.502278],[14.836310952272,46.510791366906],[14.791210344874,46.510791366906],[14.788585,46.506646],[14.783004,46.503261],[14.760887,46.496284],[14.735255,46.493339],[14.726367,46.497706],[14.709727,46.492512],[14.703733,46.487758],[14.700260642919,46.48300126976],[14.700260642919,46.450990697709]]],"type":"Polygon"},"id":4,"properties":{"parentKey":"SVN:1159310679","sourceCountryId":"SVN","syntheticOperational":true,"territoryId":"territory:catalog:f498b821dee4c7b3ee57684f0f5f831de1668f5633f18518e7970504165f2b52"},"type":"Feature"},{"geometry":{"coordinates":[[[15.482189400521,46.510791366906],[15.562265503814,46.510791366906],[15.550297,46.518014],[15.560374,46.562119],[15.495985,46.537754],[15.482807,46.534498],[15.482189400521,46.53460073739],[15.482189400521,46.510791366906]]],"type":"Polygon"},"id":5,"properties":{"parentKey":"SVN:1159308591","sourceCountryId":"SVN","syntheticOperational":true,"territoryId":"territory:catalog:860a758828fe165e2f8f99c290c732e86651bbe8bdfb569ff465f5e2a80b9576"},"type":"Feature"},{"geometry":{"coordinates":[[[14.741379310345,46.089380685302],[14.744661,46.09052],[14.749932,46.093156],[14.753963,46.100184],[14.741379310345,46.099439739953],[14.741379310345,46.089380685302]]],"type":"Polygon"},"id":6,"properties":{"parentKey":"SVN:1159310683","sourceCountryId":"SVN","syntheticOperational":true,"territoryId":"territory:catalog:7fdef67d25b576ec58d72c41a386a72376d7493336e02db5e5eed3e48b91bba2"},"type":"Feature"},{"geometry":{"coordinates":[[[15.694474,46.506025],[15.70052,46.498092],[15.699435,46.49432],[15.695094,46.48662],[15.69773,46.481453],[15.709512,46.464968],[15.716953,46.460007],[15.732766,46.474425],[15.729821,46.480186],[15.72765,46.486155],[15.723309,46.491684],[15.72455,46.494656],[15.733076,46.503234],[15.731681,46.504759],[15.702950311658,46.510791366906],[15.696042549619,46.510791366906],[15.694474,46.506025]]],"type":"Polygon"},"id":7,"properties":{"parentKey":"SVN:1159308611","sourceCountryId":"SVN","syntheticOperational":true,"territoryId":"territory:catalog:bf481f455b975db13042536fac9ef4e27f7c0df073c9f7be50bc517aa0660bd8"},"type":"Feature"},{"geometry":{"coordinates":[[[13.672017152687,46.294964028777],[13.714285714286,46.294964028777],[13.714285714286,46.300085862823],[13.672017152687,46.294964028777]]],"type":"Polygon"},"id":8,"properties":{"parentKey":"SVN:1159310867","sourceCountryId":"SVN","syntheticOperational":true,"territoryId":"territory:catalog:8df1fb512a063750d90863d43614841d075c8518b1ecc10f9bb62442f70b3872"},"type":"Feature"},{"geometry":{"coordinates":[[[14.424552429668,45.501966492337],[14.429744,45.505389],[14.468915,45.525594],[14.479888266118,45.539568345324],[14.473909324209,45.539568345324],[14.424552429668,45.539568345324],[14.424552429668,45.501966492337]]],"type":"Polygon"},"id":9,"properties":{"parentKey":"SVN:1159310701","sourceCountryId":"SVN","syntheticOperational":true,"territoryId":"territory:catalog:702235086dc187bdc1a0cca42dc7b22eb248bab847670bc09b0428dac729f692"},"type":"Feature"},{"geometry":{"coordinates":[[[15.896103896104,46.344736585931],[15.900508,46.343399],[15.906244,46.340893],[15.910481,46.338128],[15.912807,46.334795],[15.913427,46.332211],[15.913582,46.327663],[15.912342,46.325286],[15.910171,46.322703],[15.909396,46.319344],[15.910171,46.315468],[15.911877,46.311825],[15.914357,46.308569],[15.918078,46.302342],[15.918698,46.299345],[15.918388,46.296451],[15.918044895364,46.294964028777],[15.989493747332,46.294964028777],[15.989133,46.29534],[15.97518,46.327715],[15.97611,46.335467],[15.97332,46.342288],[15.970995,46.346525],[15.967274,46.349187],[15.969289,46.361899],[15.951254,46.365852],[15.942572,46.369573],[15.936371,46.380735],[15.935131,46.383397],[15.928465,46.386885],[15.904074,46.393603],[15.896322,46.396858],[15.896103896104,46.396753575238],[15.896103896104,46.344736585931]]],"type":"Polygon"},"id":10,"properties":{"parentKey":"SVN:1159308597","sourceCountryId":"SVN","syntheticOperational":true,"territoryId":"territory:catalog:0ff36735e42e9d313efc916bbd040c2895572a7be84f4f5d3025263266f18b8f"},"type":"Feature"},{"geometry":{"coordinates":[[[14.935842600513,45.539568345324],[15.038363171356,45.539568345324],[15.078815469097,45.539568345324],[15.08185,45.54244],[15.086811,45.544352],[15.089820359281,45.546263012484],[15.089820359281,45.557942138631],[15.088981,45.558511],[15.083555,45.563576],[15.08371,45.574738],[15.079059,45.583988],[15.079989,45.589879],[15.073633,45.601946],[15.056373,45.606829],[15.037615,45.631324],[15.024604871314,45.647482014388],[14.935842600513,45.647482014388],[14.935842600513,45.539568345324]]],"type":"Polygon"},"id":11,"properties":{"parentKey":"SVN:1159308563","sourceCountryId":"SVN","syntheticOperational":true,"territoryId":"territory:catalog:fa1c3a29abab6fb203dc058055cb92ac3633dbcbb7c7f8a9bef60ef7098d475e"},"type":"Feature"},{"geometry":{"coordinates":[[[16.183828366168,46.726618705036],[16.33049918832,46.726618705036],[16.325546,46.733273],[16.314177,46.743324],[16.300431,46.772082],[16.298157,46.775802],[16.29949,46.77951],[16.298726,46.779186],[16.296349,46.778179],[16.290458,46.777093],[16.257747,46.780039],[16.240642,46.762366],[16.232116,46.757095],[16.223744,46.746863],[16.217853,46.744382],[16.210566,46.745002],[16.190103,46.727226],[16.184315,46.727122],[16.183828366168,46.726618705036]]],"type":"Polygon"},"id":12,"properties":{"parentKey":"SVN:1159310895","sourceCountryId":"SVN","syntheticOperational":true,"territoryId":"territory:catalog:a14d88fe08e6e2871e41e9aafcd78154b069236d21688494f33259897c3baf5a"},"type":"Feature"},{"geometry":{"coordinates":[[[13.558441558442,46.294964028777],[13.670591057342,46.294964028777],[13.651446,46.296296],[13.629432,46.300533],[13.584422,46.299603],[13.558441558442,46.301442142382],[13.558441558442,46.294964028777]]],"type":"Polygon"},"id":13,"properties":{"parentKey":"SVN:1159310867","sourceCountryId":"SVN","syntheticOperational":true,"territoryId":"territory:catalog:a01fa9d29451a1bca053247ceaaf17915c032f84fbffa20d8ce1d4ff8aec5f00"},"type":"Feature"},{"geometry":{"coordinates":[[[13.894946,46.067654],[13.907968,46.061995],[13.913859,46.06091],[13.923471,46.061271],[13.926416,46.065638],[13.926261,46.069075],[13.927502,46.071142],[13.930912,46.071581],[13.935563,46.069281],[13.939594,46.069075],[13.945072,46.069746],[13.949257,46.074191],[13.956601099266,46.079136690647],[13.907221509105,46.079136690647],[13.907813,46.076387],[13.906883,46.073209],[13.894946,46.067654]]],"type":"Polygon"},"id":14,"properties":{"parentKey":"SVN:1159310825","sourceCountryId":"SVN","syntheticOperational":true,"territoryId":"territory:catalog:7bbac539c49505286c0e83cfe8ceb8626920e8dc23b1e99f9c92cc4ba540cbe8"},"type":"Feature"},{"geometry":{"coordinates":[[[15.038363171356,45.480251758389],[15.056166,45.479912],[15.066128,45.473934],[15.074873,45.488955],[15.086656,45.499187],[15.092857,45.502443],[15.103709,45.506396],[15.118127,45.508747],[15.121279,45.511641],[15.120762,45.516499],[15.113011,45.520323],[15.101539,45.519444],[15.090531,45.516447],[15.079679,45.514535],[15.073013,45.517067],[15.069758,45.522855],[15.073168,45.534224],[15.078815469097,45.539568345324],[15.038363171356,45.539568345324],[15.038363171356,45.480251758389]]],"type":"Polygon"},"id":15,"properties":{"parentKey":"SVN:1159308563","sourceCountryId":"SVN","syntheticOperational":true,"territoryId":"territory:catalog:84f168ee72ab0c3da4b9aea4827ed5bdb62cf616725ef1a453d83f64dda740da"},"type":"Feature"},{"geometry":{"coordinates":[[[15.051724137931,46.079136690647],[15.095800694008,46.079136690647],[15.097508,46.079462],[15.102004,46.081348],[15.106344,46.093518],[15.099058,46.10331],[15.097353,46.107367],[15.088051,46.113671],[15.08092,46.115945],[15.077509,46.119201],[15.071308,46.126849],[15.068362,46.129226],[15.065055,46.136512],[15.065675,46.141577],[15.070533,46.149742],[15.08402,46.165606],[15.102004,46.173926],[15.113321,46.183383],[15.111148787448,46.187050359712],[15.108056436184,46.187050359712],[15.077664,46.184365],[15.067869345695,46.187050359712],[15.051724137931,46.187050359712],[15.051724137931,46.079136690647]]],"type":"Polygon"},"id":16,"properties":{"parentKey":"SVN:1159310697","sourceCountryId":"SVN","syntheticOperational":true,"territoryId":"territory:catalog:70ec623e1349ba803e06b695ea37ce97d4cbf2f6afdc2d5af8d430293b2e90f0"},"type":"Feature"},{"geometry":{"coordinates":[[[14.12589571138,46.402877697842],[14.181818181818,46.402877697842],[14.199650107861,46.402877697842],[14.200147,46.403835],[14.214564,46.416986],[14.223143,46.421766],[14.231103388358,46.423612500937],[14.231103388358,46.438458339112],[14.149865,46.440061],[14.147933,46.440425],[14.140874,46.436391],[14.137773,46.434117],[14.129401,46.425125],[14.127851,46.406832],[14.12589571138,46.402877697842]]],"type":"Polygon"},"id":17,"properties":{"parentKey":"SVN:1159308679","sourceCountryId":"SVN","syntheticOperational":true,"territoryId":"territory:catalog:4b7f2992fdf03cf6de473c8cc481356bf54298fb152eead64be090437e1259f2"},"type":"Feature"},{"geometry":{"coordinates":[[[15.951346655083,46.533161883369],[15.9542,46.532974],[15.959161,46.533439],[15.986652,46.546668],[15.968514,46.56615],[15.978281,46.585968],[15.955905,46.588216],[15.951346655083,46.585632864371],[15.951346655083,46.533161883369]]],"type":"Polygon"},"id":18,"properties":{"parentKey":"SVN:1159308543","sourceCountryId":"SVN","syntheticOperational":true,"territoryId":"territory:catalog:59cbe508d3204d0d55ab9e1a267681545908be671582a6d039ac5aa419159150"},"type":"Feature"},{"geometry":{"coordinates":[[[14.569719293822,45.755395683453],[14.569788,45.752143],[14.576144,45.735322],[14.598934,45.729535],[14.619604,45.728889],[14.627887082977,45.725342160361],[14.627887082977,45.755395683453],[14.569719293822,45.755395683453]]],"type":"Polygon"},"id":19,"properties":{"parentKey":"SVN:1159308653","sourceCountryId":"SVN","syntheticOperational":true,"territoryId":"territory:catalog:af51010ef176c823d874d5de12e0a65470620c0fdb08fc9c0a63746f60e4eefa"},"type":"Feature"},{"geometry":{"coordinates":[[[15.825112,46.308492],[15.84538968798,46.294964028777],[15.896103896104,46.294964028777],[15.896103896104,46.344736585931],[15.88392,46.348437],[15.879889,46.350401],[15.868882,46.351538],[15.864851,46.35159],[15.85958,46.350194],[15.853999,46.349471],[15.846506,46.347456],[15.842165,46.346887],[15.837359,46.345182],[15.831778,46.339368],[15.828368,46.33371],[15.828988,46.327353],[15.825112,46.308492]]],"type":"Polygon"},"id":20,"properties":{"parentKey":"SVN:1159308619","sourceCountryId":"SVN","syntheticOperational":true,"territoryId":"territory:catalog:29356db696cff3b4c54201a3ae0cdac60d4d4c4f6d7128133d4087684112f3bd"},"type":"Feature"},{"geometry":{"coordinates":[[[14.709991027373,46.079136690647],[14.712678429084,46.079136690647],[14.712363,46.079307],[14.709991027373,46.079136690647]]],"type":"Polygon"},"id":21,"properties":{"parentKey":"SVN:1159310719","sourceCountryId":"SVN","syntheticOperational":true,"territoryId":"territory:catalog:d17bcc0b6d65d3923d770fcfc968dceda6b65f710207e237bb225e788c5d0ef8"},"type":"Feature"},{"geometry":{"coordinates":[[[15.571381,45.972233],[15.571404498456,45.971223021583],[15.618556701031,45.971223021583],[15.672413793103,45.971223021583],[15.672413793103,46.030158411733],[15.667757,46.02639],[15.623832,46.003704],[15.597632,45.994454],[15.58368,45.993989],[15.571381,45.972233]]],"type":"Polygon"},"id":22,"properties":{"parentKey":"SVN:1159310665","sourceCountryId":"SVN","syntheticOperational":true,"territoryId":"territory:catalog:8e109bec1361c92a37747e389bb5716ed41a4155a0f63508730f64e3485bc6fd"},"type":"Feature"},{"geometry":{"coordinates":[[[14.536082474227,45.808627917719],[14.564207,45.790074],[14.586996,45.793433],[14.627821,45.798342],[14.654486,45.805163],[14.670454,45.814181],[14.687714,45.817979],[14.669213,45.837306],[14.651695,45.846427],[14.645184,45.848571],[14.638828,45.849346],[14.636967,45.853894],[14.639138,45.858726],[14.640223,45.862756],[14.640223,45.863309352518],[14.536082474227,45.863309352518],[14.536082474227,45.808627917719]]],"type":"Polygon"},"id":23,"properties":{"parentKey":"SVN:1159310803","sourceCountryId":"SVN","syntheticOperational":true,"territoryId":"territory:catalog:d8b4173991676d0d927caae8b7a875e654f4a7332947b6bd6c90cdc768f3430e"},"type":"Feature"},{"geometry":{"coordinates":[[[15.272727272727,46.36504017465],[15.331189,46.365206],[15.35403,46.383086],[15.356665,46.388332],[15.35837,46.397633],[15.35558,46.402853],[15.355529058367,46.402877697842],[15.325803649001,46.402877697842],[15.272727272727,46.402877697842],[15.272727272727,46.36504017465]]],"type":"Polygon"},"id":24,"properties":{"parentKey":"SVN:1159310807","sourceCountryId":"SVN","syntheticOperational":true,"territoryId":"territory:catalog:26c43a0286744f359a740c6d8aa313c3ba8f6fb4130366138c98340393586f33"},"type":"Feature"},{"geometry":{"coordinates":[[[14.896551724138,46.103880699493],[14.903411,46.09574],[14.908062,46.093569],[14.911318,46.092872],[14.914573,46.093647],[14.918449,46.094086],[14.930696,46.094034],[14.946974,46.096179],[14.95147,46.097393],[14.955553,46.099099],[14.959118,46.101114],[14.96842,46.108659],[14.976172,46.112199],[14.999891,46.119097],[15.011725,46.116694],[15.01312,46.116565],[15.01467,46.116669],[15.021957,46.119304],[15.024437,46.12057],[15.028623,46.123542],[15.031259,46.125919],[15.031104,46.131345],[15.027073,46.140181],[15.01343,46.155917],[14.999116,46.168061],[14.99524,46.168681],[14.991209,46.167906],[14.987799,46.166485],[14.985938,46.166795],[14.986403,46.168758],[14.99276,46.173254],[15.004387,46.177208],[15.008314,46.179249],[15.01281,46.182194],[15.009074405411,46.187050359712],[14.961038961039,46.187050359712],[14.898676961401,46.187050359712],[14.896551724138,46.184293942961],[14.896551724138,46.103880699493]]],"type":"Polygon"},"id":25,"properties":{"parentKey":"SVN:1159310815","sourceCountryId":"SVN","syntheticOperational":true,"territoryId":"territory:catalog:561c5f95346fa04783628079896715cd2a01d7d8bf8439a5399366515c7d47e6"},"type":"Feature"},{"geometry":{"coordinates":[[[15.099187951341,46.618705035971],[15.104794,46.611651],[15.125775,46.601239],[15.140192,46.599792],[15.154455,46.603616],[15.16941789748,46.611775987958],[15.16941789748,46.618705035971],[15.099187951341,46.618705035971]]],"type":"Polygon"},"id":26,"properties":{"parentKey":"SVN:1159310747","sourceCountryId":"SVN","syntheticOperational":true,"territoryId":"territory:catalog:89551472180a82e6711925dbd8e26e506af71866c6c841b6b57dc6f190b85c87"},"type":"Feature"},{"geometry":{"coordinates":[[[14.984951593525,45.971223021583],[14.999891,45.96443],[15,45.964456031193],[15,45.971223021583],[14.984951593525,45.971223021583]]],"type":"Polygon"},"id":27,"properties":{"parentKey":"SVN:1159317881","sourceCountryId":"SVN","syntheticOperational":true,"territoryId":"territory:catalog:a6fe0e4a114ad95771ba757a1b765981c323d047c0fea2c7b01dc66cd47d631e"},"type":"Feature"},{"geometry":{"coordinates":[[[14.908823365774,45.755395683453],[14.935842600513,45.755395683453],[14.983049852927,45.755395683453],[14.982063,45.766302],[14.939223,45.771548],[14.926355,45.769196],[14.908823365774,45.755395683453]]],"type":"Polygon"},"id":28,"properties":{"parentKey":"SVN:1159308563","sourceCountryId":"SVN","syntheticOperational":true,"territoryId":"territory:catalog:9df9c3cf0849c6c983fed302c4230bc76a3b9997438df639a163f7a9fe7d8570"},"type":"Feature"},{"geometry":{"coordinates":[[[15.16941789748,46.510791366906],[15.195686129166,46.510791366906],[15.195745,46.510908],[15.188768,46.517213],[15.16941789748,46.524172228735],[15.16941789748,46.510791366906]]],"type":"Polygon"},"id":29,"properties":{"parentKey":"SVN:1159310785","sourceCountryId":"SVN","syntheticOperational":true,"territoryId":"territory:catalog:3ceb7bfc0d1f53cadc7fdd0c7c96650f182438c4ff9cc8baa30502cae7cbc870"},"type":"Feature"},{"geometry":{"coordinates":[[[15.242797694938,46.402877697842],[15.272727272727,46.402877697842],[15.325803649001,46.402877697842],[15.325803649001,46.428601062888],[15.325297,46.429208],[15.324677,46.435202],[15.325803649001,46.437213465467],[15.325803649001,46.45079727269],[15.324832,46.451248],[15.298012,46.44993],[15.281062,46.446726],[15.273466,46.443289],[15.26711,46.437269],[15.253932,46.414066],[15.242797694938,46.402877697842]]],"type":"Polygon"},"id":30,"properties":{"parentKey":"SVN:1159310807","sourceCountryId":"SVN","syntheticOperational":true,"territoryId":"territory:catalog:f730053855906edce51f9b5b02a79332e0796af7ba085927bea8bb5af0792c43"},"type":"Feature"},{"geometry":{"coordinates":[[[15.794960903562,46.510791366906],[15.81343875869,46.510791366906],[15.814415,46.512045],[15.817671,46.514861],[15.81519,46.520158],[15.809299,46.525326],[15.794960903562,46.532596262909],[15.794960903562,46.510791366906]]],"type":"Polygon"},"id":31,"properties":{"parentKey":"SVN:1159310687","sourceCountryId":"SVN","syntheticOperational":true,"territoryId":"territory:catalog:98e29e9aaeb4965794f4602a0513aea39f876ddf54fb4c395178e770127f92ea"},"type":"Feature"},{"geometry":{"coordinates":[[[14.210487547836,46.079136690647],[14.275862068966,46.079136690647],[14.275862068966,46.105280540052],[14.267326,46.106488],[14.231979,46.0999],[14.211154,46.088143],[14.210487547836,46.079136690647]]],"type":"Polygon"},"id":32,"properties":{"parentKey":"SVN:1159308557","sourceCountryId":"SVN","syntheticOperational":true,"territoryId":"territory:catalog:46a07f19d6e74248aeffaf2d49ddfe7c4ad161f8be32dcb6055b25ab65a97365"},"type":"Feature"},{"geometry":{"coordinates":[[[15.913573307442,46.618705035971],[15.913582,46.61855],[15.916373,46.610799],[15.933271,46.596407],[15.951346655083,46.589865615765],[15.951346655083,46.618705035971],[15.913573307442,46.618705035971]]],"type":"Polygon"},"id":33,"properties":{"parentKey":"SVN:1159309559","sourceCountryId":"SVN","syntheticOperational":true,"territoryId":"territory:catalog:1cf6e8019741660f612ba4c8e6a18710ef76109ae8ff3922db27f70fa4be47d7"},"type":"Feature"},{"geometry":{"coordinates":[[[14.891732,46.423549],[14.900931,46.417632],[14.901702336678,46.402877697842],[14.961038961039,46.402877697842],[15.01303214596,46.402877697842],[15.01303214596,46.443836228951],[14.999891,46.446829],[14.956328,46.459852],[14.955863,46.447243],[14.942013,46.440008],[14.891732,46.423549]]],"type":"Polygon"},"id":34,"properties":{"parentKey":"SVN:1159310793","sourceCountryId":"SVN","syntheticOperational":true,"territoryId":"territory:catalog:722e156d1861555f812c949cffe1ea3afc54df32c4370590a7abe071e3b267fa"},"type":"Feature"},{"geometry":{"coordinates":[[[14.896551724138,45.971223021583],[14.909260433737,45.971223021583],[14.905581,45.972905],[14.896551724138,45.982283099937],[14.896551724138,45.971223021583]]],"type":"Polygon"},"id":35,"properties":{"parentKey":"SVN:1159310703","sourceCountryId":"SVN","syntheticOperational":true,"territoryId":"territory:catalog:6303993bd03d6e7c7ca81c53de1e9e27e87a27c49b525e2f9038bc1305e9b213"},"type":"Feature"},{"geometry":{"coordinates":[[[13.852261,46.00205],[13.865748,45.988769],[13.866679,45.984842],[13.87319,45.980243],[13.882957,45.97554],[13.89510692287,45.971223021583],[13.917525773196,45.971223021583],[13.965517241379,45.971223021583],[13.965517241379,46.079136690647],[13.956601099266,46.079136690647],[13.949257,46.074191],[13.945072,46.069746],[13.939594,46.069075],[13.935563,46.069281],[13.930912,46.071581],[13.927502,46.071142],[13.926261,46.069075],[13.926416,46.065638],[13.923471,46.061271],[13.913859,46.06091],[13.907968,46.061995],[13.894946,46.067654],[13.887659,46.068816],[13.886109,46.066594],[13.882181,46.063287],[13.87691,46.062848],[13.867454,46.064837],[13.863578,46.063158],[13.860942,46.058739],[13.862028,46.055406],[13.864818,46.052409],[13.871019,46.049903],[13.873655,46.046802],[13.874585,46.042978],[13.87257,46.041169],[13.868229,46.040808],[13.867144,46.037164],[13.867764,46.031816],[13.867764,46.025821],[13.865903,46.006985],[13.852261,46.00205]]],"type":"Polygon"},"id":36,"properties":{"parentKey":"SVN:1159310829","sourceCountryId":"SVN","syntheticOperational":true,"territoryId":"territory:catalog:d8d4e34640c48f62d8e4fce9304b1327ffdaece34fd95564921655e6c40bc19f"},"type":"Feature"},{"geometry":{"coordinates":[[[15.309278350515,45.794474269674],[15.320492,45.782451],[15.330258,45.755528],[15.330258,45.755399],[15.330258880221,45.755395683453],[15.343536681453,45.755395683453],[15.429063,45.775295],[15.429755,45.775691],[15.429374,45.775966],[15.423999,45.779842],[15.401055,45.809917],[15.399608,45.82356],[15.396818,45.835497],[15.395577,45.857201],[15.393231561583,45.863309352518],[15.309278350515,45.863309352518],[15.309278350515,45.794474269674]]],"type":"Polygon"},"id":37,"properties":{"parentKey":"SVN:1159310775","sourceCountryId":"SVN","syntheticOperational":true,"territoryId":"territory:catalog:fb14083607b8273efa363ecf4b2c304319e22acf4b56573a7badc58a06ec6d1d"},"type":"Feature"},{"geometry":{"coordinates":[[[15.607554,46.065871],[15.619646,46.040859],[15.624142,46.03781],[15.63117,46.034193],[15.638612,46.032281],[15.663261,46.032178],[15.667757,46.02639],[15.672413793103,46.030158411733],[15.672413793103,46.057048976609],[15.671735,46.057397],[15.643727,46.06551],[15.631531,46.070574],[15.623605,46.076415],[15.623522,46.076361],[15.607554,46.065871]]],"type":"Polygon"},"id":38,"properties":{"parentKey":"SVN:1159308669","sourceCountryId":"SVN","syntheticOperational":true,"territoryId":"territory:catalog:92961c7d5373d0530e8b345988d084d44ec52dc48538f53afdea12cc15da1035"},"type":"Feature"},{"geometry":{"coordinates":[[[15.428571428571,46.295076574922],[15.429107204579,46.294964028777],[15.557615702541,46.294964028777],[15.555103,46.308647],[15.547816,46.333865],[15.540995,46.344717],[15.532313,46.349962],[15.524562,46.350556],[15.502961,46.359548],[15.461568,46.358153],[15.453765,46.359961],[15.428571428571,46.369934209766],[15.428571428571,46.295076574922]]],"type":"Polygon"},"id":39,"properties":{"parentKey":"SVN:1159310787","sourceCountryId":"SVN","syntheticOperational":true,"territoryId":"territory:catalog:c3b4f3c8cb8251a864aa63bda52fc82256a240d23c02120127395054120dd7aa"},"type":"Feature"},{"geometry":{"coordinates":[[[14.714844,45.952596],[14.718409,45.952131],[14.728951,45.949289],[14.733189,45.947015],[14.733809,45.944612],[14.732259,45.941175],[14.734429,45.935284],[14.7366,45.927068],[14.750242,45.907896],[14.749932,45.903219],[14.747452,45.896992],[14.747297,45.892445],[14.751792,45.883298],[14.768071,45.866761],[14.767295,45.863816],[14.767026439037,45.863309352518],[14.845360824742,45.863309352518],[14.845360824742,45.971223021583],[14.741379310345,45.971223021583],[14.722746474375,45.971223021583],[14.717479,45.965748],[14.714844,45.952596]]],"type":"Polygon"},"id":40,"properties":{"parentKey":"SVN:1159310703","sourceCountryId":"SVN","syntheticOperational":true,"territoryId":"territory:catalog:505d39565410bbd3e2f2efeb3ea30a47cbf8f033a2f824f2215f76245c64f357"},"type":"Feature"},{"geometry":{"coordinates":[[[15.916373,46.282963],[15.918388,46.274153],[15.91875,46.273222],[15.918903,46.272827],[15.948721,46.284204],[15.982001,46.288339],[15.993668,46.290613],[15.993422,46.29087],[15.989493747332,46.294964028777],[15.918044895364,46.294964028777],[15.917768,46.293764],[15.917768,46.290973],[15.918543,46.288441],[15.917303,46.286839],[15.916683,46.28472],[15.916373,46.282963]]],"type":"Polygon"},"id":41,"properties":{"parentKey":"SVN:1159308597","sourceCountryId":"SVN","syntheticOperational":true,"territoryId":"territory:catalog:abff5ec3b4af88fe4ce7bae6e36c582bcb115a58acc2f2534e63f19234710d33"},"type":"Feature"},{"geometry":{"coordinates":[[[14.423031976196,46.079136690647],[14.42406,46.078247],[14.431034482759,46.065568470006],[14.431034482759,46.079136690647],[14.423031976196,46.079136690647]]],"type":"Polygon"},"id":42,"properties":{"parentKey":"SVN:1159310719","sourceCountryId":"SVN","syntheticOperational":true,"territoryId":"territory:catalog:1119a2f6eecd689c7d74266af63a6614f27cd551738f072ad22f50adfe358595"},"type":"Feature"},{"geometry":{"coordinates":[[[13.857998289136,45.539568345324],[13.959850696247,45.539568345324],[13.952203,45.545954],[13.910448,45.552026],[13.894635,45.559778],[13.884817,45.56771],[13.880011,45.572464],[13.870554,45.597475],[13.867926,45.602169],[13.857998289136,45.59354811111],[13.857998289136,45.539568345324]]],"type":"Polygon"},"id":43,"properties":{"parentKey":"SVN:1159310873","sourceCountryId":"SVN","syntheticOperational":true,"territoryId":"territory:catalog:30215dcbd83e65e251c8acbb20b7b149e153c0b8155bfdef4d3a659772b53197"},"type":"Feature"},{"geometry":{"coordinates":[[[16.014093,46.507549],[16.020966,46.490703],[16.040034,46.468637],[16.039104,46.449258],[16.026082,46.432308],[16.050576,46.424867],[16.065924,46.404093],[16.066531682023,46.402877697842],[16.107732406603,46.402877697842],[16.107732406603,46.496638314047],[16.067629,46.501606],[16.051506,46.506309],[16.023498172617,46.510791366906],[16.019503002107,46.510791366906],[16.014093,46.507549]]],"type":"Polygon"},"id":44,"properties":{"parentKey":"SVN:1159310901","sourceCountryId":"SVN","syntheticOperational":true,"territoryId":"territory:catalog:7b04e34df62603b05e4e9c737e6ee635f6472048ce76049382687f2a67da6485"},"type":"Feature"},{"geometry":{"coordinates":[[[14.780783,46.338516],[14.797578,46.343373],[14.800833,46.340996],[14.805194805195,46.339242256885],[14.805194805195,46.385260158999],[14.780783,46.338516]]],"type":"Polygon"},"id":45,"properties":{"parentKey":"SVN:1159310721","sourceCountryId":"SVN","syntheticOperational":true,"territoryId":"territory:catalog:6c7b627859a48482b0d9c0c65837cf72c93f5eb1bc7d595def1a04c0b158106d"},"type":"Feature"},{"geometry":{"coordinates":[[[15.051724137931,45.971223021583],[15.154639175258,45.971223021583],[15.161086300568,45.971223021583],[15.158951,45.974171],[15.159881,45.98045],[15.163137,45.984609],[15.167633,45.988614],[15.168873,45.994144],[15.166237,45.995901],[15.161742,45.995436],[15.156936,45.993885],[15.15151,45.991121],[15.143448,45.989235],[15.137247,45.991302],[15.133061,45.996469],[15.116111,46.004195],[15.102314,46.00497],[15.100298,46.006443],[15.097198,46.006908],[15.089291,46.006339],[15.079214,46.001275],[15.054823,46.002154],[15.051724137931,46.001805940192],[15.051724137931,45.971223021583]]],"type":"Polygon"},"id":46,"properties":{"parentKey":"SVN:1159310801","sourceCountryId":"SVN","syntheticOperational":true,"territoryId":"territory:catalog:c0f08b55c411ed133c449d5b6dd5fd217fc1bd78f8216efb4480235aaaf1c6b5"},"type":"Feature"},{"geometry":{"coordinates":[[[14.388168235781,45.863309352518],[14.388817,45.862989],[14.393055,45.860405],[14.399876,45.861206],[14.401988208739,45.863309352518],[14.388168235781,45.863309352518]]],"type":"Polygon"},"id":47,"properties":{"parentKey":"SVN:1159310663","sourceCountryId":"SVN","syntheticOperational":true,"territoryId":"territory:catalog:c8c6248d7f7a94a7610fd268160b95b5e09c906d5315b6631ba6bb8aeee7a692"},"type":"Feature"},{"geometry":{"coordinates":[[[14.586206896552,46.146882595096],[14.589787,46.147674],[14.586206896552,46.164718276819],[14.586206896552,46.146882595096]]],"type":"Polygon"},"id":48,"properties":{"parentKey":"SVN:1159310733","sourceCountryId":"SVN","syntheticOperational":true,"territoryId":"territory:catalog:55a59af5ccb23f57a13d0c417c08b60a81c718167f3c41394719eb16e007c22a"},"type":"Feature"},{"geometry":{"coordinates":[[[15.000697165214,46.510791366906],[15.01303214596,46.510791366906],[15.01303214596,46.548220304731],[15.010485,46.550441],[15.003767,46.531889],[15.002216,46.514241],[15.000697165214,46.510791366906]]],"type":"Polygon"},"id":49,"properties":{"parentKey":"SVN:1159310785","sourceCountryId":"SVN","syntheticOperational":true,"territoryId":"territory:catalog:9f0e4fb3628ea6b378f198ef97dd037105b0ddf5a0e601a6246beb0f65297351"},"type":"Feature"},{"geometry":{"coordinates":[[[14.536082474227,45.875949614363],[14.542606,45.872575],[14.549738,45.87043],[14.554854,45.867847],[14.561727,45.867278],[14.570098,45.867562],[14.58126,45.874513],[14.586531,45.882316],[14.585291,45.896269],[14.566687,45.901979],[14.564517,45.904744],[14.564982,45.910428],[14.563742,45.915027],[14.560486,45.918619],[14.556869,45.921125],[14.56152,45.943656],[14.55997,45.955128],[14.554475685564,45.971223021583],[14.536082474227,45.971223021583],[14.536082474227,45.875949614363]]],"type":"Polygon"},"id":50,"properties":{"parentKey":"SVN:1159310699","sourceCountryId":"SVN","syntheticOperational":true,"territoryId":"territory:catalog:3e0429ec5eb2c07b3911b3be5a26aec2074da61ae2a2a2e42bb3e215b52d04d8"},"type":"Feature"},{"geometry":{"coordinates":[[[14.961038961039,46.196054592819],[14.970745,46.197775],[14.972451,46.21165],[14.974931,46.21842],[15.009968,46.257978],[14.97028,46.283842],[14.961038961039,46.283442959917],[14.961038961039,46.196054592819]]],"type":"Polygon"},"id":51,"properties":{"parentKey":"SVN:1159308641","sourceCountryId":"SVN","syntheticOperational":true,"territoryId":"territory:catalog:8b5dcaefa7e5cb844ee6f26cd8ca24aaf371c0b2b74943e1843f2b4056771a9b"},"type":"Feature"},{"geometry":{"coordinates":[[[14.440420703297,45.863309352518],[14.49648325068,45.863309352518],[14.498216,45.870353],[14.490155,45.880869],[14.442199,45.863454],[14.440420703297,45.863309352518]]],"type":"Polygon"},"id":52,"properties":{"parentKey":"SVN:1159310677","sourceCountryId":"SVN","syntheticOperational":true,"territoryId":"territory:catalog:9db9afb8030548960c96a6f8a51bd939047a1fbd190bd4f0afffc522f68d0b47"},"type":"Feature"},{"geometry":{"coordinates":[[[15.857875,46.39784],[15.860355,46.395385],[15.863456,46.393448],[15.869347,46.391536],[15.871207,46.389572],[15.869502,46.384017],[15.896103896104,46.396753575238],[15.896103896104,46.402877697842],[15.858836856379,46.402877697842],[15.85896,46.400476],[15.857875,46.39784]]],"type":"Polygon"},"id":53,"properties":{"parentKey":"SVN:1159308583","sourceCountryId":"SVN","syntheticOperational":true,"territoryId":"territory:catalog:17dfac051b68af388f4d52471c8c700ac1a68b29ecb87ff54c1c390adbb122ca"},"type":"Feature"},{"geometry":{"coordinates":[[[14.985938,46.166795],[14.987799,46.166485],[14.991209,46.167906],[14.99524,46.168681],[14.999116,46.168061],[15.01343,46.155917],[15.027073,46.140181],[15.031104,46.131345],[15.031259,46.125919],[15.028623,46.123542],[15.024437,46.12057],[15.021957,46.119304],[15.01467,46.116669],[15.01312,46.116565],[15.011725,46.116694],[14.999891,46.119097],[15.004697,46.098944],[15.001906,46.093311],[14.997721,46.088298],[14.99307,46.085275],[14.99338,46.08127],[14.99405956078,46.079136690647],[15.051724137931,46.079136690647],[15.051724137931,46.187050359712],[15.009074405411,46.187050359712],[15.01281,46.182194],[15.008314,46.179249],[15.004387,46.177208],[14.99276,46.173254],[14.986403,46.168758],[14.985938,46.166795]]],"type":"Polygon"},"id":54,"properties":{"parentKey":"SVN:1159310697","sourceCountryId":"SVN","syntheticOperational":true,"territoryId":"territory:catalog:5340a1c402a2f095ff5ce07186d6c26c88952e12563d6591611956f5db42fee7"},"type":"Feature"},{"geometry":{"coordinates":[[[15.549738219895,46.618705035971],[15.612838371126,46.618705035971],[15.605384,46.622064],[15.598407,46.628059],[15.590811,46.630384],[15.570761,46.629971],[15.549738219895,46.633874381414],[15.549738219895,46.618705035971]]],"type":"Polygon"},"id":55,"properties":{"parentKey":"SVN:1159308671","sourceCountryId":"SVN","syntheticOperational":true,"territoryId":"territory:catalog:7989c9dda0f531a4abd20e426badd2734f8ef129489de0cc044d8b695a87fefe"},"type":"Feature"},{"geometry":{"coordinates":[[[14.662777857179,46.079136690647],[14.689506115837,46.079136690647],[14.683838,46.081813],[14.677947,46.082614],[14.662777857179,46.079136690647]]],"type":"Polygon"},"id":56,"properties":{"parentKey":"SVN:1159310719","sourceCountryId":"SVN","syntheticOperational":true,"territoryId":"territory:catalog:c010119f9e61441d518e9c101fdf8a35bf8ff58d1741a3c7c4864ff5737c238c"},"type":"Feature"},{"geometry":{"coordinates":[[[15.370928,46.135737],[15.38271,46.108194],[15.389996,46.10747],[15.394182,46.108142],[15.398368,46.109511],[15.405706,46.115299],[15.413923,46.120079],[15.415783,46.122353],[15.416868,46.124833],[15.420124,46.12566],[15.423069,46.124007],[15.4271,46.120338],[15.431596,46.118322],[15.435627,46.118116],[15.437332,46.119614],[15.438417,46.122611],[15.439037,46.125764],[15.440278,46.128554],[15.438572,46.131784],[15.435007,46.135014],[15.425705,46.138889],[15.421984,46.141292],[15.413302,46.149121],[15.411752,46.152067],[15.407101,46.152687],[15.403329,46.15217],[15.370928,46.135737]]],"type":"Polygon"},"id":57,"properties":{"parentKey":"SVN:1159308663","sourceCountryId":"SVN","syntheticOperational":true,"territoryId":"territory:catalog:7f2e37e4630f4d679538650703227355b7a2c9486e8aaa67250d8bee152a5fba"},"type":"Feature"},{"geometry":{"coordinates":[[[15.116883116883,46.187050359712],[15.195107293774,46.187050359712],[15.203961,46.18824],[15.216364,46.19824],[15.22396,46.23617],[15.22272,46.243844],[15.219619,46.256195],[15.218999,46.259993],[15.220549,46.262164],[15.220704,46.263404],[15.218069,46.270199],[15.219154,46.274023],[15.222565,46.281051],[15.22613,46.285366],[15.22613,46.294964028777],[15.121660937136,46.294964028777],[15.121589,46.293609],[15.118437,46.287511],[15.116883116883,46.285439356293],[15.116883116883,46.246250710723],[15.123759,46.241571],[15.137712,46.235989],[15.143138,46.231597],[15.143603,46.229969],[15.140658,46.23015],[15.138022,46.22984],[15.135697,46.227024],[15.134301,46.22214],[15.134146,46.206844],[15.132441,46.198395],[15.130891,46.195062],[15.12841,46.192426],[15.125155,46.190204],[15.121589,46.188654],[15.118282,46.187879],[15.116883116883,46.187769769247],[15.116883116883,46.187050359712]]],"type":"Polygon"},"id":58,"properties":{"parentKey":"SVN:1159308601","sourceCountryId":"SVN","syntheticOperational":true,"territoryId":"territory:catalog:0274ea737e91a6d03e37748b28304cb53b0912b0d4ec97c8b4712e7da404eecb"},"type":"Feature"},{"geometry":{"coordinates":[[[15.039982460092,45.863309352518],[15.140863063805,45.863309352518],[15.144843,45.873324],[15.127945,45.878337],[15.123139,45.881567],[15.117041,45.884357],[15.111925,45.888362],[15.105414,45.891773],[15.102004,45.894796],[15.097508,45.894667],[15.093942,45.892961],[15.088671,45.886347],[15.082935,45.881903],[15.074563,45.880094],[15.070688,45.879784],[15.060404,45.878027],[15.050482,45.872601],[15.043351,45.866865],[15.039982460092,45.863309352518]]],"type":"Polygon"},"id":59,"properties":{"parentKey":"SVN:1159308643","sourceCountryId":"SVN","syntheticOperational":true,"territoryId":"territory:catalog:ff92dddf1cc4737cd201c54612a4bd58d6ccd731d327a49c788b3488fd9c116f"},"type":"Feature"},{"geometry":{"coordinates":[[[13.522585,46.075298],[13.531815,46.070315],[13.546078,46.066181],[13.556517,46.058688],[13.562098,46.049283],[13.571089,46.03856],[13.587212,46.028044],[13.603956,46.012928],[13.615169,46.011636],[13.619045,46.01006],[13.625246,46.00652],[13.629122,46.003652],[13.632533,46.001482],[13.636563,46.00112],[13.640594,46.002102],[13.64354,46.004789],[13.638269,46.010732],[13.624626,46.023599],[13.625401,46.02732],[13.632843,46.031118],[13.654857,46.054709],[13.655172413793,46.054887082906],[13.655172413793,46.079136690647],[13.529825442098,46.079136690647],[13.522585,46.075298]]],"type":"Polygon"},"id":60,"properties":{"parentKey":"SVN:1159310865","sourceCountryId":"SVN","syntheticOperational":true,"territoryId":"territory:catalog:69b4a980c45a2b97b202409b3f2a1e5ea968bf1429652a389359ab923002c634"},"type":"Feature"},{"geometry":{"coordinates":[[[15.951346655083,46.402877697842],[15.987795998589,46.402877697842],[15.983087,46.41665],[15.951346655083,46.419721876374],[15.951346655083,46.402877697842]]],"type":"Polygon"},"id":61,"properties":{"parentKey":"SVN:1159309553","sourceCountryId":"SVN","syntheticOperational":true,"territoryId":"territory:catalog:acd4dfb6c8d1b905e15e36d617a8e67ea572318f35bbb1dbf3692b70048cfb52"},"type":"Feature"},{"geometry":{"coordinates":[[[14.884910485934,45.524275290734],[14.885221,45.524147],[14.901706,45.521382],[14.913798,45.521976],[14.929766,45.525413],[14.937828,45.526317],[14.943874,45.525413],[14.965319,45.511538],[14.977205,45.491952],[14.977341,45.491728],[14.986299,45.490868],[14.997461,45.487199],[15.007383,45.480843],[15.038363171356,45.480251758389],[15.038363171356,45.539568345324],[14.935842600513,45.539568345324],[14.884910485934,45.539568345324],[14.884910485934,45.524275290734]]],"type":"Polygon"},"id":62,"properties":{"parentKey":"SVN:1159308563","sourceCountryId":"SVN","syntheticOperational":true,"territoryId":"territory:catalog:c4da11f5420d06269aef55dced80af676fade93110a408b120f3bbd1a48bbc14"},"type":"Feature"},{"geometry":{"coordinates":[[[13.655172413793,45.971223021583],[13.762886597938,45.971223021583],[13.810344827586,45.971223021583],[13.810344827586,46.05338253505],[13.807871,46.062305],[13.807096,46.074346],[13.807729941705,46.079136690647],[13.764160150464,46.079136690647],[13.76069,46.075638],[13.751698,46.064579],[13.739761,46.058171],[13.732165,46.057887],[13.705138,46.065767],[13.681418,46.066956],[13.666846,46.061478],[13.655172413793,46.054887082906],[13.655172413793,45.971223021583]]],"type":"Polygon"},"id":63,"properties":{"parentKey":"SVN:1159308681","sourceCountryId":"SVN","syntheticOperational":true,"territoryId":"territory:catalog:5f5d3acb191f44139b7958c8357b629d24ebaaee766c1e5e3acc993723fa667a"},"type":"Feature"},{"geometry":{"coordinates":[[[15.071463,46.064708],[15.075029,46.053468],[15.078284,46.048507],[15.094097,46.040291],[15.144533,46.042487],[15.206896551724,46.031845954435],[15.206896551724,46.05099705128],[15.204581,46.053003],[15.201946,46.060755],[15.179642217712,46.079136690647],[15.095800694008,46.079136690647],[15.087741,46.077601],[15.088981,46.067886],[15.071463,46.064708]]],"type":"Polygon"},"id":64,"properties":{"parentKey":"SVN:1159310759","sourceCountryId":"SVN","syntheticOperational":true,"territoryId":"territory:catalog:44770c36b2d42a8a6f59d4bc7379b980909f67b09b560151a24bb47986801f8d"},"type":"Feature"},{"geometry":{"coordinates":[[[14.845360824742,45.759682114759],[14.846464,45.759584],[14.862432,45.755657],[14.862990180112,45.755395683453],[14.908823365774,45.755395683453],[14.926355,45.769196],[14.939223,45.771548],[14.982063,45.766302],[14.99648,45.779738],[15,45.781038998317],[15,45.849109945291],[14.999891,45.84914],[14.978962,45.842163],[14.967025,45.843817],[14.958963,45.848055],[14.954777,45.853429],[14.952917,45.859062],[14.949003968337,45.863309352518],[14.876848221018,45.863309352518],[14.876539,45.857098],[14.850494,45.853687],[14.847394,45.850923],[14.847394,45.845006],[14.850339,45.839838],[14.856231,45.825058],[14.855765,45.807824],[14.848944,45.799685],[14.845360824742,45.798574076388],[14.845360824742,45.759682114759]]],"type":"Polygon"},"id":65,"properties":{"parentKey":"SVN:1159308633","sourceCountryId":"SVN","syntheticOperational":true,"territoryId":"territory:catalog:e3db7768338c9f7afb7460060b2982d0037f3a045e841ecc54585aa04895f2b4"},"type":"Feature"},{"geometry":{"coordinates":[[[13.810344827586,46.05338253505],[13.811281,46.050006],[13.820428,46.036002],[13.830815,46.025201],[13.838308,46.019207],[13.865903,46.006985],[13.867764,46.025821],[13.867764,46.031816],[13.867144,46.037164],[13.868229,46.040808],[13.87257,46.041169],[13.874585,46.042978],[13.873655,46.046802],[13.871019,46.049903],[13.864818,46.052409],[13.862028,46.055406],[13.860942,46.058739],[13.863578,46.063158],[13.867454,46.064837],[13.87691,46.062848],[13.882181,46.063287],[13.886109,46.066594],[13.887659,46.068816],[13.894946,46.067654],[13.906883,46.073209],[13.907813,46.076387],[13.907221509105,46.079136690647],[13.810344827586,46.079136690647],[13.810344827586,46.05338253505]]],"type":"Polygon"},"id":66,"properties":{"parentKey":"SVN:1159310843","sourceCountryId":"SVN","syntheticOperational":true,"territoryId":"territory:catalog:92deaca3388892f34ef3c9d9ec03243834352db2cee42ca4d34e6f3ed33dff9b"},"type":"Feature"},{"geometry":{"coordinates":[[[14.120689655172,46.010274336207],[14.138703,46.005771],[14.171156,46.020189],[14.186814,46.037914],[14.165885,46.050006],[14.159012,46.054967],[14.146455,46.066129],[14.140564,46.069746],[14.129867,46.073157],[14.120689655172,46.074532668247],[14.120689655172,46.010274336207]]],"type":"Polygon"},"id":67,"properties":{"parentKey":"SVN:1159310849","sourceCountryId":"SVN","syntheticOperational":true,"territoryId":"territory:catalog:01a0f94581beb84fd5e8b58ef1a0959037ea23c52491b82c8520d115f89b17d5"},"type":"Feature"},{"geometry":{"coordinates":[[[14.337662337662,46.33997072158],[14.338123,46.340169],[14.350525,46.348386],[14.359517,46.350815],[14.405457,46.351641],[14.408558,46.364121],[14.408248,46.373035],[14.41879,46.386962],[14.422665,46.396471],[14.426463412922,46.402877697842],[14.387489139878,46.402877697842],[14.337662337662,46.402877697842],[14.337662337662,46.33997072158]]],"type":"Polygon"},"id":68,"properties":{"parentKey":"SVN:1159310845","sourceCountryId":"SVN","syntheticOperational":true,"territoryId":"territory:catalog:b348f5368ba54dd778067134ecc830b3c50185ae64e6d416e2e9bac72e77d576"},"type":"Feature"},{"geometry":{"coordinates":[[[14.678550313946,46.294964028777],[14.680117,46.290611],[14.685543,46.286426],[14.705697,46.286917],[14.714346003758,46.294964028777],[14.678550313946,46.294964028777]]],"type":"Polygon"},"id":69,"properties":{"parentKey":"SVN:1159308571","sourceCountryId":"SVN","syntheticOperational":true,"territoryId":"territory:catalog:fd8357a4c6d2c97d4df3b412edf743eea92a5ce534ddf36caaab477ae7a8895a"},"type":"Feature"},{"geometry":{"coordinates":[[[15.116883116883,46.294964028777],[15.121660937136,46.294964028777],[15.122829,46.316966],[15.116883116883,46.319853004594],[15.116883116883,46.294964028777]]],"type":"Polygon"},"id":70,"properties":{"parentKey":"SVN:1159308647","sourceCountryId":"SVN","syntheticOperational":true,"territoryId":"territory:catalog:9497316e2204b04a0165cae8e0e9e1258848da1569dfdb78686141d6c607981f"},"type":"Feature"},{"geometry":{"coordinates":[[[13.956601099266,46.079136690647],[13.965517241379,46.079136690647],[13.965517241379,46.086258973242],[13.964605,46.086825],[13.960109,46.087316],[13.959024,46.085404],[13.958249,46.08202],[13.956854,46.079307],[13.956601099266,46.079136690647]]],"type":"Polygon"},"id":71,"properties":{"parentKey":"SVN:1159310829","sourceCountryId":"SVN","syntheticOperational":true,"territoryId":"territory:catalog:ce28be93115a46a564b11e9525f38336d9465366b962875e86e80c95e3f0558f"},"type":"Feature"},{"geometry":{"coordinates":[[[15.794960903562,46.532596262909],[15.809299,46.525326],[15.81519,46.520158],[15.817671,46.514861],[15.814415,46.512045],[15.81343875869,46.510791366906],[15.855636704028,46.510791366906],[15.856945,46.515792],[15.860045,46.5199],[15.861906,46.525636],[15.865006,46.529486],[15.867642,46.533723],[15.872913,46.537935],[15.88423,46.542224],[15.892136,46.54641],[15.924124,46.534369],[15.928465,46.541914],[15.919628,46.565323],[15.922264,46.568837],[15.926449,46.573592],[15.938077,46.579586],[15.943503,46.581188],[15.951346655083,46.585632864371],[15.951346655083,46.589865615765],[15.933271,46.596407],[15.926139,46.591007],[15.915132,46.585839],[15.911412,46.585167],[15.905314,46.585038],[15.902368,46.583462],[15.898182,46.584289],[15.893066,46.58819],[15.875393,46.605941],[15.862836,46.610954],[15.85679,46.607336],[15.851777,46.607491],[15.844801,46.609171],[15.834569,46.614933],[15.829667027218,46.618705035971],[15.794960903562,46.618705035971],[15.794960903562,46.532596262909]]],"type":"Polygon"},"id":72,"properties":{"parentKey":"SVN:1159308565","sourceCountryId":"SVN","syntheticOperational":true,"territoryId":"territory:catalog:77dd850b82bd76a63539ec24ee04920cf2d38243a460fa875f0318f534d62f42"},"type":"Feature"},{"geometry":{"coordinates":[[[13.807096,46.074346],[13.807871,46.062305],[13.810344827586,46.05338253505],[13.810344827586,46.079136690647],[13.807729941705,46.079136690647],[13.807096,46.074346]]],"type":"Polygon"},"id":73,"properties":{"parentKey":"SVN:1159310843","sourceCountryId":"SVN","syntheticOperational":true,"territoryId":"territory:catalog:541066264b0a98465e70c134ba97897c3694b8d69cf5a33ad5b1bf0768b19562"},"type":"Feature"},{"geometry":{"coordinates":[[[15.037305,45.840871],[15.048777,45.826144],[15.052498,45.823663],[15.086036,45.806145],[15.096268,45.81015],[15.101228,45.815317],[15.10929,45.816868],[15.112701,45.820356],[15.115181,45.823715],[15.118282,45.829038],[15.119677,45.832397],[15.120039,45.835962],[15.119677,45.838804],[15.118592,45.842577],[15.120142,45.843817],[15.122002,45.844024],[15.12531,45.843791],[15.12872,45.845006],[15.135232,45.84914],[15.140863063805,45.863309352518],[15.039982460092,45.863309352518],[15.03777,45.860974],[15.037305,45.840871]]],"type":"Polygon"},"id":74,"properties":{"parentKey":"SVN:1159308643","sourceCountryId":"SVN","syntheticOperational":true,"territoryId":"territory:catalog:37f2cd186bd54550eb40120a6c8ad6c93905ac819715141a2e80d12ea5c40c01"},"type":"Feature"},{"geometry":{"coordinates":[[[15.16941789748,46.611775987958],[15.182123631309,46.618705035971],[15.16941789748,46.618705035971],[15.16941789748,46.611775987958]]],"type":"Polygon"},"id":75,"properties":{"parentKey":"SVN:1159310747","sourceCountryId":"SVN","syntheticOperational":true,"territoryId":"territory:catalog:6e694d90834609109bf070e14ba0b4d24eddc725cc54593230a62973d7439405"},"type":"Feature"},{"geometry":{"coordinates":[[[13.708914396936,45.863309352518],[13.713565749056,45.863309352518],[13.709169,45.865004],[13.708914396936,45.863309352518]]],"type":"Polygon"},"id":76,"properties":{"parentKey":"SVN:1159310869","sourceCountryId":"SVN","syntheticOperational":true,"territoryId":"territory:catalog:5a58c6eac379cffcdc4486b6524ea30d25d89db24641c3aa237dcd9be4603262"},"type":"Feature"},{"geometry":{"coordinates":[[[15.051724137931,46.060155697336],[15.071463,46.064708],[15.088981,46.067886],[15.087741,46.077601],[15.095800694008,46.079136690647],[15.051724137931,46.079136690647],[15.051724137931,46.060155697336]]],"type":"Polygon"},"id":77,"properties":{"parentKey":"SVN:1159310697","sourceCountryId":"SVN","syntheticOperational":true,"territoryId":"territory:catalog:6249383530f992b7cfda0544487928c420582f02dfd8341ef0e85ec9ecca4c51"},"type":"Feature"},{"geometry":{"coordinates":[[[14.186814,46.037914],[14.19286,46.034684],[14.19038,46.024685],[14.244071,46.02024],[14.243451,46.031454],[14.252598,46.039722],[14.257094,46.041247],[14.275862068966,46.044445302499],[14.275862068966,46.079136690647],[14.210487547836,46.079136690647],[14.210068,46.073467],[14.207588,46.066904],[14.206813,46.060083],[14.186814,46.037914]]],"type":"Polygon"},"id":78,"properties":{"parentKey":"SVN:1159308557","sourceCountryId":"SVN","syntheticOperational":true,"territoryId":"territory:catalog:1564306beccab7a503964d3cadcf10dacadbcd2ba92033587f1b6f8a020e51c5"},"type":"Feature"},{"geometry":{"coordinates":[[[15.720054,46.521295],[15.721294,46.518453],[15.724395,46.513544],[15.726677946468,46.510791366906],[15.794960903562,46.510791366906],[15.794960903562,46.532596262909],[15.790954,46.534628],[15.788783,46.537625],[15.787698,46.541785],[15.784908,46.544963],[15.780877,46.546978],[15.775606,46.54796],[15.769095,46.547107],[15.753747,46.546978],[15.738089,46.532664],[15.723154,46.527083],[15.720829,46.523621],[15.720054,46.521295]]],"type":"Polygon"},"id":79,"properties":{"parentKey":"SVN:1159310687","sourceCountryId":"SVN","syntheticOperational":true,"territoryId":"territory:catalog:84c7126530ea755b19be42b2bbde3690edff07943bff124f1de95b345b0671fc"},"type":"Feature"},{"geometry":{"coordinates":[[[15.702950311658,46.510791366906],[15.731681,46.504759],[15.726677946468,46.510791366906],[15.702950311658,46.510791366906]]],"type":"Polygon"},"id":80,"properties":{"parentKey":"SVN:1159308671","sourceCountryId":"SVN","syntheticOperational":true,"territoryId":"territory:catalog:aa5834241a75a83c534d1b4e93a2220fb666aee05541662d14a78e1d5f6c6ccf"},"type":"Feature"},{"geometry":{"coordinates":[[[15.523082231792,46.618705035971],[15.524717,46.613848],[15.524407,46.60638],[15.527972,46.600748],[15.532003,46.596743],[15.537429,46.595012],[15.541925,46.592815],[15.547041,46.588113],[15.548591,46.578708],[15.548591,46.572248],[15.560374,46.562119],[15.550297,46.518014],[15.562265503814,46.510791366906],[15.569835351854,46.510791366906],[15.608484,46.516644],[15.638575152042,46.515106703033],[15.638575152042,46.598525495786],[15.63086,46.60253],[15.627295,46.609662],[15.613755,46.618292],[15.612838371126,46.618705035971],[15.549738219895,46.618705035971],[15.523082231792,46.618705035971]]],"type":"Polygon"},"id":81,"properties":{"parentKey":"SVN:1159308671","sourceCountryId":"SVN","syntheticOperational":true,"territoryId":"territory:catalog:db7c829c81ee584f07e76a4f35b8cb7514e1d0c8bc7946d302f43e5ca572b7ea"},"type":"Feature"},{"geometry":{"coordinates":[[[15.520308,46.64772],[15.536809,46.636275],[15.549738219895,46.633874381414],[15.549738219895,46.672566414617],[15.545955,46.671881],[15.530659,46.663845],[15.52084,46.649608],[15.520308,46.64772]]],"type":"Polygon"},"id":82,"properties":{"parentKey":"SVN:1159310713","sourceCountryId":"SVN","syntheticOperational":true,"territoryId":"territory:catalog:612f93203bcd3f86b1bb65d75c33078282007e1f90e499549ba3d7f6702ac2f1"},"type":"Feature"},{"geometry":{"coordinates":[[[15.961976158183,46.510791366906],[16.019503002107,46.510791366906],[16.020345,46.511296],[16.007426,46.524396],[15.983242,46.519254],[15.97146,46.513931],[15.962158,46.510908],[15.961976158183,46.510791366906]]],"type":"Polygon"},"id":83,"properties":{"parentKey":"SVN:1159310891","sourceCountryId":"SVN","syntheticOperational":true,"territoryId":"territory:catalog:18c3de462afe7050e203259e46807137ad1a077cfc41c6a78957ec7291050910"},"type":"Feature"},{"geometry":{"coordinates":[[[15.428571428571,46.369934209766],[15.453765,46.359961],[15.461568,46.358153],[15.502961,46.359548],[15.496915,46.371692],[15.494124,46.380839],[15.495675,46.389882],[15.494745,46.392517],[15.490094,46.39492],[15.475986,46.397737],[15.468855,46.397556],[15.463584,46.396936],[15.460328,46.397788],[15.457486,46.399881],[15.455911491021,46.402877697842],[15.428571428571,46.402877697842],[15.428571428571,46.369934209766]]],"type":"Polygon"},"id":84,"properties":{"parentKey":"SVN:1159308607","sourceCountryId":"SVN","syntheticOperational":true,"territoryId":"territory:catalog:9b536c4aa218bd4c123fe7cea97614da91c0b885f40aa18df3e9ee054cf10529"},"type":"Feature"},{"geometry":{"coordinates":[[[14.381443298969,45.755395683453],[14.473909324209,45.755395683453],[14.491917266729,45.755395683453],[14.49248,45.755709],[14.490155,45.75961],[14.486589,45.76408],[14.481318,45.765656],[14.46349,45.775449],[14.446591,45.789247],[14.442199,45.795758],[14.442199,45.800486],[14.446281,45.806868],[14.450622,45.811778],[14.457133,45.817204],[14.483488,45.832887],[14.4931,45.835549],[14.505089,45.840768],[14.497131,45.851827],[14.496201,45.862162],[14.49648325068,45.863309352518],[14.440420703297,45.863309352518],[14.435843,45.862937],[14.434987029032,45.863309352518],[14.401988208739,45.863309352518],[14.399876,45.861206],[14.393055,45.860405],[14.388817,45.862989],[14.388168235781,45.863309352518],[14.381443298969,45.863309352518],[14.381443298969,45.755395683453]]],"type":"Polygon"},"id":85,"properties":{"parentKey":"SVN:1159310677","sourceCountryId":"SVN","syntheticOperational":true,"territoryId":"territory:catalog:90ccfedcb0aef5d2e4b09c5745666f02944a1cea82e3e6fb08b7636e82f93229"},"type":"Feature"},{"geometry":{"coordinates":[[[15.104019,46.255006],[15.116883116883,46.246250710723],[15.116883116883,46.285439356293],[15.110685,46.277176],[15.10743,46.271388],[15.11022,46.265936],[15.104019,46.255006]]],"type":"Polygon"},"id":86,"properties":{"parentKey":"SVN:1159308601","sourceCountryId":"SVN","syntheticOperational":true,"territoryId":"territory:catalog:8b11c42e1a4638d3a7e610d49c824ba9858b817de536e6bb90cfb8e8b2a4e7e8"},"type":"Feature"},{"geometry":{"coordinates":[[[13.600735,45.984574],[13.605867,45.985411],[13.618512855507,45.971223021583],[13.655172413793,45.971223021583],[13.655172413793,46.054887082906],[13.654857,46.054709],[13.632843,46.031118],[13.625401,46.02732],[13.624626,46.023599],[13.638269,46.010732],[13.64354,46.004789],[13.640594,46.002102],[13.636563,46.00112],[13.632533,46.001482],[13.629122,46.003652],[13.625246,46.00652],[13.619045,46.01006],[13.615169,46.011636],[13.603956,46.012928],[13.626176,45.996624],[13.610984,45.991147],[13.601475,45.985049],[13.600735,45.984574]]],"type":"Polygon"},"id":87,"properties":{"parentKey":"SVN:1159308681","sourceCountryId":"SVN","syntheticOperational":true,"territoryId":"territory:catalog:65277ddf58d733475eee844ffe08f17cbd96c177422557717e44746b45ba1ec7"},"type":"Feature"},{"geometry":{"coordinates":[[[14.16837603418,46.187050359712],[14.181818181818,46.187050359712],[14.181818181818,46.191557314198],[14.169761,46.188706],[14.16837603418,46.187050359712]]],"type":"Polygon"},"id":88,"properties":{"parentKey":"SVN:1159310841","sourceCountryId":"SVN","syntheticOperational":true,"territoryId":"territory:catalog:7d6637068da765b947526e12ef01c7dda44bafbc0b030be15b2ac00e66c98e3f"},"type":"Feature"},{"geometry":{"coordinates":[[[14.231103388358,46.423612500937],[14.23818,46.425254],[14.242056,46.437114],[14.242211,46.437528],[14.242323,46.438237],[14.231103388358,46.438458339112],[14.231103388358,46.423612500937]]],"type":"Polygon"},"id":89,"properties":{"parentKey":"SVN:1159308679","sourceCountryId":"SVN","syntheticOperational":true,"territoryId":"territory:catalog:e4cf5c313cb494ce00c7bcd2c3b400a66c3d3edb9423afd6cfc9a052e6b4fa6a"},"type":"Feature"},{"geometry":{"coordinates":[[[14.627887082977,45.647482014388],[14.732123988207,45.647482014388],[14.735204,45.652149],[14.734584,45.65556],[14.735204,45.659487],[14.733034,45.664216],[14.731174,45.667316],[14.72058,45.669771],[14.708022,45.675559],[14.676552,45.683103],[14.667198,45.689408],[14.646269,45.707495],[14.634642,45.720388],[14.629681,45.724574],[14.627887082977,45.725342160361],[14.627887082977,45.647482014388]]],"type":"Polygon"},"id":90,"properties":{"parentKey":"SVN:1159310725","sourceCountryId":"SVN","syntheticOperational":true,"territoryId":"territory:catalog:39e4e3ff14a3c122b8538b23515026252c0d8aa585f9431d547206d6f5fdfd05"},"type":"Feature"},{"geometry":{"coordinates":[[[15.309278350515,45.863309352518],[15.393231561583,45.863309352518],[15.388136,45.87658],[15.361006,45.883737],[15.355735,45.874099],[15.347983,45.869862],[15.343901,45.868312],[15.341421,45.868493],[15.340025,45.870818],[15.329483,45.87472],[15.309278350515,45.866666403947],[15.309278350515,45.863309352518]]],"type":"Polygon"},"id":91,"properties":{"parentKey":"SVN:1159310775","sourceCountryId":"SVN","syntheticOperational":true,"territoryId":"territory:catalog:0004999e5a68ed880f84e282f11ed9f63f59d6009a3ca162b3852cd4bdfc8c7d"},"type":"Feature"},{"geometry":{"coordinates":[[[16.314384,46.645138],[16.335078534031,46.626726928305],[16.335078534031,46.684434304731],[16.334228,46.683766],[16.327407,46.676169],[16.317485,46.66077],[16.314384,46.645138]]],"type":"Polygon"},"id":92,"properties":{"parentKey":"SVN:1159309551","sourceCountryId":"SVN","syntheticOperational":true,"territoryId":"territory:catalog:c4d84843c7a1985b5699d718cbcd0bf05e1e2f5e7d15a5f52ae992cc9800ec6b"},"type":"Feature"},{"geometry":{"coordinates":[[[14.116747,45.472998],[14.117321,45.472976],[14.117647058824,45.472963316105],[14.117647058824,45.477392051723],[14.116792,45.47322],[14.116747,45.472998]]],"type":"Polygon"},"id":93,"properties":{"parentKey":"SVN:1159310701","sourceCountryId":"SVN","syntheticOperational":true,"territoryId":"territory:catalog:ea5b233a800c50b471c84bfdfd99b851513dbd0f3d30096946080c2ab16096bd"},"type":"Feature"},{"geometry":{"coordinates":[[[16.007467797552,46.618705035971],[16.013628,46.593694],[16.027322,46.58956],[16.031043,46.592712],[16.036934,46.596484],[16.048871,46.606251],[16.055847,46.605786],[16.060963,46.602014],[16.066079,46.5908],[16.069645,46.587286],[16.07228,46.588061],[16.079308,46.593151],[16.095586,46.60744],[16.107732406603,46.607859835633],[16.107732406603,46.613789025166],[16.105198,46.617207],[16.106347707775,46.618705035971],[16.020942408377,46.618705035971],[16.007467797552,46.618705035971]]],"type":"Polygon"},"id":94,"properties":{"parentKey":"SVN:1159310659","sourceCountryId":"SVN","syntheticOperational":true,"territoryId":"territory:catalog:343f34b802c87b7598c4ef356f68fcc1c6dc182effae6644c1f1555b43a78e9b"},"type":"Feature"},{"geometry":{"coordinates":[[[14.100359,45.921538],[14.100669,45.913968],[14.104235,45.90619],[14.109041,45.901488],[14.120875,45.87875],[14.125991,45.868803],[14.179063,45.875495],[14.199681,45.87242],[14.220898943359,45.863309352518],[14.226804123711,45.863309352518],[14.226804123711,45.949714118383],[14.223556,45.950736],[14.21875,45.950658],[14.214254,45.952493],[14.210999,45.957195],[14.212704,45.962053],[14.217045,45.967892],[14.216355501204,45.971223021583],[14.120689655172,45.971223021583],[14.109656864311,45.971223021583],[14.108576,45.969287],[14.109558,45.967324],[14.114054,45.966083],[14.116069,45.961588],[14.114829,45.951562],[14.108731,45.939754],[14.101755,45.930375],[14.100359,45.921538]]],"type":"Polygon"},"id":95,"properties":{"parentKey":"SVN:1159310723","sourceCountryId":"SVN","syntheticOperational":true,"territoryId":"territory:catalog:bb06c1afa6b492bcdb452d67184ffd70fe3b3d2ccb407193d85a5795fd59c597"},"type":"Feature"},{"geometry":{"coordinates":[[[15.762659469235,46.618705035971],[15.794960903562,46.618705035971],[15.829667027218,46.618705035971],[15.829298,46.618989],[15.829143,46.623769],[15.828523,46.62749],[15.825267,46.636378],[15.823407,46.640151],[15.818291,46.645448],[15.800152,46.646869],[15.778396,46.648161],[15.776226,46.645267],[15.77328,46.643277],[15.770645,46.63426],[15.762659469235,46.618705035971]]],"type":"Polygon"},"id":96,"properties":{"parentKey":"SVN:1159308565","sourceCountryId":"SVN","syntheticOperational":true,"territoryId":"territory:catalog:969b000598dc0ed7335021e10ab9a615f933a74b2790682b840e37d644451713"},"type":"Feature"},{"geometry":{"coordinates":[[[15.116883116883,46.187769769247],[15.118282,46.187879],[15.121589,46.188654],[15.125155,46.190204],[15.12841,46.192426],[15.130891,46.195062],[15.132441,46.198395],[15.134146,46.206844],[15.134301,46.22214],[15.135697,46.227024],[15.138022,46.22984],[15.140658,46.23015],[15.143603,46.229969],[15.143138,46.231597],[15.137712,46.235989],[15.123759,46.241571],[15.116883116883,46.246250710723],[15.116883116883,46.187769769247]]],"type":"Polygon"},"id":97,"properties":{"parentKey":"SVN:1159308645","sourceCountryId":"SVN","syntheticOperational":true,"territoryId":"territory:catalog:ad8828452141fac819c123c935dad3e0fe4d713788bf7220317ee5139de76421"},"type":"Feature"},{"geometry":{"coordinates":[[[15.309278350515,45.755395683453],[15.330258880221,45.755395683453],[15.330258,45.755399],[15.330258,45.755528],[15.320492,45.782451],[15.309278350515,45.794474269674],[15.309278350515,45.755395683453]]],"type":"Polygon"},"id":98,"properties":{"parentKey":"SVN:1159308575","sourceCountryId":"SVN","syntheticOperational":true,"territoryId":"territory:catalog:0249882abd917a584fb8c438e2def7aed8ecfe4decfb6971f4e117b9bf921781"},"type":"Feature"},{"geometry":{"coordinates":[[[14.381443298969,45.941758617903],[14.384166,45.939315],[14.391918,45.933734],[14.401581,45.929187],[14.406852,45.929238],[14.412743,45.926215],[14.414759,45.922624],[14.411658,45.909704],[14.409953,45.898956],[14.407007,45.891618],[14.417549,45.870895],[14.434987029032,45.863309352518],[14.440420703297,45.863309352518],[14.442199,45.863454],[14.490155,45.880869],[14.4669,45.905984],[14.463955,45.920608],[14.458839,45.937119],[14.459149,45.948152],[14.446693440952,45.971223021583],[14.431034482759,45.971223021583],[14.381443298969,45.971223021583],[14.381443298969,45.941758617903]]],"type":"Polygon"},"id":99,"properties":{"parentKey":"SVN:1159310669","sourceCountryId":"SVN","syntheticOperational":true,"territoryId":"territory:catalog:a9b2089b609430edabdc2662dc6eba5baa49066f5b7d04ea5fa7a8814e281d39"},"type":"Feature"},{"geometry":{"coordinates":[[[14.431034482759,46.09431980777],[14.435688,46.095636],[14.437858,46.097445],[14.434913,46.100907],[14.431037,46.104576],[14.431034482759,46.104579440202],[14.431034482759,46.09431980777]]],"type":"Polygon"},"id":100,"properties":{"parentKey":"SVN:1159310731","sourceCountryId":"SVN","syntheticOperational":true,"territoryId":"territory:catalog:53b030c82c2057de489ec2df26c79bd72c0b034a4d36c0c887f6b9709b9663b8"},"type":"Feature"},{"geometry":{"coordinates":[[[14.741379310345,45.971223021583],[14.845360824742,45.971223021583],[14.896551724138,45.971223021583],[14.896551724138,45.982283099937],[14.87747,46.002102],[14.871423,46.005254],[14.865687,46.006443],[14.863672,46.004324],[14.862897,46.000784],[14.85592,45.999983],[14.843053,46.000629],[14.81091,46.007761],[14.781403,46.008536],[14.775202,46.006288],[14.772721,46.004531],[14.749622,46.002955],[14.741379310345,45.998766106431],[14.741379310345,45.971223021583]]],"type":"Polygon"},"id":101,"properties":{"parentKey":"SVN:1159310703","sourceCountryId":"SVN","syntheticOperational":true,"territoryId":"territory:catalog:872083407a3debb8ea371f8b5e928ffc232b67c94369ba6cc911890248724003"},"type":"Feature"},{"geometry":{"coordinates":[[[14.589058513493,46.187050359712],[14.649350649351,46.187050359712],[14.649350649351,46.205535604555],[14.645339,46.204596],[14.639138,46.202193],[14.632006,46.19731],[14.609476,46.188499],[14.590097,46.189119],[14.589058513493,46.187050359712]]],"type":"Polygon"},"id":102,"properties":{"parentKey":"SVN:1159308559","sourceCountryId":"SVN","syntheticOperational":true,"territoryId":"territory:catalog:2c3692d54c21a01118f28173492edac9258d9b4b90bc68ea396561cc5249d370"},"type":"Feature"},{"geometry":{"coordinates":[[[15.678242842561,46.402877697842],[15.74025974026,46.402877697842],[15.794960903562,46.402877697842],[15.794960903562,46.432553967179],[15.782272,46.434789],[15.76987,46.431016],[15.752196,46.432386],[15.734471,46.428329],[15.687498,46.408615],[15.678242842561,46.402877697842]]],"type":"Polygon"},"id":103,"properties":{"parentKey":"SVN:1159310705","sourceCountryId":"SVN","syntheticOperational":true,"territoryId":"territory:catalog:3c9b98ccf6992b28b787db521272cee923ed2e2e1ba00e2e312123d81611aa38"},"type":"Feature"},{"geometry":{"coordinates":[[[15.983087,46.41665],[15.987795998589,46.402877697842],[16.051948051948,46.402877697842],[16.066531682023,46.402877697842],[16.065924,46.404093],[16.050576,46.424867],[16.026082,46.432308],[16.011922,46.434944],[15.995489,46.42882],[15.991303,46.425539],[15.983087,46.41665]]],"type":"Polygon"},"id":104,"properties":{"parentKey":"SVN:1159310887","sourceCountryId":"SVN","syntheticOperational":true,"territoryId":"territory:catalog:e4f81e5d217c9ff7d56f2be10d9a7db4e5f7f4eaf95f458316da76443db07685"},"type":"Feature"},{"geometry":{"coordinates":[[[13.569161036211,45.863309352518],[13.60824742268,45.863309352518],[13.60824742268,45.907137563949],[13.599306,45.912327],[13.56928,45.86454],[13.569161036211,45.863309352518]]],"type":"Polygon"},"id":105,"properties":{"parentKey":"SVN:1159310875","sourceCountryId":"SVN","syntheticOperational":true,"territoryId":"territory:catalog:4045f25cd4c3d0a73c70dbe76b589d0158d6dc4fced0560a3fc3255755587da3"},"type":"Feature"},{"geometry":{"coordinates":[[[14.804089,46.425125],[14.805639,46.408847],[14.807734861005,46.402877697842],[14.85664639444,46.402877697842],[14.85664639444,46.42417991079],[14.804089,46.425125]]],"type":"Polygon"},"id":106,"properties":{"parentKey":"SVN:1159310721","sourceCountryId":"SVN","syntheticOperational":true,"territoryId":"territory:catalog:605f714e7003a52371e982f676965192d46ee358ab3c3f98205e68d0633cea2a"},"type":"Feature"},{"geometry":{"coordinates":[[[15.078534031414,46.618705035971],[15.099187951341,46.618705035971],[15.093787,46.625501],[15.088826,46.634363],[15.085723,46.647795],[15.078534031414,46.64832791946],[15.078534031414,46.618705035971]]],"type":"Polygon"},"id":107,"properties":{"parentKey":"SVN:1159310685","sourceCountryId":"SVN","syntheticOperational":true,"territoryId":"territory:catalog:bf8da488a532d4f65a886adf81222fd5660b7cdf1e04dca7ec5c3b3f8b1a2bcb"},"type":"Feature"},{"geometry":{"coordinates":[[[15.095800694008,46.079136690647],[15.179642217712,46.079136690647],[15.163447,46.092484],[15.12841,46.085973],[15.106344,46.093518],[15.102004,46.081348],[15.097508,46.079462],[15.095800694008,46.079136690647]]],"type":"Polygon"},"id":108,"properties":{"parentKey":"SVN:1159310759","sourceCountryId":"SVN","syntheticOperational":true,"territoryId":"territory:catalog:7af40b0ee6611b86fe0039a44b2ef982dec2f2c9ad499b198393916595c2dd7e"},"type":"Feature"},{"geometry":{"coordinates":[[[15.951346655083,46.445624306348],[15.953114,46.450963],[15.951346655083,46.452626080577],[15.951346655083,46.445624306348]]],"type":"Polygon"},"id":109,"properties":{"parentKey":"SVN:1159308583","sourceCountryId":"SVN","syntheticOperational":true,"territoryId":"territory:catalog:2afd9454f99f0e5950abb66ca1834c1df7451dd9a14b229ed577eb83392dab1c"},"type":"Feature"},{"geometry":{"coordinates":[[[14.500697,46.202865],[14.515370327007,46.187050359712],[14.561972589105,46.187050359712],[14.582655,46.198059],[14.569943,46.214854],[14.565447,46.228109],[14.552528,46.243198],[14.500697,46.202865]]],"type":"Polygon"},"id":110,"properties":{"parentKey":"SVN:1159308605","sourceCountryId":"SVN","syntheticOperational":true,"territoryId":"territory:catalog:5bd842d33ff8749b3e3d66b7051805cd7c498af39fcce9222e5cf3e1b3d4005a"},"type":"Feature"},{"geometry":{"coordinates":[[[16.019503002107,46.510791366906],[16.023498172617,46.510791366906],[16.020345,46.511296],[16.019503002107,46.510791366906]]],"type":"Polygon"},"id":111,"properties":{"parentKey":"SVN:1159310901","sourceCountryId":"SVN","syntheticOperational":true,"territoryId":"territory:catalog:746793cac59ca0553aab6f46e0a8fd8a767921675851448b4825bbe80fad6e9f"},"type":"Feature"},{"geometry":{"coordinates":[[[14.266588192552,46.294964028777],[14.267636,46.290353],[14.274612,46.274902],[14.298383,46.268287],[14.325048,46.254748],[14.330009,46.256505],[14.3328,46.260742],[14.33466,46.270458],[14.330164,46.277279],[14.315437,46.291257],[14.311561,46.293299],[14.311424160413,46.294964028777],[14.266588192552,46.294964028777]]],"type":"Polygon"},"id":112,"properties":{"parentKey":"SVN:1159310837","sourceCountryId":"SVN","syntheticOperational":true,"territoryId":"territory:catalog:82ee8920e8d9fae23a8037111f74a12f30022c1379404e8c289529e2d10d9ce2"},"type":"Feature"},{"geometry":{"coordinates":[[[15.325803649001,46.402877697842],[15.355529058367,46.402877697842],[15.348759,46.40616],[15.34018,46.411379],[15.325803649001,46.428601062888],[15.325803649001,46.402877697842]]],"type":"Polygon"},"id":113,"properties":{"parentKey":"SVN:1159310807","sourceCountryId":"SVN","syntheticOperational":true,"territoryId":"territory:catalog:c76e2c2ee6ba0387870a2807c169b9c7b25c9ffd26e84d9ac433a577e1e2ce7d"},"type":"Feature"},{"geometry":{"coordinates":[[[14.275862068966,46.105280540052],[14.325048,46.098323],[14.33063,46.113361],[14.327839,46.118632],[14.33094,46.126901],[14.337813,46.1346],[14.357346,46.145349],[14.369128,46.147184],[14.3775,46.150207],[14.382306,46.155426],[14.384166,46.158165],[14.39383,46.160335],[14.385096,46.176355],[14.379825,46.181471],[14.371764,46.182969],[14.368043,46.182349],[14.364168,46.183176],[14.363282944332,46.187050359712],[14.337662337662,46.187050359712],[14.275862068966,46.187050359712],[14.275862068966,46.105280540052]]],"type":"Polygon"},"id":114,"properties":{"parentKey":"SVN:1159310841","sourceCountryId":"SVN","syntheticOperational":true,"territoryId":"territory:catalog:04e115c5c13e6e8fdee2cb373c8592ac5807febd50eeb62b54f2d9b2cbee4171"},"type":"Feature"},{"geometry":{"coordinates":[[[16.296940014609,46.618705035971],[16.29821,46.617878],[16.300535,46.597337],[16.328492,46.583824],[16.335158,46.593952],[16.335623,46.597156],[16.340429,46.599352],[16.349111,46.600567],[16.36389,46.597414],[16.378463,46.599792],[16.347871,46.615346],[16.344095354271,46.618705035971],[16.335078534031,46.618705035971],[16.296940014609,46.618705035971]]],"type":"Polygon"},"id":115,"properties":{"parentKey":"SVN:1159310905","sourceCountryId":"SVN","syntheticOperational":true,"territoryId":"territory:catalog:577884177fb6b0eb214388daf9c906df4d479208d0c52a085d94fdec6577324c"},"type":"Feature"},{"geometry":{"coordinates":[[[15.010485,46.550441],[15.01303214596,46.548220304731],[15.01303214596,46.556350104741],[15.010485,46.550441]]],"type":"Polygon"},"id":116,"properties":{"parentKey":"SVN:1159310685","sourceCountryId":"SVN","syntheticOperational":true,"territoryId":"territory:catalog:c0cd4123cab9af0434e2bea99f8a00ed1ba3c212ea2c54009b16b1f696623409"},"type":"Feature"},{"geometry":{"coordinates":[[[16.179486,46.858468],[16.227206557388,46.834532374101],[16.234676007005,46.834532374101],[16.234676007005,46.861745173227],[16.179486,46.858468]]],"type":"Polygon"},"id":117,"properties":{"parentKey":"SVN:1159308539","sourceCountryId":"SVN","syntheticOperational":true,"territoryId":"territory:catalog:2a4570e103d57fbc5c6402cdd55fa1e0f1cfdbac55fa54c8ca200ed223d2133f"},"type":"Feature"},{"geometry":{"coordinates":[[[14.999891,46.198989],[15.009074405411,46.187050359712],[15.051724137931,46.187050359712],[15.067869345695,46.187050359712],[15.045056,46.193305],[15.018391,46.191212],[14.999891,46.198989]]],"type":"Polygon"},"id":118,"properties":{"parentKey":"SVN:1159310697","sourceCountryId":"SVN","syntheticOperational":true,"territoryId":"territory:catalog:aaa19d9c0c68a7e725ab2789a3d74945f6192ff5782b73d8ba7924bcd28f5c24"},"type":"Feature"},{"geometry":{"coordinates":[[[14.442199,45.795758],[14.446591,45.789247],[14.46349,45.775449],[14.481318,45.765656],[14.486589,45.76408],[14.490155,45.75961],[14.49248,45.755709],[14.491917266729,45.755395683453],[14.536082474227,45.755395683453],[14.536082474227,45.808627917719],[14.529584,45.812915],[14.505089,45.840768],[14.4931,45.835549],[14.483488,45.832887],[14.457133,45.817204],[14.450622,45.811778],[14.446281,45.806868],[14.442199,45.800486],[14.442199,45.795758]]],"type":"Polygon"},"id":119,"properties":{"parentKey":"SVN:1159308667","sourceCountryId":"SVN","syntheticOperational":true,"territoryId":"territory:catalog:02f14339c6de07e4067ef2333d29f14d8a432f944c58a7360240a8597b660ef3"},"type":"Feature"},{"geometry":{"coordinates":[[[15.595307,46.078738],[15.599028,46.069126],[15.607554,46.065871],[15.623522,46.076361],[15.623605,46.076415],[15.619911824002,46.079136690647],[15.595408058136,46.079136690647],[15.595307,46.078738]]],"type":"Polygon"},"id":120,"properties":{"parentKey":"SVN:1159308577","sourceCountryId":"SVN","syntheticOperational":true,"territoryId":"territory:catalog:504b6fd6eb1c8496e9896cd2f17435d655539afac483ae384996f51651ae3d83"},"type":"Feature"},{"geometry":{"coordinates":[[[15.315686,46.482176],[15.317701,46.469722],[15.324522,46.463056],[15.325803649001,46.460719999685],[15.325803649001,46.479680264515],[15.315686,46.482176]]],"type":"Polygon"},"id":121,"properties":{"parentKey":"SVN:1159310819","sourceCountryId":"SVN","syntheticOperational":true,"territoryId":"territory:catalog:3e6c963a532a4ea0db8950a59b823bcceda9c29e4f72513737c93eca3f4a254e"},"type":"Feature"},{"geometry":{"coordinates":[[[14.319931565441,45.647482014388],[14.40559908224,45.647482014388],[14.378585,45.651994],[14.369128,45.659694],[14.347269,45.6722],[14.332645,45.67189],[14.328459,45.670649],[14.330785,45.6676],[14.328304,45.66388],[14.319931565441,45.660630012811],[14.319931565441,45.647482014388]]],"type":"Polygon"},"id":122,"properties":{"parentKey":"SVN:1159310701","sourceCountryId":"SVN","syntheticOperational":true,"territoryId":"territory:catalog:d2bf43a17b61f0eab6636f0f89a3f6e512ea9aa7900a55eda8f9e4315cecba8d"},"type":"Feature"},{"geometry":{"coordinates":[[[14.805194805195,46.294964028777],[14.874585495082,46.294964028777],[14.877004,46.300998],[14.866928,46.315545],[14.848014,46.316088],[14.8106,46.337069],[14.805194805195,46.339242256885],[14.805194805195,46.294964028777]]],"type":"Polygon"},"id":123,"properties":{"parentKey":"SVN:1159310689","sourceCountryId":"SVN","syntheticOperational":true,"territoryId":"territory:catalog:4fa5503b4913d655bbdb914737d0a1d2122a3e8b606caf5f11c33c7110995f89"},"type":"Feature"},{"geometry":{"coordinates":[[[16.136411,46.603099],[16.137496,46.595012],[16.138116,46.593074],[16.144162,46.585038],[16.155479,46.578191],[16.158425,46.568527],[16.176718,46.560052],[16.190413,46.566357],[16.194753,46.566667],[16.20173,46.566512],[16.20421,46.567959],[16.216768,46.584134],[16.203435,46.591937],[16.160802,46.605889],[16.150053,46.601239],[16.136411,46.603099]]],"type":"Polygon"},"id":124,"properties":{"parentKey":"SVN:1159308695","sourceCountryId":"SVN","syntheticOperational":true,"territoryId":"territory:catalog:69386f41464ff2410f84d6362a39d48005d97a0f175885619a03f57a93e18303"},"type":"Feature"},{"geometry":{"coordinates":[[[15.74025974026,46.294964028777],[15.770382721929,46.294964028777],[15.77297,46.297743],[15.801082,46.320584],[15.81333,46.338929],[15.811624,46.342391],[15.808834,46.344872],[15.802478,46.354949],[15.784288,46.361124],[15.769095,46.363424],[15.74025974026,46.364815889399],[15.74025974026,46.294964028777]]],"type":"Polygon"},"id":125,"properties":{"parentKey":"SVN:1159308573","sourceCountryId":"SVN","syntheticOperational":true,"territoryId":"territory:catalog:0150434f08fada9e21ae17e50af65e6bea3117c206b06609d14b520cc40c8837"},"type":"Feature"},{"geometry":{"coordinates":[[[15.463917525773,45.863309352518],[15.515739259688,45.863309352518],[15.512883,45.866916],[15.509782,45.874151],[15.510092,45.882161],[15.51526,45.894047],[15.530143,45.900558],[15.54177,45.903503],[15.546266,45.903297],[15.550452,45.906035],[15.556498,45.908206],[15.558978,45.916732],[15.566885,45.920143],[15.56983,45.926293],[15.572207,45.936731],[15.571404498456,45.971223021583],[15.51724137931,45.971223021583],[15.463917525773,45.971223021583],[15.463917525773,45.863309352518]]],"type":"Polygon"},"id":126,"properties":{"parentKey":"SVN:1159310711","sourceCountryId":"SVN","syntheticOperational":true,"territoryId":"territory:catalog:4219e5fdc8cfb5767d4c0de0c32550a145706f6830592f76115b9bb6b9615807"},"type":"Feature"},{"geometry":{"coordinates":[[[15.706806282723,46.67559405015],[15.716488,46.676118],[15.730596,46.673327],[15.735247,46.670433],[15.737572,46.667591],[15.738089,46.664645],[15.738812,46.662113],[15.744445,46.657566],[15.748941,46.65524],[15.752817,46.651985],[15.756227,46.647696],[15.760723,46.64413],[15.770645,46.63426],[15.77328,46.643277],[15.776226,46.645267],[15.778396,46.648161],[15.800152,46.646869],[15.794416,46.654724],[15.792504,46.660873],[15.792814,46.665679],[15.799067,46.670485],[15.799997,46.676273],[15.803873,46.682526],[15.804338,46.69976],[15.786613,46.709992],[15.78461,46.7122],[15.755141,46.704024],[15.728683,46.70299],[15.706806282723,46.705226375525],[15.706806282723,46.67559405015]]],"type":"Polygon"},"id":127,"properties":{"parentKey":"SVN:1159310773","sourceCountryId":"SVN","syntheticOperational":true,"territoryId":"territory:catalog:0dedf4f4e8b3b07230ce3e58986d151c7a2c7ce2426072dd3e0ff4ff9714c6f4"},"type":"Feature"},{"geometry":{"coordinates":[[[15.476451,46.102225],[15.486528,46.087756],[15.489123624065,46.079136690647],[15.51724137931,46.079136690647],[15.51724137931,46.12110420135],[15.507457,46.112483],[15.49924,46.109331],[15.491799,46.110416],[15.487923,46.111966],[15.481567,46.11269],[15.478466,46.108116],[15.476451,46.102225]]],"type":"Polygon"},"id":128,"properties":{"parentKey":"SVN:1159310707","sourceCountryId":"SVN","syntheticOperational":true,"territoryId":"territory:catalog:74bbcc8cad818006c964ac89af3d5a82d126abf17bc87655ba9ecc1ce749a7bb"},"type":"Feature"},{"geometry":{"coordinates":[[[15.829667027218,46.618705035971],[15.834569,46.614933],[15.844801,46.609171],[15.851777,46.607491],[15.85679,46.607336],[15.862836,46.610954],[15.864691988368,46.618705035971],[15.86387434555,46.618705035971],[15.829667027218,46.618705035971]]],"type":"Polygon"},"id":129,"properties":{"parentKey":"SVN:1159308547","sourceCountryId":"SVN","syntheticOperational":true,"territoryId":"territory:catalog:84ec03de7e76e01741d8b3b0258305f3261f794fe40758abada4574c4d1494f7"},"type":"Feature"},{"geometry":{"coordinates":[[[13.917525773196,45.755395683453],[13.981582244986,45.755395683453],[13.989875,45.76501],[13.983519,45.772943],[13.931377,45.793226],[13.917525773196,45.801392627602],[13.917525773196,45.755395683453]]],"type":"Polygon"},"id":130,"properties":{"parentKey":"SVN:1159310879","sourceCountryId":"SVN","syntheticOperational":true,"territoryId":"territory:catalog:3ef86d516042551f97cbdf36005f9cdba66b55104201623fe180b281d7f8cd5e"},"type":"Feature"},{"geometry":{"coordinates":[[[14.561972589105,46.187050359712],[14.586206896552,46.187050359712],[14.589058513493,46.187050359712],[14.590097,46.189119],[14.579865,46.192426],[14.582655,46.198059],[14.561972589105,46.187050359712]]],"type":"Polygon"},"id":131,"properties":{"parentKey":"SVN:1159310733","sourceCountryId":"SVN","syntheticOperational":true,"territoryId":"territory:catalog:cce9251c4585216194b5f21df232d6b3963daafd6fcebd526f639090074a43e2"},"type":"Feature"},{"geometry":{"coordinates":[[[16.207792207792,46.367230502075],[16.208654,46.367093],[16.217129,46.367352],[16.252785,46.373424],[16.275626,46.373165],[16.280277,46.376214],[16.279936,46.378661],[16.278727,46.387351],[16.274076,46.392105],[16.257023,46.399908],[16.253465196966,46.402877697842],[16.207792207792,46.402877697842],[16.207792207792,46.367230502075]]],"type":"Polygon"},"id":132,"properties":{"parentKey":"SVN:1159310901","sourceCountryId":"SVN","syntheticOperational":true,"territoryId":"territory:catalog:073f431e2dbb04bb6928b5361ccf95d25756d91b7d1cb3fcc453c14891b06560"},"type":"Feature"},{"geometry":{"coordinates":[[[14.037211,45.761006],[14.048316235037,45.755395683453],[14.072164948454,45.755395683453],[14.072164948454,45.84354541061],[14.046047,45.836944],[14.058656,45.808625],[14.052094,45.796947],[14.048838,45.778085],[14.043567,45.772917],[14.037211,45.761006]]],"type":"Polygon"},"id":133,"properties":{"parentKey":"SVN:1159310755","sourceCountryId":"SVN","syntheticOperational":true,"territoryId":"territory:catalog:53094b95e034120bdae541cf88096bab543635054b3c8dc0669eb94da9533346"},"type":"Feature"},{"geometry":{"coordinates":[[[16.124854707288,46.834532374101],[16.125197,46.833007],[16.136411,46.829442],[16.150053,46.826548],[16.154549,46.822259],[16.16075,46.817918],[16.164471,46.810476],[16.178010471204,46.801395454732],[16.178010471204,46.834532374101],[16.124854707288,46.834532374101]]],"type":"Polygon"},"id":134,"properties":{"parentKey":"SVN:1159309561","sourceCountryId":"SVN","syntheticOperational":true,"territoryId":"territory:catalog:42fa91a2fd550e05bca7db8d6880eb71ca39293397fec0f79c94359c0fcb2d85"},"type":"Feature"},{"geometry":{"coordinates":[[[14.011976047904,45.615828526043],[14.024963,45.611428],[14.039691,45.602436],[14.059587,45.599594],[14.066408,45.600989],[14.071989,45.603573],[14.07726,45.609878],[14.089817,45.614089],[14.090592,45.624244],[14.079895,45.627913],[14.079585,45.629618],[14.083151,45.635561],[14.07788,45.645431],[14.076498798261,45.647482014388],[14.011976047904,45.647482014388],[14.011976047904,45.615828526043]]],"type":"Polygon"},"id":135,"properties":{"parentKey":"SVN:1159310859","sourceCountryId":"SVN","syntheticOperational":true,"territoryId":"territory:catalog:d0b4bf702b4687551507be6b5c9b01ee512a465545c38e82fe416e773fece86a"},"type":"Feature"},{"geometry":{"coordinates":[[[14.85664639444,46.510791366906],[14.90115801368,46.510791366906],[14.902636,46.516567],[14.898915,46.519435],[14.891887,46.523414],[14.88181,46.530855],[14.878555,46.537289],[14.87809,46.542095],[14.872664,46.545325],[14.866928,46.547185],[14.863362,46.551939],[14.857161,46.552508],[14.85664639444,46.552630044881],[14.85664639444,46.510791366906]]],"type":"Polygon"},"id":136,"properties":{"parentKey":"SVN:1159310737","sourceCountryId":"SVN","syntheticOperational":true,"territoryId":"territory:catalog:aa22765dbc87143862d18b8ce5d5bc9ac50bd4884dace0ab9c3f3c7de50fe286"},"type":"Feature"},{"geometry":{"coordinates":[[[16.020942408377,46.644449174451],[16.04174,46.662733],[16.027839,46.665059],[16.020942408377,46.668553206911],[16.020942408377,46.644449174451]]],"type":"Polygon"},"id":137,"properties":{"parentKey":"SVN:1159309559","sourceCountryId":"SVN","syntheticOperational":true,"territoryId":"territory:catalog:651608a75bf32e9096bac64574ef21e9d9456d0b7005b2ddb5835f503c51eb28"},"type":"Feature"},{"geometry":{"coordinates":[[[15.309278350515,45.866666403947],[15.329483,45.87472],[15.340025,45.870818],[15.341421,45.868493],[15.343901,45.868312],[15.347983,45.869862],[15.355735,45.874099],[15.361006,45.883737],[15.350619,45.891695],[15.353254,45.899524],[15.354185,45.916448],[15.363021,45.934768],[15.346381,45.944483],[15.342506,45.951407],[15.334599,45.954198],[15.327158,45.955852],[15.317081,45.957143],[15.309278350515,45.956747287431],[15.309278350515,45.866666403947]]],"type":"Polygon"},"id":138,"properties":{"parentKey":"SVN:1159310779","sourceCountryId":"SVN","syntheticOperational":true,"territoryId":"territory:catalog:afbcfc2106ffde69151299bf50114407a6ddc84f442e5329e9979db7cd6e942f"},"type":"Feature"},{"geometry":{"coordinates":[[[15,45.755395683453],[15.075095017402,45.755395683453],[15.062885,45.768369],[15.058079,45.781082],[15.033429,45.781211],[15.014981,45.784777],[15.003612,45.782374],[15,45.781038998317],[15,45.755395683453]]],"type":"Polygon"},"id":139,"properties":{"parentKey":"SVN:1159308655","sourceCountryId":"SVN","syntheticOperational":true,"territoryId":"territory:catalog:3d2b40619a391d107e8d91e1f4f1e333d90d895d1f733c45a000bd19b268b3f3"},"type":"Feature"},{"geometry":{"coordinates":[[[15.172557,46.64136],[15.173679,46.637774],[15.181637,46.629557],[15.183962,46.625578],[15.183497,46.619454],[15.184409312942,46.618705035971],[15.235602094241,46.618705035971],[15.235602094241,46.640071685558],[15.204891,46.638963],[15.172557,46.64136]]],"type":"Polygon"},"id":140,"properties":{"parentKey":"SVN:1159310761","sourceCountryId":"SVN","syntheticOperational":true,"territoryId":"territory:catalog:2d4af8272fa9ff3b780abe2c003393bde4333ad8191fdbc20ca4f01b7ef0c364"},"type":"Feature"},{"geometry":{"coordinates":[[[14.165953806672,45.647482014388],[14.258497819205,45.647482014388],[14.285516,45.655043],[14.316987,45.659487],[14.319931565441,45.660630012811],[14.319931565441,45.752893934645],[14.271512,45.734857],[14.256474,45.726744],[14.21968,45.717106],[14.201697,45.716305],[14.172241,45.706823],[14.165953806672,45.705937353174],[14.165953806672,45.647482014388]]],"type":"Polygon"},"id":141,"properties":{"parentKey":"SVN:1159310753","sourceCountryId":"SVN","syntheticOperational":true,"territoryId":"territory:catalog:5a3b7ac81eb62091b78b5c94a227203776af13e56e152aa2172c37175c5f5041"},"type":"Feature"},{"geometry":{"coordinates":[[[15.067869345695,46.187050359712],[15.077664,46.184365],[15.108056436184,46.187050359712],[15.067869345695,46.187050359712]]],"type":"Polygon"},"id":142,"properties":{"parentKey":"SVN:1159308645","sourceCountryId":"SVN","syntheticOperational":true,"territoryId":"territory:catalog:76707755c090147740cd903159d0cab449d77ea6fc1e065a9cadb4599ee6e21f"},"type":"Feature"},{"geometry":{"coordinates":[[[15.569835351854,46.510791366906],[15.638575152042,46.510791366906],[15.638575152042,46.515106703033],[15.608484,46.516644],[15.569835351854,46.510791366906]]],"type":"Polygon"},"id":143,"properties":{"parentKey":"SVN:1159308613","sourceCountryId":"SVN","syntheticOperational":true,"territoryId":"territory:catalog:36f5092523e5af75e91f9891a8793bb84dc50d16638ef11384bf246e5e67bc42"},"type":"Feature"},{"geometry":{"coordinates":[[[15.549738219895,46.633874381414],[15.570761,46.629971],[15.590811,46.630384],[15.598407,46.628059],[15.605384,46.622064],[15.612838371126,46.618705035971],[15.638575152042,46.618705035971],[15.657160637952,46.618705035971],[15.645743,46.642761],[15.622437,46.666713],[15.621745,46.678175],[15.616648,46.67555],[15.603729,46.673018],[15.58864,46.675963],[15.567349,46.675757],[15.549738219895,46.672566414617],[15.549738219895,46.633874381414]]],"type":"Polygon"},"id":144,"properties":{"parentKey":"SVN:1159310713","sourceCountryId":"SVN","syntheticOperational":true,"territoryId":"territory:catalog:a81b8d344268f67a11ea7591eab070dfdc80b0438075df2ed0bfcdcf36678a94"},"type":"Feature"},{"geometry":{"coordinates":[[[14.337662337662,46.1930051124],[14.337968,46.192917],[14.349595,46.192478],[14.365408,46.195579],[14.367113,46.194519],[14.364943,46.191651],[14.363082,46.18793],[14.363282944332,46.187050359712],[14.40789215799,46.187050359712],[14.406542,46.191754],[14.388972,46.217076],[14.386802,46.219401],[14.384166,46.221701],[14.383081,46.224517],[14.384476,46.230357],[14.392435,46.240485],[14.402201,46.266685],[14.414914,46.279139],[14.417239,46.288906],[14.389592,46.291232],[14.379825,46.289268],[14.371299,46.29348],[14.370281089529,46.294964028777],[14.337662337662,46.294964028777],[14.337662337662,46.1930051124]]],"type":"Polygon"},"id":145,"properties":{"parentKey":"SVN:1159310831","sourceCountryId":"SVN","syntheticOperational":true,"territoryId":"territory:catalog:34bcc92d8e37c28d1f09ad7c753466181ba6f90b86dbcabd0511f7841b9ef413"},"type":"Feature"},{"geometry":{"coordinates":[[[13.762886597938,45.863309352518],[13.797015070936,45.863309352518],[13.794848,45.864953],[13.791283,45.868828],[13.786942,45.87273],[13.768907,45.885313],[13.762886597938,45.887962360873],[13.762886597938,45.863309352518]]],"type":"Polygon"},"id":146,"properties":{"parentKey":"SVN:1159308681","sourceCountryId":"SVN","syntheticOperational":true,"territoryId":"territory:catalog:4c1ef98f0403e6721b7e823f794e596bc935c51a5763c686564056328a132ac7"},"type":"Feature"},{"geometry":{"coordinates":[[[13.762886597938,45.922418873222],[13.774384,45.931977],[13.798879,45.960864],[13.81936256945,45.971223021583],[13.810344827586,45.971223021583],[13.762886597938,45.971223021583],[13.762886597938,45.922418873222]]],"type":"Polygon"},"id":147,"properties":{"parentKey":"SVN:1159308681","sourceCountryId":"SVN","syntheticOperational":true,"territoryId":"territory:catalog:1f3c190a0880cb8a89c3990b677a8adc90b962e5bc2b8b88b8672b984a5ab3a7"},"type":"Feature"},{"geometry":{"coordinates":[[[14.85664639444,46.42417991079],[14.891732,46.423549],[14.942013,46.440008],[14.955863,46.447243],[14.956328,46.459852],[14.96563,46.489462],[14.943409,46.490806],[14.940618,46.492408],[14.92403,46.504784],[14.899535,46.504449],[14.894678,46.497731],[14.886151,46.49649],[14.873439,46.497317],[14.85664639444,46.501128158616],[14.85664639444,46.42417991079]]],"type":"Polygon"},"id":148,"properties":{"parentKey":"SVN:1159310679","sourceCountryId":"SVN","syntheticOperational":true,"territoryId":"territory:catalog:2ca92935a07d03422300b9038c10783a8ff801c16ab39df03e024cbe123e1309"},"type":"Feature"},{"geometry":{"coordinates":[[[13.402597402597,46.215683350331],[13.410116,46.207982],[13.437402,46.210927],[13.422829,46.228601],[13.438332,46.22488],[13.468304,46.223433],[13.482257,46.217904],[13.510162,46.213976],[13.528972,46.204829],[13.554775995044,46.187050359712],[13.558441558442,46.187050359712],[13.558441558442,46.294964028777],[13.527098259858,46.294964028777],[13.526079,46.294384],[13.52949,46.290973],[13.530265,46.286219],[13.527319,46.281491],[13.515227,46.277227],[13.477038,46.281025],[13.448978,46.287227],[13.432648,46.292549],[13.421365184049,46.294964028777],[13.402597402597,46.294964028777],[13.402597402597,46.215683350331]]],"type":"Polygon"},"id":149,"properties":{"parentKey":"SVN:1159310867","sourceCountryId":"SVN","syntheticOperational":true,"territoryId":"territory:catalog:87e76ac8e564e1f9cfa673b558258bc96346eda966cdf0c71dad4b4faad9a17a"},"type":"Feature"},{"geometry":{"coordinates":[[[15.536034,46.130363],[15.546576,46.123826],[15.558978,46.121965],[15.575618,46.112018],[15.58461,46.108581],[15.599338,46.086024],[15.596237,46.082407],[15.595408058136,46.079136690647],[15.619911824002,46.079136690647],[15.603833,46.090986],[15.58988,46.113517],[15.589983,46.138684],[15.604349,46.167002],[15.61936457376,46.187050359712],[15.589526990279,46.187050359712],[15.578719,46.179223],[15.567505,46.164728],[15.545491,46.155168],[15.536034,46.130363]]],"type":"Polygon"},"id":150,"properties":{"parentKey":"SVN:1159308577","sourceCountryId":"SVN","syntheticOperational":true,"territoryId":"territory:catalog:4dc017bbee04e94c2cb102ed8919cf004e79b9a7438e1cdde5f48854428e6a0f"},"type":"Feature"},{"geometry":{"coordinates":[[[14.434987029032,45.863309352518],[14.435843,45.862937],[14.440420703297,45.863309352518],[14.434987029032,45.863309352518]]],"type":"Polygon"},"id":151,"properties":{"parentKey":"SVN:1159310669","sourceCountryId":"SVN","syntheticOperational":true,"territoryId":"territory:catalog:ab1b19aa751f7febc269d3221402626029473e095446f90f0854207c4d4b5bc4"},"type":"Feature"},{"geometry":{"coordinates":[[[15.647138,46.594081],[15.679849,46.592815],[15.69897,46.579483],[15.720674,46.569302],[15.744755,46.568527],[15.754677,46.573282],[15.759948,46.588113],[15.757778,46.602685],[15.760723,46.614933],[15.762659469235,46.618705035971],[15.706806282723,46.618705035971],[15.657160637952,46.618705035971],[15.664347,46.603564],[15.647138,46.594081]]],"type":"Polygon"},"id":152,"properties":{"parentKey":"SVN:1159310751","sourceCountryId":"SVN","syntheticOperational":true,"territoryId":"territory:catalog:2c913317a8e7577024e69181b6b42875f56cb213628ba60dfcf6a449a18beeb0"},"type":"Feature"},{"geometry":{"coordinates":[[[14.319931565441,45.660630012811],[14.328304,45.66388],[14.330785,45.6676],[14.328459,45.670649],[14.332645,45.67189],[14.347269,45.6722],[14.369128,45.659694],[14.378585,45.651994],[14.40559908224,45.647482014388],[14.426139799278,45.647482014388],[14.425766,45.661606],[14.416619,45.670753],[14.393365,45.689305],[14.386182,45.707495],[14.327684,45.739818],[14.323188,45.754107],[14.319931565441,45.752893934645],[14.319931565441,45.660630012811]]],"type":"Polygon"},"id":153,"properties":{"parentKey":"SVN:1159310753","sourceCountryId":"SVN","syntheticOperational":true,"territoryId":"territory:catalog:5463a4744f3716432e0fe380b9adb0bd5ff441b1504ae5d57c3a2ae94388ded0"},"type":"Feature"},{"geometry":{"coordinates":[[[13.981582244986,45.755395683453],[14.011976047904,45.755395683453],[14.048316235037,45.755395683453],[14.037211,45.761006],[14.015817,45.77054],[14.012251,45.771057],[14.005275,45.771367],[14.002794,45.76992],[13.989875,45.76501],[13.981582244986,45.755395683453]]],"type":"Polygon"},"id":154,"properties":{"parentKey":"SVN:1159310859","sourceCountryId":"SVN","syntheticOperational":true,"territoryId":"territory:catalog:11c2fd85141ddf1651513f3cbd10514489b7a103f677ec31191df30958f1bfbe"},"type":"Feature"},{"geometry":{"coordinates":[[[15.051257,46.307251],[15.062103474203,46.294964028777],[15.116883116883,46.294964028777],[15.116883116883,46.319853004594],[15.110375,46.323013],[15.102469,46.332624],[15.087276,46.339859],[15.081385,46.346422],[15.066605,46.351693],[15.060249,46.337069],[15.059629,46.324718],[15.058079,46.314486],[15.051257,46.307251]]],"type":"Polygon"},"id":155,"properties":{"parentKey":"SVN:1159308647","sourceCountryId":"SVN","syntheticOperational":true,"territoryId":"territory:catalog:a024e3a82008e5e1e516540caeef2bc721d42daf4b9910004c0a815d800c7aca"},"type":"Feature"},{"geometry":{"coordinates":[[[15.706806282723,46.618705035971],[15.762659469235,46.618705035971],[15.770645,46.63426],[15.760723,46.64413],[15.756227,46.647696],[15.752817,46.651985],[15.748941,46.65524],[15.744445,46.657566],[15.738812,46.662113],[15.738089,46.664645],[15.737572,46.667591],[15.735247,46.670433],[15.730596,46.673327],[15.716488,46.676118],[15.706806282723,46.67559405015],[15.706806282723,46.618705035971]]],"type":"Polygon"},"id":156,"properties":{"parentKey":"SVN:1159310751","sourceCountryId":"SVN","syntheticOperational":true,"territoryId":"territory:catalog:091912247f9f345cfe1a679d15361fa4f7c8c37476d2fac16bb6b12be2ea80c6"},"type":"Feature"},{"geometry":{"coordinates":[[[14.11647775275,45.863309352518],[14.220898943359,45.863309352518],[14.199681,45.87242],[14.179063,45.875495],[14.125991,45.868803],[14.11647775275,45.863309352518]]],"type":"Polygon"},"id":157,"properties":{"parentKey":"SVN:1159310755","sourceCountryId":"SVN","syntheticOperational":true,"territoryId":"territory:catalog:4d959354500623ecb4b7a5c54a70e83175140fc24788812eca5454cae6a2e83d"},"type":"Feature"},{"geometry":{"coordinates":[[[15.01303214596,46.443836228951],[15.089291,46.426469],[15.092237,46.434169],[15.098593,46.433833],[15.111925,46.430758],[15.123604,46.421999],[15.134922,46.44391],[15.139727,46.444659],[15.142673,46.444375],[15.144533,46.445124],[15.149494,46.449723],[15.1512,46.460239],[15.162207,46.46781],[15.16941789748,46.475059775929],[15.16941789748,46.510791366906],[15.01303214596,46.510791366906],[15.01303214596,46.443836228951]]],"type":"Polygon"},"id":158,"properties":{"parentKey":"SVN:1159310785","sourceCountryId":"SVN","syntheticOperational":true,"territoryId":"territory:catalog:a467ad8ed53d96e752dec24d612395b18fb080afbeee9c0e83576d51e1590aef"},"type":"Feature"},{"geometry":{"coordinates":[[[14.649350649351,46.187050359712],[14.665430012726,46.187050359712],[14.683063,46.19917],[14.657741,46.206637],[14.65185,46.206121],[14.649350649351,46.205535604555],[14.649350649351,46.187050359712]]],"type":"Polygon"},"id":159,"properties":{"parentKey":"SVN:1159308559","sourceCountryId":"SVN","syntheticOperational":true,"territoryId":"territory:catalog:3d263a5ba43a3da554932bc583af4bc577be7650797b716374b3adecb1ffda20"},"type":"Feature"},{"geometry":{"coordinates":[[[13.762886597938,45.791730790813],[13.852726,45.799582],[13.902542,45.810227],[13.885902,45.82865],[13.863733,45.826195],[13.857997,45.826505],[13.833967,45.835497],[13.811901,45.842008],[13.801049,45.841027],[13.779655,45.840949],[13.762886597938,45.844388174003],[13.762886597938,45.791730790813]]],"type":"Polygon"},"id":160,"properties":{"parentKey":"SVN:1159310869","sourceCountryId":"SVN","syntheticOperational":true,"territoryId":"territory:catalog:26545aadb4e106b6742cb10f3c6671953beaab0a014b6eb50c9d64cf66eba149"},"type":"Feature"},{"geometry":{"coordinates":[[[14.226804123711,45.863309352518],[14.286319647544,45.863309352518],[14.299159,45.885727],[14.285671,45.907379],[14.26035,45.929238],[14.238956,45.944379],[14.229964,45.94872],[14.226804123711,45.949714118383],[14.226804123711,45.863309352518]]],"type":"Polygon"},"id":161,"properties":{"parentKey":"SVN:1159310723","sourceCountryId":"SVN","syntheticOperational":true,"territoryId":"territory:catalog:907fe333a79f933010e259b73412315815390e98fbf282244f3a87c7878edf61"},"type":"Feature"},{"geometry":{"coordinates":[[[15.300724616773,45.863309352518],[15.309278350515,45.863309352518],[15.309278350515,45.866666403947],[15.303748,45.864462],[15.300724616773,45.863309352518]]],"type":"Polygon"},"id":162,"properties":{"parentKey":"SVN:1159310775","sourceCountryId":"SVN","syntheticOperational":true,"territoryId":"territory:catalog:8f52defa17a8049a906c048d0d646911570b7f210fc582a388f716e6d85dc386"},"type":"Feature"},{"geometry":{"coordinates":[[[14.072164948454,45.84354541061],[14.093073,45.84883],[14.096639,45.851853],[14.11647775275,45.863309352518],[14.072164948454,45.863309352518],[14.072164948454,45.84354541061]]],"type":"Polygon"},"id":163,"properties":{"parentKey":"SVN:1159310851","sourceCountryId":"SVN","syntheticOperational":true,"territoryId":"territory:catalog:b211fbcabd662bab5e3437697f44bb5664750f7ce6a0c4a637e411a4a325eef1"},"type":"Feature"},{"geometry":{"coordinates":[[[14.401988208739,45.863309352518],[14.434987029032,45.863309352518],[14.417549,45.870895],[14.406077,45.867381],[14.401988208739,45.863309352518]]],"type":"Polygon"},"id":164,"properties":{"parentKey":"SVN:1159310677","sourceCountryId":"SVN","syntheticOperational":true,"territoryId":"territory:catalog:8cd1779b74b68180dc7a1b435da5a5300002457c95f57eabb95b793f176250ff"},"type":"Feature"},{"geometry":{"coordinates":[[[16.264118158123,46.515968444754],[16.295367,46.524448],[16.301527592618,46.527080831717],[16.301527,46.527081],[16.277591,46.533878],[16.264118158123,46.522980011189],[16.264118158123,46.515968444754]]],"type":"Polygon"},"id":165,"properties":{"parentKey":"SVN:1159308699","sourceCountryId":"SVN","syntheticOperational":true,"territoryId":"territory:catalog:8b78391d94b837f7d0bf9a6c647a8abadb483abe29b118e6bd28887edb049c85"},"type":"Feature"},{"geometry":{"coordinates":[[[15.089820359281,45.73709921211],[15.114251,45.718373],[15.121072,45.711732],[15.124069,45.706823],[15.121899,45.702379],[15.120039,45.700467],[15.118437,45.69858],[15.115956,45.697004],[15.112856,45.696022],[15.105724,45.692767],[15.102779,45.684421],[15.12624,45.681915],[15.156161,45.683258],[15.171508,45.68238],[15.184583,45.683258],[15.190784,45.684447],[15.228146,45.70274],[15.24379811805,45.710643656104],[15.24379811805,45.755395683453],[15.154639175258,45.755395683453],[15.089820359281,45.755395683453],[15.089820359281,45.73709921211]]],"type":"Polygon"},"id":166,"properties":{"parentKey":"SVN:1159308575","sourceCountryId":"SVN","syntheticOperational":true,"territoryId":"territory:catalog:8a422f76d74e71c9f3833d430ca3f2a554ea2c6846086d61d095e5f3499cf96e"},"type":"Feature"},{"geometry":{"coordinates":[[[15.085723,46.647795],[15.088826,46.634363],[15.093787,46.625501],[15.099187951341,46.618705035971],[15.16941789748,46.618705035971],[15.182123631309,46.618705035971],[15.183497,46.619454],[15.183962,46.625578],[15.181637,46.629557],[15.173679,46.637774],[15.172557,46.64136],[15.105591,46.646323],[15.085723,46.647795]]],"type":"Polygon"},"id":167,"properties":{"parentKey":"SVN:1159310747","sourceCountryId":"SVN","syntheticOperational":true,"territoryId":"territory:catalog:e587191917146d9c46c0b1ba21843e88368b4ab177feb3a9b1f0fa08bdb3f622"},"type":"Feature"},{"geometry":{"coordinates":[[[15.854464,46.506309],[15.867332,46.500056],[15.88795,46.499849],[15.92862,46.504087],[15.931142896076,46.510791366906],[15.855636704028,46.510791366906],[15.854464,46.506309]]],"type":"Polygon"},"id":168,"properties":{"parentKey":"SVN:1159308615","sourceCountryId":"SVN","syntheticOperational":true,"territoryId":"territory:catalog:100f801531a687ee4dd3ccc4420cfe3f6170be249e2f0886fd992df45b740c92"},"type":"Feature"},{"geometry":{"coordinates":[[[15.272727272727,46.192741320566],[15.301423,46.188912],[15.30995,46.19377],[15.308244,46.199325],[15.308244,46.218264],[15.314135,46.222709],[15.321732,46.226378],[15.327778,46.228496],[15.332274,46.229659],[15.339405,46.229039],[15.343591,46.241803],[15.351549,46.246738],[15.3562,46.250846],[15.358525,46.260536],[15.325763,46.272163],[15.321112,46.273352],[15.3146,46.273817],[15.311035,46.272473],[15.305919,46.272137],[15.301578,46.273868],[15.291811,46.280173],[15.287264,46.289087],[15.281711859672,46.294964028777],[15.272727272727,46.294964028777],[15.272727272727,46.192741320566]]],"type":"Polygon"},"id":169,"properties":{"parentKey":"SVN:1159310671","sourceCountryId":"SVN","syntheticOperational":true,"territoryId":"territory:catalog:1da6b805dcef3b458a3f68ae0cf1049fa4450d770a7e1e634c7e8a30e438f686"},"type":"Feature"},{"geometry":{"coordinates":[[[14.087182,45.517997],[14.089197,45.515284],[14.107491,45.504768],[14.112142,45.501357],[14.117647058824,45.492725154444],[14.117647058824,45.539568345324],[14.098055791631,45.539568345324],[14.094468,45.531175],[14.087182,45.517997]]],"type":"Polygon"},"id":170,"properties":{"parentKey":"SVN:1159310701","sourceCountryId":"SVN","syntheticOperational":true,"territoryId":"territory:catalog:e2073c5b848a99545eded54cde144024f739cb7de485d7ce30adb352df5f2c8c"},"type":"Feature"},{"geometry":{"coordinates":[[[13.674957264366,45.539568345324],[13.704020530368,45.539568345324],[13.704020530368,45.54776588225],[13.675141,45.544745],[13.674957264366,45.539568345324]]],"type":"Polygon"},"id":171,"properties":{"parentKey":"SVN:1159310873","sourceCountryId":"SVN","syntheticOperational":true,"territoryId":"territory:catalog:5470bf35393e250c70eb223db2092e41d56679c5f674ee75c6c67410cfcaa7e8"},"type":"Feature"},{"geometry":{"coordinates":[[[13.713565749056,45.863309352518],[13.762395,45.844489],[13.762886597938,45.844388174003],[13.762886597938,45.863309352518],[13.713565749056,45.863309352518]]],"type":"Polygon"},"id":172,"properties":{"parentKey":"SVN:1159308681","sourceCountryId":"SVN","syntheticOperational":true,"territoryId":"territory:catalog:ad30978cdb33d2d865a0278cb838627d9f8a8152207e24f1152057ef049e4788"},"type":"Feature"},{"geometry":{"coordinates":[[[15.322770165814,46.510791366906],[15.322817,46.51065],[15.322880693773,46.510791366906],[15.322770165814,46.510791366906]]],"type":"Polygon"},"id":173,"properties":{"parentKey":"SVN:1159308579","sourceCountryId":"SVN","syntheticOperational":true,"territoryId":"territory:catalog:acfd60745028ee06904122ded7cc22350de1f72057ec3a0112279edc018ca81d"},"type":"Feature"},{"geometry":{"coordinates":[[[15.16941789748,46.402877697842],[15.176111590056,46.402877697842],[15.175539,46.409106],[15.169958,46.410914],[15.16941789748,46.411019312103],[15.16941789748,46.402877697842]]],"type":"Polygon"},"id":174,"properties":{"parentKey":"SVN:1159310805","sourceCountryId":"SVN","syntheticOperational":true,"territoryId":"territory:catalog:8bea5bba311b219a6c3aa495536934ed1aa4873b5a775edae32e71a2398bd9aa"},"type":"Feature"},{"geometry":{"coordinates":[[[14.649350649351,46.331316301334],[14.670609,46.31061],[14.676862,46.299655],[14.678550313946,46.294964028777],[14.714346003758,46.294964028777],[14.731329,46.310765],[14.780783,46.338516],[14.805194805195,46.385260158999],[14.805194805195,46.402877697842],[14.740010921691,46.402877697842],[14.739855,46.398615],[14.741871,46.395696],[14.742956,46.392879],[14.73753,46.388952],[14.726471,46.383422],[14.669369,46.364586],[14.649350649351,46.365797730011],[14.649350649351,46.331316301334]]],"type":"Polygon"},"id":175,"properties":{"parentKey":"SVN:1159308571","sourceCountryId":"SVN","syntheticOperational":true,"territoryId":"territory:catalog:870bf1ff58cc548b90f4c3ff1c2fb00fe529205e18f165393cc253d12723fdf0"},"type":"Feature"},{"geometry":{"coordinates":[[[15.78461,46.7122],[15.786613,46.709992],[15.804338,46.69976],[15.818291,46.696168],[15.827282,46.686375],[15.858805,46.671596],[15.86387434555,46.670685474163],[15.86387434555,46.722705949545],[15.850743,46.724488],[15.822941,46.722834],[15.78461,46.7122]]],"type":"Polygon"},"id":176,"properties":{"parentKey":"SVN:1159317883","sourceCountryId":"SVN","syntheticOperational":true,"territoryId":"territory:catalog:10bf09a4675b339e57be9366ca75fa779b730a1ea4e8ddf823dcefc7e788bee2"},"type":"Feature"},{"geometry":{"coordinates":[[[13.5,45.975000521264],[13.500795833381,45.974362056893],[13.504708579646,45.971223021583],[13.545958793886,45.971223021583],[13.571657,45.97983],[13.600735,45.984574],[13.601475,45.985049],[13.610984,45.991147],[13.626176,45.996624],[13.603956,46.012928],[13.587212,46.028044],[13.571089,46.03856],[13.562098,46.049283],[13.556517,46.058688],[13.546078,46.066181],[13.531815,46.070315],[13.522585,46.075298],[13.505098,46.066027],[13.5,46.061297941552],[13.5,45.975000521264]]],"type":"Polygon"},"id":177,"properties":{"parentKey":"SVN:1159310857","sourceCountryId":"SVN","syntheticOperational":true,"territoryId":"territory:catalog:e25940e8e1bf3f19439d093a226a773c69bd87e3ac8ddfa62b367f2625adcce7"},"type":"Feature"},{"geometry":{"coordinates":[[[15.325803649001,46.479680264515],[15.335064,46.477396],[15.359146,46.480186],[15.363951,46.478171],[15.376819,46.469412],[15.38116,46.468843],[15.387361,46.470368],[15.390772,46.472099],[15.408186,46.477706],[15.415163,46.499462],[15.430309929252,46.510791366906],[15.325803649001,46.510791366906],[15.325803649001,46.479680264515]]],"type":"Polygon"},"id":178,"properties":{"parentKey":"SVN:1159308627","sourceCountryId":"SVN","syntheticOperational":true,"territoryId":"territory:catalog:d2b6943ad9ded6619048f41deb2d54b81bd26c7f80008715211474165c028aa0"},"type":"Feature"},{"geometry":{"coordinates":[[[15.584415584416,46.238684198918],[15.58585,46.235989],[15.596857,46.225447],[15.603988,46.222605],[15.607089,46.21997],[15.61329,46.20426],[15.626106,46.195527],[15.626571,46.19521],[15.639799,46.207672],[15.661297,46.21532],[15.677975,46.214462],[15.677989,46.214699],[15.678299,46.219996],[15.691838,46.237333],[15.70145,46.241674],[15.708427,46.251699],[15.716333,46.256893],[15.721759,46.259347],[15.74025974026,46.265693079809],[15.74025974026,46.266010567667],[15.703776,46.264179],[15.684862,46.274075],[15.653029,46.273662],[15.608949,46.283842],[15.587865,46.284049],[15.584415584416,46.283326186598],[15.584415584416,46.238684198918]]],"type":"Polygon"},"id":179,"properties":{"parentKey":"SVN:1159310765","sourceCountryId":"SVN","syntheticOperational":true,"territoryId":"territory:catalog:eb9ba04b15bd308123424f42d21902fa1cdf8affd791396c9b65ab6c4fc2b14f"},"type":"Feature"},{"geometry":{"coordinates":[[[15.638575152042,46.402877697842],[15.678242842561,46.402877697842],[15.687498,46.408615],[15.667602,46.42373],[15.653339,46.428484],[15.641712,46.43112],[15.640162,46.43453],[15.638575152042,46.435182708836],[15.638575152042,46.402877697842]]],"type":"Polygon"},"id":180,"properties":{"parentKey":"SVN:1159308595","sourceCountryId":"SVN","syntheticOperational":true,"territoryId":"territory:catalog:12e35c1838ee49af8c15afaca0f542b8076392ed8b3f82176bae654dd6f451ef"},"type":"Feature"},{"geometry":{"coordinates":[[[15.01303214596,46.510791366906],[15.16941789748,46.510791366906],[15.16941789748,46.524172228735],[15.143293,46.533568],[15.138022,46.541397],[15.12717,46.551888],[15.113166,46.559897],[15.103399,46.570026],[15.070998,46.550337],[15.068982,46.545738],[15.064331,46.542327],[15.060249,46.541501],[15.048777,46.544601],[15.03622,46.541552],[15.033584,46.540002],[15.030328,46.538607],[15.028158,46.53809],[15.024592,46.538142],[15.01303214596,46.548220304731],[15.01303214596,46.510791366906]]],"type":"Polygon"},"id":181,"properties":{"parentKey":"SVN:1159310785","sourceCountryId":"SVN","syntheticOperational":true,"territoryId":"territory:catalog:10c47a297886c8b1ec2a4e28e734bb83b295bd11c2986cb1188033998fe6965c"},"type":"Feature"},{"geometry":{"coordinates":[[[15.447099,46.221468],[15.450044,46.213097],[15.458313,46.198395],[15.468777751232,46.187050359712],[15.51724137931,46.187050359712],[15.584415584416,46.187050359712],[15.584415584416,46.238684198918],[15.5658,46.273662],[15.552467,46.277744],[15.529988,46.276633],[15.524097,46.272137],[15.520996,46.268856],[15.51495,46.265006],[15.502806,46.254257],[15.487768,46.247255],[15.476296,46.243483],[15.458726,46.234749],[15.450354,46.228496],[15.447874,46.226093],[15.447099,46.221468]]],"type":"Polygon"},"id":182,"properties":{"parentKey":"SVN:1159310789","sourceCountryId":"SVN","syntheticOperational":true,"territoryId":"territory:catalog:3f2a2021a8e172f6e0bd70a15503a2b294bb83c5f90a034a2fb92886fe7aa6cd"},"type":"Feature"},{"geometry":{"coordinates":[[[16.054114005566,46.834532374101],[16.056002,46.816057],[16.072435,46.818796],[16.077758,46.822517],[16.092021,46.830217],[16.098842,46.832077],[16.125197,46.833007],[16.124854707288,46.834532374101],[16.077057793345,46.834532374101],[16.054114005566,46.834532374101]]],"type":"Polygon"},"id":183,"properties":{"parentKey":"SVN:1159308541","sourceCountryId":"SVN","syntheticOperational":true,"territoryId":"territory:catalog:ba2d4d612f09ea3475944590c846f3c348a95cbbcf94f5fa6dfa8b153416e41c"},"type":"Feature"},{"geometry":{"coordinates":[[[14.473909324209,45.647482014388],[14.550455973488,45.647482014388],[14.556145,45.656697],[14.563896,45.662692],[14.569095,45.664252],[14.568961,45.664629],[14.568238,45.66667],[14.558626,45.681295],[14.556714,45.692198],[14.53749,45.734418],[14.529584,45.730232],[14.525243,45.728914],[14.50819,45.731111],[14.478372,45.747854],[14.473909324209,45.745367502549],[14.473909324209,45.647482014388]]],"type":"Polygon"},"id":184,"properties":{"parentKey":"SVN:1159308569","sourceCountryId":"SVN","syntheticOperational":true,"territoryId":"territory:catalog:04757b12a43c1d76c4590226f567c3dd2a7e486acc417e992299c0c886629987"},"type":"Feature"},{"geometry":{"coordinates":[[[15.140863063805,45.863309352518],[15.154639175258,45.863309352518],[15.154639175258,45.871890239696],[15.144843,45.873324],[15.140863063805,45.863309352518]]],"type":"Polygon"},"id":185,"properties":{"parentKey":"SVN:1159308575","sourceCountryId":"SVN","syntheticOperational":true,"territoryId":"territory:catalog:bfab50ca8aa2a0725d9b8f4f5cd647540e6240b71fb7e2ba234ac200789a9d02"},"type":"Feature"},{"geometry":{"coordinates":[[[14.431034482759,46.127763241336],[14.433207,46.128399],[14.446281,46.128347],[14.460389,46.13398],[14.469226,46.143463],[14.459997280456,46.187050359712],[14.431034482759,46.187050359712],[14.431034482759,46.127763241336]]],"type":"Polygon"},"id":186,"properties":{"parentKey":"SVN:1159310731","sourceCountryId":"SVN","syntheticOperational":true,"territoryId":"territory:catalog:1650dbdcb9480e4fd75b263d18234b2ab047de19aae18795f2940f58087bd4a4"},"type":"Feature"},{"geometry":{"coordinates":[[[14.805194805195,46.385260158999],[14.80688,46.388487],[14.80905,46.399132],[14.807734861005,46.402877697842],[14.805194805195,46.402877697842],[14.805194805195,46.385260158999]]],"type":"Polygon"},"id":187,"properties":{"parentKey":"SVN:1159308571","sourceCountryId":"SVN","syntheticOperational":true,"territoryId":"territory:catalog:1c335f65048e1cc56f1f7e850b98582ac2693ba8ff208fb43a02237716f0d88d"},"type":"Feature"},{"geometry":{"coordinates":[[[14.899535,46.504449],[14.92403,46.504784],[14.93266247126,46.510791366906],[14.90115801368,46.510791366906],[14.899535,46.504449]]],"type":"Polygon"},"id":188,"properties":{"parentKey":"SVN:1159308623","sourceCountryId":"SVN","syntheticOperational":true,"territoryId":"territory:catalog:02f3fe33f8caf51eac7cb5a964c294bd7fad6d4258acbfa88cc4f8a841be1b5e"},"type":"Feature"},{"geometry":{"coordinates":[[[15.272727272727,46.187050359712],[15.301852524032,46.187050359712],[15.301423,46.188912],[15.272727272727,46.192741320566],[15.272727272727,46.187050359712]]],"type":"Polygon"},"id":189,"properties":{"parentKey":"SVN:1159310715","sourceCountryId":"SVN","syntheticOperational":true,"territoryId":"territory:catalog:f3475ad2e320a17c6858a4c003c3b0fe24a5cc3e98b6341e4ef489c0b3add133"},"type":"Feature"},{"geometry":{"coordinates":[[[15.612838371126,46.618705035971],[15.613755,46.618292],[15.627295,46.609662],[15.63086,46.60253],[15.638575152042,46.598525495786],[15.638575152042,46.618705035971],[15.612838371126,46.618705035971]]],"type":"Polygon"},"id":190,"properties":{"parentKey":"SVN:1159310713","sourceCountryId":"SVN","syntheticOperational":true,"territoryId":"territory:catalog:f0908838296fa8baae72b7e1528add762bb175a0136b8f90d967505e038ae184"},"type":"Feature"},{"geometry":{"coordinates":[[[14.591027,45.980139],[14.59396530092,45.971223021583],[14.690721649485,45.971223021583],[14.722746474375,45.971223021583],[14.733189,45.982077],[14.740165,45.998149],[14.724611,46.003807],[14.715309,46.009233],[14.709728,46.011145],[14.701201,46.010939],[14.686473,46.005151],[14.682598,46.000448],[14.676862,45.996237],[14.660687,45.989803],[14.630611,45.989235],[14.616193,45.996676],[14.60653,45.99156],[14.603894,45.991741],[14.600329,45.98939],[14.597383,45.987891],[14.594283,45.984739],[14.591027,45.980139]]],"type":"Polygon"},"id":191,"properties":{"parentKey":"SVN:1159310693","sourceCountryId":"SVN","syntheticOperational":true,"territoryId":"territory:catalog:0fe643ba6e635cb934ede5df8163e1606d388f644c3afc1b6444019568caf52c"},"type":"Feature"},{"geometry":{"coordinates":[[[14.319931565441,45.539568345324],[14.424552429668,45.539568345324],[14.473909324209,45.539568345324],[14.473909324209,45.580391609999],[14.467985,45.578924],[14.460389,45.580164],[14.449382,45.579802],[14.438943,45.580732],[14.438168,45.58298],[14.443439,45.587631],[14.443904,45.594633],[14.441269,45.600008],[14.428091,45.608663],[14.42189,45.61688],[14.42251,45.623908],[14.426231,45.644036],[14.40559908224,45.647482014388],[14.319931565441,45.647482014388],[14.319931565441,45.539568345324]]],"type":"Polygon"},"id":192,"properties":{"parentKey":"SVN:1159310701","sourceCountryId":"SVN","syntheticOperational":true,"territoryId":"territory:catalog:60e8059ab633931d4498f0ec90897421304c8e2069e461a8858e30fcbfe40e33"},"type":"Feature"},{"geometry":{"coordinates":[[[15.325803649001,46.428601062888],[15.34018,46.411379],[15.348759,46.40616],[15.355529058367,46.402877697842],[15.409892,46.402877697842],[15.409892,46.405488],[15.412372,46.407659],[15.414698,46.412361],[15.416558,46.417451],[15.422759,46.424608],[15.398368,46.437889],[15.38209,46.440783],[15.368137,46.447656],[15.352479,46.452565],[15.345658,46.459542],[15.338475,46.465433],[15.335064,46.477396],[15.325803649001,46.479680264515],[15.325803649001,46.460719999685],[15.327003,46.458534],[15.325803649001,46.454508909545],[15.325803649001,46.45079727269],[15.334134,46.446933],[15.336925,46.445899],[15.33677,46.443729],[15.331499,46.441713],[15.326848,46.439078],[15.325803649001,46.437213465467],[15.325803649001,46.428601062888]]],"type":"Polygon"},"id":193,"properties":{"parentKey":"SVN:1159310819","sourceCountryId":"SVN","syntheticOperational":true,"territoryId":"territory:catalog:36ed089921ee73804c415e9e4292babef23de89640e27f2110c22f60188791a9"},"type":"Feature"},{"geometry":{"coordinates":[[[14.072164948454,45.885874694219],[14.120875,45.87875],[14.109041,45.901488],[14.104235,45.90619],[14.100669,45.913968],[14.100359,45.921538],[14.101755,45.930375],[14.108731,45.939754],[14.114829,45.951562],[14.116069,45.961588],[14.114054,45.966083],[14.109558,45.967324],[14.108576,45.969287],[14.109656864311,45.971223021583],[14.072164948454,45.971223021583],[14.072164948454,45.885874694219]]],"type":"Polygon"},"id":194,"properties":{"parentKey":"SVN:1159310829","sourceCountryId":"SVN","syntheticOperational":true,"territoryId":"territory:catalog:f54992a7b01d98f22c8f469b1131a6fc1dc552e653aebf970c8d3c0aa909d7b9"},"type":"Feature"},{"geometry":{"coordinates":[[[13.699908,45.770524],[13.709478,45.765321],[13.74084671153,45.755395683453],[13.762886597938,45.755395683453],[13.762886597938,45.791730790813],[13.753094,45.790875],[13.731855,45.79134],[13.725809,45.789763],[13.705758,45.779738],[13.699908,45.770524]]],"type":"Polygon"},"id":195,"properties":{"parentKey":"SVN:1159310879","sourceCountryId":"SVN","syntheticOperational":true,"territoryId":"territory:catalog:d0c18f4887d1712aabef783cb97dbfd2bf627bbb844a7349c259dad775d0d932"},"type":"Feature"},{"geometry":{"coordinates":[[[14.23818,46.425254],[14.252908,46.413498],[14.253967934044,46.402877697842],[14.337662337662,46.402877697842],[14.387489139878,46.402877697842],[14.387489139878,46.43972238443],[14.362151,46.435875],[14.242323,46.438237],[14.242211,46.437528],[14.242056,46.437114],[14.23818,46.425254]]],"type":"Polygon"},"id":196,"properties":{"parentKey":"SVN:1159310845","sourceCountryId":"SVN","syntheticOperational":true,"territoryId":"territory:catalog:9dbdb2d1c4d275e824cb68146e7a6902d65a07e73f7d7033a54017b66e94c5bf"},"type":"Feature"},{"geometry":{"coordinates":[[[16.178010471204,46.618705035971],[16.185813888681,46.618705035971],[16.192273,46.62563],[16.205295,46.62935],[16.240797,46.653587],[16.225914,46.655499],[16.20359,46.663483],[16.198164,46.666919],[16.192118,46.672061],[16.191653,46.679477],[16.178734,46.697563],[16.178010471204,46.697361573402],[16.178010471204,46.618705035971]]],"type":"Polygon"},"id":197,"properties":{"parentKey":"SVN:1159310897","sourceCountryId":"SVN","syntheticOperational":true,"territoryId":"territory:catalog:65529995b4b9be72ebf675688248119367727a58b4700a50781f68409559ad31"},"type":"Feature"},{"geometry":{"coordinates":[[[15.84538968798,46.294964028777],[15.862061,46.283842],[15.866866,46.281775],[15.875083,46.266013],[15.880664,46.259606],[15.880895,46.259341],[15.883712,46.2594],[15.896103896104,46.264128083572],[15.896103896104,46.294964028777],[15.84538968798,46.294964028777]]],"type":"Polygon"},"id":198,"properties":{"parentKey":"SVN:1159308619","sourceCountryId":"SVN","syntheticOperational":true,"territoryId":"territory:catalog:78898225eacd51ea5be755187278f72642ab06b36e6148354154a05928556dff"},"type":"Feature"},{"geometry":{"coordinates":[[[15.271296,45.841879],[15.273931,45.829916],[15.279202,45.820356],[15.297237,45.807385],[15.309278350515,45.794474269674],[15.309278350515,45.863309352518],[15.300724616773,45.863309352518],[15.280907,45.855754],[15.276412,45.850457],[15.271296,45.841879]]],"type":"Polygon"},"id":199,"properties":{"parentKey":"SVN:1159310775","sourceCountryId":"SVN","syntheticOperational":true,"territoryId":"territory:catalog:6b9f4752af92484ce51014342392000d805c23d4229efeab816b601962c1b3c1"},"type":"Feature"},{"geometry":{"coordinates":[[[15.116883116883,46.319853004594],[15.122829,46.316966],[15.131201,46.327663],[15.138022,46.332831],[15.146084,46.335803],[15.158486,46.336087],[15.181637,46.325235],[15.19652,46.327663],[15.206287,46.341978],[15.206287,46.345699],[15.204736,46.353915],[15.201171,46.36053],[15.190319,46.388435],[15.175849,46.394016],[15.175539,46.398098],[15.176159,46.402362],[15.176111590056,46.402877697842],[15.16941789748,46.402877697842],[15.116883116883,46.402877697842],[15.116883116883,46.319853004594]]],"type":"Polygon"},"id":200,"properties":{"parentKey":"SVN:1159310805","sourceCountryId":"SVN","syntheticOperational":true,"territoryId":"territory:catalog:36e35ee2c973c15d76b597c61deb92dcd6a4a75ffbfa7178dd8ba277a49cade3"},"type":"Feature"},{"geometry":{"coordinates":[[[13.700764892658,46.510791366906],[13.761946133797,46.510791366906],[13.761946133797,46.511170655429],[13.716093,46.518867],[13.700951,46.519746],[13.701055,46.511891],[13.700764892658,46.510791366906]]],"type":"Polygon"},"id":201,"properties":{"parentKey":"SVN:1159310833","sourceCountryId":"SVN","syntheticOperational":true,"territoryId":"territory:catalog:d0c9188275fcecbc491df0c51e2d4a7b405d300cfb8585aa7e2083228b81e0d8"},"type":"Feature"},{"geometry":{"coordinates":[[[14.275862068966,45.971223021583],[14.369316795343,45.971223021583],[14.37533,45.98045],[14.372229,45.993937],[14.37874,46.002515],[14.385872,46.007941],[14.397395,46.010887],[14.398636,46.015848],[14.399101,46.019362],[14.396775,46.024116],[14.385251,46.032229],[14.366648,46.027475],[14.359517,46.020705],[14.341998,46.014013],[14.315592,46.009182],[14.308615,46.007063],[14.283036,46.003859],[14.277558,46.001947],[14.276163,45.998691],[14.276783,45.995642],[14.275862068966,45.995109010383],[14.275862068966,45.971223021583]]],"type":"Polygon"},"id":202,"properties":{"parentKey":"SVN:1159310811","sourceCountryId":"SVN","syntheticOperational":true,"territoryId":"territory:catalog:ac5c7a74555d69ac9001afb7d4b0a0246dac8c05ef80987e46f4e6af2402a909"},"type":"Feature"},{"geometry":{"coordinates":[[[14.406542,46.191754],[14.40789215799,46.187050359712],[14.431034482759,46.187050359712],[14.459997280456,46.187050359712],[14.458684,46.193253],[14.406542,46.191754]]],"type":"Polygon"},"id":203,"properties":{"parentKey":"SVN:1159310731","sourceCountryId":"SVN","syntheticOperational":true,"territoryId":"territory:catalog:00e648a200ee9f16886c9c25de2aa2de4fb4dd1a649efd89d0179584bff465ee"},"type":"Feature"},{"geometry":{"coordinates":[[[14.076498798261,45.647482014388],[14.07788,45.645431],[14.083151,45.635561],[14.079585,45.629618],[14.079895,45.627913],[14.090592,45.624244],[14.10284,45.622797],[14.110281,45.626001],[14.127541,45.630393],[14.151881,45.631427],[14.165953806672,45.630789675422],[14.165953806672,45.647482014388],[14.076498798261,45.647482014388]]],"type":"Polygon"},"id":204,"properties":{"parentKey":"SVN:1159310753","sourceCountryId":"SVN","syntheticOperational":true,"territoryId":"territory:catalog:fbdfc077b60653d709c012952942bfd7e388764061d4c6225ca34d9edac731fa"},"type":"Feature"},{"geometry":{"coordinates":[[[15.726677946468,46.510791366906],[15.731681,46.504759],[15.733076,46.503234],[15.737779,46.493726],[15.739432,46.491788],[15.74243,46.489979],[15.750491,46.487938],[15.756537,46.485742],[15.781497,46.467732],[15.794726,46.480006],[15.794960903562,46.480114180846],[15.794960903562,46.510791366906],[15.726677946468,46.510791366906]]],"type":"Polygon"},"id":205,"properties":{"parentKey":"SVN:1159310687","sourceCountryId":"SVN","syntheticOperational":true,"territoryId":"territory:catalog:40fc91cd4c8f0859b0327ebcc0a838d972774c47fe63bf8acf00ee9e4022abb3"},"type":"Feature"},{"geometry":{"coordinates":[[[16.264118158123,46.522980011189],[16.277591,46.533878],[16.301527,46.527081],[16.301527592618,46.527080831717],[16.310663,46.530985],[16.292164,46.534731],[16.281622,46.547237],[16.274645,46.544498],[16.271803,46.542741],[16.267979,46.539769],[16.264118158123,46.54189342123],[16.264118158123,46.522980011189]]],"type":"Polygon"},"id":206,"properties":{"parentKey":"SVN:1159308689","sourceCountryId":"SVN","syntheticOperational":true,"territoryId":"territory:catalog:d4697dbba8c06b82a99636b9a3cf20fbfca6fe3b04e434161593d1f998e935a0"},"type":"Feature"},{"geometry":{"coordinates":[[[14.731794,45.646982],[14.754738,45.63954],[14.770706,45.641866],[14.776577250345,45.647482014388],[14.732123988207,45.647482014388],[14.731794,45.646982]]],"type":"Polygon"},"id":207,"properties":{"parentKey":"SVN:1159308589","sourceCountryId":"SVN","syntheticOperational":true,"territoryId":"territory:catalog:84d12e3f14422897f457e17c95fa7c2da94edebe5b69e051090eaa177303637a"},"type":"Feature"},{"geometry":{"coordinates":[[[14.927995872596,46.618705035971],[14.948530157201,46.618705035971],[14.947955,46.619274],[14.933589,46.621135],[14.927995872596,46.618705035971]]],"type":"Polygon"},"id":208,"properties":{"parentKey":"SVN:1159310685","sourceCountryId":"SVN","syntheticOperational":true,"territoryId":"territory:catalog:795b936bf9eb50505d3cc84d9f49e3ba65d1f6100ad79d9a559c9e15349cec08"},"type":"Feature"},{"geometry":{"coordinates":[[[15.281711859672,46.294964028777],[15.287264,46.289087],[15.291811,46.280173],[15.301578,46.273868],[15.305919,46.272137],[15.311035,46.272473],[15.3146,46.273817],[15.321112,46.273352],[15.325763,46.272163],[15.358525,46.260536],[15.363796,46.280095],[15.369533,46.282395],[15.374183,46.286917],[15.378059,46.28963],[15.379919,46.294642],[15.37963419906,46.294964028777],[15.281711859672,46.294964028777]]],"type":"Polygon"},"id":209,"properties":{"parentKey":"SVN:1159308599","sourceCountryId":"SVN","syntheticOperational":true,"territoryId":"territory:catalog:57ee96b05ed9e85d7e30ec998ea38e13de8a453356d7fd356e812f0b38c864cf"},"type":"Feature"},{"geometry":{"coordinates":[[[13.988288851951,46.187050359712],[14.025974025974,46.187050359712],[14.025974025974,46.249504851821],[14.009616,46.246454],[13.997006,46.239297],[14.00512,46.226559],[14.004965,46.219866],[13.989255,46.194597],[13.988288851951,46.187050359712]]],"type":"Polygon"},"id":210,"properties":{"parentKey":"SVN:1159310847","sourceCountryId":"SVN","syntheticOperational":true,"territoryId":"territory:catalog:574ab1f794ad63b45da76f137b6860154be74b589ff6e5d4f908a64dd0835ac7"},"type":"Feature"},{"geometry":{"coordinates":[[[15.824653406499,46.402877697842],[15.831468,46.394791],[15.850227,46.381872],[15.869502,46.384017],[15.871207,46.389572],[15.869347,46.391536],[15.863456,46.393448],[15.860355,46.395385],[15.857875,46.39784],[15.85896,46.400476],[15.858836856379,46.402877697842],[15.824653406499,46.402877697842]]],"type":"Polygon"},"id":211,"properties":{"parentKey":"SVN:1159308609","sourceCountryId":"SVN","syntheticOperational":true,"territoryId":"territory:catalog:38fce55c2ad2fd609647d93179f9007cfff581ba072cd2d2d64e1b58785f52a6"},"type":"Feature"},{"geometry":{"coordinates":[[[15.792504,46.660873],[15.794416,46.654724],[15.800152,46.646869],[15.818291,46.645448],[15.823407,46.640151],[15.825267,46.636378],[15.828523,46.62749],[15.829143,46.623769],[15.829298,46.618989],[15.829667027218,46.618705035971],[15.86387434555,46.618705035971],[15.86387434555,46.670685474163],[15.858805,46.671596],[15.827282,46.686375],[15.818291,46.696168],[15.804338,46.69976],[15.803873,46.682526],[15.799997,46.676273],[15.799067,46.670485],[15.792814,46.665679],[15.792504,46.660873]]],"type":"Polygon"},"id":212,"properties":{"parentKey":"SVN:1159308547","sourceCountryId":"SVN","syntheticOperational":true,"territoryId":"territory:catalog:c770ccd8e8df6d6f748455ba3b02ccdfc0b877e9212989abe49a7935396e8d8b"},"type":"Feature"},{"geometry":{"coordinates":[[[15.463917525773,45.813889815955],[15.473918,45.811572],[15.48539,45.810176],[15.495312,45.812657],[15.513916,45.823406],[15.523527,45.826816],[15.549748,45.823693],[15.549573,45.823922],[15.544716,45.830278],[15.522701,45.852783],[15.517896,45.860586],[15.515739259688,45.863309352518],[15.463917525773,45.863309352518],[15.463917525773,45.813889815955]]],"type":"Polygon"},"id":213,"properties":{"parentKey":"SVN:1159310711","sourceCountryId":"SVN","syntheticOperational":true,"territoryId":"territory:catalog:18f1f9cd92419333c662bfc6a6074722369ef41a22760d68a232ed284dcc8552"},"type":"Feature"},{"geometry":{"coordinates":[[[13.657289002558,45.459891830698],[13.65997,45.459978],[13.660024,45.460223],[13.66142,45.466476],[13.666071,45.468801],[13.667001,45.46906],[13.670876,45.47123],[13.672427,45.474201],[13.674752,45.477534],[13.677698,45.482909],[13.688705,45.490867],[13.693201,45.495389],[13.691495,45.497792],[13.68979,45.499445],[13.662763,45.50699],[13.657492,45.492159],[13.657289002558,45.492065515157],[13.657289002558,45.459891830698]]],"type":"Polygon"},"id":214,"properties":{"parentKey":"SVN:1159310877","sourceCountryId":"SVN","syntheticOperational":true,"territoryId":"territory:catalog:96e5cddcc5ff984837136390dcd656317f8f140f14f1b13dea756973e79263cd"},"type":"Feature"},{"geometry":{"coordinates":[[[14.982063,45.766302],[14.983049852927,45.755395683453],[15,45.755395683453],[15,45.781038998317],[14.99648,45.779738],[14.982063,45.766302]]],"type":"Polygon"},"id":215,"properties":{"parentKey":"SVN:1159308655","sourceCountryId":"SVN","syntheticOperational":true,"territoryId":"territory:catalog:cc07c0bcb6aac5c82a709bb4b154740b929d673fdd3be18c8ac7b8baefe0c338"},"type":"Feature"},{"geometry":{"coordinates":[[[14.884911,46.240537],[14.930076,46.218781],[14.910077,46.210539],[14.915348,46.201366],[14.930076,46.193666],[14.937363,46.191858],[14.961038961039,46.196054592819],[14.961038961039,46.283442959917],[14.957103,46.283273],[14.954881,46.283635],[14.950385,46.281878],[14.950385,46.278002],[14.945734,46.274695],[14.925735,46.268959],[14.918294,46.265316],[14.907752,46.264825],[14.90031,46.263275],[14.89752,46.25883],[14.89752,46.254231],[14.884911,46.240537]]],"type":"Polygon"},"id":216,"properties":{"parentKey":"SVN:1159308641","sourceCountryId":"SVN","syntheticOperational":true,"territoryId":"territory:catalog:6126ff4102f6f3be26fc28c8bcf25927b20360e992ffc00aac0ac69ab8ef8f2c"},"type":"Feature"},{"geometry":{"coordinates":[[[15.493385728977,46.618705035971],[15.523082231792,46.618705035971],[15.520221,46.627206],[15.513939,46.632545],[15.511228,46.628369],[15.493385728977,46.618705035971]]],"type":"Polygon"},"id":217,"properties":{"parentKey":"SVN:1159308625","sourceCountryId":"SVN","syntheticOperational":true,"territoryId":"territory:catalog:f4501230fe14a5e164dce0006eca8b80f8a5da023c2ce9fd9ae8e9565fcb6e99"},"type":"Feature"},{"geometry":{"coordinates":[[[14.627887082977,45.587398369098],[14.650299,45.574842],[14.657327,45.572775],[14.663675,45.570187],[14.680582,45.576236],[14.72368,45.596985],[14.710968,45.62812],[14.726626,45.637783],[14.731794,45.646982],[14.732123988207,45.647482014388],[14.627887082977,45.647482014388],[14.627887082977,45.587398369098]]],"type":"Polygon"},"id":218,"properties":{"parentKey":"SVN:1159310725","sourceCountryId":"SVN","syntheticOperational":true,"territoryId":"territory:catalog:968879df9abeb105c0c34e99cd37768a0fc16a12a546efb851094eed3e1e5ea4"},"type":"Feature"},{"geometry":{"coordinates":[[[15.801082,46.320584],[15.825112,46.308492],[15.828988,46.327353],[15.828368,46.33371],[15.831778,46.339368],[15.837359,46.345182],[15.842165,46.346887],[15.846506,46.347456],[15.853999,46.349471],[15.85958,46.350194],[15.864851,46.35159],[15.868882,46.351538],[15.879889,46.350401],[15.88392,46.348437],[15.896103896104,46.344736585931],[15.896103896104,46.396753575238],[15.869502,46.384017],[15.850227,46.381872],[15.831468,46.394791],[15.824647,46.371563],[15.821236,46.366059],[15.818756,46.359134],[15.802478,46.354949],[15.808834,46.344872],[15.811624,46.342391],[15.81333,46.338929],[15.801082,46.320584]]],"type":"Polygon"},"id":219,"properties":{"parentKey":"SVN:1159308597","sourceCountryId":"SVN","syntheticOperational":true,"territoryId":"territory:catalog:a82cc7f2bd579c063eb25fba76c0edfa669a2b667dc1a24ec7929c8fd8b6873d"},"type":"Feature"},{"geometry":{"coordinates":[[[13.65997,45.459978],[13.759294,45.463169],[13.806526,45.442137],[13.81074168798,45.43913040156],[13.81074168798,45.539568345324],[13.704020530368,45.539568345324],[13.674957264366,45.539568345324],[13.674287,45.520684],[13.662763,45.50699],[13.68979,45.499445],[13.691495,45.497792],[13.693201,45.495389],[13.688705,45.490867],[13.677698,45.482909],[13.674752,45.477534],[13.672427,45.474201],[13.670876,45.47123],[13.667001,45.46906],[13.666071,45.468801],[13.66142,45.466476],[13.660024,45.460223],[13.65997,45.459978]]],"type":"Polygon"},"id":220,"properties":{"parentKey":"SVN:1159310873","sourceCountryId":"SVN","syntheticOperational":true,"territoryId":"territory:catalog:bbd250ddec4a19aa66548320776997237d84d5ab7f7c534dbc09a41b4f7cb4f3"},"type":"Feature"},{"geometry":{"coordinates":[[[15.051724137931,46.001805940192],[15.054823,46.002154],[15.079214,46.001275],[15.089291,46.006339],[15.097198,46.006908],[15.100298,46.006443],[15.102314,46.00497],[15.116111,46.004195],[15.093322,46.030731],[15.094097,46.040291],[15.078284,46.048507],[15.075029,46.053468],[15.071463,46.064708],[15.051724137931,46.060155697336],[15.051724137931,46.001805940192]]],"type":"Polygon"},"id":221,"properties":{"parentKey":"SVN:1159317881","sourceCountryId":"SVN","syntheticOperational":true,"territoryId":"territory:catalog:51cfa9df23a0614fdf0b269dd01835d5868e21f22703822f6e0aa827f042ca84"},"type":"Feature"},{"geometry":{"coordinates":[[[14.961038961039,46.394644495327],[14.962994,46.394274],[14.971986,46.393448],[14.985628,46.395773],[14.993535,46.394429],[14.997876,46.392052],[15.000201,46.390295],[15.001906,46.388073],[15.002526,46.386523],[14.999891,46.377221],[15.013895,46.364457],[15.03901,46.355517],[15.066605,46.351693],[15.069758,46.371795],[15.082315,46.386187],[15.087741,46.399881],[15.087915698422,46.402877697842],[15.01303214596,46.402877697842],[14.961038961039,46.402877697842],[14.961038961039,46.394644495327]]],"type":"Polygon"},"id":222,"properties":{"parentKey":"SVN:1159310793","sourceCountryId":"SVN","syntheticOperational":true,"territoryId":"territory:catalog:4abe72f35238a3f04e72560513eb793d2b01e9a2e541a90e4a3ea3cc8da936b4"},"type":"Feature"},{"geometry":{"coordinates":[[[14.710968,45.62812],[14.72368,45.596985],[14.730088,45.575771],[14.733654,45.571896],[14.733344,45.567245],[14.731639,45.565333],[14.733034,45.561638],[14.739235,45.553576],[14.756133,45.544972],[14.764377800659,45.539568345324],[14.781864841745,45.539568345324],[14.781864841745,45.647482014388],[14.776577250345,45.647482014388],[14.770706,45.641866],[14.754738,45.63954],[14.731794,45.646982],[14.726626,45.637783],[14.710968,45.62812]]],"type":"Polygon"},"id":223,"properties":{"parentKey":"SVN:1159308563","sourceCountryId":"SVN","syntheticOperational":true,"territoryId":"territory:catalog:173de96dbfb8ba929f02270f2dd1c5b8fa1d9c738c607520fcfada9578d1380e"},"type":"Feature"},{"geometry":{"coordinates":[[[13.810344827586,46.079136690647],[13.907221509105,46.079136690647],[13.906418,46.082872],[13.903782,46.088608],[13.901457,46.097445],[13.901612,46.105196],[13.899596,46.113129],[13.890295,46.124833],[13.886109,46.134549],[13.886212,46.140026],[13.88983,46.147933],[13.89355,46.154212],[13.906573,46.163539],[13.923626,46.170722],[13.957939,46.17837],[13.965517241379,46.182296814499],[13.965517241379,46.187050359712],[13.87012987013,46.187050359712],[13.810344827586,46.187050359712],[13.810344827586,46.079136690647]]],"type":"Polygon"},"id":224,"properties":{"parentKey":"SVN:1159310843","sourceCountryId":"SVN","syntheticOperational":true,"territoryId":"territory:catalog:b6bd44f5e83508ac200a815957203c196754bb2ea22859e967bb8101fae775fd"},"type":"Feature"},{"geometry":{"coordinates":[[[13.976995922926,46.079136690647],[13.981969,46.076051],[13.999797,46.067188],[14.00915,46.064553],[14.019227,46.063855],[14.024498,46.064527],[14.029924,46.066129],[14.030079,46.073157],[14.023258,46.079048],[14.023218747636,46.079136690647],[13.976995922926,46.079136690647]]],"type":"Polygon"},"id":225,"properties":{"parentKey":"SVN:1159310825","sourceCountryId":"SVN","syntheticOperational":true,"territoryId":"territory:catalog:6a77804d7e77ff4923153589d4b76e8c8b15e677f4d6c099034b0acb3d57e402"},"type":"Feature"},{"geometry":{"coordinates":[[[14.275862068966,46.044445302499],[14.282415,46.045562],[14.323188,46.042668],[14.33094,46.040653],[14.337141,46.03763],[14.343084,46.029103],[14.344324,46.025201],[14.344479,46.021894],[14.343239,46.019414],[14.341998,46.014013],[14.359517,46.020705],[14.366648,46.027475],[14.385251,46.032229],[14.407317,46.035769],[14.412433,46.034865],[14.428866,46.029025],[14.431034482759,46.029983657097],[14.431034482759,46.065568470006],[14.42406,46.078247],[14.423031976196,46.079136690647],[14.275862068966,46.079136690647],[14.275862068966,46.044445302499]]],"type":"Polygon"},"id":226,"properties":{"parentKey":"SVN:1159308557","sourceCountryId":"SVN","syntheticOperational":true,"territoryId":"territory:catalog:01f6525be5bee9264e267e0daa6a35459631422d911e38f4b6408847acd1387d"},"type":"Feature"},{"geometry":{"coordinates":[[[14.714346003758,46.294964028777],[14.805194805195,46.294964028777],[14.805194805195,46.339242256885],[14.800833,46.340996],[14.797578,46.343373],[14.780783,46.338516],[14.731329,46.310765],[14.714346003758,46.294964028777]]],"type":"Polygon"},"id":227,"properties":{"parentKey":"SVN:1159310689","sourceCountryId":"SVN","syntheticOperational":true,"territoryId":"territory:catalog:bc07a14a9ab354e18644f0124d40178d301edf3ea1a240e472a5672ee4b079ed"},"type":"Feature"},{"geometry":{"coordinates":[[[15.037615,45.631324],[15.056373,45.606829],[15.073633,45.601946],[15.089820359281,45.598155485927],[15.089820359281,45.647482014388],[15.040231373338,45.647482014388],[15.037615,45.631324]]],"type":"Polygon"},"id":228,"properties":{"parentKey":"SVN:1159310769","sourceCountryId":"SVN","syntheticOperational":true,"territoryId":"territory:catalog:55695dcd16b31fec2f1f2b6aa6fdddef519ec9efae8515dde903ce818295e040"},"type":"Feature"},{"geometry":{"coordinates":[[[14.546382656412,46.294964028777],[14.550358,46.289371],[14.553303,46.278623],[14.558626,46.274488],[14.569943,46.261466],[14.569478,46.257539],[14.568548,46.253559],[14.566687,46.25002],[14.564052,46.247255],[14.552528,46.243198],[14.565447,46.228109],[14.569943,46.214854],[14.582655,46.198059],[14.579865,46.192426],[14.590097,46.189119],[14.609476,46.188499],[14.632006,46.19731],[14.639138,46.202193],[14.645339,46.204596],[14.649350649351,46.205535604555],[14.649350649351,46.294964028777],[14.546382656412,46.294964028777]]],"type":"Polygon"},"id":229,"properties":{"parentKey":"SVN:1159308561","sourceCountryId":"SVN","syntheticOperational":true,"territoryId":"territory:catalog:bd103d4735673d7d049952ea5b0e7b4a70f6b09aeee81e9be725cb691c40a5ae"},"type":"Feature"},{"geometry":{"coordinates":[[[16.103028,46.676789],[16.104423,46.67157],[16.108454,46.661545],[16.114035,46.656455],[16.118686,46.650745],[16.123027,46.643872],[16.120391,46.636947],[16.110314,46.623873],[16.120391,46.619119],[16.121655452031,46.618705035971],[16.178010471204,46.618705035971],[16.178010471204,46.697361573402],[16.151449,46.689967],[16.144317,46.691776],[16.108299,46.69038],[16.103028,46.676789]]],"type":"Polygon"},"id":230,"properties":{"parentKey":"SVN:1159310897","sourceCountryId":"SVN","syntheticOperational":true,"territoryId":"territory:catalog:086710abe5646307a3c351978df54d49a48bf975c157dd262ff0e4607a32ccab"},"type":"Feature"},{"geometry":{"coordinates":[[[14.337662337662,46.187050359712],[14.363282944332,46.187050359712],[14.363082,46.18793],[14.364943,46.191651],[14.367113,46.194519],[14.365408,46.195579],[14.349595,46.192478],[14.337968,46.192917],[14.337662337662,46.1930051124],[14.337662337662,46.187050359712]]],"type":"Polygon"},"id":231,"properties":{"parentKey":"SVN:1159310841","sourceCountryId":"SVN","syntheticOperational":true,"territoryId":"territory:catalog:a307ccbc7e7ed203152c432d1472ddab110dc5bab0eafc3cbda59173ea6c02b2"},"type":"Feature"},{"geometry":{"coordinates":[[[13.764160150464,46.079136690647],[13.807729941705,46.079136690647],[13.808026,46.081374],[13.799964,46.103646],[13.792833,46.108607],[13.780741,46.108969],[13.768907,46.101605],[13.766891,46.08189],[13.764160150464,46.079136690647]]],"type":"Polygon"},"id":232,"properties":{"parentKey":"SVN:1159308681","sourceCountryId":"SVN","syntheticOperational":true,"territoryId":"territory:catalog:6f3c0b69cbe4a7cb48c35f8e09a0642997f4a368818cae9a4937742d643e820f"},"type":"Feature"},{"geometry":{"coordinates":[[[13.932267578527,45.863309352518],[14.015370224677,45.863309352518],[14.014731,45.865159],[14.00512,45.873014],[13.997317,45.875908],[13.986775,45.877717],[13.973442,45.8772],[13.956544,45.873686],[13.932463,45.863454],[13.932267578527,45.863309352518]]],"type":"Polygon"},"id":233,"properties":{"parentKey":"SVN:1159310881","sourceCountryId":"SVN","syntheticOperational":true,"territoryId":"territory:catalog:75fe23fc76fb753800b91b693ac82ec6de9a481fae9ed2e4e98825399525257d"},"type":"Feature"},{"geometry":{"coordinates":[[[15.113321,46.183383],[15.131046,46.167286],[15.134766,46.161498],[15.159261,46.14876],[15.171663,46.138166],[15.180242,46.129123],[15.188458,46.116204],[15.188458,46.110881],[15.185048,46.107315],[15.176676,46.103336],[15.173214,46.102251],[15.161121,46.105145],[15.153215,46.108581],[15.149029,46.110028],[15.144998,46.109666],[15.142208,46.106385],[15.141898,46.104266],[15.143448,46.101527],[15.146239,46.099254],[15.150114,46.096928],[15.163447,46.092484],[15.179642217712,46.079136690647],[15.193517208385,46.079136690647],[15.192954,46.080883],[15.193884,46.082175],[15.203496,46.083699],[15.206896551724,46.083674592836],[15.206896551724,46.187050359712],[15.195107293774,46.187050359712],[15.176469,46.184546],[15.113321,46.183383]]],"type":"Polygon"},"id":234,"properties":{"parentKey":"SVN:1159310715","sourceCountryId":"SVN","syntheticOperational":true,"territoryId":"territory:catalog:48478d7a528108a50cd9392a86baf0d000c3d2fa2187f55db98317f2fa5158dd"},"type":"Feature"},{"geometry":{"coordinates":[[[13.964194373402,45.509415328311],[13.964966,45.51097],[13.971891,45.514226],[13.987476,45.511909],[13.987395,45.51208],[13.983829,45.519547],[13.964194373402,45.535941472414],[13.964194373402,45.509415328311]]],"type":"Polygon"},"id":235,"properties":{"parentKey":"SVN:1159310873","sourceCountryId":"SVN","syntheticOperational":true,"territoryId":"territory:catalog:ade4ce5729d56c80f97f49fa90f87d15f8433e83af2930cc3b55253a5638277d"},"type":"Feature"},{"geometry":{"coordinates":[[[15.272727272727,46.304474356848],[15.281711859672,46.294964028777],[15.37963419906,46.294964028777],[15.376354,46.298673],[15.373563,46.300378],[15.376509,46.311334],[15.369843,46.315545],[15.367827,46.317587],[15.365657,46.321462],[15.364417,46.324201],[15.368757,46.333968],[15.349844,46.341358],[15.338785,46.349368],[15.336925,46.358463],[15.331189,46.365206],[15.272727272727,46.36504017465],[15.272727272727,46.304474356848]]],"type":"Polygon"},"id":236,"properties":{"parentKey":"SVN:1159308599","sourceCountryId":"SVN","syntheticOperational":true,"territoryId":"territory:catalog:f6c0b006d5afb76ddc9f6cfae3b5961808ebc8d4b4f55968801d20617a294fe9"},"type":"Feature"},{"geometry":{"coordinates":[[[14.741379310345,46.04197058272],[14.743731,46.040187],[14.748692,46.034219],[14.751327,46.028147],[14.747762,46.022617],[14.749622,46.002955],[14.772721,46.004531],[14.775202,46.006288],[14.781403,46.008536],[14.81091,46.007761],[14.843053,46.000629],[14.85592,45.999983],[14.862897,46.000784],[14.863672,46.004324],[14.865687,46.006443],[14.871423,46.005254],[14.87747,46.002102],[14.896551724138,45.982283099937],[14.896551724138,46.047968296059],[14.889326,46.054517],[14.865674,46.070038],[14.84424,46.072995],[14.805806,46.059691],[14.751851,46.066343],[14.741379310345,46.065855960162],[14.741379310345,46.04197058272]]],"type":"Polygon"},"id":237,"properties":{"parentKey":"SVN:1159310717","sourceCountryId":"SVN","syntheticOperational":true,"territoryId":"territory:catalog:8e13b5ba6a86b8e811bf8d7a702036386514d5844297af4953cc64e3b662fad6"},"type":"Feature"},{"geometry":{"coordinates":[[[15.325803649001,46.437213465467],[15.326848,46.439078],[15.331499,46.441713],[15.33677,46.443729],[15.336925,46.445899],[15.334134,46.446933],[15.325803649001,46.45079727269],[15.325803649001,46.437213465467]]],"type":"Polygon"},"id":238,"properties":{"parentKey":"SVN:1159310807","sourceCountryId":"SVN","syntheticOperational":true,"territoryId":"territory:catalog:793076791d8d030a72493b23fbe41e372b1933cff5cc189f0d836ab78a996b44"},"type":"Feature"},{"geometry":{"coordinates":[[[14.731329,46.050678],[14.73753,46.04489],[14.741379310345,46.04197058272],[14.741379310345,46.065855960162],[14.736134,46.065612],[14.733189,46.058119],[14.733189,46.05383],[14.731329,46.050678]]],"type":"Polygon"},"id":239,"properties":{"parentKey":"SVN:1159310717","sourceCountryId":"SVN","syntheticOperational":true,"territoryId":"territory:catalog:72a845a1818211790ffb25930ae99096f16d45c8f687b8558c81bea7eb9d843c"},"type":"Feature"},{"geometry":{"coordinates":[[[14.023218747636,46.079136690647],[14.023258,46.079048],[14.030079,46.073157],[14.03215760397,46.079136690647],[14.023218747636,46.079136690647]]],"type":"Polygon"},"id":240,"properties":{"parentKey":"SVN:1159310827","sourceCountryId":"SVN","syntheticOperational":true,"territoryId":"territory:catalog:d1461cdf9c8ad187ee182936e0530ae4e1e6c67d95b5cb5262a214f97979b77d"},"type":"Feature"},{"geometry":{"coordinates":[[[13.761946133797,46.402877697842],[13.819984034118,46.402877697842],[13.817328,46.407555],[13.811281,46.412981],[13.798724,46.419958],[13.767356,46.433083],[13.761946133797,46.434767225369],[13.761946133797,46.402877697842]]],"type":"Polygon"},"id":241,"properties":{"parentKey":"SVN:1159310855","sourceCountryId":"SVN","syntheticOperational":true,"territoryId":"territory:catalog:7dad2ff978a41ae08a152a898139de91ef0e65528dd6167a630c7793331551d4"},"type":"Feature"},{"geometry":{"coordinates":[[[15.800462,46.431585],[15.824653406499,46.402877697842],[15.858836856379,46.402877697842],[15.85865,46.406522],[15.859735,46.408434],[15.859735,46.41125],[15.85834,46.414997],[15.847436,46.43068],[15.818601,46.454788],[15.805578,46.449103],[15.803718,46.444917],[15.805888,46.437579],[15.800462,46.431585]]],"type":"Polygon"},"id":242,"properties":{"parentKey":"SVN:1159308609","sourceCountryId":"SVN","syntheticOperational":true,"territoryId":"territory:catalog:facf5ce81f6d8d88ae85bf4676bc71280fa4bb97bbd3c7f541b40f77ca280fb0"},"type":"Feature"},{"geometry":{"coordinates":[[[14.366803,46.303737],[14.368198,46.298001],[14.370281089529,46.294964028777],[14.47918130884,46.294964028777],[14.483798,46.296244],[14.493506493506,46.296450079198],[14.493506493506,46.362837309608],[14.469226,46.364276],[14.454653,46.366886],[14.449847,46.367093],[14.444679,46.366369],[14.440494,46.364715],[14.437238,46.360504],[14.433982,46.355388],[14.432122,46.353528],[14.427006,46.350504],[14.405457,46.351641],[14.393675,46.326217],[14.389282,46.312057],[14.386647,46.307045],[14.382771,46.303531],[14.37874,46.304047],[14.368973,46.306269],[14.366803,46.303737]]],"type":"Polygon"},"id":243,"properties":{"parentKey":"SVN:1159308581","sourceCountryId":"SVN","syntheticOperational":true,"territoryId":"territory:catalog:9c073a1a77dcf6dc914fbbd454e69ca5414bf8debae4c55764c5efc2cc890778"},"type":"Feature"},{"geometry":{"coordinates":[[[14.074717636838,46.402877697842],[14.12589571138,46.402877697842],[14.127851,46.406832],[14.1016,46.403576],[14.096639,46.40461],[14.081911,46.409209],[14.074717636838,46.41343520899],[14.074717636838,46.402877697842]]],"type":"Polygon"},"id":244,"properties":{"parentKey":"SVN:1159310821","sourceCountryId":"SVN","syntheticOperational":true,"territoryId":"territory:catalog:4d7d8307708879c6293b23259d90144f2df26b87cbf5e9d8fad3b3574c959a0b"},"type":"Feature"},{"geometry":{"coordinates":[[[14.271099744246,45.483963154387],[14.280399,45.481101],[14.326805,45.4749],[14.372797,45.477845],[14.411244,45.493193],[14.424552429668,45.501966492337],[14.424552429668,45.539568345324],[14.319931565441,45.539568345324],[14.271099744246,45.539568345324],[14.271099744246,45.483963154387]]],"type":"Polygon"},"id":245,"properties":{"parentKey":"SVN:1159310701","sourceCountryId":"SVN","syntheticOperational":true,"territoryId":"territory:catalog:fa563d198f05bfd59c65b90a52bb7fd8ab3947d9ceb9eecadc6efa6dc74d9b76"},"type":"Feature"},{"geometry":{"coordinates":[[[13.87012987013,46.370657580214],[13.878926,46.366472],[13.899286,46.366602],[13.947087,46.359806],[13.96414,46.352313],[13.983209,46.347662],[13.998247,46.337947],[14.009305,46.336397],[14.022328,46.330351],[14.025974025974,46.327888756525],[14.025974025974,46.402877697842],[13.918331885317,46.402877697842],[13.905699332947,46.402877697842],[13.87012987013,46.389548723241],[13.87012987013,46.370657580214]]],"type":"Polygon"},"id":246,"properties":{"parentKey":"SVN:1159310821","sourceCountryId":"SVN","syntheticOperational":true,"territoryId":"territory:catalog:8f16849c39be5d92cbb3e382b30341332c2076b7818c3c2d2d04678396f55d81"},"type":"Feature"},{"geometry":{"coordinates":[[[14.569323,46.10778],[14.586206896552,46.106069092596],[14.586206896552,46.144279662688],[14.575834,46.134445],[14.571028,46.124523],[14.569323,46.10778]]],"type":"Polygon"},"id":247,"properties":{"parentKey":"SVN:1159308559","sourceCountryId":"SVN","syntheticOperational":true,"territoryId":"territory:catalog:7524e9a7fc9cf97a4bf0165732a1068b5ba54b2cb2cd75b8129a9b22e983ace7"},"type":"Feature"},{"geometry":{"coordinates":[[[13.558441558442,46.301442142382],[13.584422,46.299603],[13.629432,46.300533],[13.651446,46.296296],[13.670591057342,46.294964028777],[13.672017152687,46.294964028777],[13.714285714286,46.300085862823],[13.714285714286,46.402877697842],[13.605560382276,46.402877697842],[13.558441558442,46.402877697842],[13.558441558442,46.301442142382]]],"type":"Polygon"},"id":248,"properties":{"parentKey":"SVN:1159310855","sourceCountryId":"SVN","syntheticOperational":true,"territoryId":"territory:catalog:23d8d50607c7c1eeda0172875773d481d283cbfc6b1b09ab7ee26188943e5f2c"},"type":"Feature"},{"geometry":{"coordinates":[[[16.178010471204,46.702494475212],[16.178734,46.697563],[16.191653,46.679477],[16.192118,46.672061],[16.198164,46.666919],[16.20359,46.663483],[16.225914,46.655499],[16.240797,46.653587],[16.268599,46.65152],[16.276506,46.657307],[16.283482,46.655964],[16.2979,46.647851],[16.314384,46.645138],[16.317485,46.66077],[16.327407,46.676169],[16.334228,46.683766],[16.335078534031,46.684434304731],[16.335078534031,46.720972094265],[16.334124,46.721749],[16.33049918832,46.726618705036],[16.183828366168,46.726618705036],[16.178269,46.720869],[16.178010471204,46.720656174701],[16.178010471204,46.702494475212]]],"type":"Polygon"},"id":249,"properties":{"parentKey":"SVN:1159310895","sourceCountryId":"SVN","syntheticOperational":true,"territoryId":"territory:catalog:0d9ae4543ef03bb97da6af3284901c518c3b5433ba596bfd1fe58bdc577aab0c"},"type":"Feature"},{"geometry":{"coordinates":[[[14.473909324209,45.745367502549],[14.478372,45.747854],[14.491917266729,45.755395683453],[14.473909324209,45.755395683453],[14.473909324209,45.745367502549]]],"type":"Polygon"},"id":250,"properties":{"parentKey":"SVN:1159310677","sourceCountryId":"SVN","syntheticOperational":true,"territoryId":"territory:catalog:3937f7189446a2621884f4dbe168246883254e9f908dc3d0adf9a50fd3d40561"},"type":"Feature"},{"geometry":{"coordinates":[[[16.178010471204,46.720656174701],[16.178269,46.720869],[16.183828366168,46.726618705036],[16.178010471204,46.726618705036],[16.178010471204,46.720656174701]]],"type":"Polygon"},"id":251,"properties":{"parentKey":"SVN:1159310657","sourceCountryId":"SVN","syntheticOperational":true,"territoryId":"territory:catalog:4a09b695177f0a390a95e7de732a1696a6ee87a6d451dd242019efbc5fd16ec1"},"type":"Feature"},{"geometry":{"coordinates":[[[13.376038786215,46.294964028777],[13.402597402597,46.294964028777],[13.402597402597,46.303798033024],[13.395638,46.306728],[13.391306,46.301568],[13.376038786215,46.294964028777]]],"type":"Polygon"},"id":252,"properties":{"parentKey":"SVN:1159310867","sourceCountryId":"SVN","syntheticOperational":true,"territoryId":"territory:catalog:037caf8d5f793c78494a3acd18184b667f908cf948e3e9ab07139414b982a8d4"},"type":"Feature"},{"geometry":{"coordinates":[[[13.402597402597,46.294964028777],[13.421365184049,46.294964028777],[13.419006,46.295469],[13.403968,46.303221],[13.402597402597,46.303798033024],[13.402597402597,46.294964028777]]],"type":"Polygon"},"id":253,"properties":{"parentKey":"SVN:1159310867","sourceCountryId":"SVN","syntheticOperational":true,"territoryId":"territory:catalog:424c17fe35d4cd940f67e238286f69be7176cac56e28f4a545989803d734b48f"},"type":"Feature"},{"geometry":{"coordinates":[[[14.672546,46.459791],[14.675776,46.454348],[14.700260642919,46.450990697709],[14.700260642919,46.48300126976],[14.698772,46.480962],[14.687093,46.471221],[14.679961,46.458871],[14.672546,46.459791]]],"type":"Polygon"},"id":254,"properties":{"parentKey":"SVN:1159310679","sourceCountryId":"SVN","syntheticOperational":true,"territoryId":"territory:catalog:06614bba90cd3e08ecbcded0140de7f0234c1aba8865711e4c6e202ecb64926a"},"type":"Feature"},{"geometry":{"coordinates":[[[14.025974025974,46.187050359712],[14.120689655172,46.187050359712],[14.16837603418,46.187050359712],[14.169761,46.188706],[14.181818181818,46.191557314198],[14.181818181818,46.273438304555],[14.166505,46.28131],[14.133122,46.283842],[14.121495,46.283041],[14.110591,46.28131],[14.10315,46.274127],[14.098964,46.267409],[14.095863,46.251906],[14.093538,46.246454],[14.085321,46.243948],[14.029149,46.250097],[14.025974025974,46.249504851821],[14.025974025974,46.187050359712]]],"type":"Polygon"},"id":255,"properties":{"parentKey":"SVN:1159310847","sourceCountryId":"SVN","syntheticOperational":true,"territoryId":"territory:catalog:48f6ac05734caf61b5d4ef404cedbd18f682dfe2f1e900e58fa9c38732bf557c"},"type":"Feature"},{"geometry":{"coordinates":[[[15.684862,46.274075],[15.703776,46.264179],[15.74025974026,46.266010567667],[15.74025974026,46.294964028777],[15.709588032352,46.294964028777],[15.684862,46.274075]]],"type":"Polygon"},"id":256,"properties":{"parentKey":"SVN:1159308573","sourceCountryId":"SVN","syntheticOperational":true,"territoryId":"territory:catalog:5154080ddbec2967c37596b3f7dcc25a9d82d3ed2fe6c113ef1664f5c940cdc3"},"type":"Feature"},{"geometry":{"coordinates":[[[14.536082474227,45.863309352518],[14.640223,45.863309352518],[14.640223,45.874771],[14.62596,45.886243],[14.62162,45.894563],[14.600949,45.908878],[14.594593,45.901643],[14.593818,45.897044],[14.591647,45.894951],[14.585291,45.896269],[14.586531,45.882316],[14.58126,45.874513],[14.570098,45.867562],[14.561727,45.867278],[14.554854,45.867847],[14.549738,45.87043],[14.542606,45.872575],[14.536082474227,45.875949614363],[14.536082474227,45.863309352518]]],"type":"Polygon"},"id":257,"properties":{"parentKey":"SVN:1159310803","sourceCountryId":"SVN","syntheticOperational":true,"territoryId":"territory:catalog:51b2551e004cfaf22c9640e56b4cc9f67d86ce25a3e4b5c4fa939c6ad28ff0de"},"type":"Feature"},{"geometry":{"coordinates":[[[14.764377800659,45.539568345324],[14.795872,45.518927],[14.817111,45.501254],[14.831219,45.499704],[14.83556,45.501719],[14.838505,45.504458],[14.843518,45.51376],[14.845844,45.520271],[14.848479,45.524172],[14.858246,45.529779],[14.864602,45.531149],[14.870338,45.530296],[14.884910485934,45.524275290734],[14.884910485934,45.539568345324],[14.781864841745,45.539568345324],[14.764377800659,45.539568345324]]],"type":"Polygon"},"id":258,"properties":{"parentKey":"SVN:1159308563","sourceCountryId":"SVN","syntheticOperational":true,"territoryId":"territory:catalog:973e583f471ee0ab2e3152977bd4e541d0ab6e8bfdd5c86c3bd312871aa35a32"},"type":"Feature"},{"geometry":{"coordinates":[[[15.235602094241,46.618705035971],[15.325803649001,46.618705035971],[15.32824945652,46.618705035971],[15.329173,46.619222],[15.332584,46.635035],[15.332784,46.64358],[15.235602094241,46.640071685558],[15.235602094241,46.618705035971]]],"type":"Polygon"},"id":259,"properties":{"parentKey":"SVN:1159310761","sourceCountryId":"SVN","syntheticOperational":true,"territoryId":"territory:catalog:5831c0c3a2bbe731b2e299b841937efb03b2e98572e8cd05b48b613bb71c7316"},"type":"Feature"},{"geometry":{"coordinates":[[[15.51724137931,46.079136690647],[15.595408058136,46.079136690647],[15.596237,46.082407],[15.599338,46.086024],[15.58461,46.108581],[15.575618,46.112018],[15.558978,46.121965],[15.546576,46.123826],[15.536034,46.130363],[15.517896,46.121681],[15.51724137931,46.12110420135],[15.51724137931,46.079136690647]]],"type":"Polygon"},"id":260,"properties":{"parentKey":"SVN:1159310707","sourceCountryId":"SVN","syntheticOperational":true,"territoryId":"territory:catalog:dc109f729f6f0f9155742a3b1456a7947437e29610bebb4e1405cb224ef87044"},"type":"Feature"},{"geometry":{"coordinates":[[[14.781864841745,45.539568345324],[14.884910485934,45.539568345324],[14.935842600513,45.539568345324],[14.935842600513,45.647482014388],[14.781864841745,45.647482014388],[14.781864841745,45.539568345324]]],"type":"Polygon"},"id":261,"properties":{"parentKey":"SVN:1159308563","sourceCountryId":"SVN","syntheticOperational":true,"territoryId":"territory:catalog:0c7e026e210e43bf3576f5a6b60ba1adf7d3c32b4bd7fda0f25fc087f245a811"},"type":"Feature"},{"geometry":{"coordinates":[[[14.712678429084,46.079136690647],[14.72337,46.073364],[14.725231,46.069488],[14.736134,46.065612],[14.741379310345,46.065855960162],[14.741379310345,46.079136690647],[14.712678429084,46.079136690647]]],"type":"Polygon"},"id":262,"properties":{"parentKey":"SVN:1159317881","sourceCountryId":"SVN","syntheticOperational":true,"territoryId":"territory:catalog:8c7946957461179e3da1898699a5b6a61efa910df5191a4177f7197c1207fe00"},"type":"Feature"},{"geometry":{"coordinates":[[[14.431034482759,45.971223021583],[14.446693440952,45.971223021583],[14.445144,45.974093],[14.435533,45.979933],[14.435998,45.986754],[14.443284,45.993937],[14.451862,45.999699],[14.457754,46.005358],[14.455428,46.009543],[14.443129,46.016003],[14.431034482759,46.027045193333],[14.431034482759,45.971223021583]]],"type":"Polygon"},"id":263,"properties":{"parentKey":"SVN:1159310669","sourceCountryId":"SVN","syntheticOperational":true,"territoryId":"territory:catalog:c5429680d70216389c4523e3ceda8e2b1ba2e010f2b782363b08c878b993ae12"},"type":"Feature"},{"geometry":{"coordinates":[[[13.732785,45.905855],[13.73387,45.903245],[13.738831,45.901798],[13.747048,45.898284],[13.755109,45.891385],[13.762886597938,45.887962360873],[13.762886597938,45.922418873222],[13.753094,45.914278],[13.746582,45.91265],[13.732785,45.905855]]],"type":"Polygon"},"id":264,"properties":{"parentKey":"SVN:1159310851","sourceCountryId":"SVN","syntheticOperational":true,"territoryId":"territory:catalog:57550045f4f156cd430b4a66f7b0ec1a39339dd38d983f091e3ab0a44ebb74b5"},"type":"Feature"},{"geometry":{"coordinates":[[[14.586996,45.793433],[14.599554,45.785552],[14.609165,45.781909],[14.613971,45.780772],[14.62348,45.779532],[14.643789,45.774545],[14.663012,45.772038],[14.668593,45.770281],[14.675156,45.767646],[14.678102,45.759533],[14.677813425778,45.755395683453],[14.690721649485,45.755395683453],[14.690721649485,45.81589677043],[14.687714,45.817979],[14.670454,45.814181],[14.654486,45.805163],[14.627821,45.798342],[14.586996,45.793433]]],"type":"Polygon"},"id":265,"properties":{"parentKey":"SVN:1159308589","sourceCountryId":"SVN","syntheticOperational":true,"territoryId":"territory:catalog:e2535c97cfee7d948be04f883abdf0f52aaf1e66fd3f001d8ee20ab80192bf2c"},"type":"Feature"},{"geometry":{"coordinates":[[[16.178010471204,46.726618705036],[16.183828366168,46.726618705036],[16.184315,46.727122],[16.190103,46.727226],[16.210566,46.745002],[16.197234,46.757353],[16.193358,46.762262],[16.2039,46.781899],[16.201885,46.790297],[16.197854,46.79363],[16.191033,46.796007],[16.183695,46.797583],[16.178010471204,46.801395454732],[16.178010471204,46.726618705036]]],"type":"Polygon"},"id":266,"properties":{"parentKey":"SVN:1159310657","sourceCountryId":"SVN","syntheticOperational":true,"territoryId":"territory:catalog:e37e3a7fbd9b7539338e3fbe38cd1ebfc2beaa916b587738762458e165da2732"},"type":"Feature"},{"geometry":{"coordinates":[[[16.356242,46.684696],[16.36389,46.674852],[16.373192,46.67002],[16.392571,46.664335],[16.401873,46.663199],[16.402607,46.663109],[16.410502,46.668367],[16.405024,46.687255],[16.390038,46.694154],[16.371434,46.694929],[16.366216,46.696467],[16.365383,46.696712],[16.363935,46.694808],[16.356242,46.684696]]],"type":"Polygon"},"id":267,"properties":{"parentKey":"SVN:1159310893","sourceCountryId":"SVN","syntheticOperational":true,"territoryId":"territory:catalog:c2dbf0a5ad88fc877eaee3ed570d89c8507352060fdf1d83a6910fada4d8f612"},"type":"Feature"},{"geometry":{"coordinates":[[[15.22365,45.599956],[15.23905,45.59639],[15.24379811805,45.597255774171],[15.24379811805,45.612458703469],[15.24184,45.610705],[15.238894,45.609981],[15.236259,45.608663],[15.233727,45.608353],[15.225045,45.608276],[15.22365,45.599956]]],"type":"Polygon"},"id":268,"properties":{"parentKey":"SVN:1159310735","sourceCountryId":"SVN","syntheticOperational":true,"territoryId":"territory:catalog:1294eab5c4010f51112822f8825f1249b423d4b82742bc86ea20e6511b92503b"},"type":"Feature"},{"geometry":{"coordinates":[[[13.60824742268,45.863309352518],[13.708914396936,45.863309352518],[13.709169,45.865004],[13.679248,45.868518],[13.665295,45.868027],[13.639199,45.874306],[13.629277,45.879009],[13.62044,45.886037],[13.620595,45.889215],[13.625556,45.891153],[13.633928,45.891695],[13.639509,45.892625],[13.64695,45.897199],[13.613619,45.90402],[13.60824742268,45.907137563949],[13.60824742268,45.863309352518]]],"type":"Polygon"},"id":269,"properties":{"parentKey":"SVN:1159310875","sourceCountryId":"SVN","syntheticOperational":true,"territoryId":"territory:catalog:f147ac19b4782e03d3d763e9d052b542487b045b54e3d84452cbe657eff1ec70"},"type":"Feature"},{"geometry":{"coordinates":[[[16.077057793345,46.834532374101],[16.124854707288,46.834532374101],[16.122872,46.843368],[16.130246,46.856708],[16.094035,46.862774],[16.077057793345,46.855869767974],[16.077057793345,46.834532374101]]],"type":"Polygon"},"id":270,"properties":{"parentKey":"SVN:1159308541","sourceCountryId":"SVN","syntheticOperational":true,"territoryId":"territory:catalog:cda31f66ff950d28261991dfc3f0352bcce3b2f8d1280264b1aa2bb9aca47af3"},"type":"Feature"},{"geometry":{"coordinates":[[[14.896551724138,45.982283099937],[14.905581,45.972905],[14.909260433737,45.971223021583],[14.947994740135,45.971223021583],[14.954467,45.975075],[14.949933,45.99391],[14.93589,46.0183],[14.912977,46.033082],[14.896551724138,46.047968296059],[14.896551724138,45.982283099937]]],"type":"Polygon"},"id":271,"properties":{"parentKey":"SVN:1159310717","sourceCountryId":"SVN","syntheticOperational":true,"territoryId":"territory:catalog:57402b541d119c41ec4e8b3de187fa2526cd8e91a18a40ebd8beaba8e8e4f22e"},"type":"Feature"},{"geometry":{"coordinates":[[[15.539445,46.497421],[15.545801,46.48321],[15.571381,46.481142],[15.58678,46.476647],[15.61298,46.476621],[15.636751,46.46874],[15.638575152042,46.467687341163],[15.638575152042,46.510791366906],[15.569835351854,46.510791366906],[15.563784,46.509875],[15.539445,46.497421]]],"type":"Polygon"},"id":272,"properties":{"parentKey":"SVN:1159308613","sourceCountryId":"SVN","syntheticOperational":true,"territoryId":"territory:catalog:c563189dfa9d2c1055e86e1ce8fd6807654f4ef2bffb5910b7759f39e2f96ddb"},"type":"Feature"},{"geometry":{"coordinates":[[[15.794960903562,46.469092895488],[15.79607,46.469205],[15.801547,46.468017],[15.804803,46.466828],[15.818601,46.454788],[15.847436,46.43068],[15.85834,46.414997],[15.859735,46.41125],[15.859735,46.408434],[15.85865,46.406522],[15.858836856379,46.402877697842],[15.896103896104,46.402877697842],[15.92531830022,46.402877697842],[15.935441,46.407297],[15.939162,46.410501],[15.942883,46.414222],[15.943038,46.420526],[15.951346655083,46.445624306348],[15.951346655083,46.452626080577],[15.943503,46.460007],[15.944278,46.480522],[15.922419,46.470962],[15.908414,46.460394],[15.905469,46.456545],[15.900508,46.453728],[15.892911,46.452255],[15.88485,46.453573],[15.869967,46.460007],[15.845421,46.482848],[15.823407,46.49494],[15.816275,46.497317],[15.806508,46.485432],[15.794960903562,46.480114180846],[15.794960903562,46.469092895488]]],"type":"Polygon"},"id":273,"properties":{"parentKey":"SVN:1159308583","sourceCountryId":"SVN","syntheticOperational":true,"territoryId":"territory:catalog:9a5b3903eace117e7ad4d65954e0dbaacfccd1520e1baffc7ddd7da8b3161165"},"type":"Feature"},{"geometry":{"coordinates":[[[14.985939654724,46.618705035971],[15.01303214596,46.618705035971],[15.078534031414,46.618705035971],[15.078534031414,46.64832791946],[15.061954,46.649557],[15.004386,46.636844],[14.985939654724,46.618705035971]]],"type":"Polygon"},"id":274,"properties":{"parentKey":"SVN:1159310685","sourceCountryId":"SVN","syntheticOperational":true,"territoryId":"territory:catalog:00b949bbce6805d082869795a23785e565de6c3f6e9ae0211fc0010e59ed875c"},"type":"Feature"},{"geometry":{"coordinates":[[[14.313427204075,45.755395683453],[14.319931565441,45.754536935567],[14.319931565441,45.755395683453],[14.313427204075,45.755395683453]]],"type":"Polygon"},"id":275,"properties":{"parentKey":"SVN:1159310677","sourceCountryId":"SVN","syntheticOperational":true,"territoryId":"territory:catalog:430689a34f86d74e72eb2767f2a0b5329b719a05b176cc2ece6833e689a3cb78"},"type":"Feature"},{"geometry":{"coordinates":[[[14.181818181818,46.191557314198],[14.190845,46.193692],[14.198751,46.198937],[14.21596,46.204751],[14.221541,46.205449],[14.225468,46.206844],[14.230429,46.210668],[14.235235,46.228186],[14.242831,46.233664],[14.248567,46.242966],[14.221902,46.250407],[14.208053,46.25573],[14.19224,46.268081],[14.181818181818,46.273438304555],[14.181818181818,46.191557314198]]],"type":"Polygon"},"id":276,"properties":{"parentKey":"SVN:1159310847","sourceCountryId":"SVN","syntheticOperational":true,"territoryId":"territory:catalog:c0786ca49055222b239b12b62021c63801ad854d05b640920980069278c1a4eb"},"type":"Feature"},{"geometry":{"coordinates":[[[14.802539,45.780281],[14.803934,45.77532],[14.813701,45.757672],[14.826878,45.757621],[14.835715,45.76054],[14.845360824742,45.759682114759],[14.845360824742,45.798574076388],[14.83711,45.796016],[14.824398,45.79798],[14.804554,45.797515],[14.802539,45.780281]]],"type":"Polygon"},"id":277,"properties":{"parentKey":"SVN:1159308633","sourceCountryId":"SVN","syntheticOperational":true,"territoryId":"territory:catalog:41e852f753b9ca99c302088c1adb1c2a545a0334fc267b15f1fd4b2bf90e806f"},"type":"Feature"},{"geometry":{"coordinates":[[[14.473909324209,45.539568345324],[14.479888266118,45.539568345324],[14.482144,45.542441],[14.487415,45.5566],[14.491502,45.579165],[14.491033,45.579311],[14.488139,45.580216],[14.480698,45.579854],[14.474032,45.580422],[14.473909324209,45.580391609999],[14.473909324209,45.539568345324]]],"type":"Polygon"},"id":278,"properties":{"parentKey":"SVN:1159310701","sourceCountryId":"SVN","syntheticOperational":true,"territoryId":"territory:catalog:de751545fbdda411797e97d95bda0be209b560880811400a789c877e242bb440"},"type":"Feature"},{"geometry":{"coordinates":[[[16.185813888681,46.618705035971],[16.264118158123,46.618705035971],[16.296940014609,46.618705035971],[16.283172,46.627671],[16.286427,46.636223],[16.286272,46.641236],[16.2979,46.647851],[16.283482,46.655964],[16.276506,46.657307],[16.268599,46.65152],[16.240797,46.653587],[16.205295,46.62935],[16.192273,46.62563],[16.185813888681,46.618705035971]]],"type":"Polygon"},"id":279,"properties":{"parentKey":"SVN:1159310883","sourceCountryId":"SVN","syntheticOperational":true,"territoryId":"territory:catalog:4034ee740773b521b6f4eb29a9ed4b8f3d14c138d7e9c0af6af5248527ef0e14"},"type":"Feature"},{"geometry":{"coordinates":[[[14.636967,45.853894],[14.638828,45.849346],[14.645184,45.848571],[14.651695,45.846427],[14.669213,45.837306],[14.687714,45.817979],[14.690721649485,45.81589677043],[14.690721649485,45.863309352518],[14.640223,45.863309352518],[14.640223,45.862756],[14.639138,45.858726],[14.636967,45.853894]]],"type":"Polygon"},"id":280,"properties":{"parentKey":"SVN:1159308665","sourceCountryId":"SVN","syntheticOperational":true,"territoryId":"territory:catalog:60cd7da0733c58328228b966c4cdf0b0456dda14870c81ad71a9abd5d9662520"},"type":"Feature"},{"geometry":{"coordinates":[[[14.627887082977,45.725342160361],[14.629681,45.724574],[14.634642,45.720388],[14.646269,45.707495],[14.657586,45.714574],[14.663787,45.723153],[14.677482,45.750644],[14.677813425778,45.755395683453],[14.627887082977,45.755395683453],[14.627887082977,45.725342160361]]],"type":"Polygon"},"id":281,"properties":{"parentKey":"SVN:1159308653","sourceCountryId":"SVN","syntheticOperational":true,"territoryId":"territory:catalog:aa87f7c3096a11c4d1b16d467274e7e77e8efcc1a469c573a44e3e4526df13d3"},"type":"Feature"},{"geometry":{"coordinates":[[[15.92531830022,46.402877697842],[15.951346655083,46.402877697842],[15.951346655083,46.419721876374],[15.943038,46.420526],[15.942883,46.414222],[15.939162,46.410501],[15.935441,46.407297],[15.92531830022,46.402877697842]]],"type":"Polygon"},"id":282,"properties":{"parentKey":"SVN:1159309553","sourceCountryId":"SVN","syntheticOperational":true,"territoryId":"territory:catalog:133d09df793cbf0aec4c455bf00a1387d95f886ee8ee9216fb29f744525a0f59"},"type":"Feature"},{"geometry":{"coordinates":[[[15.74025974026,46.266010567667],[15.741344,46.266065],[15.757933,46.262034],[15.761808,46.285754],[15.770382721929,46.294964028777],[15.74025974026,46.294964028777],[15.74025974026,46.266010567667]]],"type":"Polygon"},"id":283,"properties":{"parentKey":"SVN:1159308573","sourceCountryId":"SVN","syntheticOperational":true,"territoryId":"territory:catalog:a21967d1bc67a3e1af4a8e2cc2b4fb24283e9548ae1cad469496eed483ea2177"},"type":"Feature"},{"geometry":{"coordinates":[[[13.550139022135,46.402877697842],[13.558441558442,46.402877697842],[13.605560382276,46.402877697842],[13.605560382276,46.443131862109],[13.600182,46.442644],[13.575688,46.426676],[13.554397,46.405954],[13.550139022135,46.402877697842]]],"type":"Polygon"},"id":284,"properties":{"parentKey":"SVN:1159310855","sourceCountryId":"SVN","syntheticOperational":true,"territoryId":"territory:catalog:91ee6899e702e4466c3dc68aa691755e53b3bc62592d421acc55b63019301c0e"},"type":"Feature"},{"geometry":{"coordinates":[[[14.120689655172,45.978650484976],[14.12072,45.978667],[14.128936,45.984609],[14.137308,45.992335],[14.138703,46.005771],[14.120689655172,46.010274336207],[14.120689655172,45.978650484976]]],"type":"Polygon"},"id":285,"properties":{"parentKey":"SVN:1159310829","sourceCountryId":"SVN","syntheticOperational":true,"territoryId":"territory:catalog:bb81e3760e287b3ff8cb340771908363a22e68c6c5b2ae5bd612823bc3f788c3"},"type":"Feature"},{"geometry":{"coordinates":[[[15.331189,46.365206],[15.336925,46.358463],[15.338785,46.349368],[15.349844,46.341358],[15.368757,46.333968],[15.38209,46.351667],[15.388136,46.356292],[15.393717,46.358463],[15.401469,46.356964],[15.407721,46.354897],[15.412217,46.354845],[15.42524,46.371253],[15.409117,46.38089],[15.409892,46.383707],[15.414853,46.38766],[15.417488,46.390347],[15.419039,46.393293],[15.415163,46.397788],[15.409892,46.402491],[15.409892,46.402877697842],[15.355529058367,46.402877697842],[15.35558,46.402853],[15.35837,46.397633],[15.356665,46.388332],[15.35403,46.383086],[15.331189,46.365206]]],"type":"Polygon"},"id":286,"properties":{"parentKey":"SVN:1159310819","sourceCountryId":"SVN","syntheticOperational":true,"territoryId":"territory:catalog:3ba6ef32c8059af00827cbc52a3efc58e0a63d21d8fa1bfc186470fdce164282"},"type":"Feature"},{"geometry":{"coordinates":[[[15.618556701031,45.863309352518],[15.671149637083,45.863309352518],[15.663674,45.876064],[15.659436,45.888828],[15.663364,45.900817],[15.670392,45.912651],[15.67556,45.925157],[15.67711,45.941796],[15.675452153134,45.971223021583],[15.672413793103,45.971223021583],[15.618556701031,45.971223021583],[15.618556701031,45.863309352518]]],"type":"Polygon"},"id":287,"properties":{"parentKey":"SVN:1159310665","sourceCountryId":"SVN","syntheticOperational":true,"territoryId":"territory:catalog:73cc2929a581988888eea3d1f25259ac49c65193edb078d04dabc73d0a8205e7"},"type":"Feature"},{"geometry":{"coordinates":[[[15.335064,46.477396],[15.338475,46.465433],[15.345658,46.459542],[15.352479,46.452565],[15.368137,46.447656],[15.38209,46.440783],[15.398368,46.437889],[15.422759,46.424608],[15.440743,46.418821],[15.451285,46.4097],[15.45454,46.405488],[15.455911491021,46.402877697842],[15.482189400521,46.402877697842],[15.482189400521,46.495005131765],[15.408186,46.477706],[15.390772,46.472099],[15.387361,46.470368],[15.38116,46.468843],[15.376819,46.469412],[15.363951,46.478171],[15.359146,46.480186],[15.335064,46.477396]]],"type":"Polygon"},"id":288,"properties":{"parentKey":"SVN:1159308595","sourceCountryId":"SVN","syntheticOperational":true,"territoryId":"territory:catalog:277ce4776e087c3296fd35efc5d580acd0e1599dd64779ecff095223ff74bc7c"},"type":"Feature"},{"geometry":{"coordinates":[[[14.884910485934,45.473802948991],[14.900826,45.493142],[14.904444,45.514432],[14.922634,45.514949],[14.945372,45.50451],[14.962631,45.493142],[14.977341,45.491728],[14.977205,45.491952],[14.965319,45.511538],[14.943874,45.525413],[14.937828,45.526317],[14.929766,45.525413],[14.913798,45.521976],[14.901706,45.521382],[14.885221,45.524147],[14.884910485934,45.524275290734],[14.884910485934,45.473802948991]]],"type":"Polygon"},"id":289,"properties":{"parentKey":"SVN:1159308649","sourceCountryId":"SVN","syntheticOperational":true,"territoryId":"territory:catalog:c2f941044364fd17d70477f972a85dafa9d3f67ddbc255b968b0e0264915432d"},"type":"Feature"},{"geometry":{"coordinates":[[[15.638575152042,46.435182708836],[15.640162,46.43453],[15.641712,46.43112],[15.653339,46.428484],[15.667602,46.42373],[15.687498,46.408615],[15.734471,46.428329],[15.721914,46.443419],[15.723309,46.446313],[15.723309,46.449723],[15.716953,46.460007],[15.709512,46.464968],[15.686877,46.462384],[15.683105,46.461195],[15.676129,46.460317],[15.658765,46.459852],[15.65396,46.460575],[15.647138,46.462746],[15.638575152042,46.467687341163],[15.638575152042,46.435182708836]]],"type":"Polygon"},"id":290,"properties":{"parentKey":"SVN:1159310757","sourceCountryId":"SVN","syntheticOperational":true,"territoryId":"territory:catalog:65fce2ab03de0e156de24234763faaff058592edbb2053fcaca4960615e2b4dd"},"type":"Feature"},{"geometry":{"coordinates":[[[15.154639175258,45.863309352518],[15.300724616773,45.863309352518],[15.303748,45.864462],[15.301733,45.874875],[15.306074,45.881231],[15.303128,45.885313],[15.298167,45.890455],[15.288504,45.898517],[15.277652,45.903839],[15.268505,45.906914],[15.238584,45.924355],[15.227371,45.909084],[15.226906,45.904795],[15.228301,45.900506],[15.228766,45.895804],[15.217759,45.879629],[15.209852,45.873815],[15.19652,45.869862],[15.184738,45.867485],[15.154639175258,45.871890239696],[15.154639175258,45.863309352518]]],"type":"Polygon"},"id":291,"properties":{"parentKey":"SVN:1159308575","sourceCountryId":"SVN","syntheticOperational":true,"territoryId":"territory:catalog:06148ec0261c406125dfa72f8c78b9067d880009f8ec7842ff3b645c3c43b4af"},"type":"Feature"},{"geometry":{"coordinates":[[[15.677975,46.214462],[15.74025974026,46.211260658742],[15.74025974026,46.265693079809],[15.721759,46.259347],[15.716333,46.256893],[15.708427,46.251699],[15.70145,46.241674],[15.691838,46.237333],[15.678299,46.219996],[15.677989,46.214699],[15.677975,46.214462]]],"type":"Polygon"},"id":292,"properties":{"parentKey":"SVN:1159310767","sourceCountryId":"SVN","syntheticOperational":true,"territoryId":"territory:catalog:989fae9e7b764e073bc6af6ab4dfdf9ec7baba3920608d0aa518759304c75866"},"type":"Feature"},{"geometry":{"coordinates":[[[16.283172,46.627671],[16.296940014609,46.618705035971],[16.335078534031,46.618705035971],[16.335078534031,46.626726928305],[16.314384,46.645138],[16.2979,46.647851],[16.286272,46.641236],[16.286427,46.636223],[16.283172,46.627671]]],"type":"Polygon"},"id":293,"properties":{"parentKey":"SVN:1159310905","sourceCountryId":"SVN","syntheticOperational":true,"territoryId":"territory:catalog:ab2bd2a8859bbf8aab753337de2284ec669bab5271818efce6bac2fca3a0b3b1"},"type":"Feature"},{"geometry":{"coordinates":[[[14.089975345063,46.079136690647],[14.120689655172,46.074532668247],[14.120689655172,46.079136690647],[14.089975345063,46.079136690647]]],"type":"Polygon"},"id":294,"properties":{"parentKey":"SVN:1159310827","sourceCountryId":"SVN","syntheticOperational":true,"territoryId":"territory:catalog:1dde78d4c52de51d3b6c947690cd8f8d7f50fe1009bcc2404d148c674cf0759a"},"type":"Feature"},{"geometry":{"coordinates":[[[13.867926,45.602169],[13.870554,45.597475],[13.880011,45.572464],[13.884817,45.56771],[13.894635,45.559778],[13.910448,45.552026],[13.952203,45.545954],[13.959850696247,45.539568345324],[13.964194373402,45.539568345324],[14.011976047904,45.539568345324],[14.011976047904,45.615828526043],[14.006205,45.617784],[13.987705,45.627138],[13.971427,45.633081],[13.950808,45.635974],[13.938354,45.642641],[13.908898,45.643778],[13.893641,45.633758],[13.894686,45.631841],[13.887038,45.618767],[13.867926,45.602169]]],"type":"Polygon"},"id":295,"properties":{"parentKey":"SVN:1159310861","sourceCountryId":"SVN","syntheticOperational":true,"territoryId":"territory:catalog:700d3a5353bee38d65a54de9b34fa16d49355dc7717210403354f2a753c0fa0d"},"type":"Feature"},{"geometry":{"coordinates":[[[15.393231561583,45.863309352518],[15.395577,45.857201],[15.396818,45.835497],[15.399608,45.82356],[15.401055,45.809917],[15.423999,45.779842],[15.429374,45.775966],[15.429755,45.775691],[15.441052,45.782168],[15.439502,45.791676],[15.435574,45.802115],[15.440328,45.811468],[15.451284,45.815137],[15.462549,45.814207],[15.463917525773,45.813889815955],[15.463917525773,45.863309352518],[15.393231561583,45.863309352518]]],"type":"Polygon"},"id":296,"properties":{"parentKey":"SVN:1159310711","sourceCountryId":"SVN","syntheticOperational":true,"territoryId":"territory:catalog:76ee8fbde185e6d3e318f3abc3e6e2259af7671678018bf6904e13c06515a112"},"type":"Feature"},{"geometry":{"coordinates":[[[14.741379310345,46.065855960162],[14.751851,46.066343],[14.805806,46.059691],[14.84424,46.072995],[14.865674,46.070038],[14.889326,46.054517],[14.896551724138,46.047968296059],[14.896551724138,46.079136690647],[14.741379310345,46.079136690647],[14.741379310345,46.065855960162]]],"type":"Polygon"},"id":297,"properties":{"parentKey":"SVN:1159317881","sourceCountryId":"SVN","syntheticOperational":true,"territoryId":"territory:catalog:326dc5b535184f0f00ebf992899825de9a04d21daef9e27f2eea89148881a59a"},"type":"Feature"},{"geometry":{"coordinates":[[[15.559443,46.017114],[15.563939,46.004634],[15.564714,45.999983],[15.56859,45.997761],[15.58368,45.993989],[15.603678,46.018225],[15.601818,46.020499],[15.599338,46.022307],[15.585075,46.021016],[15.577944,46.01931],[15.571897,46.019],[15.56735,46.017734],[15.559443,46.017114]]],"type":"Polygon"},"id":298,"properties":{"parentKey":"SVN:1159310667","sourceCountryId":"SVN","syntheticOperational":true,"territoryId":"territory:catalog:923927f0a90599650df05f239340c40d25a7787ff3943e5329c0f94818838dae"},"type":"Feature"},{"geometry":{"coordinates":[[[13.565973,45.83033],[13.574172,45.819028],[13.592018,45.821183],[13.60824742268,45.82085897012],[13.60824742268,45.863309352518],[13.569161036211,45.863309352518],[13.565973,45.83033]]],"type":"Polygon"},"id":299,"properties":{"parentKey":"SVN:1159310875","sourceCountryId":"SVN","syntheticOperational":true,"territoryId":"territory:catalog:1dfbcec7a3ab26eff5f6c0496dc35150a08741fba7ba66dd4975a9224c243aba"},"type":"Feature"},{"geometry":{"coordinates":[[[14.700260642919,46.402877697842],[14.740010921691,46.402877697842],[14.740165,46.40709],[14.754583,46.421456],[14.733654,46.442385],[14.72213,46.447992],[14.700260642919,46.450990697709],[14.700260642919,46.402877697842]]],"type":"Polygon"},"id":300,"properties":{"parentKey":"SVN:1159308661","sourceCountryId":"SVN","syntheticOperational":true,"territoryId":"territory:catalog:baedb77a338df83cfd520269a117afaa5748802eeef6f57c653043a07c4ad736"},"type":"Feature"},{"geometry":{"coordinates":[[[14.47918130884,46.294964028777],[14.493506493506,46.294964028777],[14.493506493506,46.296450079198],[14.483798,46.296244],[14.47918130884,46.294964028777]]],"type":"Polygon"},"id":301,"properties":{"parentKey":"SVN:1159310675","sourceCountryId":"SVN","syntheticOperational":true,"territoryId":"territory:catalog:ed4a41c7b62864e8b889041b7afc65d88336d9f903cedf2637cd45b4ba506c41"},"type":"Feature"},{"geometry":{"coordinates":[[[14.311251,46.297071],[14.311424160413,46.294964028777],[14.337662337662,46.294964028777],[14.337662337662,46.33997072158],[14.330319,46.33681],[14.326289,46.321359],[14.328614,46.314124],[14.322878,46.31167],[14.320863,46.306347],[14.312491,46.300637],[14.311251,46.297071]]],"type":"Polygon"},"id":302,"properties":{"parentKey":"SVN:1159310831","sourceCountryId":"SVN","syntheticOperational":true,"territoryId":"territory:catalog:563c1fff4ca7e7629c03c90a7a587ee266e18c934883b8d016019fb3a68b7b3d"},"type":"Feature"},{"geometry":{"coordinates":[[[15.179642217712,46.079136690647],[15.201946,46.060755],[15.204891,46.066413],[15.203806,46.06879],[15.200861,46.072589],[15.193729,46.07848],[15.193517208385,46.079136690647],[15.179642217712,46.079136690647]]],"type":"Polygon"},"id":303,"properties":{"parentKey":"SVN:1159310715","sourceCountryId":"SVN","syntheticOperational":true,"territoryId":"territory:catalog:938a8f698a1eabfcb55efb5d04363d379db48ec5d6c5e3012c372a65259109d0"},"type":"Feature"},{"geometry":{"coordinates":[[[14.649350649351,46.205535604555],[14.65185,46.206121],[14.657741,46.206637],[14.683063,46.19917],[14.715929,46.202193],[14.735049,46.197646],[14.748692,46.195992],[14.769776,46.195914],[14.785796,46.199764],[14.805194805195,46.201292664057],[14.805194805195,46.25401905789],[14.788741,46.253017],[14.753033,46.254335],[14.714069,46.263068],[14.703992,46.269786],[14.705697,46.286917],[14.685543,46.286426],[14.680117,46.290611],[14.678550313946,46.294964028777],[14.649350649351,46.294964028777],[14.649350649351,46.205535604555]]],"type":"Polygon"},"id":304,"properties":{"parentKey":"SVN:1159308561","sourceCountryId":"SVN","syntheticOperational":true,"territoryId":"territory:catalog:4504f1eccf132675b5613029aa6ef3a53dca32d58303358389a093cf89f4f97a"},"type":"Feature"},{"geometry":{"coordinates":[[[14.072164948454,45.755395683453],[14.165953806672,45.755395683453],[14.226804123711,45.755395683453],[14.226804123711,45.861361360896],[14.222006,45.862834],[14.220898943359,45.863309352518],[14.11647775275,45.863309352518],[14.096639,45.851853],[14.093073,45.84883],[14.072164948454,45.84354541061],[14.072164948454,45.755395683453]]],"type":"Polygon"},"id":305,"properties":{"parentKey":"SVN:1159310755","sourceCountryId":"SVN","syntheticOperational":true,"territoryId":"territory:catalog:ddcd1ce43988037f12997157ec447e04b48f715af6aa7c96e7b230c0b6f28b57"},"type":"Feature"},{"geometry":{"coordinates":[[[16.247515,46.553851],[16.254078,46.547418],[16.264118158123,46.54189342123],[16.264118158123,46.567616619093],[16.247515,46.553851]]],"type":"Polygon"},"id":306,"properties":{"parentKey":"SVN:1159308685","sourceCountryId":"SVN","syntheticOperational":true,"territoryId":"territory:catalog:729dede0f1bd417a1a7c8cf760c7a6f76d48ade824cb6462bd4e42038b9b008e"},"type":"Feature"},{"geometry":{"coordinates":[[[13.964194373402,45.461279005884],[13.969824,45.462963],[13.98264,45.475313],[13.964194373402,45.490834383642],[13.964194373402,45.461279005884]]],"type":"Polygon"},"id":307,"properties":{"parentKey":"SVN:1159310873","sourceCountryId":"SVN","syntheticOperational":true,"territoryId":"territory:catalog:c7489cb8621547999b196704307b164fbdcb62e03d4327100e992e8e2d64a05a"},"type":"Feature"},{"geometry":{"coordinates":[[[15.325803649001,46.517278800733],[15.329173,46.524757],[15.33925,46.534498],[15.348449,46.551319],[15.366587,46.568837],[15.369222,46.575452],[15.369067,46.583927],[15.371393,46.587338],[15.376044,46.588733],[15.388291,46.587803],[15.407566,46.583358],[15.410202,46.582428],[15.42555,46.575142],[15.430356,46.57478],[15.435937,46.57478],[15.443378,46.584702],[15.440433,46.590335],[15.434852,46.592454],[15.434852,46.596949],[15.436402,46.602375],[15.439657,46.609662],[15.441070600967,46.618705035971],[15.392670157068,46.618705035971],[15.32824945652,46.618705035971],[15.325803649001,46.617335967229],[15.325803649001,46.517278800733]]],"type":"Polygon"},"id":308,"properties":{"parentKey":"SVN:1159308579","sourceCountryId":"SVN","syntheticOperational":true,"territoryId":"territory:catalog:69cf4d01923db2dd4ed6bdbef3451c76affe4419684c10961c5ed76af654ed61"},"type":"Feature"},{"geometry":{"coordinates":[[[13.917525773196,45.863309352518],[13.932267578527,45.863309352518],[13.932463,45.863454],[13.956544,45.873686],[13.973442,45.8772],[13.986775,45.877717],[13.997317,45.875908],[14.00512,45.873014],[14.014731,45.865159],[14.015370224677,45.863309352518],[14.072164948454,45.863309352518],[14.072164948454,45.885874694219],[14.042792,45.890171],[14.003259,45.909498],[13.990495,45.9188],[13.970807,45.92774],[13.961195,45.933682],[13.947862,45.936525],[13.923626,45.950891],[13.917525773196,45.955807242694],[13.917525773196,45.863309352518]]],"type":"Polygon"},"id":309,"properties":{"parentKey":"SVN:1159310851","sourceCountryId":"SVN","syntheticOperational":true,"territoryId":"territory:catalog:034c38a8018445fb24c78f2d66f472f6ae73628fc93d3887d2509270dc0abd77"},"type":"Feature"},{"geometry":{"coordinates":[[[13.87012987013,46.294964028777],[14.025974025974,46.294964028777],[14.025974025974,46.327888756525],[14.022328,46.330351],[14.009305,46.336397],[13.998247,46.337947],[13.983209,46.347662],[13.96414,46.352313],[13.947087,46.359806],[13.899286,46.366602],[13.878926,46.366472],[13.87012987013,46.370657580214],[13.87012987013,46.294964028777]]],"type":"Polygon"},"id":310,"properties":{"parentKey":"SVN:1159310823","sourceCountryId":"SVN","syntheticOperational":true,"territoryId":"territory:catalog:b26722b92ac745fc30b5b3899c53afd2ed50ebec2d08a2e3faf96a7e807a36d8"},"type":"Feature"},{"geometry":{"coordinates":[[[13.655172413793,46.054887082906],[13.666846,46.061478],[13.681418,46.066956],[13.705138,46.065767],[13.732165,46.057887],[13.739761,46.058171],[13.751698,46.064579],[13.76069,46.075638],[13.764160150464,46.079136690647],[13.655172413793,46.079136690647],[13.655172413793,46.054887082906]]],"type":"Polygon"},"id":311,"properties":{"parentKey":"SVN:1159310865","sourceCountryId":"SVN","syntheticOperational":true,"territoryId":"territory:catalog:9691adc6ecf2be68780d639b8c0f6c44be4f8013fd56ae47ecf56f1443a12e84"},"type":"Feature"},{"geometry":{"coordinates":[[[15.943503,46.460007],[15.951346655083,46.452626080577],[15.951346655083,46.503202664234],[15.949549,46.501632],[15.947223,46.487163],[15.944278,46.480522],[15.943503,46.460007]]],"type":"Polygon"},"id":312,"properties":{"parentKey":"SVN:1159310891","sourceCountryId":"SVN","syntheticOperational":true,"territoryId":"territory:catalog:76f417d32101e7543012d51b7b1286cace876b9f64f64b6202319e501886f507"},"type":"Feature"},{"geometry":{"coordinates":[[[14.92403,46.504784],[14.940618,46.492408],[14.943409,46.490806],[14.96563,46.489462],[14.986713,46.49587],[14.991984,46.498687],[14.998496,46.505792],[15.000697165214,46.510791366906],[14.93266247126,46.510791366906],[14.92403,46.504784]]],"type":"Polygon"},"id":313,"properties":{"parentKey":"SVN:1159308587","sourceCountryId":"SVN","syntheticOperational":true,"territoryId":"territory:catalog:e89c009e0b410247409b7dbc5722f3a93fdb310751a4730b0d04baee428cbaec"},"type":"Feature"},{"geometry":{"coordinates":[[[15.270365,46.572584],[15.293516,46.557107],[15.301888,46.546642],[15.317546,46.540545],[15.320647,46.53747],[15.319871,46.534679],[15.317546,46.532018],[15.317236,46.527496],[15.322770165814,46.510791366906],[15.322880693773,46.510791366906],[15.325803649001,46.517278800733],[15.325803649001,46.617335967229],[15.320957,46.614623],[15.304679,46.6093],[15.297857,46.607801],[15.284473,46.598577],[15.270365,46.572584]]],"type":"Polygon"},"id":314,"properties":{"parentKey":"SVN:1159308579","sourceCountryId":"SVN","syntheticOperational":true,"territoryId":"territory:catalog:29f58a949d885e63fd679d2d0cc8c2e023ecaf379ed47d880377aaf31e680f83"},"type":"Feature"},{"geometry":{"coordinates":[[[14.513926,46.145556],[14.520592,46.132378],[14.586206896552,46.146882595096],[14.586206896552,46.164718276819],[14.583741,46.176458],[14.586206896552,46.181370006961],[14.586206896552,46.187050359712],[14.561972589105,46.187050359712],[14.5378,46.174184],[14.537025,46.161343],[14.527878,46.156873],[14.523848,46.15031],[14.513926,46.145556]]],"type":"Polygon"},"id":315,"properties":{"parentKey":"SVN:1159310733","sourceCountryId":"SVN","syntheticOperational":true,"territoryId":"territory:catalog:501a0baab498b83a09178ca9a7a1f505ed050f6e032eac0df4ae33edc173d211"},"type":"Feature"},{"geometry":{"coordinates":[[[15.391770003668,45.971223021583],[15.463917525773,45.971223021583],[15.51724137931,45.971223021583],[15.51724137931,46.059935213359],[15.492574,46.067679],[15.418418,46.063313],[15.420279,46.049928],[15.419504,46.04644],[15.416713,46.041789],[15.416713,46.033159],[15.419039,46.025821],[15.422604,46.017889],[15.427875,46.012618],[15.429891,46.006985],[15.429425,46.000629],[15.424154,45.993989],[15.391770003668,45.971223021583]]],"type":"Polygon"},"id":316,"properties":{"parentKey":"SVN:1159310711","sourceCountryId":"SVN","syntheticOperational":true,"territoryId":"territory:catalog:3510d39383c4a6ba9be1f6e61e301e76cce750e93b0fbd791267820db4198705"},"type":"Feature"},{"geometry":{"coordinates":[[[14.712363,46.079307],[14.712678429084,46.079136690647],[14.741379310345,46.079136690647],[14.741379310345,46.089380685302],[14.712363,46.079307]]],"type":"Polygon"},"id":317,"properties":{"parentKey":"SVN:1159317881","sourceCountryId":"SVN","syntheticOperational":true,"territoryId":"territory:catalog:f18205b501e3f2a09c928e4790b74a4b231714e839e3001377ed87ad43b7ff67"},"type":"Feature"},{"geometry":{"coordinates":[[[13.60824742268,45.907137563949],[13.613619,45.90402],[13.64695,45.897199],[13.666536,45.910066],[13.677233,45.91265],[13.682504,45.91172],[13.685139,45.91296],[13.686379,45.915286],[13.68731,45.92221],[13.686224,45.92575],[13.682659,45.925569],[13.679248,45.925879],[13.676613,45.926809],[13.674442,45.928437],[13.672427,45.929393],[13.669481,45.929807],[13.66545,45.929497],[13.66049,45.929962],[13.655787,45.931822],[13.64664,45.938075],[13.639354,45.940814],[13.632998,45.941796],[13.615325,45.945912],[13.60824742268,45.926561357871],[13.60824742268,45.907137563949]]],"type":"Polygon"},"id":318,"properties":{"parentKey":"SVN:1159308683","sourceCountryId":"SVN","syntheticOperational":true,"territoryId":"territory:catalog:558c7a9fc8fa871eb1c2d9c73611576eba209d1a50e28f41a708794ad3ef2aae"},"type":"Feature"},{"geometry":{"coordinates":[[[14.741379310345,45.998766106431],[14.749622,46.002955],[14.747762,46.022617],[14.751327,46.028147],[14.748692,46.034219],[14.743731,46.040187],[14.741379310345,46.04197058272],[14.741379310345,45.998766106431]]],"type":"Polygon"},"id":319,"properties":{"parentKey":"SVN:1159310719","sourceCountryId":"SVN","syntheticOperational":true,"territoryId":"territory:catalog:690a555fe62b1787413bb380dcaa3423fbe0ac47930d68bcbd03a03097a04c37"},"type":"Feature"},{"geometry":{"coordinates":[[[16.259452,46.583358],[16.261313,46.579379],[16.261933,46.576279],[16.264118158123,46.572412825916],[16.264118158123,46.591045240175],[16.261933,46.589146],[16.259452,46.583358]]],"type":"Polygon"},"id":320,"properties":{"parentKey":"SVN:1159310899","sourceCountryId":"SVN","syntheticOperational":true,"territoryId":"territory:catalog:51777e14adb98d7116ed6b2420a8ff7a711e0b863830e8db3d6739182a157754"},"type":"Feature"},{"geometry":{"coordinates":[[[14.845360824742,45.755395683453],[14.862990180112,45.755395683453],[14.862432,45.755657],[14.846464,45.759584],[14.845360824742,45.759682114759],[14.845360824742,45.755395683453]]],"type":"Polygon"},"id":321,"properties":{"parentKey":"SVN:1159308563","sourceCountryId":"SVN","syntheticOperational":true,"territoryId":"territory:catalog:be431f5b4d5ec92e66cfd287347434ea54acc097c62639bff3acfad8d0fc5e62"},"type":"Feature"},{"geometry":{"coordinates":[[[15.435381,46.627195],[15.435472,46.627077],[15.441208,46.619584],[15.441070600967,46.618705035971],[15.453228056544,46.618705035971],[15.440018,46.62439],[15.435381,46.627195]]],"type":"Polygon"},"id":322,"properties":{"parentKey":"SVN:1159308625","sourceCountryId":"SVN","syntheticOperational":true,"territoryId":"territory:catalog:09b5453bbaffd7d307846de1eb87772302515229ee9e8aac652041f5f5c340f5"},"type":"Feature"},{"geometry":{"coordinates":[[[14.854835,46.252862],[14.884911,46.240537],[14.89752,46.254231],[14.89752,46.25883],[14.90031,46.263275],[14.907752,46.264825],[14.918294,46.265316],[14.925735,46.268959],[14.945734,46.274695],[14.950385,46.278002],[14.950385,46.281878],[14.954881,46.283635],[14.957103,46.283273],[14.961038961039,46.283442959917],[14.961038961039,46.294964028777],[14.874585495082,46.294964028777],[14.871888,46.288234],[14.862122,46.27901],[14.857471,46.268752],[14.854835,46.252862]]],"type":"Polygon"},"id":323,"properties":{"parentKey":"SVN:1159310749","sourceCountryId":"SVN","syntheticOperational":true,"territoryId":"territory:catalog:ba50b16b3a6bcc6630becba98c7e3a13ff42b9e90102ce8259c2b63737e6a863"},"type":"Feature"},{"geometry":{"coordinates":[[[15.058079,45.781082],[15.062885,45.768369],[15.075095017402,45.755395683453],[15.089820359281,45.755395683453],[15.154639175258,45.755395683453],[15.154639175258,45.863309352518],[15.140863063805,45.863309352518],[15.135232,45.84914],[15.12872,45.845006],[15.12531,45.843791],[15.122002,45.844024],[15.120142,45.843817],[15.118592,45.842577],[15.119677,45.838804],[15.120039,45.835962],[15.119677,45.832397],[15.118282,45.829038],[15.115181,45.823715],[15.112701,45.820356],[15.10929,45.816868],[15.101228,45.815317],[15.096268,45.81015],[15.086036,45.806145],[15.058079,45.781082]]],"type":"Polygon"},"id":324,"properties":{"parentKey":"SVN:1159308575","sourceCountryId":"SVN","syntheticOperational":true,"territoryId":"territory:catalog:80137d5ac3f3c7c3ecdf30d4ec1e5a8e4fe9cf1a9fa362c4b0e67f7ed5781957"},"type":"Feature"},{"geometry":{"coordinates":[[[14.896551724138,46.079136690647],[14.99405956078,46.079136690647],[14.99338,46.08127],[14.99307,46.085275],[14.997721,46.088298],[15.001906,46.093311],[15.004697,46.098944],[14.999891,46.119097],[14.976172,46.112199],[14.96842,46.108659],[14.959118,46.101114],[14.955553,46.099099],[14.95147,46.097393],[14.946974,46.096179],[14.930696,46.094034],[14.918449,46.094086],[14.914573,46.093647],[14.911318,46.092872],[14.908062,46.093569],[14.903411,46.09574],[14.896551724138,46.103880699493],[14.896551724138,46.079136690647]]],"type":"Polygon"},"id":325,"properties":{"parentKey":"SVN:1159317881","sourceCountryId":"SVN","syntheticOperational":true,"territoryId":"territory:catalog:16d8382ae23fa3b8921ba94b7767bc834acff3840c57de5e25549e52b92ab21c"},"type":"Feature"},{"geometry":{"coordinates":[[[14.874585495082,46.294964028777],[14.961038961039,46.294964028777],[14.961038961039,46.323556719985],[14.959893,46.324589],[14.953847,46.325803],[14.947749,46.323633],[14.924805,46.310042],[14.877004,46.300998],[14.874585495082,46.294964028777]]],"type":"Polygon"},"id":326,"properties":{"parentKey":"SVN:1159310749","sourceCountryId":"SVN","syntheticOperational":true,"territoryId":"territory:catalog:0ad0056969d6a9c58c05fbcff65e6d9fd92d7e791bd5f62a4b6a81cd0829693e"},"type":"Feature"},{"geometry":{"coordinates":[[[13.421365184049,46.294964028777],[13.432648,46.292549],[13.448978,46.287227],[13.477038,46.281025],[13.515227,46.277227],[13.527319,46.281491],[13.530265,46.286219],[13.52949,46.290973],[13.526079,46.294384],[13.527098259858,46.294964028777],[13.421365184049,46.294964028777]]],"type":"Polygon"},"id":327,"properties":{"parentKey":"SVN:1159310855","sourceCountryId":"SVN","syntheticOperational":true,"territoryId":"territory:catalog:46af8525dc53aac0807773319c3f8afade3df8108e1c826eaf18cf677baf8927"},"type":"Feature"},{"geometry":{"coordinates":[[[16.335078534031,46.618705035971],[16.344095354271,46.618705035971],[16.335078534031,46.626726928305],[16.335078534031,46.618705035971]]],"type":"Polygon"},"id":328,"properties":{"parentKey":"SVN:1159310905","sourceCountryId":"SVN","syntheticOperational":true,"territoryId":"territory:catalog:fc2c1dd5bbd14022879269fe1aa5631474267fb9132f905e2327a0d7eb0eaec2"},"type":"Feature"},{"geometry":{"coordinates":[[[14.248567,46.353347],[14.250428,46.347507],[14.253063,46.344407],[14.258334,46.342236],[14.256319,46.337508],[14.260195,46.330351],[14.267171,46.326139],[14.289237,46.322392],[14.295128,46.319705],[14.300709,46.318982],[14.326289,46.321359],[14.330319,46.33681],[14.337662337662,46.33997072158],[14.337662337662,46.402877697842],[14.253967934044,46.402877697842],[14.255234,46.390192],[14.248567,46.353347]]],"type":"Polygon"},"id":329,"properties":{"parentKey":"SVN:1159310845","sourceCountryId":"SVN","syntheticOperational":true,"territoryId":"territory:catalog:66fe76533bb178e0dff2150ad5dbeb123213ec80a77c61fe57421597c1bbb9e9"},"type":"Feature"},{"geometry":{"coordinates":[[[14.85664639444,46.501128158616],[14.873439,46.497317],[14.886151,46.49649],[14.894678,46.497731],[14.899535,46.504449],[14.90115801368,46.510791366906],[14.85664639444,46.510791366906],[14.85664639444,46.501128158616]]],"type":"Polygon"},"id":330,"properties":{"parentKey":"SVN:1159310737","sourceCountryId":"SVN","syntheticOperational":true,"territoryId":"territory:catalog:cd8d9d81fd26e9019a02a6748d0c4fa5eca7da3d3d797aceb628fab2c2d3bdec"},"type":"Feature"},{"geometry":{"coordinates":[[[14.405457,46.351641],[14.427006,46.350504],[14.432122,46.353528],[14.433982,46.355388],[14.437238,46.360504],[14.440494,46.364715],[14.444679,46.366369],[14.449847,46.367093],[14.454653,46.366886],[14.469226,46.364276],[14.493506493506,46.362837309608],[14.493506493506,46.402877697842],[14.426463412922,46.402877697842],[14.422665,46.396471],[14.41879,46.386962],[14.408248,46.373035],[14.408558,46.364121],[14.405457,46.351641]]],"type":"Polygon"},"id":331,"properties":{"parentKey":"SVN:1159308631","sourceCountryId":"SVN","syntheticOperational":true,"territoryId":"territory:catalog:84fdeebaff52543f5a588edd54a38909c683a3377ebdebd8ecb4f7ffe4e72df1"},"type":"Feature"},{"geometry":{"coordinates":[[[15.364417,46.324201],[15.365657,46.321462],[15.367827,46.317587],[15.369843,46.315545],[15.376509,46.311334],[15.396198,46.301877],[15.428571428571,46.295076574922],[15.428571428571,46.369934209766],[15.42524,46.371253],[15.412217,46.354845],[15.407721,46.354897],[15.401469,46.356964],[15.393717,46.358463],[15.388136,46.356292],[15.38209,46.351667],[15.368757,46.333968],[15.364417,46.324201]]],"type":"Polygon"},"id":332,"properties":{"parentKey":"SVN:1159310787","sourceCountryId":"SVN","syntheticOperational":true,"territoryId":"territory:catalog:91b90ac2e64a1312ee66ec2036dee2b3d107630fbdce3514a9344a72d55a17b2"},"type":"Feature"},{"geometry":{"coordinates":[[[14.515370327007,46.187050359712],[14.524623,46.177078],[14.5378,46.174184],[14.561972589105,46.187050359712],[14.515370327007,46.187050359712]]],"type":"Polygon"},"id":333,"properties":{"parentKey":"SVN:1159308605","sourceCountryId":"SVN","syntheticOperational":true,"territoryId":"territory:catalog:ab37570031f7eb623fe9de9597de1f9825f43fda4bf9e0792fab2bde05d09d09"},"type":"Feature"},{"geometry":{"coordinates":[[[13.81074168798,45.43913040156],[13.819859,45.432628],[13.82421015044,45.431654676259],[13.901862274856,45.431654676259],[13.908432,45.438881],[13.923005,45.448958],[13.964194373402,45.461279005884],[13.964194373402,45.490834383642],[13.961452,45.493142],[13.961452,45.50389],[13.964194373402,45.509415328311],[13.964194373402,45.535941472414],[13.959850696247,45.539568345324],[13.857998289136,45.539568345324],[13.81074168798,45.539568345324],[13.81074168798,45.43913040156]]],"type":"Polygon"},"id":334,"properties":{"parentKey":"SVN:1159310873","sourceCountryId":"SVN","syntheticOperational":true,"territoryId":"territory:catalog:03d468723136c2de1dd8355e49488771c3b3827890c56580af1583c022c7d155"},"type":"Feature"},{"geometry":{"coordinates":[[[14.03215760397,46.079136690647],[14.089975345063,46.079136690647],[14.050233,46.085094],[14.038761,46.083337],[14.033025,46.081632],[14.03215760397,46.079136690647]]],"type":"Polygon"},"id":335,"properties":{"parentKey":"SVN:1159310849","sourceCountryId":"SVN","syntheticOperational":true,"territoryId":"territory:catalog:58b835ca20f2308b5ce5362bf979fd073d9b9e1d4efc951c0d63bdd951407be9"},"type":"Feature"},{"geometry":{"coordinates":[[[15.182123631309,46.618705035971],[15.184409312942,46.618705035971],[15.183497,46.619454],[15.182123631309,46.618705035971]]],"type":"Polygon"},"id":336,"properties":{"parentKey":"SVN:1159310813","sourceCountryId":"SVN","syntheticOperational":true,"territoryId":"territory:catalog:c4ac68d63b4d053681f3356f6bb5a65809e8928f3b03bb44f9238513e5f7003e"},"type":"Feature"},{"geometry":{"coordinates":[[[15.855636704028,46.510791366906],[15.931142896076,46.510791366906],[15.934201,46.518918],[15.933736,46.52269],[15.932341,46.527341],[15.930325,46.529822],[15.924124,46.534369],[15.892136,46.54641],[15.88423,46.542224],[15.872913,46.537935],[15.867642,46.533723],[15.865006,46.529486],[15.861906,46.525636],[15.860045,46.5199],[15.856945,46.515792],[15.855636704028,46.510791366906]]],"type":"Polygon"},"id":337,"properties":{"parentKey":"SVN:1159308615","sourceCountryId":"SVN","syntheticOperational":true,"territoryId":"territory:catalog:f18017c88ccef99e69254a74f7c456d25e1a1d73e53451f3d855599207ad1c8d"},"type":"Feature"},{"geometry":{"coordinates":[[[15.781497,46.467732],[15.794960903562,46.469092895488],[15.794960903562,46.480114180846],[15.794726,46.480006],[15.781497,46.467732]]],"type":"Polygon"},"id":338,"properties":{"parentKey":"SVN:1159308583","sourceCountryId":"SVN","syntheticOperational":true,"territoryId":"territory:catalog:d4e3de7dc07ef2e3164e128daf9bf8b60dcfddf3f3ec6654d654fdc6345b20cd"},"type":"Feature"},{"geometry":{"coordinates":[[[14.442199,46.255187],[14.443129,46.232786],[14.444524,46.223174],[14.462869,46.206146],[14.493506493506,46.20348866638],[14.493506493506,46.294964028777],[14.47918130884,46.294964028777],[14.46721,46.291645],[14.459924,46.284436],[14.455738,46.281775],[14.452638,46.278157],[14.449072,46.276297],[14.446591,46.272473],[14.443904,46.266995],[14.442199,46.255187]]],"type":"Polygon"},"id":339,"properties":{"parentKey":"SVN:1159310675","sourceCountryId":"SVN","syntheticOperational":true,"territoryId":"territory:catalog:fc57abb0ba8483d8f3c79f014df193cd53f1fc23980ded854632eaf70d32e3d4"},"type":"Feature"},{"geometry":{"coordinates":[[[15.434852,46.592454],[15.440433,46.590335],[15.443378,46.584702],[15.45113,46.581085],[15.457486,46.576641],[15.461723,46.568269],[15.459656,46.550027],[15.458106,46.538607],[15.482189400521,46.53460073739],[15.482189400521,46.617024238339],[15.462653,46.614649],[15.453228056544,46.618705035971],[15.441070600967,46.618705035971],[15.439657,46.609662],[15.436402,46.602375],[15.434852,46.596949],[15.434852,46.592454]]],"type":"Polygon"},"id":340,"properties":{"parentKey":"SVN:1159308625","sourceCountryId":"SVN","syntheticOperational":true,"territoryId":"territory:catalog:66796e15091d54c374a7b09dc616d04d6d159241a0ede7382ab8e9c32ce09140"},"type":"Feature"},{"geometry":{"coordinates":[[[14.562108,46.391737],[14.562967,46.389727],[14.568703,46.368798],[14.595678,46.361408],[14.609786,46.361977],[14.639913,46.366369],[14.649350649351,46.365797730011],[14.649350649351,46.402877697842],[14.568080388913,46.402877697842],[14.566997,46.400373],[14.562108,46.391737]]],"type":"Polygon"},"id":341,"properties":{"parentKey":"SVN:1159308661","sourceCountryId":"SVN","syntheticOperational":true,"territoryId":"territory:catalog:740a4957c790868d6125773a0e0ab206770ef26602655af0cafe5bd2318a5e8f"},"type":"Feature"},{"geometry":{"coordinates":[[[14.85664639444,46.552630044881],[14.857161,46.552508],[14.863362,46.551939],[14.866928,46.547185],[14.872664,46.545325],[14.87809,46.542095],[14.878555,46.537289],[14.88181,46.530855],[14.891887,46.523414],[14.898915,46.519435],[14.902636,46.516567],[14.90115801368,46.510791366906],[14.93266247126,46.510791366906],[14.947904,46.521398],[14.950695,46.530597],[14.948525,46.532664],[14.947284,46.534214],[14.946974,46.53592],[14.946819,46.539537],[14.946199,46.544963],[14.946664,46.557159],[14.945269,46.56274],[14.942633,46.565918],[14.934572,46.567158],[14.931626,46.569302],[14.926821,46.575762],[14.92279,46.582428],[14.919224,46.586511],[14.915658,46.58925],[14.912868,46.590593],[14.910852,46.592221],[14.908837,46.593151],[14.906357,46.59297],[14.903256,46.593022],[14.900931,46.594521],[14.895453,46.602505],[14.894063,46.605215],[14.877055,46.603642],[14.862999,46.604831],[14.85664639444,46.602969402923],[14.85664639444,46.552630044881]]],"type":"Polygon"},"id":342,"properties":{"parentKey":"SVN:1159308623","sourceCountryId":"SVN","syntheticOperational":true,"territoryId":"territory:catalog:0e6cf0684180e47c15c484841239ac23fe3ef4dab6c0af8623e3f97b8c5b2eab"},"type":"Feature"},{"geometry":{"coordinates":[[[14.181818181818,46.273438304555],[14.19224,46.268081],[14.208053,46.25573],[14.221902,46.250407],[14.248567,46.242966],[14.275387,46.234077],[14.277248,46.23214],[14.278643,46.229685],[14.278023,46.226714],[14.275542,46.224672],[14.272132,46.222657],[14.269651,46.219453],[14.269496,46.214389],[14.275852,46.210823],[14.337662337662,46.1930051124],[14.337662337662,46.294964028777],[14.311424160413,46.294964028777],[14.311561,46.293299],[14.315437,46.291257],[14.330164,46.277279],[14.33466,46.270458],[14.3328,46.260742],[14.330009,46.256505],[14.325048,46.254748],[14.298383,46.268287],[14.274612,46.274902],[14.234305,46.273197],[14.227948,46.275057],[14.181818181818,46.28363940148],[14.181818181818,46.273438304555]]],"type":"Polygon"},"id":343,"properties":{"parentKey":"SVN:1159310831","sourceCountryId":"SVN","syntheticOperational":true,"territoryId":"territory:catalog:e347ed1e66cf12a300fc0c0f0e11b59e13fadd0aac9d2a8e3b39cf0fd9210739"},"type":"Feature"},{"geometry":{"coordinates":[[[15.040231373338,45.647482014388],[15.089820359281,45.647482014388],[15.089820359281,45.685738539725],[15.084485,45.686281],[15.072858,45.682225],[15.06366,45.675559],[15.045211,45.65711],[15.04087,45.651426],[15.040231373338,45.647482014388]]],"type":"Polygon"},"id":344,"properties":{"parentKey":"SVN:1159310769","sourceCountryId":"SVN","syntheticOperational":true,"territoryId":"territory:catalog:a6d0197417eb62a64af586f6a75fa2f7df494a1d677b456ec0cb2f02daef5c4a"},"type":"Feature"},{"geometry":{"coordinates":[[[14.493506493506,46.296450079198],[14.500852,46.296606],[14.515321,46.29981],[14.544001,46.31198],[14.553148,46.321333],[14.550513,46.32508],[14.548652,46.329369],[14.544467,46.336552],[14.546792,46.346267],[14.545552,46.352675],[14.53594,46.360323],[14.493506493506,46.362837309608],[14.493506493506,46.296450079198]]],"type":"Polygon"},"id":345,"properties":{"parentKey":"SVN:1159308581","sourceCountryId":"SVN","syntheticOperational":true,"territoryId":"territory:catalog:570bf28c23905308d4cebac7a0c440a4a8d9d4dfa4925336c82287e06be4096f"},"type":"Feature"},{"geometry":{"coordinates":[[[16.051948051948,46.386166111594],[16.055227,46.388073],[16.075743,46.384456],[16.066531682023,46.402877697842],[16.051948051948,46.402877697842],[16.051948051948,46.386166111594]]],"type":"Polygon"},"id":346,"properties":{"parentKey":"SVN:1159310887","sourceCountryId":"SVN","syntheticOperational":true,"territoryId":"territory:catalog:c5c085c5f827cb7adea9db32fdb28bbbdfe91adc47bcfb2af4de7038fff53bbd"},"type":"Feature"},{"geometry":{"coordinates":[[[16.107732406603,46.534947815358],[16.122251,46.529021],[16.142767,46.525843],[16.154084,46.525429],[16.166021,46.527755],[16.170672,46.530261],[16.173928,46.532948],[16.175013,46.535739],[16.176098,46.541914],[16.177183,46.545015],[16.178424,46.547547],[16.178734,46.549975],[16.175788,46.552043],[16.173928,46.554058],[16.176718,46.560052],[16.158425,46.568527],[16.155479,46.578191],[16.144162,46.585038],[16.138116,46.593074],[16.137496,46.595012],[16.136411,46.603099],[16.150053,46.601239],[16.160802,46.605889],[16.121655452031,46.618705035971],[16.107732406603,46.618705035971],[16.107732406603,46.613789025166],[16.112019,46.608008],[16.107732406603,46.607859835633],[16.107732406603,46.534947815358]]],"type":"Polygon"},"id":347,"properties":{"parentKey":"SVN:1159308691","sourceCountryId":"SVN","syntheticOperational":true,"territoryId":"territory:catalog:a3add221a23009f13f50410ae0672da31cebeafda56d6cba03bd67fa2416eea1"},"type":"Feature"},{"geometry":{"coordinates":[[[14.446693440952,45.971223021583],[14.459149,45.948152],[14.458839,45.937119],[14.463955,45.920608],[14.4669,45.905984],[14.490155,45.880869],[14.50788,45.884538],[14.530669,45.87875],[14.536082474227,45.875949614363],[14.536082474227,45.971223021583],[14.446693440952,45.971223021583]]],"type":"Polygon"},"id":348,"properties":{"parentKey":"SVN:1159310699","sourceCountryId":"SVN","syntheticOperational":true,"territoryId":"territory:catalog:24f0a5ac1576989d5fc4c88cf6fb8e8fd6293ae359d408f86b8974fa29c2e169"},"type":"Feature"},{"geometry":{"coordinates":[[[14.998651,46.355982],[15.000356,46.349988],[15.008418,46.337198],[15.037305,46.324434],[15.051257,46.307251],[15.058079,46.314486],[15.059629,46.324718],[15.060249,46.337069],[15.066605,46.351693],[15.03901,46.355517],[15.013895,46.364457],[14.999891,46.377221],[14.998651,46.355982]]],"type":"Polygon"},"id":349,"properties":{"parentKey":"SVN:1159310791","sourceCountryId":"SVN","syntheticOperational":true,"territoryId":"territory:catalog:7200f2f900c3359ac71bbf1209a2ad45344fe65fd3c336a4f69b5147c143451f"},"type":"Feature"},{"geometry":{"coordinates":[[[14.42189,45.61688],[14.428091,45.608663],[14.441269,45.600008],[14.443904,45.594633],[14.443439,45.587631],[14.438168,45.58298],[14.438943,45.580732],[14.449382,45.579802],[14.460389,45.580164],[14.467985,45.578924],[14.473909324209,45.580391609999],[14.473909324209,45.647482014388],[14.426139799278,45.647482014388],[14.426231,45.644036],[14.42251,45.623908],[14.42189,45.61688]]],"type":"Polygon"},"id":350,"properties":{"parentKey":"SVN:1159308569","sourceCountryId":"SVN","syntheticOperational":true,"territoryId":"territory:catalog:897da8da0c80ca19eaf804f622642d7d352ae5a933c26f2fe10d090407f41732"},"type":"Feature"},{"geometry":{"coordinates":[[[15.089820359281,45.685738539725],[15.102779,45.684421],[15.105724,45.692767],[15.112856,45.696022],[15.115956,45.697004],[15.118437,45.69858],[15.120039,45.700467],[15.121899,45.702379],[15.124069,45.706823],[15.121072,45.711732],[15.114251,45.718373],[15.089820359281,45.73709921211],[15.089820359281,45.685738539725]]],"type":"Polygon"},"id":351,"properties":{"parentKey":"SVN:1159308655","sourceCountryId":"SVN","syntheticOperational":true,"territoryId":"territory:catalog:713db7c1a797fd42d43194c27cba6368e3c08ab2b5309777ac892ada48fd36af"},"type":"Feature"},{"geometry":{"coordinates":[[[15.093322,46.030731],[15.116111,46.004195],[15.133061,45.996469],[15.137247,45.991302],[15.143448,45.989235],[15.15151,45.991121],[15.156936,45.993885],[15.161742,45.995436],[15.166237,45.995901],[15.168873,45.994144],[15.167633,45.988614],[15.163137,45.984609],[15.159881,45.98045],[15.158951,45.974171],[15.161086300568,45.971223021583],[15.206896551724,45.971223021583],[15.206896551724,46.031845954435],[15.144533,46.042487],[15.094097,46.040291],[15.093322,46.030731]]],"type":"Polygon"},"id":352,"properties":{"parentKey":"SVN:1159310777","sourceCountryId":"SVN","syntheticOperational":true,"territoryId":"territory:catalog:e009cbe0baf144799387889f49941d665fe52b06abd635f1edfeda380fa3cbe7"},"type":"Feature"},{"geometry":{"coordinates":[[[15.195686129166,46.510791366906],[15.195970483961,46.510791366906],[15.195745,46.510908],[15.195686129166,46.510791366906]]],"type":"Polygon"},"id":353,"properties":{"parentKey":"SVN:1159310739","sourceCountryId":"SVN","syntheticOperational":true,"territoryId":"territory:catalog:e2d2f23c9e73e5ec7ea4599bd50e215cba64bfee65aa866c8787fb808e16bbd1"},"type":"Feature"},{"geometry":{"coordinates":[[[15.24379811805,45.647482014388],[15.284012062392,45.647482014388],[15.284318,45.650134],[15.274551,45.663208],[15.264629,45.673026],[15.250987,45.681295],[15.24379811805,45.692250949947],[15.24379811805,45.647482014388]]],"type":"Polygon"},"id":354,"properties":{"parentKey":"SVN:1159310769","sourceCountryId":"SVN","syntheticOperational":true,"territoryId":"territory:catalog:f69e82bbdac47c289d5932621825d88cfbf88c86227e2ac6d9f26962aebe9449"},"type":"Feature"},{"geometry":{"coordinates":[[[15.154639175258,45.871890239696],[15.184738,45.867485],[15.19652,45.869862],[15.209852,45.873815],[15.217759,45.879629],[15.228766,45.895804],[15.228301,45.900506],[15.226906,45.904795],[15.227371,45.909084],[15.238584,45.924355],[15.203651,45.937351],[15.180707,45.951356],[15.166082,45.964326],[15.161086300568,45.971223021583],[15.154639175258,45.971223021583],[15.154639175258,45.871890239696]]],"type":"Polygon"},"id":355,"properties":{"parentKey":"SVN:1159310801","sourceCountryId":"SVN","syntheticOperational":true,"territoryId":"territory:catalog:e8e07e76e6812d2e3ff1397e550cb18b6c44f56a0f74370fb39c7da265b8c4c6"},"type":"Feature"},{"geometry":{"coordinates":[[[15.515739259688,45.863309352518],[15.517896,45.860586],[15.522701,45.852783],[15.544716,45.830278],[15.549573,45.823922],[15.549748,45.823693],[15.587296,45.81922],[15.618556701031,45.82001204315],[15.618556701031,45.863309352518],[15.515739259688,45.863309352518]]],"type":"Polygon"},"id":356,"properties":{"parentKey":"SVN:1159310665","sourceCountryId":"SVN","syntheticOperational":true,"territoryId":"territory:catalog:c9472a249ef26315bb18146dc0d92f8fff076caf01277a28f167602a7aac4b28"},"type":"Feature"},{"geometry":{"coordinates":[[[14.011976047904,45.647482014388],[14.076498798261,45.647482014388],[14.072764,45.653028],[14.069198,45.659694],[14.068578,45.673595],[14.064548,45.679693],[14.062532,45.686462],[14.064703,45.693542],[14.071679,45.702689],[14.083151,45.706513],[14.093383,45.71429],[14.081911,45.734237],[14.072144,45.743358],[14.048316235037,45.755395683453],[14.011976047904,45.755395683453],[14.011976047904,45.647482014388]]],"type":"Polygon"},"id":357,"properties":{"parentKey":"SVN:1159310859","sourceCountryId":"SVN","syntheticOperational":true,"territoryId":"territory:catalog:dc300de5d75777ba370c7bf3f50b6fff3f2f5d3865b573bbc992f7cc578b1159"},"type":"Feature"},{"geometry":{"coordinates":[[[15.193517208385,46.079136690647],[15.193729,46.07848],[15.200861,46.072589],[15.203806,46.06879],[15.204891,46.066413],[15.201946,46.060755],[15.204581,46.053003],[15.206896551724,46.05099705128],[15.206896551724,46.079136690647],[15.193517208385,46.079136690647]]],"type":"Polygon"},"id":358,"properties":{"parentKey":"SVN:1159310777","sourceCountryId":"SVN","syntheticOperational":true,"territoryId":"territory:catalog:f481dfa2e5b728fdb51298b3ab1a0a29d3a0a702bb0f4f99325e835a04dd8bab"},"type":"Feature"},{"geometry":{"coordinates":[[[15.716953,46.460007],[15.723309,46.449723],[15.723309,46.446313],[15.721914,46.443419],[15.734471,46.428329],[15.752196,46.432386],[15.76987,46.431016],[15.782272,46.434789],[15.794960903562,46.432553967179],[15.794960903562,46.469092895488],[15.781497,46.467732],[15.756537,46.485742],[15.750491,46.487938],[15.74243,46.489979],[15.739432,46.491788],[15.737779,46.493726],[15.733076,46.503234],[15.72455,46.494656],[15.723309,46.491684],[15.72765,46.486155],[15.729821,46.480186],[15.732766,46.474425],[15.716953,46.460007]]],"type":"Polygon"},"id":359,"properties":{"parentKey":"SVN:1159310795","sourceCountryId":"SVN","syntheticOperational":true,"territoryId":"territory:catalog:23284f5a73d739ea8a4cf554a4ad8c530bbeb3a34cb417e3a39d61836d7a8d76"},"type":"Feature"},{"geometry":{"coordinates":[[[14.286319647544,45.863309352518],[14.381443298969,45.863309352518],[14.381443298969,45.867506085824],[14.37626,45.87149],[14.364788,45.867485],[14.325669,45.887329],[14.30939,45.89123],[14.299159,45.885727],[14.286319647544,45.863309352518]]],"type":"Polygon"},"id":360,"properties":{"parentKey":"SVN:1159310677","sourceCountryId":"SVN","syntheticOperational":true,"territoryId":"territory:catalog:06b7e09eb85c5a71dd09f0afb1c04cee7d882fbe94b19f529a916fa55a0af147"},"type":"Feature"},{"geometry":{"coordinates":[[[13.402597402597,46.303798033024],[13.403968,46.303221],[13.419006,46.295469],[13.421365184049,46.294964028777],[13.527098259858,46.294964028777],[13.532435,46.298001],[13.550109,46.302032],[13.558441558442,46.301442142382],[13.558441558442,46.402877697842],[13.550139022135,46.402877697842],[13.530006,46.388332],[13.483704,46.37115],[13.459726,46.359032],[13.447323,46.354846],[13.434094,46.353864],[13.423242,46.344847],[13.409806,46.323608],[13.402597402597,46.315019552501],[13.402597402597,46.303798033024]]],"type":"Polygon"},"id":361,"properties":{"parentKey":"SVN:1159310855","sourceCountryId":"SVN","syntheticOperational":true,"territoryId":"territory:catalog:39fefdb04b2ef254fd24b55da76b935d720e98f856c09881fce79a080f89a32e"},"type":"Feature"},{"geometry":{"coordinates":[[[15.062103474203,46.294964028777],[15.095027,46.257668],[15.104019,46.255006],[15.11022,46.265936],[15.10743,46.271388],[15.110685,46.277176],[15.116883116883,46.285439356293],[15.116883116883,46.294964028777],[15.062103474203,46.294964028777]]],"type":"Polygon"},"id":362,"properties":{"parentKey":"SVN:1159308647","sourceCountryId":"SVN","syntheticOperational":true,"territoryId":"territory:catalog:e96b3584cd84fe43b70db67921efe30b0f9c0d2bea5836eed27262af945cf15a"},"type":"Feature"},{"geometry":{"coordinates":[[[14.690721649485,45.863309352518],[14.767026439037,45.863309352518],[14.767295,45.863816],[14.768071,45.866761],[14.751792,45.883298],[14.731329,45.876425],[14.72306,45.876425],[14.690721649485,45.884323793282],[14.690721649485,45.863309352518]]],"type":"Polygon"},"id":363,"properties":{"parentKey":"SVN:1159308665","sourceCountryId":"SVN","syntheticOperational":true,"territoryId":"territory:catalog:45499196b3c1d672ea2bfcc169e4a48e4e18f907a5986c099771f466968dde49"},"type":"Feature"},{"geometry":{"coordinates":[[[14.741379310345,46.099439739953],[14.753963,46.100184],[14.806259,46.115454],[14.834785,46.136977],[14.839642,46.141422],[14.839436,46.145246],[14.840573,46.148966],[14.828429,46.160284],[14.804554,46.165193],[14.772101,46.168371],[14.741379310345,46.163914721371],[14.741379310345,46.099439739953]]],"type":"Polygon"},"id":364,"properties":{"parentKey":"SVN:1159310741","sourceCountryId":"SVN","syntheticOperational":true,"territoryId":"territory:catalog:6dd4e8b6e21fc503e08fa26e02890de0595566c736722d4fe1d1c2d14ca918f9"},"type":"Feature"},{"geometry":{"coordinates":[[[14.381443298969,45.867506085824],[14.384631,45.865056],[14.388168235781,45.863309352518],[14.401988208739,45.863309352518],[14.406077,45.867381],[14.417549,45.870895],[14.407007,45.891618],[14.409953,45.898956],[14.411658,45.909704],[14.414759,45.922624],[14.412743,45.926215],[14.406852,45.929238],[14.401581,45.929187],[14.391918,45.933734],[14.384166,45.939315],[14.381443298969,45.941758617903],[14.381443298969,45.867506085824]]],"type":"Polygon"},"id":365,"properties":{"parentKey":"SVN:1159310663","sourceCountryId":"SVN","syntheticOperational":true,"territoryId":"territory:catalog:2802d0a991a4d4ff043c60a79488772cdbd0ad415151d0be1fcf2c2e9324934b"},"type":"Feature"},{"geometry":{"coordinates":[[[15.969702,46.760532],[15.970529,46.743014],[15.978215739296,46.726618705036],[16.020942408377,46.726618705036],[16.020942408377,46.760603130222],[16.018485,46.761642],[16.007116,46.770272],[16.004946,46.774045],[15.987738,46.775827],[15.970985,46.77505],[15.969702,46.760532]]],"type":"Polygon"},"id":366,"properties":{"parentKey":"SVN:1159309555","sourceCountryId":"SVN","syntheticOperational":true,"territoryId":"territory:catalog:1f8ea3125e052d3afb7cc5a49bb5120c9f39c08a30f89d3900480b8a6894a5d3"},"type":"Feature"},{"geometry":{"coordinates":[[[14.85664639444,46.402877697842],[14.901702336678,46.402877697842],[14.900931,46.417632],[14.891732,46.423549],[14.85664639444,46.42417991079],[14.85664639444,46.402877697842]]],"type":"Polygon"},"id":367,"properties":{"parentKey":"SVN:1159310721","sourceCountryId":"SVN","syntheticOperational":true,"territoryId":"territory:catalog:c99c00fec71864890abef0ccb0de79c2901d64aa6f527c2214d96352faac21d1"},"type":"Feature"},{"geometry":{"coordinates":[[[14.816801,46.170515],[14.818197,46.168758],[14.825018,46.16602],[14.828429,46.160284],[14.840573,46.148966],[14.839436,46.145246],[14.839642,46.141422],[14.834785,46.136977],[14.839332,46.129588],[14.88181,46.129226],[14.890492,46.127779],[14.893903,46.124678],[14.894058,46.1215],[14.893127,46.116979],[14.891732,46.11362],[14.892352,46.108865],[14.896551724138,46.103880699493],[14.896551724138,46.184293942961],[14.892662,46.179249],[14.885686,46.177285],[14.819902,46.171911],[14.816801,46.170515]]],"type":"Polygon"},"id":368,"properties":{"parentKey":"SVN:1159310815","sourceCountryId":"SVN","syntheticOperational":true,"territoryId":"territory:catalog:77ba07ac0b7c6aacacc42b3305e628499ed2c71dda1120df68dd52cdc2cab7dd"},"type":"Feature"},{"geometry":{"coordinates":[[[13.936493,45.670391],[13.943676,45.661141],[13.939746642085,45.647482014388],[14.011976047904,45.647482014388],[14.011976047904,45.755395683453],[13.981582244986,45.755395683453],[13.975612,45.748474],[13.96445,45.74434],[13.956699,45.739973],[13.955614,45.733281],[13.959644,45.722093],[13.96507,45.714109],[13.967861,45.705273],[13.962435,45.698115],[13.936493,45.670391]]],"type":"Polygon"},"id":369,"properties":{"parentKey":"SVN:1159310859","sourceCountryId":"SVN","syntheticOperational":true,"territoryId":"territory:catalog:452e7a258664e20e29bc70fbe3093e9702e846ac41d6f17445d9b7c808378be8"},"type":"Feature"},{"geometry":{"coordinates":[[[14.845360824742,45.863309352518],[14.876848221018,45.863309352518],[14.877159,45.869552],[14.871423,45.87751],[14.868788,45.887354],[14.874059,45.898749],[14.87871,45.925001],[14.881965,45.932623],[14.888787,45.94133],[14.908837,45.949185],[14.927286,45.962983],[14.909260433737,45.971223021583],[14.896551724138,45.971223021583],[14.845360824742,45.971223021583],[14.845360824742,45.863309352518]]],"type":"Polygon"},"id":370,"properties":{"parentKey":"SVN:1159310703","sourceCountryId":"SVN","syntheticOperational":true,"territoryId":"territory:catalog:9b96303749e90647bda8cb53d897c43aaff8399e319e157ef01b2bcc99e04d36"},"type":"Feature"},{"geometry":{"coordinates":[[[14.166505,46.28131],[14.181818181818,46.273438304555],[14.181818181818,46.28363940148],[14.179063,46.284152],[14.166505,46.28131]]],"type":"Polygon"},"id":371,"properties":{"parentKey":"SVN:1159310831","sourceCountryId":"SVN","syntheticOperational":true,"territoryId":"territory:catalog:c879e2f9a18e9375468fdeb5522c4c48996c855e94c849547a4d4a01f1db77ba"},"type":"Feature"},{"geometry":{"coordinates":[[[15.753747,46.546978],[15.769095,46.547107],[15.775606,46.54796],[15.780877,46.546978],[15.784908,46.544963],[15.787698,46.541785],[15.788783,46.537625],[15.790954,46.534628],[15.794960903562,46.532596262909],[15.794960903562,46.618705035971],[15.762659469235,46.618705035971],[15.760723,46.614933],[15.757778,46.602685],[15.759948,46.588113],[15.754677,46.573282],[15.760413,46.567597],[15.763669,46.565013],[15.765684,46.561293],[15.76925,46.559406],[15.753747,46.546978]]],"type":"Polygon"},"id":372,"properties":{"parentKey":"SVN:1159308565","sourceCountryId":"SVN","syntheticOperational":true,"territoryId":"territory:catalog:3ac41048a8d41e6281f5ae44c63b0800870df96c29322c24c012f70f1757c8f6"},"type":"Feature"},{"geometry":{"coordinates":[[[14.553303,45.781289],[14.566067,45.766767],[14.569633,45.759481],[14.569719293822,45.755395683453],[14.627887082977,45.755395683453],[14.677813425778,45.755395683453],[14.678102,45.759533],[14.675156,45.767646],[14.668593,45.770281],[14.663012,45.772038],[14.643789,45.774545],[14.62348,45.779532],[14.613971,45.780772],[14.609165,45.781909],[14.599554,45.785552],[14.586996,45.793433],[14.564207,45.790074],[14.553303,45.781289]]],"type":"Polygon"},"id":373,"properties":{"parentKey":"SVN:1159308653","sourceCountryId":"SVN","syntheticOperational":true,"territoryId":"territory:catalog:7c67203d975139da7076a9511580cd71ead92a61320ce1fed88cb4e2bf42a6c2"},"type":"Feature"},{"geometry":{"coordinates":[[[15.32824945652,46.618705035971],[15.392670157068,46.618705035971],[15.392670157068,46.644404334114],[15.388135,46.645578],[15.332784,46.64358],[15.332584,46.635035],[15.329173,46.619222],[15.32824945652,46.618705035971]]],"type":"Polygon"},"id":374,"properties":{"parentKey":"SVN:1159308579","sourceCountryId":"SVN","syntheticOperational":true,"territoryId":"territory:catalog:3280471f7a9cad4ca1c83d04b6661b3bccc53fb61e4237a7655c88d2b3d724eb"},"type":"Feature"},{"geometry":{"coordinates":[[[15.22613,46.294964028777],[15.272727272727,46.294964028777],[15.272727272727,46.304474356848],[15.270055,46.307303],[15.240135,46.320532],[15.22613,46.31738],[15.22613,46.294964028777]]],"type":"Polygon"},"id":375,"properties":{"parentKey":"SVN:1159310671","sourceCountryId":"SVN","syntheticOperational":true,"territoryId":"territory:catalog:4cbeb7ff73bac864735ea29358646932712a7c5cfcc8edb6ce32b912fc6ae2a7"},"type":"Feature"},{"geometry":{"coordinates":[[[15.089820359281,45.539568345324],[15.191815856778,45.539568345324],[15.24379811805,45.539568345324],[15.24379811805,45.597255774171],[15.23905,45.59639],[15.22365,45.599956],[15.225045,45.608276],[15.206752,45.61458],[15.188613,45.617009],[15.173989,45.617423],[15.15585,45.610524],[15.150734,45.606364],[15.147479,45.60285],[15.146084,45.600679],[15.141278,45.598354],[15.133216,45.596339],[15.105414,45.594504],[15.089820359281,45.598155485927],[15.089820359281,45.557942138631],[15.100608,45.550631],[15.100608,45.546083],[15.097198,45.544921],[15.093942,45.546161],[15.090066,45.546419],[15.089820359281,45.546263012484],[15.089820359281,45.539568345324]]],"type":"Polygon"},"id":376,"properties":{"parentKey":"SVN:1159310681","sourceCountryId":"SVN","syntheticOperational":true,"territoryId":"territory:catalog:7d1f9c14378781fd69bc2d40a43b282c98aae2f52bd11557ccc7bcb12d4cd57a"},"type":"Feature"},{"geometry":{"coordinates":[[[14.021863,46.0822],[14.023218747636,46.079136690647],[14.03215760397,46.079136690647],[14.033025,46.081632],[14.038761,46.083337],[14.050233,46.085094],[14.089975345063,46.079136690647],[14.120689655172,46.079136690647],[14.120689655172,46.17358421581],[14.097724,46.17036],[14.094313,46.167596],[14.073694,46.158061],[14.027754,46.101631],[14.024343,46.092691],[14.021863,46.0822]]],"type":"Polygon"},"id":377,"properties":{"parentKey":"SVN:1159310827","sourceCountryId":"SVN","syntheticOperational":true,"territoryId":"territory:catalog:feab2c187404743c478a5fc6514ac3533019a9afcacf2af895775e31174cbdaf"},"type":"Feature"},{"geometry":{"coordinates":[[[14.258334,45.79059],[14.269496,45.776328],[14.287531,45.762892],[14.299314,45.757259],[14.313427204075,45.755395683453],[14.319931565441,45.755395683453],[14.381443298969,45.755395683453],[14.381443298969,45.863309352518],[14.286319647544,45.863309352518],[14.276473,45.846117],[14.279263,45.837228],[14.259419,45.801442],[14.258334,45.79059]]],"type":"Polygon"},"id":378,"properties":{"parentKey":"SVN:1159310677","sourceCountryId":"SVN","syntheticOperational":true,"territoryId":"territory:catalog:cb8f99dd2d79bfb948b4ecf2295f88585449211381005ff3df6c3f9ad004c0cc"},"type":"Feature"},{"geometry":{"coordinates":[[[15.589526990279,46.187050359712],[15.61936457376,46.187050359712],[15.62285,46.191704],[15.626571,46.19521],[15.626106,46.195527],[15.61329,46.20426],[15.589526990279,46.187050359712]]],"type":"Polygon"},"id":379,"properties":{"parentKey":"SVN:1159308577","sourceCountryId":"SVN","syntheticOperational":true,"territoryId":"territory:catalog:20c28b919087f5b5366ce1a355e155efae5e0683b408c194eecce628365f05f0"},"type":"Feature"},{"geometry":{"coordinates":[[[14.370281089529,46.294964028777],[14.371299,46.29348],[14.379825,46.289268],[14.389592,46.291232],[14.417239,46.288906],[14.46721,46.291645],[14.47918130884,46.294964028777],[14.370281089529,46.294964028777]]],"type":"Polygon"},"id":380,"properties":{"parentKey":"SVN:1159308581","sourceCountryId":"SVN","syntheticOperational":true,"territoryId":"territory:catalog:e74956fa7935b8f99d803ab682225dfece39a2deccdd1d3d84754298253dd13a"},"type":"Feature"},{"geometry":{"coordinates":[[[14.33373,45.943294],[14.33435,45.934354],[14.337502,45.925517],[14.357501,45.889215],[14.363857,45.882316],[14.37626,45.87149],[14.381443298969,45.867506085824],[14.381443298969,45.941758617903],[14.370059,45.951976],[14.365563,45.965463],[14.344169,45.961123],[14.341688,45.957919],[14.337813,45.954766],[14.33373,45.943294]]],"type":"Polygon"},"id":381,"properties":{"parentKey":"SVN:1159310663","sourceCountryId":"SVN","syntheticOperational":true,"territoryId":"territory:catalog:6cf2a55bd84d59c9268672f2e02930d8fe01bbbae01ce835bf6664144bf83bb2"},"type":"Feature"},{"geometry":{"coordinates":[[[16.264118158123,46.591045240175],[16.266274,46.592919],[16.274025,46.598448],[16.300535,46.597337],[16.29821,46.617878],[16.296940014609,46.618705035971],[16.264118158123,46.618705035971],[16.264118158123,46.591045240175]]],"type":"Polygon"},"id":382,"properties":{"parentKey":"SVN:1159310883","sourceCountryId":"SVN","syntheticOperational":true,"territoryId":"territory:catalog:54d013086ec7d33b8ec8b3f5011cc4b6f4da19a3b1b1c55b5c3512d949c642e2"},"type":"Feature"},{"geometry":{"coordinates":[[[13.655172413793,46.173487678864],[13.666536,46.175166],[13.684984,46.153462],[13.686845,46.146021],[13.696921,46.136254],[13.704208,46.133334],[13.708549,46.128037],[13.768907,46.101605],[13.780741,46.108969],[13.792833,46.108607],[13.799964,46.103646],[13.808026,46.081374],[13.807729941705,46.079136690647],[13.810344827586,46.079136690647],[13.810344827586,46.187050359712],[13.714285714286,46.187050359712],[13.655172413793,46.187050359712],[13.655172413793,46.173487678864]]],"type":"Polygon"},"id":383,"properties":{"parentKey":"SVN:1159310843","sourceCountryId":"SVN","syntheticOperational":true,"territoryId":"territory:catalog:3b82dad6d262018ead50722342e7b688ab983ff0f1d4581cf901824302217cda"},"type":"Feature"},{"geometry":{"coordinates":[[[14.048316235037,45.755395683453],[14.072144,45.743358],[14.081911,45.734237],[14.093383,45.71429],[14.117154,45.706771],[14.133897,45.703619],[14.149865,45.703671],[14.165953806672,45.705937353174],[14.165953806672,45.755395683453],[14.072164948454,45.755395683453],[14.048316235037,45.755395683453]]],"type":"Polygon"},"id":384,"properties":{"parentKey":"SVN:1159310755","sourceCountryId":"SVN","syntheticOperational":true,"territoryId":"territory:catalog:43c90584c9ca374791f970872d8bcf54166fe0cf8fe28ce74efca6421c6483a5"},"type":"Feature"},{"geometry":{"coordinates":[[[15.584415584416,46.283326186598],[15.587865,46.284049],[15.608949,46.283842],[15.653029,46.273662],[15.684862,46.274075],[15.709588032352,46.294964028777],[15.584415584416,46.294964028777],[15.584415584416,46.283326186598]]],"type":"Polygon"},"id":385,"properties":{"parentKey":"SVN:1159308595","sourceCountryId":"SVN","syntheticOperational":true,"territoryId":"territory:catalog:ec08d0f83c0d8b56f1f3256bdba719a7ea32df94d59ee12e65f8f6abacffc790"},"type":"Feature"},{"geometry":{"coordinates":[[[13.574172,45.819028],[13.581269,45.809246],[13.588514054851,45.806482208246],[13.60824742268,45.798954464095],[13.60824742268,45.82085897012],[13.592018,45.821183],[13.574172,45.819028]]],"type":"Polygon"},"id":386,"properties":{"parentKey":"SVN:1159310869","sourceCountryId":"SVN","syntheticOperational":true,"territoryId":"territory:catalog:573c22818f590c08cb9b7c86cf20a90ad309b41c5ba6ab00d0d4fe01d0d9691f"},"type":"Feature"},{"geometry":{"coordinates":[[[14.165953806672,45.539568345324],[14.271099744246,45.539568345324],[14.319931565441,45.539568345324],[14.319931565441,45.647482014388],[14.258497819205,45.647482014388],[14.246552,45.644139],[14.23787,45.640677],[14.226708,45.633339],[14.215649,45.631324],[14.1941,45.629515],[14.165953806672,45.630789675422],[14.165953806672,45.539568345324]]],"type":"Polygon"},"id":387,"properties":{"parentKey":"SVN:1159310701","sourceCountryId":"SVN","syntheticOperational":true,"territoryId":"territory:catalog:fa66d4d1b605d4418b4be86387e95cbab70601165fc5c669b2820471b55297e7"},"type":"Feature"},{"geometry":{"coordinates":[[[14.275862068966,46.079136690647],[14.423031976196,46.079136690647],[14.420805,46.081064],[14.415069,46.082769],[14.408558,46.082872],[14.371919,46.090081],[14.35037,46.083415],[14.338123,46.086955],[14.33311,46.090469],[14.325048,46.098323],[14.275862068966,46.105280540052],[14.275862068966,46.079136690647]]],"type":"Polygon"},"id":388,"properties":{"parentKey":"SVN:1159308557","sourceCountryId":"SVN","syntheticOperational":true,"territoryId":"territory:catalog:c39345550a92bcae56ea112ef7bb13658242d34e0f62bbe4f3c2e41cb7219eae"},"type":"Feature"},{"geometry":{"coordinates":[[[15,45.849109945291],[15.015446,45.844851],[15.019631,45.839709],[15.025678,45.837978],[15.037305,45.840871],[15.03777,45.860974],[15.039982460092,45.863309352518],[15,45.863309352518],[15,45.849109945291]]],"type":"Polygon"},"id":389,"properties":{"parentKey":"SVN:1159310801","sourceCountryId":"SVN","syntheticOperational":true,"territoryId":"territory:catalog:e1f420534cf7d16a2b243b54a4a168acf8701d53aa60fba487401334e9b8db90"},"type":"Feature"},{"geometry":{"coordinates":[[[14.431034482759,46.027045193333],[14.443129,46.016003],[14.455428,46.009543],[14.457754,46.005358],[14.451862,45.999699],[14.443284,45.993937],[14.435998,45.986754],[14.435533,45.979933],[14.445144,45.974093],[14.474342,45.983085],[14.480543,45.991896],[14.502919,45.997606],[14.513306,45.99802],[14.533304,45.990216],[14.536095,46.00373],[14.535475,46.013057],[14.541831,46.016313],[14.562967,46.018845],[14.586206896552,46.015521836966],[14.586206896552,46.079136690647],[14.431034482759,46.079136690647],[14.431034482759,46.065568470006],[14.432432,46.063028],[14.434758,46.060651],[14.437238,46.056181],[14.439873,46.050213],[14.440804,46.040963],[14.440339,46.036157],[14.439563,46.033754],[14.431034482759,46.029983657097],[14.431034482759,46.027045193333]]],"type":"Polygon"},"id":390,"properties":{"parentKey":"SVN:1159310719","sourceCountryId":"SVN","syntheticOperational":true,"territoryId":"territory:catalog:e2dd7f5022ef653b7cc5d82f03a0e2792eb409fe79ea3f98933efac3584bc509"},"type":"Feature"},{"geometry":{"coordinates":[[[14.586206896552,46.106069092596],[14.592267,46.105455],[14.594283,46.096618],[14.617434,46.098375],[14.629216,46.102225],[14.65309,46.113051],[14.666423,46.117625],[14.687249,46.117289],[14.689419,46.12566],[14.683373,46.128218],[14.679342,46.130854],[14.675156,46.13274],[14.674536,46.138889],[14.683838,46.143954],[14.676086,46.150749],[14.667973,46.152429],[14.664408,46.153772],[14.661307,46.156459],[14.658516,46.159302],[14.655106,46.160878],[14.65154,46.161472],[14.650455,46.164573],[14.65247,46.170309],[14.663477,46.185708],[14.665430012726,46.187050359712],[14.649350649351,46.187050359712],[14.589058513493,46.187050359712],[14.586206896552,46.181370006961],[14.586206896552,46.164718276819],[14.589787,46.147674],[14.586206896552,46.144279662688],[14.586206896552,46.106069092596]]],"type":"Polygon"},"id":391,"properties":{"parentKey":"SVN:1159308559","sourceCountryId":"SVN","syntheticOperational":true,"territoryId":"territory:catalog:ffb2883b5c93012627bad50290d20d16c41483b9222d8b7d2daf4517e3bb5402"},"type":"Feature"},{"geometry":{"coordinates":[[[14.805194805195,46.25401905789],[14.81122,46.254386],[14.854835,46.252862],[14.857471,46.268752],[14.862122,46.27901],[14.871888,46.288234],[14.874585495082,46.294964028777],[14.805194805195,46.294964028777],[14.805194805195,46.25401905789]]],"type":"Polygon"},"id":392,"properties":{"parentKey":"SVN:1159310689","sourceCountryId":"SVN","syntheticOperational":true,"territoryId":"territory:catalog:cb401302e5ebf1f161f598e0119ea14d89060d0d98ee99f6470a87e88699f73e"},"type":"Feature"},{"geometry":{"coordinates":[[[14.493506493506,46.362837309608],[14.53594,46.360323],[14.568703,46.368798],[14.562967,46.389727],[14.562108,46.391737],[14.557695,46.38394],[14.540332,46.378643],[14.527102,46.388229],[14.517469311821,46.402877697842],[14.493506493506,46.402877697842],[14.493506493506,46.362837309608]]],"type":"Polygon"},"id":393,"properties":{"parentKey":"SVN:1159308631","sourceCountryId":"SVN","syntheticOperational":true,"territoryId":"territory:catalog:7a8d07d69e14701666317fd4f6e9cc2542c464dcc1c97a560f6f4e43a7afd749"},"type":"Feature"},{"geometry":{"coordinates":[[[13.965517241379,45.971223021583],[14.072164948454,45.971223021583],[14.109656864311,45.971223021583],[14.110798,45.973267],[14.120689655172,45.978650484976],[14.120689655172,46.010274336207],[14.111211,46.012644],[14.108576,46.015228],[14.10563,46.018793],[14.100669,46.02732],[14.096484,46.032178],[14.089972,46.032359],[14.081756,46.034761],[14.053954,46.063028],[14.030079,46.073157],[14.029924,46.066129],[14.024498,46.064527],[14.019227,46.063855],[14.00915,46.064553],[13.999797,46.067188],[13.981969,46.076051],[13.976995922926,46.079136690647],[13.965517241379,46.079136690647],[13.965517241379,45.971223021583]]],"type":"Polygon"},"id":394,"properties":{"parentKey":"SVN:1159310829","sourceCountryId":"SVN","syntheticOperational":true,"territoryId":"territory:catalog:770db3132de9468828336201677aa55b6eea8b8965a6ef6b692093af6924d9e2"},"type":"Feature"},{"geometry":{"coordinates":[[[15.545801,46.48321],[15.547816,46.476595],[15.547971,46.474425],[15.557118,46.468688],[15.638575152042,46.435182708836],[15.638575152042,46.467687341163],[15.636751,46.46874],[15.61298,46.476621],[15.58678,46.476647],[15.571381,46.481142],[15.545801,46.48321]]],"type":"Polygon"},"id":395,"properties":{"parentKey":"SVN:1159310757","sourceCountryId":"SVN","syntheticOperational":true,"territoryId":"territory:catalog:e4700241781d72c69f81b67e3164e508a962dfbe8cdc7b8a450baa2ed8287316"},"type":"Feature"},{"geometry":{"coordinates":[[[13.761946133797,46.510791366906],[13.764205851673,46.510791366906],[13.7640690029,46.510814336662],[13.761946133797,46.511170655429],[13.761946133797,46.510791366906]]],"type":"Polygon"},"id":396,"properties":{"parentKey":"SVN:1159310833","sourceCountryId":"SVN","syntheticOperational":true,"territoryId":"territory:catalog:db74f8a5ce12071b0f5d8740086ac7c166fa146572339a5f5a5048efe93bbacf"},"type":"Feature"},{"geometry":{"coordinates":[[[15.206896551724,45.971223021583],[15.309278350515,45.971223021583],[15.362068965517,45.971223021583],[15.362068965517,46.071696584306],[15.316771,46.068661],[15.302663,46.064708],[15.292121,46.059049],[15.287109,46.059101],[15.284008,46.061995],[15.282613,46.067731],[15.281062,46.071452],[15.276722,46.076077],[15.269935752049,46.079136690647],[15.206896551724,46.079136690647],[15.206896551724,46.05099705128],[15.206907,46.050988],[15.210162,46.048972],[15.218379,46.047526],[15.2221,46.046492],[15.225045,46.045252],[15.233107,46.040472],[15.236879,46.038999],[15.239205,46.036854],[15.24029,46.033676],[15.234864,46.030576],[15.220704,46.02949],[15.206896551724,46.031845954435],[15.206896551724,45.971223021583]]],"type":"Polygon"},"id":397,"properties":{"parentKey":"SVN:1159310777","sourceCountryId":"SVN","syntheticOperational":true,"territoryId":"territory:catalog:c1b8071e7e9fbea8f0057f03743adfe21df00890e754c1420e2d2c577b9de315"},"type":"Feature"},{"geometry":{"coordinates":[[[14.325048,46.098323],[14.33311,46.090469],[14.338123,46.086955],[14.35037,46.083415],[14.371919,46.090081],[14.408558,46.082872],[14.430572,46.094189],[14.431034482759,46.09431980777],[14.431034482759,46.104579440202],[14.427936,46.108814],[14.424681,46.115583],[14.42065,46.117444],[14.421115,46.119718],[14.42251,46.123128],[14.426851,46.126539],[14.431034482759,46.127763241336],[14.431034482759,46.187050359712],[14.40789215799,46.187050359712],[14.411348,46.175011],[14.414294,46.170541],[14.39383,46.160335],[14.384166,46.158165],[14.382306,46.155426],[14.3775,46.150207],[14.369128,46.147184],[14.357346,46.145349],[14.337813,46.1346],[14.33094,46.126901],[14.327839,46.118632],[14.33063,46.113361],[14.325048,46.098323]]],"type":"Polygon"},"id":398,"properties":{"parentKey":"SVN:1159310731","sourceCountryId":"SVN","syntheticOperational":true,"territoryId":"territory:catalog:9ab459e17958bbeddea3aba76d09fcb8b09d5524a58fa495f1a41a551961db65"},"type":"Feature"},{"geometry":{"coordinates":[[[15.121660937136,46.294964028777],[15.22613,46.294964028777],[15.22613,46.31738],[15.19652,46.327663],[15.181637,46.325235],[15.158486,46.336087],[15.146084,46.335803],[15.138022,46.332831],[15.131201,46.327663],[15.122829,46.316966],[15.121660937136,46.294964028777]]],"type":"Polygon"},"id":399,"properties":{"parentKey":"SVN:1159308601","sourceCountryId":"SVN","syntheticOperational":true,"territoryId":"territory:catalog:11b87e65d987bbc032ec600c01914320db782132af3def001e48abb3b9f30e21"},"type":"Feature"},{"geometry":{"coordinates":[[[13.504708579646,45.971223021583],[13.509439,45.967428],[13.539411,45.96903],[13.545958793886,45.971223021583],[13.504708579646,45.971223021583]]],"type":"Polygon"},"id":400,"properties":{"parentKey":"SVN:1159310857","sourceCountryId":"SVN","syntheticOperational":true,"territoryId":"territory:catalog:afe2004bc52932ad9b0c6ef9c410b9fba8fac8ecb1c5aaeb2188db8183cdb419"},"type":"Feature"},{"geometry":{"coordinates":[[[13.810344827586,45.971223021583],[13.81936256945,45.971223021583],[13.844044,45.983705],[13.844044,45.99342],[13.852261,46.00205],[13.865903,46.006985],[13.838308,46.019207],[13.830815,46.025201],[13.820428,46.036002],[13.811281,46.050006],[13.810344827586,46.05338253505],[13.810344827586,45.971223021583]]],"type":"Polygon"},"id":401,"properties":{"parentKey":"SVN:1159308681","sourceCountryId":"SVN","syntheticOperational":true,"territoryId":"territory:catalog:5158f6576081525dbe4f58afb2110bac8ccd212f5509e4b8b5f51806569203ce"},"type":"Feature"},{"geometry":{"coordinates":[[[14.496201,45.862162],[14.497131,45.851827],[14.505089,45.840768],[14.529584,45.812915],[14.536082474227,45.808627917719],[14.536082474227,45.863309352518],[14.49648325068,45.863309352518],[14.496201,45.862162]]],"type":"Polygon"},"id":402,"properties":{"parentKey":"SVN:1159310803","sourceCountryId":"SVN","syntheticOperational":true,"territoryId":"territory:catalog:6dc6f290cb547cb479ab2a426fbe0934ac144318394aa8b3b661604fc7f60bb1"},"type":"Feature"},{"geometry":{"coordinates":[[[15.073633,45.601946],[15.079989,45.589879],[15.079059,45.583988],[15.08371,45.574738],[15.083555,45.563576],[15.088981,45.558511],[15.089820359281,45.557942138631],[15.089820359281,45.598155485927],[15.073633,45.601946]]],"type":"Polygon"},"id":403,"properties":{"parentKey":"SVN:1159310681","sourceCountryId":"SVN","syntheticOperational":true,"territoryId":"territory:catalog:dfe41572ecfa5b427a71625ecc69a781cfaef30c107ade9de94726daed3296c7"},"type":"Feature"},{"geometry":{"coordinates":[[[15.161086300568,45.971223021583],[15.166082,45.964326],[15.180707,45.951356],[15.203651,45.937351],[15.238584,45.924355],[15.238119,45.932132],[15.255173,45.93854],[15.257033,45.941589],[15.257343,45.943914],[15.259668,45.944999],[15.266025,45.944767],[15.279357,45.936163],[15.284008,45.935749],[15.286644,45.9404],[15.285093,45.945465],[15.285403,45.949082],[15.286488,45.951821],[15.289641,45.953836],[15.295687,45.956058],[15.309278350515,45.956747287431],[15.309278350515,45.971223021583],[15.206896551724,45.971223021583],[15.161086300568,45.971223021583]]],"type":"Polygon"},"id":404,"properties":{"parentKey":"SVN:1159310777","sourceCountryId":"SVN","syntheticOperational":true,"territoryId":"territory:catalog:ab8b5a81d98834a24581a4512be6fb90cddb64dbc1e3cc60bf10a5ba68232b29"},"type":"Feature"},{"geometry":{"coordinates":[[[13.60824742268,45.798954464095],[13.609174,45.798601],[13.643591,45.795655],[13.660334,45.792038],[13.699908,45.770524],[13.705758,45.779738],[13.725809,45.789763],[13.731855,45.79134],[13.753094,45.790875],[13.762886597938,45.791730790813],[13.762886597938,45.844388174003],[13.762395,45.844489],[13.713565749056,45.863309352518],[13.708914396936,45.863309352518],[13.706378,45.846427],[13.700642,45.842887],[13.693976,45.836298],[13.682039,45.831673],[13.670101,45.822604],[13.648966,45.820046],[13.60824742268,45.82085897012],[13.60824742268,45.798954464095]]],"type":"Polygon"},"id":405,"properties":{"parentKey":"SVN:1159310869","sourceCountryId":"SVN","syntheticOperational":true,"territoryId":"territory:catalog:642e11b684d6acfe90282a549ebe24a0e59bcaf63d47fae4f19c071d7fdbc58c"},"type":"Feature"},{"geometry":{"coordinates":[[[15.24379811805,45.692250949947],[15.250987,45.681295],[15.264629,45.673026],[15.274551,45.663208],[15.284318,45.650134],[15.284012062392,45.647482014388],[15.36926247433,45.647482014388],[15.368291,45.649049],[15.351962,45.668066],[15.350034,45.669619],[15.333875,45.682639],[15.330774,45.684551],[15.327054,45.683156],[15.314961,45.680882],[15.310414,45.678195],[15.30907,45.674164],[15.304936,45.672149],[15.291914,45.675559],[15.283025,45.680107],[15.277754,45.685016],[15.267832,45.698452],[15.258221,45.705118],[15.250883,45.70765],[15.248919,45.711836],[15.249913,45.713732],[15.249023,45.713282],[15.24379811805,45.710643656104],[15.24379811805,45.692250949947]]],"type":"Polygon"},"id":406,"properties":{"parentKey":"SVN:1159310735","sourceCountryId":"SVN","syntheticOperational":true,"territoryId":"territory:catalog:e37c113e79a0b2195c5ddd6a189184393f3daf90c00f013e4e8d184b266ab4e7"},"type":"Feature"},{"geometry":{"coordinates":[[[15.206896551724,46.079136690647],[15.269935752049,46.079136690647],[15.268815,46.079642],[15.253932,46.083337],[15.206896551724,46.083674592836],[15.206896551724,46.079136690647]]],"type":"Polygon"},"id":407,"properties":{"parentKey":"SVN:1159310777","sourceCountryId":"SVN","syntheticOperational":true,"territoryId":"territory:catalog:8c6552638236c3eea9b52fd94a76f9bce745e339a45d406a96f5d09370944ef9"},"type":"Feature"},{"geometry":{"coordinates":[[[15.325803649001,46.617335967229],[15.32824945652,46.618705035971],[15.325803649001,46.618705035971],[15.325803649001,46.617335967229]]],"type":"Polygon"},"id":408,"properties":{"parentKey":"SVN:1159310761","sourceCountryId":"SVN","syntheticOperational":true,"territoryId":"territory:catalog:c639f69743315f96372df180a39f167cf7845e62583b6a2412138ea7708f33cb"},"type":"Feature"},{"geometry":{"coordinates":[[[13.905699332947,46.402877697842],[13.918331885317,46.402877697842],[13.918331885317,46.407682987668],[13.918045,46.407504],[13.905699332947,46.402877697842]]],"type":"Polygon"},"id":409,"properties":{"parentKey":"SVN:1159310821","sourceCountryId":"SVN","syntheticOperational":true,"territoryId":"territory:catalog:248d14dd52785abc03422b4c445f25c21a72d053022183d9b65b7a26f05909df"},"type":"Feature"},{"geometry":{"coordinates":[[[14.791210344874,46.510791366906],[14.836310952272,46.510791366906],[14.831374,46.513544],[14.812926,46.517213],[14.796663,46.519401],[14.791210344874,46.510791366906]]],"type":"Polygon"},"id":410,"properties":{"parentKey":"SVN:1159310679","sourceCountryId":"SVN","syntheticOperational":true,"territoryId":"territory:catalog:415a540c46fc8452ba178e07bb0352fd461b61f04c3aa88960881b21781e48f0"},"type":"Feature"},{"geometry":{"coordinates":[[[15.216364,46.19824],[15.218224,46.193098],[15.221635,46.192478],[15.229076,46.191961],[15.248506,46.197491],[15.257343,46.197129],[15.264629,46.193822],[15.272727272727,46.192741320566],[15.272727272727,46.294964028777],[15.22613,46.294964028777],[15.22613,46.285366],[15.222565,46.281051],[15.219154,46.274023],[15.218069,46.270199],[15.220704,46.263404],[15.220549,46.262164],[15.218999,46.259993],[15.219619,46.256195],[15.22272,46.243844],[15.22396,46.23617],[15.216364,46.19824]]],"type":"Polygon"},"id":411,"properties":{"parentKey":"SVN:1159310671","sourceCountryId":"SVN","syntheticOperational":true,"territoryId":"territory:catalog:25c48afcfccad2cab329199a62a6e3cca82f445895d4d1dc8aeff8df7622f3fd"},"type":"Feature"},{"geometry":{"coordinates":[[[16.121655452031,46.618705035971],[16.160802,46.605889],[16.182609,46.615269],[16.185813888681,46.618705035971],[16.178010471204,46.618705035971],[16.121655452031,46.618705035971]]],"type":"Polygon"},"id":412,"properties":{"parentKey":"SVN:1159310897","sourceCountryId":"SVN","syntheticOperational":true,"territoryId":"territory:catalog:9204e765771e919c4f6693c127a8e62e9a3a5914e0724e3397b319f7ff0872e6"},"type":"Feature"},{"geometry":{"coordinates":[[[14.072164948454,45.863309352518],[14.11647775275,45.863309352518],[14.125991,45.868803],[14.120875,45.87875],[14.072164948454,45.885874694219],[14.072164948454,45.863309352518]]],"type":"Polygon"},"id":413,"properties":{"parentKey":"SVN:1159310851","sourceCountryId":"SVN","syntheticOperational":true,"territoryId":"territory:catalog:dc2cd7f70b2c3d30d967ec72954975d2ddafa633f2bc03dd62bd2e03272b4609"},"type":"Feature"},{"geometry":{"coordinates":[[[14.062532,45.686462],[14.064548,45.679693],[14.068578,45.673595],[14.069198,45.659694],[14.072764,45.653028],[14.076498798261,45.647482014388],[14.165953806672,45.647482014388],[14.165953806672,45.705937353174],[14.149865,45.703671],[14.133897,45.703619],[14.117154,45.706771],[14.093383,45.71429],[14.083151,45.706513],[14.071679,45.702689],[14.064703,45.693542],[14.062532,45.686462]]],"type":"Polygon"},"id":414,"properties":{"parentKey":"SVN:1159310753","sourceCountryId":"SVN","syntheticOperational":true,"territoryId":"territory:catalog:7f48326112e2ba6e21e36ae9997f621fdc582df66f92ee45cc7192a97b24fd05"},"type":"Feature"},{"geometry":{"coordinates":[[[14.956328,46.459852],[14.999891,46.446829],[15.01303214596,46.443836228951],[15.01303214596,46.510791366906],[15.000697165214,46.510791366906],[14.998496,46.505792],[14.991984,46.498687],[14.986713,46.49587],[14.96563,46.489462],[14.956328,46.459852]]],"type":"Polygon"},"id":415,"properties":{"parentKey":"SVN:1159310785","sourceCountryId":"SVN","syntheticOperational":true,"territoryId":"territory:catalog:459636cb57f325d7a822980f956456565a897184a8405af370ab0541126347fa"},"type":"Feature"},{"geometry":{"coordinates":[[[14.639913,46.366369],[14.646734,46.333865],[14.649350649351,46.331316301334],[14.649350649351,46.365797730011],[14.639913,46.366369]]],"type":"Polygon"},"id":416,"properties":{"parentKey":"SVN:1159308571","sourceCountryId":"SVN","syntheticOperational":true,"territoryId":"territory:catalog:d7b001e9f1d3063da9ea8b435238c027da53bc2051f75cea6ebcc6b640b6f20c"},"type":"Feature"},{"geometry":{"coordinates":[[[15.288711,46.170076],[15.290054,46.167441],[15.293827,46.165451],[15.312275,46.1662],[15.362068965517,46.180942353156],[15.362068965517,46.187050359712],[15.301852524032,46.187050359712],[15.302973,46.182194],[15.301423,46.179145],[15.298787,46.175941],[15.295067,46.173564],[15.290881,46.172066],[15.288711,46.170076]]],"type":"Polygon"},"id":417,"properties":{"parentKey":"SVN:1159310797","sourceCountryId":"SVN","syntheticOperational":true,"territoryId":"territory:catalog:b23d64a38a79dbe7dd34506c612543dad0ad9d35b7b019b0e0e328255afc9583"},"type":"Feature"},{"geometry":{"coordinates":[[[15.409892,46.402877697842],[15.428571428571,46.402877697842],[15.455911491021,46.402877697842],[15.45454,46.405488],[15.451285,46.4097],[15.440743,46.418821],[15.422759,46.424608],[15.416558,46.417451],[15.414698,46.412361],[15.412372,46.407659],[15.409892,46.405488],[15.409892,46.402877697842]]],"type":"Polygon"},"id":418,"properties":{"parentKey":"SVN:1159308607","sourceCountryId":"SVN","syntheticOperational":true,"territoryId":"territory:catalog:a3eedd2cdc6313056d0a3cf7bde41c401e2fccef92ab4d08b480570f39aab5c7"},"type":"Feature"},{"geometry":{"coordinates":[[[14.199650107861,46.402877697842],[14.231103388358,46.402877697842],[14.231103388358,46.423612500937],[14.223143,46.421766],[14.214564,46.416986],[14.200147,46.403835],[14.199650107861,46.402877697842]]],"type":"Polygon"},"id":419,"properties":{"parentKey":"SVN:1159310839","sourceCountryId":"SVN","syntheticOperational":true,"territoryId":"territory:catalog:fce01248852b5969140618420a4eb8bc74b45c24b860196df0c8ae5bdd5f40c8"},"type":"Feature"},{"geometry":{"coordinates":[[[15.368447,46.072124],[15.418418,46.063313],[15.492574,46.067679],[15.489123624065,46.079136690647],[15.373730132758,46.079136690647],[15.368447,46.072124]]],"type":"Polygon"},"id":420,"properties":{"parentKey":"SVN:1159308593","sourceCountryId":"SVN","syntheticOperational":true,"territoryId":"territory:catalog:b2fd9e97843a70379cc07b1de80ea861b86dfe49a7f69eda6d56bb13b766a47f"},"type":"Feature"},{"geometry":{"coordinates":[[[15.045056,46.193305],[15.067869345695,46.187050359712],[15.108056436184,46.187050359712],[15.110995,46.18731],[15.116883116883,46.187769769247],[15.116883116883,46.246250710723],[15.104019,46.255006],[15.095027,46.257668],[15.066605,46.230512],[15.051102,46.226093],[15.052498,46.21134],[15.051567,46.207567],[15.045056,46.193305]]],"type":"Polygon"},"id":421,"properties":{"parentKey":"SVN:1159308645","sourceCountryId":"SVN","syntheticOperational":true,"territoryId":"territory:catalog:ebb1a3655746ad98dd3a014ff60f66ffec58d1165d3fd3c4ba1422426be0525e"},"type":"Feature"},{"geometry":{"coordinates":[[[14.898676961401,46.187050359712],[14.961038961039,46.187050359712],[14.961038961039,46.196054592819],[14.937363,46.191858],[14.930076,46.193666],[14.915348,46.201366],[14.910077,46.210539],[14.898915,46.208678],[14.901706,46.190979],[14.898676961401,46.187050359712]]],"type":"Polygon"},"id":422,"properties":{"parentKey":"SVN:1159310815","sourceCountryId":"SVN","syntheticOperational":true,"territoryId":"territory:catalog:6b20a3cb530ae8b4392d5dac770bba640b3a205ff85e226196dec7741f724ae0"},"type":"Feature"},{"geometry":{"coordinates":[[[13.965517241379,46.182296814499],[13.974690965535,46.187050359712],[13.965517241379,46.187050359712],[13.965517241379,46.182296814499]]],"type":"Polygon"},"id":423,"properties":{"parentKey":"SVN:1159310843","sourceCountryId":"SVN","syntheticOperational":true,"territoryId":"territory:catalog:87bd536d979ab35aeaabd3cb1776540009d303370ac637573d336adc876b7bce"},"type":"Feature"},{"geometry":{"coordinates":[[[16.335078534031,46.626726928305],[16.344095354271,46.618705035971],[16.351271294778,46.618705035971],[16.366991,46.634234],[16.371952,46.636223],[16.372246,46.636341],[16.368437,46.642994],[16.377636,46.652864],[16.396652,46.659143],[16.402607,46.663109],[16.401873,46.663199],[16.392571,46.664335],[16.373192,46.67002],[16.36389,46.674852],[16.356242,46.684696],[16.351707,46.685921],[16.340739,46.688882],[16.335078534031,46.684434304731],[16.335078534031,46.626726928305]]],"type":"Polygon"},"id":424,"properties":{"parentKey":"SVN:1159309551","sourceCountryId":"SVN","syntheticOperational":true,"territoryId":"territory:catalog:5e0d369e1c46a8de2e4769d3d431f721be8666faf2d781c1a93880454f5f1b1e"},"type":"Feature"},{"geometry":{"coordinates":[[[14.025974025974,46.327888756525],[14.028374,46.326268],[14.033955,46.321333],[14.043567,46.315235],[14.057881,46.312109],[14.065788,46.312936],[14.074159,46.314744],[14.08005,46.316631],[14.086717,46.31601],[14.091523,46.310662],[14.097259,46.300947],[14.1016,46.298931],[14.111108,46.306709],[14.116224,46.318207],[14.129091,46.325958],[14.132502,46.330041],[14.136068,46.336552],[14.150796,46.34681],[14.152191,46.351848],[14.149245,46.356964],[14.142734,46.366059],[14.137463,46.372157],[14.120875,46.392724],[14.12589571138,46.402877697842],[14.074717636838,46.402877697842],[14.025974025974,46.402877697842],[14.025974025974,46.327888756525]]],"type":"Polygon"},"id":425,"properties":{"parentKey":"SVN:1159310821","sourceCountryId":"SVN","syntheticOperational":true,"territoryId":"territory:catalog:7846143db67c37b9dd72151d186161160370d02c7951d291d90e610edcb6627b"},"type":"Feature"},{"geometry":{"coordinates":[[[13.857998289136,45.649843760974],[13.858409,45.649359],[13.860864661921,45.647482014388],[13.939746642085,45.647482014388],[13.943676,45.661141],[13.936493,45.670391],[13.962435,45.698115],[13.967861,45.705273],[13.96507,45.714109],[13.959644,45.722093],[13.955614,45.733281],[13.956699,45.739973],[13.96445,45.74434],[13.975612,45.748474],[13.981582244986,45.755395683453],[13.917525773196,45.755395683453],[13.857998289136,45.755395683453],[13.857998289136,45.649843760974]]],"type":"Polygon"},"id":426,"properties":{"parentKey":"SVN:1159310879","sourceCountryId":"SVN","syntheticOperational":true,"territoryId":"territory:catalog:25ba2fb39b3a5b36cf95d63914e380cb02411d29eb287db4674b15a49183272e"},"type":"Feature"},{"geometry":{"coordinates":[[[15.951346655083,46.452626080577],[15.953114,46.450963],[15.977196,46.446313],[15.996729,46.458663],[16.004016,46.466621],[16.008357,46.473753],[16.020966,46.490703],[16.014093,46.507549],[16.019503002107,46.510791366906],[15.961976158183,46.510791366906],[15.954665,46.506102],[15.951346655083,46.503202664234],[15.951346655083,46.452626080577]]],"type":"Polygon"},"id":427,"properties":{"parentKey":"SVN:1159310891","sourceCountryId":"SVN","syntheticOperational":true,"territoryId":"territory:catalog:acdb739b4f580fcb0d7f820b76a06bc77d76999e0606818fa5a096016565b777"},"type":"Feature"},{"geometry":{"coordinates":[[[15.430309929252,46.510791366906],[15.482189400521,46.510791366906],[15.482189400521,46.53460073739],[15.458106,46.538607],[15.459656,46.550027],[15.449889,46.541914],[15.45082,46.537754],[15.449114,46.531553],[15.440588,46.518479],[15.430309929252,46.510791366906]]],"type":"Polygon"},"id":428,"properties":{"parentKey":"SVN:1159308591","sourceCountryId":"SVN","syntheticOperational":true,"territoryId":"territory:catalog:6792000c441e71ae52d46f4e2f23152dfd043faf2118d8b15983b02c01700159"},"type":"Feature"},{"geometry":{"coordinates":[[[14.220898943359,45.863309352518],[14.222006,45.862834],[14.226804123711,45.861361360896],[14.226804123711,45.863309352518],[14.220898943359,45.863309352518]]],"type":"Polygon"},"id":429,"properties":{"parentKey":"SVN:1159310723","sourceCountryId":"SVN","syntheticOperational":true,"territoryId":"territory:catalog:6c58e0be113dc8e895f8a2fee8e5acf21021582d568f77f08e3ae665976edbee"},"type":"Feature"},{"geometry":{"coordinates":[[[15.924124,46.534369],[15.930325,46.529822],[15.932341,46.527341],[15.933736,46.52269],[15.934201,46.518918],[15.931142896076,46.510791366906],[15.951346655083,46.510791366906],[15.951346655083,46.533161883369],[15.947533,46.533413],[15.945208,46.535868],[15.928465,46.541914],[15.924124,46.534369]]],"type":"Polygon"},"id":430,"properties":{"parentKey":"SVN:1159308697","sourceCountryId":"SVN","syntheticOperational":true,"territoryId":"territory:catalog:da188e76fe1d51c6b2f7b8076b1d5fdfff17fd5dea12f96fd046dd06084d1f2b"},"type":"Feature"},{"geometry":{"coordinates":[[[16.264118158123,46.572412825916],[16.265964,46.569147],[16.279451,46.576511],[16.287048,46.578191],[16.299812,46.589456],[16.300535,46.597337],[16.274025,46.598448],[16.266274,46.592919],[16.264118158123,46.591045240175],[16.264118158123,46.572412825916]]],"type":"Polygon"},"id":431,"properties":{"parentKey":"SVN:1159310899","sourceCountryId":"SVN","syntheticOperational":true,"territoryId":"territory:catalog:9aeb3927a696cac427fc9bac4c186e712aace899f5a1ce927a300881d6168c01"},"type":"Feature"},{"geometry":{"coordinates":[[[14.074717636838,46.41343520899],[14.081911,46.409209],[14.096639,46.40461],[14.1016,46.403576],[14.127851,46.406832],[14.129401,46.425125],[14.137773,46.434117],[14.140874,46.436391],[14.147933,46.440425],[14.137255,46.442438],[14.081032,46.47595],[14.074717636838,46.4781398282],[14.074717636838,46.41343520899]]],"type":"Polygon"},"id":432,"properties":{"parentKey":"SVN:1159308677","sourceCountryId":"SVN","syntheticOperational":true,"territoryId":"territory:catalog:47928853a876390910fa713fb3fbef622b208102ebbe934b6459edbc845b0a43"},"type":"Feature"},{"geometry":{"coordinates":[[[14.776577250345,45.647482014388],[14.781864841745,45.647482014388],[14.781864841745,45.654389411452],[14.777837,45.648687],[14.776577250345,45.647482014388]]],"type":"Polygon"},"id":433,"properties":{"parentKey":"SVN:1159308563","sourceCountryId":"SVN","syntheticOperational":true,"territoryId":"territory:catalog:d55520a75483175002328be58600c441f146f140baf5cf825762f1415858a311"},"type":"Feature"},{"geometry":{"coordinates":[[[14.591647,45.928747],[14.600949,45.908878],[14.62162,45.894563],[14.62596,45.886243],[14.640223,45.874771],[14.659757,45.883298],[14.664563,45.888672],[14.671694,45.890119],[14.678102,45.888724],[14.684768,45.885778],[14.690721649485,45.884323793282],[14.690721649485,45.971223021583],[14.59396530092,45.971223021583],[14.594748,45.968848],[14.595368,45.960347],[14.591647,45.928747]]],"type":"Polygon"},"id":434,"properties":{"parentKey":"SVN:1159310693","sourceCountryId":"SVN","syntheticOperational":true,"territoryId":"territory:catalog:5f972dd577d92b4c77eeff4d3245aae4b882bb80603a0711ad908567ab014ca7"},"type":"Feature"},{"geometry":{"coordinates":[[[14.620741812283,46.079136690647],[14.633092,46.076878],[14.657431,46.077911],[14.662777857179,46.079136690647],[14.620741812283,46.079136690647]]],"type":"Polygon"},"id":435,"properties":{"parentKey":"SVN:1159310683","sourceCountryId":"SVN","syntheticOperational":true,"territoryId":"territory:catalog:c12208216bd365c913f777ccce53e6abf8e10cab564c635295d9bcb2dcd4ec5a"},"type":"Feature"},{"geometry":{"coordinates":[[[15.116883116883,46.285439356293],[15.118437,46.287511],[15.121589,46.293609],[15.121660937136,46.294964028777],[15.116883116883,46.294964028777],[15.116883116883,46.285439356293]]],"type":"Polygon"},"id":436,"properties":{"parentKey":"SVN:1159308647","sourceCountryId":"SVN","syntheticOperational":true,"territoryId":"territory:catalog:dea9f1fb16ee288ec3d353b51a403ece4f3382d21909f5108b703dcbb75c87fb"},"type":"Feature"},{"geometry":{"coordinates":[[[14.111108,46.306709],[14.159632,46.302936],[14.164903,46.304306],[14.171621,46.304978],[14.175187,46.303789],[14.180148,46.298776],[14.17986517801,46.294964028777],[14.181818181818,46.294964028777],[14.181818181818,46.382599829831],[14.180148,46.381769],[14.168676,46.381045],[14.159322,46.381717],[14.137463,46.372157],[14.142734,46.366059],[14.149245,46.356964],[14.152191,46.351848],[14.150796,46.34681],[14.136068,46.336552],[14.132502,46.330041],[14.129091,46.325958],[14.116224,46.318207],[14.111108,46.306709]]],"type":"Polygon"},"id":437,"properties":{"parentKey":"SVN:1159310839","sourceCountryId":"SVN","syntheticOperational":true,"territoryId":"territory:catalog:227832f8cd6aaef8ac3ae43978f4599fbd10a7ac4a23f9a6a9c047f4320ff59b"},"type":"Feature"},{"geometry":{"coordinates":[[[16.107732406603,46.402877697842],[16.207792207792,46.402877697842],[16.253465196966,46.402877697842],[16.250925,46.404998],[16.248238,46.413344],[16.250098,46.429441],[16.249375,46.437528],[16.237489,46.465072],[16.233665,46.47874],[16.234188,46.484892],[16.233666,46.484708],[16.23103,46.483778],[16.227,46.481246],[16.224364,46.477861],[16.221884,46.475406],[16.216768,46.474554],[16.210411,46.476182],[16.206536,46.473443],[16.2039,46.472926],[16.201885,46.473469],[16.191653,46.483985],[16.183385,46.489385],[16.170672,46.495741],[16.155634,46.493235],[16.152534,46.489617],[16.147728,46.488481],[16.136566,46.48923],[16.113725,46.495896],[16.107732406603,46.496638314047],[16.107732406603,46.402877697842]]],"type":"Polygon"},"id":438,"properties":{"parentKey":"SVN:1159310901","sourceCountryId":"SVN","syntheticOperational":true,"territoryId":"territory:catalog:2ceaaed0c1f6c1ecef528974e6c8468366856d0e377daeecf4be73d75bd06014"},"type":"Feature"},{"geometry":{"coordinates":[[[15.51724137931,46.159459023104],[15.526422,46.160128],[15.532003,46.16142],[15.545491,46.155168],[15.567505,46.164728],[15.578719,46.179223],[15.589526990279,46.187050359712],[15.584415584416,46.187050359712],[15.51724137931,46.187050359712],[15.51724137931,46.159459023104]]],"type":"Polygon"},"id":439,"properties":{"parentKey":"SVN:1159310789","sourceCountryId":"SVN","syntheticOperational":true,"territoryId":"territory:catalog:a91ba7c58ba070d495de524c9246fc87238618b6efad8ff3f1a3634775205630"},"type":"Feature"},{"geometry":{"coordinates":[[[15.191815856778,45.431654676259],[15.207450425621,45.431654676259],[15.225849,45.43645],[15.281578,45.450974],[15.314031,45.450509],[15.325193,45.452834],[15.333875,45.458518],[15.3452685422,45.469747138739],[15.3452685422,45.489667156795],[15.311034,45.505906],[15.296668,45.522959],[15.290469002639,45.539568345324],[15.24379811805,45.539568345324],[15.191815856778,45.539568345324],[15.191815856778,45.431654676259]]],"type":"Polygon"},"id":440,"properties":{"parentKey":"SVN:1159310681","sourceCountryId":"SVN","syntheticOperational":true,"territoryId":"territory:catalog:1e4bddb2c13ac43107e141617763ae8e822814b19b0fd044b181b0989ea65e13"},"type":"Feature"},{"geometry":{"coordinates":[[[14.025974025974,46.294964028777],[14.17986517801,46.294964028777],[14.180148,46.298776],[14.175187,46.303789],[14.171621,46.304978],[14.164903,46.304306],[14.159632,46.302936],[14.111108,46.306709],[14.1016,46.298931],[14.097259,46.300947],[14.091523,46.310662],[14.086717,46.31601],[14.08005,46.316631],[14.074159,46.314744],[14.065788,46.312936],[14.057881,46.312109],[14.043567,46.315235],[14.033955,46.321333],[14.028374,46.326268],[14.025974025974,46.327888756525],[14.025974025974,46.294964028777]]],"type":"Polygon"},"id":441,"properties":{"parentKey":"SVN:1159310823","sourceCountryId":"SVN","syntheticOperational":true,"territoryId":"territory:catalog:8a95f94241a0cfe3c81b9e95bc7ecb966061f91b7ad43181974459d75c02447f"},"type":"Feature"},{"geometry":{"coordinates":[[[15.5658,46.273662],[15.584415584416,46.238684198918],[15.584415584416,46.283326186598],[15.577013,46.281775],[15.571381,46.279165],[15.5658,46.273662]]],"type":"Polygon"},"id":442,"properties":{"parentKey":"SVN:1159310765","sourceCountryId":"SVN","syntheticOperational":true,"territoryId":"territory:catalog:6588133a616b0f4beafa318db8e364fb29317f2c80da13f591f8f1c2a676fc1a"},"type":"Feature"},{"geometry":{"coordinates":[[[15.428571428571,46.187050359712],[15.468777751232,46.187050359712],[15.458313,46.198395],[15.450044,46.213097],[15.447099,46.221468],[15.447874,46.226093],[15.450354,46.228496],[15.458726,46.234749],[15.476296,46.243483],[15.487768,46.247255],[15.502806,46.254257],[15.51495,46.265006],[15.520996,46.268856],[15.524097,46.272137],[15.529988,46.276633],[15.511953,46.282886],[15.506062,46.280793],[15.500015,46.280069],[15.429107204579,46.294964028777],[15.428571428571,46.294964028777],[15.428571428571,46.187050359712]]],"type":"Polygon"},"id":443,"properties":{"parentKey":"SVN:1159308593","sourceCountryId":"SVN","syntheticOperational":true,"territoryId":"territory:catalog:83f14b940d2ef0cfccee5639ddff7e2ddcae57e50d43eb6092d99280955dfab1"},"type":"Feature"},{"geometry":{"coordinates":[[[14.161958,46.179378],[14.173481,46.178293],[14.185884,46.180076],[14.204332,46.180851],[14.213014,46.179197],[14.21906,46.175166],[14.222832,46.170826],[14.214564,46.159147],[14.208363,46.155168],[14.203557,46.148966],[14.201077,46.144212],[14.200457,46.141008],[14.204797,46.137985],[14.206348,46.134704],[14.206968,46.130053],[14.203092,46.125454],[14.199991,46.119976],[14.199836,46.111088],[14.200767,46.102509],[14.208053,46.097135],[14.211154,46.088143],[14.231979,46.0999],[14.267326,46.106488],[14.275862068966,46.105280540052],[14.275862068966,46.187050359712],[14.181818181818,46.187050359712],[14.16837603418,46.187050359712],[14.161958,46.179378]]],"type":"Polygon"},"id":444,"properties":{"parentKey":"SVN:1159310841","sourceCountryId":"SVN","syntheticOperational":true,"territoryId":"territory:catalog:6381e719df171e0a3c518de88b91ef94cbcc90918a0bba1bc7a075cf2b351bcd"},"type":"Feature"},{"geometry":{"coordinates":[[[15.238119,45.932132],[15.238584,45.924355],[15.268505,45.906914],[15.277652,45.903839],[15.288504,45.898517],[15.298167,45.890455],[15.303128,45.885313],[15.306074,45.881231],[15.301733,45.874875],[15.303748,45.864462],[15.309278350515,45.866666403947],[15.309278350515,45.956747287431],[15.295687,45.956058],[15.289641,45.953836],[15.286488,45.951821],[15.285403,45.949082],[15.285093,45.945465],[15.286644,45.9404],[15.284008,45.935749],[15.279357,45.936163],[15.266025,45.944767],[15.259668,45.944999],[15.257343,45.943914],[15.257033,45.941589],[15.255173,45.93854],[15.238119,45.932132]]],"type":"Polygon"},"id":445,"properties":{"parentKey":"SVN:1159310779","sourceCountryId":"SVN","syntheticOperational":true,"territoryId":"territory:catalog:cd3aac7c66feaa7ef16c886a01f483ac7ac2aa1e100bc12bfc52db27147fec7b"},"type":"Feature"},{"geometry":{"coordinates":[[[15.951346655083,46.510791366906],[15.961976158183,46.510791366906],[15.962158,46.510908],[15.97146,46.513931],[15.983242,46.519254],[16.007426,46.524396],[15.986652,46.546668],[15.959161,46.533439],[15.9542,46.532974],[15.951346655083,46.533161883369],[15.951346655083,46.510791366906]]],"type":"Polygon"},"id":446,"properties":{"parentKey":"SVN:1159308697","sourceCountryId":"SVN","syntheticOperational":true,"territoryId":"territory:catalog:16d1a95cef1fb194fbd2544d2dad79428dee9bf42eb070be012906c85b038fbf"},"type":"Feature"},{"geometry":{"coordinates":[[[15.16941789748,46.475059775929],[15.186133,46.491865],[15.195686129166,46.510791366906],[15.16941789748,46.510791366906],[15.16941789748,46.475059775929]]],"type":"Polygon"},"id":447,"properties":{"parentKey":"SVN:1159310785","sourceCountryId":"SVN","syntheticOperational":true,"territoryId":"territory:catalog:bf6b5049449aa22500b76f77d51d45700b22911f6de5ff783d47d6ba4b6991fb"},"type":"Feature"},{"geometry":{"coordinates":[[[13.89510692287,45.971223021583],[13.900992,45.969132],[13.917525773196,45.955807242694],[13.917525773196,45.971223021583],[13.89510692287,45.971223021583]]],"type":"Polygon"},"id":448,"properties":{"parentKey":"SVN:1159310829","sourceCountryId":"SVN","syntheticOperational":true,"territoryId":"territory:catalog:d776f99d91d3d660bfe9e800521f4e2c5609cf9cedb24c05d2d1466fddbc0bc7"},"type":"Feature"},{"geometry":{"coordinates":[[[14.478372,45.747854],[14.50819,45.731111],[14.525243,45.728914],[14.529584,45.730232],[14.53749,45.734418],[14.550048,45.738268],[14.555629,45.734676],[14.576144,45.735322],[14.569788,45.752143],[14.569719293822,45.755395683453],[14.536082474227,45.755395683453],[14.491917266729,45.755395683453],[14.478372,45.747854]]],"type":"Polygon"},"id":449,"properties":{"parentKey":"SVN:1159308667","sourceCountryId":"SVN","syntheticOperational":true,"territoryId":"territory:catalog:5ca316c316ef1c3f5d0c3ba41a42109810fd5d6931f63132a945ba0aeafaff4b"},"type":"Feature"},{"geometry":{"coordinates":[[[14.120689655172,46.079136690647],[14.210487547836,46.079136690647],[14.211154,46.088143],[14.208053,46.097135],[14.200767,46.102509],[14.199836,46.111088],[14.199991,46.119976],[14.203092,46.125454],[14.206968,46.130053],[14.206348,46.134704],[14.204797,46.137985],[14.200457,46.141008],[14.201077,46.144212],[14.203557,46.148966],[14.208363,46.155168],[14.214564,46.159147],[14.222832,46.170826],[14.21906,46.175166],[14.213014,46.179197],[14.204332,46.180851],[14.185884,46.180076],[14.173481,46.178293],[14.161958,46.179378],[14.120689655172,46.17358421581],[14.120689655172,46.079136690647]]],"type":"Polygon"},"id":450,"properties":{"parentKey":"SVN:1159310827","sourceCountryId":"SVN","syntheticOperational":true,"territoryId":"territory:catalog:95d9d9a6615a0182f901902e0053c2226570a7079e3aef844c4680a13e58bcac"},"type":"Feature"},{"geometry":{"coordinates":[[[16.105198,46.617207],[16.107732406603,46.613789025166],[16.107732406603,46.618705035971],[16.106347707775,46.618705035971],[16.105198,46.617207]]],"type":"Polygon"},"id":451,"properties":{"parentKey":"SVN:1159308691","sourceCountryId":"SVN","syntheticOperational":true,"territoryId":"territory:catalog:f76d078b6289073ad956930fbb58631a275c08292c5c961a8505f5c211667941"},"type":"Feature"},{"geometry":{"coordinates":[[[14.845360824742,45.798574076388],[14.848944,45.799685],[14.855765,45.807824],[14.856231,45.825058],[14.850339,45.839838],[14.847394,45.845006],[14.847394,45.850923],[14.850494,45.853687],[14.876539,45.857098],[14.876848221018,45.863309352518],[14.845360824742,45.863309352518],[14.845360824742,45.798574076388]]],"type":"Polygon"},"id":452,"properties":{"parentKey":"SVN:1159310703","sourceCountryId":"SVN","syntheticOperational":true,"territoryId":"territory:catalog:6eef5fc912773086486249eee4ad6e16db2dc9afccff7b2cda6bcaf011f43b1f"},"type":"Feature"},{"geometry":{"coordinates":[[[15.301423,46.188912],[15.301852524032,46.187050359712],[15.362068965517,46.187050359712],[15.363506151885,46.187050359712],[15.364106,46.206689],[15.366432,46.213045],[15.363796,46.21891],[15.361781,46.222373],[15.339405,46.229039],[15.332274,46.229659],[15.327778,46.228496],[15.321732,46.226378],[15.314135,46.222709],[15.308244,46.218264],[15.308244,46.199325],[15.30995,46.19377],[15.301423,46.188912]]],"type":"Polygon"},"id":453,"properties":{"parentKey":"SVN:1159310797","sourceCountryId":"SVN","syntheticOperational":true,"territoryId":"territory:catalog:78b74379d9fc494dc49113eb5e5c007afaf0d9aac0d3c912bd9ccd69f5d0d98d"},"type":"Feature"},{"geometry":{"coordinates":[[[14.011976047904,45.539568345324],[14.098055791631,45.539568345324],[14.102685,45.550398],[14.104855,45.56032],[14.10563,45.565953],[14.099584,45.568666],[14.093693,45.567451],[14.090437,45.57019],[14.089507,45.574686],[14.093693,45.586546],[14.099119,45.594065],[14.10222,45.601455],[14.104545,45.60471],[14.089817,45.614089],[14.07726,45.609878],[14.071989,45.603573],[14.066408,45.600989],[14.059587,45.599594],[14.039691,45.602436],[14.024963,45.611428],[14.011976047904,45.615828526043],[14.011976047904,45.539568345324]]],"type":"Polygon"},"id":454,"properties":{"parentKey":"SVN:1159310861","sourceCountryId":"SVN","syntheticOperational":true,"territoryId":"territory:catalog:286bb9f6ca4638111cb0fac478236db59cf8005f217db52f6ecd22bcb4ff2ea9"},"type":"Feature"},{"geometry":{"coordinates":[[[15.672413793103,46.030158411733],[15.684552,46.039981],[15.692614,46.041583],[15.69288,46.041636],[15.683931,46.051144],[15.672413793103,46.057048976609],[15.672413793103,46.030158411733]]],"type":"Polygon"},"id":455,"properties":{"parentKey":"SVN:1159308669","sourceCountryId":"SVN","syntheticOperational":true,"territoryId":"territory:catalog:bcbb196d9157ea2cc80acb37f2cfcaec044e752f496510dee2d094748c247e20"},"type":"Feature"},{"geometry":{"coordinates":[[[15.392670157068,46.618705035971],[15.441070600967,46.618705035971],[15.441208,46.619584],[15.435472,46.627077],[15.435381,46.627195],[15.417591,46.637955],[15.392670157068,46.644404334114],[15.392670157068,46.618705035971]]],"type":"Polygon"},"id":456,"properties":{"parentKey":"SVN:1159308579","sourceCountryId":"SVN","syntheticOperational":true,"territoryId":"territory:catalog:dff08d209f5105d4e2a2fc1a91c0897db2b0e4970a4908d9e8e181c3779d4023"},"type":"Feature"},{"geometry":{"coordinates":[[[15.324832,46.451248],[15.325803649001,46.45079727269],[15.325803649001,46.454508909545],[15.324832,46.451248]]],"type":"Polygon"},"id":457,"properties":{"parentKey":"SVN:1159310819","sourceCountryId":"SVN","syntheticOperational":true,"territoryId":"territory:catalog:3c84b369cae81d843fa99e47cd877d1969cb6b3eb519a0c8ade2140771af9dad"},"type":"Feature"},{"geometry":{"coordinates":[[[16.014216778603,46.834532374101],[16.020942408377,46.834532374101],[16.054114005566,46.834532374101],[16.052936,46.84606],[16.032024,46.837556],[16.028441,46.836947],[16.014216778603,46.834532374101]]],"type":"Polygon"},"id":458,"properties":{"parentKey":"SVN:1159310661","sourceCountryId":"SVN","syntheticOperational":true,"territoryId":"territory:catalog:0bc58db105a0e6b72d167ef5966dd52c9379f286d8d148795af7a3560b4901fe"},"type":"Feature"},{"geometry":{"coordinates":[[[14.586206896552,46.079136690647],[14.620741812283,46.079136690647],[14.615573,46.080082],[14.595833,46.088402],[14.594283,46.096618],[14.592267,46.105455],[14.586206896552,46.106069092596],[14.586206896552,46.079136690647]]],"type":"Polygon"},"id":459,"properties":{"parentKey":"SVN:1159310719","sourceCountryId":"SVN","syntheticOperational":true,"territoryId":"territory:catalog:fe1000f9ed351dbe7b58b579abe4c42e2514b77726f3862000b7290f2c14f1ff"},"type":"Feature"},{"geometry":{"coordinates":[[[14.493506493506,46.20348866638],[14.500697,46.202865],[14.552528,46.243198],[14.564052,46.247255],[14.566687,46.25002],[14.568548,46.253559],[14.569478,46.257539],[14.569943,46.261466],[14.558626,46.274488],[14.553303,46.278623],[14.550358,46.289371],[14.546382656412,46.294964028777],[14.493506493506,46.294964028777],[14.493506493506,46.20348866638]]],"type":"Polygon"},"id":460,"properties":{"parentKey":"SVN:1159310675","sourceCountryId":"SVN","syntheticOperational":true,"territoryId":"territory:catalog:fd87e0522875660e65888bf8186b0e5d6272be217d3b123972be16dbacaf5fec"},"type":"Feature"},{"geometry":{"coordinates":[[[14.473909324209,45.580391609999],[14.474032,45.580422],[14.480698,45.579854],[14.488139,45.580216],[14.491033,45.579311],[14.491502,45.579165],[14.492273,45.58342],[14.498577,45.596184],[14.507879,45.605848],[14.533097,45.625692],[14.543639,45.63644],[14.550455973488,45.647482014388],[14.473909324209,45.647482014388],[14.473909324209,45.580391609999]]],"type":"Polygon"},"id":461,"properties":{"parentKey":"SVN:1159308569","sourceCountryId":"SVN","syntheticOperational":true,"territoryId":"territory:catalog:e1cbf74edb6626cd8fce9c6cf2800cb0fb71450298a25afb44cddc806080c219"},"type":"Feature"},{"geometry":{"coordinates":[[[13.365261,46.290302],[13.373013,46.280277],[13.378594,46.268391],[13.384692,46.243328],[13.384795,46.243225],[13.384898,46.243122],[13.398127,46.230513],[13.401641,46.216663],[13.402597402597,46.215683350331],[13.402597402597,46.294964028777],[13.376038786215,46.294964028777],[13.365261,46.290302]]],"type":"Polygon"},"id":462,"properties":{"parentKey":"SVN:1159310867","sourceCountryId":"SVN","syntheticOperational":true,"territoryId":"territory:catalog:ac446eddc2eacc3b4a6a2d71e92e7776e97d6a9c10adff844dab5f368c41368c"},"type":"Feature"},{"geometry":{"coordinates":[[[15.672413793103,45.971223021583],[15.675452153134,45.971223021583],[15.675381,45.972486],[15.674216,45.993163],[15.674319,45.993318],[15.681967,46.013523],[15.693646,46.025771],[15.697987,46.036209],[15.69288,46.041636],[15.692614,46.041583],[15.684552,46.039981],[15.672413793103,46.030158411733],[15.672413793103,45.971223021583]]],"type":"Polygon"},"id":463,"properties":{"parentKey":"SVN:1159310665","sourceCountryId":"SVN","syntheticOperational":true,"territoryId":"territory:catalog:f4aff3b124b6ac8ea78de26d36fff2747712f9299c6a1861461cb39be1035b22"},"type":"Feature"},{"geometry":{"coordinates":[[[14.231103388358,46.402877697842],[14.253967934044,46.402877697842],[14.252908,46.413498],[14.23818,46.425254],[14.231103388358,46.423612500937],[14.231103388358,46.402877697842]]],"type":"Polygon"},"id":464,"properties":{"parentKey":"SVN:1159310839","sourceCountryId":"SVN","syntheticOperational":true,"territoryId":"territory:catalog:f407a2b2b49b35d6cc4626e3e9a79404ac207f750919c3f39d7705d0cccc084a"},"type":"Feature"},{"geometry":{"coordinates":[[[16.053367,46.71981],[16.059103,46.709191],[16.066544,46.704333],[16.075123,46.70131],[16.084114,46.699605],[16.092331,46.694928],[16.108299,46.69038],[16.144317,46.691776],[16.151449,46.689967],[16.178010471204,46.697361573402],[16.178010471204,46.702494475212],[16.175633,46.718699],[16.178010471204,46.720656174701],[16.178010471204,46.726618705036],[16.055681108717,46.726618705036],[16.053367,46.71981]]],"type":"Polygon"},"id":465,"properties":{"parentKey":"SVN:1159310657","sourceCountryId":"SVN","syntheticOperational":true,"territoryId":"territory:catalog:93262b11ee991f3ccbfe4cd74e82b166acbcaa2f47b8a72f0a9df0706b4007b1"},"type":"Feature"},{"geometry":{"coordinates":[[[13.797015070936,45.863309352518],[13.797949,45.862601],[13.800739,45.858545],[13.804925,45.856013],[13.820583,45.849708],[13.823219,45.847486],[13.833967,45.835497],[13.857997,45.826505],[13.863733,45.826195],[13.885902,45.82865],[13.891845,45.840665],[13.907503,45.849372],[13.917525773196,45.853736890616],[13.917525773196,45.863309352518],[13.797015070936,45.863309352518]]],"type":"Polygon"},"id":466,"properties":{"parentKey":"SVN:1159310851","sourceCountryId":"SVN","syntheticOperational":true,"territoryId":"territory:catalog:fa12b6d5fb380c3f77c6db2d64c140a786af768a6bbb688d58adcc6cee51bbf1"},"type":"Feature"},{"geometry":{"coordinates":[[[15.065055,46.136512],[15.068362,46.129226],[15.071308,46.126849],[15.077509,46.119201],[15.08092,46.115945],[15.088051,46.113671],[15.097353,46.107367],[15.099058,46.10331],[15.106344,46.093518],[15.12841,46.085973],[15.163447,46.092484],[15.150114,46.096928],[15.146239,46.099254],[15.143448,46.101527],[15.141898,46.104266],[15.142208,46.106385],[15.144998,46.109666],[15.149029,46.110028],[15.153215,46.108581],[15.161121,46.105145],[15.173214,46.102251],[15.176676,46.103336],[15.185048,46.107315],[15.188458,46.110881],[15.188458,46.116204],[15.180242,46.129123],[15.171663,46.138166],[15.159261,46.14876],[15.134766,46.161498],[15.131046,46.167286],[15.113321,46.183383],[15.102004,46.173926],[15.08402,46.165606],[15.070533,46.149742],[15.065675,46.141577],[15.065055,46.136512]]],"type":"Polygon"},"id":467,"properties":{"parentKey":"SVN:1159310695","sourceCountryId":"SVN","syntheticOperational":true,"territoryId":"territory:catalog:50347c781fb701397e3141ed99ce572051d155ad2426f52c5368ce406797c059"},"type":"Feature"},{"geometry":{"coordinates":[[[14.408558,46.082872],[14.415069,46.082769],[14.420805,46.081064],[14.423031976196,46.079136690647],[14.431034482759,46.079136690647],[14.431034482759,46.09431980777],[14.430572,46.094189],[14.408558,46.082872]]],"type":"Polygon"},"id":468,"properties":{"parentKey":"SVN:1159310719","sourceCountryId":"SVN","syntheticOperational":true,"territoryId":"territory:catalog:4e3675918d3547b5999f51daf1b4409be9321fcfbcd36c7be7cc908a29007288"},"type":"Feature"},{"geometry":{"coordinates":[[[14.592938,45.629671],[14.593868,45.616183],[14.603067,45.603574],[14.615986,45.594066],[14.627887082977,45.587398369098],[14.627887082977,45.647482014388],[14.594041904244,45.647482014388],[14.592938,45.629671]]],"type":"Polygon"},"id":469,"properties":{"parentKey":"SVN:1159310725","sourceCountryId":"SVN","syntheticOperational":true,"territoryId":"territory:catalog:59893710f8c6023bdb879403aa589ed27a3093e29f3183daca762446f3c673a3"},"type":"Feature"},{"geometry":{"coordinates":[[[14.536082474227,45.755395683453],[14.569719293822,45.755395683453],[14.569633,45.759481],[14.566067,45.766767],[14.553303,45.781289],[14.564207,45.790074],[14.536082474227,45.808627917719],[14.536082474227,45.755395683453]]],"type":"Polygon"},"id":470,"properties":{"parentKey":"SVN:1159308667","sourceCountryId":"SVN","syntheticOperational":true,"territoryId":"territory:catalog:65371cb30968c27066898c70cd0b3d61cd66b15f18f8e271655de79249cefdf7"},"type":"Feature"},{"geometry":{"coordinates":[[[13.621991,46.210306],[13.622766,46.204364],[13.622766,46.200488],[13.636873,46.191083],[13.632772849482,46.187050359712],[13.655172413793,46.187050359712],[13.714285714286,46.187050359712],[13.714285714286,46.281189379193],[13.709014,46.277382],[13.702037,46.268804],[13.695216,46.250511],[13.692426,46.238677],[13.685294,46.234],[13.667311,46.233612],[13.659508,46.232269],[13.648191,46.226894],[13.643695,46.225551],[13.639664,46.225938],[13.634238,46.227644],[13.629277,46.224233],[13.624006,46.218936],[13.621991,46.210306]]],"type":"Polygon"},"id":471,"properties":{"parentKey":"SVN:1159310843","sourceCountryId":"SVN","syntheticOperational":true,"territoryId":"territory:catalog:327528f756439fc62ba47a76c51f12ce0dbfc11b87e9dfbfceb61c500298a9e5"},"type":"Feature"},{"geometry":{"coordinates":[[[14.117647058824,45.477392051723],[14.118084,45.479524],[14.118239,45.491797],[14.117647058824,45.492725154444],[14.117647058824,45.477392051723]]],"type":"Polygon"},"id":472,"properties":{"parentKey":"SVN:1159310861","sourceCountryId":"SVN","syntheticOperational":true,"territoryId":"territory:catalog:e43e5e3ddef60bc87d5b0e13b360cf0db0ee0989c1a755d9f4267e3082fc0742"},"type":"Feature"},{"geometry":{"coordinates":[[[14.668179,45.539134],[14.668489,45.533966],[14.688333,45.522029],[14.731457800512,45.508702321013],[14.731457800512,45.539568345324],[14.668265362783,45.539568345324],[14.668179,45.539134]]],"type":"Polygon"},"id":473,"properties":{"parentKey":"SVN:1159308649","sourceCountryId":"SVN","syntheticOperational":true,"territoryId":"territory:catalog:d4f6ca587a75056260e573412bcd090ceb57b714c83fc219a32b9670b9569d75"},"type":"Feature"},{"geometry":{"coordinates":[[[14.319931565441,45.754536935567],[14.323188,45.754107],[14.327684,45.739818],[14.386182,45.707495],[14.410573,45.710078],[14.473909324209,45.745367502549],[14.473909324209,45.755395683453],[14.381443298969,45.755395683453],[14.319931565441,45.755395683453],[14.319931565441,45.754536935567]]],"type":"Polygon"},"id":474,"properties":{"parentKey":"SVN:1159310677","sourceCountryId":"SVN","syntheticOperational":true,"territoryId":"territory:catalog:13569e1707896f05a7398b9fc485e20c771d6e48e3d488cab83b3b272ce343d1"},"type":"Feature"},{"geometry":{"coordinates":[[[14.015370224677,45.863309352518],[14.018142,45.855289],[14.021708,45.848055],[14.046047,45.836944],[14.072164948454,45.84354541061],[14.072164948454,45.863309352518],[14.015370224677,45.863309352518]]],"type":"Polygon"},"id":475,"properties":{"parentKey":"SVN:1159310851","sourceCountryId":"SVN","syntheticOperational":true,"territoryId":"territory:catalog:ea09ca04bb4c01bf6cb7e5e4ed5545bd472c4cb38b419c280ed8014bb9957028"},"type":"Feature"},{"geometry":{"coordinates":[[[14.19038,46.024685],[14.196271,46.008096],[14.205883,46.006184],[14.229809,45.995022],[14.228569,45.993136],[14.219835,45.989183],[14.215494,45.975385],[14.216355501204,45.971223021583],[14.226804123711,45.971223021583],[14.275862068966,45.971223021583],[14.275862068966,45.995109010383],[14.273837,45.993937],[14.267326,45.994506],[14.245467,46.001482],[14.240506,46.005461],[14.238956,46.008923],[14.246397,46.013057],[14.244071,46.02024],[14.19038,46.024685]]],"type":"Polygon"},"id":476,"properties":{"parentKey":"SVN:1159310811","sourceCountryId":"SVN","syntheticOperational":true,"territoryId":"territory:catalog:fa11459f2b77b79f3d1864d3b97c7ae7a162d30920a511e459867b57dbeee7f1"},"type":"Feature"},{"geometry":{"coordinates":[[[15.896103896104,46.294964028777],[15.918044895364,46.294964028777],[15.918388,46.296451],[15.918698,46.299345],[15.918078,46.302342],[15.914357,46.308569],[15.911877,46.311825],[15.910171,46.315468],[15.909396,46.319344],[15.910171,46.322703],[15.912342,46.325286],[15.913582,46.327663],[15.913427,46.332211],[15.912807,46.334795],[15.910481,46.338128],[15.906244,46.340893],[15.900508,46.343399],[15.896103896104,46.344736585931],[15.896103896104,46.294964028777]]],"type":"Polygon"},"id":477,"properties":{"parentKey":"SVN:1159308619","sourceCountryId":"SVN","syntheticOperational":true,"territoryId":"territory:catalog:8ef4f0a1ba1f20905e3cc6cbd63678cb6926fa5682cec68f238e82e9fca2df6c"},"type":"Feature"},{"geometry":{"coordinates":[[[14.909260433737,45.971223021583],[14.927286,45.962983],[14.939533,45.966187],[14.947994740135,45.971223021583],[14.909260433737,45.971223021583]]],"type":"Polygon"},"id":478,"properties":{"parentKey":"SVN:1159310717","sourceCountryId":"SVN","syntheticOperational":true,"territoryId":"territory:catalog:8eef034108f563c0b7f40110d072e979dc7eb9bfb4e2e1118d31c989faaf27da"},"type":"Feature"},{"geometry":{"coordinates":[[[15.089820359281,45.598155485927],[15.105414,45.594504],[15.133216,45.596339],[15.141278,45.598354],[15.146084,45.600679],[15.147479,45.60285],[15.150734,45.606364],[15.15585,45.610524],[15.173989,45.617423],[15.188613,45.617009],[15.206752,45.61458],[15.225045,45.608276],[15.233727,45.608353],[15.236259,45.608663],[15.238894,45.609981],[15.24184,45.610705],[15.24379811805,45.612458703469],[15.24379811805,45.647482014388],[15.089820359281,45.647482014388],[15.089820359281,45.598155485927]]],"type":"Polygon"},"id":479,"properties":{"parentKey":"SVN:1159310769","sourceCountryId":"SVN","syntheticOperational":true,"territoryId":"territory:catalog:9b5705538320f78b994d4ab044eaa3907272a1c1d60cadfd863f4121853808bf"},"type":"Feature"},{"geometry":{"coordinates":[[[15.408186,46.477706],[15.482189400521,46.495005131765],[15.482189400521,46.510791366906],[15.430309929252,46.510791366906],[15.415163,46.499462],[15.408186,46.477706]]],"type":"Polygon"},"id":480,"properties":{"parentKey":"SVN:1159308591","sourceCountryId":"SVN","syntheticOperational":true,"territoryId":"territory:catalog:a81cd18ab9088f45f7971048f8f3fc7d7e27e246f6b8e559ae09b7cf94d4034e"},"type":"Feature"},{"geometry":{"coordinates":[[[15.562265503814,46.510791366906],[15.563784,46.509875],[15.569835351854,46.510791366906],[15.562265503814,46.510791366906]]],"type":"Polygon"},"id":481,"properties":{"parentKey":"SVN:1159308671","sourceCountryId":"SVN","syntheticOperational":true,"territoryId":"territory:catalog:ba695eef73cbcbe0a436197185f254888e0caefdfb5d9d56215da76123981929"},"type":"Feature"},{"geometry":{"coordinates":[[[15.24379811805,45.612458703469],[15.244321,45.612927],[15.248816,45.614839],[15.253157,45.618198],[15.258893,45.621608],[15.261684,45.625639],[15.264939,45.632874],[15.268195,45.636129],[15.271916,45.637912],[15.279202,45.638558],[15.283543,45.643416],[15.284012062392,45.647482014388],[15.24379811805,45.647482014388],[15.24379811805,45.612458703469]]],"type":"Polygon"},"id":482,"properties":{"parentKey":"SVN:1159310769","sourceCountryId":"SVN","syntheticOperational":true,"territoryId":"territory:catalog:15a09728464cf387fd43676edb2d706bf529c54850936579ad3ae5521a9893fe"},"type":"Feature"},{"geometry":{"coordinates":[[[16.344095354271,46.618705035971],[16.347871,46.615346],[16.351271294778,46.618705035971],[16.344095354271,46.618705035971]]],"type":"Polygon"},"id":483,"properties":{"parentKey":"SVN:1159309551","sourceCountryId":"SVN","syntheticOperational":true,"territoryId":"territory:catalog:f247837995e6b42ef00a9815c16d52512274959a3fc931906fb9bacee5d3a510"},"type":"Feature"},{"geometry":{"coordinates":[[[13.670591057342,46.294964028777],[13.671497,46.294901],[13.672017152687,46.294964028777],[13.670591057342,46.294964028777]]],"type":"Polygon"},"id":484,"properties":{"parentKey":"SVN:1159310855","sourceCountryId":"SVN","syntheticOperational":true,"territoryId":"territory:catalog:a288654c29dce241ad8b41850d7455792e15f386efdf4a3cb5d469b5bb5eda45"},"type":"Feature"},{"geometry":{"coordinates":[[[15.024604871314,45.647482014388],[15.037615,45.631324],[15.040231373338,45.647482014388],[15.024604871314,45.647482014388]]],"type":"Polygon"},"id":485,"properties":{"parentKey":"SVN:1159308655","sourceCountryId":"SVN","syntheticOperational":true,"territoryId":"territory:catalog:2fd24f2fb2e9a2e7570aa450a2ebf0683669d657d515db8191e4c69a4680268b"},"type":"Feature"},{"geometry":{"coordinates":[[[14.258497819205,45.647482014388],[14.319931565441,45.647482014388],[14.319931565441,45.660630012811],[14.316987,45.659487],[14.285516,45.655043],[14.258497819205,45.647482014388]]],"type":"Polygon"},"id":486,"properties":{"parentKey":"SVN:1159310701","sourceCountryId":"SVN","syntheticOperational":true,"territoryId":"territory:catalog:a9dffa0927c3a59ac8c0a93b270b56479c8e55512359c222d7fc766633355a76"},"type":"Feature"},{"geometry":{"coordinates":[[[15.089820359281,45.647482014388],[15.24379811805,45.647482014388],[15.24379811805,45.692250949947],[15.238119,45.700906],[15.236414,45.702534],[15.228146,45.70274],[15.190784,45.684447],[15.184583,45.683258],[15.171508,45.68238],[15.156161,45.683258],[15.12624,45.681915],[15.102779,45.684421],[15.089820359281,45.685738539725],[15.089820359281,45.647482014388]]],"type":"Polygon"},"id":487,"properties":{"parentKey":"SVN:1159310769","sourceCountryId":"SVN","syntheticOperational":true,"territoryId":"territory:catalog:7142cdc613932ae458ff30c9a9ee9cb91c2fdbe4e319311f5e983320642dff49"},"type":"Feature"},{"geometry":{"coordinates":[[[14.365563,45.965463],[14.370059,45.951976],[14.381443298969,45.941758617903],[14.381443298969,45.971223021583],[14.369316795343,45.971223021583],[14.365563,45.965463]]],"type":"Polygon"},"id":488,"properties":{"parentKey":"SVN:1159310669","sourceCountryId":"SVN","syntheticOperational":true,"territoryId":"territory:catalog:77887febf38766882c9dcdd2669e523c372dcd5639feb14075415ae70119836b"},"type":"Feature"},{"geometry":{"coordinates":[[[14.650455,46.164573],[14.65154,46.161472],[14.655106,46.160878],[14.658516,46.159302],[14.661307,46.156459],[14.664408,46.153772],[14.667973,46.152429],[14.676086,46.150749],[14.683838,46.143954],[14.711123,46.15186],[14.729882,46.162247],[14.741379310345,46.163914721371],[14.741379310345,46.187050359712],[14.665430012726,46.187050359712],[14.663477,46.185708],[14.65247,46.170309],[14.650455,46.164573]]],"type":"Polygon"},"id":489,"properties":{"parentKey":"SVN:1159310729","sourceCountryId":"SVN","syntheticOperational":true,"territoryId":"territory:catalog:e0c604861a872078acb3217c66955f1dc425d7b1692d308279955c8c5b14de46"},"type":"Feature"},{"geometry":{"coordinates":[[[13.87012987013,46.231235992251],[13.880631,46.230124],[13.894946,46.229995],[13.997006,46.2394],[13.997006,46.239297],[14.009616,46.246454],[14.025974025974,46.249504851821],[14.025974025974,46.294964028777],[13.87012987013,46.294964028777],[13.87012987013,46.231235992251]]],"type":"Polygon"},"id":490,"properties":{"parentKey":"SVN:1159310823","sourceCountryId":"SVN","syntheticOperational":true,"territoryId":"territory:catalog:8bfd5991e7119ea4ee891298d9f458b84d2003fa6cb1634e9ffa6b66915336e6"},"type":"Feature"},{"geometry":{"coordinates":[[[16.107732406603,46.510791366906],[16.257349794243,46.510791366906],[16.260931,46.513576],[16.260796,46.514164],[16.259607,46.519331],[16.264118158123,46.522980011189],[16.264118158123,46.54189342123],[16.254078,46.547418],[16.247515,46.553851],[16.216768,46.584134],[16.20421,46.567959],[16.20173,46.566512],[16.194753,46.566667],[16.190413,46.566357],[16.176718,46.560052],[16.173928,46.554058],[16.175788,46.552043],[16.178734,46.549975],[16.178424,46.547547],[16.177183,46.545015],[16.176098,46.541914],[16.175013,46.535739],[16.173928,46.532948],[16.170672,46.530261],[16.166021,46.527755],[16.154084,46.525429],[16.142767,46.525843],[16.122251,46.529021],[16.107732406603,46.534947815358],[16.107732406603,46.510791366906]]],"type":"Polygon"},"id":491,"properties":{"parentKey":"SVN:1159308689","sourceCountryId":"SVN","syntheticOperational":true,"territoryId":"territory:catalog:464f2c5129148d70e2d5ea7d10907adaea4f6cee6b9e77d14ccefffc3c2556ec"},"type":"Feature"},{"geometry":{"coordinates":[[[14.796663,46.519401],[14.812926,46.517213],[14.831374,46.513544],[14.836310952272,46.510791366906],[14.85664639444,46.510791366906],[14.85664639444,46.552630044881],[14.85313,46.553464],[14.849564,46.552818],[14.847084,46.552146],[14.843828,46.551784],[14.841193,46.552146],[14.825638,46.552611],[14.814519,46.551337],[14.807189,46.536024],[14.796663,46.519401]]],"type":"Polygon"},"id":492,"properties":{"parentKey":"SVN:1159310737","sourceCountryId":"SVN","syntheticOperational":true,"territoryId":"territory:catalog:50739fc4451ebc13aab65e7a4f7dbaec3c84ef1bb71897f93b5b1e670e33d9fa"},"type":"Feature"},{"geometry":{"coordinates":[[[14.53749,45.734418],[14.556714,45.692198],[14.558626,45.681295],[14.568238,45.66667],[14.568961,45.664629],[14.569095,45.664252],[14.580949,45.667808],[14.591905,45.663364],[14.594075,45.648016],[14.594041904244,45.647482014388],[14.627887082977,45.647482014388],[14.627887082977,45.725342160361],[14.619604,45.728889],[14.598934,45.729535],[14.576144,45.735322],[14.555629,45.734676],[14.550048,45.738268],[14.53749,45.734418]]],"type":"Polygon"},"id":493,"properties":{"parentKey":"SVN:1159310725","sourceCountryId":"SVN","syntheticOperational":true,"territoryId":"territory:catalog:c41d0471b3f66de2a2a9f5f484b75db9c63d0abbf4faa3796aa6f4fad5a3f3ea"},"type":"Feature"},{"geometry":{"coordinates":[[[14.703992,46.269786],[14.714069,46.263068],[14.753033,46.254335],[14.788741,46.253017],[14.805194805195,46.25401905789],[14.805194805195,46.294964028777],[14.714346003758,46.294964028777],[14.705697,46.286917],[14.703992,46.269786]]],"type":"Polygon"},"id":494,"properties":{"parentKey":"SVN:1159310689","sourceCountryId":"SVN","syntheticOperational":true,"territoryId":"territory:catalog:1b2600ca6a2b253c8c1932a09fc8ddfa2ef04469fde3871b55c3265438a2fbbc"},"type":"Feature"},{"geometry":{"coordinates":[[[14.238956,46.008923],[14.240506,46.005461],[14.245467,46.001482],[14.267326,45.994506],[14.273837,45.993937],[14.275862068966,45.995109010383],[14.275862068966,46.044445302499],[14.257094,46.041247],[14.252598,46.039722],[14.243451,46.031454],[14.244071,46.02024],[14.246397,46.013057],[14.238956,46.008923]]],"type":"Polygon"},"id":495,"properties":{"parentKey":"SVN:1159308659","sourceCountryId":"SVN","syntheticOperational":true,"territoryId":"territory:catalog:2926605abaae7cce9c6cdaa143daaac8c4e2e929f8bfb6e4a15bf46ada9f29f6"},"type":"Feature"},{"geometry":{"coordinates":[[[14.030079,46.073157],[14.053954,46.063028],[14.081756,46.034761],[14.089972,46.032359],[14.096484,46.032178],[14.100669,46.02732],[14.10563,46.018793],[14.108576,46.015228],[14.111211,46.012644],[14.120689655172,46.010274336207],[14.120689655172,46.074532668247],[14.089975345063,46.079136690647],[14.03215760397,46.079136690647],[14.030079,46.073157]]],"type":"Polygon"},"id":496,"properties":{"parentKey":"SVN:1159310849","sourceCountryId":"SVN","syntheticOperational":true,"territoryId":"territory:catalog:95987ed580192474422941450f26cc795ef4d6babb95e16d8b12cde3c3be7be2"},"type":"Feature"},{"geometry":{"coordinates":[[[15.482189400521,46.53460073739],[15.482807,46.534498],[15.495985,46.537754],[15.560374,46.562119],[15.548591,46.572248],[15.548591,46.578708],[15.547041,46.588113],[15.541925,46.592815],[15.537429,46.595012],[15.532003,46.596743],[15.527972,46.600748],[15.524407,46.60638],[15.524717,46.613848],[15.523082231792,46.618705035971],[15.493385728977,46.618705035971],[15.492625,46.618293],[15.482189400521,46.617024238339],[15.482189400521,46.53460073739]]],"type":"Polygon"},"id":497,"properties":{"parentKey":"SVN:1159308625","sourceCountryId":"SVN","syntheticOperational":true,"territoryId":"territory:catalog:e2f74dbe81edda3e53d6125f705cea97df2a4caf2c545699226b054a42a1e140"},"type":"Feature"},{"geometry":{"coordinates":[[[13.529825442098,46.079136690647],[13.655172413793,46.079136690647],[13.655172413793,46.173487678864],[13.641071,46.171405],[13.645037,46.161731],[13.616409,46.125041],[13.529825442098,46.079136690647]]],"type":"Polygon"},"id":498,"properties":{"parentKey":"SVN:1159310865","sourceCountryId":"SVN","syntheticOperational":true,"territoryId":"territory:catalog:c1670100def9e49cb6fbd005e5f066a333c76ea269233f452374b9437c06007f"},"type":"Feature"},{"geometry":{"coordinates":[[[15.110995,46.18731],[15.111148787448,46.187050359712],[15.116883116883,46.187050359712],[15.116883116883,46.187769769247],[15.110995,46.18731]]],"type":"Polygon"},"id":499,"properties":{"parentKey":"SVN:1159308601","sourceCountryId":"SVN","syntheticOperational":true,"territoryId":"territory:catalog:e91134a6d301a29737616b63bd51b37f71a4119af73e5b483fad8bbbac898b4d"},"type":"Feature"},{"geometry":{"coordinates":[[[13.992356,46.444814],[14.072764,46.414583],[14.074717636838,46.41343520899],[14.074717636838,46.4781398282],[14.066355,46.48104],[14.050026,46.484399],[14.032456,46.484709],[14.014922,46.482531],[14.014266,46.468973],[14.012251,46.460627],[14.004655,46.455459],[13.999694,46.452927],[13.992356,46.444814]]],"type":"Polygon"},"id":500,"properties":{"parentKey":"SVN:1159308677","sourceCountryId":"SVN","syntheticOperational":true,"territoryId":"territory:catalog:866aee03102d3fc25003c1b4fbd6b781d7bbb5268fa0c9daf08755a79ce9a114"},"type":"Feature"},{"geometry":{"coordinates":[[[14.089507,45.574686],[14.090437,45.57019],[14.093693,45.567451],[14.099584,45.568666],[14.10563,45.565953],[14.104855,45.56032],[14.102685,45.550398],[14.098055791631,45.539568345324],[14.117647058824,45.539568345324],[14.165953806672,45.539568345324],[14.165953806672,45.630789675422],[14.151881,45.631427],[14.127541,45.630393],[14.110281,45.626001],[14.10284,45.622797],[14.090592,45.624244],[14.089817,45.614089],[14.104545,45.60471],[14.10222,45.601455],[14.099119,45.594065],[14.093693,45.586546],[14.089507,45.574686]]],"type":"Polygon"},"id":501,"properties":{"parentKey":"SVN:1159310701","sourceCountryId":"SVN","syntheticOperational":true,"territoryId":"territory:catalog:2f19405af3f9b1f59b3e044b2e3adec82e174c21bca19490b3c272bb21a6b371"},"type":"Feature"},{"geometry":{"coordinates":[[[13.60824742268,45.82085897012],[13.648966,45.820046],[13.670101,45.822604],[13.682039,45.831673],[13.693976,45.836298],[13.700642,45.842887],[13.706378,45.846427],[13.708914396936,45.863309352518],[13.60824742268,45.863309352518],[13.60824742268,45.82085897012]]],"type":"Polygon"},"id":502,"properties":{"parentKey":"SVN:1159310875","sourceCountryId":"SVN","syntheticOperational":true,"territoryId":"territory:catalog:f0441beea48946a0475b15542451670f2f42f19c6a98da85d390ad00f70fd7f9"},"type":"Feature"},{"geometry":{"coordinates":[[[14.490155,45.880869],[14.498216,45.870353],[14.49648325068,45.863309352518],[14.536082474227,45.863309352518],[14.536082474227,45.875949614363],[14.530669,45.87875],[14.50788,45.884538],[14.490155,45.880869]]],"type":"Polygon"},"id":503,"properties":{"parentKey":"SVN:1159310803","sourceCountryId":"SVN","syntheticOperational":true,"territoryId":"territory:catalog:e4d658dcec804161393377abb60388eab4ee367f59a26728c8836faada930f03"},"type":"Feature"},{"geometry":{"coordinates":[[[16.020942408377,46.668553206911],[16.027839,46.665059],[16.04174,46.662733],[16.04205,46.662682],[16.067113,46.644337],[16.110314,46.623873],[16.120391,46.636947],[16.123027,46.643872],[16.118686,46.650745],[16.114035,46.656455],[16.108454,46.661545],[16.104423,46.67157],[16.103028,46.676789],[16.108299,46.69038],[16.092331,46.694928],[16.084114,46.699605],[16.075123,46.70131],[16.066544,46.704333],[16.059103,46.709191],[16.053367,46.71981],[16.055681108717,46.726618705036],[16.020942408377,46.726618705036],[16.020942408377,46.668553206911]]],"type":"Polygon"},"id":504,"properties":{"parentKey":"SVN:1159309555","sourceCountryId":"SVN","syntheticOperational":true,"territoryId":"territory:catalog:9669aafc20fc67e70099625b1cd58aaf6e9b60b3d13517f5308d07f1fc1547f1"},"type":"Feature"},{"geometry":{"coordinates":[[[16.328492,46.583824],[16.334538,46.577622],[16.337949,46.563825],[16.334538,46.556487],[16.344305,46.556745],[16.350661,46.557649],[16.367456,46.562946],[16.383114,46.570026],[16.389625,46.57478],[16.397532,46.578191],[16.378463,46.599792],[16.36389,46.597414],[16.349111,46.600567],[16.340429,46.599352],[16.335623,46.597156],[16.335158,46.593952],[16.328492,46.583824]]],"type":"Polygon"},"id":505,"properties":{"parentKey":"SVN:1159308701","sourceCountryId":"SVN","syntheticOperational":true,"territoryId":"territory:catalog:0226393d9ecd552ea7b048f310bb5d94f5d9f6474b46b986cef36a4e880c9e96"},"type":"Feature"},{"geometry":{"coordinates":[[[14.181818181818,46.294964028777],[14.266588192552,46.294964028777],[14.266086,46.297174],[14.267171,46.326139],[14.260195,46.330351],[14.256319,46.337508],[14.258334,46.342236],[14.253063,46.344407],[14.250428,46.347507],[14.248567,46.353347],[14.255234,46.390192],[14.253967934044,46.402877697842],[14.231103388358,46.402877697842],[14.199650107861,46.402877697842],[14.194876,46.39368],[14.190535,46.386936],[14.181818181818,46.382599829831],[14.181818181818,46.294964028777]]],"type":"Polygon"},"id":506,"properties":{"parentKey":"SVN:1159310839","sourceCountryId":"SVN","syntheticOperational":true,"territoryId":"territory:catalog:2c651213f532a5be5cd05db4092ce93226dde1261dab5d1851151481eacf66c1"},"type":"Feature"},{"geometry":{"coordinates":[[[14.275862068966,45.995109010383],[14.276783,45.995642],[14.276163,45.998691],[14.277558,46.001947],[14.283036,46.003859],[14.308615,46.007063],[14.315592,46.009182],[14.341998,46.014013],[14.343239,46.019414],[14.344479,46.021894],[14.344324,46.025201],[14.343084,46.029103],[14.337141,46.03763],[14.33094,46.040653],[14.323188,46.042668],[14.282415,46.045562],[14.275862068966,46.044445302499],[14.275862068966,45.995109010383]]],"type":"Polygon"},"id":507,"properties":{"parentKey":"SVN:1159308659","sourceCountryId":"SVN","syntheticOperational":true,"territoryId":"territory:catalog:bdba347278c0744fc48f74f80d5c8c1d7f2e2e7b8d661625b3e312bb53666602"},"type":"Feature"},{"geometry":{"coordinates":[[[15.584415584416,46.294964028777],[15.709588032352,46.294964028777],[15.711837,46.296864],[15.714938,46.303246],[15.719589,46.311334],[15.721294,46.325235],[15.721449,46.336733],[15.716023,46.344097],[15.708892,46.346629],[15.690133,46.348696],[15.68047,46.356602],[15.677679,46.361977],[15.68078,46.367687],[15.677989,46.375361],[15.682382,46.380012],[15.685482,46.38735],[15.683725,46.392466],[15.685172,46.395463],[15.685172,46.396652],[15.679229,46.400191],[15.677369,46.402336],[15.678242842561,46.402877697842],[15.638575152042,46.402877697842],[15.584415584416,46.402877697842],[15.584415584416,46.294964028777]]],"type":"Polygon"},"id":508,"properties":{"parentKey":"SVN:1159308595","sourceCountryId":"SVN","syntheticOperational":true,"territoryId":"territory:catalog:0761b89cc9e65bc2aa69a530d62bd1c776e9d0171810b79c13b437863e26a2bb"},"type":"Feature"},{"geometry":{"coordinates":[[[16.420503909644,46.531635867802],[16.431999,46.523208],[16.440371,46.519022],[16.449052,46.51835],[16.470756,46.520262],[16.481298,46.519022],[16.491117,46.515146],[16.498955987821,46.510791366906],[16.512253299152,46.510791366906],[16.500832,46.544809],[16.467139,46.564704],[16.430242,46.604392],[16.420503909644,46.60838588152],[16.420503909644,46.531635867802]]],"type":"Polygon"},"id":509,"properties":{"parentKey":"SVN:1159308687","sourceCountryId":"SVN","syntheticOperational":true,"territoryId":"territory:catalog:14c6b96f75e502325c454461d3635501ae1cf907934aa761e5696fdbc93be9aa"},"type":"Feature"},{"geometry":{"coordinates":[[[14.961038961039,46.323556719985],[14.966405,46.318723],[14.97059,46.302936],[14.984853,46.31229],[14.988729,46.316966],[14.990124,46.322548],[14.999891,46.333115],[15.008418,46.337198],[15.000356,46.349988],[14.998651,46.355982],[14.999891,46.377221],[15.002526,46.386523],[15.001906,46.388073],[15.000201,46.390295],[14.997876,46.392052],[14.993535,46.394429],[14.985628,46.395773],[14.971986,46.393448],[14.962994,46.394274],[14.961038961039,46.394644495327],[14.961038961039,46.323556719985]]],"type":"Polygon"},"id":510,"properties":{"parentKey":"SVN:1159310743","sourceCountryId":"SVN","syntheticOperational":true,"territoryId":"territory:catalog:3a0390de3fcf1b37eb09e60e62c565a028fb2e208f2c047c68a765bb904a7b0b"},"type":"Feature"},{"geometry":{"coordinates":[[[13.605560382276,46.402877697842],[13.714285714286,46.402877697842],[13.761946133797,46.402877697842],[13.761946133797,46.434767225369],[13.750923,46.438199],[13.738366,46.440266],[13.712579,46.432257],[13.702347,46.430215],[13.69196,46.429311],[13.687,46.43174],[13.690255,46.453961],[13.685853,46.464047],[13.67749,46.452075],[13.658783,46.445125],[13.634082,46.445719],[13.605560382276,46.443131862109],[13.605560382276,46.402877697842]]],"type":"Polygon"},"id":511,"properties":{"parentKey":"SVN:1159310855","sourceCountryId":"SVN","syntheticOperational":true,"territoryId":"territory:catalog:e7484421528b6d5751dcb3df2675f7fae9ec66ba2768d6951dafaa24497947d9"},"type":"Feature"},{"geometry":{"coordinates":[[[16.107732406603,46.496638314047],[16.113725,46.495896],[16.136566,46.48923],[16.147728,46.488481],[16.152534,46.489617],[16.155634,46.493235],[16.170672,46.495741],[16.183385,46.489385],[16.191653,46.483985],[16.201885,46.473469],[16.2039,46.472926],[16.206536,46.473443],[16.210411,46.476182],[16.216768,46.474554],[16.221884,46.475406],[16.224364,46.477861],[16.227,46.481246],[16.23103,46.483778],[16.233666,46.484708],[16.234188,46.484892],[16.234905,46.493339],[16.257349794243,46.510791366906],[16.107732406603,46.510791366906],[16.107732406603,46.496638314047]]],"type":"Polygon"},"id":512,"properties":{"parentKey":"SVN:1159308689","sourceCountryId":"SVN","syntheticOperational":true,"territoryId":"territory:catalog:2277e52598d43876206edf261d76f421b88640278be211d57acf1e60bb704a15"},"type":"Feature"},{"geometry":{"coordinates":[[[15.31212,46.49246],[15.315686,46.482176],[15.325803649001,46.479680264515],[15.325803649001,46.510791366906],[15.322880693773,46.510791366906],[15.322817,46.51065],[15.31212,46.49246]]],"type":"Polygon"},"id":513,"properties":{"parentKey":"SVN:1159308627","sourceCountryId":"SVN","syntheticOperational":true,"territoryId":"territory:catalog:919488baf87053b728cc48820f50082d94c6f305cdea1e1ba58638c56a061162"},"type":"Feature"},{"geometry":{"coordinates":[[[16.006806,46.621392],[16.007467797552,46.618705035971],[16.020942408377,46.618705035971],[16.020942408377,46.644449174451],[16.007736,46.632839],[16.006806,46.621392]]],"type":"Polygon"},"id":514,"properties":{"parentKey":"SVN:1159310659","sourceCountryId":"SVN","syntheticOperational":true,"territoryId":"territory:catalog:c856b4297723709c22b7e0556ee03d483631b7d59e4147752312a57ce51d83ef"},"type":"Feature"},{"geometry":{"coordinates":[[[15.621745,46.678175],[15.622437,46.666713],[15.645743,46.642761],[15.672408,46.646042],[15.675044,46.647696],[15.677834,46.648936],[15.677059,46.649944],[15.676749,46.652269],[15.678454,46.657152],[15.685172,46.665782],[15.687963,46.673172],[15.691528,46.676402],[15.694164,46.676789],[15.69866,46.676867],[15.704551,46.675472],[15.706806282723,46.67559405015],[15.706806282723,46.705226375525],[15.652098,46.710819],[15.635975,46.717563],[15.632875,46.702473],[15.632978,46.689632],[15.626984,46.680873],[15.621745,46.678175]]],"type":"Polygon"},"id":515,"properties":{"parentKey":"SVN:1159310773","sourceCountryId":"SVN","syntheticOperational":true,"territoryId":"territory:catalog:af3b0f92cd7dd84358224096e8c85c64466fc8c6c6a1bb1bd2c2bc1978eb8860"},"type":"Feature"},{"geometry":{"coordinates":[[[13.84792,46.381226],[13.87012987013,46.370657580214],[13.87012987013,46.389548723241],[13.84792,46.381226]]],"type":"Polygon"},"id":516,"properties":{"parentKey":"SVN:1159310821","sourceCountryId":"SVN","syntheticOperational":true,"territoryId":"territory:catalog:27e24fdd282ab717ec74ac92d6fbb53ec3442ebe7674de535079d15a166dc7a8"},"type":"Feature"},{"geometry":{"coordinates":[[[13.761946133797,46.434767225369],[13.767356,46.433083],[13.798724,46.419958],[13.811281,46.412981],[13.817328,46.407555],[13.819984034118,46.402877697842],[13.87012987013,46.402877697842],[13.905699332947,46.402877697842],[13.918045,46.407504],[13.918331885317,46.407682987668],[13.918331885317,46.50281667153],[13.899806510965,46.50886615776],[13.8939109326,46.510791366906],[13.82138539259,46.510791366906],[13.795778,46.507886],[13.782135,46.507782],[13.764205851673,46.510791366906],[13.761946133797,46.510791366906],[13.761946133797,46.434767225369]]],"type":"Polygon"},"id":517,"properties":{"parentKey":"SVN:1159310833","sourceCountryId":"SVN","syntheticOperational":true,"territoryId":"territory:catalog:68344165b738591757bc5a96233978a75e75b8f561ef29deb0ada38711a8072d"},"type":"Feature"},{"geometry":{"coordinates":[[[14.568080388913,46.402877697842],[14.649350649351,46.402877697842],[14.700260642919,46.402877697842],[14.700260642919,46.450990697709],[14.675776,46.454348],[14.672546,46.459791],[14.666629,46.460524],[14.662081,46.459698],[14.642031,46.445228],[14.631696,46.440577],[14.621567,46.43851],[14.599863,46.437167],[14.590148,46.434428],[14.575368,46.419726],[14.568080388913,46.402877697842]]],"type":"Polygon"},"id":518,"properties":{"parentKey":"SVN:1159308661","sourceCountryId":"SVN","syntheticOperational":true,"territoryId":"territory:catalog:465f1034d6944f0e294f18b678f57a0a41d663499990b820a11f9bae604912fb"},"type":"Feature"},{"geometry":{"coordinates":[[[15.154639175258,45.755395683453],[15.24379811805,45.755395683453],[15.309278350515,45.755395683453],[15.309278350515,45.794474269674],[15.297237,45.807385],[15.279202,45.820356],[15.273931,45.829916],[15.271296,45.841879],[15.276412,45.850457],[15.280907,45.855754],[15.300724616773,45.863309352518],[15.154639175258,45.863309352518],[15.154639175258,45.755395683453]]],"type":"Polygon"},"id":519,"properties":{"parentKey":"SVN:1159308575","sourceCountryId":"SVN","syntheticOperational":true,"territoryId":"territory:catalog:42e89c86bf32e8be7bd7e0a582af3c5e972539c470e0f9861ac9566d192bae7a"},"type":"Feature"},{"geometry":{"coordinates":[[[15.989493747332,46.294964028777],[15.993422,46.29087],[15.993668,46.290613],[15.998434,46.291542],[16.008189623139,46.294964028777],[15.989493747332,46.294964028777]]],"type":"Polygon"},"id":520,"properties":{"parentKey":"SVN:1159310887","sourceCountryId":"SVN","syntheticOperational":true,"territoryId":"territory:catalog:32e2aca1614efd8a6c683d4143703d76327d723cdc96287396455e2d5352190e"},"type":"Feature"},{"geometry":{"coordinates":[[[14.689506115837,46.079136690647],[14.69221,46.07786],[14.709991027373,46.079136690647],[14.689506115837,46.079136690647]]],"type":"Polygon"},"id":521,"properties":{"parentKey":"SVN:1159310683","sourceCountryId":"SVN","syntheticOperational":true,"territoryId":"territory:catalog:c4b0fcb6a5476e397aa3cd4b8631c4b14b3317e20b87e863baa7c5268e4f5d8e"},"type":"Feature"},{"geometry":{"coordinates":[[[16.077758,46.541862],[16.097757,46.53902],[16.107732406603,46.534947815358],[16.107732406603,46.607859835633],[16.095586,46.60744],[16.079308,46.593151],[16.090315,46.569638],[16.08923,46.564083],[16.077758,46.541862]]],"type":"Polygon"},"id":522,"properties":{"parentKey":"SVN:1159308691","sourceCountryId":"SVN","syntheticOperational":true,"territoryId":"territory:catalog:c7357e064c18451b4a53ee286baa49def440bcefd68b47c9fabb40fa7ec44c28"},"type":"Feature"},{"geometry":{"coordinates":[[[16.051948051948,46.318265648507],[16.052384,46.318595],[16.059619,46.332315],[16.059722,46.345312],[16.057448,46.359652],[16.057965,46.377532],[16.088654,46.373086],[16.075743,46.384456],[16.055227,46.388073],[16.051948051948,46.386166111594],[16.051948051948,46.318265648507]]],"type":"Polygon"},"id":523,"properties":{"parentKey":"SVN:1159310909","sourceCountryId":"SVN","syntheticOperational":true,"territoryId":"territory:catalog:0bfaa008fcfabea15ef51c63a7a4c0f68d488ee887422fbfeece6ffaa2855396"},"type":"Feature"},{"geometry":{"coordinates":[[[15.206896551724,46.083674592836],[15.253932,46.083337],[15.268815,46.079642],[15.269935752049,46.079136690647],[15.362068965517,46.079136690647],[15.362068965517,46.180942353156],[15.312275,46.1662],[15.293827,46.165451],[15.290054,46.167441],[15.288711,46.170076],[15.290881,46.172066],[15.295067,46.173564],[15.298787,46.175941],[15.301423,46.179145],[15.302973,46.182194],[15.301852524032,46.187050359712],[15.272727272727,46.187050359712],[15.206896551724,46.187050359712],[15.206896551724,46.083674592836]]],"type":"Polygon"},"id":524,"properties":{"parentKey":"SVN:1159310715","sourceCountryId":"SVN","syntheticOperational":true,"territoryId":"territory:catalog:bf486b627318d0b061e83dbbb55811841aa808c5f18afe97a7ba3b6aea6a0b0f"},"type":"Feature"},{"geometry":{"coordinates":[[[13.714285714286,46.281189379193],[13.718781,46.284436],[13.726584,46.285909],[13.736661,46.286116],[13.731369476039,46.294964028777],[13.714285714286,46.294964028777],[13.714285714286,46.281189379193]]],"type":"Polygon"},"id":525,"properties":{"parentKey":"SVN:1159310867","sourceCountryId":"SVN","syntheticOperational":true,"territoryId":"territory:catalog:9a90d5e02e47212f24a133d88c3103e9e542a3cbcda5b8083fd8b4c14279a029"},"type":"Feature"},{"geometry":{"coordinates":[[[14.459997280456,46.187050359712],[14.469226,46.143463],[14.476357,46.138786],[14.487209,46.139587],[14.513926,46.145556],[14.523848,46.15031],[14.527878,46.156873],[14.537025,46.161343],[14.5378,46.174184],[14.524623,46.177078],[14.515370327007,46.187050359712],[14.493506493506,46.187050359712],[14.459997280456,46.187050359712]]],"type":"Polygon"},"id":526,"properties":{"parentKey":"SVN:1159310809","sourceCountryId":"SVN","syntheticOperational":true,"territoryId":"territory:catalog:c04f55480409032003fabafecd7da96627735e1640a70ad3b15988df9942a97e"},"type":"Feature"},{"geometry":{"coordinates":[[[16.023498172617,46.510791366906],[16.051506,46.506309],[16.067629,46.501606],[16.107732406603,46.496638314047],[16.107732406603,46.510791366906],[16.023498172617,46.510791366906]]],"type":"Polygon"},"id":527,"properties":{"parentKey":"SVN:1159308689","sourceCountryId":"SVN","syntheticOperational":true,"territoryId":"territory:catalog:1c8a1b8a70aa604b80943ccef4798d6b51f47e224d3051df9cc8e7038acbb34e"},"type":"Feature"},{"geometry":{"coordinates":[[[16.234676007005,46.834532374101],[16.303067,46.834532374101],[16.303067,46.835591],[16.2979,46.844299],[16.297435,46.846805],[16.297392,46.847033],[16.282241,46.859932],[16.272009,46.863962],[16.234676007005,46.861745173227],[16.234676007005,46.834532374101]]],"type":"Polygon"},"id":528,"properties":{"parentKey":"SVN:1159308539","sourceCountryId":"SVN","syntheticOperational":true,"territoryId":"territory:catalog:b71ea31cd8643398207d7fb90a57b7b7393daa786fe71de45f924bc0c69884a1"},"type":"Feature"},{"geometry":{"coordinates":[[[15.904074,46.393603],[15.928465,46.386885],[15.935131,46.383397],[15.936371,46.380735],[15.942572,46.369573],[15.951254,46.365852],[15.969289,46.361899],[15.977351,46.362209],[15.985567,46.364276],[15.988823,46.365852],[15.998435,46.373035],[15.998125,46.376084],[15.996729,46.381252],[15.988668,46.393758],[15.987893,46.402594],[15.987795998589,46.402877697842],[15.951346655083,46.402877697842],[15.92531830022,46.402877697842],[15.904074,46.393603]]],"type":"Polygon"},"id":529,"properties":{"parentKey":"SVN:1159309553","sourceCountryId":"SVN","syntheticOperational":true,"territoryId":"territory:catalog:0fe8354cd6b594300c780695cb0c661ed5e55140e36db785574492a67153a2ee"},"type":"Feature"},{"geometry":{"coordinates":[[[14.431034482759,46.029983657097],[14.439563,46.033754],[14.440339,46.036157],[14.440804,46.040963],[14.439873,46.050213],[14.437238,46.056181],[14.434758,46.060651],[14.432432,46.063028],[14.431034482759,46.065568470006],[14.431034482759,46.029983657097]]],"type":"Polygon"},"id":530,"properties":{"parentKey":"SVN:1159308557","sourceCountryId":"SVN","syntheticOperational":true,"territoryId":"territory:catalog:b07c8840884a6637b195f0d41dca0bda3765201f1b34c63c448593c36d7afe42"},"type":"Feature"},{"geometry":{"coordinates":[[[13.615325,45.945912],[13.632998,45.941796],[13.639354,45.940814],[13.64664,45.938075],[13.655787,45.931822],[13.66049,45.929962],[13.66545,45.929497],[13.669481,45.929807],[13.672427,45.929393],[13.674442,45.928437],[13.676613,45.926809],[13.679248,45.925879],[13.682659,45.925569],[13.686224,45.92575],[13.68731,45.92221],[13.686379,45.915286],[13.685139,45.91296],[13.682504,45.91172],[13.677233,45.91265],[13.666536,45.910066],[13.64695,45.897199],[13.639509,45.892625],[13.633928,45.891695],[13.625556,45.891153],[13.620595,45.889215],[13.62044,45.886037],[13.629277,45.879009],[13.639199,45.874306],[13.665295,45.868027],[13.679248,45.868518],[13.709169,45.865004],[13.713565749056,45.863309352518],[13.762886597938,45.863309352518],[13.762886597938,45.887962360873],[13.755109,45.891385],[13.747048,45.898284],[13.738831,45.901798],[13.73387,45.903245],[13.732785,45.905855],[13.746582,45.91265],[13.753094,45.914278],[13.762886597938,45.922418873222],[13.762886597938,45.971223021583],[13.655172413793,45.971223021583],[13.618512855507,45.971223021583],[13.622817,45.966394],[13.615325,45.945912]]],"type":"Polygon"},"id":531,"properties":{"parentKey":"SVN:1159308681","sourceCountryId":"SVN","syntheticOperational":true,"territoryId":"territory:catalog:4eb6ac0bdc15f65ac4c0eb53339f9857f0875f32551205292ab85ec316acd669"},"type":"Feature"},{"geometry":{"coordinates":[[[15,45.964456031193],[15.024127,45.970218],[15.025247055848,45.971223021583],[15,45.971223021583],[15,45.964456031193]]],"type":"Polygon"},"id":532,"properties":{"parentKey":"SVN:1159317881","sourceCountryId":"SVN","syntheticOperational":true,"territoryId":"territory:catalog:a208be79d4f0674bfa2f2ce375c2d2f06b4d2430ad26d634fd1f002f01293957"},"type":"Feature"},{"geometry":{"coordinates":[[[15.089820359281,45.546263012484],[15.090066,45.546419],[15.093942,45.546161],[15.097198,45.544921],[15.100608,45.546083],[15.100608,45.550631],[15.089820359281,45.557942138631],[15.089820359281,45.546263012484]]],"type":"Polygon"},"id":533,"properties":{"parentKey":"SVN:1159308563","sourceCountryId":"SVN","syntheticOperational":true,"territoryId":"territory:catalog:6d402b57acccf043c023c11d5d2bdb00e2aeefd3c84ad5bc02a54875f9969384"},"type":"Feature"},{"geometry":{"coordinates":[[[15.951346655083,46.589865615765],[15.955905,46.588216],[15.978281,46.585968],[16.013628,46.593694],[16.007467797552,46.618705035971],[15.951346655083,46.618705035971],[15.951346655083,46.589865615765]]],"type":"Polygon"},"id":534,"properties":{"parentKey":"SVN:1159309559","sourceCountryId":"SVN","syntheticOperational":true,"territoryId":"territory:catalog:d9bc4dd1586a5b3c7503115b8448a66de342470e20a472767ab9387c727aeaa6"},"type":"Feature"},{"geometry":{"coordinates":[[[14.970460571327,46.294964028777],[15.062103474203,46.294964028777],[15.051257,46.307251],[15.037305,46.324434],[15.008418,46.337198],[14.999891,46.333115],[14.990124,46.322548],[14.988729,46.316966],[14.984853,46.31229],[14.97059,46.302936],[14.970460571327,46.294964028777]]],"type":"Polygon"},"id":535,"properties":{"parentKey":"SVN:1159308651","sourceCountryId":"SVN","syntheticOperational":true,"territoryId":"territory:catalog:4262222caa19bd9887330287860b3e08c1cf2f32ac18801bacab9a82ecefcbcf"},"type":"Feature"},{"geometry":{"coordinates":[[[14.646269,45.707495],[14.667198,45.689408],[14.676552,45.683103],[14.708022,45.675559],[14.72058,45.669771],[14.731174,45.667316],[14.733034,45.664216],[14.735204,45.659487],[14.734584,45.65556],[14.735204,45.652149],[14.732123988207,45.647482014388],[14.776577250345,45.647482014388],[14.777837,45.648687],[14.781864841745,45.654389411452],[14.781864841745,45.752797313217],[14.778111659572,45.755395683453],[14.690721649485,45.755395683453],[14.677813425778,45.755395683453],[14.677482,45.750644],[14.663787,45.723153],[14.657586,45.714574],[14.646269,45.707495]]],"type":"Polygon"},"id":536,"properties":{"parentKey":"SVN:1159308589","sourceCountryId":"SVN","syntheticOperational":true,"territoryId":"territory:catalog:f3dfbab8cc0326b0edf946687c0b9d57b9bf2015e9f1cf2c612917921ca24027"},"type":"Feature"},{"geometry":{"coordinates":[[[15.3452685422,45.469747138739],[15.351755,45.47614],[15.361367,45.482031],[15.3452685422,45.489667156795],[15.3452685422,45.469747138739]]],"type":"Polygon"},"id":537,"properties":{"parentKey":"SVN:1159310681","sourceCountryId":"SVN","syntheticOperational":true,"territoryId":"territory:catalog:25f7dce8fd5c78239040ff4784e845e35b2d3f086ed7487b774c2ac4a123d269"},"type":"Feature"},{"geometry":{"coordinates":[[[14.226804123711,45.861361360896],[14.276473,45.846117],[14.286319647544,45.863309352518],[14.226804123711,45.863309352518],[14.226804123711,45.861361360896]]],"type":"Polygon"},"id":538,"properties":{"parentKey":"SVN:1159310723","sourceCountryId":"SVN","syntheticOperational":true,"territoryId":"territory:catalog:13beccf1eca47ced18a49a71e52b07c34e600b96f22297d3e246bf02ebcbcd2e"},"type":"Feature"},{"geometry":{"coordinates":[[[15.175539,46.398098],[15.175849,46.394016],[15.190319,46.388435],[15.232487,46.392517],[15.242797694938,46.402877697842],[15.176111590056,46.402877697842],[15.176159,46.402362],[15.175539,46.398098]]],"type":"Polygon"},"id":539,"properties":{"parentKey":"SVN:1159310739","sourceCountryId":"SVN","syntheticOperational":true,"territoryId":"territory:catalog:3f1bcaee043e2012bc1d793e3b1313b24659b850b59a5ab9e4b4437d0f5bd2b3"},"type":"Feature"},{"geometry":{"coordinates":[[[13.527098259858,46.294964028777],[13.558441558442,46.294964028777],[13.558441558442,46.301442142382],[13.550109,46.302032],[13.532435,46.298001],[13.527098259858,46.294964028777]]],"type":"Polygon"},"id":540,"properties":{"parentKey":"SVN:1159310867","sourceCountryId":"SVN","syntheticOperational":true,"territoryId":"territory:catalog:08576e1a2061a8f14aa0a84771624a5eb6d817ec57c9c45b0bb5167ba78a9d69"},"type":"Feature"},{"geometry":{"coordinates":[[[15.362068965517,46.071696584306],[15.368447,46.072124],[15.373730132758,46.079136690647],[15.362068965517,46.079136690647],[15.362068965517,46.071696584306]]],"type":"Polygon"},"id":541,"properties":{"parentKey":"SVN:1159310715","sourceCountryId":"SVN","syntheticOperational":true,"territoryId":"territory:catalog:d810b960e7e954770ef840c11f3f2e57849649e7272da055f78da2f35c009f28"},"type":"Feature"},{"geometry":{"coordinates":[[[13.918331885317,46.407682987668],[13.947242,46.42572],[13.96042,46.432076],[13.972357,46.436184],[13.979488,46.44223],[13.992356,46.444814],[13.999694,46.452927],[14.004655,46.455459],[14.012251,46.460627],[14.014266,46.468973],[14.014922,46.482531],[13.998763,46.480523],[13.98233,46.481918],[13.918331885317,46.50281667153],[13.918331885317,46.407682987668]]],"type":"Polygon"},"id":542,"properties":{"parentKey":"SVN:1159310833","sourceCountryId":"SVN","syntheticOperational":true,"territoryId":"territory:catalog:f542cc30985dce4caeaf65af83186b520af5a7a9ed700be91aeae4f39aa56215"},"type":"Feature"},{"geometry":{"coordinates":[[[14.445144,45.974093],[14.446693440952,45.971223021583],[14.536082474227,45.971223021583],[14.554475685564,45.971223021583],[14.554078,45.972388],[14.533304,45.990216],[14.513306,45.99802],[14.502919,45.997606],[14.480543,45.991896],[14.474342,45.983085],[14.445144,45.974093]]],"type":"Polygon"},"id":543,"properties":{"parentKey":"SVN:1159310699","sourceCountryId":"SVN","syntheticOperational":true,"territoryId":"territory:catalog:c5602def61851adc9d0f2fd18025953138bad7d16e8382d5509b2ba4931ed08a"},"type":"Feature"},{"geometry":{"coordinates":[[[14.97028,46.283842],[15.009968,46.257978],[15.030483,46.253327],[15.042421,46.242139],[15.045521,46.237746],[15.051102,46.226093],[15.066605,46.230512],[15.095027,46.257668],[15.062103474203,46.294964028777],[14.970460571327,46.294964028777],[14.97028,46.283842]]],"type":"Polygon"},"id":544,"properties":{"parentKey":"SVN:1159308651","sourceCountryId":"SVN","syntheticOperational":true,"territoryId":"territory:catalog:3794c625dde5d398af06f72288e9fe25d14c5a05e4613b652839824833c3352e"},"type":"Feature"},{"geometry":{"coordinates":[[[14.226804123711,45.755395683453],[14.313427204075,45.755395683453],[14.299314,45.757259],[14.287531,45.762892],[14.269496,45.776328],[14.258334,45.79059],[14.259419,45.801442],[14.279263,45.837228],[14.276473,45.846117],[14.226804123711,45.861361360896],[14.226804123711,45.755395683453]]],"type":"Polygon"},"id":545,"properties":{"parentKey":"SVN:1159310755","sourceCountryId":"SVN","syntheticOperational":true,"territoryId":"territory:catalog:f81d11e93495beeccd0038abebcb428f06e7954cd0682d28e9e21a67030c2051"},"type":"Feature"},{"geometry":{"coordinates":[[[15.188768,46.517213],[15.195745,46.510908],[15.195970483961,46.510791366906],[15.322770165814,46.510791366906],[15.317236,46.527496],[15.317546,46.532018],[15.319871,46.534679],[15.320647,46.53747],[15.317546,46.540545],[15.301888,46.546642],[15.293516,46.557107],[15.270365,46.572584],[15.220239,46.550854],[15.214813,46.547547],[15.210317,46.543258],[15.209077,46.535609],[15.19931,46.529202],[15.188768,46.517213]]],"type":"Polygon"},"id":546,"properties":{"parentKey":"SVN:1159308673","sourceCountryId":"SVN","syntheticOperational":true,"territoryId":"territory:catalog:1f9245e2569baeb9aaaeb7e267441ea345580ca7f11fc4877b5a0c91944d44ab"},"type":"Feature"},{"geometry":{"coordinates":[[[14.586206896552,45.971223021583],[14.59396530092,45.971223021583],[14.591027,45.980139],[14.594283,45.984739],[14.597383,45.987891],[14.600329,45.98939],[14.603894,45.991741],[14.60653,45.99156],[14.616193,45.996676],[14.586996,46.015409],[14.586206896552,46.015521836966],[14.586206896552,45.971223021583]]],"type":"Polygon"},"id":547,"properties":{"parentKey":"SVN:1159310783","sourceCountryId":"SVN","syntheticOperational":true,"territoryId":"territory:catalog:773dca8e38fd7ee7d668d604a47e4e5228f56bc5d394f12fc2586bf060e567e7"},"type":"Feature"},{"geometry":{"coordinates":[[[14.586206896552,46.181370006961],[14.589058513493,46.187050359712],[14.586206896552,46.187050359712],[14.586206896552,46.181370006961]]],"type":"Polygon"},"id":548,"properties":{"parentKey":"SVN:1159310733","sourceCountryId":"SVN","syntheticOperational":true,"territoryId":"territory:catalog:a27bf419c40a85ad790cd4c99353612deb10ddb86965a18d0f4c9e16e88b5717"},"type":"Feature"},{"geometry":{"coordinates":[[[15.16941789748,46.524172228735],[15.188768,46.517213],[15.19931,46.529202],[15.180552,46.533956],[15.175539,46.54256],[15.176056,46.547495],[15.178226,46.55411],[15.183652,46.560802],[15.187373,46.568837],[15.186753,46.573127],[15.183807,46.577261],[15.185978,46.578398],[15.189543,46.578294],[15.1959,46.579483],[15.201636,46.581963],[15.209852,46.591937],[15.211558,46.597466],[15.211558,46.601652],[15.209232,46.60483],[15.203186,46.608241],[15.197295,46.609713],[15.19497,46.610695],[15.191869,46.612581],[15.184409312942,46.618705035971],[15.182123631309,46.618705035971],[15.16941789748,46.611775987958],[15.16941789748,46.524172228735]]],"type":"Polygon"},"id":549,"properties":{"parentKey":"SVN:1159310813","sourceCountryId":"SVN","syntheticOperational":true,"territoryId":"territory:catalog:a9feb464c806b923c793327bd95c4dbc583ab9e554422745ed179edf5b194f64"},"type":"Feature"},{"geometry":{"coordinates":[[[16.295884,46.810166],[16.296814,46.807014],[16.29821,46.804017],[16.31056,46.79779],[16.311097,46.797519],[16.3149,46.802002],[16.321825,46.813268],[16.327509,46.825463],[16.329783,46.834403],[16.329668902261,46.834532374101],[16.303067,46.834532374101],[16.303067,46.822336],[16.301155,46.816678],[16.295884,46.810166]]],"type":"Polygon"},"id":550,"properties":{"parentKey":"SVN:1159308551","sourceCountryId":"SVN","syntheticOperational":true,"territoryId":"territory:catalog:1e4cf65b969d5eebd2fef869af5dc77f1f3e14fafb3abda8ac81ba5b1b006338"},"type":"Feature"},{"geometry":{"coordinates":[[[15.175539,46.54256],[15.180552,46.533956],[15.19931,46.529202],[15.209077,46.535609],[15.210317,46.543258],[15.214813,46.547547],[15.220239,46.550854],[15.270365,46.572584],[15.284473,46.598577],[15.297857,46.607801],[15.304679,46.6093],[15.320957,46.614623],[15.325803649001,46.617335967229],[15.325803649001,46.618705035971],[15.235602094241,46.618705035971],[15.184409312942,46.618705035971],[15.191869,46.612581],[15.19497,46.610695],[15.197295,46.609713],[15.203186,46.608241],[15.209232,46.60483],[15.211558,46.601652],[15.211558,46.597466],[15.209852,46.591937],[15.201636,46.581963],[15.1959,46.579483],[15.189543,46.578294],[15.185978,46.578398],[15.183807,46.577261],[15.186753,46.573127],[15.187373,46.568837],[15.183652,46.560802],[15.178226,46.55411],[15.176056,46.547495],[15.175539,46.54256]]],"type":"Polygon"},"id":551,"properties":{"parentKey":"SVN:1159310761","sourceCountryId":"SVN","syntheticOperational":true,"territoryId":"territory:catalog:425213881688805a6aeea48738a00c10403e2af237973d1c7f37fedaa5480f17"},"type":"Feature"},{"geometry":{"coordinates":[[[16.297392,46.847033],[16.297435,46.846805],[16.2979,46.844299],[16.303067,46.835591],[16.303067,46.834532374101],[16.329668902261,46.834532374101],[16.325339,46.839442],[16.310663,46.84001],[16.301878,46.843214],[16.297392,46.847033]]],"type":"Polygon"},"id":552,"properties":{"parentKey":"SVN:1159308551","sourceCountryId":"SVN","syntheticOperational":true,"territoryId":"territory:catalog:7b3bde384fdce2798affbf8f5f68c6b03acae8565c48f968039ead6313af5244"},"type":"Feature"},{"geometry":{"coordinates":[[[14.919507,46.615017],[14.920154,46.613641],[14.943409,46.600748],[14.960203,46.599688],[14.96625,46.596898],[14.970901,46.591601],[14.981908,46.582015],[14.997876,46.573101],[15.007487,46.568941],[15.012345,46.562533],[15.01303214596,46.561254021874],[15.01303214596,46.618705035971],[14.985939654724,46.618705035971],[14.967179,46.600257],[14.948530157201,46.618705035971],[14.927995872596,46.618705035971],[14.919507,46.615017]]],"type":"Polygon"},"id":553,"properties":{"parentKey":"SVN:1159310685","sourceCountryId":"SVN","syntheticOperational":true,"territoryId":"territory:catalog:47e645d37bba338775654e145245f832cbf6a5bafcb6b5cb6870e287dee67ed1"},"type":"Feature"},{"geometry":{"coordinates":[[[14.649350649351,46.294964028777],[14.678550313946,46.294964028777],[14.676862,46.299655],[14.670609,46.31061],[14.649350649351,46.331316301334],[14.649350649351,46.294964028777]]],"type":"Polygon"},"id":554,"properties":{"parentKey":"SVN:1159308561","sourceCountryId":"SVN","syntheticOperational":true,"territoryId":"territory:catalog:3115a35b7ddb0e57a15b7c62c2c7562ab205c2ed929e1f85c3319c2bedc28a09"},"type":"Feature"},{"geometry":{"coordinates":[[[14.181818181818,46.28363940148],[14.227948,46.275057],[14.234305,46.273197],[14.274612,46.274902],[14.267636,46.290353],[14.266588192552,46.294964028777],[14.181818181818,46.294964028777],[14.181818181818,46.28363940148]]],"type":"Polygon"},"id":555,"properties":{"parentKey":"SVN:1159310839","sourceCountryId":"SVN","syntheticOperational":true,"territoryId":"territory:catalog:b796ff03dd68b653c4c8ceefc54c2d115a132ce69dcc0733da3192e5376bbe8c"},"type":"Feature"},{"geometry":{"coordinates":[[[14.386182,45.707495],[14.393365,45.689305],[14.416619,45.670753],[14.425766,45.661606],[14.426139799278,45.647482014388],[14.473909324209,45.647482014388],[14.473909324209,45.745367502549],[14.410573,45.710078],[14.386182,45.707495]]],"type":"Polygon"},"id":556,"properties":{"parentKey":"SVN:1159308569","sourceCountryId":"SVN","syntheticOperational":true,"territoryId":"territory:catalog:ae9dc2b9f9bdcc382ed9968937899e07149a9b29d84f93511f98a8b2d4208d43"},"type":"Feature"},{"geometry":{"coordinates":[[[16.107732406603,46.607859835633],[16.112019,46.608008],[16.107732406603,46.613789025166],[16.107732406603,46.607859835633]]],"type":"Polygon"},"id":557,"properties":{"parentKey":"SVN:1159310659","sourceCountryId":"SVN","syntheticOperational":true,"territoryId":"territory:catalog:5d0e70a7fbfa10572036b868e76a06a7bfdca68ec373e23b383350c898d49c41"},"type":"Feature"},{"geometry":{"coordinates":[[[15.330258880221,45.755395683453],[15.33093,45.752867],[15.331031,45.752486],[15.343536681453,45.755395683453],[15.330258880221,45.755395683453]]],"type":"Polygon"},"id":558,"properties":{"parentKey":"SVN:1159310775","sourceCountryId":"SVN","syntheticOperational":true,"territoryId":"territory:catalog:490e8fa2215b9616801be6e96db3360f31fa9dc31b576d11fa408c8261cfc0d3"},"type":"Feature"},{"geometry":{"coordinates":[[[14.868788,45.887354],[14.871423,45.87751],[14.877159,45.869552],[14.929456,45.870585],[14.938603,45.868622],[14.94868,45.863661],[14.949003968337,45.863309352518],[15,45.863309352518],[15,45.964456031193],[14.999891,45.96443],[14.984951593525,45.971223021583],[14.947994740135,45.971223021583],[14.939533,45.966187],[14.927286,45.962983],[14.908837,45.949185],[14.888787,45.94133],[14.881965,45.932623],[14.87871,45.925001],[14.874059,45.898749],[14.868788,45.887354]]],"type":"Polygon"},"id":559,"properties":{"parentKey":"SVN:1159310801","sourceCountryId":"SVN","syntheticOperational":true,"territoryId":"territory:catalog:0b91d5fc23027ccf6f02c1a77da371c147d3a7d3fceac3aa126097c6f704f03e"},"type":"Feature"},{"geometry":{"coordinates":[[[14.120875,46.392724],[14.137463,46.372157],[14.159322,46.381717],[14.168676,46.381045],[14.180148,46.381769],[14.181818181818,46.382599829831],[14.181818181818,46.402877697842],[14.12589571138,46.402877697842],[14.120875,46.392724]]],"type":"Polygon"},"id":560,"properties":{"parentKey":"SVN:1159308679","sourceCountryId":"SVN","syntheticOperational":true,"territoryId":"territory:catalog:13b744e28b770b97ae0ac6eaa9cdba32d690c60fcafa65bcf648aef202a782e6"},"type":"Feature"},{"geometry":{"coordinates":[[[13.974690965535,46.187050359712],[13.988288851951,46.187050359712],[13.989255,46.194597],[13.974690965535,46.187050359712]]],"type":"Polygon"},"id":561,"properties":{"parentKey":"SVN:1159310825","sourceCountryId":"SVN","syntheticOperational":true,"territoryId":"territory:catalog:11979eb5eb132d468ed3360d2366a0457d0b99ee2a2d25cbf38b0155364e44e2"},"type":"Feature"},{"geometry":{"coordinates":[[[15.363331,46.181316],[15.374959,46.167777],[15.373253,46.158061],[15.367052,46.149638],[15.370928,46.135737],[15.403329,46.15217],[15.407101,46.152687],[15.411752,46.152067],[15.413302,46.149121],[15.421984,46.141292],[15.425705,46.138889],[15.435007,46.135014],[15.438572,46.131784],[15.440278,46.128554],[15.439037,46.125764],[15.438417,46.122611],[15.437332,46.119614],[15.435627,46.118116],[15.431596,46.118322],[15.4271,46.120338],[15.423069,46.124007],[15.420124,46.12566],[15.416868,46.124833],[15.415783,46.122353],[15.413923,46.120079],[15.405706,46.115299],[15.398368,46.109511],[15.394182,46.108142],[15.389996,46.10747],[15.38271,46.108194],[15.378989,46.097807],[15.380074,46.089151],[15.377284,46.083854],[15.373730132758,46.079136690647],[15.489123624065,46.079136690647],[15.486528,46.087756],[15.476451,46.102225],[15.478466,46.108116],[15.481567,46.11269],[15.487923,46.111966],[15.491799,46.110416],[15.49924,46.109331],[15.507457,46.112483],[15.51724137931,46.12110420135],[15.51724137931,46.159459023104],[15.5165,46.159405],[15.505131,46.156976],[15.491179,46.1608],[15.483582,46.165916],[15.478466,46.173332],[15.476141,46.179068],[15.468777751232,46.187050359712],[15.428571428571,46.187050359712],[15.363506151885,46.187050359712],[15.363331,46.181316]]],"type":"Polygon"},"id":562,"properties":{"parentKey":"SVN:1159308593","sourceCountryId":"SVN","syntheticOperational":true,"territoryId":"territory:catalog:ff39cf6f25940675ee4f0d527847163d678bfddc8b40555c704e2a80d68eb49c"},"type":"Feature"},{"geometry":{"coordinates":[[[14.741379310345,46.163914721371],[14.772101,46.168371],[14.804554,46.165193],[14.828429,46.160284],[14.825018,46.16602],[14.818197,46.168758],[14.816801,46.170515],[14.819902,46.171911],[14.885686,46.177285],[14.892662,46.179249],[14.896551724138,46.184293942961],[14.896551724138,46.187050359712],[14.805194805195,46.187050359712],[14.741379310345,46.187050359712],[14.741379310345,46.163914721371]]],"type":"Polygon"},"id":563,"properties":{"parentKey":"SVN:1159310729","sourceCountryId":"SVN","syntheticOperational":true,"territoryId":"territory:catalog:e0a71300b46dccd75a683db411993751842693861ce49f1436095474beff9c6e"},"type":"Feature"},{"geometry":{"coordinates":[[[14.971986,45.711577],[14.976637,45.702895],[14.981132,45.696591],[14.999891,45.681786],[15.020096,45.665017],[15.024592,45.647498],[15.024604871314,45.647482014388],[15.040231373338,45.647482014388],[15.04087,45.651426],[15.045211,45.65711],[15.06366,45.675559],[15.072858,45.682225],[15.084485,45.686281],[15.089820359281,45.685738539725],[15.089820359281,45.73709921211],[15.08061,45.744159],[15.079369,45.749146],[15.076114,45.754313],[15.075095017402,45.755395683453],[15,45.755395683453],[14.983049852927,45.755395683453],[14.983613,45.749172],[14.980202,45.741446],[14.971986,45.711577]]],"type":"Polygon"},"id":564,"properties":{"parentKey":"SVN:1159308655","sourceCountryId":"SVN","syntheticOperational":true,"territoryId":"territory:catalog:e0099af1589dc47d2a61de754dd7b3193be35be9d28b6829efcc43d26fee47cc"},"type":"Feature"},{"geometry":{"coordinates":[[[14.431034482759,46.079136690647],[14.586206896552,46.079136690647],[14.586206896552,46.106069092596],[14.569323,46.10778],[14.539661,46.116229],[14.520592,46.132378],[14.513926,46.145556],[14.487209,46.139587],[14.476357,46.138786],[14.469226,46.143463],[14.460389,46.13398],[14.446281,46.128347],[14.433207,46.128399],[14.431034482759,46.127763241336],[14.431034482759,46.104579440202],[14.431037,46.104576],[14.434913,46.100907],[14.437858,46.097445],[14.435688,46.095636],[14.431034482759,46.09431980777],[14.431034482759,46.079136690647]]],"type":"Polygon"},"id":565,"properties":{"parentKey":"SVN:1159310719","sourceCountryId":"SVN","syntheticOperational":true,"territoryId":"territory:catalog:246843997b607301e265003194dbbb48a6fbf0c54bed9e53f2a556fb56ac0764"},"type":"Feature"},{"geometry":{"coordinates":[[[14.586206896552,46.144279662688],[14.589787,46.147674],[14.586206896552,46.146882595096],[14.586206896552,46.144279662688]]],"type":"Polygon"},"id":566,"properties":{"parentKey":"SVN:1159308629","sourceCountryId":"SVN","syntheticOperational":true,"territoryId":"territory:catalog:077599a66f9542f03f6d24aee6dc1b530d578bd2052b4df6076b594509ec6935"},"type":"Feature"},{"geometry":{"coordinates":[[[13.965517241379,46.086258973242],[13.976995922926,46.079136690647],[14.023218747636,46.079136690647],[14.021863,46.0822],[14.024343,46.092691],[14.027754,46.101631],[14.073694,46.158061],[14.067493,46.167286],[14.040621,46.173151],[14.002949,46.175683],[13.993596,46.17806],[13.98848,46.18067],[13.98817,46.186122],[13.988288851951,46.187050359712],[13.974690965535,46.187050359712],[13.965517241379,46.182296814499],[13.965517241379,46.086258973242]]],"type":"Polygon"},"id":567,"properties":{"parentKey":"SVN:1159310825","sourceCountryId":"SVN","syntheticOperational":true,"territoryId":"territory:catalog:c3a7ff98e3df78b0e9639059275a8b0ad0bed4e730ab54826891033ca50038bb"},"type":"Feature"},{"geometry":{"coordinates":[[[14.594283,46.096618],[14.595833,46.088402],[14.615573,46.080082],[14.620741812283,46.079136690647],[14.662777857179,46.079136690647],[14.677947,46.082614],[14.683838,46.081813],[14.689506115837,46.079136690647],[14.709991027373,46.079136690647],[14.712363,46.079307],[14.741379310345,46.089380685302],[14.741379310345,46.099439739953],[14.734739,46.099047],[14.726316,46.100339],[14.721665,46.10623],[14.715929,46.109951],[14.703527,46.111553],[14.687249,46.117289],[14.666423,46.117625],[14.65309,46.113051],[14.629216,46.102225],[14.617434,46.098375],[14.594283,46.096618]]],"type":"Polygon"},"id":568,"properties":{"parentKey":"SVN:1159310683","sourceCountryId":"SVN","syntheticOperational":true,"territoryId":"territory:catalog:31477733094d09c39aa42c1b102aa484a47ce11c0dd6ab4e5af754c1aae98259"},"type":"Feature"},{"geometry":{"coordinates":[[[14.493506493506,46.294964028777],[14.546382656412,46.294964028777],[14.543691,46.298751],[14.544001,46.31198],[14.515321,46.29981],[14.500852,46.296606],[14.493506493506,46.296450079198],[14.493506493506,46.294964028777]]],"type":"Polygon"},"id":569,"properties":{"parentKey":"SVN:1159310675","sourceCountryId":"SVN","syntheticOperational":true,"territoryId":"territory:catalog:a2c19c8571397ed54d0ceb353343a4229111014931b28d1a8e8f59825dfb1def"},"type":"Feature"},{"geometry":{"coordinates":[[[15.325803649001,46.510791366906],[15.430309929252,46.510791366906],[15.440588,46.518479],[15.449114,46.531553],[15.45082,46.537754],[15.449889,46.541914],[15.459656,46.550027],[15.461723,46.568269],[15.457486,46.576641],[15.45113,46.581085],[15.443378,46.584702],[15.435937,46.57478],[15.430356,46.57478],[15.42555,46.575142],[15.410202,46.582428],[15.407566,46.583358],[15.388291,46.587803],[15.376044,46.588733],[15.371393,46.587338],[15.369067,46.583927],[15.369222,46.575452],[15.366587,46.568837],[15.348449,46.551319],[15.33925,46.534498],[15.329173,46.524757],[15.325803649001,46.517278800733],[15.325803649001,46.510791366906]]],"type":"Polygon"},"id":570,"properties":{"parentKey":"SVN:1159308627","sourceCountryId":"SVN","syntheticOperational":true,"territoryId":"territory:catalog:d99ec98f1378e88a23734578bedc46fc227621a2e5df2f965985821dc9e2c1e4"},"type":"Feature"},{"geometry":{"coordinates":[[[15.195107293774,46.187050359712],[15.206896551724,46.187050359712],[15.272727272727,46.187050359712],[15.272727272727,46.192741320566],[15.264629,46.193822],[15.257343,46.197129],[15.248506,46.197491],[15.229076,46.191961],[15.221635,46.192478],[15.218224,46.193098],[15.216364,46.19824],[15.203961,46.18824],[15.195107293774,46.187050359712]]],"type":"Polygon"},"id":571,"properties":{"parentKey":"SVN:1159310715","sourceCountryId":"SVN","syntheticOperational":true,"territoryId":"territory:catalog:dedef4c6fe39123c66ea0092282a6faadb49f7f0dc8ad243ddf7d7de4c2ed3da"},"type":"Feature"},{"geometry":{"coordinates":[[[14.226804123711,45.949714118383],[14.229964,45.94872],[14.238956,45.944379],[14.26035,45.929238],[14.285671,45.907379],[14.299159,45.885727],[14.30939,45.89123],[14.325669,45.887329],[14.364788,45.867485],[14.37626,45.87149],[14.363857,45.882316],[14.357501,45.889215],[14.337502,45.925517],[14.33435,45.934354],[14.33373,45.943294],[14.337813,45.954766],[14.341688,45.957919],[14.344169,45.961123],[14.365563,45.965463],[14.369316795343,45.971223021583],[14.275862068966,45.971223021583],[14.226804123711,45.971223021583],[14.226804123711,45.949714118383]]],"type":"Polygon"},"id":572,"properties":{"parentKey":"SVN:1159310811","sourceCountryId":"SVN","syntheticOperational":true,"territoryId":"territory:catalog:6b2d5faa00a6fc153b8d2354ac6cfadb1b40ffe8fab850f9f46e83db1b573685"},"type":"Feature"},{"geometry":{"coordinates":[[[13.959850696247,45.539568345324],[13.964194373402,45.535941472414],[13.964194373402,45.539568345324],[13.959850696247,45.539568345324]]],"type":"Polygon"},"id":573,"properties":{"parentKey":"SVN:1159310861","sourceCountryId":"SVN","syntheticOperational":true,"territoryId":"territory:catalog:9bf99a4da9295c3ae097d53b99b8988c9fa2de77bea3b623bd18d64ce90e56bd"},"type":"Feature"},{"geometry":{"coordinates":[[[15.51724137931,45.971223021583],[15.571404498456,45.971223021583],[15.571381,45.972233],[15.58368,45.993989],[15.56859,45.997761],[15.564714,45.999983],[15.563939,46.004634],[15.559443,46.017114],[15.548436,46.044115],[15.537739,46.052642],[15.524872,46.059256],[15.51743,46.059876],[15.51724137931,46.059935213359],[15.51724137931,45.971223021583]]],"type":"Polygon"},"id":574,"properties":{"parentKey":"SVN:1159310711","sourceCountryId":"SVN","syntheticOperational":true,"territoryId":"territory:catalog:b3d1913a421772cabaadad8a41241ba5f7f812b7412bfca5ecd6fdf4e3a62927"},"type":"Feature"},{"geometry":{"coordinates":[[[15.362068965517,46.079136690647],[15.373730132758,46.079136690647],[15.377284,46.083854],[15.380074,46.089151],[15.378989,46.097807],[15.38271,46.108194],[15.370928,46.135737],[15.367052,46.149638],[15.373253,46.158061],[15.374959,46.167777],[15.363331,46.181316],[15.362068965517,46.180942353156],[15.362068965517,46.079136690647]]],"type":"Polygon"},"id":575,"properties":{"parentKey":"SVN:1159310715","sourceCountryId":"SVN","syntheticOperational":true,"territoryId":"territory:catalog:80dc2cff95234627a62d4ad4017f7141fcb340e73f6695a1ad3614510c66db86"},"type":"Feature"},{"geometry":{"coordinates":[[[15.01303214596,46.402877697842],[15.087915698422,46.402877697842],[15.089291,46.426469],[15.01303214596,46.443836228951],[15.01303214596,46.402877697842]]],"type":"Polygon"},"id":576,"properties":{"parentKey":"SVN:1159310793","sourceCountryId":"SVN","syntheticOperational":true,"territoryId":"territory:catalog:10edd0a291ded5b07f09d97902fd456a324e3127d1933528930cc6fd68baa3f2"},"type":"Feature"},{"geometry":{"coordinates":[[[13.918331885317,46.402877697842],[14.025974025974,46.402877697842],[14.074717636838,46.402877697842],[14.074717636838,46.41343520899],[14.072764,46.414583],[13.992356,46.444814],[13.979488,46.44223],[13.972357,46.436184],[13.96042,46.432076],[13.947242,46.42572],[13.918331885317,46.407682987668],[13.918331885317,46.402877697842]]],"type":"Polygon"},"id":577,"properties":{"parentKey":"SVN:1159310821","sourceCountryId":"SVN","syntheticOperational":true,"territoryId":"territory:catalog:d2b8283f9e545bf862d28cf9a3c2d32d54ed150db78265c00c66e9b8b62ce2b7"},"type":"Feature"},{"geometry":{"coordinates":[[[15.195970483961,46.510791366906],[15.22272,46.496955],[15.238274,46.49463],[15.258428,46.495586],[15.31212,46.49246],[15.322817,46.51065],[15.322770165814,46.510791366906],[15.195970483961,46.510791366906]]],"type":"Polygon"},"id":578,"properties":{"parentKey":"SVN:1159308673","sourceCountryId":"SVN","syntheticOperational":true,"territoryId":"territory:catalog:32f74df6e5f3db1d600abeee7f166442ff6880827612317b395968f300ecbf09"},"type":"Feature"},{"geometry":{"coordinates":[[[14.970745,46.197775],[14.999891,46.198989],[15.018391,46.191212],[15.045056,46.193305],[15.051567,46.207567],[15.052498,46.21134],[15.051102,46.226093],[15.045521,46.237746],[15.042421,46.242139],[15.030483,46.253327],[15.009968,46.257978],[14.974931,46.21842],[14.972451,46.21165],[14.970745,46.197775]]],"type":"Polygon"},"id":579,"properties":{"parentKey":"SVN:1159308637","sourceCountryId":"SVN","syntheticOperational":true,"territoryId":"territory:catalog:0935914a94f6c9ae0f592dffa6a9ddce0bb39278fd3d82c4018b9ba00857a10c"},"type":"Feature"},{"geometry":{"coordinates":[[[14.426463412922,46.402877697842],[14.493506493506,46.402877697842],[14.517469311821,46.402877697842],[14.515837,46.40536],[14.502194,46.418356],[14.467675,46.412672],[14.450931,46.414481],[14.437145,46.418884],[14.434292,46.416082],[14.426463412922,46.402877697842]]],"type":"Polygon"},"id":580,"properties":{"parentKey":"SVN:1159308631","sourceCountryId":"SVN","syntheticOperational":true,"territoryId":"territory:catalog:9f6568f1374ab780776108a18745c15a40b437dd6e1f2873ac2235e7d98f49f6"},"type":"Feature"},{"geometry":{"coordinates":[[[14.165953806672,45.705937353174],[14.172241,45.706823],[14.201697,45.716305],[14.21968,45.717106],[14.256474,45.726744],[14.271512,45.734857],[14.319931565441,45.752893934645],[14.319931565441,45.754536935567],[14.313427204075,45.755395683453],[14.226804123711,45.755395683453],[14.165953806672,45.755395683453],[14.165953806672,45.705937353174]]],"type":"Polygon"},"id":581,"properties":{"parentKey":"SVN:1159310755","sourceCountryId":"SVN","syntheticOperational":true,"territoryId":"territory:catalog:ed981ef4cc4f42ba8cbfc77127d846b79dd9d34cf159e235345f86b13213186c"},"type":"Feature"},{"geometry":{"coordinates":[[[15.645743,46.642761],[15.657160637952,46.618705035971],[15.706806282723,46.618705035971],[15.706806282723,46.67559405015],[15.704551,46.675472],[15.69866,46.676867],[15.694164,46.676789],[15.691528,46.676402],[15.687963,46.673172],[15.685172,46.665782],[15.678454,46.657152],[15.676749,46.652269],[15.677059,46.649944],[15.677834,46.648936],[15.675044,46.647696],[15.672408,46.646042],[15.645743,46.642761]]],"type":"Polygon"},"id":582,"properties":{"parentKey":"SVN:1159310751","sourceCountryId":"SVN","syntheticOperational":true,"territoryId":"territory:catalog:5b76710e45fec3d89a1eb2fe06cbf88ad9f80a03f4bb288539267bb4faeec989"},"type":"Feature"},{"geometry":{"coordinates":[[[13.74084671153,45.755395683453],[13.778724,45.743411],[13.857998289136,45.649843760974],[13.857998289136,45.755395683453],[13.762886597938,45.755395683453],[13.74084671153,45.755395683453]]],"type":"Polygon"},"id":583,"properties":{"parentKey":"SVN:1159310879","sourceCountryId":"SVN","syntheticOperational":true,"territoryId":"territory:catalog:486b5dbdc3c25f9ea664cee7703608932385cd9758017d2813dc385d0d30bca5"},"type":"Feature"},{"geometry":{"coordinates":[[[14.901702336678,46.402877697842],[14.902171,46.393913],[14.939533,46.401302],[14.949765,46.396781],[14.961038961039,46.394644495327],[14.961038961039,46.402877697842],[14.901702336678,46.402877697842]]],"type":"Polygon"},"id":584,"properties":{"parentKey":"SVN:1159310793","sourceCountryId":"SVN","syntheticOperational":true,"territoryId":"territory:catalog:67261439b642abc4d1bf6fcc0fa31ad8afbafb049830bbc74516f03ec6d68dc1"},"type":"Feature"},{"geometry":{"coordinates":[[[14.876848221018,45.863309352518],[14.949003968337,45.863309352518],[14.94868,45.863661],[14.938603,45.868622],[14.929456,45.870585],[14.877159,45.869552],[14.876848221018,45.863309352518]]],"type":"Polygon"},"id":585,"properties":{"parentKey":"SVN:1159308633","sourceCountryId":"SVN","syntheticOperational":true,"territoryId":"territory:catalog:bc552f722e7e14f7fc1b3a45816799f95453981d5486d08b4d38ffee2694e43c"},"type":"Feature"},{"geometry":{"coordinates":[[[15,45.781038998317],[15.003612,45.782374],[15.014981,45.784777],[15.033429,45.781211],[15.058079,45.781082],[15.086036,45.806145],[15.052498,45.823663],[15.048777,45.826144],[15.037305,45.840871],[15.025678,45.837978],[15.019631,45.839709],[15.015446,45.844851],[15,45.849109945291],[15,45.781038998317]]],"type":"Polygon"},"id":586,"properties":{"parentKey":"SVN:1159308633","sourceCountryId":"SVN","syntheticOperational":true,"territoryId":"territory:catalog:2b777bfe56ec339c96897246b7826641709645649005ba051dd95ed61357de9d"},"type":"Feature"},{"geometry":{"coordinates":[[[14.120689655172,46.074532668247],[14.129867,46.073157],[14.140564,46.069746],[14.146455,46.066129],[14.159012,46.054967],[14.165885,46.050006],[14.186814,46.037914],[14.206813,46.060083],[14.207588,46.066904],[14.210068,46.073467],[14.210487547836,46.079136690647],[14.120689655172,46.079136690647],[14.120689655172,46.074532668247]]],"type":"Polygon"},"id":587,"properties":{"parentKey":"SVN:1159310827","sourceCountryId":"SVN","syntheticOperational":true,"territoryId":"territory:catalog:d28081e60f49b1f7f3695d7470592a0950fa5d817a7331846b9d102f5065617b"},"type":"Feature"},{"geometry":{"coordinates":[[[13.917525773196,45.801392627602],[13.931377,45.793226],[13.983519,45.772943],[13.989875,45.76501],[14.002794,45.76992],[14.005275,45.771367],[14.012251,45.771057],[14.015817,45.77054],[14.037211,45.761006],[14.043567,45.772917],[14.048838,45.778085],[14.052094,45.796947],[14.058656,45.808625],[14.046047,45.836944],[14.021708,45.848055],[14.018142,45.855289],[14.015370224677,45.863309352518],[13.932267578527,45.863309352518],[13.921921,45.855651],[13.917525773196,45.853736890616],[13.917525773196,45.801392627602]]],"type":"Polygon"},"id":588,"properties":{"parentKey":"SVN:1159310881","sourceCountryId":"SVN","syntheticOperational":true,"territoryId":"territory:catalog:fe0312d9ef12dfb8a8b12ccc651ad51107b0192d6f696cce777efff1a4190f13"},"type":"Feature"},{"geometry":{"coordinates":[[[15.322880693773,46.510791366906],[15.325803649001,46.510791366906],[15.325803649001,46.517278800733],[15.322880693773,46.510791366906]]],"type":"Polygon"},"id":589,"properties":{"parentKey":"SVN:1159308627","sourceCountryId":"SVN","syntheticOperational":true,"territoryId":"territory:catalog:a47cbe139dc829a4b7871593e16a4f71f3d8fd20f5d774de45925e85e0cc4cfb"},"type":"Feature"},{"geometry":{"coordinates":[[[14.210999,45.957195],[14.214254,45.952493],[14.21875,45.950658],[14.223556,45.950736],[14.226804123711,45.949714118383],[14.226804123711,45.971223021583],[14.216355501204,45.971223021583],[14.217045,45.967892],[14.212704,45.962053],[14.210999,45.957195]]],"type":"Polygon"},"id":590,"properties":{"parentKey":"SVN:1159310811","sourceCountryId":"SVN","syntheticOperational":true,"territoryId":"territory:catalog:d28695435e8f9433c9312a11dea463171d85b486ce0f84a158548ac72a4e997c"},"type":"Feature"},{"geometry":{"coordinates":[[[13.938354,45.642641],[13.950808,45.635974],[13.971427,45.633081],[13.987705,45.627138],[14.006205,45.617784],[14.011976047904,45.615828526043],[14.011976047904,45.647482014388],[13.939746642085,45.647482014388],[13.938354,45.642641]]],"type":"Polygon"},"id":591,"properties":{"parentKey":"SVN:1159310859","sourceCountryId":"SVN","syntheticOperational":true,"territoryId":"territory:catalog:03b7db333d3d2a0664817c25c9ded89e8f468994399ac8fbbb063de63aa8053a"},"type":"Feature"},{"geometry":{"coordinates":[[[14.53594,46.360323],[14.545552,46.352675],[14.546792,46.346267],[14.544467,46.336552],[14.548652,46.329369],[14.550513,46.32508],[14.553148,46.321333],[14.544001,46.31198],[14.543691,46.298751],[14.546382656412,46.294964028777],[14.649350649351,46.294964028777],[14.649350649351,46.331316301334],[14.646734,46.333865],[14.639913,46.366369],[14.609786,46.361977],[14.595678,46.361408],[14.568703,46.368798],[14.53594,46.360323]]],"type":"Polygon"},"id":592,"properties":{"parentKey":"SVN:1159308561","sourceCountryId":"SVN","syntheticOperational":true,"territoryId":"territory:catalog:ad3e33dc9836ad7aca45fdd0721a1f87478cb634563fa1fdbf73df75d257b51b"},"type":"Feature"},{"geometry":{"coordinates":[[[14.428866,46.029025],[14.431034482759,46.027045193333],[14.431034482759,46.029983657097],[14.428866,46.029025]]],"type":"Polygon"},"id":593,"properties":{"parentKey":"SVN:1159310719","sourceCountryId":"SVN","syntheticOperational":true,"territoryId":"territory:catalog:f52886741ebd1c4dfda8f1a694ddfa9d89c14367dc3dfc8a386878688fafcb7f"},"type":"Feature"},{"geometry":{"coordinates":[[[16.351271294778,46.618705035971],[16.395343208724,46.618705035971],[16.394585,46.619016],[16.376395,46.629093],[16.372246,46.636341],[16.371952,46.636223],[16.366991,46.634234],[16.351271294778,46.618705035971]]],"type":"Polygon"},"id":594,"properties":{"parentKey":"SVN:1159308687","sourceCountryId":"SVN","syntheticOperational":true,"territoryId":"territory:catalog:32c384e631638dd13998cd8d0d3d8a47e98ddaca853d64f2807c9f3f51741c64"},"type":"Feature"},{"geometry":{"coordinates":[[[15.191815856778,45.4275797508],[15.205212476577,45.431071387035],[15.207450425621,45.431654676259],[15.191815856778,45.431654676259],[15.191815856778,45.4275797508]]],"type":"Polygon"},"id":595,"properties":{"parentKey":"SVN:1159310681","sourceCountryId":"SVN","syntheticOperational":true,"territoryId":"territory:catalog:79b3518bfb0f65c76a2626701fe670cb79e7c6d5311020d5cdace73bc7d36e54"},"type":"Feature"},{"geometry":{"coordinates":[[[15.862836,46.610954],[15.875393,46.605941],[15.893066,46.58819],[15.898182,46.584289],[15.902368,46.583462],[15.905314,46.585038],[15.911412,46.585167],[15.915132,46.585839],[15.926139,46.591007],[15.933271,46.596407],[15.916373,46.610799],[15.913582,46.61855],[15.913573307442,46.618705035971],[15.864691988368,46.618705035971],[15.862836,46.610954]]],"type":"Polygon"},"id":596,"properties":{"parentKey":"SVN:1159308545","sourceCountryId":"SVN","syntheticOperational":true,"territoryId":"territory:catalog:388d2e5964b00c61d7e64183995a9677a234766e89d1882eca9bec13ba2aabdd"},"type":"Feature"},{"geometry":{"coordinates":[[[15.16941789748,46.411019312103],[15.169958,46.410914],[15.175539,46.409106],[15.176111590056,46.402877697842],[15.242797694938,46.402877697842],[15.253932,46.414066],[15.26711,46.437269],[15.273466,46.443289],[15.281062,46.446726],[15.298012,46.44993],[15.324832,46.451248],[15.325803649001,46.454508909545],[15.325803649001,46.460719999685],[15.324522,46.463056],[15.317701,46.469722],[15.315686,46.482176],[15.31212,46.49246],[15.258428,46.495586],[15.238274,46.49463],[15.22272,46.496955],[15.195970483961,46.510791366906],[15.195686129166,46.510791366906],[15.186133,46.491865],[15.16941789748,46.475059775929],[15.16941789748,46.411019312103]]],"type":"Polygon"},"id":597,"properties":{"parentKey":"SVN:1159310739","sourceCountryId":"SVN","syntheticOperational":true,"territoryId":"territory:catalog:f327c033d1fa6cd276a5390108ced7d97f7580a0e60d505c15261cc688b9be22"},"type":"Feature"},{"geometry":{"coordinates":[[[15.468777751232,46.187050359712],[15.476141,46.179068],[15.478466,46.173332],[15.483582,46.165916],[15.491179,46.1608],[15.505131,46.156976],[15.5165,46.159405],[15.51724137931,46.159459023104],[15.51724137931,46.187050359712],[15.468777751232,46.187050359712]]],"type":"Polygon"},"id":598,"properties":{"parentKey":"SVN:1159310789","sourceCountryId":"SVN","syntheticOperational":true,"territoryId":"territory:catalog:c98a57eff452bed0caf4b269ebdc996f1c650bbe306a5f3c6b92f6294d3d1c14"},"type":"Feature"},{"geometry":{"coordinates":[[[13.655172413793,46.079136690647],[13.764160150464,46.079136690647],[13.766891,46.08189],[13.768907,46.101605],[13.708549,46.128037],[13.704208,46.133334],[13.696921,46.136254],[13.686845,46.146021],[13.684984,46.153462],[13.666536,46.175166],[13.655172413793,46.173487678864],[13.655172413793,46.079136690647]]],"type":"Polygon"},"id":599,"properties":{"parentKey":"SVN:1159310865","sourceCountryId":"SVN","syntheticOperational":true,"territoryId":"territory:catalog:54c4e283877654a6e63ffeeec2aeaf105e2a796ce4d8e19dc266a6114f12e699"},"type":"Feature"},{"geometry":{"coordinates":[[[13.762886597938,45.887962360873],[13.768907,45.885313],[13.786942,45.87273],[13.791283,45.868828],[13.794848,45.864953],[13.797015070936,45.863309352518],[13.917525773196,45.863309352518],[13.917525773196,45.955807242694],[13.900992,45.969132],[13.89510692287,45.971223021583],[13.81936256945,45.971223021583],[13.798879,45.960864],[13.774384,45.931977],[13.762886597938,45.922418873222],[13.762886597938,45.887962360873]]],"type":"Polygon"},"id":600,"properties":{"parentKey":"SVN:1159310851","sourceCountryId":"SVN","syntheticOperational":true,"territoryId":"territory:catalog:1082d05ed8e4b22e365c8ccf7b2d3b38df3ae8353206dbdab892391be2797357"},"type":"Feature"},{"geometry":{"coordinates":[[[14.722746474375,45.971223021583],[14.741379310345,45.971223021583],[14.741379310345,45.998766106431],[14.740165,45.998149],[14.733189,45.982077],[14.722746474375,45.971223021583]]],"type":"Polygon"},"id":601,"properties":{"parentKey":"SVN:1159310703","sourceCountryId":"SVN","syntheticOperational":true,"territoryId":"territory:catalog:1e8f5d46ee2c31c2d104a51e82efc15397818d76c3683640e0ad45caa09725cf"},"type":"Feature"},{"geometry":{"coordinates":[[[13.685853,46.464047],[13.690255,46.453961],[13.687,46.43174],[13.69196,46.429311],[13.702347,46.430215],[13.712579,46.432257],[13.738366,46.440266],[13.750923,46.438199],[13.761946133797,46.434767225369],[13.761946133797,46.510791366906],[13.700764892658,46.510791366906],[13.699194,46.504837],[13.695474,46.498636],[13.689893,46.493339],[13.688446,46.467759],[13.685853,46.464047]]],"type":"Polygon"},"id":602,"properties":{"parentKey":"SVN:1159310833","sourceCountryId":"SVN","syntheticOperational":true,"territoryId":"territory:catalog:26152495b43e56f70afe40b9d4fc35c5dabde2b2b95b5d44e7427f12235360ac"},"type":"Feature"},{"geometry":{"coordinates":[[[14.781864841745,45.647482014388],[14.935842600513,45.647482014388],[14.935842600513,45.755395683453],[14.908823365774,45.755395683453],[14.895763,45.745115],[14.877004,45.743927],[14.869718,45.752246],[14.862990180112,45.755395683453],[14.845360824742,45.755395683453],[14.810915902023,45.755395683453],[14.795872,45.7431],[14.822382,45.727855],[14.789361,45.674112],[14.788276,45.663466],[14.781864841745,45.654389411452],[14.781864841745,45.647482014388]]],"type":"Polygon"},"id":603,"properties":{"parentKey":"SVN:1159308563","sourceCountryId":"SVN","syntheticOperational":true,"territoryId":"territory:catalog:fc3b8a971ad623a49b5e8f2bce7f59eeafa5c6053b8c8be8efd3fec8c160dca4"},"type":"Feature"},{"geometry":{"coordinates":[[[14.369316795343,45.971223021583],[14.381443298969,45.971223021583],[14.431034482759,45.971223021583],[14.431034482759,46.027045193333],[14.428866,46.029025],[14.412433,46.034865],[14.407317,46.035769],[14.385251,46.032229],[14.396775,46.024116],[14.399101,46.019362],[14.398636,46.015848],[14.397395,46.010887],[14.385872,46.007941],[14.37874,46.002515],[14.372229,45.993937],[14.37533,45.98045],[14.369316795343,45.971223021583]]],"type":"Polygon"},"id":604,"properties":{"parentKey":"SVN:1159310669","sourceCountryId":"SVN","syntheticOperational":true,"territoryId":"territory:catalog:a562ede859889f0dc33f61c426f268a104cc8a64fea3c3093ab52be076612b23"},"type":"Feature"},{"geometry":{"coordinates":[[[13.714285714286,46.187050359712],[13.810344827586,46.187050359712],[13.87012987013,46.187050359712],[13.87012987013,46.231235992251],[13.865748,46.2317],[13.820893,46.241803],[13.770767,46.261983],[13.736661,46.286116],[13.726584,46.285909],[13.718781,46.284436],[13.714285714286,46.281189379193],[13.714285714286,46.187050359712]]],"type":"Polygon"},"id":605,"properties":{"parentKey":"SVN:1159310843","sourceCountryId":"SVN","syntheticOperational":true,"territoryId":"territory:catalog:9180500ddd59e037cf3a79c8c85f61779b25c01197647bffd1a5fecf66cf4641"},"type":"Feature"},{"geometry":{"coordinates":[[[13.885902,45.82865],[13.902542,45.810227],[13.917525773196,45.801392627602],[13.917525773196,45.853736890616],[13.907503,45.849372],[13.891845,45.840665],[13.885902,45.82865]]],"type":"Polygon"},"id":606,"properties":{"parentKey":"SVN:1159310881","sourceCountryId":"SVN","syntheticOperational":true,"territoryId":"territory:catalog:47f61565d107ca651d2aa7e752639274585e59669ec61aaf3f881ed5b48453fb"},"type":"Feature"},{"geometry":{"coordinates":[[[14.947994740135,45.971223021583],[14.984951593525,45.971223021583],[14.982218,45.972466],[14.968265,45.974636],[14.954467,45.975075],[14.947994740135,45.971223021583]]],"type":"Polygon"},"id":607,"properties":{"parentKey":"SVN:1159310801","sourceCountryId":"SVN","syntheticOperational":true,"territoryId":"territory:catalog:63b243651c7bb92f914171e48364fe5a3e622e4d84c451f046fab9ae6d967a5b"},"type":"Feature"},{"geometry":{"coordinates":[[[13.87012987013,46.389548723241],[13.905699332947,46.402877697842],[13.87012987013,46.402877697842],[13.87012987013,46.389548723241]]],"type":"Polygon"},"id":608,"properties":{"parentKey":"SVN:1159310833","sourceCountryId":"SVN","syntheticOperational":true,"territoryId":"territory:catalog:d4a04df7d655df71e7283a64e293285d95363f7575db2ec0e32890183afb8d4c"},"type":"Feature"},{"geometry":{"coordinates":[[[15.228146,45.70274],[15.236414,45.702534],[15.238119,45.700906],[15.24379811805,45.692250949947],[15.24379811805,45.710643656104],[15.228146,45.70274]]],"type":"Polygon"},"id":609,"properties":{"parentKey":"SVN:1159310735","sourceCountryId":"SVN","syntheticOperational":true,"territoryId":"territory:catalog:590e28bf16ce37d4c235799049215b67533b99d39fe75ee42d86450898d3ce3b"},"type":"Feature"},{"geometry":{"coordinates":[[[15.269935752049,46.079136690647],[15.276722,46.076077],[15.281062,46.071452],[15.282613,46.067731],[15.284008,46.061995],[15.287109,46.059101],[15.292121,46.059049],[15.302663,46.064708],[15.316771,46.068661],[15.362068965517,46.071696584306],[15.362068965517,46.079136690647],[15.269935752049,46.079136690647]]],"type":"Polygon"},"id":610,"properties":{"parentKey":"SVN:1159310715","sourceCountryId":"SVN","syntheticOperational":true,"territoryId":"territory:catalog:ea68c658ff715efb6c5795fb9e45f0ebc919b9d3a030ee2ddbfc22f7c2193365"},"type":"Feature"},{"geometry":{"coordinates":[[[15.489123624065,46.079136690647],[15.492574,46.067679],[15.51724137931,46.059935213359],[15.51724137931,46.079136690647],[15.489123624065,46.079136690647]]],"type":"Polygon"},"id":611,"properties":{"parentKey":"SVN:1159310707","sourceCountryId":"SVN","syntheticOperational":true,"territoryId":"territory:catalog:9bbc368d46d53d4de167f501dbfe55b60a3f74ffdd9873d70e2723a4deda1d89"},"type":"Feature"},{"geometry":{"coordinates":[[[14.866928,46.315545],[14.877004,46.300998],[14.924805,46.310042],[14.947749,46.323633],[14.953847,46.325803],[14.959893,46.324589],[14.961038961039,46.323556719985],[14.961038961039,46.394644495327],[14.949765,46.396781],[14.939533,46.401302],[14.902171,46.393913],[14.881655,46.352468],[14.8815,46.337663],[14.866928,46.315545]]],"type":"Polygon"},"id":612,"properties":{"parentKey":"SVN:1159310743","sourceCountryId":"SVN","syntheticOperational":true,"territoryId":"territory:catalog:2c792c1a8e5d4e0d57389f032befac443e1dd0fa32b1fab6f0beecc4b717f855"},"type":"Feature"},{"geometry":{"coordinates":[[[15.794960903562,46.432553967179],[15.800462,46.431585],[15.805888,46.437579],[15.803718,46.444917],[15.805578,46.449103],[15.818601,46.454788],[15.804803,46.466828],[15.801547,46.468017],[15.79607,46.469205],[15.794960903562,46.469092895488],[15.794960903562,46.432553967179]]],"type":"Polygon"},"id":613,"properties":{"parentKey":"SVN:1159310795","sourceCountryId":"SVN","syntheticOperational":true,"territoryId":"territory:catalog:103af94cf05cbc15d86e4d4841630e759ffdb96a79174f47ab60544297663a16"},"type":"Feature"},{"geometry":{"coordinates":[[[15.970985,46.77505],[15.987738,46.775827],[16.004946,46.774045],[16.007116,46.770272],[16.018485,46.761642],[16.020942408377,46.760603130222],[16.020942408377,46.834532374101],[16.014216778603,46.834532374101],[15.987582,46.830011],[15.981691,46.827685],[15.971976,46.820632],[15.972906,46.818435],[15.97735,46.816213],[15.978177,46.809134],[15.971252,46.778076],[15.970985,46.77505]]],"type":"Polygon"},"id":614,"properties":{"parentKey":"SVN:1159310661","sourceCountryId":"SVN","syntheticOperational":true,"territoryId":"territory:catalog:618c923e8837c93f89d79f80afb9e359f12ccb25f0e1ce413784bc302cd65285"},"type":"Feature"},{"geometry":{"coordinates":[[[14.381443298969,45.863309352518],[14.388168235781,45.863309352518],[14.384631,45.865056],[14.381443298969,45.867506085824],[14.381443298969,45.863309352518]]],"type":"Polygon"},"id":615,"properties":{"parentKey":"SVN:1159310677","sourceCountryId":"SVN","syntheticOperational":true,"territoryId":"territory:catalog:c1ec3f2fef34d5b77858f78d2f31dbba1ea9377a55cb4dc1f74a790a6acb15a4"},"type":"Feature"},{"geometry":{"coordinates":[[[15.339405,46.229039],[15.361781,46.222373],[15.363796,46.21891],[15.366432,46.213045],[15.364106,46.206689],[15.363506151885,46.187050359712],[15.428571428571,46.187050359712],[15.428571428571,46.294964028777],[15.37963419906,46.294964028777],[15.379919,46.294642],[15.378059,46.28963],[15.374183,46.286917],[15.369533,46.282395],[15.363796,46.280095],[15.358525,46.260536],[15.3562,46.250846],[15.351549,46.246738],[15.343591,46.241803],[15.339405,46.229039]]],"type":"Polygon"},"id":616,"properties":{"parentKey":"SVN:1159308593","sourceCountryId":"SVN","syntheticOperational":true,"territoryId":"territory:catalog:7e5193933cb37182d929894b9e707083a1bff46b9c1078bc2bbc65c65ac563b7"},"type":"Feature"},{"geometry":{"coordinates":[[[14.458684,46.193253],[14.459997280456,46.187050359712],[14.493506493506,46.187050359712],[14.493506493506,46.20348866638],[14.462869,46.206146],[14.467365,46.198886],[14.4669,46.198059],[14.458684,46.193253]]],"type":"Polygon"},"id":617,"properties":{"parentKey":"SVN:1159310809","sourceCountryId":"SVN","syntheticOperational":true,"territoryId":"territory:catalog:ada6812fdc6bf6e37ed9d2025c55c22d716345ce7417ef928fb3f889d2ad0854"},"type":"Feature"},{"geometry":{"coordinates":[[[13.558441558442,46.187050359712],[13.632772849482,46.187050359712],[13.636873,46.191083],[13.622766,46.200488],[13.622766,46.204364],[13.621991,46.210306],[13.624006,46.218936],[13.629277,46.224233],[13.634238,46.227644],[13.639664,46.225938],[13.643695,46.225551],[13.648191,46.226894],[13.659508,46.232269],[13.667311,46.233612],[13.685294,46.234],[13.692426,46.238677],[13.695216,46.250511],[13.702037,46.268804],[13.709014,46.277382],[13.714285714286,46.281189379193],[13.714285714286,46.294964028777],[13.672017152687,46.294964028777],[13.671497,46.294901],[13.670591057342,46.294964028777],[13.558441558442,46.294964028777],[13.558441558442,46.187050359712]]],"type":"Polygon"},"id":618,"properties":{"parentKey":"SVN:1159310867","sourceCountryId":"SVN","syntheticOperational":true,"territoryId":"territory:catalog:21de0afe252e9797dd53d094e877f90cca487b9ca8f940bfaa31b944a7566a4d"},"type":"Feature"},{"geometry":{"coordinates":[[[13.82421015044,45.431654676259],[13.835568,45.429114],[13.889002,45.423637],[13.899647,45.429218],[13.901862274856,45.431654676259],[13.82421015044,45.431654676259]]],"type":"Polygon"},"id":619,"properties":{"parentKey":"SVN:1159310873","sourceCountryId":"SVN","syntheticOperational":true,"territoryId":"territory:catalog:a36a8a5aa95ff33ef313ab14d50912b75bcefdebacaf09c36756e28e1d071ca2"},"type":"Feature"},{"geometry":{"coordinates":[[[15.552467,46.277744],[15.5658,46.273662],[15.571381,46.279165],[15.577013,46.281775],[15.584415584416,46.283326186598],[15.584415584416,46.294964028777],[15.557615702541,46.294964028777],[15.557893,46.293454],[15.552467,46.277744]]],"type":"Polygon"},"id":620,"properties":{"parentKey":"SVN:1159308595","sourceCountryId":"SVN","syntheticOperational":true,"territoryId":"territory:catalog:384ac4a694aa891db8bc35f2c5ac1984629fa396fee6aed1de8c67f248ce5e6c"},"type":"Feature"},{"geometry":{"coordinates":[[[15.24379811805,45.597255774171],[15.248971,45.598199],[15.253157,45.596804],[15.252847,45.59422],[15.255948,45.589207],[15.261374,45.582386],[15.270831,45.576236],[15.280132,45.573188],[15.281631,45.571947],[15.282179,45.571494],[15.276721,45.582697],[15.269589,45.593446],[15.268556,45.601662],[15.281062,45.606158],[15.287883,45.610344],[15.291604,45.61825],[15.297391,45.625692],[15.326744,45.632255],[15.339146,45.636905],[15.353099,45.640316],[15.373769,45.640213],[15.36926247433,45.647482014388],[15.284012062392,45.647482014388],[15.283543,45.643416],[15.279202,45.638558],[15.271916,45.637912],[15.268195,45.636129],[15.264939,45.632874],[15.261684,45.625639],[15.258893,45.621608],[15.253157,45.618198],[15.248816,45.614839],[15.244321,45.612927],[15.24379811805,45.612458703469],[15.24379811805,45.597255774171]]],"type":"Polygon"},"id":621,"properties":{"parentKey":"SVN:1159310735","sourceCountryId":"SVN","syntheticOperational":true,"territoryId":"territory:catalog:c718ffa700a9465c5d9a262988237f0f0aa24b7bffb21edf3826fd9e929ddd85"},"type":"Feature"},{"geometry":{"coordinates":[[[14.961038961039,46.283442959917],[14.97028,46.283842],[14.970460571327,46.294964028777],[14.961038961039,46.294964028777],[14.961038961039,46.283442959917]]],"type":"Polygon"},"id":622,"properties":{"parentKey":"SVN:1159310749","sourceCountryId":"SVN","syntheticOperational":true,"territoryId":"territory:catalog:795719c5c5496c455ca206e3614a36b4257062e4ee04a73aa90423a034da6476"},"type":"Feature"},{"geometry":{"coordinates":[[[15.864691988368,46.618705035971],[15.913573307442,46.618705035971],[15.913272,46.624079],[15.928465,46.633485],[15.9311,46.638265],[15.928,46.639505],[15.922884,46.640719],[15.918388,46.639944],[15.913272,46.63966],[15.909241,46.639841],[15.904384,46.641649],[15.900663,46.642115],[15.888106,46.645887],[15.874773,46.63643],[15.865781,46.623253],[15.864691988368,46.618705035971]]],"type":"Polygon"},"id":623,"properties":{"parentKey":"SVN:1159308545","sourceCountryId":"SVN","syntheticOperational":true,"territoryId":"territory:catalog:de5af3368f6dc0cb124c3b3c1993a6d2c354c0c1000d0bf0f3d17cf090794b0c"},"type":"Feature"},{"geometry":{"coordinates":[[[15.066128,45.473934],[15.136579731925,45.431654676259],[15.191815856778,45.431654676259],[15.191815856778,45.539568345324],[15.089820359281,45.539568345324],[15.078815469097,45.539568345324],[15.073168,45.534224],[15.069758,45.522855],[15.073013,45.517067],[15.079679,45.514535],[15.090531,45.516447],[15.101539,45.519444],[15.113011,45.520323],[15.120762,45.516499],[15.121279,45.511641],[15.118127,45.508747],[15.103709,45.506396],[15.092857,45.502443],[15.086656,45.499187],[15.074873,45.488955],[15.066128,45.473934]]],"type":"Polygon"},"id":624,"properties":{"parentKey":"SVN:1159310681","sourceCountryId":"SVN","syntheticOperational":true,"territoryId":"territory:catalog:23dff21f49f319226e70bfde5be243ea405d13c697ca5c139ea906314bb33efd"},"type":"Feature"},{"geometry":{"coordinates":[[[13.554775995044,46.187050359712],[13.559048,46.184107],[13.584473,46.181317],[13.613928,46.183539],[13.627366,46.181733],[13.62752,46.181884],[13.632772849482,46.187050359712],[13.558441558442,46.187050359712],[13.554775995044,46.187050359712]]],"type":"Polygon"},"id":625,"properties":{"parentKey":"SVN:1159310867","sourceCountryId":"SVN","syntheticOperational":true,"territoryId":"territory:catalog:cc7fd995cad659e8e0d4f3585419f3ea1777a9a1e92da253b2efd95bb39bdcf8"},"type":"Feature"},{"geometry":{"coordinates":[[[15.482189400521,46.402877697842],[15.584415584416,46.402877697842],[15.638575152042,46.402877697842],[15.638575152042,46.435182708836],[15.557118,46.468688],[15.547971,46.474425],[15.547816,46.476595],[15.545801,46.48321],[15.539445,46.497421],[15.500481,46.499281],[15.482189400521,46.495005131765],[15.482189400521,46.402877697842]]],"type":"Polygon"},"id":626,"properties":{"parentKey":"SVN:1159308595","sourceCountryId":"SVN","syntheticOperational":true,"territoryId":"territory:catalog:62df0820929c692e78a6df11225dbc5dd8876590c66faf139b26abb05289ed4a"},"type":"Feature"},{"geometry":{"coordinates":[[[15.309278350515,45.956747287431],[15.317081,45.957143],[15.327158,45.955852],[15.334599,45.954198],[15.342506,45.951407],[15.346381,45.944483],[15.363021,45.934768],[15.371548,45.951097],[15.389531,45.969649],[15.391770003668,45.971223021583],[15.362068965517,45.971223021583],[15.309278350515,45.971223021583],[15.309278350515,45.956747287431]]],"type":"Polygon"},"id":627,"properties":{"parentKey":"SVN:1159310777","sourceCountryId":"SVN","syntheticOperational":true,"territoryId":"territory:catalog:a3966c465a1bebab2e90b4ef22844b266795b990d96a9192107422011c4d8da0"},"type":"Feature"},{"geometry":{"coordinates":[[[15.677369,46.402336],[15.679229,46.400191],[15.685172,46.396652],[15.685172,46.395463],[15.683725,46.392466],[15.685482,46.38735],[15.682382,46.380012],[15.677989,46.375361],[15.68078,46.367687],[15.74025974026,46.364815889399],[15.74025974026,46.402877697842],[15.678242842561,46.402877697842],[15.677369,46.402336]]],"type":"Polygon"},"id":628,"properties":{"parentKey":"SVN:1159310705","sourceCountryId":"SVN","syntheticOperational":true,"territoryId":"territory:catalog:d9b8a28cbc902865b54ac349d708e81abbe89b36b49345091fe22969bdc27445"},"type":"Feature"},{"geometry":{"coordinates":[[[15.190319,46.388435],[15.201171,46.36053],[15.204736,46.353915],[15.206287,46.345699],[15.206287,46.341978],[15.19652,46.327663],[15.22613,46.31738],[15.240135,46.320532],[15.259203,46.33557],[15.260599,46.338361],[15.261529,46.342624],[15.260909,46.346164],[15.261219,46.352468],[15.263234,46.355698],[15.26773,46.358669],[15.269435,46.360271],[15.26773,46.365026],[15.232487,46.392517],[15.190319,46.388435]]],"type":"Polygon"},"id":629,"properties":{"parentKey":"SVN:1159308635","sourceCountryId":"SVN","syntheticOperational":true,"territoryId":"territory:catalog:ecded4736c9881e054e9291a5a3a12cd8b324b76b72100fe5b4e0b1d02ef5c37"},"type":"Feature"},{"geometry":{"coordinates":[[[13.704020530368,45.539568345324],[13.81074168798,45.539568345324],[13.857998289136,45.539568345324],[13.857998289136,45.59354811111],[13.847764,45.584661],[13.800532,45.58125],[13.761051,45.596236],[13.711762,45.593207],[13.727387,45.581204],[13.742361,45.56977],[13.75294,45.559068],[13.75294,45.552883],[13.704020530368,45.54776588225],[13.704020530368,45.539568345324]]],"type":"Polygon"},"id":630,"properties":{"parentKey":"SVN:1159310873","sourceCountryId":"SVN","syntheticOperational":true,"territoryId":"territory:catalog:599e15afaa0bee6fee44f0c136f7cee6a619972f70092aba2fa5a19d70170780"},"type":"Feature"},{"geometry":{"coordinates":[[[14.674536,46.138889],[14.675156,46.13274],[14.679342,46.130854],[14.683373,46.128218],[14.689419,46.12566],[14.687249,46.117289],[14.703527,46.111553],[14.715929,46.109951],[14.721665,46.10623],[14.726316,46.100339],[14.734739,46.099047],[14.741379310345,46.099439739953],[14.741379310345,46.163914721371],[14.729882,46.162247],[14.711123,46.15186],[14.683838,46.143954],[14.674536,46.138889]]],"type":"Polygon"},"id":631,"properties":{"parentKey":"SVN:1159310741","sourceCountryId":"SVN","syntheticOperational":true,"territoryId":"territory:catalog:5e670ddeada0743709faeb05839cbbf2c5fcd7d6c449107fb1038b59b361b922"},"type":"Feature"},{"geometry":{"coordinates":[[[13.714285714286,46.300085862823],[13.727359,46.30167],[13.742242,46.32601],[13.749528,46.33526],[13.764101,46.345078],[13.828025,46.369082],[13.841719,46.382182],[13.824149,46.397633],[13.820893,46.401277],[13.819984034118,46.402877697842],[13.761946133797,46.402877697842],[13.714285714286,46.402877697842],[13.714285714286,46.300085862823]]],"type":"Polygon"},"id":632,"properties":{"parentKey":"SVN:1159310855","sourceCountryId":"SVN","syntheticOperational":true,"territoryId":"territory:catalog:37c595bae23c52ba9d0579a5b6cbd8b4c2afb11447e3bcc5493594f0839fab46"},"type":"Feature"},{"geometry":{"coordinates":[[[14.690721649485,45.755395683453],[14.778111659572,45.755395683453],[14.690721649485,45.81589677043],[14.690721649485,45.755395683453]]],"type":"Polygon"},"id":633,"properties":{"parentKey":"SVN:1159308589","sourceCountryId":"SVN","syntheticOperational":true,"territoryId":"territory:catalog:7f3c4882c5baf124c9c8a8a58f88852eb0d2a1be480437fa7329e1602c79eae6"},"type":"Feature"},{"geometry":{"coordinates":[[[15.362068965517,46.180942353156],[15.363331,46.181316],[15.363506151885,46.187050359712],[15.362068965517,46.187050359712],[15.362068965517,46.180942353156]]],"type":"Polygon"},"id":634,"properties":{"parentKey":"SVN:1159310797","sourceCountryId":"SVN","syntheticOperational":true,"territoryId":"territory:catalog:6165bde0463db134fe8f267a93d52840ac3f878b6639e8fb6cbba63512468721"},"type":"Feature"},{"geometry":{"coordinates":[[[14.493506493506,46.187050359712],[14.515370327007,46.187050359712],[14.500697,46.202865],[14.493506493506,46.20348866638],[14.493506493506,46.187050359712]]],"type":"Polygon"},"id":635,"properties":{"parentKey":"SVN:1159310809","sourceCountryId":"SVN","syntheticOperational":true,"territoryId":"territory:catalog:39adf5a6a57d6147dd42edfd4d8b69934735efb91ae499a8fc35bf9b44a75bf5"},"type":"Feature"},{"geometry":{"coordinates":[[[15.373563,46.300378],[15.376354,46.298673],[15.37963419906,46.294964028777],[15.428571428571,46.294964028777],[15.428571428571,46.295076574922],[15.396198,46.301877],[15.376509,46.311334],[15.373563,46.300378]]],"type":"Polygon"},"id":636,"properties":{"parentKey":"SVN:1159308593","sourceCountryId":"SVN","syntheticOperational":true,"territoryId":"territory:catalog:2e60dccae261307442479ac573c9e37e873f229e9d0fc4f47b8d85269750ba0d"},"type":"Feature"},{"geometry":{"coordinates":[[[14.387489139878,46.402877697842],[14.426463412922,46.402877697842],[14.434292,46.416082],[14.437145,46.418884],[14.420029,46.424351],[14.414448,46.429002],[14.411244,46.434635],[14.40649,46.439337],[14.395844,46.440991],[14.387489139878,46.43972238443],[14.387489139878,46.402877697842]]],"type":"Polygon"},"id":637,"properties":{"parentKey":"SVN:1159310845","sourceCountryId":"SVN","syntheticOperational":true,"territoryId":"territory:catalog:c79c9cd6b18c25bcdd79af9709968610a24293945c09de047fe943b2562ae5c4"},"type":"Feature"},{"geometry":{"coordinates":[[[13.461793,46.006392],[13.474815,45.995747],[13.479466,45.993111],[13.480396,45.992284],[13.481223,45.991354],[13.481843,45.990372],[13.482257,45.989235],[13.5,45.975000521264],[13.5,46.061297941552],[13.482257,46.044839],[13.490318,46.038948],[13.492799,46.032489],[13.490008,46.025564],[13.482257,46.018433],[13.477089,46.016055],[13.461793,46.006392]]],"type":"Polygon"},"id":638,"properties":{"parentKey":"SVN:1159310857","sourceCountryId":"SVN","syntheticOperational":true,"territoryId":"territory:catalog:80a2cdbe8822d8152c9f777b6aa041d92aa5e34d57eafa6c7be2520b8ab15ec3"},"type":"Feature"},{"geometry":{"coordinates":[[[15.86387434555,46.670685474163],[15.876788,46.668366],[15.888571,46.662785],[15.911257,46.663633],[15.932116,46.665178],[15.946794,46.674448],[15.967599848737,46.694554853819],[15.946344,46.697151],[15.878545,46.720715],[15.86387434555,46.722705949545],[15.86387434555,46.670685474163]]],"type":"Polygon"},"id":639,"properties":{"parentKey":"SVN:1159317883","sourceCountryId":"SVN","syntheticOperational":true,"territoryId":"territory:catalog:04b33742a26b4e098d7783de8c95529719ba372463f3d96bc0aa4fe0efba1f6c"},"type":"Feature"},{"geometry":{"coordinates":[[[15.513939,46.632545],[15.520221,46.627206],[15.523082231792,46.618705035971],[15.549738219895,46.618705035971],[15.549738219895,46.633874381414],[15.536809,46.636275],[15.520308,46.64772],[15.517636,46.63824],[15.513939,46.632545]]],"type":"Polygon"},"id":640,"properties":{"parentKey":"SVN:1159308671","sourceCountryId":"SVN","syntheticOperational":true,"territoryId":"territory:catalog:eb69dce07d57f49f93cc1f9795123ad0b56381bebe9b7c3731921758f037b703"},"type":"Feature"},{"geometry":{"coordinates":[[[14.935842600513,45.647482014388],[15.024604871314,45.647482014388],[15.024592,45.647498],[15.020096,45.665017],[14.999891,45.681786],[14.981132,45.696591],[14.976637,45.702895],[14.971986,45.711577],[14.980202,45.741446],[14.983613,45.749172],[14.983049852927,45.755395683453],[14.935842600513,45.755395683453],[14.935842600513,45.647482014388]]],"type":"Polygon"},"id":641,"properties":{"parentKey":"SVN:1159308563","sourceCountryId":"SVN","syntheticOperational":true,"territoryId":"territory:catalog:6a56e41b7b9a05a42195bdbc53844dc5df568e77f4bcb782926c32efcde3ea70"},"type":"Feature"},{"geometry":{"coordinates":[[[13.98817,46.186122],[13.98848,46.18067],[13.993596,46.17806],[14.002949,46.175683],[14.040621,46.173151],[14.067493,46.167286],[14.073694,46.158061],[14.094313,46.167596],[14.097724,46.17036],[14.120689655172,46.17358421581],[14.120689655172,46.187050359712],[14.025974025974,46.187050359712],[13.988288851951,46.187050359712],[13.98817,46.186122]]],"type":"Polygon"},"id":642,"properties":{"parentKey":"SVN:1159310847","sourceCountryId":"SVN","syntheticOperational":true,"territoryId":"territory:catalog:0a1a6b941661bb057fc148c10671e3f678c4673fe1ad484b9de3b56e287d6264"},"type":"Feature"},{"geometry":{"coordinates":[[[15.324677,46.435202],[15.325297,46.429208],[15.325803649001,46.428601062888],[15.325803649001,46.437213465467],[15.324677,46.435202]]],"type":"Polygon"},"id":643,"properties":{"parentKey":"SVN:1159310819","sourceCountryId":"SVN","syntheticOperational":true,"territoryId":"territory:catalog:98d1a56f7b7b9bc3656e5b0ff2921ccb38c79391f10816dfa08111e14a370019"},"type":"Feature"},{"geometry":{"coordinates":[[[14.949003968337,45.863309352518],[14.952917,45.859062],[14.954777,45.853429],[14.958963,45.848055],[14.967025,45.843817],[14.978962,45.842163],[14.999891,45.84914],[15,45.849109945291],[15,45.863309352518],[14.949003968337,45.863309352518]]],"type":"Polygon"},"id":644,"properties":{"parentKey":"SVN:1159310801","sourceCountryId":"SVN","syntheticOperational":true,"territoryId":"territory:catalog:4f4bace57dcb44aa9630cc5138bf087f88e56e2af50e9ca70bcf06e4ad3f656a"},"type":"Feature"},{"geometry":{"coordinates":[[[14.731457800512,45.508702321013],[14.781144,45.493348],[14.781247,45.493348],[14.781351,45.493193],[14.781454,45.493142],[14.797164,45.465185],[14.838815,45.458983],[14.881603,45.469784],[14.884910485934,45.473802948991],[14.884910485934,45.524275290734],[14.870338,45.530296],[14.864602,45.531149],[14.858246,45.529779],[14.848479,45.524172],[14.845844,45.520271],[14.843518,45.51376],[14.838505,45.504458],[14.83556,45.501719],[14.831219,45.499704],[14.817111,45.501254],[14.795872,45.518927],[14.764377800659,45.539568345324],[14.731457800512,45.539568345324],[14.731457800512,45.508702321013]]],"type":"Polygon"},"id":645,"properties":{"parentKey":"SVN:1159308649","sourceCountryId":"SVN","syntheticOperational":true,"territoryId":"territory:catalog:09cdd6b1b0d46d40ea2e2638c6ce89a0557e5607d8741c4092777c40b2134bf6"},"type":"Feature"},{"geometry":{"coordinates":[[[13.610929077219,45.538024335764],[13.611449,45.533552],[13.616565,45.525542],[13.61858,45.521614],[13.61889,45.51562],[13.622146,45.506758],[13.628657,45.502184],[13.633463,45.499652],[13.639664,45.493218],[13.639974,45.49097],[13.641679,45.489575],[13.64664,45.48818],[13.654237,45.49066],[13.657289002558,45.492065515157],[13.657289002558,45.539568345324],[13.62568116409,45.539568345324],[13.610929077219,45.538024335764]]],"type":"Polygon"},"id":646,"properties":{"parentKey":"SVN:1159310863","sourceCountryId":"SVN","syntheticOperational":true,"territoryId":"territory:catalog:126e9796846c0c6679e097daca3232ccdf7a9d90358c3b61e8d959ecbf1734b7"},"type":"Feature"},{"geometry":{"coordinates":[[[15,45.863309352518],[15.039982460092,45.863309352518],[15.043351,45.866865],[15.050482,45.872601],[15.060404,45.878027],[15.070688,45.879784],[15.074563,45.880094],[15.082935,45.881903],[15.088671,45.886347],[15.093942,45.892961],[15.097508,45.894667],[15.102004,45.894796],[15.105414,45.891773],[15.111925,45.888362],[15.117041,45.884357],[15.123139,45.881567],[15.127945,45.878337],[15.144843,45.873324],[15.154639175258,45.871890239696],[15.154639175258,45.971223021583],[15.051724137931,45.971223021583],[15.025247055848,45.971223021583],[15.024127,45.970218],[15,45.964456031193],[15,45.863309352518]]],"type":"Polygon"},"id":647,"properties":{"parentKey":"SVN:1159310801","sourceCountryId":"SVN","syntheticOperational":true,"territoryId":"territory:catalog:d60e0b8f77da8a5cd1e2f575a89d50609ae06105b0636cc9ab8efb95f9341197"},"type":"Feature"},{"geometry":{"coordinates":[[[15.087915698422,46.402877697842],[15.116883116883,46.402877697842],[15.16941789748,46.402877697842],[15.16941789748,46.411019312103],[15.161742,46.412516],[15.155075,46.412775],[15.123604,46.421999],[15.111925,46.430758],[15.098593,46.433833],[15.092237,46.434169],[15.089291,46.426469],[15.087915698422,46.402877697842]]],"type":"Polygon"},"id":648,"properties":{"parentKey":"SVN:1159310805","sourceCountryId":"SVN","syntheticOperational":true,"territoryId":"territory:catalog:fd229e7192d2c82212e0ea5f2c5a1664e7b05178ed4d5efd3359aabaa457e4d4"},"type":"Feature"},{"geometry":{"coordinates":[[[16.031353,46.358333],[16.034453,46.354018],[16.038174,46.351331],[16.040654,46.345699],[16.04267,46.334226],[16.049698,46.317277],[16.049922,46.316735],[16.051948051948,46.318265648507],[16.051948051948,46.386166111594],[16.040654,46.379598],[16.031508,46.364121],[16.031353,46.358333]]],"type":"Polygon"},"id":649,"properties":{"parentKey":"SVN:1159310909","sourceCountryId":"SVN","syntheticOperational":true,"territoryId":"territory:catalog:9c166094fb62803e7633326447cfd27808175795a030d575080b803fb2c672dc"},"type":"Feature"},{"geometry":{"coordinates":[[[15.111148787448,46.187050359712],[15.113321,46.183383],[15.176469,46.184546],[15.195107293774,46.187050359712],[15.116883116883,46.187050359712],[15.111148787448,46.187050359712]]],"type":"Polygon"},"id":650,"properties":{"parentKey":"SVN:1159308601","sourceCountryId":"SVN","syntheticOperational":true,"territoryId":"territory:catalog:0342af6708986a7e544da337f61e7d6ff054e6cb01179b00d16525e92ef69b72"},"type":"Feature"},{"geometry":{"coordinates":[[[14.165953806672,45.630789675422],[14.1941,45.629515],[14.215649,45.631324],[14.226708,45.633339],[14.23787,45.640677],[14.246552,45.644139],[14.258497819205,45.647482014388],[14.165953806672,45.647482014388],[14.165953806672,45.630789675422]]],"type":"Polygon"},"id":651,"properties":{"parentKey":"SVN:1159310753","sourceCountryId":"SVN","syntheticOperational":true,"territoryId":"territory:catalog:cf10caed2366fd6e83b191b0cfe655b3072e993e5bae920fdb7f8b9b0e9c98ac"},"type":"Feature"},{"geometry":{"coordinates":[[[16.106347707775,46.618705035971],[16.107732406603,46.618705035971],[16.121655452031,46.618705035971],[16.120391,46.619119],[16.110314,46.623873],[16.106347707775,46.618705035971]]],"type":"Polygon"},"id":652,"properties":{"parentKey":"SVN:1159308691","sourceCountryId":"SVN","syntheticOperational":true,"territoryId":"territory:catalog:7eabd33beaf548ba88b54f317834e0cc4fc2e1d86c76af0bbd1b8bb00d0bb4bb"},"type":"Feature"},{"geometry":{"coordinates":[[[16.264118158123,46.54189342123],[16.267979,46.539769],[16.271803,46.542741],[16.274645,46.544498],[16.281622,46.547237],[16.292164,46.534731],[16.310663,46.530985],[16.32999,46.535455],[16.340276,46.543827],[16.339654,46.543981],[16.334848,46.54517],[16.328647,46.548735],[16.334538,46.556487],[16.337949,46.563825],[16.334538,46.577622],[16.328492,46.583824],[16.300535,46.597337],[16.299812,46.589456],[16.287048,46.578191],[16.279451,46.576511],[16.265964,46.569147],[16.264118158123,46.567616619093],[16.264118158123,46.54189342123]]],"type":"Polygon"},"id":653,"properties":{"parentKey":"SVN:1159308685","sourceCountryId":"SVN","syntheticOperational":true,"territoryId":"territory:catalog:c27acae55966979cebbbd70e53bc4b37b76a7730062851fc019682f3b9c96f85"},"type":"Feature"},{"geometry":{"coordinates":[[[14.181818181818,46.187050359712],[14.275862068966,46.187050359712],[14.337662337662,46.187050359712],[14.337662337662,46.1930051124],[14.275852,46.210823],[14.269496,46.214389],[14.269651,46.219453],[14.272132,46.222657],[14.275542,46.224672],[14.278023,46.226714],[14.278643,46.229685],[14.277248,46.23214],[14.275387,46.234077],[14.248567,46.242966],[14.242831,46.233664],[14.235235,46.228186],[14.230429,46.210668],[14.225468,46.206844],[14.221541,46.205449],[14.21596,46.204751],[14.198751,46.198937],[14.190845,46.193692],[14.181818181818,46.191557314198],[14.181818181818,46.187050359712]]],"type":"Polygon"},"id":654,"properties":{"parentKey":"SVN:1159310841","sourceCountryId":"SVN","syntheticOperational":true,"territoryId":"territory:catalog:ac09d8e50181171410b9459a5c55fd82392a104ca275ebc7a8d971aea2041dbd"},"type":"Feature"},{"geometry":{"coordinates":[[[15.967274,46.349187],[15.970995,46.346525],[15.97332,46.342288],[15.97611,46.335467],[15.97518,46.327715],[15.989133,46.29534],[15.989493747332,46.294964028777],[16.008189623139,46.294964028777],[16.019208,46.298829],[16.038948,46.308441],[16.049922,46.316735],[16.049698,46.317277],[16.04267,46.334226],[16.040654,46.345699],[16.038174,46.351331],[16.034453,46.354018],[16.031353,46.358333],[16.031508,46.364121],[16.040654,46.379598],[16.051948051948,46.386166111594],[16.051948051948,46.402877697842],[15.987795998589,46.402877697842],[15.987893,46.402594],[15.988668,46.393758],[15.996729,46.381252],[15.998125,46.376084],[15.998435,46.373035],[15.988823,46.365852],[15.985567,46.364276],[15.977351,46.362209],[15.969289,46.361899],[15.967274,46.349187]]],"type":"Polygon"},"id":655,"properties":{"parentKey":"SVN:1159310887","sourceCountryId":"SVN","syntheticOperational":true,"territoryId":"territory:catalog:f3371baf971a12724594424a16f069e59eea62d52b2aa58f10a99f62ce14f655"},"type":"Feature"},{"geometry":{"coordinates":[[[14.383081,46.224517],[14.384166,46.221701],[14.386802,46.219401],[14.388972,46.217076],[14.406542,46.191754],[14.458684,46.193253],[14.4669,46.198059],[14.467365,46.198886],[14.462869,46.206146],[14.444524,46.223174],[14.443129,46.232786],[14.442199,46.255187],[14.443904,46.266995],[14.446591,46.272473],[14.449072,46.276297],[14.452638,46.278157],[14.455738,46.281775],[14.459924,46.284436],[14.46721,46.291645],[14.417239,46.288906],[14.414914,46.279139],[14.402201,46.266685],[14.392435,46.240485],[14.384476,46.230357],[14.383081,46.224517]]],"type":"Polygon"},"id":656,"properties":{"parentKey":"SVN:1159310771","sourceCountryId":"SVN","syntheticOperational":true,"territoryId":"territory:catalog:f0ce903316a20f37d35904a9286d424775e8a8ced1c60fd5b6ca31d331f505c7"},"type":"Feature"},{"geometry":{"coordinates":[[[15.86387434555,46.618705035971],[15.864691988368,46.618705035971],[15.865781,46.623253],[15.874773,46.63643],[15.888106,46.645887],[15.888571,46.662785],[15.876788,46.668366],[15.86387434555,46.670685474163],[15.86387434555,46.618705035971]]],"type":"Polygon"},"id":657,"properties":{"parentKey":"SVN:1159308547","sourceCountryId":"SVN","syntheticOperational":true,"territoryId":"territory:catalog:34499e8c137f0d64c9ccfcda876d149796be38d71e46f53e5fcce4b58d88dd88"},"type":"Feature"},{"geometry":{"coordinates":[[[14.583741,46.176458],[14.586206896552,46.164718276819],[14.586206896552,46.181370006961],[14.583741,46.176458]]],"type":"Polygon"},"id":658,"properties":{"parentKey":"SVN:1159308559","sourceCountryId":"SVN","syntheticOperational":true,"territoryId":"territory:catalog:f065c6bf81b664a66c54b9b3a93e5adc84a8934e669a30644b9bf34ac95ddfa8"},"type":"Feature"},{"geometry":{"coordinates":[[[13.62568116409,45.539568345324],[13.657289002558,45.539568345324],[13.674957264366,45.539568345324],[13.675141,45.544745],[13.62568116409,45.539568345324]]],"type":"Polygon"},"id":659,"properties":{"parentKey":"SVN:1159310863","sourceCountryId":"SVN","syntheticOperational":true,"territoryId":"territory:catalog:10ee967fc258d46a4bbfafd653f01294fc784e1ee3f72a7e184a567d75fb6668"},"type":"Feature"},{"geometry":{"coordinates":[[[16.259607,46.519331],[16.260796,46.514164],[16.260931,46.513576],[16.263947,46.515922],[16.264118158123,46.515968444754],[16.264118158123,46.522980011189],[16.259607,46.519331]]],"type":"Polygon"},"id":660,"properties":{"parentKey":"SVN:1159308699","sourceCountryId":"SVN","syntheticOperational":true,"territoryId":"territory:catalog:b2a4c2123db7e7f2513c392a3396ea0e35b247b8844f49680d866302097bd5ff"},"type":"Feature"},{"geometry":{"coordinates":[[[13.627366,46.181733],[13.637389,46.180386],[13.641071,46.171405],[13.655172413793,46.173487678864],[13.655172413793,46.187050359712],[13.632772849482,46.187050359712],[13.62752,46.181884],[13.627366,46.181733]]],"type":"Polygon"},"id":661,"properties":{"parentKey":"SVN:1159310843","sourceCountryId":"SVN","syntheticOperational":true,"territoryId":"territory:catalog:f109035f7d66689a845ff5eabb863dea4452b551e4bbd962f57e2b60a74f9971"},"type":"Feature"},{"geometry":{"coordinates":[[[14.586206896552,46.015521836966],[14.586996,46.015409],[14.616193,45.996676],[14.630611,45.989235],[14.660687,45.989803],[14.676862,45.996237],[14.682598,46.000448],[14.686473,46.005151],[14.701201,46.010939],[14.709728,46.011145],[14.715309,46.009233],[14.724611,46.003807],[14.740165,45.998149],[14.741379310345,45.998766106431],[14.741379310345,46.04197058272],[14.73753,46.04489],[14.731329,46.050678],[14.733189,46.05383],[14.733189,46.058119],[14.736134,46.065612],[14.725231,46.069488],[14.72337,46.073364],[14.712678429084,46.079136690647],[14.709991027373,46.079136690647],[14.69221,46.07786],[14.689506115837,46.079136690647],[14.662777857179,46.079136690647],[14.657431,46.077911],[14.633092,46.076878],[14.620741812283,46.079136690647],[14.586206896552,46.079136690647],[14.586206896552,46.015521836966]]],"type":"Polygon"},"id":662,"properties":{"parentKey":"SVN:1159310719","sourceCountryId":"SVN","syntheticOperational":true,"territoryId":"territory:catalog:53160c52243deb5e770e1829468848548f3acc7f64bd0f948a5f623d84256fbf"},"type":"Feature"},{"geometry":{"coordinates":[[[15.810384,46.506257],[15.816275,46.497317],[15.823407,46.49494],[15.854464,46.506309],[15.855636704028,46.510791366906],[15.81343875869,46.510791366906],[15.811779,46.50866],[15.810384,46.506257]]],"type":"Polygon"},"id":663,"properties":{"parentKey":"SVN:1159308565","sourceCountryId":"SVN","syntheticOperational":true,"territoryId":"territory:catalog:b64992271c28b85fef4740ea040207fda16b2aa17dea60de5228ce538d285d0a"},"type":"Feature"},{"geometry":{"coordinates":[[[13.82138539259,46.510791366906],[13.8939109326,46.510791366906],[13.890862,46.511787],[13.860683,46.51525],[13.82138539259,46.510791366906]]],"type":"Polygon"},"id":664,"properties":{"parentKey":"SVN:1159310833","sourceCountryId":"SVN","syntheticOperational":true,"territoryId":"territory:catalog:a0c0c3968b7364175dbfc275cdb1472f0c924d96659fbccb56f22c344c1ed78a"},"type":"Feature"},{"geometry":{"coordinates":[[[15.951346655083,46.419721876374],[15.983087,46.41665],[15.991303,46.425539],[15.995489,46.42882],[16.011922,46.434944],[16.026082,46.432308],[16.039104,46.449258],[16.040034,46.468637],[16.020966,46.490703],[16.008357,46.473753],[16.004016,46.466621],[15.996729,46.458663],[15.977196,46.446313],[15.953114,46.450963],[15.951346655083,46.445624306348],[15.951346655083,46.419721876374]]],"type":"Polygon"},"id":665,"properties":{"parentKey":"SVN:1159310885","sourceCountryId":"SVN","syntheticOperational":true,"territoryId":"territory:catalog:587d4d7984f3a0cfb9b2767324b078bcf2dd493f54d9e0d28ccadffa399bc49d"},"type":"Feature"},{"geometry":{"coordinates":[[[16.020942408377,46.618705035971],[16.106347707775,46.618705035971],[16.110314,46.623873],[16.067113,46.644337],[16.04205,46.662682],[16.04174,46.662733],[16.020942408377,46.644449174451],[16.020942408377,46.618705035971]]],"type":"Polygon"},"id":666,"properties":{"parentKey":"SVN:1159310659","sourceCountryId":"SVN","syntheticOperational":true,"territoryId":"territory:catalog:024cbdb23a5c133987a46d6c812e2412b84f3d05fce351efa1b570daccd4f778"},"type":"Feature"},{"geometry":{"coordinates":[[[16.020942408377,46.726618705036],[16.055681108717,46.726618705036],[16.056467,46.728931],[16.057863,46.735365],[16.055537,46.755958],[16.024841,46.758955],[16.020942408377,46.760603130222],[16.020942408377,46.726618705036]]],"type":"Polygon"},"id":667,"properties":{"parentKey":"SVN:1159309555","sourceCountryId":"SVN","syntheticOperational":true,"territoryId":"territory:catalog:59c07a01f9accf7da4d00bb83a456ad1d040639db050df43a4a49b1fde2ebacc"},"type":"Feature"},{"geometry":{"coordinates":[[[13.731369476039,46.294964028777],[13.736661,46.286116],[13.770767,46.261983],[13.820893,46.241803],[13.865748,46.2317],[13.87012987013,46.231235992251],[13.87012987013,46.294964028777],[13.731369476039,46.294964028777]]],"type":"Polygon"},"id":668,"properties":{"parentKey":"SVN:1159310823","sourceCountryId":"SVN","syntheticOperational":true,"territoryId":"territory:catalog:1a893605813a4babe1f200769f5d0d8df8b2f3367e73214747256c64bc422bfc"},"type":"Feature"},{"geometry":{"coordinates":[[[15.92862,46.504087],[15.947223,46.487163],[15.949549,46.501632],[15.951346655083,46.503202664234],[15.951346655083,46.510791366906],[15.931142896076,46.510791366906],[15.92862,46.504087]]],"type":"Polygon"},"id":669,"properties":{"parentKey":"SVN:1159308697","sourceCountryId":"SVN","syntheticOperational":true,"territoryId":"territory:catalog:2345d66c2498686881eb2dc59a923214417f377ff70ca46702043645c4e13ab5"},"type":"Feature"},{"geometry":{"coordinates":[[[15.509782,45.874151],[15.512883,45.866916],[15.515739259688,45.863309352518],[15.618556701031,45.863309352518],[15.618556701031,45.971223021583],[15.571404498456,45.971223021583],[15.572207,45.936731],[15.56983,45.926293],[15.566885,45.920143],[15.558978,45.916732],[15.556498,45.908206],[15.550452,45.906035],[15.546266,45.903297],[15.54177,45.903503],[15.530143,45.900558],[15.51526,45.894047],[15.510092,45.882161],[15.509782,45.874151]]],"type":"Polygon"},"id":670,"properties":{"parentKey":"SVN:1159310665","sourceCountryId":"SVN","syntheticOperational":true,"territoryId":"territory:catalog:1488c7d52d48248921d9cd5c453bf95fabc169efcd70886d629eeaaa4f0b5fa7"},"type":"Feature"},{"geometry":{"coordinates":[[[14.862990180112,45.755395683453],[14.869718,45.752246],[14.877004,45.743927],[14.895763,45.745115],[14.908823365774,45.755395683453],[14.862990180112,45.755395683453]]],"type":"Polygon"},"id":671,"properties":{"parentKey":"SVN:1159308633","sourceCountryId":"SVN","syntheticOperational":true,"territoryId":"territory:catalog:149c8c2bef555d60c5b949ee5d48ab8d1340cad03d0b12c44e77195db16e901d"},"type":"Feature"},{"geometry":{"coordinates":[[[15.066605,46.351693],[15.081385,46.346422],[15.087276,46.339859],[15.102469,46.332624],[15.110375,46.323013],[15.116883116883,46.319853004594],[15.116883116883,46.402877697842],[15.087915698422,46.402877697842],[15.087741,46.399881],[15.082315,46.386187],[15.069758,46.371795],[15.066605,46.351693]]],"type":"Polygon"},"id":672,"properties":{"parentKey":"SVN:1159310805","sourceCountryId":"SVN","syntheticOperational":true,"territoryId":"territory:catalog:c28a1ef17dd463f0163b15cfa1ef07c292011341319356b50f8965befcb36e8b"},"type":"Feature"},{"geometry":{"coordinates":[[[15.325803649001,46.454508909545],[15.327003,46.458534],[15.325803649001,46.460719999685],[15.325803649001,46.454508909545]]],"type":"Polygon"},"id":673,"properties":{"parentKey":"SVN:1159310739","sourceCountryId":"SVN","syntheticOperational":true,"territoryId":"territory:catalog:a5a35e30785e4d81332525804f02d476945d7717e9ee534a3a83d8c89d62d0c9"},"type":"Feature"},{"geometry":{"coordinates":[[[15.206896551724,46.031845954435],[15.220704,46.02949],[15.234864,46.030576],[15.24029,46.033676],[15.239205,46.036854],[15.236879,46.038999],[15.233107,46.040472],[15.225045,46.045252],[15.2221,46.046492],[15.218379,46.047526],[15.210162,46.048972],[15.206907,46.050988],[15.206896551724,46.05099705128],[15.206896551724,46.031845954435]]],"type":"Polygon"},"id":674,"properties":{"parentKey":"SVN:1159310759","sourceCountryId":"SVN","syntheticOperational":true,"territoryId":"territory:catalog:e606555d28f3f4788769d9141e9e44e37a49bb22ae24d8b540de01a6880d337c"},"type":"Feature"},{"geometry":{"coordinates":[[[15.638575152042,46.598525495786],[15.647138,46.594081],[15.664347,46.603564],[15.657160637952,46.618705035971],[15.638575152042,46.618705035971],[15.638575152042,46.598525495786]]],"type":"Polygon"},"id":675,"properties":{"parentKey":"SVN:1159310713","sourceCountryId":"SVN","syntheticOperational":true,"territoryId":"territory:catalog:4de8e57e0a8f30f706c8589514330b948e118a6b7b907570ad50075ea81fe3b5"},"type":"Feature"},{"geometry":{"coordinates":[[[15.103399,46.570026],[15.113166,46.559897],[15.12717,46.551888],[15.138022,46.541397],[15.143293,46.533568],[15.16941789748,46.524172228735],[15.16941789748,46.611775987958],[15.154455,46.603616],[15.140192,46.599792],[15.125775,46.601239],[15.111925,46.598655],[15.10867,46.594934],[15.103864,46.586769],[15.106034,46.579224],[15.103399,46.570026]]],"type":"Polygon"},"id":676,"properties":{"parentKey":"SVN:1159310813","sourceCountryId":"SVN","syntheticOperational":true,"territoryId":"territory:catalog:bdc630235a4a157cd493ffcaa2aa245df28e2d632b5e9eca41b8652e34015801"},"type":"Feature"},{"geometry":{"coordinates":[[[15.770382721929,46.294964028777],[15.84538968798,46.294964028777],[15.825112,46.308492],[15.801082,46.320584],[15.77297,46.297743],[15.770382721929,46.294964028777]]],"type":"Polygon"},"id":677,"properties":{"parentKey":"SVN:1159308617","sourceCountryId":"SVN","syntheticOperational":true,"territoryId":"territory:catalog:86ecafb49a81ceb10225d33003b08bba571de84af0cf664c88f06c95d6d99830"},"type":"Feature"},{"geometry":{"coordinates":[[[14.805194805195,46.339242256885],[14.8106,46.337069],[14.848014,46.316088],[14.866928,46.315545],[14.8815,46.337663],[14.881655,46.352468],[14.902171,46.393913],[14.901702336678,46.402877697842],[14.85664639444,46.402877697842],[14.807734861005,46.402877697842],[14.80905,46.399132],[14.80688,46.388487],[14.805194805195,46.385260158999],[14.805194805195,46.339242256885]]],"type":"Polygon"},"id":678,"properties":{"parentKey":"SVN:1159310721","sourceCountryId":"SVN","syntheticOperational":true,"territoryId":"territory:catalog:3adc01dc83ff33e5bab84ae9909dae1d072659c711a60cae43389af1e82711b7"},"type":"Feature"},{"geometry":{"coordinates":[[[14.805194805195,46.201292664057],[14.898915,46.208678],[14.910077,46.210539],[14.930076,46.218781],[14.884911,46.240537],[14.854835,46.252862],[14.81122,46.254386],[14.805194805195,46.25401905789],[14.805194805195,46.201292664057]]],"type":"Polygon"},"id":679,"properties":{"parentKey":"SVN:1159308561","sourceCountryId":"SVN","syntheticOperational":true,"territoryId":"territory:catalog:1237348a74e58275332a11d4f88a975ed84a97cfc616ee7aaa9946703d98fbe7"},"type":"Feature"},{"geometry":{"coordinates":[[[16.055537,46.755958],[16.057863,46.735365],[16.056467,46.728931],[16.055681108717,46.726618705036],[16.178010471204,46.726618705036],[16.178010471204,46.801395454732],[16.164471,46.810476],[16.16075,46.817918],[16.154549,46.822259],[16.150053,46.826548],[16.136411,46.829442],[16.126902,46.787506],[16.112019,46.767378],[16.105198,46.763838],[16.097447,46.762107],[16.091246,46.763683],[16.082409,46.764846],[16.063599,46.764174],[16.055537,46.755958]]],"type":"Polygon"},"id":680,"properties":{"parentKey":"SVN:1159310657","sourceCountryId":"SVN","syntheticOperational":true,"territoryId":"territory:catalog:e7bbcb4b5eb82ebd77939b2c3e496931539ddf49a0fa706614eda3a53d8dc13b"},"type":"Feature"},{"geometry":{"coordinates":[[[15.108056436184,46.187050359712],[15.111148787448,46.187050359712],[15.110995,46.18731],[15.108056436184,46.187050359712]]],"type":"Polygon"},"id":681,"properties":{"parentKey":"SVN:1159310697","sourceCountryId":"SVN","syntheticOperational":true,"territoryId":"territory:catalog:7a97184547206d89848a8693119f921fb4ed39ca8d0ef6c075dc58523ec518e6"},"type":"Feature"},{"geometry":{"coordinates":[[[15.272727272727,46.294964028777],[15.281711859672,46.294964028777],[15.272727272727,46.304474356848],[15.272727272727,46.294964028777]]],"type":"Polygon"},"id":682,"properties":{"parentKey":"SVN:1159310671","sourceCountryId":"SVN","syntheticOperational":true,"territoryId":"territory:catalog:6875b1fa65326cf0364340544dfe8ee975f782a0af2e0d0ac133075796e01faa"},"type":"Feature"},{"geometry":{"coordinates":[[[15.74025974026,46.265693079809],[15.741344,46.266065],[15.74025974026,46.266010567667],[15.74025974026,46.265693079809]]],"type":"Polygon"},"id":683,"properties":{"parentKey":"SVN:1159310765","sourceCountryId":"SVN","syntheticOperational":true,"territoryId":"territory:catalog:374880a77b8efc2bef6f9c4fe451d5c3576de6a9ea0d96341beee67d2a4050e4"},"type":"Feature"},{"geometry":{"coordinates":[[[14.649350649351,46.365797730011],[14.669369,46.364586],[14.726471,46.383422],[14.73753,46.388952],[14.742956,46.392879],[14.741871,46.395696],[14.739855,46.398615],[14.740010921691,46.402877697842],[14.700260642919,46.402877697842],[14.649350649351,46.402877697842],[14.649350649351,46.365797730011]]],"type":"Polygon"},"id":684,"properties":{"parentKey":"SVN:1159308661","sourceCountryId":"SVN","syntheticOperational":true,"territoryId":"territory:catalog:b7c7508712d7318fc57c607f73920d59d99d48cd26108c8afcbfd7d6c81405b9"},"type":"Feature"},{"geometry":{"coordinates":[[[14.814519,46.551337],[14.825638,46.552611],[14.841193,46.552146],[14.843828,46.551784],[14.847084,46.552146],[14.849564,46.552818],[14.85313,46.553464],[14.85664639444,46.552630044881],[14.85664639444,46.602969402923],[14.85039,46.601136],[14.833647,46.584393],[14.822278,46.567546],[14.814519,46.551337]]],"type":"Polygon"},"id":685,"properties":{"parentKey":"SVN:1159308623","sourceCountryId":"SVN","syntheticOperational":true,"territoryId":"territory:catalog:77fdbf3eceb28a0404387db567b6bbac4125a3912f394c9cd818c2591510fc89"},"type":"Feature"},{"geometry":{"coordinates":[[[15.428571428571,46.294964028777],[15.429107204579,46.294964028777],[15.428571428571,46.295076574922],[15.428571428571,46.294964028777]]],"type":"Polygon"},"id":686,"properties":{"parentKey":"SVN:1159308593","sourceCountryId":"SVN","syntheticOperational":true,"territoryId":"territory:catalog:286cf4a7e9bb39bc0871bfb1f23c8dfb39c35b8f4402a9ae6ed6899ef62e09c2"},"type":"Feature"},{"geometry":{"coordinates":[[[15.350619,45.891695],[15.361006,45.883737],[15.388136,45.87658],[15.393231561583,45.863309352518],[15.463917525773,45.863309352518],[15.463917525773,45.971223021583],[15.391770003668,45.971223021583],[15.389531,45.969649],[15.371548,45.951097],[15.363021,45.934768],[15.354185,45.916448],[15.353254,45.899524],[15.350619,45.891695]]],"type":"Polygon"},"id":687,"properties":{"parentKey":"SVN:1159310711","sourceCountryId":"SVN","syntheticOperational":true,"territoryId":"territory:catalog:a71ec35b0dbddf49367a18ffd4cd88c03844256c508874c2550640914da30202"},"type":"Feature"},{"geometry":{"coordinates":[[[15.951346655083,46.503202664234],[15.954665,46.506102],[15.961976158183,46.510791366906],[15.951346655083,46.510791366906],[15.951346655083,46.503202664234]]],"type":"Polygon"},"id":688,"properties":{"parentKey":"SVN:1159308697","sourceCountryId":"SVN","syntheticOperational":true,"territoryId":"territory:catalog:a478d6d447cb6266f97e77d64b745ea527003b8a7557f120054caaa8d13667a8"},"type":"Feature"},{"geometry":{"coordinates":[[[14.109656864311,45.971223021583],[14.120689655172,45.971223021583],[14.120689655172,45.978650484976],[14.110798,45.973267],[14.109656864311,45.971223021583]]],"type":"Polygon"},"id":689,"properties":{"parentKey":"SVN:1159310723","sourceCountryId":"SVN","syntheticOperational":true,"territoryId":"territory:catalog:b1b2123026bb59392c237d6be38e0ce92d209f3bb95a763a5c6a8b7f3b52ac90"},"type":"Feature"},{"geometry":{"coordinates":[[[14.836310952272,46.510791366906],[14.85158,46.502278],[14.85664639444,46.501128158616],[14.85664639444,46.510791366906],[14.836310952272,46.510791366906]]],"type":"Polygon"},"id":690,"properties":{"parentKey":"SVN:1159310737","sourceCountryId":"SVN","syntheticOperational":true,"territoryId":"territory:catalog:7a0e4f637df1e13fca94cf7b3cbcde704d0a8ed3ee389d04c31174781b8bdb89"},"type":"Feature"},{"geometry":{"coordinates":[[[14.40559908224,45.647482014388],[14.426231,45.644036],[14.426139799278,45.647482014388],[14.40559908224,45.647482014388]]],"type":"Polygon"},"id":691,"properties":{"parentKey":"SVN:1159310753","sourceCountryId":"SVN","syntheticOperational":true,"territoryId":"territory:catalog:24dff9628ff4352304ddea67aa080412eddc7eae8e9c0fa85c1d918269aba5a5"},"type":"Feature"},{"geometry":{"coordinates":[[[16.066531682023,46.402877697842],[16.075743,46.384456],[16.088654,46.373086],[16.094345,46.372261],[16.106024,46.373734],[16.115533,46.379289],[16.123181,46.386885],[16.131552,46.393061],[16.143851,46.394714],[16.153567,46.391433],[16.177544,46.375594],[16.191807,46.369781],[16.207792207792,46.367230502075],[16.207792207792,46.402877697842],[16.107732406603,46.402877697842],[16.066531682023,46.402877697842]]],"type":"Polygon"},"id":692,"properties":{"parentKey":"SVN:1159310901","sourceCountryId":"SVN","syntheticOperational":true,"territoryId":"territory:catalog:f9b582eabad664db2808bee0cc10a8f7dee0270b34173486fa5e4025659a4574"},"type":"Feature"},{"geometry":{"coordinates":[[[15.638575152042,46.510791366906],[15.696042549619,46.510791366906],[15.696489,46.512148],[15.638575152042,46.515106703033],[15.638575152042,46.510791366906]]],"type":"Polygon"},"id":693,"properties":{"parentKey":"SVN:1159308613","sourceCountryId":"SVN","syntheticOperational":true,"territoryId":"territory:catalog:0f9771384795222ba29dabdfaa49a76086ab426d7200a99b87a065edbb891eab"},"type":"Feature"},{"geometry":{"coordinates":[[[16.178010471204,46.697361573402],[16.178734,46.697563],[16.178010471204,46.702494475212],[16.178010471204,46.697361573402]]],"type":"Polygon"},"id":694,"properties":{"parentKey":"SVN:1159310657","sourceCountryId":"SVN","syntheticOperational":true,"territoryId":"territory:catalog:8420088fac94a0c89b0033ab1ed91ebc2c12f2dbe401a77824c96cb851b37c57"},"type":"Feature"},{"geometry":{"coordinates":[[[14.319931565441,45.752893934645],[14.323188,45.754107],[14.319931565441,45.754536935567],[14.319931565441,45.752893934645]]],"type":"Polygon"},"id":695,"properties":{"parentKey":"SVN:1159310755","sourceCountryId":"SVN","syntheticOperational":true,"territoryId":"territory:catalog:dbaeb7ba474fec57010503103291c6a8430518dbb8e93be525f8ce226b740dcc"},"type":"Feature"},{"geometry":{"coordinates":[[[14.961038961039,46.187050359712],[15.009074405411,46.187050359712],[14.999891,46.198989],[14.970745,46.197775],[14.961038961039,46.196054592819],[14.961038961039,46.187050359712]]],"type":"Polygon"},"id":696,"properties":{"parentKey":"SVN:1159310815","sourceCountryId":"SVN","syntheticOperational":true,"territoryId":"territory:catalog:6ca1b59900ea63704a478b5ddf6399efff9a2bea1db18fb824cbd4d847793671"},"type":"Feature"},{"geometry":{"coordinates":[[[16.020942408377,46.760603130222],[16.024841,46.758955],[16.055537,46.755958],[16.063599,46.764174],[16.052126,46.770091],[16.051661,46.775672],[16.056002,46.816057],[16.054114005566,46.834532374101],[16.020942408377,46.834532374101],[16.020942408377,46.760603130222]]],"type":"Polygon"},"id":697,"properties":{"parentKey":"SVN:1159310661","sourceCountryId":"SVN","syntheticOperational":true,"territoryId":"territory:catalog:69fca85d5626ae08b6a0ca98bbb0df5b47b2bde02c890b92a06546df50974b8a"},"type":"Feature"},{"geometry":{"coordinates":[[[14.120689655172,46.17358421581],[14.161958,46.179378],[14.16837603418,46.187050359712],[14.120689655172,46.187050359712],[14.120689655172,46.17358421581]]],"type":"Polygon"},"id":698,"properties":{"parentKey":"SVN:1159310847","sourceCountryId":"SVN","syntheticOperational":true,"territoryId":"territory:catalog:e8b7528af188c4d579b9d6b255147df76fc8dadd6a511a78bcc4b692a9bb926b"},"type":"Feature"},{"geometry":{"coordinates":[[[14.363282944332,46.187050359712],[14.364168,46.183176],[14.368043,46.182349],[14.371764,46.182969],[14.379825,46.181471],[14.385096,46.176355],[14.39383,46.160335],[14.414294,46.170541],[14.411348,46.175011],[14.40789215799,46.187050359712],[14.363282944332,46.187050359712]]],"type":"Polygon"},"id":699,"properties":{"parentKey":"SVN:1159310831","sourceCountryId":"SVN","syntheticOperational":true,"territoryId":"territory:catalog:15f1636e989e18dc63cc2d198c8b57ebb7186ea87082b969dc69997ea8441449"},"type":"Feature"},{"geometry":{"coordinates":[[[14.961038961039,46.294964028777],[14.970460571327,46.294964028777],[14.97059,46.302936],[14.966405,46.318723],[14.961038961039,46.323556719985],[14.961038961039,46.294964028777]]],"type":"Polygon"},"id":700,"properties":{"parentKey":"SVN:1159310749","sourceCountryId":"SVN","syntheticOperational":true,"territoryId":"territory:catalog:fb4a5c1d1ba21b9ef6317cf8599a69b6ae16d59aa822031d5d54adb9ea10960e"},"type":"Feature"},{"geometry":{"coordinates":[[[16.264118158123,46.567616619093],[16.265964,46.569147],[16.264118158123,46.572412825916],[16.264118158123,46.567616619093]]],"type":"Polygon"},"id":701,"properties":{"parentKey":"SVN:1159310883","sourceCountryId":"SVN","syntheticOperational":true,"territoryId":"territory:catalog:d9093e41f568616c0c1bf9b0e1337ee0c77e4c24ac3189bc5f5df7fd5fa3fdc5"},"type":"Feature"},{"geometry":{"coordinates":[[[14.805194805195,46.187050359712],[14.896551724138,46.187050359712],[14.898676961401,46.187050359712],[14.901706,46.190979],[14.898915,46.208678],[14.805194805195,46.201292664057],[14.805194805195,46.187050359712]]],"type":"Polygon"},"id":702,"properties":{"parentKey":"SVN:1159310729","sourceCountryId":"SVN","syntheticOperational":true,"territoryId":"territory:catalog:c6c2079cfd74463fd99fd8e32daa57af5c2b4d17b3435f3c04b3b9e82d301754"},"type":"Feature"},{"geometry":{"coordinates":[[[15.24379811805,45.710643656104],[15.249023,45.713282],[15.249913,45.713732],[15.255017,45.723463],[15.263492,45.730388],[15.303799,45.746149],[15.331031,45.752486],[15.33093,45.752867],[15.330258880221,45.755395683453],[15.309278350515,45.755395683453],[15.24379811805,45.755395683453],[15.24379811805,45.710643656104]]],"type":"Polygon"},"id":703,"properties":{"parentKey":"SVN:1159308575","sourceCountryId":"SVN","syntheticOperational":true,"territoryId":"territory:catalog:403f70beb632531cd9215a232ef871fe3d5f88cb91bfdc00beabd09333d64951"},"type":"Feature"},{"geometry":{"coordinates":[[[15.943038,46.420526],[15.951346655083,46.419721876374],[15.951346655083,46.445624306348],[15.943038,46.420526]]],"type":"Polygon"},"id":704,"properties":{"parentKey":"SVN:1159310885","sourceCountryId":"SVN","syntheticOperational":true,"territoryId":"territory:catalog:b2c2145c77de495135e44466f265fabe8d1efc0e1ea7b0f7f069603819a8b129"},"type":"Feature"},{"geometry":{"coordinates":[[[14.120689655172,45.971223021583],[14.216355501204,45.971223021583],[14.215494,45.975385],[14.219835,45.989183],[14.228569,45.993136],[14.229809,45.995022],[14.205883,46.006184],[14.196271,46.008096],[14.19038,46.024685],[14.19286,46.034684],[14.186814,46.037914],[14.171156,46.020189],[14.138703,46.005771],[14.137308,45.992335],[14.128936,45.984609],[14.12072,45.978667],[14.120689655172,45.978650484976],[14.120689655172,45.971223021583]]],"type":"Polygon"},"id":705,"properties":{"parentKey":"SVN:1159310723","sourceCountryId":"SVN","syntheticOperational":true,"territoryId":"territory:catalog:50756d8c1348aaba3471857c49ce2e0b0406f427112222f258a4e640985de422"},"type":"Feature"},{"geometry":{"coordinates":[[[15.638575152042,46.467687341163],[15.647138,46.462746],[15.65396,46.460575],[15.658765,46.459852],[15.676129,46.460317],[15.683105,46.461195],[15.686877,46.462384],[15.709512,46.464968],[15.69773,46.481453],[15.695094,46.48662],[15.699435,46.49432],[15.70052,46.498092],[15.694474,46.506025],[15.696042549619,46.510791366906],[15.638575152042,46.510791366906],[15.638575152042,46.467687341163]]],"type":"Polygon"},"id":706,"properties":{"parentKey":"SVN:1159308613","sourceCountryId":"SVN","syntheticOperational":true,"territoryId":"territory:catalog:fddf76d3ef950b6f99f6dd03029876f5058de64730f825f91bf4fa57461b6c9e"},"type":"Feature"},{"geometry":{"coordinates":[[[15.74025974026,46.364815889399],[15.769095,46.363424],[15.784288,46.361124],[15.802478,46.354949],[15.818756,46.359134],[15.821236,46.366059],[15.824647,46.371563],[15.831468,46.394791],[15.824653406499,46.402877697842],[15.794960903562,46.402877697842],[15.74025974026,46.402877697842],[15.74025974026,46.364815889399]]],"type":"Polygon"},"id":707,"properties":{"parentKey":"SVN:1159310705","sourceCountryId":"SVN","syntheticOperational":true,"territoryId":"territory:catalog:4984b32b2c7cd64614e3e6d914c38eb4293e813d970506281ff3fa512fa07e36"},"type":"Feature"},{"geometry":{"coordinates":[[[14.554475685564,45.971223021583],[14.55997,45.955128],[14.56152,45.943656],[14.556869,45.921125],[14.560486,45.918619],[14.563742,45.915027],[14.564982,45.910428],[14.564517,45.904744],[14.566687,45.901979],[14.585291,45.896269],[14.591647,45.894951],[14.593818,45.897044],[14.594593,45.901643],[14.600949,45.908878],[14.591647,45.928747],[14.595368,45.960347],[14.594748,45.968848],[14.59396530092,45.971223021583],[14.586206896552,45.971223021583],[14.554475685564,45.971223021583]]],"type":"Polygon"},"id":708,"properties":{"parentKey":"SVN:1159310783","sourceCountryId":"SVN","syntheticOperational":true,"territoryId":"territory:catalog:efabc1580942af9ba258116ed13f41466aac0946b26250f276d7f2c80024b894"},"type":"Feature"},{"geometry":{"coordinates":[[[14.179063,46.284152],[14.181818181818,46.28363940148],[14.181818181818,46.294964028777],[14.17986517801,46.294964028777],[14.179063,46.284152]]],"type":"Polygon"},"id":709,"properties":{"parentKey":"SVN:1159310839","sourceCountryId":"SVN","syntheticOperational":true,"territoryId":"territory:catalog:c087e56d2ccb542cde9e8efa77ab02d06485d2b1cea5a82f2c35a261cbd4801f"},"type":"Feature"},{"geometry":{"coordinates":[[[16.178010471204,46.801395454732],[16.183695,46.797583],[16.191033,46.796007],[16.197854,46.79363],[16.201885,46.790297],[16.2039,46.781899],[16.193358,46.762262],[16.197234,46.757353],[16.210566,46.745002],[16.217853,46.744382],[16.223744,46.746863],[16.232116,46.757095],[16.240642,46.762366],[16.257747,46.780039],[16.260383,46.787687],[16.263173,46.791408],[16.266429,46.80195],[16.265343,46.809598],[16.258832,46.817918],[16.244518,46.827788],[16.22762,46.834325],[16.227206557388,46.834532374101],[16.178010471204,46.834532374101],[16.178010471204,46.801395454732]]],"type":"Polygon"},"id":710,"properties":{"parentKey":"SVN:1159309561","sourceCountryId":"SVN","syntheticOperational":true,"territoryId":"territory:catalog:74da1ecbc68fa8636fe5799daf5faa2926a8ecf6b63248ce22596b874e3b9340"},"type":"Feature"},{"geometry":{"coordinates":[[[13.860864661921,45.647482014388],[13.869158,45.641143],[13.884144,45.635148],[13.893136,45.634683],[13.893641,45.633758],[13.908898,45.643778],[13.938354,45.642641],[13.939746642085,45.647482014388],[13.860864661921,45.647482014388]]],"type":"Polygon"},"id":711,"properties":{"parentKey":"SVN:1159310879","sourceCountryId":"SVN","syntheticOperational":true,"territoryId":"territory:catalog:28c4b9a25ad7277152cfe9cbe0c2aba4246def61d7a9dbb556e1ec3713a87fb4"},"type":"Feature"},{"geometry":{"coordinates":[[[13.81936256945,45.971223021583],[13.89510692287,45.971223021583],[13.882957,45.97554],[13.87319,45.980243],[13.866679,45.984842],[13.865748,45.988769],[13.852261,46.00205],[13.844044,45.99342],[13.844044,45.983705],[13.81936256945,45.971223021583]]],"type":"Polygon"},"id":712,"properties":{"parentKey":"SVN:1159310851","sourceCountryId":"SVN","syntheticOperational":true,"territoryId":"territory:catalog:2c689f43be3956c8622193e8183d5abb42f25b0cdf079628bfd49fdf99c35c93"},"type":"Feature"},{"geometry":{"coordinates":[[[16.328647,46.548735],[16.334848,46.54517],[16.339654,46.543981],[16.340276,46.543827],[16.344149,46.546979],[16.351254,46.539922],[16.351694,46.539486],[16.357895,46.546979],[16.369471,46.540571],[16.382183,46.539383],[16.394895,46.540106],[16.406264,46.539486],[16.415153,46.535559],[16.420503909644,46.531635867802],[16.420503909644,46.60838588152],[16.395343208724,46.618705035971],[16.351271294778,46.618705035971],[16.347871,46.615346],[16.378463,46.599792],[16.397532,46.578191],[16.389625,46.57478],[16.383114,46.570026],[16.367456,46.562946],[16.350661,46.557649],[16.344305,46.556745],[16.334538,46.556487],[16.328647,46.548735]]],"type":"Polygon"},"id":713,"properties":{"parentKey":"SVN:1159308687","sourceCountryId":"SVN","syntheticOperational":true,"territoryId":"territory:catalog:6842010cdfb85d08094cbc8d26fc6e2688d4ae7d9e8a2318d909f9618248e715"},"type":"Feature"},{"geometry":{"coordinates":[[[15.240135,46.320532],[15.270055,46.307303],[15.272727272727,46.304474356848],[15.272727272727,46.36504017465],[15.26773,46.365026],[15.269435,46.360271],[15.26773,46.358669],[15.263234,46.355698],[15.261219,46.352468],[15.260909,46.346164],[15.261529,46.342624],[15.260599,46.338361],[15.259203,46.33557],[15.240135,46.320532]]],"type":"Polygon"},"id":714,"properties":{"parentKey":"SVN:1159308599","sourceCountryId":"SVN","syntheticOperational":true,"territoryId":"territory:catalog:30c684441173aa20da60433064ea6aa50bf43fce8e2c86dde2c9227bed2b115a"},"type":"Feature"},{"geometry":{"coordinates":[[[14.896551724138,46.184293942961],[14.898676961401,46.187050359712],[14.896551724138,46.187050359712],[14.896551724138,46.184293942961]]],"type":"Polygon"},"id":715,"properties":{"parentKey":"SVN:1159310729","sourceCountryId":"SVN","syntheticOperational":true,"territoryId":"territory:catalog:26a017a1fff42846977445734f22a43e3792359930dd55271794bde76f14e70a"},"type":"Feature"},{"geometry":{"coordinates":[[[14.781864841745,45.752797313217],[14.795872,45.7431],[14.810915902023,45.755395683453],[14.781864841745,45.755395683453],[14.781864841745,45.752797313217]]],"type":"Polygon"},"id":716,"properties":{"parentKey":"SVN:1159308665","sourceCountryId":"SVN","syntheticOperational":true,"territoryId":"territory:catalog:06b29dc0094e203eac7590857d3a087acfb4eeee4a2124cf842e3c8ff9b69e0d"},"type":"Feature"},{"geometry":{"coordinates":[[[13.87012987013,46.187050359712],[13.965517241379,46.187050359712],[13.974690965535,46.187050359712],[13.989255,46.194597],[14.004965,46.219866],[14.00512,46.226559],[13.997006,46.239297],[13.997006,46.2394],[13.894946,46.229995],[13.880631,46.230124],[13.87012987013,46.231235992251],[13.87012987013,46.187050359712]]],"type":"Polygon"},"id":717,"properties":{"parentKey":"SVN:1159310843","sourceCountryId":"SVN","syntheticOperational":true,"territoryId":"territory:catalog:e87b7f2b16a7f14b4cfbf6d7181f03808cc8bfc3ae2a424eb3b1fac490309258"},"type":"Feature"},{"geometry":{"coordinates":[[[14.665430012726,46.187050359712],[14.741379310345,46.187050359712],[14.805194805195,46.187050359712],[14.805194805195,46.201292664057],[14.785796,46.199764],[14.769776,46.195914],[14.748692,46.195992],[14.735049,46.197646],[14.715929,46.202193],[14.683063,46.19917],[14.665430012726,46.187050359712]]],"type":"Polygon"},"id":718,"properties":{"parentKey":"SVN:1159310729","sourceCountryId":"SVN","syntheticOperational":true,"territoryId":"territory:catalog:eb812d44fa35008e674a363fd13b427f549148a9d19e8d2ccb5a0597b42cd30a"},"type":"Feature"},{"geometry":{"coordinates":[[[14.266086,46.297174],[14.266588192552,46.294964028777],[14.311424160413,46.294964028777],[14.311251,46.297071],[14.312491,46.300637],[14.320863,46.306347],[14.322878,46.31167],[14.328614,46.314124],[14.326289,46.321359],[14.300709,46.318982],[14.295128,46.319705],[14.289237,46.322392],[14.267171,46.326139],[14.266086,46.297174]]],"type":"Polygon"},"id":719,"properties":{"parentKey":"SVN:1159310837","sourceCountryId":"SVN","syntheticOperational":true,"territoryId":"territory:catalog:37ea8beea97a88ac3b170558ebc3a7f6fb08b7d3ffc173dfa37a2b42c7ab0043"},"type":"Feature"},{"geometry":{"coordinates":[[[15.584415584416,46.187050359712],[15.589526990279,46.187050359712],[15.61329,46.20426],[15.607089,46.21997],[15.603988,46.222605],[15.596857,46.225447],[15.58585,46.235989],[15.584415584416,46.238684198918],[15.584415584416,46.187050359712]]],"type":"Polygon"},"id":720,"properties":{"parentKey":"SVN:1159310789","sourceCountryId":"SVN","syntheticOperational":true,"territoryId":"territory:catalog:8f6c7862c9184cbf62c8aac5f7e3dca97eb398228e37822fdfe4a073627f6c56"},"type":"Feature"},{"geometry":{"coordinates":[[[15.794960903562,46.402877697842],[15.824653406499,46.402877697842],[15.800462,46.431585],[15.794960903562,46.432553967179],[15.794960903562,46.402877697842]]],"type":"Polygon"},"id":721,"properties":{"parentKey":"SVN:1159310705","sourceCountryId":"SVN","syntheticOperational":true,"territoryId":"territory:catalog:a999a19aae0dfa33fa1cff6fdc7f3c0bdc8cabd4ea6425950652357c1731f245"},"type":"Feature"},{"geometry":{"coordinates":[[[14.758769,45.837357],[14.764195,45.831776],[14.771016,45.822991],[14.781713,45.815137],[14.784659,45.808315],[14.804554,45.797515],[14.824398,45.79798],[14.83711,45.796016],[14.845360824742,45.798574076388],[14.845360824742,45.863309352518],[14.767026439037,45.863309352518],[14.760474,45.850948],[14.758769,45.837357]]],"type":"Polygon"},"id":722,"properties":{"parentKey":"SVN:1159310703","sourceCountryId":"SVN","syntheticOperational":true,"territoryId":"territory:catalog:4b668eceff94f933d74e846a361b216c6e8800081d0a2334d363b60477c569e0"},"type":"Feature"},{"geometry":{"coordinates":[[[15.136579731925,45.431654676259],[15.139262,45.430045],[15.18422,45.4256],[15.191815856778,45.4275797508],[15.191815856778,45.431654676259],[15.136579731925,45.431654676259]]],"type":"Polygon"},"id":723,"properties":{"parentKey":"SVN:1159310681","sourceCountryId":"SVN","syntheticOperational":true,"territoryId":"territory:catalog:078b9b188cf68e93c2ff6a669855758320bce5cec5c21b3b395462c22e162d73"},"type":"Feature"},{"geometry":{"coordinates":[[[15.482189400521,46.495005131765],[15.500481,46.499281],[15.539445,46.497421],[15.563784,46.509875],[15.562265503814,46.510791366906],[15.482189400521,46.510791366906],[15.482189400521,46.495005131765]]],"type":"Polygon"},"id":724,"properties":{"parentKey":"SVN:1159308591","sourceCountryId":"SVN","syntheticOperational":true,"territoryId":"territory:catalog:8e3f492857d3bcc1956f74637144aa9646dd3b81ba3ad803355f4aba08b16a3a"},"type":"Feature"},{"geometry":{"coordinates":[[[15.823407,46.49494],[15.845421,46.482848],[15.869967,46.460007],[15.88485,46.453573],[15.892911,46.452255],[15.900508,46.453728],[15.905469,46.456545],[15.908414,46.460394],[15.922419,46.470962],[15.944278,46.480522],[15.947223,46.487163],[15.92862,46.504087],[15.88795,46.499849],[15.867332,46.500056],[15.854464,46.506309],[15.823407,46.49494]]],"type":"Polygon"},"id":725,"properties":{"parentKey":"SVN:1159308555","sourceCountryId":"SVN","syntheticOperational":true,"territoryId":"territory:catalog:bbe44e9427d9aa0393a333f1206a25223789d29a9eebdb113cd34a6e79e9b454"},"type":"Feature"},{"geometry":{"coordinates":[[[15.951346655083,46.585632864371],[15.955905,46.588216],[15.951346655083,46.589865615765],[15.951346655083,46.585632864371]]],"type":"Polygon"},"id":726,"properties":{"parentKey":"SVN:1159308565","sourceCountryId":"SVN","syntheticOperational":true,"territoryId":"territory:catalog:186957e64aafb43320541a5388d782437fc2efb56aff91817ef4b3d69b532e88"},"type":"Feature"},{"geometry":{"coordinates":[[[14.741379310345,46.079136690647],[14.896551724138,46.079136690647],[14.896551724138,46.103880699493],[14.892352,46.108865],[14.891732,46.11362],[14.893127,46.116979],[14.894058,46.1215],[14.893903,46.124678],[14.890492,46.127779],[14.88181,46.129226],[14.839332,46.129588],[14.834785,46.136977],[14.806259,46.115454],[14.753963,46.100184],[14.749932,46.093156],[14.744661,46.09052],[14.741379310345,46.089380685302],[14.741379310345,46.079136690647]]],"type":"Polygon"},"id":727,"properties":{"parentKey":"SVN:1159317881","sourceCountryId":"SVN","syntheticOperational":true,"territoryId":"territory:catalog:c2e86299cea65af28e145f1d3f483da1bb32be4b49ec7df23044640d6c3e2ecf"},"type":"Feature"},{"geometry":{"coordinates":[[[14.533304,45.990216],[14.554078,45.972388],[14.554475685564,45.971223021583],[14.586206896552,45.971223021583],[14.586206896552,46.015521836966],[14.562967,46.018845],[14.541831,46.016313],[14.535475,46.013057],[14.536095,46.00373],[14.533304,45.990216]]],"type":"Polygon"},"id":728,"properties":{"parentKey":"SVN:1159310783","sourceCountryId":"SVN","syntheticOperational":true,"territoryId":"territory:catalog:871c714dcb078905522a3a2ec7767d2cf46ddc3d8a3f4a3a6117e72b5904b455"},"type":"Feature"},{"geometry":{"coordinates":[[[13.568614,45.539252],[13.572765,45.529975],[13.578624,45.523383],[13.586192,45.519477],[13.595958,45.518134],[13.595958,45.511908],[13.589122,45.501614],[13.591645,45.493109],[13.589529,45.488837],[13.624107,45.462745],[13.64282,45.459448],[13.64292,45.45943],[13.657289002558,45.459891830698],[13.657289002558,45.492065515157],[13.654237,45.49066],[13.64664,45.48818],[13.641679,45.489575],[13.639974,45.49097],[13.639664,45.493218],[13.633463,45.499652],[13.628657,45.502184],[13.622146,45.506758],[13.61889,45.51562],[13.61858,45.521614],[13.616565,45.525542],[13.611449,45.533552],[13.610929077219,45.538024335764],[13.58961,45.535793],[13.568614,45.539252]]],"type":"Polygon"},"id":729,"properties":{"parentKey":"SVN:1159310877","sourceCountryId":"SVN","syntheticOperational":true,"territoryId":"territory:catalog:bfc5f736d967f6696952c4733706cedd2ea56e98fd03c5ae17262db4770e9bc7"},"type":"Feature"},{"geometry":{"coordinates":[[[15.455911491021,46.402877697842],[15.457486,46.399881],[15.460328,46.397788],[15.463584,46.396936],[15.468855,46.397556],[15.475986,46.397737],[15.490094,46.39492],[15.494745,46.392517],[15.495675,46.389882],[15.494124,46.380839],[15.496915,46.371692],[15.502961,46.359548],[15.524562,46.350556],[15.532313,46.349962],[15.540995,46.344717],[15.547816,46.333865],[15.555103,46.308647],[15.557615702541,46.294964028777],[15.584415584416,46.294964028777],[15.584415584416,46.402877697842],[15.482189400521,46.402877697842],[15.455911491021,46.402877697842]]],"type":"Polygon"},"id":730,"properties":{"parentKey":"SVN:1159308595","sourceCountryId":"SVN","syntheticOperational":true,"territoryId":"territory:catalog:b79eb05124e965afb2b82aef25fb463124e5810a5da4f7fe243ef92942b239ea"},"type":"Feature"},{"geometry":{"coordinates":[[[16.227206557388,46.834532374101],[16.22762,46.834325],[16.244518,46.827788],[16.258832,46.817918],[16.265343,46.809598],[16.266429,46.80195],[16.263173,46.791408],[16.260383,46.787687],[16.257747,46.780039],[16.290458,46.777093],[16.296349,46.778179],[16.298726,46.779186],[16.29949,46.77951],[16.302188,46.787016],[16.311097,46.797519],[16.31056,46.79779],[16.29821,46.804017],[16.296814,46.807014],[16.295884,46.810166],[16.301155,46.816678],[16.303067,46.822336],[16.303067,46.834532374101],[16.234676007005,46.834532374101],[16.227206557388,46.834532374101]]],"type":"Polygon"},"id":731,"properties":{"parentKey":"SVN:1159308539","sourceCountryId":"SVN","syntheticOperational":true,"territoryId":"territory:catalog:c6a5fbb0bd088b1620d1b3fb92e1b25a1ac909e6254974cf5bd242f17623d56e"},"type":"Feature"},{"geometry":{"coordinates":[[[16.335078534031,46.684434304731],[16.340739,46.688882],[16.351707,46.685921],[16.356242,46.684696],[16.363935,46.694808],[16.365383,46.696712],[16.357585,46.699011],[16.357275,46.715832],[16.343426,46.714178],[16.335078534031,46.720972094265],[16.335078534031,46.684434304731]]],"type":"Polygon"},"id":732,"properties":{"parentKey":"SVN:1159310895","sourceCountryId":"SVN","syntheticOperational":true,"territoryId":"territory:catalog:16a747d376c0004ccd3dd6f466c1ffc38c55f5ba18e74658b0a01c873ab062e3"},"type":"Feature"},{"geometry":{"coordinates":[[[15.618556701031,45.82001204315],[15.626054,45.820202],[15.645587,45.824129],[15.666051,45.831674],[15.676076,45.841699],[15.675456,45.855962],[15.671149637083,45.863309352518],[15.618556701031,45.863309352518],[15.618556701031,45.82001204315]]],"type":"Polygon"},"id":733,"properties":{"parentKey":"SVN:1159310665","sourceCountryId":"SVN","syntheticOperational":true,"territoryId":"territory:catalog:0c97d936a611a0446f42630a01de5f65674581e2c75cee4027f9be5eac931e98"},"type":"Feature"},{"geometry":{"coordinates":[[[14.810915902023,45.755395683453],[14.845360824742,45.755395683453],[14.845360824742,45.759682114759],[14.835715,45.76054],[14.826878,45.757621],[14.813701,45.757672],[14.810915902023,45.755395683453]]],"type":"Polygon"},"id":734,"properties":{"parentKey":"SVN:1159308563","sourceCountryId":"SVN","syntheticOperational":true,"territoryId":"territory:catalog:fe33da906f5923117b728b2a0eafdb57a085534a8d0a5c8643fce351672c9387"},"type":"Feature"},{"geometry":{"coordinates":[[[14.740010921691,46.402877697842],[14.805194805195,46.402877697842],[14.807734861005,46.402877697842],[14.805639,46.408847],[14.804089,46.425125],[14.775667,46.431895],[14.769931,46.431275],[14.754583,46.421456],[14.740165,46.40709],[14.740010921691,46.402877697842]]],"type":"Polygon"},"id":735,"properties":{"parentKey":"SVN:1159308571","sourceCountryId":"SVN","syntheticOperational":true,"territoryId":"territory:catalog:78eb06bdf614392365a25dfb40e6151936103cf08dc6a2a37a1c830a937fe826"},"type":"Feature"},{"geometry":{"coordinates":[[[14.663675,45.570187],[14.664045,45.570036],[14.669833,45.564558],[14.671693,45.556807],[14.668265362783,45.539568345324],[14.731457800512,45.539568345324],[14.764377800659,45.539568345324],[14.756133,45.544972],[14.739235,45.553576],[14.733034,45.561638],[14.731639,45.565333],[14.733344,45.567245],[14.733654,45.571896],[14.730088,45.575771],[14.72368,45.596985],[14.680582,45.576236],[14.663675,45.570187]]],"type":"Polygon"},"id":736,"properties":{"parentKey":"SVN:1159308649","sourceCountryId":"SVN","syntheticOperational":true,"territoryId":"territory:catalog:6b3c567a3817d8e5a800e446bdb6ada11d9cb85fcd03a06197475102b1ee5498"},"type":"Feature"},{"geometry":{"coordinates":[[[15.429107204579,46.294964028777],[15.500015,46.280069],[15.506062,46.280793],[15.511953,46.282886],[15.529988,46.276633],[15.552467,46.277744],[15.557893,46.293454],[15.557615702541,46.294964028777],[15.429107204579,46.294964028777]]],"type":"Polygon"},"id":737,"properties":{"parentKey":"SVN:1159310787","sourceCountryId":"SVN","syntheticOperational":true,"territoryId":"territory:catalog:d6e89e9b0e6c475b208166a0e69c532d453c7b1b1756288f36181dfbc3ab6653"},"type":"Feature"},{"geometry":{"coordinates":[[[16.122872,46.843368],[16.124854707288,46.834532374101],[16.178010471204,46.834532374101],[16.227206557388,46.834532374101],[16.179486,46.858468],[16.135376,46.855849],[16.130246,46.856708],[16.122872,46.843368]]],"type":"Polygon"},"id":738,"properties":{"parentKey":"SVN:1159309561","sourceCountryId":"SVN","syntheticOperational":true,"territoryId":"territory:catalog:8cc3127b68b8600b63f15ed21f3336a809611335573ec6cc1776e736c5d857e9"},"type":"Feature"},{"geometry":{"coordinates":[[[16.051661,46.775672],[16.052126,46.770091],[16.063599,46.764174],[16.082409,46.764846],[16.091246,46.763683],[16.097447,46.762107],[16.105198,46.763838],[16.112019,46.767378],[16.126902,46.787506],[16.136411,46.829442],[16.125197,46.833007],[16.098842,46.832077],[16.092021,46.830217],[16.077758,46.822517],[16.072435,46.818796],[16.056002,46.816057],[16.051661,46.775672]]],"type":"Polygon"},"id":739,"properties":{"parentKey":"SVN:1159308553","sourceCountryId":"SVN","syntheticOperational":true,"territoryId":"territory:catalog:9a809ea53efafa2f0e8aa085d0a63ebb19ee11ead29e6ddefdb4335d5c05de34"},"type":"Feature"},{"geometry":{"coordinates":[[[15.51724137931,46.059935213359],[15.51743,46.059876],[15.524872,46.059256],[15.537739,46.052642],[15.548436,46.044115],[15.559443,46.017114],[15.56735,46.017734],[15.571897,46.019],[15.577944,46.01931],[15.585075,46.021016],[15.599338,46.022307],[15.601818,46.020499],[15.603678,46.018225],[15.58368,45.993989],[15.597632,45.994454],[15.623832,46.003704],[15.667757,46.02639],[15.663261,46.032178],[15.638612,46.032281],[15.63117,46.034193],[15.624142,46.03781],[15.619646,46.040859],[15.607554,46.065871],[15.599028,46.069126],[15.595307,46.078738],[15.595408058136,46.079136690647],[15.51724137931,46.079136690647],[15.51724137931,46.059935213359]]],"type":"Polygon"},"id":740,"properties":{"parentKey":"SVN:1159310707","sourceCountryId":"SVN","syntheticOperational":true,"territoryId":"territory:catalog:b3227e185015e3cad81dfc8df24e9be29d185ec54dfbb1ed902ff12343acc87b"},"type":"Feature"},{"geometry":{"coordinates":[[[14.778111659572,45.755395683453],[14.781864841745,45.752797313217],[14.781864841745,45.755395683453],[14.778111659572,45.755395683453]]],"type":"Polygon"},"id":741,"properties":{"parentKey":"SVN:1159308665","sourceCountryId":"SVN","syntheticOperational":true,"territoryId":"territory:catalog:23483f26cdfdfce3c44fe9b4dc415f2eef624fa1afabc57b79de687fd001afd0"},"type":"Feature"},{"geometry":{"coordinates":[[[14.99405956078,46.079136690647],[14.99524,46.075431],[14.99679,46.068093],[15.001596,46.061582],[15.002371,46.056362],[15.016841,46.053468],[15.026763,46.054399],[15.051724137931,46.060155697336],[15.051724137931,46.079136690647],[14.99405956078,46.079136690647]]],"type":"Polygon"},"id":742,"properties":{"parentKey":"SVN:1159310697","sourceCountryId":"SVN","syntheticOperational":true,"territoryId":"territory:catalog:f6db8d0b03706fe0eed370e8be410f2662519be5f6ade8d534ceefc7e05edd46"},"type":"Feature"},{"geometry":{"coordinates":[[[15.078815469097,45.539568345324],[15.089820359281,45.539568345324],[15.089820359281,45.546263012484],[15.086811,45.544352],[15.08185,45.54244],[15.078815469097,45.539568345324]]],"type":"Polygon"},"id":743,"properties":{"parentKey":"SVN:1159310681","sourceCountryId":"SVN","syntheticOperational":true,"territoryId":"territory:catalog:5aba03739e725ed2df90c3235d479c68a9610bf5104d56baa0913eb6fd20f42b"},"type":"Feature"},{"geometry":{"coordinates":[[[15.025247055848,45.971223021583],[15.051724137931,45.971223021583],[15.051724137931,46.001805940192],[15.04056,46.000552],[15.037925,45.993885],[15.036685,45.985721],[15.032189,45.977452],[15.025247055848,45.971223021583]]],"type":"Polygon"},"id":744,"properties":{"parentKey":"SVN:1159310801","sourceCountryId":"SVN","syntheticOperational":true,"territoryId":"territory:catalog:4c6f32e886915c49f10f06fc128649372c2c1e08a81bccf551f39058d0b6af63"},"type":"Feature"},{"geometry":{"coordinates":[[[14.690721649485,45.884323793282],[14.72306,45.876425],[14.731329,45.876425],[14.751792,45.883298],[14.747297,45.892445],[14.747452,45.896992],[14.749932,45.903219],[14.750242,45.907896],[14.7366,45.927068],[14.734429,45.935284],[14.732259,45.941175],[14.733809,45.944612],[14.733189,45.947015],[14.728951,45.949289],[14.718409,45.952131],[14.714844,45.952596],[14.717479,45.965748],[14.722746474375,45.971223021583],[14.690721649485,45.971223021583],[14.690721649485,45.884323793282]]],"type":"Polygon"},"id":745,"properties":{"parentKey":"SVN:1159310693","sourceCountryId":"SVN","syntheticOperational":true,"territoryId":"territory:catalog:4b3dad3966b0361dfb7318eb9ccfdeb5749f0e8c31f1c3f193d398ce8118fa2d"},"type":"Feature"},{"geometry":{"coordinates":[[[15.919628,46.565323],[15.928465,46.541914],[15.945208,46.535868],[15.947533,46.533413],[15.951346655083,46.533161883369],[15.951346655083,46.585632864371],[15.943503,46.581188],[15.938077,46.579586],[15.926449,46.573592],[15.922264,46.568837],[15.919628,46.565323]]],"type":"Polygon"},"id":746,"properties":{"parentKey":"SVN:1159308543","sourceCountryId":"SVN","syntheticOperational":true,"territoryId":"territory:catalog:ff4db810e6fa39415cc39dbe517df028a8433fa8ef88e1ef2fcf874a131f87ae"},"type":"Feature"},{"geometry":{"coordinates":[[[14.894063,46.605215],[14.895453,46.602505],[14.900931,46.594521],[14.903256,46.593022],[14.906357,46.59297],[14.908837,46.593151],[14.910852,46.592221],[14.912868,46.590593],[14.915658,46.58925],[14.919224,46.586511],[14.92279,46.582428],[14.926821,46.575762],[14.931626,46.569302],[14.934572,46.567158],[14.942633,46.565918],[14.945269,46.56274],[14.946664,46.557159],[14.946199,46.544963],[14.946819,46.539537],[14.946974,46.53592],[14.947284,46.534214],[14.948525,46.532664],[14.950695,46.530597],[14.947904,46.521398],[14.93266247126,46.510791366906],[15.000697165214,46.510791366906],[15.002216,46.514241],[15.003767,46.531889],[15.010485,46.550441],[15.01303214596,46.556350104741],[15.01303214596,46.561254021874],[15.012345,46.562533],[15.007487,46.568941],[14.997876,46.573101],[14.981908,46.582015],[14.970901,46.591601],[14.96625,46.596898],[14.960203,46.599688],[14.943409,46.600748],[14.920154,46.613641],[14.919507,46.615017],[14.897726,46.605554],[14.894063,46.605215]]],"type":"Polygon"},"id":747,"properties":{"parentKey":"SVN:1159308587","sourceCountryId":"SVN","syntheticOperational":true,"territoryId":"territory:catalog:7d73f15b22b9ece168359046f8b090cab872ea1c28d440bd93c02aa15005d25e"},"type":"Feature"},{"geometry":{"coordinates":[[[15.01303214596,46.548220304731],[15.024592,46.538142],[15.028158,46.53809],[15.030328,46.538607],[15.033584,46.540002],[15.03622,46.541552],[15.048777,46.544601],[15.060249,46.541501],[15.064331,46.542327],[15.068982,46.545738],[15.070998,46.550337],[15.103399,46.570026],[15.106034,46.579224],[15.103864,46.586769],[15.10867,46.594934],[15.111925,46.598655],[15.125775,46.601239],[15.104794,46.611651],[15.099187951341,46.618705035971],[15.078534031414,46.618705035971],[15.01303214596,46.618705035971],[15.01303214596,46.561254021874],[15.014205,46.559071],[15.01303214596,46.556350104741],[15.01303214596,46.548220304731]]],"type":"Polygon"},"id":748,"properties":{"parentKey":"SVN:1159310685","sourceCountryId":"SVN","syntheticOperational":true,"territoryId":"territory:catalog:a54f5c24aca50f658196435edf64880ddb7f09a6196ddf7b85e153d6f34189bc"},"type":"Feature"},{"geometry":{"coordinates":[[[15.74025974026,46.211260658742],[15.749767,46.210772],[15.768887,46.21935],[15.789144,46.24307],[15.799526,46.248607],[15.798912,46.248805],[15.757933,46.262034],[15.741344,46.266065],[15.74025974026,46.265693079809],[15.74025974026,46.211260658742]]],"type":"Polygon"},"id":749,"properties":{"parentKey":"SVN:1159310767","sourceCountryId":"SVN","syntheticOperational":true,"territoryId":"territory:catalog:4a8910aee786420631c0cab2b2d95f905cc7eae06b53fec8be3b241630e90034"},"type":"Feature"},{"geometry":{"coordinates":[[[15.968514,46.56615],[15.986652,46.546668],[16.007426,46.524396],[16.020345,46.511296],[16.026547,46.521553],[16.026702,46.524757],[16.028252,46.528375],[16.026857,46.530907],[16.028252,46.533284],[16.034298,46.539149],[16.040964,46.542379],[16.045615,46.545273],[16.077758,46.541862],[16.08923,46.564083],[16.090315,46.569638],[16.079308,46.593151],[16.07228,46.588061],[16.069645,46.587286],[16.066079,46.5908],[16.060963,46.602014],[16.055847,46.605786],[16.048871,46.606251],[16.036934,46.596484],[16.031043,46.592712],[16.027322,46.58956],[16.013628,46.593694],[15.978281,46.585968],[15.968514,46.56615]]],"type":"Polygon"},"id":750,"properties":{"parentKey":"SVN:1159310903","sourceCountryId":"SVN","syntheticOperational":true,"territoryId":"territory:catalog:65e8142020d65df89abb0a23c3d9bc4d1ec7c02d35c59e2482a284acfedcbdd2"},"type":"Feature"},{"geometry":{"coordinates":[[[15.896103896104,46.396753575238],[15.896322,46.396858],[15.904074,46.393603],[15.92531830022,46.402877697842],[15.896103896104,46.402877697842],[15.896103896104,46.396753575238]]],"type":"Polygon"},"id":751,"properties":{"parentKey":"SVN:1159308583","sourceCountryId":"SVN","syntheticOperational":true,"territoryId":"territory:catalog:4f3746f0d2757d8cef02caa06fffd95492c1ec7ad20d14ddcc0ae8e25c095620"},"type":"Feature"},{"geometry":{"coordinates":[[[13.657289002558,45.492065515157],[13.657492,45.492159],[13.662763,45.50699],[13.674287,45.520684],[13.674957264366,45.539568345324],[13.657289002558,45.539568345324],[13.657289002558,45.492065515157]]],"type":"Polygon"},"id":752,"properties":{"parentKey":"SVN:1159310863","sourceCountryId":"SVN","syntheticOperational":true,"territoryId":"territory:catalog:de4a5e1fcd915bc54347c94e77041e24b229c464457286f2ca0079853d1fd8ab"},"type":"Feature"},{"geometry":{"coordinates":[[[14.42065,46.117444],[14.424681,46.115583],[14.427936,46.108814],[14.431034482759,46.104579440202],[14.431034482759,46.127763241336],[14.426851,46.126539],[14.42251,46.123128],[14.421115,46.119718],[14.42065,46.117444]]],"type":"Polygon"},"id":753,"properties":{"parentKey":"SVN:1159310719","sourceCountryId":"SVN","syntheticOperational":true,"territoryId":"territory:catalog:a874cf61e5dffc01b3306ee7016db74b77cbd1a1068661c74fffaa2f38fda44b"},"type":"Feature"},{"geometry":{"coordinates":[[[13.819984034118,46.402877697842],[13.820893,46.401277],[13.824149,46.397633],[13.841719,46.382182],[13.84792,46.381226],[13.87012987013,46.389548723241],[13.87012987013,46.402877697842],[13.819984034118,46.402877697842]]],"type":"Polygon"},"id":754,"properties":{"parentKey":"SVN:1159310833","sourceCountryId":"SVN","syntheticOperational":true,"territoryId":"territory:catalog:5336ae6bf3d51de3df2034bfe033c2e8f7ed1056b22fddff96823e408e9c3b72"},"type":"Feature"},{"geometry":{"coordinates":[[[15.01303214596,46.556350104741],[15.014205,46.559071],[15.01303214596,46.561254021874],[15.01303214596,46.556350104741]]],"type":"Polygon"},"id":755,"properties":{"parentKey":"SVN:1159308587","sourceCountryId":"SVN","syntheticOperational":true,"territoryId":"territory:catalog:5cde9ea77805c91580fa63640683dd28efbc7701b04b267cf93b9f2424721fb1"},"type":"Feature"},{"geometry":{"coordinates":[[[15.677679,46.361977],[15.68047,46.356602],[15.690133,46.348696],[15.708892,46.346629],[15.716023,46.344097],[15.721449,46.336733],[15.721294,46.325235],[15.719589,46.311334],[15.714938,46.303246],[15.711837,46.296864],[15.709588032352,46.294964028777],[15.74025974026,46.294964028777],[15.74025974026,46.364815889399],[15.68078,46.367687],[15.677679,46.361977]]],"type":"Polygon"},"id":756,"properties":{"parentKey":"SVN:1159308573","sourceCountryId":"SVN","syntheticOperational":true,"territoryId":"territory:catalog:334e65488b0219e446bebf968d759742bb3fd0e319c1da9f4ef043e6db12f35a"},"type":"Feature"},{"geometry":{"coordinates":[[[14.520592,46.132378],[14.539661,46.116229],[14.569323,46.10778],[14.571028,46.124523],[14.575834,46.134445],[14.586206896552,46.144279662688],[14.586206896552,46.146882595096],[14.520592,46.132378]]],"type":"Polygon"},"id":757,"properties":{"parentKey":"SVN:1159308629","sourceCountryId":"SVN","syntheticOperational":true,"territoryId":"territory:catalog:fd1418664150121c518c3aa6f01104b4a7a7e87eef4579f12966b346fa08f39d"},"type":"Feature"},{"geometry":{"coordinates":[[[13.762886597938,45.755395683453],[13.857998289136,45.755395683453],[13.917525773196,45.755395683453],[13.917525773196,45.801392627602],[13.902542,45.810227],[13.852726,45.799582],[13.762886597938,45.791730790813],[13.762886597938,45.755395683453]]],"type":"Polygon"},"id":758,"properties":{"parentKey":"SVN:1159310879","sourceCountryId":"SVN","syntheticOperational":true,"territoryId":"territory:catalog:80dae44b457d22c75adcf02cb9c8a7408d9427437265d174203519fcde2cd3dc"},"type":"Feature"},{"geometry":{"coordinates":[[[14.640223,45.863309352518],[14.690721649485,45.863309352518],[14.690721649485,45.884323793282],[14.684768,45.885778],[14.678102,45.888724],[14.671694,45.890119],[14.664563,45.888672],[14.659757,45.883298],[14.640223,45.874771],[14.640223,45.863309352518]]],"type":"Polygon"},"id":759,"properties":{"parentKey":"SVN:1159308665","sourceCountryId":"SVN","syntheticOperational":true,"territoryId":"territory:catalog:0db283024d1d2f61988c488184e02e7ff282dbc047944fd4300c6a2a95d8be9f"},"type":"Feature"},{"geometry":{"coordinates":[[[15.075095017402,45.755395683453],[15.076114,45.754313],[15.079369,45.749146],[15.08061,45.744159],[15.089820359281,45.73709921211],[15.089820359281,45.755395683453],[15.075095017402,45.755395683453]]],"type":"Polygon"},"id":760,"properties":{"parentKey":"SVN:1159308575","sourceCountryId":"SVN","syntheticOperational":true,"territoryId":"territory:catalog:ff07bd38a090b362915022db3fb38b4c3fb57bd373d07fa8ef8d44b93f2638d6"},"type":"Feature"},{"geometry":{"coordinates":[[[14.690721649485,45.81589677043],[14.778111659572,45.755395683453],[14.781864841745,45.755395683453],[14.810915902023,45.755395683453],[14.813701,45.757672],[14.803934,45.77532],[14.802539,45.780281],[14.804554,45.797515],[14.784659,45.808315],[14.781713,45.815137],[14.771016,45.822991],[14.764195,45.831776],[14.758769,45.837357],[14.760474,45.850948],[14.767026439037,45.863309352518],[14.690721649485,45.863309352518],[14.690721649485,45.81589677043]]],"type":"Polygon"},"id":761,"properties":{"parentKey":"SVN:1159308665","sourceCountryId":"SVN","syntheticOperational":true,"territoryId":"territory:catalog:120b6322fefb1186ee0250cda91f28647f7700c1b417fb775521497adae2e138"},"type":"Feature"},{"geometry":{"coordinates":[[[15.192954,46.080883],[15.193517208385,46.079136690647],[15.206896551724,46.079136690647],[15.206896551724,46.083674592836],[15.203496,46.083699],[15.193884,46.082175],[15.192954,46.080883]]],"type":"Polygon"},"id":762,"properties":{"parentKey":"SVN:1159310777","sourceCountryId":"SVN","syntheticOperational":true,"territoryId":"territory:catalog:4f5be207c0bb02aafe3d58291687b9f95aa2134345230ec26dedf87285be1505"},"type":"Feature"},{"geometry":{"coordinates":[[[16.052936,46.84606],[16.054114005566,46.834532374101],[16.077057793345,46.834532374101],[16.077057793345,46.855869767974],[16.052936,46.84606]]],"type":"Polygon"},"id":763,"properties":{"parentKey":"SVN:1159308541","sourceCountryId":"SVN","syntheticOperational":true,"territoryId":"territory:catalog:440858f8f1a5db8b2a14cfb156dae9c145b7ed404b7308b67934cde8752ee2c5"},"type":"Feature"},{"geometry":{"coordinates":[[[15.123604,46.421999],[15.155075,46.412775],[15.161742,46.412516],[15.16941789748,46.411019312103],[15.16941789748,46.475059775929],[15.162207,46.46781],[15.1512,46.460239],[15.149494,46.449723],[15.144533,46.445124],[15.142673,46.444375],[15.139727,46.444659],[15.134922,46.44391],[15.123604,46.421999]]],"type":"Polygon"},"id":764,"properties":{"parentKey":"SVN:1159310739","sourceCountryId":"SVN","syntheticOperational":true,"territoryId":"territory:catalog:c1fb38adf5c89b68e54506653d7a97f725cdc6db832659979a518a5fec9beef2"},"type":"Feature"},{"geometry":{"coordinates":[[[14.025974025974,46.249504851821],[14.029149,46.250097],[14.085321,46.243948],[14.093538,46.246454],[14.095863,46.251906],[14.098964,46.267409],[14.10315,46.274127],[14.110591,46.28131],[14.121495,46.283041],[14.133122,46.283842],[14.166505,46.28131],[14.179063,46.284152],[14.17986517801,46.294964028777],[14.025974025974,46.294964028777],[14.025974025974,46.249504851821]]],"type":"Polygon"},"id":765,"properties":{"parentKey":"SVN:1159310823","sourceCountryId":"SVN","syntheticOperational":true,"territoryId":"territory:catalog:1d15fa1b44ebc682ea83524dcd03d053ad736ab83835a7ffae79bd13dd540ddd"},"type":"Feature"},{"geometry":{"coordinates":[[[16.160802,46.605889],[16.203435,46.591937],[16.216768,46.584134],[16.247515,46.553851],[16.264118158123,46.567616619093],[16.264118158123,46.572412825916],[16.261933,46.576279],[16.261313,46.579379],[16.259452,46.583358],[16.261933,46.589146],[16.264118158123,46.591045240175],[16.264118158123,46.618705035971],[16.185813888681,46.618705035971],[16.182609,46.615269],[16.160802,46.605889]]],"type":"Polygon"},"id":766,"properties":{"parentKey":"SVN:1159310883","sourceCountryId":"SVN","syntheticOperational":true,"territoryId":"territory:catalog:3d34dbe5e84f69a367d50f4367611bfb6d6e75d8eeecbc9b06faf450f0558fd2"},"type":"Feature"},{"geometry":{"coordinates":[[[15.51724137931,46.12110420135],[15.517896,46.121681],[15.536034,46.130363],[15.545491,46.155168],[15.532003,46.16142],[15.526422,46.160128],[15.51724137931,46.159459023104],[15.51724137931,46.12110420135]]],"type":"Polygon"},"id":767,"properties":{"parentKey":"SVN:1159308593","sourceCountryId":"SVN","syntheticOperational":true,"territoryId":"territory:catalog:00ed3f0d1b3725314bac5032f4db1e8e5891ea3d6b170199645193750fa55c84"},"type":"Feature"},{"geometry":{"coordinates":[[[13.917525773196,45.853736890616],[13.921921,45.855651],[13.932267578527,45.863309352518],[13.917525773196,45.863309352518],[13.917525773196,45.853736890616]]],"type":"Polygon"},"id":768,"properties":{"parentKey":"SVN:1159310851","sourceCountryId":"SVN","syntheticOperational":true,"territoryId":"territory:catalog:700af10b8da517ade14fd48ab46cc4d319c98fb3f8d8e425490d62017af323fd"},"type":"Feature"},{"geometry":{"coordinates":[[[13.714285714286,46.294964028777],[13.731369476039,46.294964028777],[13.727359,46.30167],[13.714285714286,46.300085862823],[13.714285714286,46.294964028777]]],"type":"Polygon"},"id":769,"properties":{"parentKey":"SVN:1159310867","sourceCountryId":"SVN","syntheticOperational":true,"territoryId":"territory:catalog:5c74a892b396ef59eae619a7dad856f478911bbdc51abeb0395fe50f1a5bd663"},"type":"Feature"},{"geometry":{"coordinates":[[[14.117647058824,45.472963316105],[14.119686,45.472884],[14.145524,45.476243],[14.193066,45.491901],[14.218698,45.497172],[14.240608,45.493348],[14.271099744246,45.483963154387],[14.271099744246,45.539568345324],[14.165953806672,45.539568345324],[14.117647058824,45.539568345324],[14.117647058824,45.492725154444],[14.118239,45.491797],[14.118084,45.479524],[14.117647058824,45.477392051723],[14.117647058824,45.472963316105]]],"type":"Polygon"},"id":770,"properties":{"parentKey":"SVN:1159310701","sourceCountryId":"SVN","syntheticOperational":true,"territoryId":"territory:catalog:0481305274ad8ca9c3c930e2382e252122adc4c9f785615910eeeac8f4cdb25b"},"type":"Feature"},{"geometry":{"coordinates":[[[13.395638,46.306728],[13.402597402597,46.303798033024],[13.402597402597,46.315019552501],[13.395638,46.306728]]],"type":"Polygon"},"id":771,"properties":{"parentKey":"SVN:1159310855","sourceCountryId":"SVN","syntheticOperational":true,"territoryId":"territory:catalog:02720b2e6669bb66cadc8427e30218d1304fa5f3f2685db3fe08c1d71ed0389f"},"type":"Feature"},{"geometry":{"coordinates":[[[15.232487,46.392517],[15.26773,46.365026],[15.272727272727,46.36504017465],[15.272727272727,46.402877697842],[15.242797694938,46.402877697842],[15.232487,46.392517]]],"type":"Polygon"},"id":772,"properties":{"parentKey":"SVN:1159310807","sourceCountryId":"SVN","syntheticOperational":true,"territoryId":"territory:catalog:1ba00cd51f3aa1c7943eb9b7a6f3703acbe28fba180ddb17c35135737a99be2a"},"type":"Feature"},{"geometry":{"coordinates":[[[15.409117,46.38089],[15.42524,46.371253],[15.428571428571,46.369934209766],[15.428571428571,46.402877697842],[15.409892,46.402877697842],[15.409892,46.402491],[15.415163,46.397788],[15.419039,46.393293],[15.417488,46.390347],[15.414853,46.38766],[15.409892,46.383707],[15.409117,46.38089]]],"type":"Polygon"},"id":773,"properties":{"parentKey":"SVN:1159308607","sourceCountryId":"SVN","syntheticOperational":true,"territoryId":"territory:catalog:4bda0d0b80c07eb90166630a0eb0b55f2b1794d07b2c71399794fd207356729d"},"type":"Feature"},{"geometry":{"coordinates":[[[14.896551724138,46.047968296059],[14.912977,46.033082],[14.93589,46.0183],[14.949933,45.99391],[14.954467,45.975075],[14.968265,45.974636],[14.982218,45.972466],[14.984951593525,45.971223021583],[15,45.971223021583],[15.025247055848,45.971223021583],[15.032189,45.977452],[15.036685,45.985721],[15.037925,45.993885],[15.04056,46.000552],[15.051724137931,46.001805940192],[15.051724137931,46.060155697336],[15.026763,46.054399],[15.016841,46.053468],[15.002371,46.056362],[15.001596,46.061582],[14.99679,46.068093],[14.99524,46.075431],[14.99405956078,46.079136690647],[14.896551724138,46.079136690647],[14.896551724138,46.047968296059]]],"type":"Polygon"},"id":774,"properties":{"parentKey":"SVN:1159317881","sourceCountryId":"SVN","syntheticOperational":true,"territoryId":"territory:catalog:d029db775b254bba7184325d4944a003383abe9ae8fb4a8d37c392ca7a18f0da"},"type":"Feature"},{"geometry":{"coordinates":[[[13.964194373402,45.535941472414],[13.983829,45.519547],[13.987395,45.51208],[13.987476,45.511909],[14.013956,45.507973],[14.028322,45.50265],[14.041551,45.493193],[14.066665,45.480274],[14.092917,45.473918],[14.116747,45.472998],[14.116792,45.47322],[14.117647058824,45.477392051723],[14.117647058824,45.492725154444],[14.112142,45.501357],[14.107491,45.504768],[14.089197,45.515284],[14.087182,45.517997],[14.094468,45.531175],[14.098055791631,45.539568345324],[14.011976047904,45.539568345324],[13.964194373402,45.539568345324],[13.964194373402,45.535941472414]]],"type":"Polygon"},"id":775,"properties":{"parentKey":"SVN:1159310861","sourceCountryId":"SVN","syntheticOperational":true,"territoryId":"territory:catalog:129d14ef4c8bf78a360eca01d974fd2eb5e297509a8ec26aa59d35de20e64b41"},"type":"Feature"},{"geometry":{"coordinates":[[[13.727359,46.30167],[13.731369476039,46.294964028777],[13.87012987013,46.294964028777],[13.87012987013,46.370657580214],[13.84792,46.381226],[13.841719,46.382182],[13.828025,46.369082],[13.764101,46.345078],[13.749528,46.33526],[13.742242,46.32601],[13.727359,46.30167]]],"type":"Polygon"},"id":776,"properties":{"parentKey":"SVN:1159310823","sourceCountryId":"SVN","syntheticOperational":true,"territoryId":"territory:catalog:01cd181cfd01e8ed0ae09c654d8028f1a1c5e9035672b4d6e991f803b7130a2d"},"type":"Feature"},{"geometry":{"coordinates":[[[13.599306,45.912327],[13.60824742268,45.907137563949],[13.60824742268,45.926561357871],[13.608244,45.926552],[13.599306,45.912327]]],"type":"Polygon"},"id":777,"properties":{"parentKey":"SVN:1159308683","sourceCountryId":"SVN","syntheticOperational":true,"territoryId":"territory:catalog:bc7e86175cee49972b2f16a5f1d63751e596d28d9d4db477705169eda85eec50"},"type":"Feature"},{"geometry":{"coordinates":[[[14.181818181818,46.382599829831],[14.190535,46.386936],[14.194876,46.39368],[14.199650107861,46.402877697842],[14.181818181818,46.402877697842],[14.181818181818,46.382599829831]]],"type":"Polygon"},"id":778,"properties":{"parentKey":"SVN:1159308679","sourceCountryId":"SVN","syntheticOperational":true,"territoryId":"territory:catalog:6d41aa53ee0e0cf72648978a03838827b0ed06f4002dc87576298d599df8ed06"},"type":"Feature"},{"geometry":{"coordinates":[[[15.888106,46.645887],[15.900663,46.642115],[15.904384,46.641649],[15.909241,46.639841],[15.913272,46.63966],[15.918388,46.639944],[15.922884,46.640719],[15.928,46.639505],[15.9311,46.638265],[15.928465,46.633485],[15.913272,46.624079],[15.913573307442,46.618705035971],[15.951346655083,46.618705035971],[16.007467797552,46.618705035971],[16.006806,46.621392],[16.007736,46.632839],[16.020942408377,46.644449174451],[16.020942408377,46.668553206911],[16.016723,46.670691],[16.016593,46.670757],[15.997917,46.686919],[15.986962,46.69219],[15.967599848737,46.694554853819],[15.946794,46.674448],[15.932116,46.665178],[15.911257,46.663633],[15.888571,46.662785],[15.888106,46.645887]]],"type":"Polygon"},"id":779,"properties":{"parentKey":"SVN:1159309559","sourceCountryId":"SVN","syntheticOperational":true,"territoryId":"territory:catalog:5c3b075e33db4d5f216eaf5b35df6bcd06a82dd8051847657e1c9391402eaabb"},"type":"Feature"},{"geometry":{"coordinates":[[[16.175633,46.718699],[16.178010471204,46.702494475212],[16.178010471204,46.720656174701],[16.175633,46.718699]]],"type":"Polygon"},"id":780,"properties":{"parentKey":"SVN:1159310895","sourceCountryId":"SVN","syntheticOperational":true,"territoryId":"territory:catalog:3eba476da1117180576a18ab6a8e10d37293a9e6ac4e8d5b5079549ea02917b4"},"type":"Feature"},{"geometry":{"coordinates":[[[14.337662337662,46.294964028777],[14.370281089529,46.294964028777],[14.368198,46.298001],[14.366803,46.303737],[14.368973,46.306269],[14.37874,46.304047],[14.382771,46.303531],[14.386647,46.307045],[14.389282,46.312057],[14.393675,46.326217],[14.405457,46.351641],[14.359517,46.350815],[14.350525,46.348386],[14.338123,46.340169],[14.337662337662,46.33997072158],[14.337662337662,46.294964028777]]],"type":"Polygon"},"id":781,"properties":{"parentKey":"SVN:1159310831","sourceCountryId":"SVN","syntheticOperational":true,"territoryId":"territory:catalog:4137a6dc4b3c537c73aaece2b0e0edb9995259d3374cfee39eeea5fd0895838b"},"type":"Feature"},{"geometry":{"coordinates":[[[13.965517241379,46.079136690647],[13.976995922926,46.079136690647],[13.965517241379,46.086258973242],[13.965517241379,46.079136690647]]],"type":"Polygon"},"id":782,"properties":{"parentKey":"SVN:1159310829","sourceCountryId":"SVN","syntheticOperational":true,"territoryId":"territory:catalog:d028b9f70fb61503aaf19c2d9afac1ba43bed7ebbfcb7ab5659e97353ad3bdba"},"type":"Feature"},{"geometry":{"coordinates":[[[15.638575152042,46.515106703033],[15.696489,46.512148],[15.702950311658,46.510791366906],[15.726677946468,46.510791366906],[15.724395,46.513544],[15.721294,46.518453],[15.720054,46.521295],[15.720829,46.523621],[15.723154,46.527083],[15.738089,46.532664],[15.753747,46.546978],[15.76925,46.559406],[15.765684,46.561293],[15.763669,46.565013],[15.760413,46.567597],[15.754677,46.573282],[15.744755,46.568527],[15.720674,46.569302],[15.69897,46.579483],[15.679849,46.592815],[15.647138,46.594081],[15.638575152042,46.598525495786],[15.638575152042,46.515106703033]]],"type":"Polygon"},"id":783,"properties":{"parentKey":"SVN:1159308671","sourceCountryId":"SVN","syntheticOperational":true,"territoryId":"territory:catalog:41fba5866eb70463dbb460417801fac03b84b20156b0d736c37d82733db027b3"},"type":"Feature"},{"geometry":{"coordinates":[[[13.762886597938,45.844388174003],[13.779655,45.840949],[13.801049,45.841027],[13.811901,45.842008],[13.833967,45.835497],[13.823219,45.847486],[13.820583,45.849708],[13.804925,45.856013],[13.800739,45.858545],[13.797949,45.862601],[13.797015070936,45.863309352518],[13.762886597938,45.863309352518],[13.762886597938,45.844388174003]]],"type":"Polygon"},"id":784,"properties":{"parentKey":"SVN:1159308681","sourceCountryId":"SVN","syntheticOperational":true,"territoryId":"territory:catalog:3b010c552cdb7f58cbb5fc2c3cd7d1e2978548f7b8e77153ebd8f534307a706e"},"type":"Feature"},{"geometry":{"coordinates":[[[16.020345,46.511296],[16.023498172617,46.510791366906],[16.107732406603,46.510791366906],[16.107732406603,46.534947815358],[16.097757,46.53902],[16.077758,46.541862],[16.045615,46.545273],[16.040964,46.542379],[16.034298,46.539149],[16.028252,46.533284],[16.026857,46.530907],[16.028252,46.528375],[16.026702,46.524757],[16.026547,46.521553],[16.020345,46.511296]]],"type":"Polygon"},"id":785,"properties":{"parentKey":"SVN:1159308689","sourceCountryId":"SVN","syntheticOperational":true,"territoryId":"territory:catalog:a8266f262a968bc7cdcf2fd8ee747a891de5f457780f45413463d0489b6f2e7b"},"type":"Feature"},{"geometry":{"coordinates":[[[15.978215739296,46.726618705036],[15.982001,46.718545],[16.003291,46.709191],[16.014557,46.693714],[16.016723,46.670691],[16.020942408377,46.668553206911],[16.020942408377,46.726618705036],[15.978215739296,46.726618705036]]],"type":"Polygon"},"id":786,"properties":{"parentKey":"SVN:1159309555","sourceCountryId":"SVN","syntheticOperational":true,"territoryId":"territory:catalog:6b70a415c53107c0137dd5ef6c9626dcebffbbbd680c02223ab7e87a0acbc6f1"},"type":"Feature"},{"geometry":{"coordinates":[[[15.696042549619,46.510791366906],[15.702950311658,46.510791366906],[15.696489,46.512148],[15.696042549619,46.510791366906]]],"type":"Polygon"},"id":787,"properties":{"parentKey":"SVN:1159308611","sourceCountryId":"SVN","syntheticOperational":true,"territoryId":"territory:catalog:73f26577ada6bc5a7560f62617a5389379699970d0989c676db414c8b76c3d5e"},"type":"Feature"},{"geometry":{"coordinates":[[[13.917525773196,45.955807242694],[13.923626,45.950891],[13.947862,45.936525],[13.961195,45.933682],[13.970807,45.92774],[13.990495,45.9188],[14.003259,45.909498],[14.042792,45.890171],[14.072164948454,45.885874694219],[14.072164948454,45.971223021583],[13.965517241379,45.971223021583],[13.917525773196,45.971223021583],[13.917525773196,45.955807242694]]],"type":"Polygon"},"id":788,"properties":{"parentKey":"SVN:1159310829","sourceCountryId":"SVN","syntheticOperational":true,"territoryId":"territory:catalog:e703fe84310e0998d7f1494dac4fee38c255d701af51c63161d5ab1ae1bba39d"},"type":"Feature"},{"geometry":{"coordinates":[[[15.757933,46.262034],[15.798912,46.248805],[15.799526,46.248607],[15.803097,46.250511],[15.81829,46.255524],[15.834206,46.258366],[15.879323,46.259308],[15.880895,46.259341],[15.880664,46.259606],[15.875083,46.266013],[15.866866,46.281775],[15.862061,46.283842],[15.84538968798,46.294964028777],[15.770382721929,46.294964028777],[15.761808,46.285754],[15.757933,46.262034]]],"type":"Polygon"},"id":789,"properties":{"parentKey":"SVN:1159308617","sourceCountryId":"SVN","syntheticOperational":true,"territoryId":"territory:catalog:475970c74a581ccbd7dfed14b42220f42a6e7df70d5d025a693478697ce73607"},"type":"Feature"},{"geometry":{"coordinates":[[[15.794960903562,46.480114180846],[15.806508,46.485432],[15.816275,46.497317],[15.810384,46.506257],[15.811779,46.50866],[15.81343875869,46.510791366906],[15.794960903562,46.510791366906],[15.794960903562,46.480114180846]]],"type":"Polygon"},"id":790,"properties":{"parentKey":"SVN:1159310687","sourceCountryId":"SVN","syntheticOperational":true,"territoryId":"territory:catalog:9ffad80249b799f3b780720f5c34f6027d7af16f7d084992bfd12298ce1f5db6"},"type":"Feature"},{"geometry":{"coordinates":[[[15.896103896104,46.264128083572],[15.918903,46.272827],[15.91875,46.273222],[15.918388,46.274153],[15.916373,46.282963],[15.916683,46.28472],[15.917303,46.286839],[15.918543,46.288441],[15.917768,46.290973],[15.917768,46.293764],[15.918044895364,46.294964028777],[15.896103896104,46.294964028777],[15.896103896104,46.264128083572]]],"type":"Polygon"},"id":791,"properties":{"parentKey":"SVN:1159308619","sourceCountryId":"SVN","syntheticOperational":true,"territoryId":"territory:catalog:9115ca7c3d33ccdc228d5260b8451314982c1f0585b243f3cf77a0f444748e01"},"type":"Feature"},{"geometry":{"coordinates":[[[15.24379811805,45.539568345324],[15.290469002639,45.539568345324],[15.288606,45.54456],[15.282612,45.570605],[15.282179,45.571494],[15.281631,45.571947],[15.280132,45.573188],[15.270831,45.576236],[15.261374,45.582386],[15.255948,45.589207],[15.252847,45.59422],[15.253157,45.596804],[15.248971,45.598199],[15.24379811805,45.597255774171],[15.24379811805,45.539568345324]]],"type":"Polygon"},"id":792,"properties":{"parentKey":"SVN:1159310681","sourceCountryId":"SVN","syntheticOperational":true,"territoryId":"territory:catalog:42d23909389e67b559d19be79febfb92a7df4731eb32a334816f61308947bd51"},"type":"Feature"},{"geometry":{"coordinates":[[[14.781864841745,45.654389411452],[14.788276,45.663466],[14.789361,45.674112],[14.822382,45.727855],[14.795872,45.7431],[14.781864841745,45.752797313217],[14.781864841745,45.654389411452]]],"type":"Polygon"},"id":793,"properties":{"parentKey":"SVN:1159308589","sourceCountryId":"SVN","syntheticOperational":true,"territoryId":"territory:catalog:9b0518324d59db3a1f6c466ab92b8f5e34852fa45af8c4729a80a2968158c262"},"type":"Feature"}],"type":"FeatureCollection"}
