{"features":[{"geometry":{"coordinates":[[[126.697621,39.325352],[126.700101,39.320003],[126.704132,39.314319],[126.709093,39.309074],[126.715604,39.304035],[126.722632,39.300573],[126.729867,39.298454],[126.737308,39.297834],[126.743716,39.298248],[126.749091,39.299229],[126.780185758514,39.311025494523],[126.780185758514,39.496402877698],[126.706702421215,39.496402877698],[126.714364,39.490897],[126.721392,39.486918],[126.728007,39.481647],[126.733588,39.474981],[126.737929,39.464465],[126.738239,39.457127],[126.736688,39.450848],[126.721702,39.420049],[126.700825,39.35442],[126.697724,39.337341],[126.697621,39.325352]]],"type":"Polygon"},"id":1,"properties":{"parentKey":"PRK:1159315285","sourceCountryId":"PRK","syntheticOperational":true,"territoryId":"territory:catalog:110cd1ab1c9f4df86fb416fc48432125e19b52d6b5cbd79bafab084b7e52ab3d"},"type":"Feature"},{"geometry":{"coordinates":[[[127.805642633229,40.143884892086],[127.96875,40.143884892086],[128.087774294671,40.143884892086],[128.087774294671,40.359712230216],[127.883556254917,40.359712230216],[127.805642633229,40.359712230216],[127.805642633229,40.143884892086]]],"type":"Polygon"},"id":2,"properties":{"parentKey":"PRK:1159315285","sourceCountryId":"PRK","syntheticOperational":true,"territoryId":"territory:catalog:cccf2455e4feff5f814ff104ca2d82621157477751d9f095508246cf44304b04"},"type":"Feature"},{"geometry":{"coordinates":[[[127.721538,40.433191],[127.722881,40.414174],[127.729186,40.404097],[127.740968,40.401617],[127.758641,40.405544],[127.823134,40.433734],[127.883556254917,40.470521467204],[127.883556254917,40.575539568345],[127.768905372286,40.575539568345],[127.765153,40.569229],[127.754714,40.557654],[127.754611,40.547784],[127.758745,40.536958],[127.761122,40.522566],[127.758538,40.509104],[127.752544,40.50081],[127.733733,40.484506],[127.725672,40.472439],[127.722468,40.460373],[127.721538,40.433191]]],"type":"Polygon"},"id":3,"properties":{"parentKey":"PRK:1159315289","sourceCountryId":"PRK","syntheticOperational":true,"territoryId":"territory:catalog:0d03486093db7fcf3320365924e27b684831b3082dfb3ce8fb6d3283c661222a"},"type":"Feature"},{"geometry":{"coordinates":[[[127.033831628639,40.567224169018],[127.047264,40.5745],[127.048649969486,40.575539568345],[127.033831628639,40.575539568345],[127.033831628639,40.567224169018]]],"type":"Polygon"},"id":4,"properties":{"parentKey":"PRK:1159315283","sourceCountryId":"PRK","syntheticOperational":true,"territoryId":"territory:catalog:e050c6264c783682e3732af96043289cc29bf72245acb3d9641c594ed0b118f8"},"type":"Feature"},{"geometry":{"coordinates":[[[126.843026154132,39.280575539568],[126.843555,39.278869],[126.846139,39.273805],[126.85048,39.27011],[126.856164,39.2698],[126.861952,39.272513],[126.871627404113,39.280575539568],[126.843026154132,39.280575539568]]],"type":"Polygon"},"id":5,"properties":{"parentKey":"PRK:1159315285","sourceCountryId":"PRK","syntheticOperational":true,"territoryId":"territory:catalog:16d184bb4e66d4f9e627c6dda7f1b36f73bc41d16f68085feeb59b7e32542289"},"type":"Feature"},{"geometry":{"coordinates":[[[127.792828685259,41.223021582734],[127.958697378872,41.223021582734],[128.0796812749,41.223021582734],[128.0796812749,41.388732155761],[128.064152,41.388431],[128.046892,41.398766],[128.050612,41.420729],[128.033663,41.413752],[128.023844,41.411479],[128.015162,41.413287],[128.011545,41.424346],[128.012798598446,41.438848920863],[127.913669064748,41.438848920863],[127.865733843868,41.438848920863],[127.865146,41.43742],[127.848868,41.431322],[127.828869,41.433958],[127.819455554727,41.438848920863],[127.792828685259,41.438848920863],[127.792828685259,41.223021582734]]],"type":"Polygon"},"id":6,"properties":{"parentKey":"PRK:1159315289","sourceCountryId":"PRK","syntheticOperational":true,"territoryId":"territory:catalog:50590fd82210bee2639bdf26ac76b4186aa27d31f3bd82e364d8d5c60f6930d3"},"type":"Feature"},{"geometry":{"coordinates":[[[126.501547987616,39.280575539568],[126.666666666667,39.280575539568],[126.780185758514,39.280575539568],[126.780185758514,39.311025494523],[126.749091,39.299229],[126.743716,39.298248],[126.737308,39.297834],[126.729867,39.298454],[126.722632,39.300573],[126.715604,39.304035],[126.709093,39.309074],[126.704132,39.314319],[126.700101,39.320003],[126.697621,39.325352],[126.697724,39.337341],[126.700825,39.35442],[126.721702,39.420049],[126.736688,39.450848],[126.738239,39.457127],[126.737929,39.464465],[126.733588,39.474981],[126.728007,39.481647],[126.721392,39.486918],[126.714364,39.490897],[126.706702421215,39.496402877698],[126.614906832298,39.496402877698],[126.501547987616,39.496402877698],[126.501547987616,39.280575539568]]],"type":"Polygon"},"id":7,"properties":{"parentKey":"PRK:1159315287","sourceCountryId":"PRK","syntheticOperational":true,"territoryId":"territory:catalog:d3c203fd300f08ba5e7f10a2ec55044f7c4016719cb42120da88b21070e72329"},"type":"Feature"},{"geometry":{"coordinates":[[[127.289719626168,39.712230215827],[127.453416149068,39.712230215827],[127.502786014797,39.712230215827],[127.503754,39.715522],[127.512462,39.731106],[127.514415,39.738593],[127.520844,39.746975],[127.549408,39.761054],[127.56186,39.784003],[127.570093457944,39.791147966894],[127.570093457944,39.928057553957],[127.40625,39.928057553957],[127.289719626168,39.928057553957],[127.289719626168,39.712230215827]]],"type":"Polygon"},"id":8,"properties":{"parentKey":"PRK:1159315285","sourceCountryId":"PRK","syntheticOperational":true,"territoryId":"territory:catalog:dc29ae63a212528df150cf1fcfcfb3106227ac4d5f907e498e0e8d8f59452e8c"},"type":"Feature"},{"geometry":{"coordinates":[[[128.916917,40.924014],[128.919087,40.907788],[128.93056,40.890941],[128.939241,40.874921],[128.93304,40.861098],[128.919914,40.846758],[128.917847,40.831281],[128.924462,40.815442],[128.937277,40.800042],[128.946414506904,40.791366906475],[128.978622327791,40.791366906475],[128.978622327791,41.007194244604],[128.955207730104,41.007194244604],[128.955571,40.988222],[128.949473,40.969748],[128.926942,40.940757],[128.916917,40.924014]]],"type":"Polygon"},"id":9,"properties":{"parentKey":"PRK:1159315277","sourceCountryId":"PRK","syntheticOperational":true,"territoryId":"territory:catalog:e32481dad17f4949647bc90f5138ae6b1f84c71fae8e6a59b0abe9420e501769"},"type":"Feature"},{"geometry":{"coordinates":[[[125.573865,38.767479],[125.576139,38.761278],[125.580583,38.753165],[125.591849,38.741847],[125.610142,38.727275],[125.613759,38.721719],[125.615723,38.714201],[125.617583,38.68844],[125.630088940352,38.659009140372],[125.630626,38.658881],[125.636811,38.653998],[125.648529,38.638495],[125.655222586668,38.63309352518],[125.738332058148,38.63309352518],[125.848042977744,38.63309352518],[125.848042977744,38.822704142795],[125.816848,38.835433],[125.801448,38.838431],[125.735819,38.841247],[125.709154,38.838844],[125.676805,38.826235],[125.604561,38.788718],[125.575105,38.780501],[125.573865,38.767479]]],"type":"Polygon"},"id":10,"properties":{"parentKey":"PRK:1159315273","sourceCountryId":"PRK","syntheticOperational":true,"territoryId":"territory:catalog:2348e4896c4f0100d3311178690643f0c6529c1a06de13eaf2ad2a8563f227c5"},"type":"Feature"},{"geometry":{"coordinates":[[[125.711769848989,39.280575539568],[125.728623299341,39.280575539568],[125.728068,39.280858],[125.721866,39.283184],[125.717112,39.282383],[125.712875,39.281169],[125.711769848989,39.280575539568]]],"type":"Polygon"},"id":11,"properties":{"parentKey":"PRK:1159315275","sourceCountryId":"PRK","syntheticOperational":true,"territoryId":"territory:catalog:11e14217aa2fe48612f3a2e4bfc87326f2d63246e51e5f3542d654d18623d018"},"type":"Feature"},{"geometry":{"coordinates":[[[125.613863,40.338339],[125.617583,40.331983],[125.625025,40.324774],[125.657168,40.301701],[125.773853,40.242273],[125.789563,40.2308],[125.797417,40.226821],[125.807029,40.223617],[125.821705,40.22186],[125.830721003135,40.222363879138],[125.830721003135,40.359712230216],[125.62884789263,40.359712230216],[125.628642,40.358881],[125.624405,40.353842],[125.61934,40.348907],[125.615103,40.343894],[125.613863,40.338339]]],"type":"Polygon"},"id":12,"properties":{"parentKey":"PRK:1159315283","sourceCountryId":"PRK","syntheticOperational":true,"territoryId":"territory:catalog:898d39338ac17222b0eb1c8e6b64cd38c7a0896e1ae44e42b785426c1261f72f"},"type":"Feature"},{"geometry":{"coordinates":[[[127.219123505976,41.223021582734],[127.386814932486,41.223021582734],[127.505976095618,41.223021582734],[127.505976095618,41.438848920863],[127.338129496403,41.438848920863],[127.219123505976,41.438848920863],[127.219123505976,41.223021582734]]],"type":"Polygon"},"id":13,"properties":{"parentKey":"PRK:1159315289","sourceCountryId":"PRK","syntheticOperational":true,"territoryId":"territory:catalog:656590dd7cbc8eed0861f6369c98b8cabb9a72037ecd629445266f74df7995d4"},"type":"Feature"},{"geometry":{"coordinates":[[[128.978622327791,40.791366906475],[129.139700078927,40.791366906475],[129.263657957245,40.791366906475],[129.263657957245,41.007194244604],[129.102462271644,41.007194244604],[128.978622327791,41.007194244604],[128.978622327791,40.791366906475]]],"type":"Polygon"},"id":14,"properties":{"parentKey":"PRK:1159315277","sourceCountryId":"PRK","syntheticOperational":true,"territoryId":"territory:catalog:27c29ae954c483f5c7849128455286d7aac8d153bc0477c1a93d8d81c3b97f73"},"type":"Feature"},{"geometry":{"coordinates":[[[127.229470452801,38.63309352518],[127.390971690895,38.63309352518],[127.505755947813,38.63309352518],[127.505755947813,38.848920863309],[127.344110854503,38.848920863309],[127.229470452801,38.848920863309],[127.229470452801,38.63309352518]]],"type":"Polygon"},"id":15,"properties":{"parentKey":"PRK:1159315279","sourceCountryId":"PRK","syntheticOperational":true,"territoryId":"territory:catalog:7d4e25859be4192d06a23c1e29623abe232353e0cd55b61bfb04b86112e26977"},"type":"Feature"},{"geometry":{"coordinates":[[[127.571470715971,40.791366906475],[127.57581,40.770122],[127.580874,40.757848],[127.621492,40.703123],[127.632241,40.691625],[127.643196,40.685941],[127.654668,40.681341],[127.666657,40.67328],[127.675649,40.658681],[127.682057,40.621939],[127.687741,40.605894],[127.695493,40.596179],[127.704381,40.590236],[127.71482,40.586929],[127.719021310182,40.586303759036],[127.719021310182,40.791366906475],[127.571470715971,40.791366906475]]],"type":"Polygon"},"id":16,"properties":{"parentKey":"PRK:1159315289","sourceCountryId":"PRK","syntheticOperational":true,"territoryId":"territory:catalog:958515f72a1dc9ca0f2c81f759a9b011b70f23bf8c4f512689bb4172abecdf8d"},"type":"Feature"},{"geometry":{"coordinates":[[[125.1067,38.034613],[125.109711,38.015286],[125.115326,38.002387],[125.1185,37.999457],[125.123302,37.99844],[125.141289642543,37.985611510791],[125.173664231762,37.985611510791],[125.177501,37.987942],[125.179805964952,37.985611510791],[125.247148288973,37.985611510791],[125.247148288973,38.024045906934],[125.246349,38.020087],[125.22519,38.02143],[125.219574,38.027818],[125.217296,38.037177],[125.213227,38.045722],[125.201671,38.049384],[125.157563,38.042548],[125.116222,38.041938],[125.1067,38.034613]]],"type":"Polygon"},"id":17,"properties":{"parentKey":"PRK:1159315261","sourceCountryId":"PRK","syntheticOperational":true,"territoryId":"territory:catalog:7e42bc2611bd10a9d57def7a023ba527e47df1c6f972e3b9757de10d5b6c0ebd"},"type":"Feature"},{"geometry":{"coordinates":[[[129.423835832676,40.779600480521],[129.426954,40.781296],[129.466634908321,40.791366906475],[129.423835832676,40.791366906475],[129.423835832676,40.779600480521]]],"type":"Polygon"},"id":18,"properties":{"parentKey":"PRK:1159315277","sourceCountryId":"PRK","syntheticOperational":true,"territoryId":"territory:catalog:1d343aac3ae5ba686d611d632a92db4dd3694389c67ec59e9f527579d3402c3a"},"type":"Feature"},{"geometry":{"coordinates":[[[128.816521048451,41.007194244604],[128.955207730104,41.007194244604],[128.955054,41.015223],[128.947819,41.040725],[128.923325,41.088293],[128.895626,41.112866],[128.857799,41.130668],[128.816521048451,41.14508665096],[128.816521048451,41.007194244604]]],"type":"Polygon"},"id":19,"properties":{"parentKey":"PRK:1159315285","sourceCountryId":"PRK","syntheticOperational":true,"territoryId":"territory:catalog:a96a6c7dccd9e71e5603d9cbe6ab35f7a1227acf953f828bdf5ecbf80ac7be57"},"type":"Feature"},{"geometry":{"coordinates":[[[128.776978417266,41.438848920863],[128.834720958126,41.438848920863],[128.839402,41.452716],[128.865757,41.473128],[128.895109,41.491318],[128.914747,41.517208],[128.91361,41.545036],[128.897797,41.573819],[128.873509,41.597875],[128.846844,41.611517],[128.794237,41.615393],[128.780698,41.621387],[128.776978417266,41.630066276301],[128.776978417266,41.438848920863]]],"type":"Polygon"},"id":20,"properties":{"parentKey":"PRK:1159315289","sourceCountryId":"PRK","syntheticOperational":true,"territoryId":"territory:catalog:5eea67bec71a7011868256b8ac1c6fe0e4439565d1f95cebc29c863b8418a5b1"},"type":"Feature"},{"geometry":{"coordinates":[[[125.571757482732,38.788591545699],[125.575105,38.780501],[125.604561,38.788718],[125.676805,38.826235],[125.709154,38.838844],[125.735819,38.841247],[125.801448,38.838431],[125.816848,38.835433],[125.848042977744,38.822704142795],[125.848042977744,38.848920863309],[125.68129330254,38.848920863309],[125.571757482732,38.848920863309],[125.571757482732,38.788591545699]]],"type":"Polygon"},"id":21,"properties":{"parentKey":"PRK:1159315275","sourceCountryId":"PRK","syntheticOperational":true,"territoryId":"territory:catalog:a65f0b2d54504f7df54ddd8724d3a689f0d3f1d12a7b34aee6d77939657b8942"},"type":"Feature"},{"geometry":{"coordinates":[[[127.941851568477,38.41726618705],[128.100686498856,38.41726618705],[128.217291507269,38.41726618705],[128.217291507269,38.63309352518],[128.058326937836,38.63309352518],[127.941851568477,38.63309352518],[127.941851568477,38.41726618705]]],"type":"Polygon"},"id":22,"properties":{"parentKey":"PRK:1159315279","sourceCountryId":"PRK","syntheticOperational":true,"territoryId":"territory:catalog:f8f61736888aff99d1db33eb250b8515891ae8e2ad36cf388c919b3a519019e8"},"type":"Feature"},{"geometry":{"coordinates":[[[126.178489702517,38.201438848921],[126.342205323194,38.201438848921],[126.38727399152,38.201438848921],[126.336816,38.218546],[126.308084,38.231284],[126.28514,38.238597],[126.272117,38.240767],[126.249793,38.240276],[126.206178,38.233015],[126.20101,38.231129],[126.195119,38.22821],[126.178489702517,38.217411789363],[126.178489702517,38.201438848921]]],"type":"Polygon"},"id":23,"properties":{"parentKey":"PRK:1159315261","sourceCountryId":"PRK","syntheticOperational":true,"territoryId":"territory:catalog:6d1a4ed1945583c4ceb16a92f30ce17f6b2b621cdc429bb69f04ca0cfdebb452"},"type":"Feature"},{"geometry":{"coordinates":[[[126.84375,39.928057553957],[127.009345794393,39.928057553957],[127.091060793177,39.928057553957],[127.077443,39.947149],[127.073102,39.956037],[127.06101,39.995518],[127.058219,40.008463],[127.057806,40.014044],[127.058529,40.019625],[127.062767,40.024146],[127.069071,40.026317],[127.076512,40.027764],[127.082404,40.030063],[127.085711,40.035205],[127.085297,40.042078],[127.083024,40.05231],[127.083024,40.0597],[127.085194,40.065591],[127.089225,40.069906],[127.093256,40.073006],[127.125,40.092566946037],[127.125,40.143884892086],[126.959247648903,40.143884892086],[126.84375,40.143884892086],[126.84375,39.928057553957]]],"type":"Polygon"},"id":24,"properties":{"parentKey":"PRK:1159315287","sourceCountryId":"PRK","syntheticOperational":true,"territoryId":"territory:catalog:e7707a1f8d5804787e2781c63957969ef043958748484b7d0310d8b544d5404e"},"type":"Feature"},{"geometry":{"coordinates":[[[126.932270916335,41.223021582734],[127.01787715073,41.223021582734],[127.013261,41.227871],[127.000962,41.238465],[127.000135,41.245002],[127.004372,41.251255],[127.007163,41.261048],[126.999928,41.27668],[126.966442,41.297531],[126.955796,41.317117],[126.949078,41.351791],[126.944014,41.36869],[126.936883,41.384813],[126.932270916335,41.390558314018],[126.932270916335,41.223021582734]]],"type":"Polygon"},"id":25,"properties":{"parentKey":"PRK:1159315283","sourceCountryId":"PRK","syntheticOperational":true,"territoryId":"territory:catalog:9ef4967580187c78cb3a33af98d8db2eef294773fdb25a89bd5bcdd546771392"},"type":"Feature"},{"geometry":{"coordinates":[[[127.344110854503,38.848920863309],[127.505755947813,38.848920863309],[127.621247113164,38.848920863309],[127.621247113164,39.064748201439],[127.5,39.064748201439],[127.344110854503,39.064748201439],[127.344110854503,38.848920863309]]],"type":"Polygon"},"id":26,"properties":{"parentKey":"PRK:1159315279","sourceCountryId":"PRK","syntheticOperational":true,"territoryId":"territory:catalog:0de7c9d6d70df4107f8b23a2da0a34b70ade52e56e7b2ae4fe6f9ae7fdefb616"},"type":"Feature"},{"geometry":{"coordinates":[[[124.485981308411,39.823088065876],[124.519786,39.818061],[124.554942,39.817084],[124.564057,39.814276],[124.56544,39.807115],[124.561615,39.786689],[124.56601,39.778876],[124.584727,39.770941],[124.589122,39.765855],[124.587901,39.756293],[124.583263,39.740546],[124.582286,39.731757],[124.584809,39.723578],[124.591563,39.720852],[124.600352,39.719306],[124.609467,39.714667],[124.611416227725,39.712230215827],[124.658385093168,39.712230215827],[124.750064894304,39.712230215827],[124.750255,39.722357],[124.754731,39.73371],[124.749522,39.745063],[124.742931,39.752997],[124.739513,39.762112],[124.740245,39.772162],[124.746104,39.782945],[124.75644,39.770657],[124.76039,39.748008],[124.766355140187,39.744405078583],[124.766355140187,39.928057553957],[124.59375,39.928057553957],[124.485981308411,39.928057553957],[124.485981308411,39.823088065876]]],"type":"Polygon"},"id":27,"properties":{"parentKey":"PRK:1159315269","sourceCountryId":"PRK","syntheticOperational":true,"territoryId":"territory:catalog:c49b13346490a925f2605ecf2cce0fbb98c17178169a764a97863b4699be976e"},"type":"Feature"},{"geometry":{"coordinates":[[[125.220551,37.703762],[125.226329,37.696357],[125.246837,37.699856],[125.260997,37.707424],[125.269379,37.714097],[125.295746,37.727607],[125.30612244898,37.73602150766],[125.30612244898,37.758592541867],[125.299327,37.756171],[125.292735,37.755439],[125.288748,37.753648],[125.287446,37.750678],[125.284841,37.749498],[125.27947,37.749416],[125.27711,37.740465],[125.274587,37.733832],[125.264334,37.737209],[125.250173,37.731676],[125.220551,37.703762]]],"type":"Polygon"},"id":28,"properties":{"parentKey":"PRK:1159315261","sourceCountryId":"PRK","syntheticOperational":true,"territoryId":"territory:catalog:5d24761b7e6254a5821184f2acd073a1b20ba3959aca03e3530fd0bb37cfa5ff"},"type":"Feature"},{"geometry":{"coordinates":[[[127.115531752104,38.41726618705],[127.276887871854,38.41726618705],[127.390971690895,38.41726618705],[127.390971690895,38.63309352518],[127.229470452801,38.63309352518],[127.115531752104,38.63309352518],[127.115531752104,38.41726618705]]],"type":"Polygon"},"id":29,"properties":{"parentKey":"PRK:1159315279","sourceCountryId":"PRK","syntheticOperational":true,"territoryId":"territory:catalog:fa2648aefb27919f67824c0d07709108e7137174894a73130bf5404f3d590281"},"type":"Feature"},{"geometry":{"coordinates":[[[126.915584982553,39.064748201439],[126.925824,39.063456],[126.938593910085,39.064748201439],[126.915584982553,39.064748201439]]],"type":"Polygon"},"id":30,"properties":{"parentKey":"PRK:1159315287","sourceCountryId":"PRK","syntheticOperational":true,"territoryId":"territory:catalog:9b0381d49eeb0ea7884672fd5173a13c48334a0f2e3d3bdd2cc23fcf970c5a51"},"type":"Feature"},{"geometry":{"coordinates":[[[126.467348544453,40.359712230216],[126.677115987461,40.359712230216],[126.750590086546,40.359712230216],[126.750590086546,40.575539568345],[126.582478295185,40.575539568345],[126.467348544453,40.575539568345],[126.467348544453,40.359712230216]]],"type":"Polygon"},"id":31,"properties":{"parentKey":"PRK:1159315283","sourceCountryId":"PRK","syntheticOperational":true,"territoryId":"territory:catalog:a39f8ba15230018976a65d76af37156715a9047439866b62520f4376a2ee0728"},"type":"Feature"},{"geometry":{"coordinates":[[[128.00400275352,40.575539568345],[128.09729285181,40.575539568345],[128.092678,40.578996],[128.080379,40.586464],[128.065806,40.589099],[128.05051,40.588169],[128.00400275352,40.575539568345]]],"type":"Polygon"},"id":32,"properties":{"parentKey":"PRK:1159315285","sourceCountryId":"PRK","syntheticOperational":true,"territoryId":"territory:catalog:871edb32db4e20be76de4d55d8085c6c1f2c9c33e1cc47a6a031f19e52c64026"},"type":"Feature"},{"geometry":{"coordinates":[[[125.167345050963,38.63309352518],[125.187452180566,38.63309352518],[125.295471987721,38.63309352518],[125.295471987721,38.65831979365],[125.277983,38.663078],[125.267295,38.67031],[125.259614,38.669739],[125.235734,38.657837],[125.220381,38.656092],[125.203485,38.652553],[125.193545,38.657379],[125.18899,38.666979],[125.179797,38.670002],[125.178198,38.656826],[125.183496,38.642432],[125.179623,38.634655],[125.167345050963,38.63309352518]]],"type":"Polygon"},"id":33,"properties":{"parentKey":"PRK:1159315261","sourceCountryId":"PRK","syntheticOperational":true,"territoryId":"territory:catalog:670d76d7b6d077b975f29ea530e91cc0341532c3202564722e4f83880074507c"},"type":"Feature"},{"geometry":{"coordinates":[[[126.84137672843,41.438848920863],[126.846036,41.435947],[126.863606,41.436231],[126.871190611053,41.438848920863],[126.84137672843,41.438848920863]]],"type":"Polygon"},"id":34,"properties":{"parentKey":"PRK:1159315289","sourceCountryId":"PRK","syntheticOperational":true,"territoryId":"territory:catalog:adf2ae4dd23aeb743e7ddca383b4bff92ca2b1dca8a7a44b177b8dc197ab89c1"},"type":"Feature"},{"geometry":{"coordinates":[[[127.048649969486,40.575539568345],[127.150749802684,40.575539568345],[127.150749802684,40.608762933168],[127.109172,40.604499],[127.090568,40.600313],[127.075892,40.594293],[127.062456,40.585895],[127.048649969486,40.575539568345]]],"type":"Polygon"},"id":35,"properties":{"parentKey":"PRK:1159315285","sourceCountryId":"PRK","syntheticOperational":true,"territoryId":"territory:catalog:739073c53fad836049c4009aad59bfff2625ca1c8101442f74900db114f2f0e0"},"type":"Feature"},{"geometry":{"coordinates":[[[124.211316,39.799505],[124.211533,39.795573],[124.211662,39.795157],[124.216098,39.794711],[124.221201,39.79384],[124.223189,39.791557],[124.226015,39.791423],[124.227397,39.79464],[124.23039,39.798261],[124.23526,39.798386],[124.237835,39.800967],[124.241627,39.801856],[124.242751,39.804633],[124.242788,39.807321],[124.239561,39.807657],[124.239586,39.809831],[124.239887,39.812623],[124.235861,39.813482],[124.234433,39.817628],[124.231896,39.819199],[124.230017,39.821172],[124.227065,39.821298],[124.223426,39.819987],[124.220994,39.818974],[124.223116,39.816788],[124.220272,39.81526],[124.217575,39.814864],[124.219273,39.810922],[124.214651,39.807242],[124.212588,39.804049],[124.211316,39.799505]]],"type":"Polygon"},"id":36,"properties":{"parentKey":"PRK:1159315269","sourceCountryId":"PRK","syntheticOperational":true,"territoryId":"territory:catalog:4876d925bbc826ad5f6b4219965d7d2aed773111809c3a50ff3d7a6af15f7ffc"},"type":"Feature"},{"geometry":{"coordinates":[[[127.719021310182,40.586303759036],[127.727325,40.585068],[127.759158,40.584319],[127.77156,40.580004],[127.768905372286,40.575539568345],[127.883556254917,40.575539568345],[128.003157063931,40.575539568345],[128.003157063931,40.791366906475],[127.838479809976,40.791366906475],[127.719021310182,40.791366906475],[127.719021310182,40.586303759036]]],"type":"Polygon"},"id":37,"properties":{"parentKey":"PRK:1159315289","sourceCountryId":"PRK","syntheticOperational":true,"territoryId":"territory:catalog:1e842dff697a2c55be66993a73589d79eb464450caa766afc37e569f665c4fdf"},"type":"Feature"},{"geometry":{"coordinates":[[[126.959247648903,40.335700160675],[127.003029,40.336582],[127.016464,40.334928],[127.034965,40.330484],[127.048401,40.325549],[127.056875,40.320717],[127.104728,40.284802],[127.109792,40.278756],[127.111963,40.273537],[127.112893,40.268524],[127.112273,40.263253],[127.110412,40.257879],[127.104728,40.247337],[127.102247,40.240929],[127.102144,40.239689],[127.106278,40.211344],[127.110412,40.19703],[127.115993,40.187211],[127.125915,40.1807],[127.163122,40.162691],[127.172734,40.155095],[127.177902,40.147963],[127.178112002235,40.143884892086],[127.241379310345,40.143884892086],[127.241379310345,40.359712230216],[127.033831628639,40.359712230216],[126.959247648903,40.359712230216],[126.959247648903,40.335700160675]]],"type":"Polygon"},"id":38,"properties":{"parentKey":"PRK:1159315285","sourceCountryId":"PRK","syntheticOperational":true,"territoryId":"territory:catalog:b168ef3fd1dec42f0d2789be77697fcb488e1c30c9ab6068675c9e60550884ac"},"type":"Feature"},{"geometry":{"coordinates":[[[129.757159351847,42.73381294964],[129.78792822186,42.73381294964],[129.78792822186,42.789936856225],[129.773505,42.766951],[129.761309,42.746048],[129.757278,42.734705],[129.757159351847,42.73381294964]]],"type":"Polygon"},"id":39,"properties":{"parentKey":"PRK:1159315277","sourceCountryId":"PRK","syntheticOperational":true,"territoryId":"territory:catalog:aebb61401f8ceff336a3bb03e282d6c4c23450b1f3031979de29b546d2a05e2d"},"type":"Feature"},{"geometry":{"coordinates":[[[128.16679779701,40.359712230216],[128.369905956113,40.359712230216],[128.450039339103,40.359712230216],[128.450039339103,40.575539568345],[128.28729281768,40.575539568345],[128.204552832793,40.575539568345],[128.201612,40.572097],[128.17567,40.552125],[128.16679779701,40.551276176639],[128.16679779701,40.359712230216]]],"type":"Polygon"},"id":40,"properties":{"parentKey":"PRK:1159315285","sourceCountryId":"PRK","syntheticOperational":true,"territoryId":"territory:catalog:a75d1786fd33678b8b87d5dc4c7e69cbb8a263ae41f642b3bd82e4c6750e1c39"},"type":"Feature"},{"geometry":{"coordinates":[[[126.222910216718,39.280575539568],[126.388888888889,39.280575539568],[126.501547987616,39.280575539568],[126.501547987616,39.496402877698],[126.335403726708,39.496402877698],[126.222910216718,39.496402877698],[126.222910216718,39.280575539568]]],"type":"Polygon"},"id":41,"properties":{"parentKey":"PRK:1159315287","sourceCountryId":"PRK","syntheticOperational":true,"territoryId":"territory:catalog:ca8d18e87bb16a3145c0208b6215af5020d02d184fa4af6c581aaad1e8ff8744"},"type":"Feature"},{"geometry":{"coordinates":[[[125.41516,40.652685],[125.445935280189,40.639060640773],[125.445935280189,40.669855140095],[125.443691,40.668733],[125.426328,40.671162],[125.418887,40.666563],[125.41516,40.652685]]],"type":"Polygon"},"id":42,"properties":{"parentKey":"PRK:1159315283","sourceCountryId":"PRK","syntheticOperational":true,"territoryId":"territory:catalog:5a7d2e8e8a9ef98f6bccf15349f78519508a682460e923bd54963d335551fb13"},"type":"Feature"},{"geometry":{"coordinates":[[[124.680149,39.507726],[124.684587,39.503243],[124.697765,39.50259],[124.704845,39.508734],[124.707746,39.519317],[124.707779,39.530399],[124.704708,39.537076],[124.69362,39.535079],[124.687673,39.527167],[124.681974,39.52118],[124.683769,39.516094],[124.680149,39.507726]]],"type":"Polygon"},"id":43,"properties":{"parentKey":"PRK:1159315269","sourceCountryId":"PRK","syntheticOperational":true,"territoryId":"territory:catalog:d0fd8a79d3eae12871fdffa424a052d99a479ed8df87f8638d7c622299d5b3cb"},"type":"Feature"},{"geometry":{"coordinates":[[[126.096861934328,41.007194244604],[126.128266033254,41.007194244604],[126.243050039714,41.007194244604],[126.243050039714,41.135201595625],[126.147421,41.092273],[126.123753,41.07553],[126.138171,41.056978],[126.12644,41.043232],[126.111506,41.032432],[126.101326,41.022097],[126.104065,41.009178],[126.096861934328,41.007194244604]]],"type":"Polygon"},"id":44,"properties":{"parentKey":"PRK:1159315283","sourceCountryId":"PRK","syntheticOperational":true,"territoryId":"territory:catalog:6245f0e583f8aa5ee04f49bb8c5132fc14e30b02a5249f2b46934803e6e9a1f9"},"type":"Feature"},{"geometry":{"coordinates":[[[126.904678033927,38.201438848921],[126.905153,38.20126],[126.921793,38.199297],[126.925514,38.195498],[126.928615,38.191235],[126.930992,38.186584],[126.93988,38.174518],[126.940134,38.174173],[126.953728,38.200667],[126.9544977276,38.201438848921],[126.904678033927,38.201438848921]]],"type":"Polygon"},"id":45,"properties":{"parentKey":"PRK:1159315279","sourceCountryId":"PRK","syntheticOperational":true,"territoryId":"territory:catalog:8c75b279a83efcae34252752151829623ee50e36ac8dc2e8395c6ffecedcf673"},"type":"Feature"},{"geometry":{"coordinates":[[[128.419542119696,41.007194244604],[128.443457,41.005869],[128.478413284566,41.007194244604],[128.419542119696,41.007194244604]]],"type":"Polygon"},"id":46,"properties":{"parentKey":"PRK:1159315289","sourceCountryId":"PRK","syntheticOperational":true,"territoryId":"territory:catalog:0c1f2d4f9e40ace3fcecf2a1fe5513bd9b631648e8a584587362cb3897fb5c08"},"type":"Feature"},{"geometry":{"coordinates":[[[128.489208633094,41.438848920863],[128.653386454183,41.438848920863],[128.776978417266,41.438848920863],[128.776978417266,41.630066276301],[128.775737,41.632963],[128.776978417266,41.634462434878],[128.776978417266,41.654676258993],[128.612670408982,41.654676258993],[128.489208633094,41.654676258993],[128.489208633094,41.438848920863]]],"type":"Polygon"},"id":47,"properties":{"parentKey":"PRK:1159315289","sourceCountryId":"PRK","syntheticOperational":true,"territoryId":"territory:catalog:d9874bf17ba1df4975232e02198a39185d7a697eaecd4f59900d2ca57f51e9f3"},"type":"Feature"},{"geometry":{"coordinates":[[[126.780185758514,39.280575539568],[126.843026154132,39.280575539568],[126.840144,39.289876],[126.837871,39.294992],[126.834977,39.300056],[126.830739,39.304862],[126.825778,39.308635],[126.821128,39.311115],[126.81813,39.312304],[126.81379,39.313389],[126.810276,39.313983],[126.796323,39.314474],[126.788778,39.313389],[126.781853,39.311658],[126.780185758514,39.311025494523],[126.780185758514,39.280575539568]]],"type":"Polygon"},"id":48,"properties":{"parentKey":"PRK:1159315287","sourceCountryId":"PRK","syntheticOperational":true,"territoryId":"territory:catalog:7be8f4ebe08393ef02525245ef3b13c21f1861301d9a43742501b8428e22a806"},"type":"Feature"},{"geometry":{"coordinates":[[[125.15625,39.928057553957],[125.327102803738,39.928057553957],[125.4375,39.928057553957],[125.4375,40.143884892086],[125.266457680251,40.143884892086],[125.15625,40.143884892086],[125.15625,39.928057553957]]],"type":"Polygon"},"id":49,"properties":{"parentKey":"PRK:1159315269","sourceCountryId":"PRK","syntheticOperational":true,"territoryId":"territory:catalog:53edc34e755fd62888b00f5024afb6206ddcb0ea03408068895ee17307929c5a"},"type":"Feature"},{"geometry":{"coordinates":[[[129.026548672566,41.870503597122],[129.190056134723,41.870503597122],[129.316170555109,41.870503597122],[129.316170555109,42.086330935252],[129.111470113086,42.086330935252],[129.026548672566,42.086330935252],[129.026548672566,41.870503597122]]],"type":"Polygon"},"id":50,"properties":{"parentKey":"PRK:1159315277","sourceCountryId":"PRK","syntheticOperational":true,"territoryId":"territory:catalog:e801da6db426193f44e4800ea2491ee50c9014592ce4ce5d94b6903f1feea7af"},"type":"Feature"},{"geometry":{"coordinates":[[[125.4375,39.928057553957],[125.607476635514,39.928057553957],[125.71875,39.928057553957],[125.71875,40.143884892086],[125.548589341693,40.143884892086],[125.4375,40.143884892086],[125.4375,39.928057553957]]],"type":"Polygon"},"id":51,"properties":{"parentKey":"PRK:1159315269","sourceCountryId":"PRK","syntheticOperational":true,"territoryId":"territory:catalog:2d3856743368d0c6699acd20314329417b22a8be83110780256cf0e038b43e71"},"type":"Feature"},{"geometry":{"coordinates":[[[128.652037617555,40.197480147646],[128.664561,40.201239],[128.662599,40.225413],[128.66778,40.240309],[128.66063,40.247722],[128.656722,40.25714],[128.652037617555,40.258627496882],[128.652037617555,40.197480147646]]],"type":"Polygon"},"id":52,"properties":{"parentKey":"PRK:1159315285","sourceCountryId":"PRK","syntheticOperational":true,"territoryId":"territory:catalog:47cb90518e99263fa5cddb6cd5df9b8543e9a53b5d53892b1cf4a2c0d662f421"},"type":"Feature"},{"geometry":{"coordinates":[[[127.150749802684,40.575539568345],[127.317073170732,40.575539568345],[127.434885556433,40.575539568345],[127.434885556433,40.791366906475],[127.373202088071,40.791366906475],[127.372412,40.789164],[127.364454,40.778235],[127.353912,40.769682],[127.341509,40.763662],[127.298204,40.753378],[127.22038,40.718135],[127.199192,40.695139],[127.18431,40.636435],[127.165913,40.613671],[127.15351,40.609046],[127.150749802684,40.608762933168],[127.150749802684,40.575539568345]]],"type":"Polygon"},"id":53,"properties":{"parentKey":"PRK:1159315285","sourceCountryId":"PRK","syntheticOperational":true,"territoryId":"territory:catalog:518c4f1cac0d9b19460c606475fd7258fabbb0bb4ee8c80ae6b0782f1114b791"},"type":"Feature"},{"geometry":{"coordinates":[[[127.386814932486,41.141175553991],[127.391119,41.119351],[127.392876,41.092738],[127.391739,41.071292],[127.432873,41.064212],[127.474524,41.06199],[127.494058,41.067106],[127.50522,41.079147],[127.511215,41.096097],[127.515452,41.115811],[127.531679,41.145499],[127.55793,41.153561],[127.625316,41.142709],[127.66149,41.129221],[127.672756155679,41.108286000521],[127.672756155679,41.223021582734],[127.505976095618,41.223021582734],[127.386814932486,41.223021582734],[127.386814932486,41.141175553991]]],"type":"Polygon"},"id":54,"properties":{"parentKey":"PRK:1159315289","sourceCountryId":"PRK","syntheticOperational":true,"territoryId":"territory:catalog:71a090aa8e16d13c7209a980aa32d9d17acd8038e0f6c6d7c03778c780dccfc5"},"type":"Feature"},{"geometry":{"coordinates":[[[126.413301662708,40.791366906475],[126.582478295185,40.791366906475],[126.698337292162,40.791366906475],[126.698337292162,41.007194244604],[126.528991262907,41.007194244604],[126.413301662708,41.007194244604],[126.413301662708,40.791366906475]]],"type":"Polygon"},"id":55,"properties":{"parentKey":"PRK:1159315283","sourceCountryId":"PRK","syntheticOperational":true,"territoryId":"territory:catalog:ccdd516a0aba3ec3704aa1dc5e11bf81daebfc342827530ced7c7c840112d7be"},"type":"Feature"},{"geometry":{"coordinates":[[[125.776397515528,39.496402877698],[125.94427244582,39.496402877698],[126.055900621118,39.496402877698],[126.055900621118,39.712230215827],[125.88785046729,39.712230215827],[125.839445348047,39.712230215827],[125.813851,39.686596],[125.776397515528,39.666144358274],[125.776397515528,39.496402877698]]],"type":"Polygon"},"id":56,"properties":{"parentKey":"PRK:1159315287","sourceCountryId":"PRK","syntheticOperational":true,"territoryId":"territory:catalog:ef1fd5f30418407bbe8951ddbbe812be7c11df7f210969a74191c44b309e4489"},"type":"Feature"},{"geometry":{"coordinates":[[[127.298824,40.905462],[127.303889,40.870839],[127.3258,40.848721],[127.363937,40.83482],[127.375926,40.822857],[127.377166,40.802419],[127.373202088071,40.791366906475],[127.434885556433,40.791366906475],[127.553444180523,40.791366906475],[127.553444180523,40.817397675741],[127.550592,40.819369],[127.533022,40.823219],[127.519483,40.828051],[127.517416,40.840634],[127.525581,40.85177],[127.539327,40.862157],[127.553444180523,40.870632105026],[127.553444180523,41.007194244604],[127.386814932486,41.007194244604],[127.369532373298,41.007194244604],[127.323009,40.967861],[127.306473,40.941532],[127.298824,40.905462]]],"type":"Polygon"},"id":57,"properties":{"parentKey":"PRK:1159315285","sourceCountryId":"PRK","syntheticOperational":true,"territoryId":"territory:catalog:dbdde0a6fb28a01bc2ca1d8301f86974fc85f0fa1c918909f6cb156d0b1f78a0"},"type":"Feature"},{"geometry":{"coordinates":[[[126.956106,41.6634],[126.95644991103,41.654676258993],[127.049092152997,41.654676258993],[127.045454,41.668],[127.048968,41.677741],[127.059613,41.682237],[127.076615,41.68079],[127.068347,41.69358],[127.046798,41.719238],[127.042664,41.732648],[127.033155,41.731588],[126.999631215046,41.752048868749],[126.999618,41.752025],[126.996414,41.746238],[126.978224,41.72071],[126.962824,41.693993],[126.956106,41.6634]]],"type":"Polygon"},"id":58,"properties":{"parentKey":"PRK:1159315289","sourceCountryId":"PRK","syntheticOperational":true,"territoryId":"territory:catalog:416dd5cbe719e57f735a9e1849c59e427b99aafdc11868a7b118d63d329297df"},"type":"Feature"},{"geometry":{"coordinates":[[[125.30612244898,37.73602150766],[125.312755,37.7414],[125.337738,37.768704],[125.328787,37.766669],[125.30612244898,37.758592541867],[125.30612244898,37.73602150766]]],"type":"Polygon"},"id":59,"properties":{"parentKey":"PRK:1159315261","sourceCountryId":"PRK","syntheticOperational":true,"territoryId":"territory:catalog:e8819c3869f5863ae7d4ef37ba6a1e15b679d6af05ae2b0a066fca7a55362432"},"type":"Feature"},{"geometry":{"coordinates":[[[125.903890160183,38.240210161306],[125.904181,38.239914],[125.907902,38.230225],[125.914526933687,38.201438848921],[126.068441064639,38.201438848921],[126.112510206284,38.201438848921],[126.113677,38.202371],[126.119775,38.205317],[126.12608,38.206996],[126.132487,38.206996],[126.14489,38.204051],[126.151401,38.203379],[126.157602,38.204568],[126.163803,38.207875],[126.178489702517,38.217411789363],[126.178489702517,38.41726618705],[126.01377199694,38.41726618705],[125.903890160183,38.41726618705],[125.903890160183,38.240210161306]]],"type":"Polygon"},"id":60,"properties":{"parentKey":"PRK:1159315273","sourceCountryId":"PRK","syntheticOperational":true,"territoryId":"territory:catalog:56fb63b147eabb3fb577d2fc81d5d1d74eb47df14183cb8358576dfa7ceb1176"},"type":"Feature"},{"geometry":{"coordinates":[[[128.736926790024,41.916499164829],[128.744628,41.914083],[128.75858,41.914806],[128.768502,41.920956],[128.775634,41.929844],[128.787519,41.949429],[128.805916,41.965087],[128.850254,41.985241],[128.868548,41.999969],[128.88064,42.021725],[128.883172,42.030409],[128.817077,42.043869],[128.736926790024,42.046971841625],[128.736926790024,41.916499164829]]],"type":"Polygon"},"id":61,"properties":{"parentKey":"PRK:1159315289","sourceCountryId":"PRK","syntheticOperational":true,"territoryId":"territory:catalog:6746e558b6deb1ef6a1bd48a30a15172108e671d335a3e61cfb02f2a323effdd"},"type":"Feature"},{"geometry":{"coordinates":[[[129.67434471803,41.007194244604],[129.723538122271,41.007194244604],[129.720795,41.023668],[129.719819,41.05622],[129.722016,41.071845],[129.728282,41.08515],[129.711925,41.122626],[129.719574,41.166938],[129.73718754493,41.223021582734],[129.67434471803,41.223021582734],[129.67434471803,41.007194244604]]],"type":"Polygon"},"id":62,"properties":{"parentKey":"PRK:1159315277","sourceCountryId":"PRK","syntheticOperational":true,"territoryId":"territory:catalog:af922f924ce3abd9c3754ea5b38ee5a97ec70b482c43ac6f332428e81474d97c"},"type":"Feature"},{"geometry":{"coordinates":[[[128.70494,41.918992],[128.707937,41.897391],[128.710418,41.887934],[128.718504628631,41.870503597122],[128.736926790024,41.870503597122],[128.736926790024,41.916499164829],[128.718686,41.922222],[128.70494,41.918992]]],"type":"Polygon"},"id":63,"properties":{"parentKey":"PRK:1159315277","sourceCountryId":"PRK","syntheticOperational":true,"territoryId":"territory:catalog:fae7b99c170be47f15de07a00c20d8118e8d26505a26d22bdd162065df21689a"},"type":"Feature"},{"geometry":{"coordinates":[[[127.390971690895,38.41726618705],[127.551487414188,38.41726618705],[127.666411629686,38.41726618705],[127.666411629686,38.63309352518],[127.505755947813,38.63309352518],[127.390971690895,38.63309352518],[127.390971690895,38.41726618705]]],"type":"Polygon"},"id":64,"properties":{"parentKey":"PRK:1159315279","sourceCountryId":"PRK","syntheticOperational":true,"territoryId":"territory:catalog:13a424f7ee2b816d947c191a57884472dc8f257293faf8625b5931704fca241d"},"type":"Feature"},{"geometry":{"coordinates":[[[129.605792437651,41.870503597122],[129.767441860465,41.870503597122],[129.886973643458,41.870503597122],[129.890391,41.883002],[129.895414320193,41.899823674378],[129.895414320193,42.086330935252],[129.693053311793,42.086330935252],[129.605792437651,42.086330935252],[129.605792437651,41.870503597122]]],"type":"Polygon"},"id":65,"properties":{"parentKey":"PRK:1159315277","sourceCountryId":"PRK","syntheticOperational":true,"territoryId":"territory:catalog:f737e7e1ac2b72fbafe2d6f35f7c2314b86889f8bda7c686b113ab7f3477a6b4"},"type":"Feature"},{"geometry":{"coordinates":[[[126.400613967767,38.63309352518],[126.564651874522,38.63309352518],[126.676899462778,38.63309352518],[126.676899462778,38.848920863309],[126.512702078522,38.848920863309],[126.400613967767,38.848920863309],[126.400613967767,38.63309352518]]],"type":"Polygon"},"id":66,"properties":{"parentKey":"PRK:1159315273","sourceCountryId":"PRK","syntheticOperational":true,"territoryId":"territory:catalog:0b78160c31af3f198562da70c09eb0321f67720031e67e4a56ea6d76a3b5350e"},"type":"Feature"},{"geometry":{"coordinates":[[[127.826086956522,38.298105445166],[127.866851,38.304846],[127.971754,38.300041],[128.039864,38.304278],[128.100686498856,38.321316028124],[128.100686498856,38.41726618705],[127.941851568477,38.41726618705],[127.826086956522,38.41726618705],[127.826086956522,38.298105445166]]],"type":"Polygon"},"id":67,"properties":{"parentKey":"PRK:1159315279","sourceCountryId":"PRK","syntheticOperational":true,"territoryId":"territory:catalog:21a573609a433368606c9a7f6c3e4eab47429a2ca06d4e9d2b74b43527e45226"},"type":"Feature"},{"geometry":{"coordinates":[[[130.113452188006,42.302158273381],[130.241245707104,42.302158273381],[130.273456,42.332068],[130.281239,42.37098],[130.257891,42.390437],[130.261782,42.417676],[130.31626,42.421567],[130.390195,42.437132],[130.405186385737,42.442583381156],[130.405186385737,42.517985611511],[130.243902439024,42.517985611511],[130.113452188006,42.517985611511],[130.113452188006,42.302158273381]]],"type":"Polygon"},"id":68,"properties":{"parentKey":"PRK:1159315277","sourceCountryId":"PRK","syntheticOperational":true,"territoryId":"territory:catalog:822a4964bb2f0f397c3ae0809383d2316576922c75e111dbcb15f83f92266245"},"type":"Feature"},{"geometry":{"coordinates":[[[127.009345794393,39.826509990209],[127.014707,39.828499],[127.020805,39.831962],[127.029384,39.84054],[127.035275,39.843822],[127.042716,39.845294],[127.082714,39.847878],[127.089122,39.850307],[127.095013,39.853976],[127.099664,39.858834],[127.103178,39.863562],[127.109069,39.873458],[127.111446,39.879349],[127.112893,39.88586],[127.111446,39.896041],[127.107208,39.90542],[127.091060793177,39.928057553957],[127.009345794393,39.928057553957],[127.009345794393,39.826509990209]]],"type":"Polygon"},"id":69,"properties":{"parentKey":"PRK:1159315287","sourceCountryId":"PRK","syntheticOperational":true,"territoryId":"territory:catalog:b4ef231d0eb142c26160b839e595f5bcc99884e50281f23af2a08f96d86e9573"},"type":"Feature"},{"geometry":{"coordinates":[[[126.358565737052,41.223021582734],[126.528991262907,41.223021582734],[126.645418326693,41.223021582734],[126.645418326693,41.438848920863],[126.503495069866,41.438848920863],[126.501301,41.434371],[126.508278,41.409153],[126.522127,41.377631],[126.522127,41.351947],[126.487659,41.344403],[126.487659,41.351792],[126.493757,41.35479],[126.496495,41.358045],[126.498201,41.361766],[126.501301,41.366107],[126.472518,41.36652],[126.440892,41.348382],[126.391489,41.303423],[126.380585,41.290814],[126.358565737052,41.251618878679],[126.358565737052,41.223021582734]]],"type":"Polygon"},"id":70,"properties":{"parentKey":"PRK:1159315283","sourceCountryId":"PRK","syntheticOperational":true,"territoryId":"territory:catalog:0eda98da73f3f4ae6a8d214eb862086f9f4b9ea6f5caae069ee9fa27cbe9dc20"},"type":"Feature"},{"geometry":{"coordinates":[[[126.684229610301,38.63309352518],[126.840091813313,38.63309352518],[126.95318495779,38.63309352518],[126.95318495779,38.848920863309],[126.874201299586,38.848920863309],[126.875078,38.842539],[126.875388,38.816081],[126.872494,38.796108],[126.869807,38.785462],[126.866913,38.777323],[126.852443,38.756627],[126.81844,38.716759],[126.800147,38.685675],[126.791052,38.675753],[126.785161,38.671051],[126.772552,38.663144],[126.759943,38.65746],[126.700721,38.643016],[126.694314,38.640252],[126.688422,38.636944],[126.684229610301,38.63309352518]]],"type":"Polygon"},"id":71,"properties":{"parentKey":"PRK:1159315279","sourceCountryId":"PRK","syntheticOperational":true,"territoryId":"territory:catalog:021c8b8b9881ea87e1c4dfc3baf654baeab99cc299d8d691992fda7fafb4735e"},"type":"Feature"},{"geometry":{"coordinates":[[[124.933019382452,38.41726618705],[125.080091533181,38.41726618705],[125.187452180566,38.41726618705],[125.187452180566,38.63309352518],[125.167345050963,38.63309352518],[125.1566,38.631727],[125.155805667504,38.63309352518],[125.126268899079,38.63309352518],[125.137218,38.624742],[125.134044,38.610012],[125.134532,38.591254],[125.128009,38.580281],[125.102769,38.593523],[125.079744,38.583989],[125.058241,38.568468],[125.042966,38.581683],[125.037625,38.591271],[125.0292,38.589495],[125.017686,38.583523],[124.997747,38.592522],[124.983949,38.591942],[124.980866,38.584157],[124.995697,38.574042],[124.997081,38.566148],[124.994884,38.557685],[124.993012,38.545885],[124.996837,38.535875],[125.01474,38.52497],[125.021007,38.514879],[125.016368,38.497952],[125.002045,38.473619],[124.985199,38.451361],[124.972667,38.440375],[124.974864,38.455146],[124.972179,38.462144],[124.966563,38.463365],[124.958995,38.460883],[124.947276,38.450507],[124.935069,38.4206],[124.933019382452,38.41726618705]]],"type":"Polygon"},"id":72,"properties":{"parentKey":"PRK:1159315261","sourceCountryId":"PRK","syntheticOperational":true,"territoryId":"territory:catalog:3830b439f16a9c7bb392360c8d0883d6592422b81d6cc5504ef63c9d81bd4230"},"type":"Feature"},{"geometry":{"coordinates":[[[128.530579825258,41.007194244604],[128.693586698337,41.007194244604],[128.816521048451,41.007194244604],[128.816521048451,41.14508665096],[128.753206,41.167203],[128.738427,41.170278],[128.723234,41.16927],[128.698636,41.163689],[128.687267,41.163508],[128.645409,41.173559],[128.630216,41.172319],[128.627012,41.159969],[128.628046,41.147618],[128.626599,41.13072],[128.623498,41.113822],[128.619571,41.101445],[128.607168,41.090826],[128.566137,41.079663],[128.549498,41.07155],[128.538335,41.058915],[128.530579825258,41.046986114257],[128.530579825258,41.007194244604]]],"type":"Polygon"},"id":73,"properties":{"parentKey":"PRK:1159315285","sourceCountryId":"PRK","syntheticOperational":true,"territoryId":"territory:catalog:5f6a4f6343f630096233d7a7a8133a926624ae8ea0a2a35c9fc1727583362bfe"},"type":"Feature"},{"geometry":{"coordinates":[[[128.323977546111,41.654676258993],[128.489208633094,41.654676258993],[128.612670408982,41.654676258993],[128.612670408982,41.870503597122],[128.447304907482,41.870503597122],[128.323977546111,41.870503597122],[128.323977546111,41.654676258993]]],"type":"Polygon"},"id":74,"properties":{"parentKey":"PRK:1159315289","sourceCountryId":"PRK","syntheticOperational":true,"territoryId":"territory:catalog:a7e514759c14e307024a4ab29d2413bfec8ca790c1121e56a74afcc3e365b09c"},"type":"Feature"},{"geometry":{"coordinates":[[[128.0796812749,41.223021582734],[128.244638602065,41.223021582734],[128.366533864542,41.223021582734],[128.366533864542,41.438848920863],[128.210688793349,41.438848920863],[128.185695,41.404451],[128.14611,41.376339],[128.103943,41.379129],[128.118205,41.393444],[128.103943,41.399593],[128.08813,41.388896],[128.0796812749,41.388732155761],[128.0796812749,41.223021582734]]],"type":"Polygon"},"id":75,"properties":{"parentKey":"PRK:1159315289","sourceCountryId":"PRK","syntheticOperational":true,"territoryId":"territory:catalog:ded3986379380d7365c7f7e8aa00c85464db4fe0ea917d34de8034ec51b57f71"},"type":"Feature"},{"geometry":{"coordinates":[[[127.268408551069,40.791366906475],[127.373202088071,40.791366906475],[127.377166,40.802419],[127.375926,40.822857],[127.363937,40.83482],[127.3258,40.848721],[127.303889,40.870839],[127.298824,40.905462],[127.306473,40.941532],[127.323009,40.967861],[127.369532373298,41.007194244604],[127.268408551069,41.007194244604],[127.268408551069,40.791366906475]]],"type":"Polygon"},"id":76,"properties":{"parentKey":"PRK:1159315283","sourceCountryId":"PRK","syntheticOperational":true,"territoryId":"territory:catalog:0eb9e77efeb36fc9f5e33f8cc200403130bb2785bc182b97497fba45e5eaf274"},"type":"Feature"},{"geometry":{"coordinates":[[[126.128266033254,40.791366906475],[126.298342541436,40.791366906475],[126.413301662708,40.791366906475],[126.413301662708,41.007194244604],[126.243050039714,41.007194244604],[126.128266033254,41.007194244604],[126.128266033254,40.791366906475]]],"type":"Polygon"},"id":77,"properties":{"parentKey":"PRK:1159315283","sourceCountryId":"PRK","syntheticOperational":true,"territoryId":"territory:catalog:e3d382ad86398355860df6778bc43f4edafc35831e1c315a74b4666459632e2f"},"type":"Feature"},{"geometry":{"coordinates":[[[126.342205323194,37.985611510791],[126.400840799297,37.985611510791],[126.401412,37.987527],[126.400791,37.995562],[126.393867,38.00675],[126.390043,38.022718],[126.398001,38.038996],[126.386839,38.060494],[126.389939,38.086099],[126.386839,38.093567],[126.381671,38.097701],[126.375263,38.104212],[126.37485,38.111498],[126.378261,38.123126],[126.383532,38.129404],[126.396244,38.136251],[126.401722,38.140334],[126.406476,38.144649],[126.411333,38.147465],[126.415778,38.146845],[126.418361,38.143719],[126.423736,38.129327],[126.42632,38.124547],[126.430247,38.120671],[126.433141,38.119405],[126.437585,38.121627],[126.439239,38.127156],[126.439445,38.13713],[126.436345,38.144261],[126.429007,38.155062],[126.421565,38.170409],[126.415054,38.180099],[126.405752,38.189995],[126.400171,38.194491],[126.39428,38.198366],[126.388182,38.201131],[126.38727399152,38.201438848921],[126.342205323194,38.201438848921],[126.342205323194,37.985611510791]]],"type":"Polygon"},"id":78,"properties":{"parentKey":"PRK:1159315261","sourceCountryId":"PRK","syntheticOperational":true,"territoryId":"territory:catalog:8b09c09a5796fe6a112e46a60aa3da42d2820dab5a2ab57f83af3a251a18fddd"},"type":"Feature"},{"geometry":{"coordinates":[[[129.238249594814,42.302158273381],[129.402261712439,42.302158273381],[129.529983792545,42.302158273381],[129.529983792545,42.371738078714],[129.526801,42.373074],[129.523391,42.383383],[129.517086,42.390954],[129.488871,42.402555],[129.482463,42.41072],[129.434094,42.441106],[129.418798,42.441054],[129.406189,42.435964],[129.39544,42.430202],[129.386241,42.428109],[129.372082,42.432553],[129.36309,42.445007],[129.352135,42.447953],[129.340146,42.445472],[129.338596,42.438367],[129.343763,42.42922],[129.352135,42.420616],[129.337872,42.414415],[129.326504,42.426765],[129.315445,42.422321],[129.307073,42.407619],[129.303766,42.389584],[129.296635,42.387233],[129.243098,42.378706],[129.238249594814,42.375711964925],[129.238249594814,42.344885609271],[129.240307,42.344031],[129.242271,42.338735],[129.238249594814,42.328769025547],[129.238249594814,42.302158273381]]],"type":"Polygon"},"id":79,"properties":{"parentKey":"PRK:1159315277","sourceCountryId":"PRK","syntheticOperational":true,"territoryId":"territory:catalog:5fbf39c6375b3a7d13b2fb7e94639c002888450ba257d07e5d1d82f720465680"},"type":"Feature"},{"geometry":{"coordinates":[[[127.517416,40.840634],[127.519483,40.828051],[127.533022,40.823219],[127.550592,40.819369],[127.553444180523,40.817397675741],[127.553444180523,40.870632105026],[127.539327,40.862157],[127.525581,40.85177],[127.517416,40.840634]]],"type":"Polygon"},"id":80,"properties":{"parentKey":"PRK:1159315289","sourceCountryId":"PRK","syntheticOperational":true,"territoryId":"territory:catalog:394809a395915235f19aa526300281a19c8bb750ffca689483785e5136c2881e"},"type":"Feature"},{"geometry":{"coordinates":[[[128.612670408982,41.654676258993],[128.776978417266,41.654676258993],[128.796297416399,41.654676258993],[128.802092,41.666243],[128.799818,41.677999],[128.785039,41.696732],[128.779458,41.707765],[128.777184,41.721381],[128.776667,41.755669],[128.778217,41.769311],[128.784212,41.795537],[128.783178,41.806544],[128.775427,41.815019],[128.766228,41.815587],[128.742147,41.809464],[128.733672,41.810833],[128.729435,41.817706],[128.728091,41.826543],[128.727574,41.843803],[128.725611,41.853027],[128.722717,41.861424],[128.718504628631,41.870503597122],[128.612670408982,41.870503597122],[128.612670408982,41.654676258993]]],"type":"Polygon"},"id":81,"properties":{"parentKey":"PRK:1159315289","sourceCountryId":"PRK","syntheticOperational":true,"territoryId":"territory:catalog:c38e96c3301d8fcab57457cae6d6ffc3d0f2c82ee439edd3bcfb3ebe0616d350"},"type":"Feature"},{"geometry":{"coordinates":[[[130.274636510501,42.222550325357],[130.294182,42.237045],[130.307418,42.236295],[130.315635,42.218883],[130.30816,42.197595],[130.307026,42.183154],[130.31877,42.18473],[130.330645,42.191508],[130.335057,42.213999],[130.351505,42.216083],[130.358829,42.229272],[130.369837,42.232011],[130.360655,42.243664],[130.367992,42.255687],[130.378182,42.257855],[130.393321,42.244086],[130.40089,42.242499],[130.406016,42.249579],[130.405854,42.26081],[130.399262,42.26317],[130.391124,42.264106],[130.386241,42.270657],[130.386322,42.277655],[130.384157,42.291195],[130.393999,42.299952],[130.397650454828,42.302158273381],[130.274636510501,42.302158273381],[130.274636510501,42.222550325357]]],"type":"Polygon"},"id":82,"properties":{"parentKey":"PRK:1159317137","sourceCountryId":"PRK","syntheticOperational":true,"territoryId":"territory:catalog:1cf312dff433d86c830c3b609c80bda26764f34e8736e2517f93e77030b4c4ab"},"type":"Feature"},{"geometry":{"coordinates":[[[126.615969581749,37.985611510791],[126.767387390861,37.985611510791],[126.847327,38.082018],[126.864793,38.096022],[126.889733840304,38.111266895357],[126.889733840304,38.201438848921],[126.727688787185,38.201438848921],[126.615969581749,38.201438848921],[126.615969581749,37.985611510791]]],"type":"Polygon"},"id":83,"properties":{"parentKey":"PRK:1159315273","sourceCountryId":"PRK","syntheticOperational":true,"territoryId":"territory:catalog:1944ec1d3902e03da2fb440affc666e3385ef0d9ca935f081b26efaf871bf464"},"type":"Feature"},{"geometry":{"coordinates":[[[127.453416149068,39.496402877698],[127.523594878091,39.496402877698],[127.520439,39.510465],[127.53677,39.552012],[127.574555,39.595038],[127.570323,39.617865],[127.552745,39.636786],[127.528087,39.645819],[127.518565,39.644843],[127.512218,39.649482],[127.508556,39.660061],[127.506358,39.683783],[127.50172,39.698472],[127.501313,39.707221],[127.502786014797,39.712230215827],[127.453416149068,39.712230215827],[127.453416149068,39.496402877698]]],"type":"Polygon"},"id":84,"properties":{"parentKey":"PRK:1159315285","sourceCountryId":"PRK","syntheticOperational":true,"territoryId":"territory:catalog:e6880e0405c3c82e205966459aa737f1b6e25a3d722359ae205de1f80f761e01"},"type":"Feature"},{"geometry":{"coordinates":[[[124.875,39.928057553957],[125.046728971963,39.928057553957],[125.15625,39.928057553957],[125.15625,40.143884892086],[124.984326018809,40.143884892086],[124.875,40.143884892086],[124.875,39.928057553957]]],"type":"Polygon"},"id":85,"properties":{"parentKey":"PRK:1159315269","sourceCountryId":"PRK","syntheticOperational":true,"territoryId":"territory:catalog:15cbc6be81472014c050e0223c245aaa931b3a5c0f576c59ac6b0c02003a461f"},"type":"Feature"},{"geometry":{"coordinates":[[[126.168224299065,39.712230215827],[126.335403726708,39.712230215827],[126.448598130841,39.712230215827],[126.448598130841,39.928057553957],[126.365539802556,39.928057553957],[126.368132,39.923145],[126.369889,39.917228],[126.370509,39.911053],[126.370302,39.904955],[126.368752,39.899219],[126.362861,39.893715],[126.352836,39.888547],[126.329995,39.881778],[126.259405,39.852658],[126.168224299065,39.834151907502],[126.168224299065,39.712230215827]]],"type":"Polygon"},"id":86,"properties":{"parentKey":"PRK:1159315287","sourceCountryId":"PRK","syntheticOperational":true,"territoryId":"territory:catalog:fed60cb7706478b99d24067a82e3978f6435300a4c44e6e5771239b2aac24a93"},"type":"Feature"},{"geometry":{"coordinates":[[[128.058326937836,38.63309352518],[128.217291507269,38.63309352518],[128.334612432847,38.63309352518],[128.334612432847,38.705182339567],[128.321056,38.711412],[128.313243,38.717231],[128.282807,38.755072],[128.270356,38.751654],[128.225108,38.732327],[128.210216,38.727729],[128.091156,38.843736],[128.0636201427,38.848920863309],[128.058326937836,38.848920863309],[128.058326937836,38.63309352518]]],"type":"Polygon"},"id":87,"properties":{"parentKey":"PRK:1159315279","sourceCountryId":"PRK","syntheticOperational":true,"territoryId":"territory:catalog:abf305a0b0a83a91164100c89c3a8de876e3dbef95f86aaa4e5a08912162b175"},"type":"Feature"},{"geometry":{"coordinates":[[[128.718504628631,41.870503597122],[128.722717,41.861424],[128.725611,41.853027],[128.727574,41.843803],[128.728091,41.826543],[128.729435,41.817706],[128.733672,41.810833],[128.742147,41.809464],[128.766228,41.815587],[128.775427,41.815019],[128.783178,41.806544],[128.784212,41.795537],[128.778217,41.769311],[128.776667,41.755669],[128.777184,41.721381],[128.779458,41.707765],[128.785039,41.696732],[128.799818,41.677999],[128.802092,41.666243],[128.796297416399,41.654676258993],[128.901363271852,41.654676258993],[128.901363271852,41.870503597122],[128.736926790024,41.870503597122],[128.718504628631,41.870503597122]]],"type":"Polygon"},"id":88,"properties":{"parentKey":"PRK:1159315277","sourceCountryId":"PRK","syntheticOperational":true,"territoryId":"territory:catalog:2060f9413d4e1f4142ddd943d5f0807cd462d3c28b4942abe5740caf4e936121"},"type":"Feature"},{"geometry":{"coordinates":[[[125.217391304348,39.568024732677],[125.219574,39.566474],[125.237071,39.562893],[125.246349,39.553616],[125.250743,39.551215],[125.27711,39.526028],[125.285981,39.521186],[125.294932,39.523017],[125.303559,39.527289],[125.325694,39.533189],[125.429698,39.575385],[125.444916,39.584377],[125.451752,39.571275],[125.451289,39.572546],[125.496894409938,39.577822072658],[125.496894409938,39.712230215827],[125.327102803738,39.712230215827],[125.217391304348,39.712230215827],[125.217391304348,39.591213],[125.22519,39.591213],[125.217391304348,39.581709828799],[125.217391304348,39.568024732677]]],"type":"Polygon"},"id":89,"properties":{"parentKey":"PRK:1159315269","sourceCountryId":"PRK","syntheticOperational":true,"territoryId":"territory:catalog:ce1bfc37bd93163b93dac5fa0b229f191dc7a4b3555d7e060fb51040df1c861d"},"type":"Feature"},{"geometry":{"coordinates":[[[130.243902439024,42.517985611511],[130.405186385737,42.517985611511],[130.449704546414,42.517985611511],[130.452153973075,42.549558652937],[130.431242,42.561512],[130.426385,42.572105],[130.430002,42.591484],[130.427728,42.599365],[130.420494,42.604274],[130.412742,42.604636],[130.403957,42.604067],[130.393002,42.606238],[130.324789,42.650292],[130.317141,42.667397],[130.262674,42.708609],[130.24843223092,42.73381294964],[130.243902439024,42.73381294964],[130.243902439024,42.517985611511]]],"type":"Polygon"},"id":90,"properties":{"parentKey":"PRK:1159315277","sourceCountryId":"PRK","syntheticOperational":true,"territoryId":"territory:catalog:02a8e671691d3fee4d03d68ac080a8422a639dca6671c5635bb8f1f1157d6c2e"},"type":"Feature"},{"geometry":{"coordinates":[[[126.915799,41.414113],[126.918589,41.407602],[126.932270916335,41.390558314018],[126.932270916335,41.431811712113],[126.919003,41.420986],[126.915799,41.414113]]],"type":"Polygon"},"id":91,"properties":{"parentKey":"PRK:1159315289","sourceCountryId":"PRK","syntheticOperational":true,"territoryId":"territory:catalog:b8abce96688134ffa52493125a60532611f37e7531c21a0014a00c8eafd406f8"},"type":"Feature"},{"geometry":{"coordinates":[[[127.570093457944,39.791147966894],[127.57602,39.796291],[127.593028,39.80622],[127.607188,39.810248],[127.623749,39.830935],[127.648699,39.820897],[127.663291,39.806801],[127.679629,39.816439],[127.69575,39.848201],[127.727383,39.857189],[127.762438,39.853534],[127.794037,39.865668],[127.796397,39.875637],[127.78183,39.885403],[127.85046728972,39.890881465199],[127.85046728972,39.928057553957],[127.6875,39.928057553957],[127.570093457944,39.928057553957],[127.570093457944,39.791147966894]]],"type":"Polygon"},"id":92,"properties":{"parentKey":"PRK:1159315285","sourceCountryId":"PRK","syntheticOperational":true,"territoryId":"territory:catalog:033f231069fdf8f3a6478f7af188166089499623d336ed3ed6b86aaf3913dc67"},"type":"Feature"},{"geometry":{"coordinates":[[[126.677115987461,40.145799321251],[126.693693,40.148428],[126.701342,40.152356],[126.709713,40.158712],[126.722116,40.171502],[126.731934,40.179899],[126.74537,40.187754],[126.753741,40.191294],[126.761803,40.193671],[126.776376,40.196177],[126.792706,40.197314],[126.800457,40.200621],[126.807485,40.207288],[126.813996,40.220465],[126.822161,40.243074],[126.827019,40.248681],[126.834667,40.256019],[126.872287,40.280281],[126.887273,40.294879],[126.910941,40.334722],[126.911975,40.334748],[126.911561,40.348494],[126.91282859317,40.359712230216],[126.750590086546,40.359712230216],[126.677115987461,40.359712230216],[126.677115987461,40.145799321251]]],"type":"Polygon"},"id":93,"properties":{"parentKey":"PRK:1159315283","sourceCountryId":"PRK","syntheticOperational":true,"territoryId":"territory:catalog:2f0aa609deae8a83015e8256af1b45b00dbdc03c87a5105c999e4f336583c846"},"type":"Feature"},{"geometry":{"coordinates":[[[126.911561,40.348494],[126.911975,40.334748],[126.959247648903,40.335700160675],[126.959247648903,40.359712230216],[126.91282859317,40.359712230216],[126.911561,40.348494]]],"type":"Polygon"},"id":94,"properties":{"parentKey":"PRK:1159315285","sourceCountryId":"PRK","syntheticOperational":true,"territoryId":"territory:catalog:1a8976c4ab707c03496c2df72235b7ff7437087df3559cc6746eb5565cc75556"},"type":"Feature"},{"geometry":{"coordinates":[[[129.640287769784,41.438848920863],[129.687550361084,41.438848920863],[129.681678,41.443084],[129.659403,41.464647],[129.65273,41.494124],[129.657723,41.509239],[129.660655,41.525946],[129.648798,41.549403],[129.669409,41.575959],[129.683185,41.61772],[129.690823,41.649716],[129.695507377136,41.654676258993],[129.640287769784,41.654676258993],[129.640287769784,41.438848920863]]],"type":"Polygon"},"id":95,"properties":{"parentKey":"PRK:1159315277","sourceCountryId":"PRK","syntheticOperational":true,"territoryId":"territory:catalog:b41550bb15c93d7fd3c428d0291e1b6ad5f933d158b45f4e0dacb3d6c29b4830"},"type":"Feature"},{"geometry":{"coordinates":[[[127.523510971787,40.143884892086],[127.6875,40.143884892086],[127.805642633229,40.143884892086],[127.805642633229,40.359712230216],[127.600314712825,40.359712230216],[127.523510971787,40.359712230216],[127.523510971787,40.143884892086]]],"type":"Polygon"},"id":96,"properties":{"parentKey":"PRK:1159315285","sourceCountryId":"PRK","syntheticOperational":true,"territoryId":"territory:catalog:f05b487510a7d970abf192e5a32aebbe5f53f21472bd6bcfd78882befa78e832"},"type":"Feature"},{"geometry":{"coordinates":[[[124.766355140187,39.744405078583],[124.77065,39.741811],[124.799164,39.739814],[124.803071,39.730455],[124.81129,39.728339],[124.833588,39.725979],[124.849132,39.721503],[124.866303,39.713853],[124.868866710767,39.712230215827],[124.937888198758,39.712230215827],[125.046728971963,39.712230215827],[125.046728971963,39.928057553957],[124.875,39.928057553957],[124.766355140187,39.928057553957],[124.766355140187,39.744405078583]]],"type":"Polygon"},"id":97,"properties":{"parentKey":"PRK:1159315269","sourceCountryId":"PRK","syntheticOperational":true,"territoryId":"territory:catalog:098af2e06c53e5de99d5fb550544483b1d65395b9720af0a534b0904f9fb8c55"},"type":"Feature"},{"geometry":{"coordinates":[[[126.504927975739,37.813700414838],[126.576182,37.777533],[126.593272,37.7744],[126.620779,37.787706],[126.6421,37.798],[126.651622,37.799262],[126.655772,37.814521],[126.667003,37.827582],[126.667459,37.82781],[126.660516,37.913811],[126.665787,37.937634],[126.677828,37.944584],[126.696328,37.946186],[126.722115,37.953938],[126.761906,37.979001],[126.767387390861,37.985611510791],[126.615969581749,37.985611510791],[126.504927975739,37.985611510791],[126.504927975739,37.813700414838]]],"type":"Polygon"},"id":98,"properties":{"parentKey":"PRK:1159315273","sourceCountryId":"PRK","syntheticOperational":true,"territoryId":"territory:catalog:7db07c83ed1bd472cc88e00930f03332da025e30db2c83666f067a04c8fe6929"},"type":"Feature"},{"geometry":{"coordinates":[[[126.453089244851,38.201438848921],[126.615969581749,38.201438848921],[126.727688787185,38.201438848921],[126.727688787185,38.41726618705],[126.564651874522,38.41726618705],[126.453089244851,38.41726618705],[126.453089244851,38.201438848921]]],"type":"Polygon"},"id":99,"properties":{"parentKey":"PRK:1159315273","sourceCountryId":"PRK","syntheticOperational":true,"territoryId":"territory:catalog:fe1e86e7d501d66a380bf6a970dce4ddaccfebcc552c05441195b69714dca485"},"type":"Feature"},{"geometry":{"coordinates":[[[125.548589341693,40.143884892086],[125.71875,40.143884892086],[125.830721003135,40.143884892086],[125.830721003135,40.222363879138],[125.821705,40.22186],[125.807029,40.223617],[125.797417,40.226821],[125.789563,40.2308],[125.773853,40.242273],[125.657168,40.301701],[125.625025,40.324774],[125.617583,40.331983],[125.613863,40.338339],[125.615103,40.343894],[125.61934,40.348907],[125.624405,40.353842],[125.628642,40.358881],[125.62884789263,40.359712230216],[125.617623918175,40.359712230216],[125.548589341693,40.359712230216],[125.548589341693,40.143884892086]]],"type":"Polygon"},"id":100,"properties":{"parentKey":"PRK:1159315269","sourceCountryId":"PRK","syntheticOperational":true,"territoryId":"territory:catalog:53c18ee68b6a11cf7e581c08bf997978a05f536612f271cf46abc6587546fade"},"type":"Feature"},{"geometry":{"coordinates":[[[126.645418326693,41.223021582734],[126.8149324861,41.223021582734],[126.932270916335,41.223021582734],[126.932270916335,41.390558314018],[126.918589,41.407602],[126.915799,41.414113],[126.919003,41.420986],[126.932270916335,41.431811712113],[126.932270916335,41.438848920863],[126.871190611053,41.438848920863],[126.863606,41.436231],[126.846036,41.435947],[126.84137672843,41.438848920863],[126.762589928058,41.438848920863],[126.645418326693,41.438848920863],[126.645418326693,41.223021582734]]],"type":"Polygon"},"id":101,"properties":{"parentKey":"PRK:1159315283","sourceCountryId":"PRK","syntheticOperational":true,"territoryId":"territory:catalog:095f81f1c59095ac3ad8214a6f02b7aa76d9543c39c34b918cdb399cee4b9896"},"type":"Feature"},{"geometry":{"coordinates":[[[130.191739,42.234785],[130.202274,42.173551],[130.214936,42.174628],[130.228986,42.182452],[130.251363,42.205291],[130.274636510501,42.222550325357],[130.274636510501,42.302158273381],[130.241245707104,42.302158273381],[130.218978,42.281481],[130.191739,42.234785]]],"type":"Polygon"},"id":102,"properties":{"parentKey":"PRK:1159317137","sourceCountryId":"PRK","syntheticOperational":true,"territoryId":"territory:catalog:fba99c505831fcebcc5be7b71d18df1eb18a8ee00feb7709486797f15cb4021c"},"type":"Feature"},{"geometry":{"coordinates":[[[125.295471987721,38.63309352518],[125.462892119357,38.63309352518],[125.571757482732,38.63309352518],[125.571757482732,38.662932437874],[125.564952,38.670111],[125.555186,38.676663],[125.545177,38.679389],[125.540782,38.674262],[125.537934,38.663642],[125.532725,38.65412],[125.520763,38.652655],[125.514659,38.657864],[125.511811,38.676703],[125.507091,38.686225],[125.462657,38.707261],[125.45102,38.704006],[125.446137,38.696723],[125.444428,38.689521],[125.441905,38.686225],[125.429698,38.687486],[125.406749,38.692857],[125.397227,38.693671],[125.369108,38.694761],[125.346016,38.687079],[125.330605,38.678747],[125.319791,38.668584],[125.311324,38.665017],[125.301036,38.656806],[125.295471987721,38.65831979365],[125.295471987721,38.63309352518]]],"type":"Polygon"},"id":103,"properties":{"parentKey":"PRK:1159315261","sourceCountryId":"PRK","syntheticOperational":true,"territoryId":"territory:catalog:acf0c5e8da795036e9b04d96358030e42e26eb3158085a07cf8ed361e006546f"},"type":"Feature"},{"geometry":{"coordinates":[[[125.88785046729,39.750576250046],[125.894156,39.751527],[125.902941,39.755119],[125.909969,39.759977],[125.928055,39.775014],[125.947486,39.78783],[125.955547,39.796047],[125.96733,39.812015],[125.978802,39.821885],[125.992238,39.827182],[125.997819,39.830282],[126.000299,39.832143],[126.001539,39.835863],[126.002573,39.841109],[126.004847,39.847361],[126.008671,39.852968],[126.015389,39.858782],[126.021383,39.858911],[126.027067,39.857025],[126.051045,39.836664],[126.05704,39.832427],[126.070889,39.825451],[126.07771,39.82297],[126.084842,39.821161],[126.092283,39.820076],[126.100655,39.820438],[126.168224299065,39.834151907502],[126.168224299065,39.928057553957],[126,39.928057553957],[125.88785046729,39.928057553957],[125.88785046729,39.750576250046]]],"type":"Polygon"},"id":104,"properties":{"parentKey":"PRK:1159315269","sourceCountryId":"PRK","syntheticOperational":true,"territoryId":"territory:catalog:8de6a7e6b31da5e6ba59022b77eff6fd7e7d8d0b4c54daf9559f56d17e2f685f"},"type":"Feature"},{"geometry":{"coordinates":[[[124.979503,37.925238],[124.989024,37.927436],[125.01352,37.939521],[125.006602,37.918443],[125.013194,37.905992],[125.029389,37.900092],[125.051524,37.898586],[125.062104,37.896145],[125.089366,37.878079],[125.100352,37.875067],[125.140257771039,37.869903429647],[125.140257771039,37.960321771872],[125.1338,37.960028],[125.115977,37.962714],[125.08961,37.975816],[125.075694,37.980455],[125.062022,37.978583],[125.036632,37.963609],[125.024181,37.960028],[125.005463,37.958441],[124.992198,37.952948],[124.983653,37.942328],[124.979503,37.925238]]],"type":"Polygon"},"id":105,"properties":{"parentKey":"PRK:1159315261","sourceCountryId":"PRK","syntheticOperational":true,"territoryId":"territory:catalog:ad6e2d46697734626ab50c308575bb77c17ae0f139b6ce296b1f0e430790daae"},"type":"Feature"},{"geometry":{"coordinates":[[[124.767899291896,40.359712230216],[124.984326018809,40.359712230216],[125.051140833989,40.359712230216],[125.051140833989,40.542110941293],[125.05002,40.541816],[125.025112,40.534374],[125.015294,40.521972],[125.015294,40.508278],[125.027696,40.495876],[125.038858,40.483473],[125.0463,40.471071],[125.041287,40.461097],[125.026301,40.457377],[125.006612,40.456136],[124.986613,40.457377],[124.959587,40.453656],[124.935299,40.455568],[124.925894,40.457893],[124.917935,40.461097],[124.915145,40.465852],[124.905636,40.476497],[124.895508,40.483628],[124.89065,40.477892],[124.883829,40.465541],[124.849878,40.43159],[124.800837,40.394073],[124.779856,40.383479],[124.767899291896,40.381253977392],[124.767899291896,40.359712230216]]],"type":"Polygon"},"id":106,"properties":{"parentKey":"PRK:1159315269","sourceCountryId":"PRK","syntheticOperational":true,"territoryId":"territory:catalog:63abd66a373eaedb02271364e48c25cd15c7bfe57d17b98abf1dc7d54c536d3b"},"type":"Feature"},{"geometry":{"coordinates":[[[127.600314712825,40.359712230216],[127.805642633229,40.359712230216],[127.883556254917,40.359712230216],[127.883556254917,40.470521467204],[127.823134,40.433734],[127.758641,40.405544],[127.740968,40.401617],[127.729186,40.404097],[127.722881,40.414174],[127.721538,40.433191],[127.722468,40.460373],[127.725672,40.472439],[127.733733,40.484506],[127.752544,40.50081],[127.758538,40.509104],[127.761122,40.522566],[127.758745,40.536958],[127.754611,40.547784],[127.754714,40.557654],[127.765153,40.569229],[127.768905372286,40.575539568345],[127.719021310182,40.575539568345],[127.600314712825,40.575539568345],[127.600314712825,40.359712230216]]],"type":"Polygon"},"id":107,"properties":{"parentKey":"PRK:1159315285","sourceCountryId":"PRK","syntheticOperational":true,"territoryId":"territory:catalog:9c4bd9c7c7270acf455e31f672331da720219d1294b1ab822b6b6e2d1b7462c8"},"type":"Feature"},{"geometry":{"coordinates":[[[126.944444444444,39.065340223534],[126.981738,39.069114],[126.993623,39.110714],[127.013674,39.133632],[127.021425,39.137792],[127.055118,39.15128],[127.060596,39.155517],[127.063387,39.16053],[127.060906,39.169005],[127.057289,39.175258],[127.025249,39.204403],[127.003752,39.213343],[126.999308,39.214558],[126.99383,39.21541],[126.979257,39.215824],[126.950835,39.211431],[126.944444444444,39.211385946318],[126.944444444444,39.065340223534]]],"type":"Polygon"},"id":108,"properties":{"parentKey":"PRK:1159315287","sourceCountryId":"PRK","syntheticOperational":true,"territoryId":"territory:catalog:ba507baaeceb3e036295059b7ba147872a3680697cc516afed5a0fff5e204bae"},"type":"Feature"},{"geometry":{"coordinates":[[[126.676899462778,38.63309352518],[126.684229610301,38.63309352518],[126.688422,38.636944],[126.694314,38.640252],[126.700721,38.643016],[126.759943,38.65746],[126.772552,38.663144],[126.785161,38.671051],[126.791052,38.675753],[126.800147,38.685675],[126.81844,38.716759],[126.852443,38.756627],[126.866913,38.777323],[126.869807,38.785462],[126.872494,38.796108],[126.875388,38.816081],[126.875078,38.842539],[126.874201299586,38.848920863309],[126.789838337182,38.848920863309],[126.676899462778,38.848920863309],[126.676899462778,38.63309352518]]],"type":"Polygon"},"id":109,"properties":{"parentKey":"PRK:1159315273","sourceCountryId":"PRK","syntheticOperational":true,"territoryId":"territory:catalog:881bceea1a083d052edff2fb967b43875297c8ccb6117141fa3f98cb9085ed4b"},"type":"Feature"},{"geometry":{"coordinates":[[[130.536585365854,42.517985611511],[130.538216144713,42.517985611511],[130.536585365854,42.520722372902],[130.536585365854,42.517985611511]]],"type":"Polygon"},"id":110,"properties":{"parentKey":"PRK:1159317137","sourceCountryId":"PRK","syntheticOperational":true,"territoryId":"territory:catalog:d1c0da78c49e4f5a3c3bfb132980bf77524e42be46ba7498f6e8e0480d2c857f"},"type":"Feature"},{"geometry":{"coordinates":[[[125.210297,39.573065],[125.217391304348,39.568024732677],[125.217391304348,39.581709828799],[125.210297,39.573065]]],"type":"Polygon"},"id":111,"properties":{"parentKey":"PRK:1159315269","sourceCountryId":"PRK","syntheticOperational":true,"territoryId":"territory:catalog:ff1c1821541840d046f8a3d33b3608f7e6ac81a0e04a8e2f5b030c403bdbec5c"},"type":"Feature"},{"geometry":{"coordinates":[[[125.445935280189,40.575539568345],[125.539407250706,40.575539568345],[125.534694,40.578635],[125.503585,40.609356],[125.493973,40.616617],[125.485602,40.6215],[125.445935280189,40.639060640773],[125.445935280189,40.575539568345]]],"type":"Polygon"},"id":112,"properties":{"parentKey":"PRK:1159315269","sourceCountryId":"PRK","syntheticOperational":true,"territoryId":"territory:catalog:d72b28fd37354059daca2e0c8664c9c4d4b283a7d3c542ab18928e4159cc8ecd"},"type":"Feature"},{"geometry":{"coordinates":[[[124.86964,38.282131],[124.870128,38.265448],[124.872325,38.257636],[124.886567,38.244574],[124.91505,38.229071],[124.967621,38.235338],[124.993012,38.226955],[124.946495432481,38.201438848921],[124.973384030418,38.201438848921],[125.080091533181,38.201438848921],[125.080091533181,38.41726618705],[124.933019382452,38.41726618705],[124.927989,38.409084],[124.883881,38.355292],[124.879731,38.345201],[124.86964,38.282131]]],"type":"Polygon"},"id":113,"properties":{"parentKey":"PRK:1159315261","sourceCountryId":"PRK","syntheticOperational":true,"territoryId":"territory:catalog:17ca38ada60cc5fffb686c7150f1a080eb353e325e78325cac7595374752262b"},"type":"Feature"},{"geometry":{"coordinates":[[[126.981738,39.069114],[126.982265317936,39.064748201439],[127.066974595843,39.064748201439],[127.222222222222,39.064748201439],[127.222222222222,39.280575539568],[127.072088856188,39.280575539568],[127.066591,39.278456],[127.037135,39.271789],[127.031657,39.266363],[127.029074,39.257992],[127.032381,39.242127],[127.039305,39.225151],[127.039409,39.219079],[127.037548,39.212258],[127.025249,39.204403],[127.057289,39.175258],[127.060906,39.169005],[127.063387,39.16053],[127.060596,39.155517],[127.055118,39.15128],[127.021425,39.137792],[127.013674,39.133632],[126.993623,39.110714],[126.981738,39.069114]]],"type":"Polygon"},"id":114,"properties":{"parentKey":"PRK:1159315279","sourceCountryId":"PRK","syntheticOperational":true,"territoryId":"territory:catalog:870dc183f7e81a33589df9557ffa04a2a64ccd7910e4b34f9006e3f9b1156c39"},"type":"Feature"},{"geometry":{"coordinates":[[[126.866614048934,40.575539568345],[127.033831628639,40.575539568345],[127.048649969486,40.575539568345],[127.062456,40.585895],[127.075892,40.594293],[127.090568,40.600313],[127.109172,40.604499],[127.150749802684,40.608762933168],[127.150749802684,40.791366906475],[126.983372921615,40.791366906475],[126.866614048934,40.791366906475],[126.866614048934,40.575539568345]]],"type":"Polygon"},"id":115,"properties":{"parentKey":"PRK:1159315283","sourceCountryId":"PRK","syntheticOperational":true,"territoryId":"territory:catalog:fd9c21312c1b8d38cd88e74eda875aa6618c6a81a72ef307cce33a2f01995c59"},"type":"Feature"},{"geometry":{"coordinates":[[[126.335403726708,39.496402877698],[126.501547987616,39.496402877698],[126.614906832298,39.496402877698],[126.614906832298,39.712230215827],[126.448598130841,39.712230215827],[126.335403726708,39.712230215827],[126.335403726708,39.496402877698]]],"type":"Polygon"},"id":116,"properties":{"parentKey":"PRK:1159315287","sourceCountryId":"PRK","syntheticOperational":true,"territoryId":"territory:catalog:a4a99c6db673c1c9bf0a20bc7d855b3e55f6e458590b079b7f64694009f96eec"},"type":"Feature"},{"geometry":{"coordinates":[[[125.830721003135,40.222363879138],[125.831421,40.222403],[125.839379,40.224496],[125.853125,40.231136],[125.867387,40.236227],[125.881753,40.23819],[125.896429,40.238423],[125.904801,40.237493],[125.913793,40.234547],[125.925782,40.227235],[125.935704,40.222326],[125.949036,40.219638],[125.962265,40.220362],[125.96888,40.219587],[125.976941,40.216228],[125.994511,40.201862],[126.021383,40.174008],[126.063503181571,40.143884892086],[126.112852664577,40.143884892086],[126.112852664577,40.359712230216],[125.900865460268,40.359712230216],[125.830721003135,40.359712230216],[125.830721003135,40.222363879138]]],"type":"Polygon"},"id":117,"properties":{"parentKey":"PRK:1159315283","sourceCountryId":"PRK","syntheticOperational":true,"territoryId":"territory:catalog:aa7fa5ddbbaaac1b7f15d477be49b0b3072685fb96ff90e1be4935a5518bbc23"},"type":"Feature"},{"geometry":{"coordinates":[[[127.553444180523,40.870632105026],[127.601132,40.899261],[127.617771,40.922154],[127.614671,40.947863],[127.589866,40.977964],[127.585422,40.98985],[127.598961,40.995379],[127.628934,40.997239],[127.643506,41.001167],[127.65226653899,41.007194244604],[127.553444180523,41.007194244604],[127.553444180523,40.870632105026]]],"type":"Polygon"},"id":118,"properties":{"parentKey":"PRK:1159315285","sourceCountryId":"PRK","syntheticOperational":true,"territoryId":"territory:catalog:d381bbb7c82497f1c3018dc8a1bc4d4550ae64210e77b033df2a5c46af1d46b2"},"type":"Feature"},{"geometry":{"coordinates":[[[125.462892119357,38.41726618705],[125.629290617849,38.41726618705],[125.69953393765,38.41726618705],[125.698405,38.420653],[125.696545,38.430342],[125.696132,38.44631],[125.696545,38.451658],[125.697682,38.457059],[125.699956,38.462278],[125.701093,38.467523],[125.700266,38.47251],[125.692411,38.485868],[125.683833,38.497237],[125.680939,38.505686],[125.676805,38.513851],[125.668536,38.52416],[125.664919,38.531008],[125.663265,38.537364],[125.664609,38.558448],[125.664299,38.563848],[125.662542,38.569248],[125.657168,38.57948],[125.655927,38.584596],[125.655514,38.611881],[125.652413,38.624387],[125.647231,38.628559],[125.64723093466,38.628559052605],[125.63795,38.62641],[125.610362,38.63109],[125.605842544789,38.63309352518],[125.571757482732,38.63309352518],[125.462892119357,38.63309352518],[125.462892119357,38.41726618705]]],"type":"Polygon"},"id":119,"properties":{"parentKey":"PRK:1159315261","sourceCountryId":"PRK","syntheticOperational":true,"territoryId":"territory:catalog:8d000b8e3b62a9ad706c136e1a930e54c2db0f74e4e9ec5f011e8e9683c43378"},"type":"Feature"},{"geometry":{"coordinates":[[[125.522189,38.838612],[125.524979,38.828716],[125.52777,38.822256],[125.532834,38.816727],[125.539759,38.812386],[125.552471,38.807347],[125.561773,38.802567],[125.567664,38.798485],[125.571757482732,38.788591545699],[125.571757482732,38.848920863309],[125.522992561262,38.848920863309],[125.522189,38.84613],[125.522189,38.838612]]],"type":"Polygon"},"id":120,"properties":{"parentKey":"PRK:1159315275","sourceCountryId":"PRK","syntheticOperational":true,"territoryId":"territory:catalog:2d8b9205d16b8f2ca2959bbedcc2dfe15703c08a242da61867bad39934270b3b"},"type":"Feature"},{"geometry":{"coordinates":[[[129.016522423289,40.470456206609],[129.030116,40.47397],[129.077564,40.472565],[129.115066,40.511165],[129.150899,40.545897],[129.155312,40.556635],[129.160605088352,40.5646009952],[129.160605,40.564601],[129.108223,40.567447],[129.089723,40.571219],[129.080497727893,40.575539568345],[129.016522423289,40.575539568345],[129.016522423289,40.470456206609]]],"type":"Polygon"},"id":121,"properties":{"parentKey":"PRK:1159315285","sourceCountryId":"PRK","syntheticOperational":true,"territoryId":"territory:catalog:73ca2f56679b94525a48538a478840714f44d6282ce432978ac7d73c82ed09c6"},"type":"Feature"},{"geometry":{"coordinates":[[[126.068441064639,38.186006376917],[126.079261,38.183949],[126.090113,38.185241],[126.098588,38.188367],[126.108406,38.19816],[126.112510206284,38.201438848921],[126.068441064639,38.201438848921],[126.068441064639,38.186006376917]]],"type":"Polygon"},"id":122,"properties":{"parentKey":"PRK:1159315273","sourceCountryId":"PRK","syntheticOperational":true,"territoryId":"territory:catalog:a363ab4bd88dcad3279222d364b6fdfd1c26b7136384756765a489408216f7e0"},"type":"Feature"},{"geometry":{"coordinates":[[[126.112510206284,38.201438848921],[126.178489702517,38.201438848921],[126.178489702517,38.217411789363],[126.163803,38.207875],[126.157602,38.204568],[126.151401,38.203379],[126.14489,38.204051],[126.132487,38.206996],[126.12608,38.206996],[126.119775,38.205317],[126.113677,38.202371],[126.112510206284,38.201438848921]]],"type":"Polygon"},"id":123,"properties":{"parentKey":"PRK:1159315261","sourceCountryId":"PRK","syntheticOperational":true,"territoryId":"territory:catalog:47ee3eb2efa8a9b190c250c6e59077d9f6f4f64f5894d1ef4272542d7c84f8f2"},"type":"Feature"},{"geometry":{"coordinates":[[[127.150749802684,40.608762933168],[127.15351,40.609046],[127.165913,40.613671],[127.18431,40.636435],[127.199192,40.695139],[127.22038,40.718135],[127.298204,40.753378],[127.341509,40.763662],[127.353912,40.769682],[127.364454,40.778235],[127.372412,40.789164],[127.373202088071,40.791366906475],[127.268408551069,40.791366906475],[127.150749802684,40.791366906475],[127.150749802684,40.608762933168]]],"type":"Polygon"},"id":124,"properties":{"parentKey":"PRK:1159315283","sourceCountryId":"PRK","syntheticOperational":true,"territoryId":"territory:catalog:7f2d8f0162f0e0dbd8043dd3f854368b507617b4e2ba0ce213f2b7db668d2e6e"},"type":"Feature"},{"geometry":{"coordinates":[[[126.112852664577,40.143884892086],[126.28125,40.143884892086],[126.394984326019,40.143884892086],[126.394984326019,40.359712230216],[126.18410700236,40.359712230216],[126.112852664577,40.359712230216],[126.112852664577,40.143884892086]]],"type":"Polygon"},"id":125,"properties":{"parentKey":"PRK:1159315283","sourceCountryId":"PRK","syntheticOperational":true,"territoryId":"territory:catalog:fb35c7118f4ab367c0b13ae195f2aa62b750076028ab414d61aa46376d999105"},"type":"Feature"},{"geometry":{"coordinates":[[[125.137218,38.803534],[125.145274,38.777088],[125.15677,38.769267],[125.172111,38.76323],[125.176664,38.751228],[125.18812,38.738608],[125.216557,38.739717],[125.230479,38.771918],[125.22519,38.796088],[125.240977,38.793118],[125.252696,38.783596],[125.257823,38.771918],[125.253184,38.762519],[125.259776,38.758287],[125.266856,38.755072],[125.246918,38.736721],[125.2435,38.728339],[125.249766,38.717231],[125.262462,38.707913],[125.27768,38.703315],[125.293712,38.703192],[125.295471987721,38.703680898828],[125.295471987721,38.848920863309],[125.148551524486,38.848920863309],[125.147553,38.837144],[125.143321,38.82038],[125.137218,38.803534]]],"type":"Polygon"},"id":126,"properties":{"parentKey":"PRK:1159315287","sourceCountryId":"PRK","syntheticOperational":true,"territoryId":"territory:catalog:1de0ad816513040c07966b696e94d63dc631ee0f7a6fc45f344104c90b5047e3"},"type":"Feature"},{"geometry":{"coordinates":[[[125.520912547529,37.985611510791],[125.608999629724,37.985611510791],[125.596528,37.992255],[125.578217,38.009019],[125.578949,38.025133],[125.596934,38.032213],[125.622162,38.031928],[125.647309,38.027289],[125.687348,38.012274],[125.70517,38.009345],[125.746593,38.007758],[125.756358,38.005072],[125.773774,37.99608],[125.78419,37.994086],[125.794676806084,37.993268504381],[125.794676806084,38.201438848921],[125.629290617849,38.201438848921],[125.520912547529,38.201438848921],[125.520912547529,37.985611510791]]],"type":"Polygon"},"id":127,"properties":{"parentKey":"PRK:1159315261","sourceCountryId":"PRK","syntheticOperational":true,"territoryId":"territory:catalog:bae25e28adb8e8d0c4007923011a5871743f67b59841682f81838c358630c71c"},"type":"Feature"},{"geometry":{"coordinates":[[[125.555555555556,39.064748201439],[125.578393278524,39.064748201439],[125.578619,39.065161],[125.582547,39.069631],[125.655204,39.115132],[125.657064,39.115907],[125.660785,39.117923],[125.664816,39.120997],[125.665849,39.122729],[125.666263,39.124563],[125.665849,39.126165],[125.665126,39.127457],[125.664196,39.128439],[125.660578,39.130816],[125.652723,39.134123],[125.637427,39.143167],[125.635774,39.144665],[125.634327,39.146784],[125.633913,39.148851],[125.634017,39.15097],[125.63536,39.156835],[125.636187,39.158618],[125.640218,39.174172],[125.640838,39.178358],[125.640734,39.183629],[125.640218,39.186885],[125.639184,39.190476],[125.629262,39.212103],[125.620994,39.223885],[125.619444,39.227296],[125.619134,39.231197],[125.619651,39.235357],[125.620167,39.237114],[125.620994,39.238716],[125.622028,39.240215],[125.627092,39.244918],[125.630813,39.247243],[125.67205,39.258121],[125.702023,39.273701],[125.709361,39.279282],[125.711769848989,39.280575539568],[125.665634674923,39.280575539568],[125.555555555556,39.280575539568],[125.555555555556,39.064748201439]]],"type":"Polygon"},"id":128,"properties":{"parentKey":"PRK:1159315287","sourceCountryId":"PRK","syntheticOperational":true,"territoryId":"territory:catalog:34ed07bd18b43b688187953d87a7687167cc0eb52518131908a6de56236ae17a"},"type":"Feature"},{"geometry":{"coordinates":[[[125.738332058148,38.41726618705],[125.903890160183,38.41726618705],[126.01377199694,38.41726618705],[126.01377199694,38.63309352518],[125.848042977744,38.63309352518],[125.738332058148,38.63309352518],[125.738332058148,38.41726618705]]],"type":"Polygon"},"id":129,"properties":{"parentKey":"PRK:1159315273","sourceCountryId":"PRK","syntheticOperational":true,"territoryId":"territory:catalog:dac78a16230d566da12c2968e2ce3216535a34b6c2b89e6403873f07b109b618"},"type":"Feature"},{"geometry":{"coordinates":[[[125.140257771039,37.869903429647],[125.158214,37.86758],[125.176606,37.867621],[125.193126,37.871772],[125.208507,37.881171],[125.219574,37.896715],[125.228526,37.915229],[125.240082,37.929592],[125.26002,37.932685],[125.257091,37.914618],[125.300629,37.895209],[125.30836,37.878079],[125.294932,37.859849],[125.25172,37.837836],[125.239513,37.822821],[125.301036,37.822821],[125.305431,37.820217],[125.308116,37.815497],[125.309093,37.811103],[125.30836,37.809149],[125.326671,37.812974],[125.345958,37.822577],[125.377289,37.843329],[125.368012,37.846625],[125.360362,37.85106],[125.354015,37.857001],[125.349376,37.864407],[125.371837,37.869127],[125.399669,37.865465],[125.413191811979,37.860667402469],[125.413191811979,37.881010386854],[125.402843,37.885565],[125.383556,37.89175],[125.394542,37.896674],[125.406261,37.898627],[125.413191811979,37.898615914594],[125.413191811979,37.985611510791],[125.247148288973,37.985611510791],[125.179805964952,37.985611510791],[125.184906,37.980455],[125.175385,37.969916],[125.163829,37.963772],[125.149913,37.960761],[125.140257771039,37.960321771872],[125.140257771039,37.869903429647]]],"type":"Polygon"},"id":130,"properties":{"parentKey":"PRK:1159315261","sourceCountryId":"PRK","syntheticOperational":true,"territoryId":"territory:catalog:5f589813b53ec0df6314b15010de14cb728373f8405fa7897b7aa1c98fc316db"},"type":"Feature"},{"geometry":{"coordinates":[[[129.800796812749,41.36931101101],[129.805186,41.372789],[129.806163,41.376044],[129.800796812749,41.381753956861],[129.800796812749,41.36931101101]]],"type":"Polygon"},"id":131,"properties":{"parentKey":"PRK:1159315277","sourceCountryId":"PRK","syntheticOperational":true,"territoryId":"territory:catalog:9c0c205e4a4524e50e05e7e6098def8935647903c1ae2364bc38652462b818af"},"type":"Feature"},{"geometry":{"coordinates":[[[125.581106015485,37.769784172662],[125.583995,37.767524],[125.593028,37.763617],[125.602794,37.761786],[125.613536,37.761379],[125.620128,37.765326],[125.620251767679,37.769784172662],[125.581106015485,37.769784172662]]],"type":"Polygon"},"id":132,"properties":{"parentKey":"PRK:1159315261","sourceCountryId":"PRK","syntheticOperational":true,"territoryId":"territory:catalog:83e712df8b03a41c062cf060cd247bb87745d410fb631d425dcb9cbb35c54bd3"},"type":"Feature"},{"geometry":{"coordinates":[[[127.317073170732,40.359712230216],[127.523510971787,40.359712230216],[127.600314712825,40.359712230216],[127.600314712825,40.575539568345],[127.434885556433,40.575539568345],[127.317073170732,40.575539568345],[127.317073170732,40.359712230216]]],"type":"Polygon"},"id":133,"properties":{"parentKey":"PRK:1159315285","sourceCountryId":"PRK","syntheticOperational":true,"territoryId":"territory:catalog:52dfaec070fbfbf87483844c315e9f4c2073e3b24410a67b45741a75d484a90e"},"type":"Feature"},{"geometry":{"coordinates":[[[128.020433,41.965062],[128.039967,41.87959],[128.044540184764,41.870503597122],[128.15768302494,41.870503597122],[128.15768302494,42.011046420772],[128.100532,41.999091],[128.054643,41.998316],[128.034593,41.993743],[128.021467,41.979816],[128.020433,41.965062]]],"type":"Polygon"},"id":134,"properties":{"parentKey":"PRK:1159315289","sourceCountryId":"PRK","syntheticOperational":true,"territoryId":"territory:catalog:86fada4d4eb63ca185a2c7c783a89572109e7feb11b71352d8aa00904a050597"},"type":"Feature"},{"geometry":{"coordinates":[[[128.653386454183,41.223021582734],[128.816521048451,41.223021582734],[128.922256949814,41.223021582734],[128.934694,41.238155],[128.938621,41.25402],[128.93304,41.269213],[128.921154,41.280633],[128.906995,41.290503],[128.894386,41.301097],[128.851288,41.35528],[128.835268,41.386699],[128.828447,41.420263],[128.834720958126,41.438848920863],[128.776978417266,41.438848920863],[128.653386454183,41.438848920863],[128.653386454183,41.223021582734]]],"type":"Polygon"},"id":135,"properties":{"parentKey":"PRK:1159315289","sourceCountryId":"PRK","syntheticOperational":true,"territoryId":"territory:catalog:bb1a56b97f6220fb0b6ab092ac840069a3eb3246788f6726e01711cbc4074458"},"type":"Feature"},{"geometry":{"coordinates":[[[127.898383371824,38.848920863309],[128.058326937836,38.848920863309],[128.0636201427,38.848920863309],[128.014659,38.85814],[127.995453,38.875312],[127.961762,38.917914],[127.943614,38.926418],[127.933849,38.928656],[127.92628,38.934475],[127.921479,38.942328],[127.918224,38.95775],[127.914317,38.964179],[127.908702,38.96719],[127.902192,38.963935],[127.898383371824,38.961279058601],[127.898383371824,38.848920863309]]],"type":"Polygon"},"id":136,"properties":{"parentKey":"PRK:1159315279","sourceCountryId":"PRK","syntheticOperational":true,"territoryId":"territory:catalog:95bca8cf017be0126e18a1b6fa929809a17aa138bb9057400dc0cb0a9f1a4fc1"},"type":"Feature"},{"geometry":{"coordinates":[[[126.231993934799,37.843448040988],[126.236908,37.843329],[126.259532,37.845445],[126.279552,37.851264],[126.358002,37.884345],[126.378673,37.889594],[126.397716,37.89175],[126.401637502559,37.88901428937],[126.401638,37.889015],[126.401722,37.889135],[126.407613,37.897532],[126.409576,37.901718],[126.411023,37.907583],[126.409473,37.912802],[126.403375,37.918177],[126.397277,37.921897],[126.39242,37.928331],[126.39087,37.938227],[126.394694,37.969957],[126.397071,37.977243],[126.399655,37.981635],[126.400840799297,37.985611510791],[126.342205323194,37.985611510791],[126.231993934799,37.985611510791],[126.231993934799,37.843448040988]]],"type":"Polygon"},"id":137,"properties":{"parentKey":"PRK:1159315261","sourceCountryId":"PRK","syntheticOperational":true,"territoryId":"territory:catalog:c54d222b866506bf7245f28398363e5eb02dfe56db1dce940a9493d439fcca95"},"type":"Feature"},{"geometry":{"coordinates":[[[126.39087,37.938227],[126.39242,37.928331],[126.397277,37.921897],[126.403375,37.918177],[126.409473,37.912802],[126.411023,37.907583],[126.409576,37.901718],[126.407613,37.897532],[126.401722,37.889135],[126.401638,37.889015],[126.401637502559,37.88901428937],[126.404307,37.887152],[126.428477,37.854193],[126.436615,37.848375],[126.504927975739,37.813700414838],[126.504927975739,37.985611510791],[126.400840799297,37.985611510791],[126.399655,37.981635],[126.397071,37.977243],[126.394694,37.969957],[126.39087,37.938227]]],"type":"Polygon"},"id":138,"properties":{"parentKey":"PRK:1159315273","sourceCountryId":"PRK","syntheticOperational":true,"territoryId":"territory:catalog:dfda620afa03a3647349af2cefff528f48abb4c5082218ecd65155d6bb296dc2"},"type":"Feature"},{"geometry":{"coordinates":[[[126.124328472755,38.725176753884],[126.137552,38.740426],[126.142719,38.745232],[126.150884,38.750064],[126.161633,38.754043],[126.20039,38.762156],[126.206281,38.76474],[126.211966,38.768719],[126.215583,38.77337],[126.218167,38.778279],[126.2192,38.783369],[126.21858,38.816081],[126.21765,38.821171],[126.21641,38.825925],[126.21424,38.830783],[126.211242,38.83564],[126.199659005437,38.848920863309],[126.124328472755,38.848920863309],[126.124328472755,38.725176753884]]],"type":"Polygon"},"id":139,"properties":{"parentKey":"PRK:1159315275","sourceCountryId":"PRK","syntheticOperational":true,"territoryId":"territory:catalog:bf510c56159969e002ed0478a5dafb453ac00d6012cf0c5d2a3497eb9ec01d71"},"type":"Feature"},{"geometry":{"coordinates":[[[126.448598130841,39.712230215827],[126.614906832298,39.712230215827],[126.728971962617,39.712230215827],[126.728971962617,39.719792135476],[126.728007,39.719979],[126.722322,39.722769],[126.719325,39.728712],[126.721185,39.736929],[126.728971962617,39.749054577534],[126.728971962617,39.928057553957],[126.5625,39.928057553957],[126.448598130841,39.928057553957],[126.448598130841,39.712230215827]]],"type":"Polygon"},"id":140,"properties":{"parentKey":"PRK:1159315287","sourceCountryId":"PRK","syntheticOperational":true,"territoryId":"territory:catalog:363454e44b53c43e388bc7a1ceb25d3c11f3162989c9541c34f77f3a4d83fc13"},"type":"Feature"},{"geometry":{"coordinates":[[[128.450039339103,40.359712230216],[128.652037617555,40.359712230216],[128.733280881196,40.359712230216],[128.733280881196,40.575539568345],[128.571428571429,40.575539568345],[128.450039339103,40.575539568345],[128.450039339103,40.359712230216]]],"type":"Polygon"},"id":141,"properties":{"parentKey":"PRK:1159315285","sourceCountryId":"PRK","syntheticOperational":true,"territoryId":"territory:catalog:761581e367cbd315699d25482157dd006685e9cec46b38cd2cfe6a74be02d065"},"type":"Feature"},{"geometry":{"coordinates":[[[127.719021310182,40.575539568345],[127.768905372286,40.575539568345],[127.77156,40.580004],[127.759158,40.584319],[127.727325,40.585068],[127.719021310182,40.586303759036],[127.719021310182,40.575539568345]]],"type":"Polygon"},"id":142,"properties":{"parentKey":"PRK:1159315285","sourceCountryId":"PRK","syntheticOperational":true,"territoryId":"territory:catalog:a06cb9857bb3970eee99ee55651d07c64e4fb6f1b914c5259241da8fc4f7dcd1"},"type":"Feature"},{"geometry":{"coordinates":[[[126.34002,39.968439],[126.341364,39.962548],[126.343844,39.957096],[126.364928,39.929217],[126.365539802556,39.928057553957],[126.448598130841,39.928057553957],[126.5625,39.928057553957],[126.5625,40.062433935876],[126.561815,40.05877],[126.559645,40.050966],[126.55365,40.040941],[126.546312,40.035774],[126.538871,40.032854],[126.509105,40.031407],[126.497633,40.027428],[126.438515,39.995311],[126.425906,39.991125],[126.418155,39.991384],[126.410507,39.99252],[126.403685,39.994484],[126.36007,40.017454],[126.346221,40.00022],[126.345704,39.999083],[126.343327,39.99221],[126.341157,39.980609],[126.34002,39.968439]]],"type":"Polygon"},"id":143,"properties":{"parentKey":"PRK:1159315287","sourceCountryId":"PRK","syntheticOperational":true,"territoryId":"territory:catalog:a16ef848a41fd15ee3d61a51f8a205be24a2890d0e80a3fc9ca130c97d2c3b4b"},"type":"Feature"},{"geometry":{"coordinates":[[[125.141368,37.799506],[125.142833,37.794135],[125.147716,37.78559],[125.156261,37.786689],[125.171723,37.797187],[125.185069,37.808173],[125.190278,37.809027],[125.192882,37.811103],[125.191417,37.815497],[125.188487,37.819078],[125.183849,37.818834],[125.166189,37.813707],[125.146495,37.802232],[125.141368,37.799506]]],"type":"Polygon"},"id":144,"properties":{"parentKey":"PRK:1159315261","sourceCountryId":"PRK","syntheticOperational":true,"territoryId":"territory:catalog:91341230ba7ea84e9e217e0e3d7ba223b3dad97cf8187ae943632ccd884a556b"},"type":"Feature"},{"geometry":{"coordinates":[[[126.719325,39.728712],[126.722322,39.722769],[126.728007,39.719979],[126.728971962617,39.719792135476],[126.728971962617,39.749054577534],[126.721185,39.736929],[126.719325,39.728712]]],"type":"Polygon"},"id":145,"properties":{"parentKey":"PRK:1159315285","sourceCountryId":"PRK","syntheticOperational":true,"territoryId":"territory:catalog:fa8b15988443e5448f8890d00f36920338f07854ad43ed5df37498e99c2d1fee"},"type":"Feature"},{"geometry":{"coordinates":[[[129.139700078927,40.575539568345],[129.172903653461,40.575539568345],[129.173676,40.593451],[129.174555,40.60366],[129.179165,40.609599],[129.18705,40.616535],[129.190522,40.622504],[129.19337,40.632636],[129.197765,40.638007],[129.200362,40.650753],[129.201709,40.656207],[129.206995,40.663632],[129.206386,40.670089],[129.206426,40.675546],[129.212393,40.685952],[129.217703,40.696353],[129.233482,40.705714],[129.253157,40.709132],[129.270138,40.70798],[129.277917,40.698037],[129.286632,40.68358],[129.296153,40.676256],[129.303233,40.673651],[129.31121,40.687472],[129.32783,40.718128],[129.339756,40.73443],[129.351687,40.745343],[129.389187,40.76076],[129.423835832676,40.779600480521],[129.423835832676,40.791366906475],[129.263657957245,40.791366906475],[129.139700078927,40.791366906475],[129.139700078927,40.575539568345]]],"type":"Polygon"},"id":146,"properties":{"parentKey":"PRK:1159315277","sourceCountryId":"PRK","syntheticOperational":true,"territoryId":"territory:catalog:53985dbbe430fc4e3ace2a07c1dce93bab8236a3c9fa98e16ac8512519e18933"},"type":"Feature"},{"geometry":{"coordinates":[[[124.610803,39.628651],[124.615733,39.617865],[124.618663,39.614732],[124.621918,39.613105],[124.629405,39.61164],[124.625336,39.60517],[124.624115,39.6022],[124.62379,39.597968],[124.637452,39.590483],[124.640575,39.594604],[124.649063,39.612121],[124.658385093168,39.615706254111],[124.658385093168,39.712230215827],[124.611416227725,39.712230215827],[124.613373,39.709784],[124.619884,39.697943],[124.62379,39.693549],[124.63144,39.693915],[124.639903,39.698065],[124.646983,39.697577],[124.649913,39.683661],[124.645095,39.669466],[124.632149,39.662946],[124.628574,39.644748],[124.610803,39.628651]]],"type":"Polygon"},"id":147,"properties":{"parentKey":"PRK:1159315269","sourceCountryId":"PRK","syntheticOperational":true,"territoryId":"territory:catalog:e5471e9e27b3e87051820d1be94531dd016b6667516ff64c0a6a89a1cb2e91a9"},"type":"Feature"},{"geometry":{"coordinates":[[[129.73144,42.550918],[129.733266817736,42.517985611511],[129.821717990275,42.517985611511],[129.951219512195,42.517985611511],[129.951219512195,42.73381294964],[129.78792822186,42.73381294964],[129.757159351847,42.73381294964],[129.755625,42.722277],[129.757588,42.703648],[129.76441,42.696852],[129.774538,42.693338],[129.786527,42.684734],[129.787561,42.676854],[129.779396,42.670394],[129.772264,42.661661],[129.776709,42.647191],[129.751077,42.642928],[129.741569,42.629001],[129.74622,42.615514],[129.763066,42.612387],[129.763066,42.606238],[129.736504,42.585154],[129.73144,42.550918]]],"type":"Polygon"},"id":148,"properties":{"parentKey":"PRK:1159315277","sourceCountryId":"PRK","syntheticOperational":true,"territoryId":"territory:catalog:9d0e08953bf3bf5b716342969b05cfe91bfe475cc45e768bfe0d548686934b29"},"type":"Feature"},{"geometry":{"coordinates":[[[127.672756155679,41.068123463969],[127.673479,41.072274],[127.674616,41.10483],[127.672756155679,41.108286000521],[127.672756155679,41.068123463969]]],"type":"Polygon"},"id":149,"properties":{"parentKey":"PRK:1159315285","sourceCountryId":"PRK","syntheticOperational":true,"territoryId":"territory:catalog:492056f51461f2b9e121f4c8ace52159cf57949770d25dfae964b3c289f580e3"},"type":"Feature"},{"geometry":{"coordinates":[[[124.790294,38.517401],[124.79949,38.50849],[124.822032,38.522366],[124.840831,38.510688],[124.861095,38.503852],[124.903982,38.494371],[124.900401,38.505316],[124.883474,38.528551],[124.877208,38.536322],[124.865733,38.54149],[124.849376,38.545885],[124.844249,38.555162],[124.832205,38.553046],[124.794444,38.533922],[124.790294,38.517401]]],"type":"Polygon"},"id":150,"properties":{"parentKey":"PRK:1159315261","sourceCountryId":"PRK","syntheticOperational":true,"territoryId":"territory:catalog:21be06966244c5cef09a1dc2f58a41b9b4fdc663c99653330e712088f9e65107"},"type":"Feature"},{"geometry":{"coordinates":[[[126.014206787687,40.575539568345],[126.18410700236,40.575539568345],[126.298342541436,40.575539568345],[126.298342541436,40.791366906475],[126.128266033254,40.791366906475],[126.014206787687,40.791366906475],[126.014206787687,40.575539568345]]],"type":"Polygon"},"id":151,"properties":{"parentKey":"PRK:1159315283","sourceCountryId":"PRK","syntheticOperational":true,"territoryId":"territory:catalog:4adefa75f97ae7cd563d7e2ee5df835766f38a4342e885bc962a779d5f94921b"},"type":"Feature"},{"geometry":{"coordinates":[[[128.210688793349,41.438848920863],[128.366533864542,41.438848920863],[128.489208633094,41.438848920863],[128.489208633094,41.654676258993],[128.323977546111,41.654676258993],[128.256790722905,41.654676258993],[128.268997,41.643377],[128.281399,41.62299],[128.28326,41.605058],[128.303,41.583406],[128.287601,41.5447],[128.210688793349,41.438848920863]]],"type":"Polygon"},"id":152,"properties":{"parentKey":"PRK:1159315289","sourceCountryId":"PRK","syntheticOperational":true,"territoryId":"territory:catalog:4a3df7b06f0a10c4a0d338e966df225ca75b12e57c8f276ecfecfb13a051279a"},"type":"Feature"},{"geometry":{"coordinates":[[[129.821717990275,42.302158273381],[129.983844911147,42.302158273381],[130.113452188006,42.302158273381],[130.113452188006,42.517985611511],[129.951219512195,42.517985611511],[129.821717990275,42.517985611511],[129.821717990275,42.302158273381]]],"type":"Polygon"},"id":153,"properties":{"parentKey":"PRK:1159315277","sourceCountryId":"PRK","syntheticOperational":true,"territoryId":"territory:catalog:dc93394e8cbaa3086725d3af75126c7a0f1cc8dfdb79145ec021248a0877c553"},"type":"Feature"},{"geometry":{"coordinates":[[[129.190056134723,41.654676258993],[129.352517985611,41.654676258993],[129.478748997594,41.654676258993],[129.478748997594,41.870503597122],[129.316170555109,41.870503597122],[129.190056134723,41.870503597122],[129.190056134723,41.654676258993]]],"type":"Polygon"},"id":154,"properties":{"parentKey":"PRK:1159315277","sourceCountryId":"PRK","syntheticOperational":true,"territoryId":"territory:catalog:ad85062c8b8369ca88fd08e4bbdbc39f863f1bcb549a6865fa281bfc655de074"},"type":"Feature"},{"geometry":{"coordinates":[[[125.848042977744,38.822704142795],[125.91772,38.794273],[125.923405,38.790837],[125.928676,38.786651],[125.932913,38.782052],[125.93529,38.777091],[125.936324,38.772026],[125.935083,38.756136],[125.937564,38.750684],[125.943042,38.745749],[125.981489,38.73146],[125.998439,38.722779],[126.03792,38.709136],[126.063551,38.704692],[126.078434,38.705777],[126.099518,38.709446],[126.107786,38.712185],[126.114917,38.715854],[126.120188,38.720402],[126.124328472755,38.725176753884],[126.124328472755,38.848920863309],[125.958429561201,38.848920863309],[125.848042977744,38.848920863309],[125.848042977744,38.822704142795]]],"type":"Polygon"},"id":155,"properties":{"parentKey":"PRK:1159315275","sourceCountryId":"PRK","syntheticOperational":true,"territoryId":"territory:catalog:26afdd31f239221b707bfe38f9aa8eeba734279553e391b785cb6b8965c012c1"},"type":"Feature"},{"geometry":{"coordinates":[[[125.848042977744,38.63309352518],[126.01377199694,38.63309352518],[126.124328472755,38.63309352518],[126.124328472755,38.725176753884],[126.120188,38.720402],[126.114917,38.715854],[126.107786,38.712185],[126.099518,38.709446],[126.078434,38.705777],[126.063551,38.704692],[126.03792,38.709136],[125.998439,38.722779],[125.981489,38.73146],[125.943042,38.745749],[125.937564,38.750684],[125.935083,38.756136],[125.936324,38.772026],[125.93529,38.777091],[125.932913,38.782052],[125.928676,38.786651],[125.923405,38.790837],[125.91772,38.794273],[125.848042977744,38.822704142795],[125.848042977744,38.63309352518]]],"type":"Polygon"},"id":156,"properties":{"parentKey":"PRK:1159315273","sourceCountryId":"PRK","syntheticOperational":true,"territoryId":"territory:catalog:cffdc5a1319d64d1aa00b586b2665c53be82e9698b9d122eed196aac06418f7a"},"type":"Feature"},{"geometry":{"coordinates":[[[125.607476635514,39.712230215827],[125.776397515528,39.712230215827],[125.839445348047,39.712230215827],[125.847234,39.720031],[125.852091,39.726645],[125.854055,39.732407],[125.854262,39.734965],[125.854675,39.738066],[125.856535,39.74158],[125.862116,39.746696],[125.88785046729,39.750576250046],[125.88785046729,39.928057553957],[125.71875,39.928057553957],[125.607476635514,39.928057553957],[125.607476635514,39.712230215827]]],"type":"Polygon"},"id":157,"properties":{"parentKey":"PRK:1159315269","sourceCountryId":"PRK","syntheticOperational":true,"territoryId":"territory:catalog:e658eb73825d26614572b47e80ae80b62f0e586272e8c074f8fcadf74d02f53a"},"type":"Feature"},{"geometry":{"coordinates":[[[129.263657957245,40.791366906475],[129.423835832676,40.791366906475],[129.466634908321,40.791366906475],[129.476529,40.793878],[129.50624,40.792074],[129.518081,40.795467],[129.531997,40.807277],[129.548693586698,40.809765627387],[129.548693586698,41.007194244604],[129.388403494837,41.007194244604],[129.263657957245,41.007194244604],[129.263657957245,40.791366906475]]],"type":"Polygon"},"id":158,"properties":{"parentKey":"PRK:1159315277","sourceCountryId":"PRK","syntheticOperational":true,"territoryId":"territory:catalog:ff270ff6a8d2bc741cbcca96481b875ea75bf4893dd747ed272a506466fdac97"},"type":"Feature"},{"geometry":{"coordinates":[[[128.940239043825,41.223021582734],[129.102462271644,41.223021582734],[129.227091633466,41.223021582734],[129.227091633466,41.438848920863],[129.064748201439,41.438848920863],[128.940239043825,41.438848920863],[128.940239043825,41.223021582734]]],"type":"Polygon"},"id":159,"properties":{"parentKey":"PRK:1159315277","sourceCountryId":"PRK","syntheticOperational":true,"territoryId":"territory:catalog:3ba06cadace25d9151864f9dfeb80c1b0c3203db91fc87c5d1b40fec9b629d96"},"type":"Feature"},{"geometry":{"coordinates":[[[127.777777777778,39.064748201439],[127.804127969812,39.064748201439],[127.792572,39.077541],[127.777777777778,39.097948891101],[127.777777777778,39.064748201439]]],"type":"Polygon"},"id":160,"properties":{"parentKey":"PRK:1159315279","sourceCountryId":"PRK","syntheticOperational":true,"territoryId":"territory:catalog:c1c3722dd5c9df02a644756ffb4435deb4eff87671c46eec4dc1f007d555094e"},"type":"Feature"},{"geometry":{"coordinates":[[[127.173913043478,39.496402877698],[127.33746130031,39.496402877698],[127.453416149068,39.496402877698],[127.453416149068,39.712230215827],[127.289719626168,39.712230215827],[127.173913043478,39.712230215827],[127.173913043478,39.496402877698]]],"type":"Polygon"},"id":161,"properties":{"parentKey":"PRK:1159315285","sourceCountryId":"PRK","syntheticOperational":true,"territoryId":"territory:catalog:520cc3dac7d9ddf426aa661235d273ddadf379856500d0623489ca43518f3952"},"type":"Feature"},{"geometry":{"coordinates":[[[128.28729281768,40.652036650473],[128.303414,40.662583],[128.315197,40.675347],[128.320054,40.687078],[128.325532,40.725473],[128.33132,40.73754],[128.346823,40.757771],[128.35354,40.76945],[128.359225,40.786891],[128.360004538105,40.791366906475],[128.28729281768,40.791366906475],[128.28729281768,40.652036650473]]],"type":"Polygon"},"id":162,"properties":{"parentKey":"PRK:1159315289","sourceCountryId":"PRK","syntheticOperational":true,"territoryId":"territory:catalog:54a0d36a9130340d9118e014965d76717a0b8560a36f0e16e68e7f1cc3465ef5"},"type":"Feature"},{"geometry":{"coordinates":[[[125.386996904025,39.391246684424],[125.438487,39.384996],[125.459239,39.385077],[125.454194,39.374335],[125.445649,39.366929],[125.424408,39.357123],[125.418956,39.360541],[125.414806,39.362006],[125.404633,39.364651],[125.413422,39.354438],[125.418224,39.350979],[125.411143,39.333482],[125.41627,39.320258],[125.42921,39.312242],[125.444916,39.310614],[125.431895,39.300727],[125.417833879372,39.280575539568],[125.555555555556,39.280575539568],[125.665634674923,39.280575539568],[125.665634674923,39.496402877698],[125.496894409938,39.496402877698],[125.391049746377,39.496402877698],[125.387891173943,39.493655476179],[125.386996904025,39.492877618909],[125.386996904025,39.391246684424]]],"type":"Polygon"},"id":163,"properties":{"parentKey":"PRK:1159315287","sourceCountryId":"PRK","syntheticOperational":true,"territoryId":"territory:catalog:db360be625cf89e34db1250156a84c5d12430706ac1fbc41b86f02de8c7f5380"},"type":"Feature"},{"geometry":{"coordinates":[[[125.958429561201,38.848920863309],[126.124328472755,38.848920863309],[126.199659005437,38.848920863309],[126.175276,38.876878],[126.171865,38.879694],[126.166491,38.883027],[126.142409,38.893053],[126.13042,38.899435],[126.125149,38.903801],[126.121222,38.908504],[126.118328,38.913413],[126.116468,38.918529],[126.115434,38.923542],[126.115124,38.928761],[126.118018,38.949251],[126.119258,38.954367],[126.121429,38.960335],[126.125976,38.966511],[126.134554,38.974004],[126.140032,38.975632],[126.146853,38.970438],[126.155122,38.969637],[126.16618,38.974314],[126.173208,38.980696],[126.181993,38.984003],[126.186748,38.989429],[126.194809,38.989998],[126.20008,38.988396],[126.231189,38.984675],[126.235565819861,38.983379668712],[126.235565819861,39.064748201439],[126.111111111111,39.064748201439],[125.958429561201,39.064748201439],[125.958429561201,38.848920863309]]],"type":"Polygon"},"id":164,"properties":{"parentKey":"PRK:1159315275","sourceCountryId":"PRK","syntheticOperational":true,"territoryId":"territory:catalog:396d3fbca7b5ca89d4cdf966b7ce035e2c44a2df5b2d8ca496dc95a8de10e6ba"},"type":"Feature"},{"geometry":{"coordinates":[[[125.445935280189,40.639060640773],[125.485602,40.6215],[125.493973,40.616617],[125.503585,40.609356],[125.534694,40.578635],[125.539407250706,40.575539568345],[125.617623918175,40.575539568345],[125.730071033938,40.575539568345],[125.730071033938,40.791366906475],[125.665495567555,40.791366906475],[125.673342,40.784075],[125.682643,40.768882],[125.668691,40.762164],[125.609935,40.761286],[125.608126,40.76418],[125.600323,40.772706],[125.586525,40.781853],[125.571746,40.784902],[125.560067,40.778339],[125.555364,40.758754],[125.553349,40.737101],[125.546476,40.725939],[125.533092,40.721805],[125.491647,40.720926],[125.47878,40.718756],[125.469065,40.712917],[125.459814,40.701341],[125.456921,40.693693],[125.4563,40.679689],[125.452993,40.673384],[125.445935280189,40.669855140095],[125.445935280189,40.639060640773]]],"type":"Polygon"},"id":165,"properties":{"parentKey":"PRK:1159315283","sourceCountryId":"PRK","syntheticOperational":true,"territoryId":"territory:catalog:e87ce080dce7a74990f783313617c8fdb91300cb1e43cdd6523cc468db1579b4"},"type":"Feature"},{"geometry":{"coordinates":[[[125.137863631026,40.575539568345],[125.16179952644,40.575539568345],[125.16179952644,40.587043962709],[125.153063,40.583984],[125.137863631026,40.575539568345]]],"type":"Polygon"},"id":166,"properties":{"parentKey":"PRK:1159315269","sourceCountryId":"PRK","syntheticOperational":true,"territoryId":"territory:catalog:afa904117eeca228309521e9e6c31e10eed128b517ef16927ce5ff1a21a38a8f"},"type":"Feature"},{"geometry":{"coordinates":[[[125.046728971963,39.712230215827],[125.217391304348,39.712230215827],[125.327102803738,39.712230215827],[125.327102803738,39.928057553957],[125.15625,39.928057553957],[125.046728971963,39.928057553957],[125.046728971963,39.712230215827]]],"type":"Polygon"},"id":167,"properties":{"parentKey":"PRK:1159315269","sourceCountryId":"PRK","syntheticOperational":true,"territoryId":"territory:catalog:096b6306757062cdf1e565f21f0512193abe79dcf479fbe951032b1fb2990206"},"type":"Feature"},{"geometry":{"coordinates":[[[127.883556254917,40.359712230216],[128.087774294671,40.359712230216],[128.16679779701,40.359712230216],[128.16679779701,40.551276176639],[128.147041,40.549386],[128.118413,40.559721],[128.09729285181,40.575539568345],[128.00400275352,40.575539568345],[127.972582,40.567007],[127.958422,40.558248],[127.948811,40.547009],[127.941886,40.533444],[127.936098,40.51776],[127.927417,40.50236],[127.914291,40.489234],[127.883556254917,40.470521467204],[127.883556254917,40.359712230216]]],"type":"Polygon"},"id":168,"properties":{"parentKey":"PRK:1159315285","sourceCountryId":"PRK","syntheticOperational":true,"territoryId":"territory:catalog:5b7ad541c5557b437c2afe5dccae690c30d7110edfaefa1cb5d72e5abd0a6df2"},"type":"Feature"},{"geometry":{"coordinates":[[[125.617623918175,40.359712230216],[125.62884789263,40.359712230216],[125.629986,40.364307],[125.628642,40.369707],[125.624301,40.374771],[125.617623918175,40.380163166548],[125.617623918175,40.359712230216]]],"type":"Polygon"},"id":169,"properties":{"parentKey":"PRK:1159315269","sourceCountryId":"PRK","syntheticOperational":true,"territoryId":"territory:catalog:ae34375056ee0a35c23eba3609f388c783a7d35f6a484d9b1e6b70a1ebddba12"},"type":"Feature"},{"geometry":{"coordinates":[[[125.496894409938,39.496402877698],[125.665634674923,39.496402877698],[125.776397515528,39.496402877698],[125.776397515528,39.666144358274],[125.766722,39.660861],[125.705227,39.637322],[125.687863,39.633163],[125.670087,39.633473],[125.649209,39.63647],[125.641148,39.636005],[125.633396,39.633524],[125.613139,39.620192],[125.562186,39.597092],[125.503999,39.578644],[125.496894409938,39.577822072658],[125.496894409938,39.496402877698]]],"type":"Polygon"},"id":170,"properties":{"parentKey":"PRK:1159315287","sourceCountryId":"PRK","syntheticOperational":true,"territoryId":"territory:catalog:b449beafb270708f89d2163339464378bdd1601d01ffad9374fe4b2913cc3a8c"},"type":"Feature"},{"geometry":{"coordinates":[[[126.582478295185,40.575539568345],[126.750590086546,40.575539568345],[126.866614048934,40.575539568345],[126.866614048934,40.791366906475],[126.698337292162,40.791366906475],[126.582478295185,40.791366906475],[126.582478295185,40.575539568345]]],"type":"Polygon"},"id":171,"properties":{"parentKey":"PRK:1159315283","sourceCountryId":"PRK","syntheticOperational":true,"territoryId":"territory:catalog:ba812ccaf92b9106907528199a9f35f62b91a41954d4f83c61902a361345ea88"},"type":"Feature"},{"geometry":{"coordinates":[[[126.728971962617,39.749054577534],[126.734725,39.758013],[126.751468,39.776875],[126.754672,39.782094],[126.757669,39.787882],[126.771415,39.824417],[126.776272,39.83315],[126.782164,39.839868],[126.788261,39.844132],[126.794876,39.847723],[126.802007,39.850927],[126.815547,39.85488],[126.871047,39.865706],[126.935332,39.865706],[126.950732,39.863329],[126.963858,39.859402],[126.969749,39.856715],[126.975847,39.852529],[126.980498,39.847542],[126.99352,39.830928],[126.998171,39.827337],[127.002098,39.826174],[127.0083,39.826122],[127.009345794393,39.826509990209],[127.009345794393,39.928057553957],[126.84375,39.928057553957],[126.728971962617,39.928057553957],[126.728971962617,39.749054577534]]],"type":"Polygon"},"id":172,"properties":{"parentKey":"PRK:1159315287","sourceCountryId":"PRK","syntheticOperational":true,"territoryId":"territory:catalog:640625eb894e3d194524ff924d5d645abd09183ee45aae6a091690ca0ec43951"},"type":"Feature"},{"geometry":{"coordinates":[[[129.402261712439,42.086330935252],[129.605792437651,42.086330935252],[129.693053311793,42.086330935252],[129.693053311793,42.302158273381],[129.529983792545,42.302158273381],[129.402261712439,42.302158273381],[129.402261712439,42.086330935252]]],"type":"Polygon"},"id":173,"properties":{"parentKey":"PRK:1159315277","sourceCountryId":"PRK","syntheticOperational":true,"territoryId":"territory:catalog:2c483061cbf67772fff4ac1d70799d9bb864a33f9edeabedc35205a91166b2c5"},"type":"Feature"},{"geometry":{"coordinates":[[[128.369905956113,40.143884892086],[128.528168614668,40.143884892086],[128.536093,40.151375],[128.543199,40.166767],[128.577607,40.180211],[128.588611,40.186673],[128.608103,40.185702],[128.621732,40.180756],[128.628875,40.180266],[128.634713,40.184239],[128.641847,40.190693],[128.650931,40.197148],[128.652037617555,40.197480147646],[128.652037617555,40.258627496882],[128.628792,40.266009],[128.616447,40.271443],[128.618948,40.297331],[128.636489,40.313217],[128.652037617555,40.318957723473],[128.652037617555,40.359712230216],[128.450039339103,40.359712230216],[128.369905956113,40.359712230216],[128.369905956113,40.143884892086]]],"type":"Polygon"},"id":174,"properties":{"parentKey":"PRK:1159315285","sourceCountryId":"PRK","syntheticOperational":true,"territoryId":"territory:catalog:97e604d6b72b20eef81e0b6f315462201bc6f8647a8902635579ae8641d5943a"},"type":"Feature"},{"geometry":{"coordinates":[[[126.326541927999,41.223021582734],[126.358565737052,41.223021582734],[126.358565737052,41.251618878679],[126.357331,41.249421],[126.346169,41.237691],[126.326541927999,41.223021582734]]],"type":"Polygon"},"id":175,"properties":{"parentKey":"PRK:1159315283","sourceCountryId":"PRK","syntheticOperational":true,"territoryId":"territory:catalog:0125af1d69f2befb6786e0819606d50ad83a3fd4276bc69c61b586084afc67d7"},"type":"Feature"},{"geometry":{"coordinates":[[[126.279988738583,39.064748201439],[126.281005,39.063947],[126.287517,39.060484],[126.330305,39.054387],[126.337023,39.052526],[126.339917,39.050873],[126.344257,39.045085],[126.369889,39.001082],[126.370509,39.000333],[126.375883,38.992995],[126.382188,38.982091],[126.384772,38.970206],[126.387252,38.930518],[126.457739,38.911966],[126.469211,38.911243],[126.485334,38.911889],[126.491535,38.915971],[126.496186,38.92039],[126.498563,38.924653],[126.499597,38.928193],[126.500114,38.931526],[126.500114,38.935427],[126.499183,38.942274],[126.497013,38.950956],[126.492672,38.960749],[126.486058,38.970438],[126.485024,38.977027],[126.487298,38.984623],[126.499183,38.99669],[126.507348,39.000927],[126.512702078522,39.001949325394],[126.512702078522,39.064748201439],[126.388888888889,39.064748201439],[126.279988738583,39.064748201439]]],"type":"Polygon"},"id":176,"properties":{"parentKey":"PRK:1159315287","sourceCountryId":"PRK","syntheticOperational":true,"territoryId":"territory:catalog:79941a1f9c27c4ed3060ba55ddfa35e4d01c111fbb320d942250598baf7f75ee"},"type":"Feature"},{"geometry":{"coordinates":[[[125.903890160183,38.201438848921],[125.914526933687,38.201438848921],[125.907902,38.230225],[125.904181,38.239914],[125.903890160183,38.240210161306],[125.903890160183,38.201438848921]]],"type":"Polygon"},"id":177,"properties":{"parentKey":"PRK:1159315261","sourceCountryId":"PRK","syntheticOperational":true,"territoryId":"territory:catalog:ebf7077a3c697fdecb8e8a6bf8229eec6aab4d072edd1697b90e9128772bccb2"},"type":"Feature"},{"geometry":{"coordinates":[[[127.01787715073,41.223021582734],[127.023492,41.217123],[127.027937,41.204824],[127.033311,41.176996],[127.04592,41.157746],[127.064524,41.145034],[127.100873709293,41.126793593598],[127.100873709293,41.223021582734],[127.01787715073,41.223021582734]]],"type":"Polygon"},"id":178,"properties":{"parentKey":"PRK:1159315289","sourceCountryId":"PRK","syntheticOperational":true,"territoryId":"territory:catalog:14eadf20112782e5fb5f523790d97a57df1c9ac154d45c27241a35772cd6ad88"},"type":"Feature"},{"geometry":{"coordinates":[[[126.068441064639,37.985611510791],[126.231993934799,37.985611510791],[126.342205323194,37.985611510791],[126.342205323194,38.201438848921],[126.178489702517,38.201438848921],[126.112510206284,38.201438848921],[126.108406,38.19816],[126.098588,38.188367],[126.090113,38.185241],[126.079261,38.183949],[126.068441064639,38.186006376917],[126.068441064639,37.985611510791]]],"type":"Polygon"},"id":179,"properties":{"parentKey":"PRK:1159315261","sourceCountryId":"PRK","syntheticOperational":true,"territoryId":"territory:catalog:8e980216d9fde4bdefc910ab3c6772ce39eb9382ed347a960c0cf8695c9bd19d"},"type":"Feature"},{"geometry":{"coordinates":[[[127.386814932486,41.033673491061],[127.387088,41.034136],[127.391739,41.071292],[127.392876,41.092738],[127.391119,41.119351],[127.386814932486,41.141175553991],[127.386814932486,41.033673491061]]],"type":"Polygon"},"id":180,"properties":{"parentKey":"PRK:1159315283","sourceCountryId":"PRK","syntheticOperational":true,"territoryId":"territory:catalog:7046109a8987ab10a1eb1f328c2da45e0f27cdfb84f9323d02770aa3541e53de"},"type":"Feature"},{"geometry":{"coordinates":[[[124.592865,39.446804],[124.59311,39.439032],[124.596039,39.430243],[124.602061,39.427395],[124.606619,39.428046],[124.61907,39.43301],[124.617849,39.444281],[124.615082,39.447496],[124.614431,39.449205],[124.612559,39.457139],[124.601736,39.449327],[124.592865,39.446804]]],"type":"Polygon"},"id":181,"properties":{"parentKey":"PRK:1159315269","sourceCountryId":"PRK","syntheticOperational":true,"territoryId":"territory:catalog:4a9cb99c83f246c2b686e68199c5f73050a49d973df0780a2542dadb203b1c48"},"type":"Feature"},{"geometry":{"coordinates":[[[126.235565819861,38.983379668712],[126.236254,38.983176],[126.242662,38.976329],[126.254134,38.968526],[126.257648,38.964986],[126.270153,38.959224],[126.288654,38.954522],[126.295888,38.957493],[126.302503,38.957622],[126.322553,38.954677],[126.329271,38.953049],[126.360897,38.941835],[126.367408,38.938321],[126.373403,38.935789],[126.378364,38.934239],[126.387252,38.930518],[126.384772,38.970206],[126.382188,38.982091],[126.375883,38.992995],[126.370509,39.000333],[126.369889,39.001082],[126.344257,39.045085],[126.339917,39.050873],[126.337023,39.052526],[126.330305,39.054387],[126.287517,39.060484],[126.281005,39.063947],[126.279988738583,39.064748201439],[126.235565819861,39.064748201439],[126.235565819861,38.983379668712]]],"type":"Polygon"},"id":182,"properties":{"parentKey":"PRK:1159315275","sourceCountryId":"PRK","syntheticOperational":true,"territoryId":"territory:catalog:9001bba914925a658b102621c79e229990a1558118ff7a7744744bb0c28cd111"},"type":"Feature"},{"geometry":{"coordinates":[[[126.512702078522,38.848920863309],[126.676899462778,38.848920863309],[126.789838337182,38.848920863309],[126.789838337182,39.064748201439],[126.666666666667,39.064748201439],[126.602593341712,39.064748201439],[126.615972,39.054283],[126.620313,39.049426],[126.623414,39.044413],[126.629511,39.028393],[126.632405,39.023174],[126.636126,39.017567],[126.645118,39.007361],[126.652869,39.000385],[126.656486,38.995139],[126.65845,38.990824],[126.659587,38.985838],[126.652146,38.980903],[126.637883,38.976639],[126.601503,38.973539],[126.584139,38.97372],[126.571427,38.975244],[126.521714,39.000385],[126.51479,39.002348],[126.512702078522,39.001949325394],[126.512702078522,38.848920863309]]],"type":"Polygon"},"id":183,"properties":{"parentKey":"PRK:1159315273","sourceCountryId":"PRK","syntheticOperational":true,"territoryId":"territory:catalog:fa699f2ab5ece2ded32fcfeb9f036735f625284cea40d161c50e0d8e97f15927"},"type":"Feature"},{"geometry":{"coordinates":[[[126.932270916335,41.390558314018],[126.936883,41.384813],[126.944014,41.36869],[126.949078,41.351791],[126.955796,41.317117],[126.966442,41.297531],[126.999928,41.27668],[127.007163,41.261048],[127.004372,41.251255],[127.000135,41.245002],[127.000962,41.238465],[127.013261,41.227871],[127.01787715073,41.223021582734],[127.100873709293,41.223021582734],[127.219123505976,41.223021582734],[127.219123505976,41.438848920863],[127.05035971223,41.438848920863],[126.934098968699,41.438848920863],[126.932335,41.431864],[126.932270916335,41.431811712113],[126.932270916335,41.390558314018]]],"type":"Polygon"},"id":184,"properties":{"parentKey":"PRK:1159315289","sourceCountryId":"PRK","syntheticOperational":true,"territoryId":"territory:catalog:6b0999db495f9a4d7918ceecc0ce896b8f480cb7b3be63414c015b94b714f2d5"},"type":"Feature"},{"geometry":{"coordinates":[[[126.394984326019,40.143884892086],[126.5625,40.143884892086],[126.667661678576,40.143884892086],[126.671369,40.144888],[126.677115987461,40.145799321251],[126.677115987461,40.359712230216],[126.467348544453,40.359712230216],[126.394984326019,40.359712230216],[126.394984326019,40.143884892086]]],"type":"Polygon"},"id":185,"properties":{"parentKey":"PRK:1159315283","sourceCountryId":"PRK","syntheticOperational":true,"territoryId":"territory:catalog:b9e9ce3fd3104b2498c7eb37821bffe65709f30350794362a2d081cfa427d541"},"type":"Feature"},{"geometry":{"coordinates":[[[125.900865460268,40.359712230216],[126.112852664577,40.359712230216],[126.18410700236,40.359712230216],[126.18410700236,40.575539568345],[126.014206787687,40.575539568345],[125.900865460268,40.575539568345],[125.900865460268,40.359712230216]]],"type":"Polygon"},"id":186,"properties":{"parentKey":"PRK:1159315283","sourceCountryId":"PRK","syntheticOperational":true,"territoryId":"territory:catalog:9950d3541db0a7676c420ab8148218b94440bb1b940436512ffe875d34cab175"},"type":"Feature"},{"geometry":{"coordinates":[[[129.895414320193,41.899823674378],[129.89674,41.904263],[129.91362,41.911195],[129.937394,41.903898],[129.946787,41.894935],[129.954438,41.892035],[129.964692,41.898749],[129.968598,41.917467],[129.971039,41.922065],[129.975678,41.933987],[129.978282,41.943793],[129.974864,41.941636],[129.985606,41.955268],[129.992931,41.959784],[130.002696,41.962226],[129.994151,41.973049],[129.989024,41.978176],[129.982188,41.982652],[130.001297,41.990466],[130.002884,42.010912],[130.01495,42.014404],[130.026817,41.9927],[130.033879,41.995514],[130.03647,42.011624],[130.044908,42.035976],[130.049712,42.042288],[130.052222,42.050365],[130.067015,42.051899],[130.067955,42.059414],[130.073041,42.078459],[130.086723272239,42.086330935252],[129.983844911147,42.086330935252],[129.895414320193,42.086330935252],[129.895414320193,41.899823674378]]],"type":"Polygon"},"id":187,"properties":{"parentKey":"PRK:1159315277","sourceCountryId":"PRK","syntheticOperational":true,"territoryId":"territory:catalog:fea681d216f24a3ff936e28eb76a3b86c2e4406440547e001dae74cd18667ede"},"type":"Feature"},{"geometry":{"coordinates":[[[125.71875,39.928057553957],[125.88785046729,39.928057553957],[126,39.928057553957],[126,40.143884892086],[125.830721003135,40.143884892086],[125.71875,40.143884892086],[125.71875,39.928057553957]]],"type":"Polygon"},"id":188,"properties":{"parentKey":"PRK:1159315269","sourceCountryId":"PRK","syntheticOperational":true,"territoryId":"territory:catalog:88b63187aea8d35e74b4c844479ac907f280a8978b0f1b050daddd691fe48d0f"},"type":"Feature"},{"geometry":{"coordinates":[[[125.148551524486,38.848920863309],[125.295471987721,38.848920863309],[125.40415704388,38.848920863309],[125.40415704388,39.064748201439],[125.277777777778,39.064748201439],[125.259250583566,39.064748201439],[125.252002,39.049639],[125.233368,39.029887],[125.212169,39.001532],[125.198643,38.986056],[125.200901,38.975262],[125.190027,38.95852],[125.172981,38.9388],[125.163627,38.91546],[125.151966,38.891529],[125.150727,38.874579],[125.148551524486,38.848920863309]]],"type":"Polygon"},"id":189,"properties":{"parentKey":"PRK:1159315287","sourceCountryId":"PRK","syntheticOperational":true,"territoryId":"territory:catalog:59e54ae31b546dba62cca7b5e0d73b250806be32798887e57e1fa80b2b5b0b63"},"type":"Feature"},{"geometry":{"coordinates":[[[127.792145365443,41.438848920863],[127.792828685259,41.438848920863],[127.819455554727,41.438848920863],[127.810369,41.44357],[127.792145365443,41.438848920863]]],"type":"Polygon"},"id":190,"properties":{"parentKey":"PRK:1159315289","sourceCountryId":"PRK","syntheticOperational":true,"territoryId":"territory:catalog:6f363d300f6087e1382f47e8dbb0bbe8b984dd890f85ddd2c80b1f722c997318"},"type":"Feature"},{"geometry":{"coordinates":[[[126.750590086546,40.359712230216],[126.91282859317,40.359712230216],[126.913628,40.366787],[126.917969,40.384848],[126.923964,40.401462],[126.942567,40.425181],[126.966855,40.444896],[126.985149,40.466083],[126.986079,40.494221],[126.979774,40.531118],[126.99228,40.54799],[127.016878,40.558041],[127.033831628639,40.567224169018],[127.033831628639,40.575539568345],[126.866614048934,40.575539568345],[126.750590086546,40.575539568345],[126.750590086546,40.359712230216]]],"type":"Polygon"},"id":191,"properties":{"parentKey":"PRK:1159315283","sourceCountryId":"PRK","syntheticOperational":true,"territoryId":"territory:catalog:698451e04c09dbe6ed808244b27c9b08121af65cbd821252937d309ca5a84c75"},"type":"Feature"},{"geometry":{"coordinates":[[[124.699619771863,38.111990014475],[124.793793,38.097805],[124.840099,38.101996],[124.865489,38.107082],[124.876475,38.113959],[124.885265,38.131659],[124.904877,38.124823],[124.937836,38.097805],[124.973384030418,38.081177968173],[124.973384030418,38.201438848921],[124.946495432481,38.201438848921],[124.931,38.192939],[124.920909,38.189358],[124.911274762573,38.201438848921],[124.834192461315,38.201438848921],[124.829112,38.193793],[124.821788,38.18594],[124.78004,38.178616],[124.773285,38.175971],[124.765147,38.156073],[124.745128,38.147935],[124.699619771863,38.145081307507],[124.699619771863,38.111990014475]]],"type":"Polygon"},"id":192,"properties":{"parentKey":"PRK:1159315261","sourceCountryId":"PRK","syntheticOperational":true,"territoryId":"territory:catalog:e14c261b2614f48bcd6f5f05aa874ffe1128812c1a512759666588ffe6699bba"},"type":"Feature"},{"geometry":{"coordinates":[[[127.666411629686,38.41726618705],[127.826086956522,38.41726618705],[127.941851568477,38.41726618705],[127.941851568477,38.63309352518],[127.782041442824,38.63309352518],[127.666411629686,38.63309352518],[127.666411629686,38.41726618705]]],"type":"Polygon"},"id":193,"properties":{"parentKey":"PRK:1159315279","sourceCountryId":"PRK","syntheticOperational":true,"territoryId":"territory:catalog:2893bb0788f9b101e1ae341a4415cf1e5d0d9e1057762d3f71d90a9e6094d742"},"type":"Feature"},{"geometry":{"coordinates":[[[126.894409937888,39.496402877698],[127.058823529412,39.496402877698],[127.173913043478,39.496402877698],[127.173913043478,39.712230215827],[127.009345794393,39.712230215827],[126.894409937888,39.712230215827],[126.894409937888,39.496402877698]]],"type":"Polygon"},"id":194,"properties":{"parentKey":"PRK:1159315285","sourceCountryId":"PRK","syntheticOperational":true,"territoryId":"territory:catalog:a6b4a91e95a18678dfd8513a3b9782a5e3624359ec37ee0514fa3e543c54cf7d"},"type":"Feature"},{"geometry":{"coordinates":[[[126,39.928057553957],[126.168224299065,39.928057553957],[126.28125,39.928057553957],[126.28125,40.037806299738],[126.209589,40.044507],[126.188505,40.051328],[126.14427,40.073627],[126.13011,40.084608],[126.087426,40.126776],[126.063503181571,40.143884892086],[126,40.143884892086],[126,39.928057553957]]],"type":"Polygon"},"id":195,"properties":{"parentKey":"PRK:1159315269","sourceCountryId":"PRK","syntheticOperational":true,"territoryId":"territory:catalog:45fad43d9ec069f07e5bd9721505b4ed71d57ce8c172aac7899bc235239c6863"},"type":"Feature"},{"geometry":{"coordinates":[[[127.241379310345,40.143884892086],[127.40625,40.143884892086],[127.523510971787,40.143884892086],[127.523510971787,40.359712230216],[127.317073170732,40.359712230216],[127.241379310345,40.359712230216],[127.241379310345,40.143884892086]]],"type":"Polygon"},"id":196,"properties":{"parentKey":"PRK:1159315285","sourceCountryId":"PRK","syntheticOperational":true,"territoryId":"territory:catalog:6a6a01719b56e7a64800601d87d8f82e342561669e21c015f30bdab591815cba"},"type":"Feature"},{"geometry":{"coordinates":[[[126.871190611053,41.438848920863],[126.932270916335,41.438848920863],[126.934098968699,41.438848920863],[126.934299,41.439641],[126.929131,41.447677],[126.919623,41.450623],[126.908874,41.45039],[126.899986,41.448788],[126.871190611053,41.438848920863]]],"type":"Polygon"},"id":197,"properties":{"parentKey":"PRK:1159315283","sourceCountryId":"PRK","syntheticOperational":true,"territoryId":"territory:catalog:0825725cfb28d7cb39fe3a3e6f0cad02e2bbf497710c028e2fb71b50d4660ec9"},"type":"Feature"},{"geometry":{"coordinates":[[[128.25,40.072544191653],[128.263444,40.077105],[128.280132,40.065477],[128.302094,40.033433],[128.327753,40.028216],[128.337765,40.067048],[128.364765,40.09689],[128.391844,40.099577],[128.411388,40.096381],[128.434946,40.104002],[128.448563,40.1095],[128.466266,40.124374],[128.479799,40.134749],[128.510189,40.135456],[128.527681,40.143424],[128.528168614668,40.143884892086],[128.369905956113,40.143884892086],[128.25,40.143884892086],[128.25,40.072544191653]]],"type":"Polygon"},"id":198,"properties":{"parentKey":"PRK:1159315285","sourceCountryId":"PRK","syntheticOperational":true,"territoryId":"territory:catalog:03e6d7237ad80da18d644a1f6d4a90f45eb4dc2b718a48b4ecbc46c83636b8ea"},"type":"Feature"},{"geometry":{"coordinates":[[[126.564651874522,38.41726618705],[126.727688787185,38.41726618705],[126.750061029508,38.41726618705],[126.714364,38.466205],[126.706923,38.478763],[126.701445,38.498348],[126.700411,38.513283],[126.700825,38.518295],[126.703305,38.528501],[126.706923,38.539121],[126.709403,38.544185],[126.711367,38.550386],[126.712917,38.557776],[126.711677,38.569662],[126.708783,38.577155],[126.704856,38.583459],[126.683462,38.608677],[126.67788,38.617643],[126.678087,38.619168],[126.680051,38.627332],[126.683358,38.632293],[126.684229610301,38.63309352518],[126.676899462778,38.63309352518],[126.564651874522,38.63309352518],[126.564651874522,38.41726618705]]],"type":"Polygon"},"id":199,"properties":{"parentKey":"PRK:1159315273","sourceCountryId":"PRK","syntheticOperational":true,"territoryId":"territory:catalog:cf41090f10071e149be185dc99980dbf588a191e3d6448f55fa0fc8747b63997"},"type":"Feature"},{"geometry":{"coordinates":[[[126.889733840304,38.111266895357],[126.903344,38.119586],[126.919829,38.134598],[126.940134,38.174173],[126.93988,38.174518],[126.930992,38.186584],[126.928615,38.191235],[126.925514,38.195498],[126.921793,38.199297],[126.905153,38.20126],[126.904678033927,38.201438848921],[126.889733840304,38.201438848921],[126.889733840304,38.111266895357]]],"type":"Polygon"},"id":200,"properties":{"parentKey":"PRK:1159315273","sourceCountryId":"PRK","syntheticOperational":true,"territoryId":"territory:catalog:60a9282d77bf923d5952bfe3109fa76ba26031ad7cd6edeb00e208a57bddeae5"},"type":"Feature"},{"geometry":{"coordinates":[[[128.816521048451,41.14508665096],[128.857799,41.130668],[128.895626,41.112866],[128.923325,41.088293],[128.936657,41.115217],[128.926322,41.141675],[128.909889,41.168805],[128.905445,41.19777],[128.912886,41.211619],[128.922256949814,41.223021582734],[128.816521048451,41.223021582734],[128.816521048451,41.14508665096]]],"type":"Polygon"},"id":201,"properties":{"parentKey":"PRK:1159315289","sourceCountryId":"PRK","syntheticOperational":true,"territoryId":"territory:catalog:59674816dfb755d91b5e2ffd11d04190ccc683ff1d5d0b2ff52d8a9a1016c16e"},"type":"Feature"},{"geometry":{"coordinates":[[[127.125,40.092566946037],[127.162192,40.115485],[127.172424,40.125381],[127.175731,40.130497],[127.177695,40.135974],[127.178212,40.141943],[127.178112002235,40.143884892086],[127.125,40.143884892086],[127.125,40.092566946037]]],"type":"Polygon"},"id":202,"properties":{"parentKey":"PRK:1159315287","sourceCountryId":"PRK","syntheticOperational":true,"territoryId":"territory:catalog:8829133825afa8a02442a3962a7cc055899d2d95e64bedf85afb089122e13e23"},"type":"Feature"},{"geometry":{"coordinates":[[[124.997732,37.808417],[125.005056,37.805569],[125.01588,37.80565],[125.025645,37.808295],[125.036388,37.81745],[125.039561,37.817613],[125.041759,37.817288],[125.044607,37.824612],[125.040782,37.834459],[125.030447,37.836168],[125.027843,37.830024],[125.030121,37.8251],[125.02947,37.822984],[125.028494,37.818834],[125.025401,37.817857],[125.019054,37.820299],[125.011974,37.821845],[125.006847,37.819281],[125.002615,37.815416],[124.997813,37.813056],[124.997732,37.808417]]],"type":"Polygon"},"id":203,"properties":{"parentKey":"PRK:1159315261","sourceCountryId":"PRK","syntheticOperational":true,"territoryId":"territory:catalog:8d678ea755e6035b1e631c546ca2ae6fd145dd593129c13bd38b94b49649cf7c"},"type":"Feature"},{"geometry":{"coordinates":[[[126.872494,38.861349],[126.874201299586,38.848920863309],[126.95318495779,38.848920863309],[127.066974595843,38.848920863309],[127.066974595843,39.064748201439],[126.982265317936,39.064748201439],[126.986182,39.032321],[126.993313,39.016404],[127.003235,39.005268],[127.00923,39.000307],[127.010573,38.998679],[127.014707,38.991884],[127.016981,38.987207],[127.018532,38.982375],[127.019152,38.977389],[127.018015,38.970438],[127.015431,38.961937],[127.00861,38.948011],[127.000238,38.935221],[126.983392,38.918374],[126.977707,38.914188],[126.971609,38.911088],[126.965408,38.908943],[126.959207,38.90778],[126.911871,38.905248],[126.905877,38.903905],[126.899779,38.901631],[126.893475,38.898117],[126.887583,38.893931],[126.881899,38.889177],[126.877558,38.884371],[126.874148,38.879203],[126.872597,38.871271],[126.872494,38.861349]]],"type":"Polygon"},"id":204,"properties":{"parentKey":"PRK:1159315279","sourceCountryId":"PRK","syntheticOperational":true,"territoryId":"territory:catalog:6dcd34c0f6de740de6d954da606c8ff873c077e417b0a34842dfa6260310ee4e"},"type":"Feature"},{"geometry":{"coordinates":[[[125.794676806084,37.993268504381],[125.799327,37.992906],[125.803966,37.988959],[125.803573752357,37.985611510791],[125.959059893859,37.985611510791],[126.068441064639,37.985611510791],[126.068441064639,38.186006376917],[126.047738,38.189943],[126.03823,38.190072],[126.031718,38.187979],[126.00743,38.177463],[125.970327,38.170099],[125.961955,38.169608],[125.95193,38.170151],[125.936324,38.172632],[125.927642,38.176611],[125.921751,38.181339],[125.91896,38.186171],[125.916893,38.191158],[125.914526933687,38.201438848921],[125.903890160183,38.201438848921],[125.794676806084,38.201438848921],[125.794676806084,37.993268504381]]],"type":"Polygon"},"id":205,"properties":{"parentKey":"PRK:1159315261","sourceCountryId":"PRK","syntheticOperational":true,"territoryId":"territory:catalog:19e14059005eb56a114b9419913b1658497277ceb8d8d14e26c4f96518848d1b"},"type":"Feature"},{"geometry":{"coordinates":[[[129.111470113086,42.086330935252],[129.316170555109,42.086330935252],[129.402261712439,42.086330935252],[129.402261712439,42.302158273381],[129.238249594814,42.302158273381],[129.222539043569,42.302158273381],[129.228008,42.297729],[129.216123,42.291063],[129.214159,42.283699],[129.214779,42.275638],[129.211162,42.267008],[129.202894,42.262744],[129.192145,42.259851],[129.18336,42.254554],[129.180776,42.243107],[129.186874,42.236028],[129.209301,42.234684],[129.214262,42.225692],[129.211162,42.219956],[129.204237,42.214324],[129.196382,42.209182],[129.177675,42.193446],[129.148013,42.173706],[129.119798,42.149366],[129.111470113086,42.145127027905],[129.111470113086,42.086330935252]]],"type":"Polygon"},"id":206,"properties":{"parentKey":"PRK:1159315277","sourceCountryId":"PRK","syntheticOperational":true,"territoryId":"territory:catalog:488c3c17f54546535322c8380ecd245e93fa1012a492cb7a095caedd4140b73f"},"type":"Feature"},{"geometry":{"coordinates":[[[127.6875,39.928057553957],[127.85046728972,39.928057553957],[127.888535283939,39.928057553957],[127.891263,39.943831],[127.891038,39.961225],[127.906659,39.983942],[127.930268,39.97191],[127.940033,39.974758],[127.947276,39.981635],[127.963715,40.004096],[127.96875,40.007602675688],[127.96875,40.143884892086],[127.805642633229,40.143884892086],[127.6875,40.143884892086],[127.6875,39.928057553957]]],"type":"Polygon"},"id":207,"properties":{"parentKey":"PRK:1159315285","sourceCountryId":"PRK","syntheticOperational":true,"territoryId":"territory:catalog:d7feb3a9564c9fa754735f8bbbe023179180bfda42cf17410f14bc3720fe7dc1"},"type":"Feature"},{"geometry":{"coordinates":[[[127.066974595843,38.848920863309],[127.229470452801,38.848920863309],[127.344110854503,38.848920863309],[127.344110854503,39.064748201439],[127.222222222222,39.064748201439],[127.066974595843,39.064748201439],[127.066974595843,38.848920863309]]],"type":"Polygon"},"id":208,"properties":{"parentKey":"PRK:1159315279","sourceCountryId":"PRK","syntheticOperational":true,"territoryId":"territory:catalog:65b88424219ff1b3210bbda0d97e64b35ca546d985231823e74cc8fe7b6f2e37"},"type":"Feature"},{"geometry":{"coordinates":[[[124.667247,38.125718],[124.677094,38.115383],[124.699619771863,38.111990014475],[124.699619771863,38.145081307507],[124.697765,38.144965],[124.673595,38.137193],[124.667247,38.125718]]],"type":"Polygon"},"id":209,"properties":{"parentKey":"PRK:1159315261","sourceCountryId":"PRK","syntheticOperational":true,"territoryId":"territory:catalog:efbb3488732cec2e6fc5253ad0fc8194b50f21ed3b0328f1979f2fabb889180c"},"type":"Feature"},{"geometry":{"coordinates":[[[125.335053,37.686265],[125.347504,37.675605],[125.361583,37.68008],[125.372651,37.693549],[125.377289,37.71015],[125.385265,37.716376],[125.403656,37.719062],[125.438731,37.719794],[125.47462,37.731187],[125.490977,37.754055],[125.498945218309,37.769784172662],[125.432241477887,37.769784172662],[125.390391,37.754543],[125.36378,37.760891],[125.348643,37.737982],[125.335053,37.686265]]],"type":"Polygon"},"id":210,"properties":{"parentKey":"PRK:1159315261","sourceCountryId":"PRK","syntheticOperational":true,"territoryId":"territory:catalog:18b5ee0881fc5c8a52da04b3810977f9350234b8678d8647e86989cd73c16f63"},"type":"Feature"},{"geometry":{"coordinates":[[[127.5,39.064748201439],[127.621247113164,39.064748201439],[127.777777777778,39.064748201439],[127.777777777778,39.097948891101],[127.769623,39.109198],[127.759288,39.117011],[127.744151,39.118598],[127.675629,39.11815],[127.661388,39.121487],[127.651703,39.129299],[127.643077,39.138577],[127.631684,39.146145],[127.606944,39.152045],[127.531749,39.146145],[127.511729,39.15644],[127.5,39.178519874082],[127.5,39.064748201439]]],"type":"Polygon"},"id":211,"properties":{"parentKey":"PRK:1159315279","sourceCountryId":"PRK","syntheticOperational":true,"territoryId":"territory:catalog:c9b8753f878d44cda6a97d2d90b94a167ca72bb8c60068b0fe60afe234655596"},"type":"Feature"},{"geometry":{"coordinates":[[[126.388888888889,39.064748201439],[126.512702078522,39.064748201439],[126.602593341712,39.064748201439],[126.592718,39.072473],[126.58848,39.077589],[126.58538,39.082757],[126.580625,39.093402],[126.577008,39.098957],[126.563676,39.114822],[126.560885,39.119938],[126.559025,39.125493],[126.557888,39.131229],[126.558095,39.138671],[126.560575,39.147172],[126.567293,39.159651],[126.576905,39.166499],[126.584966,39.167584],[126.592201,39.163992],[126.607497,39.148179],[126.613388,39.143683],[126.62021,39.140169],[126.627754,39.137353],[126.635402,39.135674],[126.651629,39.13526],[126.666408,39.136888],[126.666666666667,39.136941608774],[126.666666666667,39.280575539568],[126.501547987616,39.280575539568],[126.388888888889,39.280575539568],[126.388888888889,39.064748201439]]],"type":"Polygon"},"id":212,"properties":{"parentKey":"PRK:1159315287","sourceCountryId":"PRK","syntheticOperational":true,"territoryId":"territory:catalog:c1933c63166ea84da3d540bf3c853aab67bd3857f0fa8fc7deb4e80700cfb296"},"type":"Feature"},{"geometry":{"coordinates":[[[125.051140833989,40.359712230216],[125.266457680251,40.359712230216],[125.334382376082,40.359712230216],[125.334382376082,40.575539568345],[125.16179952644,40.575539568345],[125.137863631026,40.575539568345],[125.133064,40.572873],[125.114616,40.56414],[125.089656,40.55551],[125.073585,40.548017],[125.051140833989,40.542110941293],[125.051140833989,40.359712230216]]],"type":"Polygon"},"id":213,"properties":{"parentKey":"PRK:1159315269","sourceCountryId":"PRK","syntheticOperational":true,"territoryId":"territory:catalog:422d1cad3cd5ecb2221b1812c85859ebb567d2f9ef13f1c2442fd83aa03946c5"},"type":"Feature"},{"geometry":{"coordinates":[[[130.449704546414,42.517985611511],[130.536585365854,42.517985611511],[130.536585365854,42.520722372902],[130.530771,42.53048],[130.52519,42.549239],[130.519506,42.58859],[130.516508,42.599365],[130.501419,42.610785],[130.484159,42.61001],[130.467829,42.600398],[130.455117,42.585154],[130.471033,42.569754],[130.467933,42.554897],[130.452533,42.549342],[130.452153973075,42.549558652937],[130.449704546414,42.517985611511]]],"type":"Polygon"},"id":214,"properties":{"parentKey":"PRK:1159317137","sourceCountryId":"PRK","syntheticOperational":true,"territoryId":"territory:catalog:2d55759badae6496b877ca67438eeeef692fb68fcf79c41ccfd07d7d34c73c5b"},"type":"Feature"},{"geometry":{"coordinates":[[[125.686125852919,37.89883717856],[125.701508,37.902493],[125.715343,37.908271],[125.727794,37.91592],[125.739757,37.925238],[125.732921,37.932685],[125.72519,37.927476],[125.71754,37.925279],[125.698822,37.925238],[125.70753,37.939765],[125.71933,37.952541],[125.708832,37.957424],[125.698985,37.958197],[125.688813,37.956041],[125.686125852919,37.955145113661],[125.686125852919,37.89883717856]]],"type":"Polygon"},"id":215,"properties":{"parentKey":"PRK:1159315261","sourceCountryId":"PRK","syntheticOperational":true,"territoryId":"territory:catalog:bde6ff636cc9d5c2a6e31393c4899523a766e64f924c1a5c6f621ce84ca98fb3"},"type":"Feature"},{"geometry":{"coordinates":[[[129.87714987715,42.94964028777],[130.081566068515,42.94964028777],[130.125640070535,42.94964028777],[130.130485,42.959472],[130.133586,42.972727],[130.121494,42.981848],[130.094312,42.976939],[130.047286,42.961901],[130.008219,42.960557],[129.995713,42.961901],[129.981347,42.966732],[129.971735,42.973735],[129.941556,43.003629],[129.934115,43.00841],[129.920679,43.01027],[129.909207,43.008435],[129.890707,42.999418],[129.879751,42.996033],[129.884092,42.988514],[129.890087,42.982804],[129.897735,42.978747],[129.907037,42.976138],[129.893291,42.971538],[129.87714987715,42.970169863473],[129.87714987715,42.94964028777]]],"type":"Polygon"},"id":216,"properties":{"parentKey":"PRK:1159315277","sourceCountryId":"PRK","syntheticOperational":true,"territoryId":"territory:catalog:c031b284332677b59d851e986d620cca3ba5b8551553ee00f0f2531a491b0c6d"},"type":"Feature"},{"geometry":{"coordinates":[[[127.058823529412,39.280575539568],[127.072088856188,39.280575539568],[127.075169,39.281763],[127.085814,39.288842],[127.090362,39.295457],[127.092325,39.302278],[127.093152,39.315249],[127.094186,39.322174],[127.101007,39.343361],[127.106175,39.374961],[127.109482,39.38341],[127.114546,39.391033],[127.121264,39.396846],[127.130669,39.403616],[127.138731,39.407957],[127.146069,39.410799],[127.152994,39.412168],[127.160435,39.412478],[127.196919,39.407698],[127.247355,39.413899],[127.280428,39.412504],[127.330037,39.405347],[127.33746130031,39.406139652967],[127.33746130031,39.496402877698],[127.173913043478,39.496402877698],[127.058823529412,39.496402877698],[127.058823529412,39.280575539568]]],"type":"Polygon"},"id":217,"properties":{"parentKey":"PRK:1159315285","sourceCountryId":"PRK","syntheticOperational":true,"territoryId":"territory:catalog:e39fc2f309ed09697c046473f549f3bbe342eb2e295978a05ae827d6e453749e"},"type":"Feature"},{"geometry":{"coordinates":[[[128.087774294671,40.143884892086],[128.25,40.143884892086],[128.369905956113,40.143884892086],[128.369905956113,40.359712230216],[128.16679779701,40.359712230216],[128.087774294671,40.359712230216],[128.087774294671,40.143884892086]]],"type":"Polygon"},"id":218,"properties":{"parentKey":"PRK:1159315285","sourceCountryId":"PRK","syntheticOperational":true,"territoryId":"territory:catalog:a2b6659849f16927ee7288fdf99bea01ddf8661447a2bdedaafd6e73956d86a7"},"type":"Feature"},{"geometry":{"coordinates":[[[129.513944223108,41.223021582734],[129.67434471803,41.223021582734],[129.73718754493,41.223021582734],[129.759125,41.292873],[129.770356,41.315131],[129.786143,41.324774],[129.786876,41.330064],[129.794688,41.352281],[129.796641,41.355455],[129.799897,41.368598],[129.800796812749,41.36931101101],[129.800796812749,41.381753956861],[129.796641,41.386176],[129.791108,41.387763],[129.775645,41.385484],[129.769298,41.386176],[129.758184,41.392594],[129.744151,41.406963],[129.736056,41.421286],[129.714603,41.419646],[129.70167,41.428666],[129.687550361084,41.438848920863],[129.640287769784,41.438848920863],[129.513944223108,41.438848920863],[129.513944223108,41.223021582734]]],"type":"Polygon"},"id":219,"properties":{"parentKey":"PRK:1159315277","sourceCountryId":"PRK","syntheticOperational":true,"territoryId":"territory:catalog:ffc5eb95c3b886fa1cc82af6312138e1f3774e698ae7cd16c0b39c6940f2adf0"},"type":"Feature"},{"geometry":{"coordinates":[[[124.973384030418,38.081177968173],[125.01352,38.062405],[125.027354,38.068996],[125.075694,38.076077],[125.124522,38.09512],[125.140636,38.097805],[125.155854,38.095526],[125.19044,38.085761],[125.208507,38.083482],[125.247148288973,38.083798548818],[125.247148288973,38.201438848921],[125.080091533181,38.201438848921],[124.973384030418,38.201438848921],[124.973384030418,38.081177968173]]],"type":"Polygon"},"id":220,"properties":{"parentKey":"PRK:1159315261","sourceCountryId":"PRK","syntheticOperational":true,"territoryId":"territory:catalog:998eaf59fd3c8f69a6903a9c5836f600b638284ca795919d8f1828a3f8f6fef0"},"type":"Feature"},{"geometry":{"coordinates":[[[127.009345794393,39.712230215827],[127.173913043478,39.712230215827],[127.289719626168,39.712230215827],[127.289719626168,39.928057553957],[127.125,39.928057553957],[127.091060793177,39.928057553957],[127.107208,39.90542],[127.111446,39.896041],[127.112893,39.88586],[127.111446,39.879349],[127.109069,39.873458],[127.103178,39.863562],[127.099664,39.858834],[127.095013,39.853976],[127.089122,39.850307],[127.082714,39.847878],[127.042716,39.845294],[127.035275,39.843822],[127.029384,39.84054],[127.020805,39.831962],[127.014707,39.828499],[127.009345794393,39.826509990209],[127.009345794393,39.712230215827]]],"type":"Polygon"},"id":221,"properties":{"parentKey":"PRK:1159315285","sourceCountryId":"PRK","syntheticOperational":true,"territoryId":"territory:catalog:97f9f027a391efc150a463654da12cecd789d288646308c47d6d7055f3bb4023"},"type":"Feature"},{"geometry":{"coordinates":[[[124.834192461315,38.201438848921],[124.911274762573,38.201438848921],[124.895274,38.221503],[124.879161,38.230658],[124.855968,38.226955],[124.84547,38.218411],[124.834192461315,38.201438848921]]],"type":"Polygon"},"id":222,"properties":{"parentKey":"PRK:1159315261","sourceCountryId":"PRK","syntheticOperational":true,"territoryId":"territory:catalog:07a8ebef9d86956124581dd974cebe412cf74c0ca568d9d61f95a378e181164d"},"type":"Feature"},{"geometry":{"coordinates":[[[126.727688787185,38.201438848921],[126.889733840304,38.201438848921],[126.904678033927,38.201438848921],[126.896368,38.204568],[126.896163,38.204669],[126.890167,38.207642],[126.873424,38.226323],[126.870634,38.239863],[126.875595,38.251283],[126.881486,38.261825],[126.882209,38.268491],[126.880969,38.273788],[126.873114,38.282625],[126.870634,38.286526],[126.867636,38.293813],[126.868877,38.299161],[126.872907,38.306112],[126.878695,38.313166],[126.885103,38.327868],[126.884276,38.334844],[126.880555,38.339185],[126.874458,38.338978],[126.868877,38.337531],[126.863916,38.335309],[126.853167,38.328229],[126.847689,38.327454],[126.839731,38.329108],[126.827949,38.337867],[126.818957,38.342414],[126.810379,38.345282],[126.802627,38.347143],[126.796426,38.349572],[126.789295,38.355179],[126.785884,38.361044],[126.784851,38.367865],[126.781233,38.374531],[126.750061029508,38.41726618705],[126.727688787185,38.41726618705],[126.727688787185,38.201438848921]]],"type":"Polygon"},"id":223,"properties":{"parentKey":"PRK:1159315273","sourceCountryId":"PRK","syntheticOperational":true,"territoryId":"territory:catalog:a345ccb6e3ef54a4fd0a3ca7784c15b2195890c25177e8e9a374766de1e06163"},"type":"Feature"},{"geometry":{"coordinates":[[[128.776978417266,41.634462434878],[128.783695,41.642575],[128.795374,41.652833],[128.796297416399,41.654676258993],[128.776978417266,41.654676258993],[128.776978417266,41.634462434878]]],"type":"Polygon"},"id":224,"properties":{"parentKey":"PRK:1159315289","sourceCountryId":"PRK","syntheticOperational":true,"territoryId":"territory:catalog:2ed4fe8f242010daafe0902af3cbcbc2cde3ae3b5e6914b1e5a78abdf42110dc"},"type":"Feature"},{"geometry":{"coordinates":[[[128.776978417266,41.630066276301],[128.780698,41.621387],[128.794237,41.615393],[128.846844,41.611517],[128.873509,41.597875],[128.897797,41.573819],[128.91361,41.545036],[128.914747,41.517208],[128.895109,41.491318],[128.865757,41.473128],[128.839402,41.452716],[128.834720958126,41.438848920863],[128.940239043825,41.438848920863],[129.064748201439,41.438848920863],[129.064748201439,41.654676258993],[128.901363271852,41.654676258993],[128.796297416399,41.654676258993],[128.795374,41.652833],[128.783695,41.642575],[128.776978417266,41.634462434878],[128.776978417266,41.630066276301]]],"type":"Polygon"},"id":225,"properties":{"parentKey":"PRK:1159315277","sourceCountryId":"PRK","syntheticOperational":true,"territoryId":"territory:catalog:23f9cab692a3347a22a71af5ea5760d90a9df23a214853a8194fbd3a53832714"},"type":"Feature"},{"geometry":{"coordinates":[[[126.512702078522,39.001949325394],[126.51479,39.002348],[126.521714,39.000385],[126.571427,38.975244],[126.584139,38.97372],[126.601503,38.973539],[126.637883,38.976639],[126.652146,38.980903],[126.659587,38.985838],[126.65845,38.990824],[126.656486,38.995139],[126.652869,39.000385],[126.645118,39.007361],[126.636126,39.017567],[126.632405,39.023174],[126.629511,39.028393],[126.623414,39.044413],[126.620313,39.049426],[126.615972,39.054283],[126.602593341712,39.064748201439],[126.512702078522,39.064748201439],[126.512702078522,39.001949325394]]],"type":"Polygon"},"id":226,"properties":{"parentKey":"PRK:1159315287","sourceCountryId":"PRK","syntheticOperational":true,"territoryId":"territory:catalog:21613ad1df850428c6085c4146acc20efcf9edde11196e88dbb4b54cc9ef7a23"},"type":"Feature"},{"geometry":{"coordinates":[[[126.871627404113,39.280575539568],[126.916918632013,39.280575539568],[126.915075,39.282099],[126.908874,39.284838],[126.901846,39.28644],[126.894198,39.286982],[126.886653,39.286569],[126.879419,39.284889],[126.872804,39.281556],[126.871627404113,39.280575539568]]],"type":"Polygon"},"id":227,"properties":{"parentKey":"PRK:1159315287","sourceCountryId":"PRK","syntheticOperational":true,"territoryId":"territory:catalog:3f3d6d4cf674441ed64a3e7219226fa3e6bb1d300b3c491f61f2b2c3d01e7c8a"},"type":"Feature"},{"geometry":{"coordinates":[[[129.529983792545,42.302158273381],[129.693053311793,42.302158273381],[129.821717990275,42.302158273381],[129.821717990275,42.517985611511],[129.733266817736,42.517985611511],[129.73361,42.511799],[129.728856,42.475858],[129.703328,42.442372],[129.671185,42.437928],[129.633462,42.445421],[129.591707,42.447953],[129.595634,42.435602],[129.594498,42.422218],[129.587676,42.411366],[129.563182,42.404105],[129.560288,42.396793],[129.559461,42.387],[129.55419,42.376872],[129.545302,42.371317],[129.535173,42.36956],[129.529983792545,42.371738078714],[129.529983792545,42.302158273381]]],"type":"Polygon"},"id":228,"properties":{"parentKey":"PRK:1159315277","sourceCountryId":"PRK","syntheticOperational":true,"territoryId":"territory:catalog:514a6ea538a69aa3d8952431a9d5cb1d11cfdf44aa8fbfc98a07112ea6fd5409"},"type":"Feature"},{"geometry":{"coordinates":[[[124.818563,39.495444],[124.82094026285,39.496402877698],[124.819253677782,39.496402877698],[124.818563,39.495444]]],"type":"Polygon"},"id":229,"properties":{"parentKey":"PRK:1159315269","sourceCountryId":"PRK","syntheticOperational":true,"territoryId":"territory:catalog:290774f410c0a31a8726a97fe08bd255ab6d85c0d48e7ac0a4ea1279a49563c1"},"type":"Feature"},{"geometry":{"coordinates":[[[126.698337292162,40.791366906475],[126.866614048934,40.791366906475],[126.983372921615,40.791366906475],[126.983372921615,41.007194244604],[126.8149324861,41.007194244604],[126.698337292162,41.007194244604],[126.698337292162,40.791366906475]]],"type":"Polygon"},"id":230,"properties":{"parentKey":"PRK:1159315283","sourceCountryId":"PRK","syntheticOperational":true,"territoryId":"territory:catalog:19650885c8dcf90a0caa47538dd91a1b5bf503b4390f21f739d2396eaa30ca0f"},"type":"Feature"},{"geometry":{"coordinates":[[[125.522992561262,38.848920863309],[125.571757482732,38.848920863309],[125.68129330254,38.848920863309],[125.68129330254,39.064748201439],[125.578393278524,39.064748201439],[125.576966,39.062138],[125.575519,39.057952],[125.575105,39.054076],[125.580066,38.998602],[125.585027,38.98359],[125.592159,38.97589],[125.59743,38.966485],[125.604148,38.949173],[125.604458,38.9446],[125.603941,38.938476],[125.588128,38.893234],[125.583167,38.884164],[125.578206,38.877808],[125.567664,38.872511],[125.536865,38.863985],[125.531594,38.861168],[125.527253,38.857448],[125.524049,38.85259],[125.522992561262,38.848920863309]]],"type":"Polygon"},"id":231,"properties":{"parentKey":"PRK:1159315275","sourceCountryId":"PRK","syntheticOperational":true,"territoryId":"territory:catalog:d6a9aa39e408dc6fb93f67a12c9e96aeeb6c328d67f8427a4997ec9f59efab34"},"type":"Feature"},{"geometry":{"coordinates":[[[127.386814932486,41.007194244604],[127.553444180523,41.007194244604],[127.65226653899,41.007194244604],[127.654772,41.008918],[127.662523,41.020132],[127.666864,41.034291],[127.672756155679,41.068123463969],[127.672756155679,41.108286000521],[127.66149,41.129221],[127.625316,41.142709],[127.55793,41.153561],[127.531679,41.145499],[127.515452,41.115811],[127.511215,41.096097],[127.50522,41.079147],[127.494058,41.067106],[127.474524,41.06199],[127.432873,41.064212],[127.391739,41.071292],[127.387088,41.034136],[127.386814932486,41.033673491061],[127.386814932486,41.007194244604]]],"type":"Polygon"},"id":232,"properties":{"parentKey":"PRK:1159315285","sourceCountryId":"PRK","syntheticOperational":true,"territoryId":"territory:catalog:fe6ef1a0bb593f24a1c8acce4aa36c2f7390e0361c85c558483e1f80306acb5b"},"type":"Feature"},{"geometry":{"coordinates":[[[126.750061029508,38.41726618705],[126.781233,38.374531],[126.784851,38.367865],[126.785884,38.361044],[126.789295,38.355179],[126.796426,38.349572],[126.802627,38.347143],[126.810379,38.345282],[126.818957,38.342414],[126.827949,38.337867],[126.839731,38.329108],[126.847689,38.327454],[126.853167,38.328229],[126.863916,38.335309],[126.868877,38.337531],[126.874458,38.338978],[126.880555,38.339185],[126.884276,38.334844],[126.885103,38.327868],[126.878695,38.313166],[126.872907,38.306112],[126.868877,38.299161],[126.867636,38.293813],[126.870634,38.286526],[126.873114,38.282625],[126.880969,38.273788],[126.882209,38.268491],[126.881486,38.261825],[126.875595,38.251283],[126.870634,38.239863],[126.873424,38.226323],[126.890167,38.207642],[126.896163,38.204669],[126.896368,38.204568],[126.904678033927,38.201438848921],[126.9544977276,38.201438848921],[126.966065,38.213038],[126.971919,38.218909],[127.002288329519,38.238601871751],[127.002288329519,38.41726618705],[126.840091813313,38.41726618705],[126.750061029508,38.41726618705]]],"type":"Polygon"},"id":233,"properties":{"parentKey":"PRK:1159315279","sourceCountryId":"PRK","syntheticOperational":true,"territoryId":"territory:catalog:a74d4ff6d3d248fa73623df7e27c900f23ace565538329c3ff82fdd70bf17948"},"type":"Feature"},{"geometry":{"coordinates":[[[129.228008,42.359199],[129.228628,42.350207],[129.234209,42.346564],[129.238249594814,42.344885609271],[129.238249594814,42.375711964925],[129.23607,42.374366],[129.231109,42.367648],[129.228008,42.359199]]],"type":"Polygon"},"id":234,"properties":{"parentKey":"PRK:1159315277","sourceCountryId":"PRK","syntheticOperational":true,"territoryId":"territory:catalog:a7c6bdad58331cf2afe202b71db6863ffb24f7e7f3dc01543df197b67f897987"},"type":"Feature"},{"geometry":{"coordinates":[[[125.413191811979,37.860667402469],[125.42628,37.856024],[125.444916,37.843329],[125.4463,37.860012],[125.427989,37.874498],[125.413191811979,37.881010386854],[125.413191811979,37.860667402469]]],"type":"Polygon"},"id":235,"properties":{"parentKey":"PRK:1159315261","sourceCountryId":"PRK","syntheticOperational":true,"territoryId":"territory:catalog:e90e4ff20a08c2b8be39c49073fb5ef825ea9dadc1542af498b7748bff013a02"},"type":"Feature"},{"geometry":{"coordinates":[[[125.40415704388,38.848920863309],[125.522992561262,38.848920863309],[125.524049,38.85259],[125.527253,38.857448],[125.531594,38.861168],[125.536865,38.863985],[125.567664,38.872511],[125.578206,38.877808],[125.583167,38.884164],[125.588128,38.893234],[125.603941,38.938476],[125.604458,38.9446],[125.604148,38.949173],[125.59743,38.966485],[125.592159,38.97589],[125.585027,38.98359],[125.580066,38.998602],[125.575105,39.054076],[125.575519,39.057952],[125.576966,39.062138],[125.578393278524,39.064748201439],[125.555555555556,39.064748201439],[125.40415704388,39.064748201439],[125.40415704388,38.848920863309]]],"type":"Polygon"},"id":236,"properties":{"parentKey":"PRK:1159315287","sourceCountryId":"PRK","syntheticOperational":true,"territoryId":"territory:catalog:6d8f307b819e7b96bd8e21eafd1b24cc44e27141b8e78aaeb0818b5c5dfba628"},"type":"Feature"},{"geometry":{"coordinates":[[[126.938593910085,39.064748201439],[126.944444444444,39.064748201439],[126.944444444444,39.065340223534],[126.938593910085,39.064748201439]]],"type":"Polygon"},"id":237,"properties":{"parentKey":"PRK:1159315273","sourceCountryId":"PRK","syntheticOperational":true,"territoryId":"territory:catalog:f4177015cb1e830e62f5993cf8f315db7e26507651e530f986012e635283d9c6"},"type":"Feature"},{"geometry":{"coordinates":[[[127.96875,40.007602675688],[127.970551,40.008857],[127.979828,40.010565],[127.989757,40.014838],[127.997813,40.020413],[128.000987,40.025946],[128.002289,40.040473],[128.006847,40.045152],[128.139415,40.02733],[128.143565,40.022854],[128.146821,40.018297],[128.155121,40.016303],[128.164317,40.017971],[128.182384,40.026109],[128.19337,40.029364],[128.203217,40.029608],[128.225108,40.027574],[128.234386,40.029364],[128.227837,40.056206],[128.236322,40.067904],[128.25,40.072544191653],[128.25,40.143884892086],[128.087774294671,40.143884892086],[127.96875,40.143884892086],[127.96875,40.007602675688]]],"type":"Polygon"},"id":238,"properties":{"parentKey":"PRK:1159315285","sourceCountryId":"PRK","syntheticOperational":true,"territoryId":"territory:catalog:1701b9ebd74414b75330f763e2fce050b57d1ceada8292bc38cd52f12d54a11a"},"type":"Feature"},{"geometry":{"coordinates":[[[126.18410700236,40.359712230216],[126.394984326019,40.359712230216],[126.467348544453,40.359712230216],[126.467348544453,40.575539568345],[126.298342541436,40.575539568345],[126.18410700236,40.575539568345],[126.18410700236,40.359712230216]]],"type":"Polygon"},"id":239,"properties":{"parentKey":"PRK:1159315283","sourceCountryId":"PRK","syntheticOperational":true,"territoryId":"territory:catalog:e2e1a355f9415a184d4b38d27c5b9e4b7e94798846996a09ff8a2a8f24f8a2e8"},"type":"Feature"},{"geometry":{"coordinates":[[[126.667661678576,40.143884892086],[126.677115987461,40.143884892086],[126.677115987461,40.145799321251],[126.671369,40.144888],[126.667661678576,40.143884892086]]],"type":"Polygon"},"id":240,"properties":{"parentKey":"PRK:1159315287","sourceCountryId":"PRK","syntheticOperational":true,"territoryId":"territory:catalog:e4518d315fd16d4588004404abe81c205c00e638835721ef54f2171f24ad9934"},"type":"Feature"},{"geometry":{"coordinates":[[[128.15768302494,41.870503597122],[128.323977546111,41.870503597122],[128.447304907482,41.870503597122],[128.447304907482,42.010043941341],[128.407593,42.008341],[128.387129,42.020692],[128.363772,42.02648],[128.261969,42.032862],[128.15768302494,42.011046420772],[128.15768302494,41.870503597122]]],"type":"Polygon"},"id":241,"properties":{"parentKey":"PRK:1159315289","sourceCountryId":"PRK","syntheticOperational":true,"territoryId":"territory:catalog:b3723ecef67851d2db9aae0c021ee7a12b181cf7f75faf63af0fb1a942c9969e"},"type":"Feature"},{"geometry":{"coordinates":[[[125.116547,38.657213],[125.118419,38.645168],[125.126069,38.633246],[125.126268899079,38.63309352518],[125.155805667504,38.63309352518],[125.148229,38.646128],[125.13756,38.662332],[125.123383,38.666327],[125.116547,38.657213]]],"type":"Polygon"},"id":242,"properties":{"parentKey":"PRK:1159315261","sourceCountryId":"PRK","syntheticOperational":true,"territoryId":"territory:catalog:a8fc7a8b7270f604ddf626f5723561d0a354e9bb6b44dbf87fbb8fc8f48ece0d"},"type":"Feature"},{"geometry":{"coordinates":[[[125.68129330254,38.848920863309],[125.848042977744,38.848920863309],[125.958429561201,38.848920863309],[125.958429561201,39.064748201439],[125.833333333333,39.064748201439],[125.68129330254,39.064748201439],[125.68129330254,38.848920863309]]],"type":"Polygon"},"id":243,"properties":{"parentKey":"PRK:1159315275","sourceCountryId":"PRK","syntheticOperational":true,"territoryId":"territory:catalog:0329a1655bdc1881c5bfbd574fb2ea38b9f6e67dcc338ed06c482eb7aa1984cd"},"type":"Feature"},{"geometry":{"coordinates":[[[126.916918632013,39.280575539568],[126.921173,39.27706],[126.926031,39.270187],[126.930061,39.259904],[126.930992,39.252049],[126.930061,39.245357],[126.925411,39.233445],[126.92324,39.225849],[126.92448,39.220113],[126.929441,39.215488],[126.936366,39.212697],[126.943601,39.21138],[126.944444444444,39.211385946318],[126.944444444444,39.280575539568],[126.916918632013,39.280575539568]]],"type":"Polygon"},"id":244,"properties":{"parentKey":"PRK:1159315285","sourceCountryId":"PRK","syntheticOperational":true,"territoryId":"territory:catalog:d5e7e4ba07b20d11eba78066eabfa4d9da2b5e2137a269eb3255f70981fe94d5"},"type":"Feature"},{"geometry":{"coordinates":[[[129.352517985611,41.438848920863],[129.513944223108,41.438848920863],[129.640287769784,41.438848920863],[129.640287769784,41.654676258993],[129.478748997594,41.654676258993],[129.352517985611,41.654676258993],[129.352517985611,41.438848920863]]],"type":"Polygon"},"id":245,"properties":{"parentKey":"PRK:1159315277","sourceCountryId":"PRK","syntheticOperational":true,"territoryId":"territory:catalog:d1d5bb07a87eca85ecabf818195fc72b1c46f31c90fbd8480f15b583645ffee1"},"type":"Feature"},{"geometry":{"coordinates":[[[124.321544,39.912665],[124.327973,39.909735],[124.334809,39.905585],[124.341807,39.89997],[124.348888,39.892808],[124.362559,39.871731],[124.389659,39.867865],[124.396576,39.865546],[124.399181,39.859809],[124.403575,39.841498],[124.407237,39.837592],[124.40976,39.835924],[124.413666,39.827826],[124.417735,39.82453],[124.422618,39.824205],[124.426362,39.826483],[124.430024,39.829332],[124.434418,39.830756],[124.485981308411,39.823088065876],[124.485981308411,39.928057553957],[124.339920671119,39.928057553957],[124.332123,39.925116],[124.321544,39.912665]]],"type":"Polygon"},"id":246,"properties":{"parentKey":"PRK:1159315269","sourceCountryId":"PRK","syntheticOperational":true,"territoryId":"territory:catalog:fe5551aaa739a96df6d56c442ffe731e31ace6d31b20f73fea2a6d59b2a14e33"},"type":"Feature"},{"geometry":{"coordinates":[[[129.693053311793,42.086330935252],[129.895414320193,42.086330935252],[129.983844911147,42.086330935252],[129.983844911147,42.302158273381],[129.821717990275,42.302158273381],[129.693053311793,42.302158273381],[129.693053311793,42.086330935252]]],"type":"Polygon"},"id":247,"properties":{"parentKey":"PRK:1159315277","sourceCountryId":"PRK","syntheticOperational":true,"territoryId":"territory:catalog:96732e0fe18c19e35de4f80d918b67eb14852dbd85be839387d635fc59f40807"},"type":"Feature"},{"geometry":{"coordinates":[[[127.505976095618,41.223021582734],[127.672756155679,41.223021582734],[127.792828685259,41.223021582734],[127.792828685259,41.438848920863],[127.792145365443,41.438848920863],[127.784634,41.436903],[127.695800406118,41.438848920863],[127.651849797132,41.438848920863],[127.647071,41.432976],[127.638338,41.429875],[127.63069,41.432873],[127.619338624386,41.438848920863],[127.505976095618,41.438848920863],[127.505976095618,41.223021582734]]],"type":"Polygon"},"id":248,"properties":{"parentKey":"PRK:1159315289","sourceCountryId":"PRK","syntheticOperational":true,"territoryId":"territory:catalog:6ed99fb55dc166065be06bb789ae966e2c1e1252d5830072d33cf440c3fd3a18"},"type":"Feature"},{"geometry":{"coordinates":[[[125.644816,40.810585],[125.665495567555,40.791366906475],[125.730071033938,40.791366906475],[125.8432304038,40.791366906475],[125.8432304038,40.876994468443],[125.831678,40.87084],[125.821963,40.869755],[125.779175,40.884637],[125.770803,40.886239],[125.760933,40.885671],[125.754732,40.881692],[125.750753,40.874767],[125.745895,40.868153],[125.737007,40.865207],[125.706414,40.860453],[125.70409,40.859195],[125.683212,40.847895],[125.644816,40.810585]]],"type":"Polygon"},"id":249,"properties":{"parentKey":"PRK:1159315283","sourceCountryId":"PRK","syntheticOperational":true,"territoryId":"territory:catalog:5599a5139630e983ed07621ed10275c5bc3f9c3432ba4d3f46b4cec4188d5c1c"},"type":"Feature"},{"geometry":{"coordinates":[[[128.204552832793,40.575539568345],[128.28729281768,40.575539568345],[128.28729281768,40.652036650473],[128.256492,40.631887],[128.241299,40.618555],[128.204552832793,40.575539568345]]],"type":"Polygon"},"id":250,"properties":{"parentKey":"PRK:1159315285","sourceCountryId":"PRK","syntheticOperational":true,"territoryId":"territory:catalog:b8c20788050749012d3c57a545833debd2d061bff8f2343b8bd0a1ee34dc3593"},"type":"Feature"},{"geometry":{"coordinates":[[[126.728971962617,39.712230215827],[126.751956496789,39.712230215827],[126.751468,39.713674],[126.74816,39.716362],[126.742476,39.717809],[126.735345,39.718558],[126.728971962617,39.719792135476],[126.728971962617,39.712230215827]]],"type":"Polygon"},"id":251,"properties":{"parentKey":"PRK:1159315287","sourceCountryId":"PRK","syntheticOperational":true,"territoryId":"territory:catalog:104993e0a77fdda9cff94796555e8f66a09eaeeadca488b2831aac4b265a3bdf"},"type":"Feature"},{"geometry":{"coordinates":[[[125.69953393765,38.41726618705],[125.699852,38.416312],[125.701816,38.41272],[125.704297,38.409568],[125.722073,38.391843],[125.723934,38.388742],[125.725174,38.384789],[125.723727,38.380578],[125.720833,38.37572],[125.716595,38.371224],[125.711841,38.367503],[125.703986,38.363473],[125.703986,38.360114],[125.710911,38.354326],[125.731065,38.346161],[125.743467,38.337376],[125.749462,38.332131],[125.751219,38.327325],[125.750082,38.323682],[125.747808,38.321253],[125.743261,38.317894],[125.7414,38.314277],[125.743881,38.310788],[125.758453,38.309083],[125.774783,38.313967],[125.782638,38.314535],[125.805066,38.310866],[125.81075,38.312726],[125.815918,38.315672],[125.821085,38.317972],[125.826976,38.318592],[125.832971,38.31655],[125.837932,38.310556],[125.842893,38.300479],[125.855192,38.288077],[125.857155,38.283116],[125.857982,38.278051],[125.863253,38.271334],[125.870798,38.26397],[125.898497,38.245702],[125.903890160183,38.240210161306],[125.903890160183,38.41726618705],[125.738332058148,38.41726618705],[125.69953393765,38.41726618705]]],"type":"Polygon"},"id":252,"properties":{"parentKey":"PRK:1159315273","sourceCountryId":"PRK","syntheticOperational":true,"territoryId":"territory:catalog:c21fb68e34600e4af0531f51db56f786e6e72ed9974519e504ebe003f331a293"},"type":"Feature"},{"geometry":{"coordinates":[[[128.962357961736,42.086330935252],[129.026548672566,42.086330935252],[129.111470113086,42.086330935252],[129.111470113086,42.145127027905],[129.105535,42.142106],[129.088482,42.143191],[129.064711,42.153759],[129.06347,42.136086],[129.053342,42.122856],[129.026574,42.101876],[129.0089,42.09508],[128.985026,42.09291],[128.963838,42.088517],[128.962357961736,42.086330935252]]],"type":"Polygon"},"id":253,"properties":{"parentKey":"PRK:1159315277","sourceCountryId":"PRK","syntheticOperational":true,"territoryId":"territory:catalog:bd2e43bb68f693c8e891c87bd36e7bbf2bb338bc014a838e3de49dc07bf925d4"},"type":"Feature"},{"geometry":{"coordinates":[[[128.366533864542,41.223021582734],[128.530579825258,41.223021582734],[128.653386454183,41.223021582734],[128.653386454183,41.438848920863],[128.489208633094,41.438848920863],[128.366533864542,41.438848920863],[128.366533864542,41.223021582734]]],"type":"Polygon"},"id":254,"properties":{"parentKey":"PRK:1159315289","sourceCountryId":"PRK","syntheticOperational":true,"territoryId":"territory:catalog:a79fc5fe980d9e53bfc91a5940e61d10a101f888647cd871a6075d981010a30c"},"type":"Feature"},{"geometry":{"coordinates":[[[129.193902,42.310778],[129.20372,42.310158],[129.212402,42.307755],[129.22067,42.303672],[129.222539043569,42.302158273381],[129.238249594814,42.302158273381],[129.238249594814,42.328769025547],[129.236276,42.323878],[129.226148,42.318142],[129.193902,42.318245],[129.193902,42.310778]]],"type":"Polygon"},"id":255,"properties":{"parentKey":"PRK:1159315277","sourceCountryId":"PRK","syntheticOperational":true,"territoryId":"territory:catalog:505f7f9b9f1bfca2b5145e7e0a315e98ba31d256a4fc0fe025de3e75504b9249"},"type":"Feature"},{"geometry":{"coordinates":[[[126.91282859317,40.359712230216],[126.959247648903,40.359712230216],[127.033831628639,40.359712230216],[127.033831628639,40.567224169018],[127.016878,40.558041],[126.99228,40.54799],[126.979774,40.531118],[126.986079,40.494221],[126.985149,40.466083],[126.966855,40.444896],[126.942567,40.425181],[126.923964,40.401462],[126.917969,40.384848],[126.913628,40.366787],[126.91282859317,40.359712230216]]],"type":"Polygon"},"id":256,"properties":{"parentKey":"PRK:1159315285","sourceCountryId":"PRK","syntheticOperational":true,"territoryId":"territory:catalog:e8861701c5238cf7a6f40ab1677f2e75a465b973d8cd66bf0f3f6e5e3795198f"},"type":"Feature"},{"geometry":{"coordinates":[[[127.057806,40.014044],[127.058219,40.008463],[127.06101,39.995518],[127.073102,39.956037],[127.077443,39.947149],[127.091060793177,39.928057553957],[127.125,39.928057553957],[127.125,40.092566946037],[127.093256,40.073006],[127.089225,40.069906],[127.085194,40.065591],[127.083024,40.0597],[127.083024,40.05231],[127.085297,40.042078],[127.085711,40.035205],[127.082404,40.030063],[127.076512,40.027764],[127.069071,40.026317],[127.062767,40.024146],[127.058529,40.019625],[127.057806,40.014044]]],"type":"Polygon"},"id":257,"properties":{"parentKey":"PRK:1159315285","sourceCountryId":"PRK","syntheticOperational":true,"territoryId":"territory:catalog:e38853034e11d77b42f4a3cc2b1bd41f2b8102fa65b9b06c4113c3dcb8cbe360"},"type":"Feature"},{"geometry":{"coordinates":[[[127.553444180523,40.817397675741],[127.564648,40.809654],[127.570332,40.796942],[127.571470715971,40.791366906475],[127.719021310182,40.791366906475],[127.838479809976,40.791366906475],[127.838479809976,41.007194244604],[127.672756155679,41.007194244604],[127.65226653899,41.007194244604],[127.643506,41.001167],[127.628934,40.997239],[127.598961,40.995379],[127.585422,40.98985],[127.589866,40.977964],[127.614671,40.947863],[127.617771,40.922154],[127.601132,40.899261],[127.553444180523,40.870632105026],[127.553444180523,40.817397675741]]],"type":"Polygon"},"id":258,"properties":{"parentKey":"PRK:1159315289","sourceCountryId":"PRK","syntheticOperational":true,"territoryId":"territory:catalog:fc983a91298e3293fdf0467101291c9c71c6c9bd05aa1abf25531e994e0dde55"},"type":"Feature"},{"geometry":{"coordinates":[[[124.702194357367,40.143884892086],[124.875,40.143884892086],[124.984326018809,40.143884892086],[124.984326018809,40.359712230216],[124.767899291896,40.359712230216],[124.736081342429,40.359712230216],[124.73128,40.349735],[124.72296,40.326687],[124.71247,40.310305],[124.702194357367,40.306342293348],[124.702194357367,40.143884892086]]],"type":"Polygon"},"id":259,"properties":{"parentKey":"PRK:1159315269","sourceCountryId":"PRK","syntheticOperational":true,"territoryId":"territory:catalog:24b092669ec88c2c09bac581b388e3a4cd40bef39da20167a75366917b45891e"},"type":"Feature"},{"geometry":{"coordinates":[[[127.05035971223,41.438848920863],[127.219123505976,41.438848920863],[127.338129496403,41.438848920863],[127.338129496403,41.491844286806],[127.305128,41.494678],[127.28637,41.499018],[127.269058,41.504961],[127.275156,41.507338],[127.283579,41.512196],[127.28978,41.518552],[127.288953,41.525477],[127.28146,41.531058],[127.274691,41.530438],[127.267456,41.527337],[127.258309,41.525477],[127.244512,41.528009],[127.221981,41.540773],[127.207098,41.545941],[127.200328,41.542065],[127.187254,41.521498],[127.17971,41.51695],[127.174335,41.519276],[127.170356,41.523926],[127.165137,41.528526],[127.155938,41.530541],[127.142399,41.523926],[127.134648,41.522014],[127.12824,41.531575],[127.12085,41.534779],[127.111962,41.536639],[127.104675,41.537414],[127.118008,41.555759],[127.136508,41.569247],[127.15785,41.5786],[127.17971,41.585163],[127.166067,41.594956],[127.113977,41.610355],[127.097234,41.612448],[127.101885,41.622293],[127.104675,41.626168],[127.074031,41.635703],[127.058993,41.643299],[127.05035971223,41.652446130944],[127.05035971223,41.438848920863]]],"type":"Polygon"},"id":260,"properties":{"parentKey":"PRK:1159315289","sourceCountryId":"PRK","syntheticOperational":true,"territoryId":"territory:catalog:8214ecb4764876509ae21ad28b32249bbb0e013421addace3b5d45623fd9cf15"},"type":"Feature"},{"geometry":{"coordinates":[[[125.833333333333,39.064748201439],[125.958429561201,39.064748201439],[126.111111111111,39.064748201439],[126.111111111111,39.182171503172],[126.104686,39.181898],[126.096624,39.182906],[126.092593,39.184534],[126.089803,39.186549],[126.088046,39.18859],[126.086805,39.190657],[126.085875,39.192983],[126.085152,39.197918],[126.082981,39.202801],[126.079261,39.209261],[126.069339,39.222309],[126.063758,39.227813],[126.059107,39.231197],[126.053319,39.23267],[126.045361,39.233678],[126.042777,39.233549],[126.040297,39.232929],[126.038126,39.231456],[126.036266,39.229673],[126.034095,39.225849],[126.032545,39.221973],[126.031408,39.220268],[126.029755,39.218459],[126.027067,39.217012],[126.023347,39.214118],[126.012185,39.210217],[125.972807,39.204429],[125.968466,39.20722],[125.95286,39.221973],[125.944282,39.228872],[125.936634,39.231792],[125.929812,39.233755],[125.924645,39.234376],[125.919581,39.234117],[125.90077,39.230655],[125.89674,39.229311],[125.892915,39.227141],[125.885681,39.221663],[125.879376,39.215204],[125.877206,39.212361],[125.873899,39.205695],[125.871418,39.198254],[125.871005,39.196238],[125.870798,39.191949],[125.871315,39.187815],[125.874519,39.172467],[125.874725,39.165956],[125.874415,39.163992],[125.872968,39.162132],[125.870385,39.160737],[125.864493,39.160246],[125.861393,39.160892],[125.859326,39.162235],[125.856845,39.167093],[125.855605,39.17071],[125.853435,39.181149],[125.84806,39.196083],[125.84496,39.202801],[125.843203,39.20554],[125.840619,39.208899],[125.834831,39.215049],[125.833333333333,39.216251525318],[125.833333333333,39.064748201439]]],"type":"Polygon"},"id":261,"properties":{"parentKey":"PRK:1159315275","sourceCountryId":"PRK","syntheticOperational":true,"territoryId":"territory:catalog:6a3d3c6627589189cdede88314b043ec259cfea0efb2c7db82f4e7ed5141838a"},"type":"Feature"},{"geometry":{"coordinates":[[[126.812033,41.489432],[126.81472,41.473438],[126.820714,41.458064],[126.827742,41.447341],[126.84137672843,41.438848920863],[126.871190611053,41.438848920863],[126.899986,41.448788],[126.908874,41.45039],[126.919623,41.450623],[126.929131,41.447677],[126.934299,41.439641],[126.934098968699,41.438848920863],[127.05035971223,41.438848920863],[127.05035971223,41.652446130944],[127.049433,41.653428],[127.049092152997,41.654676258993],[126.95644991103,41.654676258993],[126.957037,41.639784],[126.961377,41.617615],[126.966958,41.603042],[126.968715,41.595911],[126.968405,41.587514],[126.95962,41.572502],[126.944117,41.56413],[126.926547,41.55767],[126.911458,41.548369],[126.901123,41.534674],[126.894508,41.523151],[126.885516,41.515037],[126.867533,41.511678],[126.838698,41.514882],[126.825882,41.51266],[126.814616,41.501963],[126.812033,41.489432]]],"type":"Polygon"},"id":262,"properties":{"parentKey":"PRK:1159315289","sourceCountryId":"PRK","syntheticOperational":true,"territoryId":"territory:catalog:a4c1916615b39fe52ba3932648749c93b6533d8fd0f3552e5da70d7c6a45783a"},"type":"Feature"},{"geometry":{"coordinates":[[[125.354691075515,38.201438848921],[125.520912547529,38.201438848921],[125.629290617849,38.201438848921],[125.629290617849,38.41726618705],[125.462892119357,38.41726618705],[125.354691075515,38.41726618705],[125.354691075515,38.201438848921]]],"type":"Polygon"},"id":263,"properties":{"parentKey":"PRK:1159315261","sourceCountryId":"PRK","syntheticOperational":true,"territoryId":"territory:catalog:2a3f2d8a591c774013595cd1e307e35e66f33143f7a3e4434866359b27595c25"},"type":"Feature"},{"geometry":{"coordinates":[[[128.244638602065,41.007194244604],[128.386198592328,41.007194244604],[128.407077,41.007885],[128.419542119696,41.007194244604],[128.478413284566,41.007194244604],[128.478908,41.007213],[128.507743,41.018323],[128.520042,41.030777],[128.530579825258,41.046986114257],[128.530579825258,41.223021582734],[128.366533864542,41.223021582734],[128.244638602065,41.223021582734],[128.244638602065,41.007194244604]]],"type":"Polygon"},"id":264,"properties":{"parentKey":"PRK:1159315289","sourceCountryId":"PRK","syntheticOperational":true,"territoryId":"territory:catalog:e8d5b36ef3aff086c1e17bd52bb27c1b40a5e92191e63b7db45ca636c9613244"},"type":"Feature"},{"geometry":{"coordinates":[[[125.914526933687,38.201438848921],[125.916893,38.191158],[125.91896,38.186171],[125.921751,38.181339],[125.927642,38.176611],[125.936324,38.172632],[125.95193,38.170151],[125.961955,38.169608],[125.970327,38.170099],[126.00743,38.177463],[126.031718,38.187979],[126.03823,38.190072],[126.047738,38.189943],[126.068441064639,38.186006376917],[126.068441064639,38.201438848921],[125.914526933687,38.201438848921]]],"type":"Polygon"},"id":265,"properties":{"parentKey":"PRK:1159315273","sourceCountryId":"PRK","syntheticOperational":true,"territoryId":"territory:catalog:9de81adef85a065f2ed27d4379a28d71e9d0fe7c6c1ebf7dce85502a921f3675"},"type":"Feature"},{"geometry":{"coordinates":[[[128.003157063931,40.575539568345],[128.00400275352,40.575539568345],[128.05051,40.588169],[128.065806,40.589099],[128.080379,40.586464],[128.092678,40.578996],[128.09729285181,40.575539568345],[128.16679779701,40.575539568345],[128.204552832793,40.575539568345],[128.241299,40.618555],[128.256492,40.631887],[128.28729281768,40.652036650473],[128.28729281768,40.791366906475],[128.12351543943,40.791366906475],[128.003157063931,40.791366906475],[128.003157063931,40.575539568345]]],"type":"Polygon"},"id":266,"properties":{"parentKey":"PRK:1159315289","sourceCountryId":"PRK","syntheticOperational":true,"territoryId":"territory:catalog:c59106d848d3922cb77beb45e7a9446d6507b7ea1376e0041316b665a95dbcb2"},"type":"Feature"},{"geometry":{"coordinates":[[[125.833333333333,39.216251525318],[125.834831,39.215049],[125.840619,39.208899],[125.843203,39.20554],[125.84496,39.202801],[125.84806,39.196083],[125.853435,39.181149],[125.855605,39.17071],[125.856845,39.167093],[125.859326,39.162235],[125.861393,39.160892],[125.864493,39.160246],[125.870385,39.160737],[125.872968,39.162132],[125.874415,39.163992],[125.874725,39.165956],[125.874519,39.172467],[125.871315,39.187815],[125.870798,39.191949],[125.871005,39.196238],[125.871418,39.198254],[125.873899,39.205695],[125.877206,39.212361],[125.879376,39.215204],[125.885681,39.221663],[125.892915,39.227141],[125.89674,39.229311],[125.90077,39.230655],[125.919581,39.234117],[125.924645,39.234376],[125.929812,39.233755],[125.936634,39.231792],[125.944282,39.228872],[125.95286,39.221973],[125.968466,39.20722],[125.972807,39.204429],[126.012185,39.210217],[126.023347,39.214118],[126.027067,39.217012],[126.029755,39.218459],[126.031408,39.220268],[126.032545,39.221973],[126.034095,39.225849],[126.036266,39.229673],[126.038126,39.231456],[126.040297,39.232929],[126.042777,39.233549],[126.045361,39.233678],[126.053319,39.23267],[126.059107,39.231197],[126.063758,39.227813],[126.069339,39.222309],[126.079261,39.209261],[126.082981,39.202801],[126.085152,39.197918],[126.085875,39.192983],[126.086805,39.190657],[126.088046,39.18859],[126.089803,39.186549],[126.092593,39.184534],[126.096624,39.182906],[126.104686,39.181898],[126.111111111111,39.182171503172],[126.111111111111,39.280575539568],[125.94427244582,39.280575539568],[125.833333333333,39.280575539568],[125.833333333333,39.216251525318]]],"type":"Polygon"},"id":267,"properties":{"parentKey":"PRK:1159315287","sourceCountryId":"PRK","syntheticOperational":true,"territoryId":"territory:catalog:836e3ff171bf47697a3a178bea53bb70c43cab9c5c8a880a27ee0b3dee91b9ea"},"type":"Feature"},{"geometry":{"coordinates":[[[126.055900621118,39.496402877698],[126.222910216718,39.496402877698],[126.335403726708,39.496402877698],[126.335403726708,39.712230215827],[126.168224299065,39.712230215827],[126.055900621118,39.712230215827],[126.055900621118,39.496402877698]]],"type":"Polygon"},"id":268,"properties":{"parentKey":"PRK:1159315287","sourceCountryId":"PRK","syntheticOperational":true,"territoryId":"territory:catalog:4c1e79e9fb7f40f2c240cf1ad5f48511d67c87cae5bcd3312469bfae95621068"},"type":"Feature"},{"geometry":{"coordinates":[[[125.539407250706,40.575539568345],[125.541619,40.574087],[125.552161,40.57109],[125.560843,40.570806],[125.577172,40.574294],[125.584717,40.574087],[125.590918,40.570676],[125.595156,40.563752],[125.60115,40.541066],[125.602597,40.5375],[125.610142,40.524633],[125.612209,40.519568],[125.612209,40.513884],[125.610659,40.508665],[125.608282,40.503342],[125.605388,40.498019],[125.594019,40.483912],[125.592779,40.481302],[125.592262,40.480036],[125.587611,40.451898],[125.585441,40.446136],[125.578206,40.434974],[125.576139,40.429522],[125.575829,40.423812],[125.577069,40.418489],[125.57924,40.413373],[125.582547,40.40849],[125.617623918175,40.380163166548],[125.617623918175,40.575539568345],[125.539407250706,40.575539568345]]],"type":"Polygon"},"id":269,"properties":{"parentKey":"PRK:1159315283","sourceCountryId":"PRK","syntheticOperational":true,"territoryId":"territory:catalog:334f3cf7568c92cdc9b328d886b86453f27b2a29d8d393336f2a02e19e1e7f83"},"type":"Feature"},{"geometry":{"coordinates":[[[125.377289,37.781887],[125.395112,37.776435],[125.413191811979,37.779134178732],[125.413191811979,37.810285070425],[125.410981,37.809394],[125.389903,37.796129],[125.377289,37.781887]]],"type":"Polygon"},"id":270,"properties":{"parentKey":"PRK:1159315261","sourceCountryId":"PRK","syntheticOperational":true,"territoryId":"territory:catalog:84288561d0a2da1e742fb2287a525d6ff8141512897a3898e25bc99034c95e4e"},"type":"Feature"},{"geometry":{"coordinates":[[[125.617623918175,40.380163166548],[125.624301,40.374771],[125.628642,40.369707],[125.629986,40.364307],[125.62884789263,40.359712230216],[125.830721003135,40.359712230216],[125.900865460268,40.359712230216],[125.900865460268,40.575539568345],[125.730071033938,40.575539568345],[125.617623918175,40.575539568345],[125.617623918175,40.380163166548]]],"type":"Polygon"},"id":271,"properties":{"parentKey":"PRK:1159315283","sourceCountryId":"PRK","syntheticOperational":true,"territoryId":"territory:catalog:65c6a2d3a5279446fd8e34f6a2a1115b575575b94ac0d3c680f90d4a28a03c5a"},"type":"Feature"},{"geometry":{"coordinates":[[[127.33746130031,39.406139652967],[127.378199,39.410489],[127.403211,39.409404],[127.410962,39.410592],[127.41768,39.410592],[127.424398,39.409843],[127.438074708106,39.405172099688],[127.43808,39.405178],[127.44044,39.407864],[127.469981,39.429755],[127.482921,39.436998],[127.495128,39.433417],[127.503998,39.422838],[127.507579,39.409247],[127.542247,39.371487],[127.526947,39.344224],[127.5206,39.329413],[127.521821,39.31623],[127.53183,39.305121],[127.543468,39.301947],[127.554454,39.305976],[127.562104,39.31623],[127.562999,39.343736],[127.535411,39.443752],[127.523594878091,39.496402877698],[127.453416149068,39.496402877698],[127.33746130031,39.496402877698],[127.33746130031,39.406139652967]]],"type":"Polygon"},"id":272,"properties":{"parentKey":"PRK:1159315285","sourceCountryId":"PRK","syntheticOperational":true,"territoryId":"territory:catalog:2791df8b4d3766ec96e3301d3bc4a8a8f1102d1cf379041969e913f88dc014c1"},"type":"Feature"},{"geometry":{"coordinates":[[[127.913669064748,41.438848920863],[128.012798598446,41.438848920863],[128.013095,41.442278],[128.012372,41.460106],[128.001416,41.470855],[127.992735,41.46114],[127.984467,41.454008],[127.974235,41.450339],[127.944211,41.470855],[127.913669064748,41.467396869117],[127.913669064748,41.438848920863]]],"type":"Polygon"},"id":273,"properties":{"parentKey":"PRK:1159315289","sourceCountryId":"PRK","syntheticOperational":true,"territoryId":"territory:catalog:de46bf572ecc6781b61d68d8d79f117a85f58c0755702fdcb852742cc03c87a2"},"type":"Feature"},{"geometry":{"coordinates":[[[126.557888,39.131229],[126.559025,39.125493],[126.560885,39.119938],[126.563676,39.114822],[126.577008,39.098957],[126.580625,39.093402],[126.58538,39.082757],[126.58848,39.077589],[126.592718,39.072473],[126.602593341712,39.064748201439],[126.666666666667,39.064748201439],[126.666666666667,39.136941608774],[126.666408,39.136888],[126.651629,39.13526],[126.635402,39.135674],[126.627754,39.137353],[126.62021,39.140169],[126.613388,39.143683],[126.607497,39.148179],[126.592201,39.163992],[126.584966,39.167584],[126.576905,39.166499],[126.567293,39.159651],[126.560575,39.147172],[126.558095,39.138671],[126.557888,39.131229]]],"type":"Polygon"},"id":274,"properties":{"parentKey":"PRK:1159315273","sourceCountryId":"PRK","syntheticOperational":true,"territoryId":"territory:catalog:7e13bad28187b5258fb5afffbf6e24f4bd2513394d18b553fff4b286be3b2d7b"},"type":"Feature"},{"geometry":{"coordinates":[[[129.080497727893,40.575539568345],[129.089723,40.571219],[129.108223,40.567447],[129.160605,40.564601],[129.160605088352,40.5646009952],[129.161235,40.565549],[129.172618,40.568915],[129.172903653461,40.575539568345],[129.139700078927,40.575539568345],[129.080497727893,40.575539568345]]],"type":"Polygon"},"id":275,"properties":{"parentKey":"PRK:1159315277","sourceCountryId":"PRK","syntheticOperational":true,"territoryId":"territory:catalog:0e3e44be407cb546c59ec24d0fa74ce7d68c6b9280591b8aa9df87da8fff2810"},"type":"Feature"},{"geometry":{"coordinates":[[[126.111111111111,39.064748201439],[126.235565819861,39.064748201439],[126.279988738583,39.064748201439],[126.256097,39.083584],[126.244935,39.095159],[126.242041,39.101257],[126.240801,39.104513],[126.239974,39.107794],[126.239458,39.113814],[126.240388,39.118388],[126.242352,39.123478],[126.242662,39.129214],[126.241731,39.135777],[126.23677,39.148877],[126.233153,39.154174],[126.229949,39.157326],[126.224265,39.158463],[126.214756,39.158721],[126.184681,39.155827],[126.178583,39.155879],[126.176412,39.156137],[126.164734,39.163475],[126.143133,39.180632],[126.138068,39.183319],[126.111111111111,39.182171503172],[126.111111111111,39.064748201439]]],"type":"Polygon"},"id":276,"properties":{"parentKey":"PRK:1159315275","sourceCountryId":"PRK","syntheticOperational":true,"territoryId":"territory:catalog:56cbd670ad19f322f3d1a9bf06bf77848165e383e963845ca681c92e8b46c365"},"type":"Feature"},{"geometry":{"coordinates":[[[124.984326018809,40.143884892086],[125.15625,40.143884892086],[125.266457680251,40.143884892086],[125.266457680251,40.359712230216],[125.051140833989,40.359712230216],[124.984326018809,40.359712230216],[124.984326018809,40.143884892086]]],"type":"Polygon"},"id":277,"properties":{"parentKey":"PRK:1159315269","sourceCountryId":"PRK","syntheticOperational":true,"territoryId":"territory:catalog:145cb0b19634d4a9ead7f1fe2edb039ea0f61ee3a8fa6e0b6f36adf7a67d1231"},"type":"Feature"},{"geometry":{"coordinates":[[[126.289211935731,38.41726618705],[126.453089244851,38.41726618705],[126.564651874522,38.41726618705],[126.564651874522,38.63309352518],[126.400613967767,38.63309352518],[126.289211935731,38.63309352518],[126.289211935731,38.41726618705]]],"type":"Polygon"},"id":278,"properties":{"parentKey":"PRK:1159315273","sourceCountryId":"PRK","syntheticOperational":true,"territoryId":"territory:catalog:27778ef577413871d17e15a00cbec94b66cd4ccbc31cc9ace6799fbd97c9b354"},"type":"Feature"},{"geometry":{"coordinates":[[[127.621247113164,38.848920863309],[127.782041442824,38.848920863309],[127.898383371824,38.848920863309],[127.898383371824,38.961279058601],[127.892914,38.957465],[127.888682,38.961371],[127.885509,38.974189],[127.851573,39.00141],[127.836518,39.0185],[127.830333,39.032864],[127.823741,39.043036],[127.804127969812,39.064748201439],[127.777777777778,39.064748201439],[127.621247113164,39.064748201439],[127.621247113164,38.848920863309]]],"type":"Polygon"},"id":279,"properties":{"parentKey":"PRK:1159315279","sourceCountryId":"PRK","syntheticOperational":true,"territoryId":"territory:catalog:5e2bc27733510aba3397e585ab30b1b0efc590af79c0602055b822864a33b1b6"},"type":"Feature"},{"geometry":{"coordinates":[[[128.478413284566,41.007194244604],[128.530579825258,41.007194244604],[128.530579825258,41.046986114257],[128.520042,41.030777],[128.507743,41.018323],[128.478908,41.007213],[128.478413284566,41.007194244604]]],"type":"Polygon"},"id":280,"properties":{"parentKey":"PRK:1159315285","sourceCountryId":"PRK","syntheticOperational":true,"territoryId":"territory:catalog:701d06f8ab622f02f59942c78ecff29b6065390e20d7b6a618292c233ab71157"},"type":"Feature"},{"geometry":{"coordinates":[[[126.115124,38.928761],[126.115434,38.923542],[126.116468,38.918529],[126.118328,38.913413],[126.121222,38.908504],[126.125149,38.903801],[126.13042,38.899435],[126.142409,38.893053],[126.166491,38.883027],[126.171865,38.879694],[126.175276,38.876878],[126.199659005437,38.848920863309],[126.235565819861,38.848920863309],[126.235565819861,38.983379668712],[126.231189,38.984675],[126.20008,38.988396],[126.194809,38.989998],[126.186748,38.989429],[126.181993,38.984003],[126.173208,38.980696],[126.16618,38.974314],[126.155122,38.969637],[126.146853,38.970438],[126.140032,38.975632],[126.134554,38.974004],[126.125976,38.966511],[126.121429,38.960335],[126.119258,38.954367],[126.118018,38.949251],[126.115124,38.928761]]],"type":"Polygon"},"id":281,"properties":{"parentKey":"PRK:1159315273","sourceCountryId":"PRK","syntheticOperational":true,"territoryId":"territory:catalog:fbc9d3459a0832f4f0a15442992a1d076c002b4904f390b016f79298ce2fffe1"},"type":"Feature"},{"geometry":{"coordinates":[[[129.548693586698,40.809765627387],[129.551051,40.810117],[129.553941,40.828932],[129.571773,40.839716],[129.597968,40.838541],[129.609803,40.840929],[129.626167,40.838312],[129.643922,40.841618],[129.662852,40.838772],[129.68456,40.841829],[129.698357,40.845606],[129.706087,40.835661],[129.716558,40.834586],[129.725219,40.847818],[129.737343,40.871456],[129.734272,40.891102],[129.752997,40.90994],[129.749229,40.91701],[129.755574,40.93897],[129.764891,40.944414],[129.750824,40.951728],[129.732514,40.96894],[129.728282,40.978705],[129.723538122271,41.007194244604],[129.67434471803,41.007194244604],[129.548693586698,41.007194244604],[129.548693586698,40.809765627387]]],"type":"Polygon"},"id":282,"properties":{"parentKey":"PRK:1159315277","sourceCountryId":"PRK","syntheticOperational":true,"territoryId":"territory:catalog:b356fbebbdaaa9762d446c4198286beef196c98bcddbc5fc6416915f9fcfe613"},"type":"Feature"},{"geometry":{"coordinates":[[[126.959247648903,40.143884892086],[127.125,40.143884892086],[127.178112002235,40.143884892086],[127.177902,40.147963],[127.172734,40.155095],[127.163122,40.162691],[127.125915,40.1807],[127.115993,40.187211],[127.110412,40.19703],[127.106278,40.211344],[127.102144,40.239689],[127.102247,40.240929],[127.104728,40.247337],[127.110412,40.257879],[127.112273,40.263253],[127.112893,40.268524],[127.111963,40.273537],[127.109792,40.278756],[127.104728,40.284802],[127.056875,40.320717],[127.048401,40.325549],[127.034965,40.330484],[127.016464,40.334928],[127.003029,40.336582],[126.959247648903,40.335700160675],[126.959247648903,40.143884892086]]],"type":"Polygon"},"id":283,"properties":{"parentKey":"PRK:1159315287","sourceCountryId":"PRK","syntheticOperational":true,"territoryId":"territory:catalog:1644da6f8fd9d2cf099c26cb57f936c9ae4ca6a4eebcc0c51d078d697e9073e6"},"type":"Feature"},{"geometry":{"coordinates":[[[128.946414506904,40.791366906475],[128.955674,40.782576],[128.964046,40.772602],[128.969627,40.761957],[128.971901,40.749451],[128.972831,40.723975],[128.975931,40.711107],[128.98823,40.693124],[129.007144,40.678293],[129.047038,40.653901],[129.062231,40.637985],[129.063058,40.624368],[129.059647,40.610105],[129.062231,40.592225],[129.073393,40.578867],[129.080497727893,40.575539568345],[129.139700078927,40.575539568345],[129.139700078927,40.791366906475],[128.978622327791,40.791366906475],[128.946414506904,40.791366906475]]],"type":"Polygon"},"id":284,"properties":{"parentKey":"PRK:1159315277","sourceCountryId":"PRK","syntheticOperational":true,"territoryId":"territory:catalog:3e071adaace6bdee1d7b4ad2bb7bb285b750606d5f140f74382d804aa57d89bb"},"type":"Feature"},{"geometry":{"coordinates":[[[129.388403494837,41.007194244604],[129.548693586698,41.007194244604],[129.67434471803,41.007194244604],[129.67434471803,41.223021582734],[129.513944223108,41.223021582734],[129.388403494837,41.223021582734],[129.388403494837,41.007194244604]]],"type":"Polygon"},"id":285,"properties":{"parentKey":"PRK:1159315277","sourceCountryId":"PRK","syntheticOperational":true,"territoryId":"territory:catalog:951b3095a5b309fd206d2a86bdbbfbd85aa9d7d3838a64c5220027697b40f636"},"type":"Feature"},{"geometry":{"coordinates":[[[126.168224299065,39.834151907502],[126.259405,39.852658],[126.329995,39.881778],[126.352836,39.888547],[126.362861,39.893715],[126.368752,39.899219],[126.370302,39.904955],[126.370509,39.911053],[126.369889,39.917228],[126.368132,39.923145],[126.365539802556,39.928057553957],[126.28125,39.928057553957],[126.168224299065,39.928057553957],[126.168224299065,39.834151907502]]],"type":"Polygon"},"id":286,"properties":{"parentKey":"PRK:1159315269","sourceCountryId":"PRK","syntheticOperational":true,"territoryId":"territory:catalog:dca094d468d1037c5e71575b23b192800a2a00020010ade77ece2320fdb44448"},"type":"Feature"},{"geometry":{"coordinates":[[[127.838479809976,40.791366906475],[128.003157063931,40.791366906475],[128.12351543943,40.791366906475],[128.12351543943,41.007194244604],[127.958697378872,41.007194244604],[127.838479809976,41.007194244604],[127.838479809976,40.791366906475]]],"type":"Polygon"},"id":287,"properties":{"parentKey":"PRK:1159315289","sourceCountryId":"PRK","syntheticOperational":true,"territoryId":"territory:catalog:3b82daaaf647cac517b40ea2e70194e66b95efd15f6afdf2a0d6ed9c750ffe8a"},"type":"Feature"},{"geometry":{"coordinates":[[[126.100786197038,37.769784172662],[126.110362,37.740912],[126.122448979592,37.739031208183],[126.122448979592,37.769784172662],[126.100786197038,37.769784172662]]],"type":"Polygon"},"id":288,"properties":{"parentKey":"PRK:1159315261","sourceCountryId":"PRK","syntheticOperational":true,"territoryId":"territory:catalog:b31a710f2d04782166b52d5ae26246c6b5d1c38722e97d87a70af325c5f95e7a"},"type":"Feature"},{"geometry":{"coordinates":[[[128.217291507269,38.41726618705],[128.241166860208,38.41726618705],[128.24874,38.425769],[128.268067,38.45352],[128.281089,38.48437],[128.28543,38.519846],[128.276955,38.554056],[128.274785,38.571497],[128.281089,38.584416],[128.308374,38.60134],[128.364919,38.624335],[128.364594,38.624742],[128.362633295764,38.63309352518],[128.334612432847,38.63309352518],[128.217291507269,38.63309352518],[128.217291507269,38.41726618705]]],"type":"Polygon"},"id":289,"properties":{"parentKey":"PRK:1159315279","sourceCountryId":"PRK","syntheticOperational":true,"territoryId":"territory:catalog:2fd41f85ffe0d0c1e5770ec7c4c7e246ec5d7d25099403fb8c532cd9718b7f64"},"type":"Feature"},{"geometry":{"coordinates":[[[126.666666666667,39.064748201439],[126.789838337182,39.064748201439],[126.915584982553,39.064748201439],[126.904327,39.066169],[126.890684,39.073119],[126.839111,39.106528],[126.824228,39.113039],[126.809655,39.117923],[126.777823,39.122186],[126.771001,39.124331],[126.76418,39.127715],[126.749091,39.138051],[126.737515,39.143425],[126.729867,39.145802],[126.721909,39.14681],[126.714157,39.146784],[126.666666666667,39.136941608774],[126.666666666667,39.064748201439]]],"type":"Polygon"},"id":290,"properties":{"parentKey":"PRK:1159315273","sourceCountryId":"PRK","syntheticOperational":true,"territoryId":"territory:catalog:1f75b9a5e64bbe00764abbb02cc50a3787247ac198f0b3aeceb477ef5b61d3e4"},"type":"Feature"},{"geometry":{"coordinates":[[[129.102462271644,41.007194244604],[129.263657957245,41.007194244604],[129.388403494837,41.007194244604],[129.388403494837,41.223021582734],[129.227091633466,41.223021582734],[129.102462271644,41.223021582734],[129.102462271644,41.007194244604]]],"type":"Polygon"},"id":291,"properties":{"parentKey":"PRK:1159315277","sourceCountryId":"PRK","syntheticOperational":true,"territoryId":"territory:catalog:a300df7e63bcd699ef094bfa683e7b3942e852ef6a36a9b52ea986cd5a18a8f9"},"type":"Feature"},{"geometry":{"coordinates":[[[126.235565819861,38.848920863309],[126.400613967767,38.848920863309],[126.512702078522,38.848920863309],[126.512702078522,39.001949325394],[126.507348,39.000927],[126.499183,38.99669],[126.487298,38.984623],[126.485024,38.977027],[126.486058,38.970438],[126.492672,38.960749],[126.497013,38.950956],[126.499183,38.942274],[126.500114,38.935427],[126.500114,38.931526],[126.499597,38.928193],[126.498563,38.924653],[126.496186,38.92039],[126.491535,38.915971],[126.485334,38.911889],[126.469211,38.911243],[126.457739,38.911966],[126.387252,38.930518],[126.378364,38.934239],[126.373403,38.935789],[126.367408,38.938321],[126.360897,38.941835],[126.329271,38.953049],[126.322553,38.954677],[126.302503,38.957622],[126.295888,38.957493],[126.288654,38.954522],[126.270153,38.959224],[126.257648,38.964986],[126.254134,38.968526],[126.242662,38.976329],[126.236254,38.983176],[126.235565819861,38.983379668712],[126.235565819861,38.848920863309]]],"type":"Polygon"},"id":292,"properties":{"parentKey":"PRK:1159315273","sourceCountryId":"PRK","syntheticOperational":true,"territoryId":"territory:catalog:3589b0d5622b6e3df8413909a1cc95f7051903c00fa8af8eee052f31aeb2deba"},"type":"Feature"},{"geometry":{"coordinates":[[[126.503495069866,41.438848920863],[126.645418326693,41.438848920863],[126.762589928058,41.438848920863],[126.762589928058,41.654676258993],[126.610427071143,41.654676258993],[126.60207,41.642059],[126.567034,41.614154],[126.566517,41.601932],[126.577266,41.588315],[126.580883,41.575241],[126.577266,41.561805],[126.558766,41.534158],[126.542229,41.488993],[126.507606,41.447239],[126.503495069866,41.438848920863]]],"type":"Polygon"},"id":293,"properties":{"parentKey":"PRK:1159315283","sourceCountryId":"PRK","syntheticOperational":true,"territoryId":"territory:catalog:3aad48b1e0ad95e71ca73958da37e3d610dd6959588aca64c16a3a84e58c1723"},"type":"Feature"},{"geometry":{"coordinates":[[[125.413191811979,37.779134178732],[125.429454,37.781562],[125.444916,37.7744],[125.432241477887,37.769784172662],[125.498945218309,37.769784172662],[125.50351,37.778795],[125.527599,37.796129],[125.520518,37.780178],[125.528901,37.772528],[125.54184,37.770453],[125.548595,37.771308],[125.551606,37.782701],[125.559581,37.787746],[125.570567,37.787095],[125.582774,37.781887],[125.580414,37.778795],[125.580089,37.777655],[125.579356,37.776679],[125.575206,37.7744],[125.581106015485,37.769784172662],[125.620251767679,37.769784172662],[125.620372,37.774115],[125.616954,37.788723],[125.611095,37.79975],[125.609223,37.806301],[125.613536,37.809149],[125.633556,37.809556],[125.640147,37.813422],[125.644135,37.822821],[125.637787,37.825344],[125.623057,37.837104],[125.641205,37.856391],[125.636811,37.878648],[125.627452,37.902167],[125.630626,37.925238],[125.645518,37.915473],[125.657074,37.905829],[125.668956,37.899156],[125.685069,37.898586],[125.686125852919,37.89883717856],[125.686125852919,37.955145113661],[125.678315,37.952541],[125.685313,37.972113],[125.675385,37.977607],[125.640717,37.973619],[125.62143,37.97899],[125.608999629724,37.985611510791],[125.520912547529,37.985611510791],[125.413191811979,37.985611510791],[125.413191811979,37.898615914594],[125.431895,37.898586],[125.430024,37.902004],[125.427501,37.908352],[125.424408,37.912177],[125.445649,37.920396],[125.455089,37.914618],[125.463878,37.90412],[125.483165,37.898586],[125.510102,37.894273],[125.508637,37.883734],[125.479096,37.857611],[125.486664,37.847073],[125.497325,37.839667],[125.510834,37.837714],[125.527599,37.843329],[125.524181,37.817816],[125.505138,37.813178],[125.455821,37.822821],[125.434906,37.819037],[125.413191811979,37.810285070425],[125.413191811979,37.779134178732]]],"type":"Polygon"},"id":294,"properties":{"parentKey":"PRK:1159315261","sourceCountryId":"PRK","syntheticOperational":true,"territoryId":"territory:catalog:aae390b38c0c524c60cc68a6cf189937c694103e89f5b9249fe70072250f03c2"},"type":"Feature"},{"geometry":{"coordinates":[[[125.34254,39.433539],[125.351654,39.437405],[125.361827,39.439927],[125.372569,39.440985],[125.383556,39.440334],[125.359955,39.413153],[125.357026,39.398749],[125.376475,39.392524],[125.386996904025,39.391246684424],[125.386996904025,39.492877618909],[125.379405,39.486274],[125.360362,39.474677],[125.346039,39.459621],[125.34254,39.433539]]],"type":"Polygon"},"id":295,"properties":{"parentKey":"PRK:1159315287","sourceCountryId":"PRK","syntheticOperational":true,"territoryId":"territory:catalog:b650457b2583bc8686544eb987c43b6a0302875f8729d39634575ab65fafc33d"},"type":"Feature"},{"geometry":{"coordinates":[[[128.530579825258,41.046986114257],[128.538335,41.058915],[128.549498,41.07155],[128.566137,41.079663],[128.607168,41.090826],[128.619571,41.101445],[128.623498,41.113822],[128.626599,41.13072],[128.628046,41.147618],[128.627012,41.159969],[128.630216,41.172319],[128.645409,41.173559],[128.687267,41.163508],[128.698636,41.163689],[128.723234,41.16927],[128.738427,41.170278],[128.753206,41.167203],[128.816521048451,41.14508665096],[128.816521048451,41.223021582734],[128.653386454183,41.223021582734],[128.530579825258,41.223021582734],[128.530579825258,41.046986114257]]],"type":"Polygon"},"id":296,"properties":{"parentKey":"PRK:1159315289","sourceCountryId":"PRK","syntheticOperational":true,"territoryId":"territory:catalog:5c018aba5dcdfc0018ebe8036fa67d84625ac3d4227ddc3564d58c890c621b2f"},"type":"Feature"},{"geometry":{"coordinates":[[[128.901363271852,41.654676258993],[129.064748201439,41.654676258993],[129.190056134723,41.654676258993],[129.190056134723,41.870503597122],[129.026548672566,41.870503597122],[128.901363271852,41.870503597122],[128.901363271852,41.654676258993]]],"type":"Polygon"},"id":297,"properties":{"parentKey":"PRK:1159315277","sourceCountryId":"PRK","syntheticOperational":true,"territoryId":"territory:catalog:3b0198cf142c9f37d073925d57617715bcccf585d3a5db5444ef1a5f05fe7533"},"type":"Feature"},{"geometry":{"coordinates":[[[125.16179952644,40.575539568345],[125.334382376082,40.575539568345],[125.445935280189,40.575539568345],[125.445935280189,40.639060640773],[125.41516,40.652685],[125.414959,40.651938],[125.41713,40.639278],[125.413254,40.631785],[125.390878,40.632456],[125.384574,40.635092],[125.372481,40.643929],[125.363593,40.646719],[125.356048,40.646047],[125.33667,40.641138],[125.323182,40.644859],[125.308196,40.64982],[125.293313,40.648579],[125.27719,40.643618],[125.270989,40.632456],[125.264839,40.622483],[125.256106,40.615041],[125.242412,40.611321],[125.216418,40.602639],[125.181537,40.593957],[125.16179952644,40.587043962709],[125.16179952644,40.575539568345]]],"type":"Polygon"},"id":298,"properties":{"parentKey":"PRK:1159315269","sourceCountryId":"PRK","syntheticOperational":true,"territoryId":"territory:catalog:7c29cce9bc9098cde17f18c2ad8ffddede170f4c3d8b58ab6f76eb0e6a0468fb"},"type":"Feature"},{"geometry":{"coordinates":[[[129.227091633466,41.223021582734],[129.388403494837,41.223021582734],[129.513944223108,41.223021582734],[129.513944223108,41.438848920863],[129.352517985611,41.438848920863],[129.227091633466,41.438848920863],[129.227091633466,41.223021582734]]],"type":"Polygon"},"id":299,"properties":{"parentKey":"PRK:1159315277","sourceCountryId":"PRK","syntheticOperational":true,"territoryId":"territory:catalog:b727e54293200a4aadf37867bd92e579835f15d3aef1f27a365ce01fa08877b3"},"type":"Feature"},{"geometry":{"coordinates":[[[126.528991262907,41.007194244604],[126.698337292162,41.007194244604],[126.8149324861,41.007194244604],[126.8149324861,41.223021582734],[126.645418326693,41.223021582734],[126.528991262907,41.223021582734],[126.528991262907,41.007194244604]]],"type":"Polygon"},"id":300,"properties":{"parentKey":"PRK:1159315283","sourceCountryId":"PRK","syntheticOperational":true,"territoryId":"territory:catalog:1e26a4c05b2ab6e73e03a214a482d0f312624a650d7c5d785e614894a976c03b"},"type":"Feature"},{"geometry":{"coordinates":[[[130.129251133547,42.086330935252],[130.133198,42.084719],[130.150108,42.074103],[130.159432,42.072838],[130.166596,42.077094],[130.163585,42.083482],[130.160248,42.08511],[130.161468935252,42.086330935252],[130.129251133547,42.086330935252]]],"type":"Polygon"},"id":301,"properties":{"parentKey":"PRK:1159315277","sourceCountryId":"PRK","syntheticOperational":true,"territoryId":"territory:catalog:5904e8c7a3eb77ba4233e5b1e6af7c1b28714fae0722a8061e8e88501902239c"},"type":"Feature"},{"geometry":{"coordinates":[[[124.736081342429,40.359712230216],[124.767899291896,40.359712230216],[124.767899291896,40.381253977392],[124.756808,40.37919],[124.741202,40.370353],[124.736081342429,40.359712230216]]],"type":"Polygon"},"id":302,"properties":{"parentKey":"PRK:1159315269","sourceCountryId":"PRK","syntheticOperational":true,"territoryId":"territory:catalog:7f922ac2704f7fe7aa02890b4b189dd057efcbb0ee8dac60047b6d787846a1d2"},"type":"Feature"},{"geometry":{"coordinates":[[[127.65226653899,41.007194244604],[127.672756155679,41.007194244604],[127.672756155679,41.068123463969],[127.666864,41.034291],[127.662523,41.020132],[127.654772,41.008918],[127.65226653899,41.007194244604]]],"type":"Polygon"},"id":303,"properties":{"parentKey":"PRK:1159315289","sourceCountryId":"PRK","syntheticOperational":true,"territoryId":"territory:catalog:84e2e5ef1ef979b6fb721c0e7b0a0ce98b2a16fa75ea041f31636c4c81179c2b"},"type":"Feature"},{"geometry":{"coordinates":[[[127.958697378872,41.007194244604],[128.12351543943,41.007194244604],[128.244638602065,41.007194244604],[128.244638602065,41.223021582734],[128.0796812749,41.223021582734],[127.958697378872,41.223021582734],[127.958697378872,41.007194244604]]],"type":"Polygon"},"id":304,"properties":{"parentKey":"PRK:1159315289","sourceCountryId":"PRK","syntheticOperational":true,"territoryId":"territory:catalog:a22132f9f40f6bf3116d4b49473b6151eb5e4b892a7cf00360cb89395bbffba0"},"type":"Feature"},{"geometry":{"coordinates":[[[128.571428571429,40.575539568345],[128.733280881196,40.575539568345],[128.855564325178,40.575539568345],[128.855564325178,40.791366906475],[128.693586698337,40.791366906475],[128.571428571429,40.791366906475],[128.571428571429,40.575539568345]]],"type":"Polygon"},"id":305,"properties":{"parentKey":"PRK:1159315285","sourceCountryId":"PRK","syntheticOperational":true,"territoryId":"territory:catalog:1302a89f809828849c30f01433f395eb6059e09a7a59d1579c53e8e326beb9e0"},"type":"Feature"},{"geometry":{"coordinates":[[[128.447304907482,41.870503597122],[128.612670408982,41.870503597122],[128.718504628631,41.870503597122],[128.710418,41.887934],[128.707937,41.897391],[128.70494,41.918992],[128.718686,41.922222],[128.736926790024,41.916499164829],[128.736926790024,42.046971841625],[128.720959,42.04759],[128.70928,42.030175],[128.682512,42.02573],[128.607891,42.030175],[128.597556,42.027126],[128.587737,42.019994],[128.573681,42.004311],[128.56438,42.000797],[128.553321,42.006636],[128.543709,42.008057],[128.502368,41.996094],[128.488312,41.997515],[128.453999,42.010331],[128.447304907482,42.010043941341],[128.447304907482,41.870503597122]]],"type":"Polygon"},"id":306,"properties":{"parentKey":"PRK:1159315289","sourceCountryId":"PRK","syntheticOperational":true,"territoryId":"territory:catalog:7d549f355f050c3df2074ce28330ffdd0f391a534c07f29961f5a19fb5fa8345"},"type":"Feature"},{"geometry":{"coordinates":[[[125.88785046729,39.712230215827],[126.055900621118,39.712230215827],[126.168224299065,39.712230215827],[126.168224299065,39.834151907502],[126.100655,39.820438],[126.092283,39.820076],[126.084842,39.821161],[126.07771,39.82297],[126.070889,39.825451],[126.05704,39.832427],[126.051045,39.836664],[126.027067,39.857025],[126.021383,39.858911],[126.015389,39.858782],[126.008671,39.852968],[126.004847,39.847361],[126.002573,39.841109],[126.001539,39.835863],[126.000299,39.832143],[125.997819,39.830282],[125.992238,39.827182],[125.978802,39.821885],[125.96733,39.812015],[125.955547,39.796047],[125.947486,39.78783],[125.928055,39.775014],[125.909969,39.759977],[125.902941,39.755119],[125.894156,39.751527],[125.88785046729,39.750576250046],[125.88785046729,39.712230215827]]],"type":"Polygon"},"id":307,"properties":{"parentKey":"PRK:1159315287","sourceCountryId":"PRK","syntheticOperational":true,"territoryId":"territory:catalog:7e6d4f5a699e17e7a8f94145f939a3612e71f3d6067a58ac65910647d4e94292"},"type":"Feature"},{"geometry":{"coordinates":[[[125.94427244582,39.280575539568],[126.111111111111,39.280575539568],[126.222910216718,39.280575539568],[126.222910216718,39.496402877698],[126.055900621118,39.496402877698],[125.94427244582,39.496402877698],[125.94427244582,39.280575539568]]],"type":"Polygon"},"id":308,"properties":{"parentKey":"PRK:1159315287","sourceCountryId":"PRK","syntheticOperational":true,"territoryId":"territory:catalog:c81f34ef9153e7ee0070aa1aaf1e4efbf8f608d133e3f3572ea70a179a4a1a16"},"type":"Feature"},{"geometry":{"coordinates":[[[127.551487414188,38.30985594139],[127.560823,38.312081],[127.753731,38.325362],[127.761948,38.32097],[127.774712,38.306448],[127.787011,38.296682],[127.800757,38.293917],[127.826086956522,38.298105445166],[127.826086956522,38.41726618705],[127.666411629686,38.41726618705],[127.551487414188,38.41726618705],[127.551487414188,38.30985594139]]],"type":"Polygon"},"id":309,"properties":{"parentKey":"PRK:1159315279","sourceCountryId":"PRK","syntheticOperational":true,"territoryId":"territory:catalog:9bc467bec7a1b416f8e83d2e44cc0d3cae6f2993966730ab1d512c35324b34a9"},"type":"Feature"},{"geometry":{"coordinates":[[[124.43153548062,40.143884892086],[124.59375,40.143884892086],[124.702194357367,40.143884892086],[124.702194357367,40.306342293348],[124.69304,40.302812],[124.642603,40.294286],[124.627204,40.286121],[124.611184,40.272168],[124.570877,40.252428],[124.554857,40.241421],[124.551756,40.236201],[124.550206,40.224729],[124.548656,40.220905],[124.543023,40.21765],[124.532378,40.215996],[124.528192,40.214136],[124.43153548062,40.143884892086]]],"type":"Polygon"},"id":310,"properties":{"parentKey":"PRK:1159315269","sourceCountryId":"PRK","syntheticOperational":true,"territoryId":"territory:catalog:b1420f7b6b43bcab12ee5037bf53e333b4381f82e769dfcfba7e5d4e831fd7da"},"type":"Feature"},{"geometry":{"coordinates":[[[125.728623299341,39.280575539568],[125.736956,39.276337],[125.767859,39.25502],[125.769099,39.25378],[125.77313,39.247992],[125.774163,39.246571],[125.781604,39.236391],[125.785222,39.232463],[125.788322,39.229957],[125.791836,39.228278],[125.797934,39.226236],[125.82832,39.219544],[125.831421,39.217787],[125.833333333333,39.216251525318],[125.833333333333,39.280575539568],[125.728623299341,39.280575539568]]],"type":"Polygon"},"id":311,"properties":{"parentKey":"PRK:1159315287","sourceCountryId":"PRK","syntheticOperational":true,"territoryId":"territory:catalog:fae612e6eaebe7dd6b37e49627f03edf2dae24ad0203aa8e11344f474ee304d3"},"type":"Feature"},{"geometry":{"coordinates":[[[126.677115987461,40.143884892086],[126.84375,40.143884892086],[126.959247648903,40.143884892086],[126.959247648903,40.335700160675],[126.911975,40.334748],[126.910941,40.334722],[126.887273,40.294879],[126.872287,40.280281],[126.834667,40.256019],[126.827019,40.248681],[126.822161,40.243074],[126.813996,40.220465],[126.807485,40.207288],[126.800457,40.200621],[126.792706,40.197314],[126.776376,40.196177],[126.761803,40.193671],[126.753741,40.191294],[126.74537,40.187754],[126.731934,40.179899],[126.722116,40.171502],[126.709713,40.158712],[126.701342,40.152356],[126.693693,40.148428],[126.677115987461,40.145799321251],[126.677115987461,40.143884892086]]],"type":"Polygon"},"id":312,"properties":{"parentKey":"PRK:1159315287","sourceCountryId":"PRK","syntheticOperational":true,"territoryId":"territory:catalog:5b4feb73b10ef6b084b1526afab9fe468897afe2e07f34c40ca50d165f8691bc"},"type":"Feature"},{"geometry":{"coordinates":[[[126.728971962617,39.719792135476],[126.735345,39.718558],[126.742476,39.717809],[126.74816,39.716362],[126.751468,39.713674],[126.751956496789,39.712230215827],[126.894409937888,39.712230215827],[127.009345794393,39.712230215827],[127.009345794393,39.826509990209],[127.0083,39.826122],[127.002098,39.826174],[126.998171,39.827337],[126.99352,39.830928],[126.980498,39.847542],[126.975847,39.852529],[126.969749,39.856715],[126.963858,39.859402],[126.950732,39.863329],[126.935332,39.865706],[126.871047,39.865706],[126.815547,39.85488],[126.802007,39.850927],[126.794876,39.847723],[126.788261,39.844132],[126.782164,39.839868],[126.776272,39.83315],[126.771415,39.824417],[126.757669,39.787882],[126.754672,39.782094],[126.751468,39.776875],[126.734725,39.758013],[126.728971962617,39.749054577534],[126.728971962617,39.719792135476]]],"type":"Polygon"},"id":313,"properties":{"parentKey":"PRK:1159315285","sourceCountryId":"PRK","syntheticOperational":true,"territoryId":"territory:catalog:907cc79550e44c69ccd5396071a8e771d7aa68edd4a4569a8d8cad829a705235"},"type":"Feature"},{"geometry":{"coordinates":[[[127.505755947813,38.63309352518],[127.666411629686,38.63309352518],[127.782041442824,38.63309352518],[127.782041442824,38.848920863309],[127.621247113164,38.848920863309],[127.505755947813,38.848920863309],[127.505755947813,38.63309352518]]],"type":"Polygon"},"id":314,"properties":{"parentKey":"PRK:1159315279","sourceCountryId":"PRK","syntheticOperational":true,"territoryId":"territory:catalog:1186b6ed52f493385dba8e95b22845b4cc78db8dda3b0b087ad58c1dd00752df"},"type":"Feature"},{"geometry":{"coordinates":[[[126.762589928058,41.438848920863],[126.84137672843,41.438848920863],[126.827742,41.447341],[126.820714,41.458064],[126.81472,41.473438],[126.812033,41.489432],[126.814616,41.501963],[126.825882,41.51266],[126.838698,41.514882],[126.867533,41.511678],[126.885516,41.515037],[126.894508,41.523151],[126.901123,41.534674],[126.911458,41.548369],[126.926547,41.55767],[126.944117,41.56413],[126.95962,41.572502],[126.968405,41.587514],[126.968715,41.595911],[126.966958,41.603042],[126.961377,41.617615],[126.957037,41.639784],[126.95644991103,41.654676258993],[126.880513231756,41.654676258993],[126.762589928058,41.654676258993],[126.762589928058,41.438848920863]]],"type":"Polygon"},"id":315,"properties":{"parentKey":"PRK:1159315283","sourceCountryId":"PRK","syntheticOperational":true,"territoryId":"territory:catalog:cc8f897d125e159ceee832b8f5f21dc9e09702a2a93b5ddaa6a1cee73c4267a2"},"type":"Feature"},{"geometry":{"coordinates":[[[126.111111111111,39.182171503172],[126.138068,39.183319],[126.143133,39.180632],[126.164734,39.163475],[126.176412,39.156137],[126.178583,39.155879],[126.184681,39.155827],[126.214756,39.158721],[126.224265,39.158463],[126.229949,39.157326],[126.233153,39.154174],[126.23677,39.148877],[126.241731,39.135777],[126.242662,39.129214],[126.242352,39.123478],[126.240388,39.118388],[126.239458,39.113814],[126.239974,39.107794],[126.240801,39.104513],[126.242041,39.101257],[126.244935,39.095159],[126.256097,39.083584],[126.279988738583,39.064748201439],[126.388888888889,39.064748201439],[126.388888888889,39.280575539568],[126.222910216718,39.280575539568],[126.111111111111,39.280575539568],[126.111111111111,39.182171503172]]],"type":"Polygon"},"id":316,"properties":{"parentKey":"PRK:1159315287","sourceCountryId":"PRK","syntheticOperational":true,"territoryId":"territory:catalog:956e89d7512c8e93e69e0bccf52d0b62bbd9aa63a83209cc734683bef0cfcf01"},"type":"Feature"},{"geometry":{"coordinates":[[[126.28125,39.928057553957],[126.365539802556,39.928057553957],[126.364928,39.929217],[126.343844,39.957096],[126.341364,39.962548],[126.34002,39.968439],[126.341157,39.980609],[126.343327,39.99221],[126.345704,39.999083],[126.346221,40.00022],[126.36007,40.017454],[126.321727,40.031536],[126.301883,40.035877],[126.28125,40.037806299738],[126.28125,39.928057553957]]],"type":"Polygon"},"id":317,"properties":{"parentKey":"PRK:1159315269","sourceCountryId":"PRK","syntheticOperational":true,"territoryId":"territory:catalog:b092c2d1a0951326b8a0aa0ef7077e0801838caf9086394d16a602768632e5b6"},"type":"Feature"},{"geometry":{"coordinates":[[[128.358708,40.992356],[128.363566,40.965355],[128.376381,40.934298],[128.38372,40.90771],[128.381136,40.891251],[128.36863,40.857351],[128.364909,40.839781],[128.362222,40.804099],[128.360004538105,40.791366906475],[128.408551068884,40.791366906475],[128.408551068884,41.007194244604],[128.386198592328,41.007194244604],[128.375038,41.006825],[128.358708,40.992356]]],"type":"Polygon"},"id":318,"properties":{"parentKey":"PRK:1159315285","sourceCountryId":"PRK","syntheticOperational":true,"territoryId":"territory:catalog:bff1ef8ac65c65198b456cc25121e943c153017020c09fac539bce63caf81f2c"},"type":"Feature"},{"geometry":{"coordinates":[[[124.819253677782,39.496402877698],[124.82094026285,39.496402877698],[124.842656,39.505162],[124.861664,39.507636],[124.883182,39.52747],[124.912092,39.540803],[124.933609,39.550543],[124.920254,39.572278],[124.909674,39.593554],[124.922227,39.598289],[124.926741,39.604786],[124.899193,39.614124],[124.880471,39.612455],[124.881769,39.603869],[124.869706,39.595657],[124.870522,39.580934],[124.854475,39.573754],[124.85441,39.556577],[124.859738,39.553139],[124.85705,39.548303],[124.856588,39.544228],[124.845007,39.543176],[124.842773,39.538426],[124.85697,39.527899],[124.849816,39.516534],[124.836927,39.520939],[124.819253677782,39.496402877698]]],"type":"Polygon"},"id":319,"properties":{"parentKey":"PRK:1159315269","sourceCountryId":"PRK","syntheticOperational":true,"territoryId":"territory:catalog:ecd8b4249b8858d4ea47dd98a38ed56701f50c26f83908de27e9921509172e22"},"type":"Feature"},{"geometry":{"coordinates":[[[125.277777777778,39.064748201439],[125.40415704388,39.064748201439],[125.555555555556,39.064748201439],[125.555555555556,39.280575539568],[125.417833879372,39.280575539568],[125.393565,39.245795],[125.396007,39.236558],[125.404877,39.228949],[125.410899,39.213813],[125.389008,39.220282],[125.365082,39.220893],[125.343598,39.212877],[125.328868,39.193305],[125.332042,39.184963],[125.340099,39.176011],[125.343516,39.168891],[125.332042,39.165961],[125.30714,39.165432],[125.296723,39.161526],[125.287364,39.15233],[125.294444,39.147366],[125.293305,39.143541],[125.289154,39.139065],[125.287364,39.131822],[125.288153,39.123542],[125.286179,39.117049],[125.290335,39.111281],[125.290612,39.104531],[125.286694,39.097046],[125.28407,39.089556],[125.335053,39.083441],[125.31601,39.079535],[125.291108,39.080471],[125.277777777778,39.080559627432],[125.277777777778,39.064748201439]]],"type":"Polygon"},"id":320,"properties":{"parentKey":"PRK:1159315287","sourceCountryId":"PRK","syntheticOperational":true,"territoryId":"territory:catalog:05fe1fa242c62f57954e2142708794fc2ba42694ff3e25841026d2d2e214a20e"},"type":"Feature"},{"geometry":{"coordinates":[[[129.78792822186,42.73381294964],[129.951219512195,42.73381294964],[130.081566068515,42.73381294964],[130.081566068515,42.94964028777],[129.87714987715,42.94964028777],[129.847542793449,42.94964028777],[129.846679,42.928234],[129.841511,42.917795],[129.834173,42.907485],[129.799033,42.836663],[129.795002,42.806484],[129.789524,42.79248],[129.78792822186,42.789936856225],[129.78792822186,42.73381294964]]],"type":"Polygon"},"id":321,"properties":{"parentKey":"PRK:1159315277","sourceCountryId":"PRK","syntheticOperational":true,"territoryId":"territory:catalog:c602bb925f6c84e81d554c988fa87d8ee16b21275bafdf8c5565de1920015b2e"},"type":"Feature"},{"geometry":{"coordinates":[[[128.855564325178,40.575539568345],[129.016522423289,40.575539568345],[129.080497727893,40.575539568345],[129.073393,40.578867],[129.062231,40.592225],[129.059647,40.610105],[129.063058,40.624368],[129.062231,40.637985],[129.047038,40.653901],[129.007144,40.678293],[128.98823,40.693124],[128.975931,40.711107],[128.972831,40.723975],[128.971901,40.749451],[128.969627,40.761957],[128.964046,40.772602],[128.955674,40.782576],[128.946414506904,40.791366906475],[128.855564325178,40.791366906475],[128.855564325178,40.575539568345]]],"type":"Polygon"},"id":322,"properties":{"parentKey":"PRK:1159315285","sourceCountryId":"PRK","syntheticOperational":true,"territoryId":"territory:catalog:bef2215837c8af4309100a5ad8ec823e7b92efa8accd77b8be530c42d08b8c6a"},"type":"Feature"},{"geometry":{"coordinates":[[[128.775737,41.632963],[128.776978417266,41.630066276301],[128.776978417266,41.634462434878],[128.775737,41.632963]]],"type":"Polygon"},"id":323,"properties":{"parentKey":"PRK:1159315277","sourceCountryId":"PRK","syntheticOperational":true,"territoryId":"territory:catalog:1be02213f0c9a9b034db0a9c29c6eb8ba4792aa0e91fbf3826fcffe6f67271af"},"type":"Feature"},{"geometry":{"coordinates":[[[127.434885556433,40.575539568345],[127.600314712825,40.575539568345],[127.719021310182,40.575539568345],[127.719021310182,40.586303759036],[127.71482,40.586929],[127.704381,40.590236],[127.695493,40.596179],[127.687741,40.605894],[127.682057,40.621939],[127.675649,40.658681],[127.666657,40.67328],[127.654668,40.681341],[127.643196,40.685941],[127.632241,40.691625],[127.621492,40.703123],[127.580874,40.757848],[127.57581,40.770122],[127.571470715971,40.791366906475],[127.553444180523,40.791366906475],[127.434885556433,40.791366906475],[127.434885556433,40.575539568345]]],"type":"Polygon"},"id":324,"properties":{"parentKey":"PRK:1159315285","sourceCountryId":"PRK","syntheticOperational":true,"territoryId":"territory:catalog:ae51809acb285b08faa304b6d40a5d431b47d418175feb02507b4af0c7190578"},"type":"Feature"},{"geometry":{"coordinates":[[[127.672756155679,41.007194244604],[127.838479809976,41.007194244604],[127.958697378872,41.007194244604],[127.958697378872,41.223021582734],[127.792828685259,41.223021582734],[127.672756155679,41.223021582734],[127.672756155679,41.108286000521],[127.674616,41.10483],[127.673479,41.072274],[127.672756155679,41.068123463969],[127.672756155679,41.007194244604]]],"type":"Polygon"},"id":325,"properties":{"parentKey":"PRK:1159315289","sourceCountryId":"PRK","syntheticOperational":true,"territoryId":"territory:catalog:ea5d75f2d6828a7c3af8df1f1ba425dad045c178531fe8935b7422411a672e50"},"type":"Feature"},{"geometry":{"coordinates":[[[130.405186385737,42.442583381156],[130.432999,42.452697],[130.448564,42.503284],[130.449704546414,42.517985611511],[130.405186385737,42.517985611511],[130.405186385737,42.442583381156]]],"type":"Polygon"},"id":326,"properties":{"parentKey":"PRK:1159315277","sourceCountryId":"PRK","syntheticOperational":true,"territoryId":"territory:catalog:65d93d0da58f2bc83ccd545369cf99cca6bd9ffc1a521cdf02663bc4de7b1019"},"type":"Feature"},{"geometry":{"coordinates":[[[127.002288329519,38.238601871751],[127.026747,38.254462],[127.090464,38.285855],[127.157489,38.307224],[127.221981,38.312701],[127.253814,38.31004],[127.276887871854,38.311625990673],[127.276887871854,38.41726618705],[127.115531752104,38.41726618705],[127.002288329519,38.41726618705],[127.002288329519,38.238601871751]]],"type":"Polygon"},"id":327,"properties":{"parentKey":"PRK:1159315279","sourceCountryId":"PRK","syntheticOperational":true,"territoryId":"territory:catalog:27bd174b383827ab902891e6ad6f158f2609142e008940415210b169116e6b1f"},"type":"Feature"},{"geometry":{"coordinates":[[[126.122448979592,37.739031208183],[126.158214,37.733466],[126.161225,37.740668],[126.164317,37.754625],[126.165375,37.768256],[126.164555369917,37.769784172662],[126.122448979592,37.769784172662],[126.122448979592,37.739031208183]]],"type":"Polygon"},"id":328,"properties":{"parentKey":"PRK:1159315261","sourceCountryId":"PRK","syntheticOperational":true,"territoryId":"territory:catalog:34ada0c31f4f9a464c215cb34d3424d8780d662154b38d15b6b80b3042d6b1ad"},"type":"Feature"},{"geometry":{"coordinates":[[[126.880513231756,41.654676258993],[126.95644991103,41.654676258993],[126.956106,41.6634],[126.962824,41.693993],[126.978224,41.72071],[126.996414,41.746238],[126.999618,41.752025],[126.999631215046,41.752048868749],[126.999631,41.752049],[126.981169,41.763318],[126.958586,41.766806],[126.946132,41.766186],[126.940654,41.771767],[126.939621,41.793729],[126.929802,41.801041],[126.908512,41.796158],[126.887118,41.784918],[126.880513231756,41.777148649276],[126.880513231756,41.654676258993]]],"type":"Polygon"},"id":329,"properties":{"parentKey":"PRK:1159315283","sourceCountryId":"PRK","syntheticOperational":true,"territoryId":"territory:catalog:fb75d3828b9160d9d926d00fca8d09296fca7e823a36f1a3b3774bee78fa8f08"},"type":"Feature"},{"geometry":{"coordinates":[[[124.59375,39.928057553957],[124.766355140187,39.928057553957],[124.875,39.928057553957],[124.875,40.143884892086],[124.702194357367,40.143884892086],[124.59375,40.143884892086],[124.59375,39.928057553957]]],"type":"Polygon"},"id":330,"properties":{"parentKey":"PRK:1159315269","sourceCountryId":"PRK","syntheticOperational":true,"territoryId":"territory:catalog:73ae6cd2dd63c77e4ceaa378e561d680d71d53ef8cb45c83d61d3257d79ac17f"},"type":"Feature"},{"geometry":{"coordinates":[[[130.081566068515,42.73381294964],[130.243902439024,42.73381294964],[130.24843223092,42.73381294964],[130.243037,42.743361],[130.24221,42.782015],[130.256473,42.866894],[130.239006,42.90224],[130.193841,42.908209],[130.140407,42.907124],[130.098756,42.921516],[130.111572,42.92906],[130.122527,42.943323],[130.125640070535,42.94964028777],[130.081566068515,42.94964028777],[130.081566068515,42.73381294964]]],"type":"Polygon"},"id":331,"properties":{"parentKey":"PRK:1159315277","sourceCountryId":"PRK","syntheticOperational":true,"territoryId":"territory:catalog:7c414b9de23e6b1ce71a73e97db87f79ccf2fea0bc3b0f80da4f68349ae58ce5"},"type":"Feature"},{"geometry":{"coordinates":[[[127.369532373298,41.007194244604],[127.386814932486,41.007194244604],[127.386814932486,41.033673491061],[127.372825,41.009978],[127.369532373298,41.007194244604]]],"type":"Polygon"},"id":332,"properties":{"parentKey":"PRK:1159315285","sourceCountryId":"PRK","syntheticOperational":true,"territoryId":"territory:catalog:8793aaf1dab4b02d4aa71759c4059ffb598f30efc42041062e07a6a7b8d42a0a"},"type":"Feature"},{"geometry":{"coordinates":[[[125.839445348047,39.712230215827],[125.88785046729,39.712230215827],[125.88785046729,39.750576250046],[125.862116,39.746696],[125.856535,39.74158],[125.854675,39.738066],[125.854262,39.734965],[125.854055,39.732407],[125.852091,39.726645],[125.847234,39.720031],[125.839445348047,39.712230215827]]],"type":"Polygon"},"id":333,"properties":{"parentKey":"PRK:1159315287","sourceCountryId":"PRK","syntheticOperational":true,"territoryId":"territory:catalog:0f8a4f57ab6f909008e8dea49bfbedfb1b4008ca637939bbe15ac21a971fa7c7"},"type":"Feature"},{"geometry":{"coordinates":[[[128.828447,41.420263],[128.835268,41.386699],[128.851288,41.35528],[128.894386,41.301097],[128.906995,41.290503],[128.921154,41.280633],[128.93304,41.269213],[128.938621,41.25402],[128.934694,41.238155],[128.922256949814,41.223021582734],[128.940239043825,41.223021582734],[128.940239043825,41.438848920863],[128.834720958126,41.438848920863],[128.828447,41.420263]]],"type":"Polygon"},"id":334,"properties":{"parentKey":"PRK:1159315277","sourceCountryId":"PRK","syntheticOperational":true,"territoryId":"territory:catalog:7a721488db97b476c3ef38240545cfa55868c56f6be54a35526ebd266b8884a7"},"type":"Feature"},{"geometry":{"coordinates":[[[125.959059893859,37.911894929239],[125.959483,37.912177],[125.969819,37.908677],[125.985932,37.898383],[126.000743,37.885565],[126.007335,37.874335],[126.012787,37.854315],[126.026134,37.853664],[126.055756,37.870592],[126.058604,37.824693],[126.062836,37.802232],[126.072113,37.799262],[126.086925,37.80036],[126.096934,37.781399],[126.100786197038,37.769784172662],[126.122448979592,37.769784172662],[126.164555369917,37.769784172662],[126.159679,37.778876],[126.152843,37.799709],[126.14975,37.815253],[126.147716,37.819037],[126.149181,37.82217],[126.158214,37.829657],[126.178477,37.840522],[126.199962,37.844224],[126.231993934799,37.843448040988],[126.231993934799,37.985611510791],[126.068441064639,37.985611510791],[125.959059893859,37.985611510791],[125.959059893859,37.911894929239]]],"type":"Polygon"},"id":335,"properties":{"parentKey":"PRK:1159315261","sourceCountryId":"PRK","syntheticOperational":true,"territoryId":"territory:catalog:994f243e56e07f20bf88ec75718b9b671ef80d652b1f020a605d85dd2cb16b7a"},"type":"Feature"},{"geometry":{"coordinates":[[[124.658385093168,39.615706254111],[124.674929,39.622069],[124.695017,39.63754],[124.716412,39.647128],[124.735137,39.641588],[124.743907,39.644355],[124.734244,39.654996],[124.729805,39.665293],[124.740532,39.671792],[124.753045,39.672459],[124.757115,39.687906],[124.744624,39.691356],[124.744187,39.701308],[124.750021,39.709892],[124.750064894304,39.712230215827],[124.658385093168,39.712230215827],[124.658385093168,39.615706254111]]],"type":"Polygon"},"id":336,"properties":{"parentKey":"PRK:1159315269","sourceCountryId":"PRK","syntheticOperational":true,"territoryId":"territory:catalog:025471ad28f1f4565db620f7e809ee916357500c75c616ab3c0948e06250a15f"},"type":"Feature"},{"geometry":{"coordinates":[[[126.780185758514,39.311025494523],[126.781853,39.311658],[126.788778,39.313389],[126.796323,39.314474],[126.810276,39.313983],[126.81379,39.313389],[126.81813,39.312304],[126.821128,39.311115],[126.825778,39.308635],[126.830739,39.304862],[126.834977,39.300056],[126.837871,39.294992],[126.840144,39.289876],[126.843026154132,39.280575539568],[126.871627404113,39.280575539568],[126.872804,39.281556],[126.879419,39.284889],[126.886653,39.286569],[126.894198,39.286982],[126.901846,39.28644],[126.908874,39.284838],[126.915075,39.282099],[126.916918632013,39.280575539568],[126.944444444444,39.280575539568],[127.058823529412,39.280575539568],[127.058823529412,39.496402877698],[126.894409937888,39.496402877698],[126.780185758514,39.496402877698],[126.780185758514,39.311025494523]]],"type":"Polygon"},"id":337,"properties":{"parentKey":"PRK:1159315285","sourceCountryId":"PRK","syntheticOperational":true,"territoryId":"territory:catalog:e8ecd48bf83c19e66d8da7046f79dbf216e2ed925f4d203d1bd1db090b00d5f9"},"type":"Feature"},{"geometry":{"coordinates":[[[125.801768,37.970201],[125.802501,37.95893],[125.805186,37.951565],[125.81129,37.947577],[125.834972,37.943549],[125.841075,37.936347],[125.84547,37.9265],[125.895518,37.864814],[125.911632,37.850775],[125.921641,37.844875],[125.927013,37.84398],[125.93336,37.844631],[125.945893,37.843329],[125.955903,37.840318],[125.959059893859,37.838945327452],[125.959059893859,37.882866853322],[125.950531,37.88935],[125.944102,37.901923],[125.959059893859,37.911894929239],[125.959059893859,37.985611510791],[125.803573752357,37.985611510791],[125.801768,37.970201]]],"type":"Polygon"},"id":338,"properties":{"parentKey":"PRK:1159315261","sourceCountryId":"PRK","syntheticOperational":true,"territoryId":"territory:catalog:bb1510f1d1171014f37f987e3424d2d0bdab3bdafcecda2c8049276555d9a393"},"type":"Feature"},{"geometry":{"coordinates":[[[127.883556254917,40.470521467204],[127.914291,40.489234],[127.927417,40.50236],[127.936098,40.51776],[127.941886,40.533444],[127.948811,40.547009],[127.958422,40.558248],[127.972582,40.567007],[128.00400275352,40.575539568345],[128.003157063931,40.575539568345],[127.883556254917,40.575539568345],[127.883556254917,40.470521467204]]],"type":"Polygon"},"id":339,"properties":{"parentKey":"PRK:1159315289","sourceCountryId":"PRK","syntheticOperational":true,"territoryId":"territory:catalog:8171e8570257a01f6599627bc6f4f09131692f52b0cad5297f96eaecaa2b84b7"},"type":"Feature"},{"geometry":{"coordinates":[[[125.327102803738,39.712230215827],[125.496894409938,39.712230215827],[125.607476635514,39.712230215827],[125.607476635514,39.928057553957],[125.4375,39.928057553957],[125.327102803738,39.928057553957],[125.327102803738,39.712230215827]]],"type":"Polygon"},"id":340,"properties":{"parentKey":"PRK:1159315269","sourceCountryId":"PRK","syntheticOperational":true,"territoryId":"territory:catalog:6f4e75677be69e45aeb90766fc8c32e4fb0a367e4a295cc5f17f476b5d4f8e58"},"type":"Feature"},{"geometry":{"coordinates":[[[128.334612432847,38.63309352518],[128.362633295764,38.63309352518],[128.360362,38.642768],[128.361339,38.660712],[128.359955,38.675362],[128.35963,38.678656],[128.347667,38.696723],[128.338145,38.703559],[128.334612432847,38.705182339567],[128.334612432847,38.63309352518]]],"type":"Polygon"},"id":341,"properties":{"parentKey":"PRK:1159315279","sourceCountryId":"PRK","syntheticOperational":true,"territoryId":"territory:catalog:2190f6d2dc0116951e67a67ef12e2c0711bd5cd3d22c0bf66f99360869428525"},"type":"Feature"},{"geometry":{"coordinates":[[[128.386198592328,41.007194244604],[128.408551068884,41.007194244604],[128.419542119696,41.007194244604],[128.407077,41.007885],[128.386198592328,41.007194244604]]],"type":"Polygon"},"id":342,"properties":{"parentKey":"PRK:1159315285","sourceCountryId":"PRK","syntheticOperational":true,"territoryId":"territory:catalog:d8458bc51c856aed645f5bd348b38d30ecf13049293ad3d5db08eeeb957078c8"},"type":"Feature"},{"geometry":{"coordinates":[[[127.651849797132,41.438848920863],[127.695800406118,41.438848920863],[127.690273,41.43897],[127.662677,41.44698],[127.65813,41.446567],[127.651849797132,41.438848920863]]],"type":"Polygon"},"id":343,"properties":{"parentKey":"PRK:1159315289","sourceCountryId":"PRK","syntheticOperational":true,"territoryId":"territory:catalog:b0da03b6b6adde6496b951acc82189be893c9c080e1f77a2e0e596a393b424a1"},"type":"Feature"},{"geometry":{"coordinates":[[[126.672609,39.537354],[126.672816,39.529293],[126.6754,39.524048],[126.679327,39.518596],[126.689663,39.508648],[126.706702421215,39.496402877698],[126.780185758514,39.496402877698],[126.894409937888,39.496402877698],[126.894409937888,39.712230215827],[126.751956496789,39.712230215827],[126.753741,39.706956],[126.752708,39.701763],[126.750021,39.697448],[126.711263,39.66515],[126.704132,39.654892],[126.702272,39.647451],[126.702892,39.640811],[126.710643,39.624998],[126.712814,39.61859],[126.713744,39.611019],[126.713227,39.599676],[126.710023,39.592209],[126.704752,39.586344],[126.698344,39.582158],[126.690903,39.575259],[126.683668,39.566035],[126.67478,39.547664],[126.672609,39.537354]]],"type":"Polygon"},"id":344,"properties":{"parentKey":"PRK:1159315285","sourceCountryId":"PRK","syntheticOperational":true,"territoryId":"territory:catalog:0357bba9d101a78897885b508316b746457dcd15a87c09cc4b10175443683ad4"},"type":"Feature"},{"geometry":{"coordinates":[[[126.063503181571,40.143884892086],[126.087426,40.126776],[126.13011,40.084608],[126.14427,40.073627],[126.188505,40.051328],[126.209589,40.044507],[126.28125,40.037806299738],[126.28125,40.143884892086],[126.112852664577,40.143884892086],[126.063503181571,40.143884892086]]],"type":"Polygon"},"id":345,"properties":{"parentKey":"PRK:1159315283","sourceCountryId":"PRK","syntheticOperational":true,"territoryId":"territory:catalog:b10e466703bf86f3b0151dd85ea74cf5592575799d88c703f0fdcd62ae5d1351"},"type":"Feature"},{"geometry":{"coordinates":[[[125.776397515528,39.666144358274],[125.813851,39.686596],[125.839445348047,39.712230215827],[125.776397515528,39.712230215827],[125.776397515528,39.666144358274]]],"type":"Polygon"},"id":346,"properties":{"parentKey":"PRK:1159315269","sourceCountryId":"PRK","syntheticOperational":true,"territoryId":"territory:catalog:d6981b61ca0bd121a4f6700df1b7c9b4fd0f81c1bcd21b8b186c11a797584744"},"type":"Feature"},{"geometry":{"coordinates":[[[128.652037617555,40.318957723473],[128.65534,40.320177],[128.656655,40.310763],[128.669669,40.310771],[128.687808,40.331197],[128.721645,40.338947],[128.752005,40.335095],[128.764042,40.34653],[128.780974,40.347025],[128.813567,40.35498],[128.820038487876,40.359712230216],[128.733280881196,40.359712230216],[128.652037617555,40.359712230216],[128.652037617555,40.318957723473]]],"type":"Polygon"},"id":347,"properties":{"parentKey":"PRK:1159315285","sourceCountryId":"PRK","syntheticOperational":true,"territoryId":"territory:catalog:000d79e9ed25b7c424bf41767ec3371ae98d413d26b0587a57b770f1f27357c4"},"type":"Feature"},{"geometry":{"coordinates":[[[128.100686498856,38.321316028124],[128.10849,38.323502],[128.172362,38.355954],[128.225589,38.399776],[128.241166860208,38.41726618705],[128.217291507269,38.41726618705],[128.100686498856,38.41726618705],[128.100686498856,38.321316028124]]],"type":"Polygon"},"id":348,"properties":{"parentKey":"PRK:1159315279","sourceCountryId":"PRK","syntheticOperational":true,"territoryId":"territory:catalog:0c526dc6c3e3480d679ed3b1dbc589845babe92b20d704b9bc26d67cc65002b0"},"type":"Feature"},{"geometry":{"coordinates":[[[124.339920671119,39.928057553957],[124.485981308411,39.928057553957],[124.59375,39.928057553957],[124.59375,40.143884892086],[124.43153548062,40.143884892086],[124.385565,40.110473],[124.369965,40.098293],[124.380382,40.082668],[124.384369,40.064887],[124.391449,40.048285],[124.410248,40.0362],[124.432872,40.032782],[124.479259,40.030748],[124.499604,40.022528],[124.465831,40.015286],[124.434093,40.024563],[124.405772,40.027777],[124.383067,40.002672],[124.376069,39.954088],[124.369965,39.940009],[124.359386,39.933539],[124.345714,39.930243],[124.339920671119,39.928057553957]]],"type":"Polygon"},"id":349,"properties":{"parentKey":"PRK:1159315269","sourceCountryId":"PRK","syntheticOperational":true,"territoryId":"territory:catalog:4b928337301c651739210db3a526611e96ee3cbc85822593426ef57fa6ebcd6e"},"type":"Feature"},{"geometry":{"coordinates":[[[125.295471987721,38.703680898828],[125.30836,38.707261],[125.30836,38.713528],[125.303477,38.716742],[125.297944,38.722113],[125.295909,38.728461],[125.301036,38.734565],[125.306407,38.734605],[125.310313,38.729804],[125.312755,38.723863],[125.314545,38.720933],[125.341075,38.717475],[125.350352,38.721259],[125.356212,38.734565],[125.363048,38.734565],[125.373128,38.720541],[125.389244,38.717449],[125.419313,38.729265],[125.434174,38.736762],[125.427826,38.744127],[125.420014,38.75019],[125.410899,38.755072],[125.424571,38.755927],[125.43214,38.763088],[125.435883,38.771308],[125.438731,38.77558],[125.447765,38.777248],[125.448009,38.77619],[125.447032,38.771552],[125.472911,38.73432],[125.479096,38.727729],[125.490977,38.722886],[125.51474,38.722805],[125.527599,38.720933],[125.543712,38.711127],[125.571757482732,38.683358581621],[125.571757482732,38.788591545699],[125.567664,38.798485],[125.561773,38.802567],[125.552471,38.807347],[125.539759,38.812386],[125.532834,38.816727],[125.52777,38.822256],[125.524979,38.828716],[125.522189,38.838612],[125.522189,38.84613],[125.522992561262,38.848920863309],[125.40415704388,38.848920863309],[125.295471987721,38.848920863309],[125.295471987721,38.703680898828]]],"type":"Polygon"},"id":350,"properties":{"parentKey":"PRK:1159315287","sourceCountryId":"PRK","syntheticOperational":true,"territoryId":"territory:catalog:dc76ef6b1ea6202c26f890fabfc2545c010ff77dccb4ee1c3c769329708fac88"},"type":"Feature"},{"geometry":{"coordinates":[[[128.12351543943,40.791366906475],[128.28729281768,40.791366906475],[128.360004538105,40.791366906475],[128.362222,40.804099],[128.364909,40.839781],[128.36863,40.857351],[128.381136,40.891251],[128.38372,40.90771],[128.376381,40.934298],[128.363566,40.965355],[128.358708,40.992356],[128.375038,41.006825],[128.386198592328,41.007194244604],[128.244638602065,41.007194244604],[128.12351543943,41.007194244604],[128.12351543943,40.791366906475]]],"type":"Polygon"},"id":351,"properties":{"parentKey":"PRK:1159315289","sourceCountryId":"PRK","syntheticOperational":true,"territoryId":"territory:catalog:74115fc26e59726794a5723fb57384141c1f4128d5126a21dba0882ded197d26"},"type":"Feature"},{"geometry":{"coordinates":[[[125.830721003135,40.143884892086],[126,40.143884892086],[126.063503181571,40.143884892086],[126.021383,40.174008],[125.994511,40.201862],[125.976941,40.216228],[125.96888,40.219587],[125.962265,40.220362],[125.949036,40.219638],[125.935704,40.222326],[125.925782,40.227235],[125.913793,40.234547],[125.904801,40.237493],[125.896429,40.238423],[125.881753,40.23819],[125.867387,40.236227],[125.853125,40.231136],[125.839379,40.224496],[125.831421,40.222403],[125.830721003135,40.222363879138],[125.830721003135,40.143884892086]]],"type":"Polygon"},"id":352,"properties":{"parentKey":"PRK:1159315269","sourceCountryId":"PRK","syntheticOperational":true,"territoryId":"territory:catalog:5d6b746387ea184e05f8ad64ae9bbea7859ea529098f5ec7dccd6aaa03ce45b7"},"type":"Feature"},{"geometry":{"coordinates":[[[127.072088856188,39.280575539568],[127.222222222222,39.280575539568],[127.33746130031,39.280575539568],[127.33746130031,39.406139652967],[127.330037,39.405347],[127.280428,39.412504],[127.247355,39.413899],[127.196919,39.407698],[127.160435,39.412478],[127.152994,39.412168],[127.146069,39.410799],[127.138731,39.407957],[127.130669,39.403616],[127.121264,39.396846],[127.114546,39.391033],[127.109482,39.38341],[127.106175,39.374961],[127.101007,39.343361],[127.094186,39.322174],[127.093152,39.315249],[127.092325,39.302278],[127.090362,39.295457],[127.085814,39.288842],[127.075169,39.281763],[127.072088856188,39.280575539568]]],"type":"Polygon"},"id":353,"properties":{"parentKey":"PRK:1159315279","sourceCountryId":"PRK","syntheticOperational":true,"territoryId":"territory:catalog:53c54206e974d1db4c1301fa7cf49d2b4987d1d1f02b10bceb9229faf694708d"},"type":"Feature"},{"geometry":{"coordinates":[[[127.125,39.928057553957],[127.289719626168,39.928057553957],[127.40625,39.928057553957],[127.40625,40.143884892086],[127.241379310345,40.143884892086],[127.178112002235,40.143884892086],[127.178212,40.141943],[127.177695,40.135974],[127.175731,40.130497],[127.172424,40.125381],[127.162192,40.115485],[127.125,40.092566946037],[127.125,39.928057553957]]],"type":"Polygon"},"id":354,"properties":{"parentKey":"PRK:1159315285","sourceCountryId":"PRK","syntheticOperational":true,"territoryId":"territory:catalog:58407d8b78015d0175cfda76f442ddd5e98363fd4956912edc4d705cec307204"},"type":"Feature"},{"geometry":{"coordinates":[[[126.614906832298,39.496402877698],[126.706702421215,39.496402877698],[126.689663,39.508648],[126.679327,39.518596],[126.6754,39.524048],[126.672816,39.529293],[126.672609,39.537354],[126.67478,39.547664],[126.683668,39.566035],[126.690903,39.575259],[126.698344,39.582158],[126.704752,39.586344],[126.710023,39.592209],[126.713227,39.599676],[126.713744,39.611019],[126.712814,39.61859],[126.710643,39.624998],[126.702892,39.640811],[126.702272,39.647451],[126.704132,39.654892],[126.711263,39.66515],[126.750021,39.697448],[126.752708,39.701763],[126.753741,39.706956],[126.751956496789,39.712230215827],[126.728971962617,39.712230215827],[126.614906832298,39.712230215827],[126.614906832298,39.496402877698]]],"type":"Polygon"},"id":355,"properties":{"parentKey":"PRK:1159315287","sourceCountryId":"PRK","syntheticOperational":true,"territoryId":"territory:catalog:eb73ed5a88643bf99d8896aa8ce2f0b5bf98ac9fc0ab15c7a6f8c7fd3d009125"},"type":"Feature"},{"geometry":{"coordinates":[[[126.944444444444,39.064748201439],[126.982265317936,39.064748201439],[126.981738,39.069114],[126.944444444444,39.065340223534],[126.944444444444,39.064748201439]]],"type":"Polygon"},"id":356,"properties":{"parentKey":"PRK:1159315273","sourceCountryId":"PRK","syntheticOperational":true,"territoryId":"territory:catalog:c358f9a90e13ae455b0cdf212fe1e20ba5a481049932a423d54fd839bec27b21"},"type":"Feature"},{"geometry":{"coordinates":[[[126.28125,40.037806299738],[126.301883,40.035877],[126.321727,40.031536],[126.36007,40.017454],[126.403685,39.994484],[126.410507,39.99252],[126.418155,39.991384],[126.425906,39.991125],[126.438515,39.995311],[126.497633,40.027428],[126.509105,40.031407],[126.538871,40.032854],[126.546312,40.035774],[126.55365,40.040941],[126.559645,40.050966],[126.561815,40.05877],[126.5625,40.062433935876],[126.5625,40.143884892086],[126.394984326019,40.143884892086],[126.28125,40.143884892086],[126.28125,40.037806299738]]],"type":"Polygon"},"id":357,"properties":{"parentKey":"PRK:1159315283","sourceCountryId":"PRK","syntheticOperational":true,"territoryId":"territory:catalog:39648275602cc3275467c22dad69841d20f9714876b44df4e318f71c2564b9a9"},"type":"Feature"},{"geometry":{"coordinates":[[[127.33746130031,39.280575539568],[127.38183963791,39.280575539568],[127.386729,39.297187],[127.398285,39.323676],[127.396983,39.329657],[127.39267,39.336412],[127.391938,39.341864],[127.401378,39.344143],[127.408295,39.343248],[127.414561,39.340644],[127.420258,39.336371],[127.425548,39.330471],[127.435395,39.334784],[127.466807,39.340155],[127.473399,39.347561],[127.46754,39.363837],[127.453868,39.367987],[127.437836,39.364244],[127.425548,39.357123],[127.414073,39.361802],[127.389903,39.367011],[127.378429,39.371487],[127.378429,39.378852],[127.425548,39.392524],[127.431,39.397284],[127.438074708106,39.405172099688],[127.424398,39.409843],[127.41768,39.410592],[127.410962,39.410592],[127.403211,39.409404],[127.378199,39.410489],[127.33746130031,39.406139652967],[127.33746130031,39.280575539568]]],"type":"Polygon"},"id":358,"properties":{"parentKey":"PRK:1159315279","sourceCountryId":"PRK","syntheticOperational":true,"territoryId":"territory:catalog:3d592119d9b1dc90a20bb22dfe24c865cc2541d891f72434947037ad4b040cd6"},"type":"Feature"},{"geometry":{"coordinates":[[[126.666666666667,39.136941608774],[126.714157,39.146784],[126.721909,39.14681],[126.729867,39.145802],[126.737515,39.143425],[126.749091,39.138051],[126.76418,39.127715],[126.771001,39.124331],[126.777823,39.122186],[126.809655,39.117923],[126.824228,39.113039],[126.839111,39.106528],[126.890684,39.073119],[126.904327,39.066169],[126.915584982553,39.064748201439],[126.938593910085,39.064748201439],[126.944444444444,39.065340223534],[126.944444444444,39.211385946318],[126.943601,39.21138],[126.936366,39.212697],[126.929441,39.215488],[126.92448,39.220113],[126.92324,39.225849],[126.925411,39.233445],[126.930061,39.245357],[126.930992,39.252049],[126.930061,39.259904],[126.926031,39.270187],[126.921173,39.27706],[126.916918632013,39.280575539568],[126.871627404113,39.280575539568],[126.861952,39.272513],[126.856164,39.2698],[126.85048,39.27011],[126.846139,39.273805],[126.843555,39.278869],[126.843026154132,39.280575539568],[126.780185758514,39.280575539568],[126.666666666667,39.280575539568],[126.666666666667,39.136941608774]]],"type":"Polygon"},"id":359,"properties":{"parentKey":"PRK:1159315287","sourceCountryId":"PRK","syntheticOperational":true,"territoryId":"territory:catalog:dcd38217674bd8d6394355aa8462b83c7350c420c3f37f4ddc609c465a69de5d"},"type":"Feature"},{"geometry":{"coordinates":[[[128.733280881196,40.359712230216],[128.820038487876,40.359712230216],[128.830534,40.367387],[128.860532,40.371848],[128.899755,40.398165],[128.975812,40.459933],[129.016522423289,40.470456206609],[129.016522423289,40.575539568345],[128.855564325178,40.575539568345],[128.733280881196,40.575539568345],[128.733280881196,40.359712230216]]],"type":"Polygon"},"id":360,"properties":{"parentKey":"PRK:1159315285","sourceCountryId":"PRK","syntheticOperational":true,"territoryId":"territory:catalog:7ae778a949ad6742480e12cc6e21a631506444d454eca948814d41def1556474"},"type":"Feature"},{"geometry":{"coordinates":[[[127.033831628639,40.359712230216],[127.241379310345,40.359712230216],[127.317073170732,40.359712230216],[127.317073170732,40.575539568345],[127.150749802684,40.575539568345],[127.048649969486,40.575539568345],[127.047264,40.5745],[127.033831628639,40.567224169018],[127.033831628639,40.359712230216]]],"type":"Polygon"},"id":361,"properties":{"parentKey":"PRK:1159315285","sourceCountryId":"PRK","syntheticOperational":true,"territoryId":"territory:catalog:3496ff8d4d33471cf11aa98ee67a0c5a78626e11e103f3a3890c940dcd4c090a"},"type":"Feature"},{"geometry":{"coordinates":[[[125.259250583566,39.064748201439],[125.277777777778,39.064748201439],[125.277777777778,39.080559627432],[125.270803,39.080606],[125.26002,39.066352],[125.259250583566,39.064748201439]]],"type":"Polygon"},"id":362,"properties":{"parentKey":"PRK:1159315287","sourceCountryId":"PRK","syntheticOperational":true,"territoryId":"territory:catalog:ad9b38e91739cbed45b5c76bb78094634f7478e573493494a2772fec8c878a6d"},"type":"Feature"},{"geometry":{"coordinates":[[[125.247148288973,37.985611510791],[125.413191811979,37.985611510791],[125.520912547529,37.985611510791],[125.520912547529,38.201438848921],[125.354691075515,38.201438848921],[125.247148288973,38.201438848921],[125.247148288973,38.083798548818],[125.248302,38.083808],[125.264903,38.077948],[125.273692,38.062405],[125.253184,38.053941],[125.247148288973,38.024045906934],[125.247148288973,37.985611510791]]],"type":"Polygon"},"id":363,"properties":{"parentKey":"PRK:1159315261","sourceCountryId":"PRK","syntheticOperational":true,"territoryId":"territory:catalog:c74ebde3f9f06805818e43a066b3df8527e87096808b78d563d5a5e361777d60"},"type":"Feature"},{"geometry":{"coordinates":[[[126.124328472755,38.63309352518],[126.289211935731,38.63309352518],[126.400613967767,38.63309352518],[126.400613967767,38.848920863309],[126.235565819861,38.848920863309],[126.199659005437,38.848920863309],[126.211242,38.83564],[126.21424,38.830783],[126.21641,38.825925],[126.21765,38.821171],[126.21858,38.816081],[126.2192,38.783369],[126.218167,38.778279],[126.215583,38.77337],[126.211966,38.768719],[126.206281,38.76474],[126.20039,38.762156],[126.161633,38.754043],[126.150884,38.750064],[126.142719,38.745232],[126.137552,38.740426],[126.124328472755,38.725176753884],[126.124328472755,38.63309352518]]],"type":"Polygon"},"id":364,"properties":{"parentKey":"PRK:1159315273","sourceCountryId":"PRK","syntheticOperational":true,"territoryId":"territory:catalog:340df13d193044820f1d249c32e743d3ca47592793fc58722c8b10fd01ccb555"},"type":"Feature"},{"geometry":{"coordinates":[[[125.578393278524,39.064748201439],[125.68129330254,39.064748201439],[125.833333333333,39.064748201439],[125.833333333333,39.216251525318],[125.831421,39.217787],[125.82832,39.219544],[125.797934,39.226236],[125.791836,39.228278],[125.788322,39.229957],[125.785222,39.232463],[125.781604,39.236391],[125.774163,39.246571],[125.77313,39.247992],[125.769099,39.25378],[125.767859,39.25502],[125.736956,39.276337],[125.728623299341,39.280575539568],[125.711769848989,39.280575539568],[125.709361,39.279282],[125.702023,39.273701],[125.67205,39.258121],[125.630813,39.247243],[125.627092,39.244918],[125.622028,39.240215],[125.620994,39.238716],[125.620167,39.237114],[125.619651,39.235357],[125.619134,39.231197],[125.619444,39.227296],[125.620994,39.223885],[125.629262,39.212103],[125.639184,39.190476],[125.640218,39.186885],[125.640734,39.183629],[125.640838,39.178358],[125.640218,39.174172],[125.636187,39.158618],[125.63536,39.156835],[125.634017,39.15097],[125.633913,39.148851],[125.634327,39.146784],[125.635774,39.144665],[125.637427,39.143167],[125.652723,39.134123],[125.660578,39.130816],[125.664196,39.128439],[125.665126,39.127457],[125.665849,39.126165],[125.666263,39.124563],[125.665849,39.122729],[125.664816,39.120997],[125.660785,39.117923],[125.657064,39.115907],[125.655204,39.115132],[125.582547,39.069631],[125.578619,39.065161],[125.578393278524,39.064748201439]]],"type":"Polygon"},"id":365,"properties":{"parentKey":"PRK:1159315275","sourceCountryId":"PRK","syntheticOperational":true,"territoryId":"territory:catalog:9fc15f924f71840bdf33d9789a6e9f2a2ba8da79c365e0149a007258ec17b128"},"type":"Feature"},{"geometry":{"coordinates":[[[129.847542793449,42.94964028777],[129.87714987715,42.94964028777],[129.87714987715,42.970169863473],[129.863112,42.96898],[129.851743,42.961901],[129.847609,42.951281],[129.847542793449,42.94964028777]]],"type":"Polygon"},"id":366,"properties":{"parentKey":"PRK:1159315277","sourceCountryId":"PRK","syntheticOperational":true,"territoryId":"territory:catalog:14b137d19fb3ee33599d031a14056bad09ea15e652c14964cc11efff5a607d25"},"type":"Feature"},{"geometry":{"coordinates":[[[126.243050039714,41.007194244604],[126.413301662708,41.007194244604],[126.528991262907,41.007194244604],[126.528991262907,41.223021582734],[126.358565737052,41.223021582734],[126.326541927999,41.223021582734],[126.321002,41.218881],[126.30953,41.207822],[126.284364,41.164103],[126.274752,41.15258],[126.260696,41.143123],[126.243050039714,41.135201595625],[126.243050039714,41.007194244604]]],"type":"Polygon"},"id":367,"properties":{"parentKey":"PRK:1159315283","sourceCountryId":"PRK","syntheticOperational":true,"territoryId":"territory:catalog:7e206ae8121b9d508fce5748883131884fb01af3b3f51a77ada766bb37df10ac"},"type":"Feature"},{"geometry":{"coordinates":[[[127.100873709293,41.126793593598],[127.122194,41.116095],[127.13532,41.112788],[127.165706,41.110204],[127.204877,41.101962],[127.218313,41.103254],[127.238776,41.112891],[127.251075,41.126121],[127.261101,41.141055],[127.27526,41.155757],[127.297688,41.167798],[127.32673,41.175704],[127.355565,41.175627],[127.377269,41.163741],[127.386054,41.145034],[127.386814932486,41.141175553991],[127.386814932486,41.223021582734],[127.219123505976,41.223021582734],[127.100873709293,41.223021582734],[127.100873709293,41.126793593598]]],"type":"Polygon"},"id":368,"properties":{"parentKey":"PRK:1159315289","sourceCountryId":"PRK","syntheticOperational":true,"territoryId":"territory:catalog:64fdd744329c7f6de6dd87cda7a4ad21ea6bbddaacd02b4fe7bb8363652471f0"},"type":"Feature"},{"geometry":{"coordinates":[[[126.178489702517,38.217411789363],[126.195119,38.22821],[126.20101,38.231129],[126.206178,38.233015],[126.249793,38.240276],[126.272117,38.240767],[126.28514,38.238597],[126.308084,38.231284],[126.336816,38.218546],[126.38727399152,38.201438848921],[126.453089244851,38.201438848921],[126.453089244851,38.41726618705],[126.289211935731,38.41726618705],[126.178489702517,38.41726618705],[126.178489702517,38.217411789363]]],"type":"Polygon"},"id":369,"properties":{"parentKey":"PRK:1159315273","sourceCountryId":"PRK","syntheticOperational":true,"territoryId":"territory:catalog:2e47900e735d2fb4640956147e47c5ac212eea400320bad8d2165c627b0e0592"},"type":"Feature"},{"geometry":{"coordinates":[[[125.266457680251,40.143884892086],[125.4375,40.143884892086],[125.548589341693,40.143884892086],[125.548589341693,40.359712230216],[125.334382376082,40.359712230216],[125.266457680251,40.359712230216],[125.266457680251,40.143884892086]]],"type":"Polygon"},"id":370,"properties":{"parentKey":"PRK:1159315269","sourceCountryId":"PRK","syntheticOperational":true,"territoryId":"territory:catalog:c62eb881ab9b2174520ef87ef63f52716d6d8dd9e0762c831ab9ba113f8ccb75"},"type":"Feature"},{"geometry":{"coordinates":[[[125.391049746377,39.496402877698],[125.496894409938,39.496402877698],[125.496894409938,39.577822072658],[125.451289,39.572546],[125.451752,39.571275],[125.450287,39.557929],[125.441987,39.547553],[125.413666,39.538723],[125.406586,39.527493],[125.402599,39.513739],[125.397227,39.501776],[125.391049746377,39.496402877698]]],"type":"Polygon"},"id":371,"properties":{"parentKey":"PRK:1159315287","sourceCountryId":"PRK","syntheticOperational":true,"territoryId":"territory:catalog:4462c41ba86a01890130cd3e1f03f426b3d41e50350a7fbca93386b1d5140bc3"},"type":"Feature"},{"geometry":{"coordinates":[[[127.338129496403,41.438848920863],[127.505976095618,41.438848920863],[127.619338624386,41.438848920863],[127.597513,41.450339],[127.558808,41.458246],[127.544752,41.468891],[127.542891,41.491319],[127.525838,41.484342],[127.508475,41.488166],[127.491008,41.495401],[127.47411,41.498812],[127.457109,41.494729],[127.443053,41.488011],[127.427343,41.483102],[127.405122,41.484497],[127.40135,41.486823],[127.395924,41.49137],[127.388482,41.496021],[127.378974,41.498812],[127.371119,41.498088],[127.353704,41.492714],[127.344247,41.491319],[127.338129496403,41.491844286806],[127.338129496403,41.438848920863]]],"type":"Polygon"},"id":372,"properties":{"parentKey":"PRK:1159315289","sourceCountryId":"PRK","syntheticOperational":true,"territoryId":"territory:catalog:5d1025924fbf4202bddbf96d67f9af90e2095e179811dd34ddbca0009abeab77"},"type":"Feature"},{"geometry":{"coordinates":[[[130.589687651415,42.302158273381],[130.594981,42.298163],[130.597667,42.291938],[130.598481,42.280951],[130.597544,42.26278],[130.603823,42.26326],[130.616621,42.272318],[130.631577,42.274397],[130.667129,42.283092],[130.695557,42.289001],[130.699962,42.295111],[130.688054886796,42.302158273381],[130.589687651415,42.302158273381]]],"type":"Polygon"},"id":373,"properties":{"parentKey":"PRK:1159317137","sourceCountryId":"PRK","syntheticOperational":true,"territoryId":"territory:catalog:c74aa6cd37bc4406d4f93566c3edecd22dda79dbd4e631425cee606bb2762dba"},"type":"Feature"},{"geometry":{"coordinates":[[[125.959059893859,37.838945327452],[125.967133,37.835435],[125.977875,37.829332],[125.986176,37.822821],[125.983653,37.837104],[125.974457,37.864163],[125.972504,37.874335],[125.96461,37.878648],[125.959059893859,37.882866853322],[125.959059893859,37.838945327452]]],"type":"Polygon"},"id":374,"properties":{"parentKey":"PRK:1159315261","sourceCountryId":"PRK","syntheticOperational":true,"territoryId":"territory:catalog:39e1295fd3c7b9692af49f44e46215a6b694668f60f39745e02f3ef080a94b3b"},"type":"Feature"},{"geometry":{"coordinates":[[[127.100873709293,41.007194244604],[127.268408551069,41.007194244604],[127.369532373298,41.007194244604],[127.372825,41.009978],[127.386814932486,41.033673491061],[127.386814932486,41.141175553991],[127.386054,41.145034],[127.377269,41.163741],[127.355565,41.175627],[127.32673,41.175704],[127.297688,41.167798],[127.27526,41.155757],[127.261101,41.141055],[127.251075,41.126121],[127.238776,41.112891],[127.218313,41.103254],[127.204877,41.101962],[127.165706,41.110204],[127.13532,41.112788],[127.122194,41.116095],[127.100873709293,41.126793593598],[127.100873709293,41.007194244604]]],"type":"Polygon"},"id":375,"properties":{"parentKey":"PRK:1159315283","sourceCountryId":"PRK","syntheticOperational":true,"territoryId":"territory:catalog:caf5ddab76bd29b2832fd0a5cb1ca3502ddc4a04da25529d0f3f09d01a7c57c5"},"type":"Feature"},{"geometry":{"coordinates":[[[124.937888198758,39.64591395308],[124.947276,39.662991],[124.958263,39.662014],[124.986339,39.638983],[124.994395,39.636908],[125.003266,39.636868],[125.01059,39.635321],[125.01352,39.62873],[125.018077,39.62401],[125.04005,39.608547],[125.047699,39.604193],[125.060313,39.601142],[125.070079,39.601508],[125.085541,39.604193],[125.097504,39.602729],[125.101654,39.5987],[125.10377,39.592475],[125.109711,39.584377],[125.113536,39.577582],[125.114268,39.57095],[125.116954,39.565863],[125.126801,39.56387],[125.171235,39.56387],[125.167817,39.56977],[125.160981,39.585191],[125.157563,39.591213],[125.217391304348,39.591213],[125.217391304348,39.712230215827],[125.046728971963,39.712230215827],[124.937888198758,39.712230215827],[124.937888198758,39.64591395308]]],"type":"Polygon"},"id":376,"properties":{"parentKey":"PRK:1159315269","sourceCountryId":"PRK","syntheticOperational":true,"territoryId":"territory:catalog:0c550e032b8ff314d3c07856806fd34bc62f359aab9d3df007860b7b131eecff"},"type":"Feature"},{"geometry":{"coordinates":[[[126.8149324861,41.007194244604],[126.983372921615,41.007194244604],[127.100873709293,41.007194244604],[127.100873709293,41.126793593598],[127.064524,41.145034],[127.04592,41.157746],[127.033311,41.176996],[127.027937,41.204824],[127.023492,41.217123],[127.01787715073,41.223021582734],[126.932270916335,41.223021582734],[126.8149324861,41.223021582734],[126.8149324861,41.007194244604]]],"type":"Polygon"},"id":377,"properties":{"parentKey":"PRK:1159315283","sourceCountryId":"PRK","syntheticOperational":true,"territoryId":"territory:catalog:885707396ff223496082eb49a534d6a63a7313f8c68b74ef53f10151ad02f7df"},"type":"Feature"},{"geometry":{"coordinates":[[[125.629290617849,38.201438848921],[125.794676806084,38.201438848921],[125.903890160183,38.201438848921],[125.903890160183,38.240210161306],[125.898497,38.245702],[125.870798,38.26397],[125.863253,38.271334],[125.857982,38.278051],[125.857155,38.283116],[125.855192,38.288077],[125.842893,38.300479],[125.837932,38.310556],[125.832971,38.31655],[125.826976,38.318592],[125.821085,38.317972],[125.815918,38.315672],[125.81075,38.312726],[125.805066,38.310866],[125.782638,38.314535],[125.774783,38.313967],[125.758453,38.309083],[125.743881,38.310788],[125.7414,38.314277],[125.743261,38.317894],[125.747808,38.321253],[125.750082,38.323682],[125.751219,38.327325],[125.749462,38.332131],[125.743467,38.337376],[125.731065,38.346161],[125.710911,38.354326],[125.703986,38.360114],[125.703986,38.363473],[125.711841,38.367503],[125.716595,38.371224],[125.720833,38.37572],[125.723727,38.380578],[125.725174,38.384789],[125.723934,38.388742],[125.722073,38.391843],[125.704297,38.409568],[125.701816,38.41272],[125.699852,38.416312],[125.69953393765,38.41726618705],[125.629290617849,38.41726618705],[125.629290617849,38.201438848921]]],"type":"Polygon"},"id":378,"properties":{"parentKey":"PRK:1159315261","sourceCountryId":"PRK","syntheticOperational":true,"territoryId":"territory:catalog:de71d7290c6a84e34bfdece788414f3a9b4f07d6cc5674fd16a702e666422755"},"type":"Feature"},{"geometry":{"coordinates":[[[126.298342541436,40.575539568345],[126.467348544453,40.575539568345],[126.582478295185,40.575539568345],[126.582478295185,40.791366906475],[126.413301662708,40.791366906475],[126.298342541436,40.791366906475],[126.298342541436,40.575539568345]]],"type":"Polygon"},"id":379,"properties":{"parentKey":"PRK:1159315283","sourceCountryId":"PRK","syntheticOperational":true,"territoryId":"territory:catalog:0d73f519a26ad5edf4246b83d6d648288d28e6e5a55fa66e33fa789f14eed8a6"},"type":"Feature"},{"geometry":{"coordinates":[[[128.905445,41.19777],[128.909889,41.168805],[128.926322,41.141675],[128.936657,41.115217],[128.923325,41.088293],[128.947819,41.040725],[128.955054,41.015223],[128.955207730104,41.007194244604],[128.978622327791,41.007194244604],[129.102462271644,41.007194244604],[129.102462271644,41.223021582734],[128.940239043825,41.223021582734],[128.922256949814,41.223021582734],[128.912886,41.211619],[128.905445,41.19777]]],"type":"Polygon"},"id":380,"properties":{"parentKey":"PRK:1159315277","sourceCountryId":"PRK","syntheticOperational":true,"territoryId":"territory:catalog:8b20721316369bc163ea6c6d9e24c16407f95959a69a4ee09c6888ece0b702d9"},"type":"Feature"},{"geometry":{"coordinates":[[[130.405186385737,42.306711615692],[130.405854,42.307115],[130.406993,42.315741],[130.40745,42.324577],[130.419159,42.324398],[130.431839,42.318125],[130.440098,42.309128],[130.45646,42.311769],[130.469396,42.322075],[130.465653,42.334752],[130.480684,42.339752],[130.51019,42.33578],[130.519053,42.327603],[130.540501,42.318371],[130.569366,42.315259],[130.582042,42.307929],[130.589687651415,42.302158273381],[130.688054886796,42.302158273381],[130.672881,42.311139],[130.662753,42.32057],[130.660272,42.333929],[130.660582,42.359199],[130.656655,42.383254],[130.645803,42.400876],[130.628543,42.414802],[130.605909,42.420616],[130.587408,42.432011],[130.575626,42.445731],[130.55878,42.482705],[130.554749,42.487614],[130.549891,42.490379],[130.546067,42.495288],[130.544517,42.506295],[130.542657,42.510533],[130.538216144713,42.517985611511],[130.536585365854,42.517985611511],[130.449704546414,42.517985611511],[130.448564,42.503284],[130.432999,42.452697],[130.405186385737,42.442583381156],[130.405186385737,42.306711615692]]],"type":"Polygon"},"id":381,"properties":{"parentKey":"PRK:1159317137","sourceCountryId":"PRK","syntheticOperational":true,"territoryId":"territory:catalog:c9ede71057cf509bc3ecd2572b62b700f16cd34d70a0cfe8d4dfa59d07a2201b"},"type":"Feature"},{"geometry":{"coordinates":[[[125.080091533181,38.201438848921],[125.247148288973,38.201438848921],[125.354691075515,38.201438848921],[125.354691075515,38.41726618705],[125.187452180566,38.41726618705],[125.080091533181,38.41726618705],[125.080091533181,38.201438848921]]],"type":"Polygon"},"id":382,"properties":{"parentKey":"PRK:1159315261","sourceCountryId":"PRK","syntheticOperational":true,"territoryId":"territory:catalog:e29cfa44791c45c0e1543dd4760593f6eba788b6766c6377964c10f839225a1d"},"type":"Feature"},{"geometry":{"coordinates":[[[129.478748997594,41.654676258993],[129.640287769784,41.654676258993],[129.695507377136,41.654676258993],[129.715019,41.675337],[129.741361,41.684018],[129.749766,41.696275],[129.762787,41.731024],[129.767441860465,41.742062624671],[129.767441860465,41.870503597122],[129.605792437651,41.870503597122],[129.478748997594,41.870503597122],[129.478748997594,41.654676258993]]],"type":"Polygon"},"id":383,"properties":{"parentKey":"PRK:1159315277","sourceCountryId":"PRK","syntheticOperational":true,"territoryId":"territory:catalog:4c87f56e8cc79d6dbdba7a51b1d1e8d13fe254a371eeb9bac4e330dc83649e1f"},"type":"Feature"},{"geometry":{"coordinates":[[[124.658385093168,39.540186053822],[124.661632,39.538398],[124.675548,39.53852],[124.687022,39.544745],[124.695649,39.553778],[124.69809,39.562893],[124.691254,39.569648],[124.673839,39.570624],[124.658385093168,39.567312492576],[124.658385093168,39.540186053822]]],"type":"Polygon"},"id":384,"properties":{"parentKey":"PRK:1159315269","sourceCountryId":"PRK","syntheticOperational":true,"territoryId":"territory:catalog:8d1385a76a6d560d1c16d8d5ba61fa515ad8c759249b35b912e108cecbdb8589"},"type":"Feature"},{"geometry":{"coordinates":[[[125.571757482732,38.683358581621],[125.588959,38.666327],[125.59962,38.662258],[125.619884,38.661444],[125.630088940352,38.659009140372],[125.617583,38.68844],[125.615723,38.714201],[125.613759,38.721719],[125.610142,38.727275],[125.591849,38.741847],[125.580583,38.753165],[125.576139,38.761278],[125.573865,38.767479],[125.575105,38.780501],[125.571757482732,38.788591545699],[125.571757482732,38.683358581621]]],"type":"Polygon"},"id":385,"properties":{"parentKey":"PRK:1159315287","sourceCountryId":"PRK","syntheticOperational":true,"territoryId":"territory:catalog:8fd28a6dc163619de048383756c7c31cca90e309cbfb2ebc934da8c30f7ee2ee"},"type":"Feature"},{"geometry":{"coordinates":[[[125.730071033938,40.575539568345],[125.900865460268,40.575539568345],[126.014206787687,40.575539568345],[126.014206787687,40.791366906475],[125.8432304038,40.791366906475],[125.730071033938,40.791366906475],[125.730071033938,40.575539568345]]],"type":"Polygon"},"id":386,"properties":{"parentKey":"PRK:1159315283","sourceCountryId":"PRK","syntheticOperational":true,"territoryId":"territory:catalog:6247449cf383e1b66b1a1fcc2f6e5c1d1cd54b6016fb4b558a02dde5632fb6ea"},"type":"Feature"},{"geometry":{"coordinates":[[[125.334382376082,40.359712230216],[125.548589341693,40.359712230216],[125.617623918175,40.359712230216],[125.617623918175,40.380163166548],[125.582547,40.40849],[125.57924,40.413373],[125.577069,40.418489],[125.575829,40.423812],[125.576139,40.429522],[125.578206,40.434974],[125.585441,40.446136],[125.587611,40.451898],[125.592262,40.480036],[125.592779,40.481302],[125.594019,40.483912],[125.605388,40.498019],[125.608282,40.503342],[125.610659,40.508665],[125.612209,40.513884],[125.612209,40.519568],[125.610142,40.524633],[125.602597,40.5375],[125.60115,40.541066],[125.595156,40.563752],[125.590918,40.570676],[125.584717,40.574087],[125.577172,40.574294],[125.560843,40.570806],[125.552161,40.57109],[125.541619,40.574087],[125.539407250706,40.575539568345],[125.445935280189,40.575539568345],[125.334382376082,40.575539568345],[125.334382376082,40.359712230216]]],"type":"Polygon"},"id":387,"properties":{"parentKey":"PRK:1159315269","sourceCountryId":"PRK","syntheticOperational":true,"territoryId":"territory:catalog:9ae497aa256c8eb164e2d123bcfec1e5cfefc628039b03dddd30400a7490ea2d"},"type":"Feature"},{"geometry":{"coordinates":[[[125.141289642543,37.985611510791],[125.144298,37.983466],[125.155284,37.979967],[125.166515,37.981269],[125.173664231762,37.985611510791],[125.141289642543,37.985611510791]]],"type":"Polygon"},"id":388,"properties":{"parentKey":"PRK:1159315261","sourceCountryId":"PRK","syntheticOperational":true,"territoryId":"territory:catalog:21b18a0ae449ec60204a21d7dcb5547e566678d53900731d646d8bfd3f9a05da"},"type":"Feature"},{"geometry":{"coordinates":[[[128.693586698337,40.791366906475],[128.855564325178,40.791366906475],[128.946414506904,40.791366906475],[128.937277,40.800042],[128.924462,40.815442],[128.917847,40.831281],[128.919914,40.846758],[128.93304,40.861098],[128.939241,40.874921],[128.93056,40.890941],[128.919087,40.907788],[128.916917,40.924014],[128.926942,40.940757],[128.949473,40.969748],[128.955571,40.988222],[128.955207730104,41.007194244604],[128.816521048451,41.007194244604],[128.693586698337,41.007194244604],[128.693586698337,40.791366906475]]],"type":"Polygon"},"id":389,"properties":{"parentKey":"PRK:1159315285","sourceCountryId":"PRK","syntheticOperational":true,"territoryId":"territory:catalog:fa1004f62a1f72e96f64c22a176f78fa75f95f21ac92afa67450bae1ecbf0ff9"},"type":"Feature"},{"geometry":{"coordinates":[[[125.64723093466,38.628559052605],[125.647231,38.628559],[125.652413,38.624387],[125.655514,38.611881],[125.655927,38.584596],[125.657168,38.57948],[125.662542,38.569248],[125.664299,38.563848],[125.664609,38.558448],[125.663265,38.537364],[125.664919,38.531008],[125.668536,38.52416],[125.676805,38.513851],[125.680939,38.505686],[125.683833,38.497237],[125.692411,38.485868],[125.700266,38.47251],[125.701093,38.467523],[125.699956,38.462278],[125.697682,38.457059],[125.696545,38.451658],[125.696132,38.44631],[125.696545,38.430342],[125.698405,38.420653],[125.69953393765,38.41726618705],[125.738332058148,38.41726618705],[125.738332058148,38.63309352518],[125.655222586668,38.63309352518],[125.657807,38.631008],[125.64723093466,38.628559052605]]],"type":"Polygon"},"id":390,"properties":{"parentKey":"PRK:1159315273","sourceCountryId":"PRK","syntheticOperational":true,"territoryId":"territory:catalog:13a1c2305ab8a8197bb448112677f84bcd93ad919d27adb7d753d6c80f33d428"},"type":"Feature"},{"geometry":{"coordinates":[[[127.222222222222,39.064748201439],[127.344110854503,39.064748201439],[127.5,39.064748201439],[127.5,39.178519874082],[127.491303,39.194892],[127.473399,39.193305],[127.473643,39.187161],[127.476085,39.177069],[127.471934,39.16828],[127.45224,39.165961],[127.441254,39.170844],[127.420177,39.189195],[127.408539,39.193305],[127.393403,39.201728],[127.382904,39.221991],[127.37203,39.240426],[127.378429,39.268988],[127.38183963791,39.280575539568],[127.33746130031,39.280575539568],[127.222222222222,39.280575539568],[127.222222222222,39.064748201439]]],"type":"Polygon"},"id":391,"properties":{"parentKey":"PRK:1159315279","sourceCountryId":"PRK","syntheticOperational":true,"territoryId":"territory:catalog:0d701bdcef6af710265454e6aaa74effd1f60c2406d36b3c4ba5cb52c8f4ccca"},"type":"Feature"},{"geometry":{"coordinates":[[[126.5625,40.062433935876],[126.565433,40.078122],[126.567603,40.083729],[126.570497,40.089026],[126.578455,40.096054],[126.589927,40.103728],[126.653386,40.138532],[126.662584,40.142511],[126.667661678576,40.143884892086],[126.5625,40.143884892086],[126.5625,40.062433935876]]],"type":"Polygon"},"id":392,"properties":{"parentKey":"PRK:1159315283","sourceCountryId":"PRK","syntheticOperational":true,"territoryId":"territory:catalog:03c945ab461a793568856378a75855bda64fa321c222905c79c0c0d9224cfa30"},"type":"Feature"},{"geometry":{"coordinates":[[[128.09729285181,40.575539568345],[128.118413,40.559721],[128.147041,40.549386],[128.16679779701,40.551276176639],[128.16679779701,40.575539568345],[128.09729285181,40.575539568345]]],"type":"Polygon"},"id":393,"properties":{"parentKey":"PRK:1159315289","sourceCountryId":"PRK","syntheticOperational":true,"territoryId":"territory:catalog:9eb09b4198ab5c92808f98ff72506b67148fbd337c45489c349cfa4adc230c46"},"type":"Feature"},{"geometry":{"coordinates":[[[125.665634674923,39.280575539568],[125.711769848989,39.280575539568],[125.712875,39.281169],[125.717112,39.282383],[125.721866,39.283184],[125.728068,39.280858],[125.728623299341,39.280575539568],[125.833333333333,39.280575539568],[125.94427244582,39.280575539568],[125.94427244582,39.496402877698],[125.776397515528,39.496402877698],[125.665634674923,39.496402877698],[125.665634674923,39.280575539568]]],"type":"Polygon"},"id":394,"properties":{"parentKey":"PRK:1159315287","sourceCountryId":"PRK","syntheticOperational":true,"territoryId":"territory:catalog:5a33fb25c34bc9c6ea597251e0aeb28e8f9753100f09374af62ae65bfca5ab52"},"type":"Feature"},{"geometry":{"coordinates":[[[127.553444180523,40.791366906475],[127.571470715971,40.791366906475],[127.570332,40.796942],[127.564648,40.809654],[127.553444180523,40.817397675741],[127.553444180523,40.791366906475]]],"type":"Polygon"},"id":395,"properties":{"parentKey":"PRK:1159315285","sourceCountryId":"PRK","syntheticOperational":true,"territoryId":"territory:catalog:ab080bc2c380051210db0eaf9e13e087d589d9342bb2a6da12a575df2c5fb2ac"},"type":"Feature"},{"geometry":{"coordinates":[[[129.064748201439,41.438848920863],[129.227091633466,41.438848920863],[129.352517985611,41.438848920863],[129.352517985611,41.654676258993],[129.190056134723,41.654676258993],[129.064748201439,41.654676258993],[129.064748201439,41.438848920863]]],"type":"Polygon"},"id":396,"properties":{"parentKey":"PRK:1159315277","sourceCountryId":"PRK","syntheticOperational":true,"territoryId":"territory:catalog:e02764d768c6e1bbddaaf7439bb0840203f921a8c32f54b3239f2907bc7d161b"},"type":"Feature"},{"geometry":{"coordinates":[[[126.5625,39.928057553957],[126.728971962617,39.928057553957],[126.84375,39.928057553957],[126.84375,40.143884892086],[126.677115987461,40.143884892086],[126.667661678576,40.143884892086],[126.662584,40.142511],[126.653386,40.138532],[126.589927,40.103728],[126.578455,40.096054],[126.570497,40.089026],[126.567603,40.083729],[126.565433,40.078122],[126.5625,40.062433935876],[126.5625,39.928057553957]]],"type":"Polygon"},"id":397,"properties":{"parentKey":"PRK:1159315287","sourceCountryId":"PRK","syntheticOperational":true,"territoryId":"territory:catalog:c6a5da447f2aa87524b65a922f4e545110207a0a58e392b3d624131052950639"},"type":"Feature"},{"geometry":{"coordinates":[[[127.40625,39.928057553957],[127.570093457944,39.928057553957],[127.6875,39.928057553957],[127.6875,40.143884892086],[127.523510971787,40.143884892086],[127.40625,40.143884892086],[127.40625,39.928057553957]]],"type":"Polygon"},"id":398,"properties":{"parentKey":"PRK:1159315285","sourceCountryId":"PRK","syntheticOperational":true,"territoryId":"territory:catalog:d462f929440276fbc3e0fc9bd0766381a2af87480cedc19b6e6814d9d1b99070"},"type":"Feature"},{"geometry":{"coordinates":[[[129.983844911147,42.086330935252],[130.086723272239,42.086330935252],[130.092772,42.089811],[130.120069,42.090081],[130.129251133547,42.086330935252],[130.161468935252,42.086330935252],[130.17392,42.098782],[130.185313,42.103909],[130.193858,42.100979],[130.199311,42.101304],[130.204286,42.159644],[130.202274,42.173551],[130.191739,42.234785],[130.218978,42.281481],[130.241245707104,42.302158273381],[130.113452188006,42.302158273381],[129.983844911147,42.302158273381],[129.983844911147,42.086330935252]]],"type":"Polygon"},"id":399,"properties":{"parentKey":"PRK:1159315277","sourceCountryId":"PRK","syntheticOperational":true,"territoryId":"territory:catalog:39130211e80fc71fcea633436e21f39fb220feafac3090721e18b384c1af6604"},"type":"Feature"},{"geometry":{"coordinates":[[[126.944444444444,39.211385946318],[126.950835,39.211431],[126.979257,39.215824],[126.99383,39.21541],[126.999308,39.214558],[127.003752,39.213343],[127.025249,39.204403],[127.037548,39.212258],[127.039409,39.219079],[127.039305,39.225151],[127.032381,39.242127],[127.029074,39.257992],[127.031657,39.266363],[127.037135,39.271789],[127.066591,39.278456],[127.072088856188,39.280575539568],[127.058823529412,39.280575539568],[126.944444444444,39.280575539568],[126.944444444444,39.211385946318]]],"type":"Polygon"},"id":400,"properties":{"parentKey":"PRK:1159315285","sourceCountryId":"PRK","syntheticOperational":true,"territoryId":"territory:catalog:7308cc19f15ea2b3fbd8ce6bbf8f0bc0bbac5ef25f33c95c0ce62b8438b27645"},"type":"Feature"},{"geometry":{"coordinates":[[[125.571757482732,38.63309352518],[125.605842544789,38.63309352518],[125.585948,38.641913],[125.575206,38.655748],[125.572358,38.662299],[125.571757482732,38.662932437874],[125.571757482732,38.63309352518]]],"type":"Polygon"},"id":401,"properties":{"parentKey":"PRK:1159315261","sourceCountryId":"PRK","syntheticOperational":true,"territoryId":"territory:catalog:d528b0bce2cb7741c9bb028750f5f6a032b14553cb26e12d6191190cf1c68798"},"type":"Feature"},{"geometry":{"coordinates":[[[125.187452180566,38.41726618705],[125.354691075515,38.41726618705],[125.462892119357,38.41726618705],[125.462892119357,38.63309352518],[125.295471987721,38.63309352518],[125.187452180566,38.63309352518],[125.187452180566,38.41726618705]]],"type":"Polygon"},"id":402,"properties":{"parentKey":"PRK:1159315261","sourceCountryId":"PRK","syntheticOperational":true,"territoryId":"territory:catalog:d112c853ecc39d2c91beeea6d53ecff46bea3c1562c7ea102be8719b02a23c09"},"type":"Feature"},{"geometry":{"coordinates":[[[126.01377199694,38.41726618705],[126.178489702517,38.41726618705],[126.289211935731,38.41726618705],[126.289211935731,38.63309352518],[126.124328472755,38.63309352518],[126.01377199694,38.63309352518],[126.01377199694,38.41726618705]]],"type":"Polygon"},"id":403,"properties":{"parentKey":"PRK:1159315273","sourceCountryId":"PRK","syntheticOperational":true,"territoryId":"territory:catalog:9223fd20df697f6ad0411f040a4b357848dadfc5d4759014a99fd2343c01b7c0"},"type":"Feature"},{"geometry":{"coordinates":[[[129.767441860465,41.742062624671],[129.77476,41.759417],[129.813315,41.777733],[129.826546,41.778446],[129.842813,41.758783],[129.85246,41.764923],[129.855171,41.781792],[129.869652,41.791457],[129.884532,41.824164],[129.883393,41.857408],[129.886973643458,41.870503597122],[129.767441860465,41.870503597122],[129.767441860465,41.742062624671]]],"type":"Polygon"},"id":404,"properties":{"parentKey":"PRK:1159315277","sourceCountryId":"PRK","syntheticOperational":true,"territoryId":"territory:catalog:670b5bfa57ae047bf35b0785ac447d0c0eb13c7bec228bb98d2f01fd7a2f8f59"},"type":"Feature"},{"geometry":{"coordinates":[[[127.276887871854,38.311625990673],[127.377113,38.318515],[127.47194,38.295906],[127.502067,38.298077],[127.551487414188,38.30985594139],[127.551487414188,38.41726618705],[127.390971690895,38.41726618705],[127.276887871854,38.41726618705],[127.276887871854,38.311625990673]]],"type":"Polygon"},"id":405,"properties":{"parentKey":"PRK:1159315279","sourceCountryId":"PRK","syntheticOperational":true,"territoryId":"territory:catalog:5d8afa8309095e6cb62bd878df66ecab5105a802ac941f702a71069f4317a03d"},"type":"Feature"},{"geometry":{"coordinates":[[[126.95318495779,38.63309352518],[127.115531752104,38.63309352518],[127.229470452801,38.63309352518],[127.229470452801,38.848920863309],[127.066974595843,38.848920863309],[126.95318495779,38.848920863309],[126.95318495779,38.63309352518]]],"type":"Polygon"},"id":406,"properties":{"parentKey":"PRK:1159315279","sourceCountryId":"PRK","syntheticOperational":true,"territoryId":"territory:catalog:04547e5c639cf835ad46c2cf9e1025430e590da9f8ad82e823719aab36eccb80"},"type":"Feature"},{"geometry":{"coordinates":[[[126.789838337182,38.848920863309],[126.874201299586,38.848920863309],[126.872494,38.861349],[126.872597,38.871271],[126.874148,38.879203],[126.877558,38.884371],[126.881899,38.889177],[126.887583,38.893931],[126.893475,38.898117],[126.899779,38.901631],[126.905877,38.903905],[126.911871,38.905248],[126.959207,38.90778],[126.965408,38.908943],[126.971609,38.911088],[126.977707,38.914188],[126.983392,38.918374],[127.000238,38.935221],[127.00861,38.948011],[127.015431,38.961937],[127.018015,38.970438],[127.019152,38.977389],[127.018532,38.982375],[127.016981,38.987207],[127.014707,38.991884],[127.010573,38.998679],[127.00923,39.000307],[127.003235,39.005268],[126.993313,39.016404],[126.986182,39.032321],[126.982265317936,39.064748201439],[126.944444444444,39.064748201439],[126.938593910085,39.064748201439],[126.925824,39.063456],[126.915584982553,39.064748201439],[126.789838337182,39.064748201439],[126.789838337182,38.848920863309]]],"type":"Polygon"},"id":407,"properties":{"parentKey":"PRK:1159315273","sourceCountryId":"PRK","syntheticOperational":true,"territoryId":"territory:catalog:9e79e81630cc857be64346e869ce29609e627d33029ee640870b658a24ee070f"},"type":"Feature"},{"geometry":{"coordinates":[[[124.595876,39.537909],[124.600352,39.5362],[124.603526,39.53852],[124.644786,39.547675],[124.658385093168,39.540186053822],[124.658385093168,39.567312492576],[124.648774,39.565253],[124.63502,39.563951],[124.63087,39.56509],[124.614268,39.553412],[124.604666,39.549262],[124.597423,39.544582],[124.595876,39.537909]]],"type":"Polygon"},"id":408,"properties":{"parentKey":"PRK:1159315269","sourceCountryId":"PRK","syntheticOperational":true,"territoryId":"territory:catalog:8ed010ff5b1a47e85afcddb9a6a4f564c563d0df50e2aca1d8b75b9185727e80"},"type":"Feature"},{"geometry":{"coordinates":[[[128.736926790024,41.870503597122],[128.901363271852,41.870503597122],[129.026548672566,41.870503597122],[129.026548672566,42.086330935252],[128.962357961736,42.086330935252],[128.954847,42.075237],[128.940067,42.035368],[128.90348,42.026273],[128.883172,42.030409],[128.88064,42.021725],[128.868548,41.999969],[128.850254,41.985241],[128.805916,41.965087],[128.787519,41.949429],[128.775634,41.929844],[128.768502,41.920956],[128.75858,41.914806],[128.744628,41.914083],[128.736926790024,41.916499164829],[128.736926790024,41.870503597122]]],"type":"Polygon"},"id":409,"properties":{"parentKey":"PRK:1159315277","sourceCountryId":"PRK","syntheticOperational":true,"territoryId":"territory:catalog:7729f0b40c16c4234e8b4b420f7881b67b651944720423965c5025bfda627598"},"type":"Feature"},{"geometry":{"coordinates":[[[129.951219512195,42.517985611511],[130.113452188006,42.517985611511],[130.243902439024,42.517985611511],[130.243902439024,42.73381294964],[130.081566068515,42.73381294964],[129.951219512195,42.73381294964],[129.951219512195,42.517985611511]]],"type":"Polygon"},"id":410,"properties":{"parentKey":"PRK:1159315277","sourceCountryId":"PRK","syntheticOperational":true,"territoryId":"territory:catalog:9c54b0b296eb650a4a1f69c9049b7b5005e22f7accfae1e76b2049f1e3478af2"},"type":"Feature"},{"geometry":{"coordinates":[[[129.316170555109,41.870503597122],[129.478748997594,41.870503597122],[129.605792437651,41.870503597122],[129.605792437651,42.086330935252],[129.402261712439,42.086330935252],[129.316170555109,42.086330935252],[129.316170555109,41.870503597122]]],"type":"Polygon"},"id":411,"properties":{"parentKey":"PRK:1159315277","sourceCountryId":"PRK","syntheticOperational":true,"territoryId":"territory:catalog:7cbb3f09afff4235261ec41452169f8388eb1d7efecf2fd946e1d45db21fca42"},"type":"Feature"},{"geometry":{"coordinates":[[[126.840091813313,38.41726618705],[127.002288329519,38.41726618705],[127.115531752104,38.41726618705],[127.115531752104,38.63309352518],[126.95318495779,38.63309352518],[126.840091813313,38.63309352518],[126.840091813313,38.41726618705]]],"type":"Polygon"},"id":412,"properties":{"parentKey":"PRK:1159315279","sourceCountryId":"PRK","syntheticOperational":true,"territoryId":"territory:catalog:c86006f5fd6ab0ef4e488363bac425adf5e698a72042215b7582c7a3c2b3c7df"},"type":"Feature"},{"geometry":{"coordinates":[[[126.932270916335,41.431811712113],[126.932335,41.431864],[126.934098968699,41.438848920863],[126.932270916335,41.438848920863],[126.932270916335,41.431811712113]]],"type":"Polygon"},"id":413,"properties":{"parentKey":"PRK:1159315283","sourceCountryId":"PRK","syntheticOperational":true,"territoryId":"territory:catalog:bee5ca796edacc8ae22b5d9378ce97132884033b9fae98cf8e35982e72d54218"},"type":"Feature"},{"geometry":{"coordinates":[[[128.408551068884,40.791366906475],[128.571428571429,40.791366906475],[128.693586698337,40.791366906475],[128.693586698337,41.007194244604],[128.530579825258,41.007194244604],[128.478413284566,41.007194244604],[128.443457,41.005869],[128.419542119696,41.007194244604],[128.408551068884,41.007194244604],[128.408551068884,40.791366906475]]],"type":"Polygon"},"id":414,"properties":{"parentKey":"PRK:1159315285","sourceCountryId":"PRK","syntheticOperational":true,"territoryId":"territory:catalog:05a8935920e8a8af1cdf56962d1d7d892c7c6d287a8b74b02df7808756ca306b"},"type":"Feature"},{"geometry":{"coordinates":[[[126.983372921615,40.791366906475],[127.150749802684,40.791366906475],[127.268408551069,40.791366906475],[127.268408551069,41.007194244604],[127.100873709293,41.007194244604],[126.983372921615,41.007194244604],[126.983372921615,40.791366906475]]],"type":"Polygon"},"id":415,"properties":{"parentKey":"PRK:1159315283","sourceCountryId":"PRK","syntheticOperational":true,"territoryId":"territory:catalog:409aebcd4962173c16ea28825fe3cc12d5746be11e67098e0d917bd145dd1b91"},"type":"Feature"},{"geometry":{"coordinates":[[[126.67788,38.617643],[126.683462,38.608677],[126.704856,38.583459],[126.708783,38.577155],[126.711677,38.569662],[126.712917,38.557776],[126.711367,38.550386],[126.709403,38.544185],[126.706923,38.539121],[126.703305,38.528501],[126.700825,38.518295],[126.700411,38.513283],[126.701445,38.498348],[126.706923,38.478763],[126.714364,38.466205],[126.750061029508,38.41726618705],[126.840091813313,38.41726618705],[126.840091813313,38.63309352518],[126.684229610301,38.63309352518],[126.683358,38.632293],[126.680051,38.627332],[126.678087,38.619168],[126.67788,38.617643]]],"type":"Polygon"},"id":416,"properties":{"parentKey":"PRK:1159315279","sourceCountryId":"PRK","syntheticOperational":true,"territoryId":"territory:catalog:4e997944f87a2014a0dd3b4aa491558a4c3a778193b692d2c240e10d9ab2ac47"},"type":"Feature"},{"geometry":{"coordinates":[[[126.37485,38.111498],[126.375263,38.104212],[126.381671,38.097701],[126.386839,38.093567],[126.389939,38.086099],[126.386839,38.060494],[126.398001,38.038996],[126.390043,38.022718],[126.393867,38.00675],[126.400791,37.995562],[126.401412,37.987527],[126.400840799297,37.985611510791],[126.504927975739,37.985611510791],[126.615969581749,37.985611510791],[126.615969581749,38.201438848921],[126.453089244851,38.201438848921],[126.38727399152,38.201438848921],[126.388182,38.201131],[126.39428,38.198366],[126.400171,38.194491],[126.405752,38.189995],[126.415054,38.180099],[126.421565,38.170409],[126.429007,38.155062],[126.436345,38.144261],[126.439445,38.13713],[126.439239,38.127156],[126.437585,38.121627],[126.433141,38.119405],[126.430247,38.120671],[126.42632,38.124547],[126.423736,38.129327],[126.418361,38.143719],[126.415778,38.146845],[126.411333,38.147465],[126.406476,38.144649],[126.401722,38.140334],[126.396244,38.136251],[126.383532,38.129404],[126.378261,38.123126],[126.37485,38.111498]]],"type":"Polygon"},"id":417,"properties":{"parentKey":"PRK:1159315273","sourceCountryId":"PRK","syntheticOperational":true,"territoryId":"territory:catalog:cc1b1ea60397c326cbdb2de787dc07e64f48c5f3ecce8070299054777feba54d"},"type":"Feature"},{"geometry":{"coordinates":[[[130.241245707104,42.302158273381],[130.274636510501,42.302158273381],[130.397650454828,42.302158273381],[130.405186385737,42.306711615692],[130.405186385737,42.442583381156],[130.390195,42.437132],[130.31626,42.421567],[130.261782,42.417676],[130.257891,42.390437],[130.281239,42.37098],[130.273456,42.332068],[130.241245707104,42.302158273381]]],"type":"Polygon"},"id":418,"properties":{"parentKey":"PRK:1159317137","sourceCountryId":"PRK","syntheticOperational":true,"territoryId":"territory:catalog:a7d040828053309d8e6ef6eced2fa343e30c854d05887d759b74d5b1be17b9f9"},"type":"Feature"},{"geometry":{"coordinates":[[[125.8432304038,40.791366906475],[126.014206787687,40.791366906475],[126.128266033254,40.791366906475],[126.128266033254,41.007194244604],[126.096861934328,41.007194244604],[126.093368,41.006232],[126.083704,41.002511],[126.075643,40.997085],[126.069286,40.989385],[126.071974,40.9806],[126.065824,40.968612],[126.045515,40.944685],[126.028565,40.93528],[126.009548,40.932696],[125.99203,40.928356],[125.980558,40.913628],[125.996629,40.91492],[126.010013,40.913886],[126.015336,40.909132],[126.007843,40.899313],[125.995079,40.894146],[125.96428,40.891304],[125.949604,40.88257],[125.936168,40.877403],[125.924024,40.884069],[125.912293,40.894146],[125.901545,40.899313],[125.885215,40.897505],[125.872709,40.892699],[125.8432304038,40.876994468443],[125.8432304038,40.791366906475]]],"type":"Polygon"},"id":419,"properties":{"parentKey":"PRK:1159315283","sourceCountryId":"PRK","syntheticOperational":true,"territoryId":"territory:catalog:62d1a0daefd0f62a95f7a2c261c15130e63d5fd2f7f6639969e4ff84872446a6"},"type":"Feature"},{"geometry":{"coordinates":[[[128.044540184764,41.870503597122],[128.047822,41.863983],[128.05764,41.84985],[128.091023,41.841737],[128.097018,41.822616],[128.14425,41.754713],[128.154895,41.733759],[128.159133,41.711822],[128.186005,41.692908],[128.224142,41.669447],[128.25091,41.66012],[128.256790722905,41.654676258993],[128.323977546111,41.654676258993],[128.323977546111,41.870503597122],[128.15768302494,41.870503597122],[128.044540184764,41.870503597122]]],"type":"Polygon"},"id":420,"properties":{"parentKey":"PRK:1159315289","sourceCountryId":"PRK","syntheticOperational":true,"territoryId":"territory:catalog:978bff49f019015d52bd7814d29a01feb8380e46c5f299442fbc50863e383871"},"type":"Feature"},{"geometry":{"coordinates":[[[128.16679779701,40.551276176639],[128.17567,40.552125],[128.201612,40.572097],[128.204552832793,40.575539568345],[128.16679779701,40.575539568345],[128.16679779701,40.551276176639]]],"type":"Polygon"},"id":421,"properties":{"parentKey":"PRK:1159315289","sourceCountryId":"PRK","syntheticOperational":true,"territoryId":"territory:catalog:274a6d87841e52fa9ed70c4045b50a049901a7b3c15013b6471aa1c83ac12de0"},"type":"Feature"},{"geometry":{"coordinates":[[[124.868866710767,39.712230215827],[124.881602,39.704169],[124.89267,39.691962],[124.901622,39.662055],[124.913097,39.656236],[124.926524,39.652981],[124.937836,39.645819],[124.937888198758,39.64591395308],[124.937888198758,39.712230215827],[124.868866710767,39.712230215827]]],"type":"Polygon"},"id":422,"properties":{"parentKey":"PRK:1159315269","sourceCountryId":"PRK","syntheticOperational":true,"territoryId":"territory:catalog:7018010de4737f9ebdcddefdfd20358f993468420a0837d7028ddd4bd8d1b71e"},"type":"Feature"},{"geometry":{"coordinates":[[[128.28729281768,40.575539568345],[128.450039339103,40.575539568345],[128.571428571429,40.575539568345],[128.571428571429,40.791366906475],[128.408551068884,40.791366906475],[128.360004538105,40.791366906475],[128.359225,40.786891],[128.35354,40.76945],[128.346823,40.757771],[128.33132,40.73754],[128.325532,40.725473],[128.320054,40.687078],[128.315197,40.675347],[128.303414,40.662583],[128.28729281768,40.652036650473],[128.28729281768,40.575539568345]]],"type":"Polygon"},"id":423,"properties":{"parentKey":"PRK:1159315285","sourceCountryId":"PRK","syntheticOperational":true,"territoryId":"territory:catalog:fb05e90eeaaba8f793c475bbf4faf7aa549c210d7fb23d762e05bf9f4315dcdd"},"type":"Feature"},{"geometry":{"coordinates":[[[126.610427071143,41.654676258993],[126.762589928058,41.654676258993],[126.880513231756,41.654676258993],[126.880513231756,41.777148649276],[126.877454,41.77355],[126.864793,41.747272],[126.808879,41.729831],[126.79627,41.704949],[126.788622,41.695906],[126.771362,41.704484],[126.741545,41.729185],[126.727282,41.736911],[126.712503,41.741226],[126.696587,41.741226],[126.679482,41.735981],[126.68713,41.724018],[126.699635,41.716421],[126.714157,41.70991],[126.727954,41.701254],[126.712245,41.694175],[126.680102,41.671902],[126.669301,41.667122],[126.633955,41.668621],[126.617883,41.665933],[126.610427071143,41.654676258993]]],"type":"Polygon"},"id":424,"properties":{"parentKey":"PRK:1159315283","sourceCountryId":"PRK","syntheticOperational":true,"territoryId":"territory:catalog:a69373eebca15987cf65a2b87bbee1cff9f137e49bb10b81712b302043f17833"},"type":"Feature"},{"geometry":{"coordinates":[[[127.782041442824,38.63309352518],[127.941851568477,38.63309352518],[128.058326937836,38.63309352518],[128.058326937836,38.848920863309],[127.898383371824,38.848920863309],[127.782041442824,38.848920863309],[127.782041442824,38.63309352518]]],"type":"Polygon"},"id":425,"properties":{"parentKey":"PRK:1159315279","sourceCountryId":"PRK","syntheticOperational":true,"territoryId":"territory:catalog:ff7ac8301eb0e63efc32fa4eb1f1d10877d6029253e02c161130769a0659fd19"},"type":"Feature"},{"geometry":{"coordinates":[[[125.496894409938,39.577822072658],[125.503999,39.578644],[125.562186,39.597092],[125.613139,39.620192],[125.633396,39.633524],[125.641148,39.636005],[125.649209,39.63647],[125.670087,39.633473],[125.687863,39.633163],[125.705227,39.637322],[125.766722,39.660861],[125.776397515528,39.666144358274],[125.776397515528,39.712230215827],[125.607476635514,39.712230215827],[125.496894409938,39.712230215827],[125.496894409938,39.577822072658]]],"type":"Polygon"},"id":426,"properties":{"parentKey":"PRK:1159315269","sourceCountryId":"PRK","syntheticOperational":true,"territoryId":"territory:catalog:6dd9de29e6ca7dbe6ed08ca411716b567af1b5fa7c5b7546b8b5d13774ac7a07"},"type":"Feature"},{"geometry":{"coordinates":[[[127.865733843868,41.438848920863],[127.913669064748,41.438848920863],[127.913669064748,41.467396869117],[127.903593,41.466256],[127.881475,41.460881],[127.871864,41.45375],[127.865733843868,41.438848920863]]],"type":"Polygon"},"id":427,"properties":{"parentKey":"PRK:1159315289","sourceCountryId":"PRK","syntheticOperational":true,"territoryId":"territory:catalog:b427d7eac99725239d57a25186335eecd28e7cb8dfe6dd7cf7702907edb01939"},"type":"Feature"},{"geometry":{"coordinates":[[[127.85046728972,39.890881465199],[127.874604,39.892808],[127.884044,39.902086],[127.888535283939,39.928057553957],[127.85046728972,39.928057553957],[127.85046728972,39.890881465199]]],"type":"Polygon"},"id":428,"properties":{"parentKey":"PRK:1159315285","sourceCountryId":"PRK","syntheticOperational":true,"territoryId":"territory:catalog:244a3154cc8ce5629731036d374f1c25caaff3af03be350ad527a9b278c3aa4b"},"type":"Feature"}],"type":"FeatureCollection"}
