{"features":[{"geometry":{"coordinates":[[[13.752122241087,45.107913669065],[14.010152284264,45.107913669065],[14.057724957555,45.107913669065],[14.057724957555,45.323741007194],[13.964194373402,45.323741007194],[13.752122241087,45.323741007194],[13.752122241087,45.107913669065]]],"type":"Polygon"},"id":1,"properties":{"parentKey":"HRV:1159312535","sourceCountryId":"HRV","syntheticOperational":true,"territoryId":"territory:catalog:9351a0cbaf54a1f8fe46815e1f701d447c905100cbf5a6df177a29eb4f650d6a"},"type":"Feature"},{"geometry":{"coordinates":[[[16.233665,46.47874],[16.237489,46.465072],[16.249375,46.437528],[16.250098,46.429441],[16.248238,46.413344],[16.250925,46.404998],[16.253465196966,46.402877697842],[16.363636363636,46.402877697842],[16.420503909644,46.402877697842],[16.420503909644,46.531635867802],[16.415153,46.535559],[16.406264,46.539486],[16.394895,46.540106],[16.382183,46.539383],[16.369471,46.540571],[16.357895,46.546979],[16.351694,46.539486],[16.351254,46.539922],[16.344149,46.546979],[16.340276,46.543827],[16.32999,46.535455],[16.310663,46.530985],[16.295367,46.524448],[16.263947,46.515922],[16.260931,46.513576],[16.234905,46.493339],[16.234188,46.484892],[16.233665,46.47874]]],"type":"Polygon"},"id":2,"properties":{"parentKey":"HRV:1159312553","sourceCountryId":"HRV","syntheticOperational":true,"territoryId":"territory:catalog:d013831b13a204fdecf52191ead8cb2cb779fb3615f9ae4400f32dda8b272e89"},"type":"Feature"},{"geometry":{"coordinates":[[[16.012796,43.503974],[16.014008,43.503974],[16.028331,43.49494],[16.039561,43.49079],[16.066173,43.489691],[16.098481,43.480048],[16.113129,43.478909],[16.11085,43.489691],[16.172374,43.489691],[16.164887,43.504096],[16.150727,43.511379],[16.117686,43.517646],[16.117686,43.524482],[16.174773289365,43.525453684594],[16.174773289365,43.597122302158],[16.092715231788,43.597122302158],[16.045414072387,43.597122302158],[16.045305,43.596926],[16.047631,43.585815],[16.051196,43.578116],[16.056002,43.571346],[16.069852,43.559305],[16.075278,43.551037],[16.078688,43.549022],[16.083494,43.54804],[16.082719,43.545663],[16.077913,43.543131],[16.060963,43.538118],[16.051506,43.536413],[16.0436,43.533984],[16.039569,43.530987],[16.039724,43.524579],[16.04298,43.521168],[16.047941,43.518791],[16.052902,43.517292],[16.055847,43.515794],[16.056157,43.51321],[16.051196,43.511091],[16.029647,43.510419],[16.018795,43.508921],[16.012904,43.504063],[16.012796,43.503974]]],"type":"Polygon"},"id":3,"properties":{"parentKey":"HRV:1159312433","sourceCountryId":"HRV","syntheticOperational":true,"territoryId":"territory:catalog:14d5231f40bff2da3f89aa00d642bb68efc872d42421c52b02b509ba645a39bd"},"type":"Feature"},{"geometry":{"coordinates":[[[17.091531223268,45.539568345324],[17.340153452685,45.539568345324],[17.399486740804,45.539568345324],[17.399486740804,45.703884082824],[17.397316,45.702844],[17.385223,45.702534],[17.36631,45.713696],[17.362279,45.717623],[17.359644,45.721396],[17.361039,45.72491],[17.36631,45.732248],[17.367085,45.73695],[17.365845,45.742428],[17.362279,45.750283],[17.357938,45.75359],[17.353287,45.75483],[17.323625,45.750541],[17.321765,45.750541],[17.320525,45.75235],[17.316316729459,45.755395683453],[17.091531223268,45.755395683453],[17.091531223268,45.539568345324]]],"type":"Polygon"},"id":4,"properties":{"parentKey":"HRV:1159312549","sourceCountryId":"HRV","syntheticOperational":true,"territoryId":"territory:catalog:325655b078453482f52f8a73abb2803edc2c636c70ec6f50b973e14204eee8be"},"type":"Feature"},{"geometry":{"coordinates":[[[16.961045698233,45.539568345324],[16.962407,45.534999],[16.961787,45.530555],[16.962252,45.52518],[16.965197,45.52239],[16.969073,45.520374],[17.016357,45.50451],[17.025866,45.503166],[17.031912,45.503321],[17.033248081841,45.50381716751],[17.033248081841,45.539568345324],[16.961045698233,45.539568345324]]],"type":"Polygon"},"id":5,"properties":{"parentKey":"HRV:1159312549","sourceCountryId":"HRV","syntheticOperational":true,"territoryId":"territory:catalog:aab9657be4f6579f336964204567f31896288c44563576d59ab266be0833830d"},"type":"Feature"},{"geometry":{"coordinates":[[[15.532994923858,44.892086330935],[15.544115944223,44.892086330935],[15.532994923858,44.898726705016],[15.532994923858,44.892086330935]]],"type":"Polygon"},"id":6,"properties":{"parentKey":"HRV:1159312507","sourceCountryId":"HRV","syntheticOperational":true,"territoryId":"territory:catalog:c868a3438771df986006df0277b2ba3c859fa630939083220a6518ae605660f4"},"type":"Feature"},{"geometry":{"coordinates":[[[14.116224,45.464202],[14.117309,45.459034],[14.120875,45.451024],[14.129867,45.440948],[14.138858,45.434281],[14.192395,45.412319],[14.201232,45.407565],[14.203557,45.403947],[14.201077,45.398108],[14.198131,45.393199],[14.197666,45.385705],[14.199526,45.375577],[14.208983,45.345605],[14.210844,45.335321],[14.210533,45.327776],[14.208975132496,45.323741007194],[14.271099744246,45.323741007194],[14.271099744246,45.483963154387],[14.240608,45.493348],[14.218698,45.497172],[14.193066,45.491901],[14.145524,45.476243],[14.119686,45.472884],[14.117321,45.472976],[14.116224,45.464202]]],"type":"Polygon"},"id":7,"properties":{"parentKey":"HRV:1159312505","sourceCountryId":"HRV","syntheticOperational":true,"territoryId":"territory:catalog:02a3504949bf7ce5e14c2a1ec0ec0b5166495781868678158759478fe4a757b4"},"type":"Feature"},{"geometry":{"coordinates":[[[14.314720812183,44.892086330935],[14.406065711879,44.892086330935],[14.449353694309,44.892086330935],[14.449962,44.898017],[14.459239,44.915432],[14.451915,44.922309],[14.462576,44.935981],[14.471039,44.953925],[14.473481,44.971422],[14.466075,44.98371],[14.453868,44.987982],[14.430837,44.990302],[14.417654,44.997992],[14.412283,45.003648],[14.387706,45.039049],[14.36964,45.075507],[14.363048,45.093573],[14.361543446272,45.107913669065],[14.314720812183,45.107913669065],[14.314720812183,45.077838730195],[14.340831,45.055609],[14.34669,45.047553],[14.37672,44.986884],[14.391449,44.969428],[14.411388,44.956366],[14.404063,44.94953],[14.39031,44.960395],[14.389008,44.950344],[14.393565,44.93476],[14.397227,44.929104],[14.39324,44.914781],[14.38738,44.909003],[14.377126,44.908149],[14.35963,44.908637],[14.350271,44.912909],[14.332286,44.932196],[14.325206,44.93651],[14.314720812183,44.939572496585],[14.314720812183,44.892086330935]]],"type":"Polygon"},"id":8,"properties":{"parentKey":"HRV:1159312505","sourceCountryId":"HRV","syntheticOperational":true,"territoryId":"territory:catalog:bfffad311a9d5a8cc911b16bfef327603b7037debecf42bacb970b65aa1a903f"},"type":"Feature"},{"geometry":{"coordinates":[[[15.891341256367,45.216998330552],[15.974559,45.215381],[15.997504,45.218533],[16.008459,45.218171],[16.020448,45.213934],[16.029233,45.205045],[16.028716,45.19626],[16.024996,45.188922],[16.024375,45.184323],[16.033057,45.179724],[16.054968,45.176417],[16.067474,45.169595],[16.08277,45.151612],[16.104061,45.112545],[16.108998786968,45.107913669065],[16.142131979695,45.107913669065],[16.196943972835,45.107913669065],[16.196943972835,45.323741007194],[16.112531969309,45.323741007194],[15.891341256367,45.323741007194],[15.891341256367,45.216998330552]]],"type":"Polygon"},"id":9,"properties":{"parentKey":"HRV:1159312529","sourceCountryId":"HRV","syntheticOperational":true,"territoryId":"territory:catalog:9d8e72eea4b47f35d5065ae2e8d0ba9aeb8a3cb2004876a4fec50ad9dad6cb66"},"type":"Feature"},{"geometry":{"coordinates":[[[16.092715231788,43.61921046229],[16.160595,43.682915],[16.169277,43.68798],[16.173824,43.687411],[16.228705,43.67072],[16.238678,43.67165],[16.245345,43.675836],[16.253716,43.683742],[16.260848,43.68798],[16.268754,43.691184],[16.29051,43.697695],[16.31795,43.702449],[16.34167,43.709994],[16.350558,43.715937],[16.352573,43.722138],[16.348387,43.726634],[16.343116,43.730664],[16.340946,43.734282],[16.339396,43.739863],[16.349628,43.754694],[16.350248,43.757174],[16.349318,43.760378],[16.348543,43.765081],[16.350403,43.773194],[16.356914,43.778258],[16.390728476821,43.795024950862],[16.390728476821,43.812949640288],[16.146179401993,43.812949640288],[16.092715231788,43.812949640288],[16.092715231788,43.61921046229]]],"type":"Polygon"},"id":10,"properties":{"parentKey":"HRV:1159312439","sourceCountryId":"HRV","syntheticOperational":true,"territoryId":"territory:catalog:8f706dd5ba8af410602dfa1d9aa7b692d3441489934a47a65a127c4b19b76118"},"type":"Feature"},{"geometry":{"coordinates":[[[13.57545,45.264879],[13.588227,45.259589],[13.595225,45.2508],[13.595714,45.240546],[13.589122,45.230699],[13.594249,45.220771],[13.594493,45.212633],[13.590505,45.206488],[13.582286,45.202826],[13.582286,45.196601],[13.590587,45.191799],[13.594412,45.187323],[13.593761,45.182278],[13.589122,45.175482],[13.599376,45.171291],[13.600597,45.164618],[13.597911,45.155951],[13.595958,45.145413],[13.600597,45.137274],[13.61199,45.136786],[13.636892,45.142035],[13.683604,45.143378],[13.706716,45.141099],[13.726248,45.134508],[13.63852,45.130032],[13.612559,45.117865],[13.622527126776,45.107913669065],[13.705583756345,45.107913669065],[13.752122241087,45.107913669065],[13.752122241087,45.323741007194],[13.657289002558,45.323741007194],[13.599635082061,45.323741007194],[13.609548,45.320136],[13.594493,45.311103],[13.585704,45.307807],[13.57545,45.306464],[13.578949,45.299018],[13.584646,45.293199],[13.59254,45.288804],[13.602712,45.285346],[13.602712,45.27912],[13.592052,45.27912],[13.584239,45.276068],[13.578787,45.270982],[13.57545,45.264879]]],"type":"Polygon"},"id":11,"properties":{"parentKey":"HRV:1159312535","sourceCountryId":"HRV","syntheticOperational":true,"territoryId":"territory:catalog:919b46530f201a0547716714f2c419166cce8d86f54e37a2c7b61cd1edf7d258"},"type":"Feature"},{"geometry":{"coordinates":[[[16.063162,43.017401],[16.068796068796,43.016006974564],[16.068796068796,43.019659014064],[16.063162,43.017401]]],"type":"Polygon"},"id":12,"properties":{"parentKey":"HRV:1159312433","sourceCountryId":"HRV","syntheticOperational":true,"territoryId":"territory:catalog:da943f810fc11482d19547cfffc95fb477be75b174d8d870df35c7b5455ceeb7"},"type":"Feature"},{"geometry":{"coordinates":[[[14.610878661088,44.331268649341],[14.640798,44.311835],[14.6574,44.305243],[14.661388,44.308661],[14.643565,44.325751],[14.613455,44.340806],[14.610878661088,44.341689480291],[14.610878661088,44.331268649341]]],"type":"Polygon"},"id":13,"properties":{"parentKey":"HRV:1159312443","sourceCountryId":"HRV","syntheticOperational":true,"territoryId":"territory:catalog:fe0097c7e32dc04e177685d3476c461e74fc80c70ca08857620a78f4bf793c71"},"type":"Feature"},{"geometry":{"coordinates":[[[14.913830723359,44.676258992806],[14.939333990094,44.647765054306],[14.962216624685,44.622199059583],[14.962216624685,44.676258992806],[14.913830723359,44.676258992806]]],"type":"Polygon"},"id":14,"properties":{"parentKey":"HRV:1159312507","sourceCountryId":"HRV","syntheticOperational":true,"territoryId":"territory:catalog:9e883a0ef58c3937bb2e4aa23743096fe099973eabee1786867bc24435b1aa79"},"type":"Feature"},{"geometry":{"coordinates":[[[17.065127782358,43.381294964029],[17.273866623012,43.381294964029],[17.286417,43.437376],[17.270501,43.463214],[17.239495,43.478407],[17.142757,43.489336],[17.084569,43.513237],[17.065127782358,43.525912446775],[17.065127782358,43.381294964029]]],"type":"Polygon"},"id":15,"properties":{"parentKey":"HRV:1159312433","sourceCountryId":"HRV","syntheticOperational":true,"territoryId":"territory:catalog:f6a99571bd4766091a3bd1d78f879c8f47810dd34bd867e7fed0a73fef0df5fd"},"type":"Feature"},{"geometry":{"coordinates":[[[14.282453401296,45.107913669065],[14.287446,45.10106],[14.314720812183,45.077838730195],[14.314720812183,45.107913669065],[14.282453401296,45.107913669065]]],"type":"Polygon"},"id":16,"properties":{"parentKey":"HRV:1159312505","sourceCountryId":"HRV","syntheticOperational":true,"territoryId":"territory:catalog:342daa1a71cb9f91a0d2e93297bd8ec0925a616d799505c1f4e8eaeed09a6c3f"},"type":"Feature"},{"geometry":{"coordinates":[[[17.215519210037,43.165467625899],[17.248157248157,43.153089987937],[17.248157248157,43.165467625899],[17.215519210037,43.165467625899]]],"type":"Polygon"},"id":17,"properties":{"parentKey":"HRV:1159312433","sourceCountryId":"HRV","syntheticOperational":true,"territoryId":"territory:catalog:de1991828a3185ffc279a39d5255f26fda16809157ae0c1a2e5d9ddb28188da4"},"type":"Feature"},{"geometry":{"coordinates":[[[17.068965517241,45.971223021583],[17.195285869643,45.971223021583],[17.197793,45.972698],[17.216862,45.980966],[17.227094,45.982982],[17.236705,45.98324],[17.289002,45.977762],[17.29882,45.978279],[17.305642,45.979313],[17.306613,45.979914],[17.304814,45.981019],[17.290138,45.984636],[17.290138,45.991457],[17.296959,45.992646],[17.309362,45.996625],[17.316803,45.997659],[17.307811,46.006392],[17.291482,46.007942],[17.275875,46.012025],[17.268951,46.028716],[17.266574,46.038793],[17.254068,46.070832],[17.24859,46.080238],[17.208593,46.116566],[17.197327,46.121165],[17.116195,46.123129],[17.101209,46.128193],[17.068965517241,46.145074299659],[17.068965517241,45.971223021583]]],"type":"Polygon"},"id":18,"properties":{"parentKey":"HRV:1159312551","sourceCountryId":"HRV","syntheticOperational":true,"territoryId":"territory:catalog:34670cd9d8453c12a9adffd909b95cce3d450d9dbb431711641d7da61bceab60"},"type":"Feature"},{"geometry":{"coordinates":[[[18.502313,45.139261],[18.504018,45.128925],[18.511615,45.113732],[18.516831193477,45.107913669065],[18.578680203046,45.107913669065],[18.641765704584,45.107913669065],[18.641765704584,45.323741007194],[18.633021400349,45.323741007194],[18.632331,45.32142],[18.629385,45.318888],[18.625354,45.317854],[18.589698,45.318578],[18.58422,45.316821],[18.580034,45.313203],[18.577244,45.309379],[18.572748,45.305245],[18.52965,45.300904],[18.518746,45.297287],[18.511925,45.292585],[18.510064,45.287624],[18.509289,45.283851],[18.506654,45.255119],[18.506654,45.250985],[18.507429,45.249641],[18.509754,45.247833],[18.514405,45.245972],[18.519831,45.244577],[18.553214,45.24127],[18.55926,45.239771],[18.564221,45.236671],[18.566702,45.232588],[18.567942,45.226645],[18.567167,45.214295],[18.565616,45.20799],[18.563446,45.202306],[18.558485,45.195433],[18.553834,45.192022],[18.548253,45.190524],[18.544222,45.19073],[18.536936,45.193521],[18.51239,45.173109],[18.508049,45.167476],[18.505258,45.161688],[18.503398,45.155487],[18.502468,45.147477],[18.502313,45.139261]]],"type":"Polygon"},"id":19,"properties":{"parentKey":"HRV:1159312543","sourceCountryId":"HRV","syntheticOperational":true,"territoryId":"territory:catalog:ae78b2f9102a26b7a4de75e16169a2ec71f0f3a76edaed106bbc80d9809661e5"},"type":"Feature"},{"geometry":{"coordinates":[[[17.195285869643,45.971223021583],[17.319587628866,45.971223021583],[17.342425691557,45.971223021583],[17.337887,45.984636],[17.327138,45.972027],[17.316596,45.973784],[17.306613,45.979914],[17.305642,45.979313],[17.29882,45.978279],[17.289002,45.977762],[17.236705,45.98324],[17.227094,45.982982],[17.216862,45.980966],[17.197793,45.972698],[17.195285869643,45.971223021583]]],"type":"Polygon"},"id":20,"properties":{"parentKey":"HRV:1159312547","sourceCountryId":"HRV","syntheticOperational":true,"territoryId":"territory:catalog:65546d1f92034051594f9aa24db05b70f2bffebf18085b4d1fbc248dc89fdfb6"},"type":"Feature"},{"geometry":{"coordinates":[[[15.28013582343,45.107913669065],[15.532994923858,45.107913669065],[15.585738539898,45.107913669065],[15.585738539898,45.323741007194],[15.498721227622,45.323741007194],[15.28013582343,45.323741007194],[15.28013582343,45.107913669065]]],"type":"Polygon"},"id":21,"properties":{"parentKey":"HRV:1159312525","sourceCountryId":"HRV","syntheticOperational":true,"territoryId":"territory:catalog:9e8806a5882f70550454a15f08fce6033b86cc411329756b7b5d7302a698b34a"},"type":"Feature"},{"geometry":{"coordinates":[[[15.805626598465,45.396638538238],[15.814105,45.398676],[15.820926,45.402139],[15.824337,45.407203],[15.824492,45.41666],[15.83462,45.431077],[15.837204,45.436348],[15.83462,45.44441],[15.836274,45.451283],[15.838031,45.455572],[15.841752,45.461205],[15.842527,45.465907],[15.837411,45.471643],[15.832398,45.478723],[15.827127,45.484304],[15.812865,45.523423],[15.805626598465,45.52204457446],[15.805626598465,45.396638538238]]],"type":"Polygon"},"id":22,"properties":{"parentKey":"HRV:1159312525","sourceCountryId":"HRV","syntheticOperational":true,"territoryId":"territory:catalog:dd8142eea5c79dd3bec6f519ebe605c627d576f4f00d8fa14c6a8780cdc76111"},"type":"Feature"},{"geometry":{"coordinates":[[[16.047483445141,46.187050359712],[16.051948051948,46.187050359712],[16.051948051948,46.188338135521],[16.051196,46.188189],[16.047483445141,46.187050359712]]],"type":"Polygon"},"id":23,"properties":{"parentKey":"HRV:1159312523","sourceCountryId":"HRV","syntheticOperational":true,"territoryId":"territory:catalog:434ba522f4009e820468e611f4cd743728122ee787ac1bb5ca9e0f58234d7592"},"type":"Feature"},{"geometry":{"coordinates":[[[15.228426395939,44.892086330935],[15.315922493682,44.892086330935],[15.532994923858,44.892086330935],[15.532994923858,44.898726705016],[15.527662,44.901911],[15.520996,44.907285],[15.518206,44.911419],[15.51619,44.914985],[15.511849,44.918344],[15.504873,44.920618],[15.492419,44.921703],[15.477071,44.920256],[15.473195,44.920359],[15.468545,44.921703],[15.464204,44.924183],[15.458933,44.930281],[15.455367,44.935862],[15.447616,44.954207],[15.444773,44.9586],[15.439967,44.962475],[15.419659,44.973586],[15.408186,44.982319],[15.403536,44.988417],[15.38364,45.020095],[15.379764,45.023815],[15.376509,45.026296],[15.24246,45.084742],[15.236414,45.088153],[15.231763,45.091977],[15.228426395939,45.09548040736],[15.228426395939,44.892086330935]]],"type":"Polygon"},"id":24,"properties":{"parentKey":"HRV:1159312507","sourceCountryId":"HRV","syntheticOperational":true,"territoryId":"territory:catalog:5a0063741d67c16d5e69c0343cad2fd71d8e1c36765871ab5cd0aab757410539"},"type":"Feature"},{"geometry":{"coordinates":[[[16.123494710786,44.028776978417],[16.146179401993,44.028776978417],[16.146584311208,44.028776978417],[16.141372,44.034729],[16.13052,44.033592],[16.123494710786,44.028776978417]]],"type":"Polygon"},"id":25,"properties":{"parentKey":"HRV:1159312439","sourceCountryId":"HRV","syntheticOperational":true,"territoryId":"territory:catalog:93106e6bbd356de3abad814cca57fc97284ccf72805b66708c76bc880fce0b54"},"type":"Feature"},{"geometry":{"coordinates":[[[15.83207598057,45.539568345324],[15.859709153122,45.539568345324],[15.859709153122,45.548981135746],[15.854309,45.549881],[15.839736,45.546006],[15.83207598057,45.539568345324]]],"type":"Polygon"},"id":26,"properties":{"parentKey":"HRV:1159312529","sourceCountryId":"HRV","syntheticOperational":true,"territoryId":"territory:catalog:ca0e2fb347c07796b84115e0a0a55278ea93edf30b78aea230de23d953a76edf"},"type":"Feature"},{"geometry":{"coordinates":[[[17.323741,42.790839],[17.324632952692,42.789967307637],[17.324632952692,42.790967272627],[17.323741,42.790839]]],"type":"Polygon"},"id":27,"properties":{"parentKey":"HRV:1159312431","sourceCountryId":"HRV","syntheticOperational":true,"territoryId":"territory:catalog:9afe461da8d584765a9b1a84583797f8fbf4df99ad8c75196a53026225daf445"},"type":"Feature"},{"geometry":{"coordinates":[[[15.29379662477,44.364811333388],[15.307953,44.354397],[15.406016,44.320624],[15.414073,44.316555],[15.444184,44.288479],[15.449229,44.285386],[15.514644351464,44.278528622587],[15.514644351464,44.357932039743],[15.51278,44.359567],[15.501928,44.367421],[15.494124,44.368765],[15.417798,44.374191],[15.410977,44.375431],[15.405241,44.377447],[15.4009,44.380134],[15.385966,44.392329],[15.363641,44.406437],[15.351549,44.411811],[15.344263,44.413362],[15.336666,44.413723],[15.328088,44.411708],[15.320337,44.404938],[15.315841,44.399978],[15.293982,44.364941],[15.29379662477,44.364811333388]]],"type":"Polygon"},"id":28,"properties":{"parentKey":"HRV:1159312443","sourceCountryId":"HRV","syntheticOperational":true,"territoryId":"territory:catalog:657bcd9abb3c39e436db0e37e1275c6bcc3a8681452775268276cc9ad91344fa"},"type":"Feature"},{"geometry":{"coordinates":[[[15.191815856778,45.353938783879],[15.210317,45.365138],[15.216674,45.369841],[15.221014,45.374802],[15.229593,45.394284],[15.232848,45.403741],[15.233934,45.40896],[15.234399,45.413249],[15.234399,45.418107],[15.232538,45.425548],[15.228663,45.432886],[15.225849,45.43645],[15.191815856778,45.4275797508],[15.191815856778,45.353938783879]]],"type":"Polygon"},"id":29,"properties":{"parentKey":"HRV:1159312505","sourceCountryId":"HRV","syntheticOperational":true,"territoryId":"territory:catalog:d7b4d4755b54ad29a88e5d4d19bf1c2d65165dd649e924059cca57bfad4dd723"},"type":"Feature"},{"geometry":{"coordinates":[[[14.969412300146,44.460431654676],[15.020763,44.429999],[15.038341,44.403266],[15.049001,44.39468],[15.057791,44.394192],[15.073578,44.400458],[15.083018,44.401516],[15.091645,44.399359],[15.117198,44.387193],[15.112153,44.379584],[15.106944,44.37519],[15.099783,44.373603],[15.089203,44.374213],[15.097179,44.361314],[15.102306,44.357164],[15.110362,44.353705],[15.110362,44.346259],[15.09669,44.346259],[15.09669,44.340033],[15.111176,44.324612],[15.128754,44.311998],[15.149262,44.303168],[15.172374,44.29914],[15.172374,44.305325],[15.13087,44.326361],[15.13087,44.332587],[15.154552,44.331],[15.198904,44.317043],[15.213389121339,44.31411282185],[15.213389121339,44.31588756443],[15.210948,44.317328],[15.208263,44.320746],[15.206554,44.326361],[15.213389121339,44.326361],[15.213389121339,44.339929746088],[15.20045,44.349514],[15.182872,44.357856],[15.16505,44.360541],[15.16505,44.367377],[15.187348,44.359809],[15.211762,44.346137],[15.213389121339,44.345448141642],[15.213389121339,44.369103508113],[15.213227,44.369208],[15.199067,44.381049],[15.176606,44.391303],[15.085151325509,44.460431654676],[15.048734569602,44.460431654676],[15.051036,44.455268],[15.064952,44.437934],[15.080821,44.424547],[15.09669,44.415188],[15.048025,44.439439],[15.027629315239,44.460431654676],[14.969412300146,44.460431654676]]],"type":"Polygon"},"id":30,"properties":{"parentKey":"HRV:1159312507","sourceCountryId":"HRV","syntheticOperational":true,"territoryId":"territory:catalog:e2cb05b1464183bb9869467db17e9bc01519bee853fada27312f1f86fda381a7"},"type":"Feature"},{"geometry":{"coordinates":[[[14.97059,45.273516],[14.970901,45.268297],[14.974533106961,45.261516754624],[14.974533106961,45.278325273836],[14.972916,45.277443],[14.97059,45.273516]]],"type":"Polygon"},"id":31,"properties":{"parentKey":"HRV:1159312525","sourceCountryId":"HRV","syntheticOperational":true,"territoryId":"territory:catalog:cfe056f064969e856f27d0a9f3df62e12beaaf5cd6313b10e6ce93fefcbbbd62"},"type":"Feature"},{"geometry":{"coordinates":[[[17.618270799347,42.94789438546],[17.628003858069,42.949397938076],[17.629572678326,42.94964028777],[17.618270799347,42.94964028777],[17.618270799347,42.94789438546]]],"type":"Polygon"},"id":32,"properties":{"parentKey":"HRV:1159312431","sourceCountryId":"HRV","syntheticOperational":true,"territoryId":"territory:catalog:69f87692089bd04ea0eda3e24165620ce9cad7e545d006f79eab44330700c570"},"type":"Feature"},{"geometry":{"coordinates":[[[15.041515,44.47663],[15.048734569602,44.460431654676],[15.085151325509,44.460431654676],[15.083263,44.461859],[15.041515,44.47663]]],"type":"Polygon"},"id":33,"properties":{"parentKey":"HRV:1159312507","sourceCountryId":"HRV","syntheticOperational":true,"territoryId":"territory:catalog:d92829456faf6a1bdda91ed460c5ce25ecf19c56ff56cf480db1d8c38f4a0b29"},"type":"Feature"},{"geometry":{"coordinates":[[[17.911908646003,42.748013317469],[17.949501567147,42.73381294964],[18.009264538843,42.73381294964],[17.995315,42.740441],[17.971853,42.754962],[17.928859,42.7908],[17.911908646003,42.800352294443],[17.911908646003,42.748013317469]]],"type":"Polygon"},"id":34,"properties":{"parentKey":"HRV:1159312431","sourceCountryId":"HRV","syntheticOperational":true,"territoryId":"territory:catalog:7bc32c3723a4ff54d786e177754213cb305ea115096b133e0b06a6dc3ddb69e5"},"type":"Feature"},{"geometry":{"coordinates":[[[15.859709153122,45.661994033827],[15.874618,45.657265],[15.881284,45.654165],[15.887175,45.650806],[15.891568,45.64693],[15.894462,45.642641],[15.896684,45.638197],[15.899784,45.633649],[15.90397,45.630187],[15.921488,45.622384],[15.938498,45.642791],[15.946167,45.693916],[15.966617,45.716923],[16.05055733807,45.755395683453],[15.859709153122,45.755395683453],[15.859709153122,45.661994033827]]],"type":"Polygon"},"id":35,"properties":{"parentKey":"HRV:1159312533","sourceCountryId":"HRV","syntheticOperational":true,"territoryId":"territory:catalog:fb12c2e4e8573642dc61684455814c3affc7cf198a10e3fa47c07aba4858f5da"},"type":"Feature"},{"geometry":{"coordinates":[[[15.551753635586,45.608415759544],[15.557428,45.605434],[15.568022,45.602023],[15.575618,45.602385],[15.585075,45.613857],[15.588331,45.617009],[15.593602,45.620472],[15.600578,45.622952],[15.612205,45.624089],[15.620163,45.623055],[15.626364,45.621402],[15.663261,45.604865],[15.689668,45.601248],[15.69959,45.598871],[15.709047,45.595667],[15.720519,45.590396],[15.72672,45.588742],[15.731578,45.588587],[15.734213,45.589982],[15.74398,45.597424],[15.745995,45.596907],[15.747391,45.595202],[15.752352,45.57634],[15.751576,45.571276],[15.748011,45.566883],[15.74243,45.563111],[15.739174,45.558925],[15.740879,45.554222],[15.755297,45.545127],[15.760878,45.540838],[15.762201514187,45.539568345324],[15.805626598465,45.539568345324],[15.83207598057,45.539568345324],[15.839736,45.546006],[15.854309,45.549881],[15.859709153122,45.548981135746],[15.859709153122,45.661994033827],[15.81271,45.676902],[15.784804,45.691372],[15.777363,45.696591],[15.773125,45.700363],[15.77204,45.70212],[15.770335,45.705531],[15.770025,45.710182],[15.7708,45.715815],[15.774211,45.725736],[15.782427,45.738087],[15.813241,45.724592],[15.833691,45.755267],[15.833562316547,45.755395683453],[15.773195876289,45.755395683453],[15.551753635586,45.755395683453],[15.551753635586,45.608415759544]]],"type":"Polygon"},"id":36,"properties":{"parentKey":"HRV:1159312531","sourceCountryId":"HRV","syntheticOperational":true,"territoryId":"territory:catalog:69183c5eb1b999018af17ef9be80d875ae6f656e894c35eba375f780c33002c8"},"type":"Feature"},{"geometry":{"coordinates":[[[13.501475,45.498603],[13.504568,45.483873],[13.520763,45.457261],[13.517833,45.449774],[13.515636,45.448147],[13.515961,45.447455],[13.520763,45.44302],[13.518565,45.440334],[13.515391,45.438137],[13.513357,45.436225],[13.543142,45.376166],[13.554942,45.367336],[13.554942,45.36107],[13.540538,45.356757],[13.54127,45.346137],[13.550629,45.334296],[13.561778,45.326361],[13.571056,45.325019],[13.597911,45.324368],[13.599635082061,45.323741007194],[13.657289002558,45.323741007194],[13.657289002558,45.459891830698],[13.64292,45.45943],[13.64282,45.459448],[13.624107,45.462745],[13.589529,45.488837],[13.585139,45.489247],[13.568614,45.49079],[13.523123,45.506252],[13.513357,45.511908],[13.507091,45.511908],[13.501475,45.498603]]],"type":"Polygon"},"id":37,"properties":{"parentKey":"HRV:1159312535","sourceCountryId":"HRV","syntheticOperational":true,"territoryId":"territory:catalog:43e6173f38c781a28445337dd100c01c197fcce7740d2a6eefbfc9465c2b69a1"},"type":"Feature"},{"geometry":{"coordinates":[[[13.79949452401,44.864487322187],[13.815684,44.856594],[13.831391,44.852729],[13.842296,44.854641],[13.849132,44.847154],[13.842296,44.840277],[13.845551,44.840155],[13.852794,44.840766],[13.855968,44.840277],[13.853852,44.837063],[13.851248,44.830024],[13.849132,44.826646],[13.860037,44.82567],[13.889659,44.817084],[13.896983,44.813056],[13.89975,44.798285],[13.899425,44.781968],[13.903168,44.772406],[13.917979,44.778266],[13.913422,44.782416],[13.90447,44.798774],[13.909353,44.808987],[13.904307,44.817288],[13.893891,44.823391],[13.883149,44.826646],[13.890147,44.833482],[13.899587,44.829047],[13.909679,44.830959],[13.918712,44.829047],[13.924815,44.813056],[13.929535,44.815253],[13.929698,44.816352],[13.931651,44.820502],[13.9463,44.813788],[13.963878,44.811835],[14.000011,44.813056],[13.993988,44.820502],[13.989431,44.8251],[13.983246,44.827053],[13.972667,44.826646],[13.976248,44.834906],[13.976329,44.83747],[13.97462,44.839667],[13.972667,44.847154],[13.981293,44.859809],[13.98585,44.864163],[13.993012,44.867621],[13.993012,44.875067],[13.986176,44.875067],[13.986176,44.881293],[13.993012,44.881293],[13.98585,44.892076],[13.985838168818,44.892086330935],[13.79949452401,44.892086330935],[13.79949452401,44.890407314747],[13.804861,44.885403],[13.815278,44.883531],[13.842296,44.888129],[13.833751,44.873358],[13.819591,44.867662],[13.804861,44.870592],[13.79949452401,44.876192415406],[13.79949452401,44.864487322187]]],"type":"Polygon"},"id":38,"properties":{"parentKey":"HRV:1159312535","sourceCountryId":"HRV","syntheticOperational":true,"territoryId":"territory:catalog:bed1aa8e66b624190df053c8cc02a8db4309496d31f8bb3bca0b83efc5ce2b1a"},"type":"Feature"},{"geometry":{"coordinates":[[[14.627887082977,45.539568345324],[14.668265362783,45.539568345324],[14.671693,45.556807],[14.669833,45.564558],[14.664045,45.570036],[14.663675,45.570187],[14.657327,45.572775],[14.650299,45.574842],[14.627887082977,45.587398369098],[14.627887082977,45.539568345324]]],"type":"Polygon"},"id":39,"properties":{"parentKey":"HRV:1159312505","sourceCountryId":"HRV","syntheticOperational":true,"territoryId":"territory:catalog:fce75cc742064181eb90864cab0e62490a42e6c23491507383183d564277692c"},"type":"Feature"},{"geometry":{"coordinates":[[[15.498721227622,45.323741007194],[15.585738539898,45.323741007194],[15.664564501325,45.323741007194],[15.664192,45.325554],[15.662486,45.330463],[15.661866,45.335218],[15.663881,45.339558],[15.679591,45.348757],[15.680676,45.350565],[15.680521,45.353253],[15.677576,45.358782],[15.674165,45.363278],[15.668119,45.369841],[15.665949,45.373251],[15.665122,45.376559],[15.665949,45.381778],[15.672305,45.398211],[15.67246,45.40219],[15.669979,45.405498],[15.660626,45.411905],[15.65675,45.415213],[15.657525,45.418727],[15.662951,45.422292],[15.676491,45.425186],[15.702845,45.420535],[15.716023,45.420794],[15.720519,45.418417],[15.72703,45.411544],[15.731888,45.410614],[15.74212,45.411595],[15.748941,45.411234],[15.757467,45.408185],[15.766459,45.403327],[15.774986,45.397746],[15.779947,45.395059],[15.786355,45.393354],[15.794106,45.39387],[15.805626598465,45.396638538238],[15.805626598465,45.52204457446],[15.799842,45.520943],[15.7893,45.519857],[15.784029,45.520633],[15.779947,45.522545],[15.762201514187,45.539568345324],[15.551753635586,45.539568345324],[15.498721227622,45.539568345324],[15.498721227622,45.323741007194]]],"type":"Polygon"},"id":40,"properties":{"parentKey":"HRV:1159312525","sourceCountryId":"HRV","syntheticOperational":true,"territoryId":"territory:catalog:38d242bc8d30dbf239a97ec8c77e3f8404d703c95b8acb3d878ceb489118d1d2"},"type":"Feature"},{"geometry":{"coordinates":[[[18.015397775877,45.587415156694],[18.057896,45.623779],[18.083217,45.63029],[18.080892,45.642176],[18.079445,45.643623],[18.076861,45.645586],[18.02782,45.663983],[18.016606,45.669719],[18.015397775877,45.67063685883],[18.015397775877,45.587415156694]]],"type":"Polygon"},"id":41,"properties":{"parentKey":"HRV:1159312547","sourceCountryId":"HRV","syntheticOperational":true,"territoryId":"territory:catalog:b994c3b5649941516f2c026d4c1febbfd4f61676548332dc02f9d00dbdde2bbe"},"type":"Feature"},{"geometry":{"coordinates":[[[15.868262,45.534792],[15.871827,45.532415],[15.874773,45.531071],[15.902265,45.527712],[15.902317,45.527661],[15.922884,45.511279],[15.928465,45.503114],[15.928775,45.500014],[15.92831,45.496396],[15.92769,45.484201],[15.935906,45.474796],[15.977816,45.472729],[15.992078,45.475312],[15.999985,45.481152],[16.007426,45.485234],[16.01523,45.486113],[16.025306,45.485648],[16.032903,45.483891],[16.037244,45.48203],[16.046545,45.475881],[16.074502,45.499652],[16.081324,45.502443],[16.093571,45.504613],[16.106128,45.503734],[16.109074,45.50451],[16.110779,45.50637],[16.108764,45.509315],[16.106904,45.511331],[16.103338,45.514483],[16.101788,45.518514],[16.101943,45.533293],[16.099462,45.538771],[16.098561988254,45.539568345324],[15.868813378162,45.539568345324],[15.868882,45.537944],[15.868262,45.534792]]],"type":"Polygon"},"id":42,"properties":{"parentKey":"HRV:1159312531","sourceCountryId":"HRV","syntheticOperational":true,"territoryId":"territory:catalog:c9b191301e9def67d522f032d68f39293bfae574135354a75158e43dbcdc8202"},"type":"Feature"},{"geometry":{"coordinates":[[[16.658476658477,43.12732916235],[16.670177,43.125474],[16.693126,43.127265],[16.953316953317,43.127265],[16.953316953317,43.152617804331],[16.896739,43.154771],[16.878429,43.15884],[16.869160917349,43.165467625899],[16.855974545182,43.165467625899],[16.848155,43.16234],[16.751231,43.161933],[16.727712,43.164618],[16.724704860056,43.165467625899],[16.71322925226,43.165467625899],[16.658476658477,43.165467625899],[16.658476658477,43.12732916235]]],"type":"Polygon"},"id":43,"properties":{"parentKey":"HRV:1159312433","sourceCountryId":"HRV","syntheticOperational":true,"territoryId":"territory:catalog:4012af432929ae889f82adc2dbab8b5e19c1e216b342a9a45283f7ac24e0fa2f"},"type":"Feature"},{"geometry":{"coordinates":[[[15.227794,43.874457],[15.233409,43.862209],[15.247895,43.849026],[15.249169435216,43.848143941099],[15.249169435216,43.875139709856],[15.240733,43.880764],[15.227794,43.874457]]],"type":"Polygon"},"id":44,"properties":{"parentKey":"HRV:1159312439","sourceCountryId":"HRV","syntheticOperational":true,"territoryId":"territory:catalog:558d8d7831f8cb515ee32a1dd9e22ca5a4992fd1cdcffe9d7a074b6eb1f4f56b"},"type":"Feature"},{"geometry":{"coordinates":[[[15.514644351464,44.244604316547],[15.6,44.244604316547],[15.81589958159,44.244604316547],[15.81589958159,44.460431654676],[15.593252332219,44.460431654676],[15.591121,44.457235],[15.593757,44.452067],[15.598097,44.447985],[15.601818,44.445763],[15.606159,44.443851],[15.611482,44.442249],[15.615822,44.440388],[15.618148,44.437856],[15.619078,44.434084],[15.620318,44.430467],[15.622954,44.427624],[15.626674,44.425506],[15.630395,44.423749],[15.633961,44.421682],[15.635511,44.418064],[15.634736,44.411346],[15.63086,44.401528],[15.624504,44.390056],[15.615977,44.379307],[15.599958,44.364217],[15.589106,44.356621],[15.576238,44.352797],[15.566316,44.351918],[15.558358,44.349386],[15.553707,44.347061],[15.545956,44.330473],[15.514644351464,44.357932039743],[15.514644351464,44.278528622587],[15.514822,44.27851],[15.528656,44.271796],[15.525238,44.260688],[15.514644351464,44.259971055615],[15.514644351464,44.244604316547]]],"type":"Polygon"},"id":45,"properties":{"parentKey":"HRV:1159312443","sourceCountryId":"HRV","syntheticOperational":true,"territoryId":"territory:catalog:7443dddc6e899553e9f3806d5872ef30326df2feead3aafae607d1e986706d7c"},"type":"Feature"},{"geometry":{"coordinates":[[[15.63055,45.23574],[15.63117,45.231038],[15.633031,45.225509],[15.633806,45.217499],[15.636441,45.212744],[15.639387,45.210677],[15.704861,45.200859],[15.707341,45.201117],[15.710132,45.201996],[15.715713,45.205923],[15.718814,45.20737],[15.722276,45.2083],[15.736539,45.208559],[15.742895,45.207525],[15.746615,45.20644],[15.750336,45.20644],[15.759328,45.209799],[15.761653,45.209954],[15.763979,45.209437],[15.766459,45.208197],[15.769095,45.207318],[15.772505,45.206802],[15.777053,45.206853],[15.781187,45.20644],[15.784959,45.205251],[15.802064,45.196725],[15.802569,45.196473],[15.824801,45.210988],[15.878855,45.217241],[15.891341256367,45.216998330552],[15.891341256367,45.323741007194],[15.805626598465,45.323741007194],[15.664564501325,45.323741007194],[15.665328,45.320025],[15.665018,45.313927],[15.664036,45.307829],[15.662486,45.302041],[15.65768,45.290052],[15.65644,45.285091],[15.656905,45.280234],[15.658455,45.276048],[15.660316,45.272276],[15.661556,45.26809],[15.659696,45.265609],[15.646518,45.257496],[15.642642,45.25052],[15.635821,45.243027],[15.63117,45.239461],[15.63055,45.23574]]],"type":"Polygon"},"id":46,"properties":{"parentKey":"HRV:1159312529","sourceCountryId":"HRV","syntheticOperational":true,"territoryId":"territory:catalog:b9a2b0773add81b3f26c0351017eae9963dc42c865f2920e5c94a201b990b79d"},"type":"Feature"},{"geometry":{"coordinates":[[[16.137931034483,45.971223021583],[16.139435302892,45.971223021583],[16.166021,45.978331],[16.169122,45.980398],[16.172067,45.982878],[16.171447,45.984067],[16.169897,45.985204],[16.164471,45.988666],[16.163076,45.990992],[16.162301,45.994092],[16.162766,46.000035],[16.164006,46.002412],[16.165091,46.003807],[16.166952,46.003962],[16.170207,46.004014],[16.174238,46.003601],[16.17832,46.002722],[16.184366,46.000655],[16.187622,46.000448],[16.192118,46.000707],[16.20173,46.00236],[16.204675,46.004221],[16.204675,46.006598],[16.20173,46.009337],[16.198939,46.011455],[16.189793,46.01621],[16.188087,46.01807],[16.186227,46.022049],[16.189793,46.024323],[16.20483,46.030214],[16.208086,46.033366],[16.208396,46.036363],[16.20545,46.038947],[16.20266,46.040704],[16.198939,46.042461],[16.193358,46.04427],[16.190413,46.046285],[16.188242,46.049386],[16.187932,46.055277],[16.190413,46.058533],[16.194133,46.05998],[16.198629,46.059876],[16.213202,46.056879],[16.217233,46.056672],[16.220643,46.057034],[16.234648,46.062563],[16.238678,46.063597],[16.240074,46.063752],[16.241779,46.0637],[16.255887,46.061065],[16.2486,46.112586],[16.250306,46.120648],[16.250926,46.129484],[16.255112,46.143024],[16.255112,46.148191],[16.254491,46.151912],[16.253716,46.153152],[16.246895,46.162041],[16.242399,46.16943],[16.242399,46.175115],[16.247134011558,46.187050359712],[16.137931034483,46.187050359712],[16.137931034483,45.971223021583]]],"type":"Polygon"},"id":47,"properties":{"parentKey":"HRV:1159312523","sourceCountryId":"HRV","syntheticOperational":true,"territoryId":"territory:catalog:f07e719c3c210d14536a45ed645bef45f2fda9f6a2515219a45dc1950303d45d"},"type":"Feature"},{"geometry":{"coordinates":[[[15.794701986755,43.752655577466],[15.803477,43.746405],[15.844005,43.729926],[15.850759,43.723944],[15.864513,43.708157],[15.870779,43.703192],[15.876801,43.701646],[15.885997,43.700344],[15.892914,43.700507],[15.906749,43.691474],[15.931163,43.6765],[15.939708,43.677639],[15.938975,43.696438],[15.95045,43.688544],[15.952403,43.679755],[15.945974,43.672309],[15.93214,43.668443],[15.942638,43.664293],[15.951427,43.657416],[15.952973,43.650865],[15.942393,43.648017],[15.934825,43.649848],[15.926606,43.653022],[15.916759,43.653632],[15.904796,43.648017],[15.921397,43.648139],[15.966319,43.641181],[15.966319,43.633734],[15.929535,43.634223],[15.918956,43.62873],[15.925304,43.613837],[15.917979,43.606391],[15.925304,43.599555],[15.922441887618,43.597122302158],[16.045414072387,43.597122302158],[16.048406,43.602507],[16.052902,43.607106],[16.06427,43.616046],[16.070162,43.618371],[16.075278,43.618423],[16.080704,43.616563],[16.085354,43.616821],[16.091711,43.618268],[16.092715231788,43.61921046229],[16.092715231788,43.812949640288],[15.847176079734,43.812949640288],[15.794701986755,43.812949640288],[15.794701986755,43.752655577466]]],"type":"Polygon"},"id":48,"properties":{"parentKey":"HRV:1159312439","sourceCountryId":"HRV","syntheticOperational":true,"territoryId":"territory:catalog:8b84071fcb00b251e3480724fa06562377b825e24305e7ef2de1306b2f52488b"},"type":"Feature"},{"geometry":{"coordinates":[[[14.974533106961,45.160960016792],[14.976172,45.161998],[14.979427,45.164892],[14.981287,45.16944],[14.982373,45.221219],[14.986248,45.241063],[14.983923,45.246437],[14.980822,45.251915],[14.976327,45.258168],[14.974533106961,45.261516754624],[14.974533106961,45.160960016792]]],"type":"Polygon"},"id":49,"properties":{"parentKey":"HRV:1159312505","sourceCountryId":"HRV","syntheticOperational":true,"territoryId":"territory:catalog:a7ee1ad5a45f46158b8e7c1d50681d6f5e3c8dacc3f4d464442cc4f753143e97"},"type":"Feature"},{"geometry":{"coordinates":[[[18.32448992092,42.517985611511],[18.37925445705,42.491685916273],[18.37925445705,42.517985611511],[18.32448992092,42.517985611511]]],"type":"Polygon"},"id":50,"properties":{"parentKey":"HRV:1159312431","sourceCountryId":"HRV","syntheticOperational":true,"territoryId":"territory:catalog:523ae53099cce8587ad9e88e42d9ee342a2d8df6ba85238f11f4c33a3f33f95e"},"type":"Feature"},{"geometry":{"coordinates":[[[16.082474226804,45.755395683453],[16.167664670659,45.755395683453],[16.374377184286,45.755395683453],[16.376913,45.76899],[16.384199,45.789453],[16.385129,45.795448],[16.384974,45.799944],[16.384199,45.804388],[16.381564,45.812036],[16.39175257732,45.811971117417],[16.39175257732,45.971223021583],[16.139435302892,45.971223021583],[16.136256,45.970373],[16.163231,45.933372],[16.176615,45.906242],[16.182196,45.898956],[16.218628,45.864023],[16.224674,45.855289],[16.226845,45.849605],[16.224519,45.846969],[16.209016,45.835032],[16.207466,45.832603],[16.206536,45.830123],[16.204675,45.820769],[16.20235,45.813948],[16.20173,45.812708],[16.195064,45.802321],[16.191963,45.794001],[16.189793,45.791159],[16.187157,45.790229],[16.169794,45.795241],[16.141527,45.807695],[16.138116,45.808315],[16.089318,45.773161],[16.082474226804,45.770024268295],[16.082474226804,45.755395683453]]],"type":"Polygon"},"id":51,"properties":{"parentKey":"HRV:1159312531","sourceCountryId":"HRV","syntheticOperational":true,"territoryId":"territory:catalog:7dda305f6dd86e004c65196b8312bc03ebc6caba300433f1acea5d1a0df6f872"},"type":"Feature"},{"geometry":{"coordinates":[[[17.906234,45.792141],[17.906432,45.791417],[17.91377,45.772659],[17.923227,45.75607],[17.923745180238,45.755395683453],[17.938144329897,45.755395683453],[17.938144329897,45.792141],[17.906234,45.792141]]],"type":"Polygon"},"id":52,"properties":{"parentKey":"HRV:1159312539","sourceCountryId":"HRV","syntheticOperational":true,"territoryId":"territory:catalog:ee1f93e5c42194c02601c902276948fc37eb8a218bba3f3328e630bfc38caee0"},"type":"Feature"},{"geometry":{"coordinates":[[[14.595063,44.347113],[14.598888,44.339057],[14.610878661088,44.331268649341],[14.610878661088,44.341689480291],[14.595063,44.347113]]],"type":"Polygon"},"id":53,"properties":{"parentKey":"HRV:1159312443","sourceCountryId":"HRV","syntheticOperational":true,"territoryId":"territory:catalog:b9b243b994188f8fc26e7967dc479cf43efa69bca608e5ebac6af4bb407aecfc"},"type":"Feature"},{"geometry":{"coordinates":[[[15.548172757475,43.877455137228],[15.575153,43.896649],[15.597477,43.886624],[15.629,43.86585],[15.633186,43.863731],[15.638457,43.863783],[15.644038,43.866263],[15.678041,43.887864],[15.681762,43.889414],[15.685482,43.889466],[15.707651,43.876495],[15.727547,43.869054],[15.733438,43.868382],[15.739949,43.869209],[15.746925,43.874222],[15.750956,43.879182],[15.752972,43.884608],[15.753902,43.890138],[15.754677,43.892877],[15.757623,43.896029],[15.762583,43.898613],[15.77142,43.90192],[15.777466,43.905951],[15.782634,43.910602],[15.78589,43.915098],[15.78775,43.91887],[15.787595,43.92104],[15.786045,43.922746],[15.774521,43.931582],[15.772505,43.93489],[15.77297,43.93737],[15.778293,43.942641],[15.781704,43.943881],[15.786355,43.943675],[15.800307,43.938042],[15.805888,43.937008],[15.826197,43.939541],[15.838651,43.939127],[15.847176079734,43.936893314808],[15.847176079734,44.028776978417],[15.6,44.028776978417],[15.548172757475,44.028776978417],[15.548172757475,43.877455137228]]],"type":"Polygon"},"id":54,"properties":{"parentKey":"HRV:1159312443","sourceCountryId":"HRV","syntheticOperational":true,"territoryId":"territory:catalog:a78b2fc4789243a1ada9af505b75345a95cd6f869f8a6e6ab99bd72e754f396f"},"type":"Feature"},{"geometry":{"coordinates":[[[14.27768,45.127997],[14.278494,45.113349],[14.282453401296,45.107913669065],[14.314720812183,45.107913669065],[14.361543446272,45.107913669065],[14.360525,45.117621],[14.363327674024,45.148926266207],[14.363327674024,45.158767375143],[14.356212,45.169257],[14.331879,45.175849],[14.31365,45.172431],[14.299571,45.16234],[14.288585,45.14883],[14.27768,45.127997]]],"type":"Polygon"},"id":55,"properties":{"parentKey":"HRV:1159312505","sourceCountryId":"HRV","syntheticOperational":true,"territoryId":"territory:catalog:de41b07c6c16e3a3ed61a334cff7b9a9aa64bac0d6e65b24ef42ab710dfa636b"},"type":"Feature"},{"geometry":{"coordinates":[[[15.60377,43.674709],[15.61964,43.668931],[15.663097,43.645697],[15.672048,43.637437],[15.681326,43.640326],[15.740408,43.627509],[15.678884,43.648017],[15.669688,43.655748],[15.661632,43.665473],[15.650157,43.673041],[15.61964,43.675442],[15.615489,43.676988],[15.611339,43.682115],[15.60377,43.674709]]],"type":"Polygon"},"id":56,"properties":{"parentKey":"HRV:1159312439","sourceCountryId":"HRV","syntheticOperational":true,"territoryId":"territory:catalog:5bb26b8f73e475d09dfb6dcbbd7c7d331abbb6065bf2b280edb546fc33e4f4fd"},"type":"Feature"},{"geometry":{"coordinates":[[[16.73735725938,42.917729412905],[16.739757,42.917182],[16.85141,42.900702],[16.898692,42.905829],[16.972911,42.926703],[17.01531,42.928616],[17.030995106036,42.926177301603],[17.030995106036,42.94964028777],[16.953316953317,42.94964028777],[16.73735725938,42.94964028777],[16.73735725938,42.917729412905]]],"type":"Polygon"},"id":57,"properties":{"parentKey":"HRV:1159312431","sourceCountryId":"HRV","syntheticOperational":true,"territoryId":"territory:catalog:187e67ade02e2d52cf3ee7bb4f4bde574289240cfd5bc7781ef840faa84f798a"},"type":"Feature"},{"geometry":{"coordinates":[[[17.319587628866,45.755395683453],[17.399486740804,45.755395683453],[17.628865979381,45.755395683453],[17.628865979381,45.908386852439],[17.591102,45.936215],[17.554308,45.947791],[17.511933,45.95394],[17.426667,45.956731],[17.418192,45.95301],[17.415402,45.949703],[17.411578,45.946602],[17.406203,45.943657],[17.399692,45.959935],[17.38915,45.963087],[17.365276,45.956731],[17.345328,45.955697],[17.342124,45.958643],[17.343675,45.967531],[17.342425691557,45.971223021583],[17.319587628866,45.971223021583],[17.319587628866,45.755395683453]]],"type":"Polygon"},"id":58,"properties":{"parentKey":"HRV:1159312547","sourceCountryId":"HRV","syntheticOperational":true,"territoryId":"territory:catalog:02a34572d480e8f595dc78726b2d96217851e1afaf4f9d2dd1add60df3e4847f"},"type":"Feature"},{"geometry":{"coordinates":[[[18.811831389817,44.892086330935],[18.817797,44.887545],[18.842129,44.876239],[18.858724,44.868529],[18.889627,44.86119],[18.955349620893,44.862397510311],[18.955349620893,44.892086330935],[18.883248730964,44.892086330935],[18.811831389817,44.892086330935]]],"type":"Polygon"},"id":59,"properties":{"parentKey":"HRV:1159312543","sourceCountryId":"HRV","syntheticOperational":true,"territoryId":"territory:catalog:181fed65c91794c4d7068c30580841044569cc12d52ce9732808e10ae66c92d6"},"type":"Feature"},{"geometry":{"coordinates":[[[13.657289002558,45.323741007194],[13.752122241087,45.323741007194],[13.964194373402,45.323741007194],[13.964194373402,45.461279005884],[13.923005,45.448958],[13.908432,45.438881],[13.899647,45.429218],[13.889002,45.423637],[13.835568,45.429114],[13.819859,45.432628],[13.806526,45.442137],[13.759294,45.463169],[13.65997,45.459978],[13.657289002558,45.459891830698],[13.657289002558,45.323741007194]]],"type":"Polygon"},"id":60,"properties":{"parentKey":"HRV:1159312535","sourceCountryId":"HRV","syntheticOperational":true,"territoryId":"territory:catalog:4647218bbbbe3bb1ffb064a05451d9d58807a738fc5da7e0b5681d3895176cd9"},"type":"Feature"},{"geometry":{"coordinates":[[[18.432764875824,45.755395683453],[18.556701030928,45.755395683453],[18.556701030928,45.806658680705],[18.530269,45.79085],[18.504224,45.784028],[18.481797,45.791418],[18.465467,45.783718],[18.432764875824,45.755395683453]]],"type":"Polygon"},"id":61,"properties":{"parentKey":"HRV:1159312539","sourceCountryId":"HRV","syntheticOperational":true,"territoryId":"territory:catalog:20061225fa3580f4be52b0135acc1af4ac59d418dd3a4aabd2ffca2bf1c109ca"},"type":"Feature"},{"geometry":{"coordinates":[[[18.939264328486,45.539568345324],[18.94077495739,45.539568345324],[18.939264328486,45.540596785836],[18.939264328486,45.539568345324]]],"type":"Polygon"},"id":62,"properties":{"parentKey":"HRV:1159312539","sourceCountryId":"HRV","syntheticOperational":true,"territoryId":"territory:catalog:e51ea849e320500829d0b47176a18d36ca0e60fdfda44961c6f790f4f371bf73"},"type":"Feature"},{"geometry":{"coordinates":[[[15.770025,45.710182],[15.770335,45.705531],[15.77204,45.70212],[15.773125,45.700363],[15.777363,45.696591],[15.784804,45.691372],[15.81271,45.676902],[15.859709153122,45.661994033827],[15.859709153122,45.755395683453],[15.833562316547,45.755395683453],[15.833691,45.755267],[15.813241,45.724592],[15.782427,45.738087],[15.774211,45.725736],[15.7708,45.715815],[15.770025,45.710182]]],"type":"Polygon"},"id":63,"properties":{"parentKey":"HRV:1159312533","sourceCountryId":"HRV","syntheticOperational":true,"territoryId":"territory:catalog:088a319ffe99ba88364e0186ed8b4947fee10ee9a5043d361e28cab2d439901d"},"type":"Feature"},{"geometry":{"coordinates":[[[16.471558120363,43.381294964029],[16.53109351162,43.381294964029],[16.493907,43.38231],[16.471558120363,43.388830219051],[16.471558120363,43.381294964029]]],"type":"Polygon"},"id":64,"properties":{"parentKey":"HRV:1159312433","sourceCountryId":"HRV","syntheticOperational":true,"territoryId":"territory:catalog:4e673e5c563a31195de383c41738570c2dbde5a03ae2531362206fe9f11c8665"},"type":"Feature"},{"geometry":{"coordinates":[[[16.925923,45.483942],[16.929179,45.475881],[16.964887,45.455314],[16.998684,45.44348],[17.00473,45.439397],[17.006435,45.437847],[17.02292,45.418623],[17.033248081841,45.420279271147],[17.033248081841,45.50381716751],[17.031912,45.503321],[17.025866,45.503166],[17.016357,45.50451],[16.969073,45.520374],[16.965197,45.52239],[16.962252,45.52518],[16.961787,45.530555],[16.962407,45.534999],[16.961045698233,45.539568345324],[16.940673092661,45.539568345324],[16.930419,45.5181],[16.927629,45.503114],[16.927629,45.500065],[16.927319,45.497792],[16.927164,45.493347],[16.925923,45.483942]]],"type":"Polygon"},"id":65,"properties":{"parentKey":"HRV:1159312541","sourceCountryId":"HRV","syntheticOperational":true,"territoryId":"territory:catalog:36d5451bd972de88067461c321ac32a406dc007764a169ef8b8749f892e6ef67"},"type":"Feature"},{"geometry":{"coordinates":[[[16.051948051948,46.188338135521],[16.057449,46.189429],[16.064581,46.190049],[16.079153,46.189429],[16.094656,46.190204],[16.108919,46.192685],[16.11636,46.19284],[16.125404,46.192116],[16.139821,46.187879],[16.158115,46.187569],[16.163851,46.189222],[16.169794,46.191961],[16.174755,46.196147],[16.182971,46.205449],[16.187932,46.20979],[16.194908,46.212425],[16.200645,46.21227],[16.207001,46.207774],[16.210876,46.203278],[16.216147,46.195837],[16.222039,46.192943],[16.229325,46.191806],[16.241934,46.19253],[16.245655,46.190979],[16.24736,46.18762],[16.247134011558,46.187050359712],[16.363636363636,46.187050359712],[16.363636363636,46.319610611045],[16.361255,46.319964],[16.358774,46.320635],[16.355829,46.322754],[16.351643,46.32632],[16.346837,46.334175],[16.344822,46.338981],[16.343737,46.343528],[16.34322,46.346887],[16.342806,46.348902],[16.340946,46.351951],[16.330197,46.361822],[16.324926,46.365542],[16.31826,46.368695],[16.298106,46.370193],[16.281622,46.3781],[16.279936,46.378661],[16.280277,46.376214],[16.275626,46.373165],[16.252785,46.373424],[16.217129,46.367352],[16.208654,46.367093],[16.191807,46.369781],[16.177544,46.375594],[16.153567,46.391433],[16.143851,46.394714],[16.131552,46.393061],[16.123181,46.386885],[16.115533,46.379289],[16.106024,46.373734],[16.094345,46.372261],[16.088654,46.373086],[16.057965,46.377532],[16.057448,46.359652],[16.059722,46.345312],[16.059619,46.332315],[16.052384,46.318595],[16.051948051948,46.318265648507],[16.051948051948,46.188338135521]]],"type":"Polygon"},"id":66,"properties":{"parentKey":"HRV:1159312555","sourceCountryId":"HRV","syntheticOperational":true,"territoryId":"territory:catalog:4455dcb5784c0776f68525e5af107eafbff0258e67e68f7a72bdeb00363f76cf"},"type":"Feature"},{"geometry":{"coordinates":[[[17.324632952692,42.935515771231],[17.350922,42.92178],[17.417247,42.9112],[17.442719,42.898627],[17.44044,42.873358],[17.525238,42.848619],[17.580089,42.841254],[17.618270799347,42.828157682161],[17.618270799347,42.892413332668],[17.583751,42.900702],[17.568126,42.909084],[17.55893,42.912828],[17.54656,42.914293],[17.541515,42.915473],[17.532074,42.9206],[17.526134,42.92178],[17.522146,42.919623],[17.522634,42.910224],[17.518891,42.908149],[17.50766,42.909084],[17.499278,42.911851],[17.481456,42.92178],[17.476573,42.922431],[17.464854,42.920722],[17.460216,42.92178],[17.456798,42.926988],[17.455903,42.932929],[17.45574,42.938422],[17.454112,42.942288],[17.442914538874,42.94964028777],[17.324632952692,42.94964028777],[17.324632952692,42.935515771231]]],"type":"Polygon"},"id":67,"properties":{"parentKey":"HRV:1159312431","sourceCountryId":"HRV","syntheticOperational":true,"territoryId":"territory:catalog:bf9ac578274cdc85e7f633d4d7d84471dda98e9ddae295b7163ae388ac1867f2"},"type":"Feature"},{"geometry":{"coordinates":[[[18.090545395168,45.107913669065],[18.112413,45.100607],[18.131844,45.097869],[18.143698,45.0977],[18.153651,45.097558],[18.174942,45.100762],[18.191151342811,45.107913669065],[18.090545395168,45.107913669065]]],"type":"Polygon"},"id":68,"properties":{"parentKey":"HRV:1159312537","sourceCountryId":"HRV","syntheticOperational":true,"territoryId":"territory:catalog:1e62077e02c151dac452580afb2063fe3263446f420875444f7f31cac3c040b9"},"type":"Feature"},{"geometry":{"coordinates":[[[15.566750629723,44.578994160497],[15.623109,44.541261],[15.637216,44.527412],[15.653494,44.494959],[15.602128,44.467622],[15.594222,44.461886],[15.593252332219,44.460431654676],[15.81589958159,44.460431654676],[15.869017632242,44.460431654676],[15.869017632242,44.676258992806],[15.619208087616,44.676258992806],[15.566750629723,44.676258992806],[15.566750629723,44.578994160497]]],"type":"Polygon"},"id":69,"properties":{"parentKey":"HRV:1159312443","sourceCountryId":"HRV","syntheticOperational":true,"territoryId":"territory:catalog:69c5ff2bf39e73baf29a7a933ebec843e60aade411bacf7e033d403de9108422"},"type":"Feature"},{"geometry":{"coordinates":[[[17.033248081841,45.50381716751],[17.037338,45.505336],[17.044314,45.506577],[17.057802,45.507455],[17.070721,45.504406],[17.082503,45.505802],[17.108548,45.511641],[17.123431,45.51345],[17.146737,45.514173],[17.159759,45.516343],[17.169061,45.520013],[17.173712,45.524198],[17.180378,45.528332],[17.185029,45.528281],[17.190042,45.52549],[17.198723,45.519082],[17.212521,45.511072],[17.222908,45.50668],[17.233605,45.505802],[17.335097,45.517532],[17.340153452685,45.517209314143],[17.340153452685,45.539568345324],[17.091531223268,45.539568345324],[17.033248081841,45.539568345324],[17.033248081841,45.50381716751]]],"type":"Polygon"},"id":70,"properties":{"parentKey":"HRV:1159312549","sourceCountryId":"HRV","syntheticOperational":true,"territoryId":"territory:catalog:7ed65b55cb7bdec01ee559cd7a58302ba9272aa11f039855289bed7f94998995"},"type":"Feature"},{"geometry":{"coordinates":[[[14.363327674024,45.148926266207],[14.364106,45.15762],[14.363327674024,45.158767375143],[14.363327674024,45.148926266207]]],"type":"Polygon"},"id":71,"properties":{"parentKey":"HRV:1159312505","sourceCountryId":"HRV","syntheticOperational":true,"territoryId":"territory:catalog:c1726e945b444d0b087a00a832a1ef89fc6526f494c0256bd4ed54495fa6c83b"},"type":"Feature"},{"geometry":{"coordinates":[[[16.829237,45.507817],[16.830012,45.503786],[16.836058,45.494484],[16.843241,45.489058],[16.851303,45.484614],[16.858899,45.482599],[16.867581,45.481772],[16.887579,45.482547],[16.894711,45.480325],[16.898638,45.476501],[16.903702,45.469421],[16.90701,45.467664],[16.912281,45.468543],[16.929179,45.475881],[16.925923,45.483942],[16.927164,45.493347],[16.927319,45.497792],[16.927629,45.500065],[16.927629,45.503114],[16.930419,45.5181],[16.940673092661,45.539568345324],[16.85461242989,45.539568345324],[16.86231,45.532415],[16.867271,45.526524],[16.868666,45.522803],[16.850992,45.510039],[16.846342,45.509729],[16.842931,45.509884],[16.839934,45.510659],[16.836678,45.511021],[16.833733,45.510866],[16.830942,45.510401],[16.829237,45.507817]]],"type":"Polygon"},"id":72,"properties":{"parentKey":"HRV:1159312549","sourceCountryId":"HRV","syntheticOperational":true,"territoryId":"territory:catalog:932b60f2c91349a0984d935c5710a3c1d78b0b7ffc932157c09ea3274d6e6c28"},"type":"Feature"},{"geometry":{"coordinates":[[[15.762201514187,45.539568345324],[15.779947,45.522545],[15.784029,45.520633],[15.7893,45.519857],[15.799842,45.520943],[15.805626598465,45.52204457446],[15.805626598465,45.539568345324],[15.762201514187,45.539568345324]]],"type":"Polygon"},"id":73,"properties":{"parentKey":"HRV:1159312531","sourceCountryId":"HRV","syntheticOperational":true,"territoryId":"territory:catalog:319cabac194c203f29a53ea79a4b677c0d7b36ff95b021f548cbf1e1b6a0b6b0"},"type":"Feature"},{"geometry":{"coordinates":[[[15.228426395939,45.09548040736],[15.231763,45.091977],[15.236414,45.088153],[15.24246,45.084742],[15.376509,45.026296],[15.379764,45.023815],[15.38364,45.020095],[15.403536,44.988417],[15.408186,44.982319],[15.419659,44.973586],[15.439967,44.962475],[15.444773,44.9586],[15.447616,44.954207],[15.455367,44.935862],[15.458933,44.930281],[15.464204,44.924183],[15.468545,44.921703],[15.473195,44.920359],[15.477071,44.920256],[15.492419,44.921703],[15.504873,44.920618],[15.511849,44.918344],[15.51619,44.914985],[15.518206,44.911419],[15.520996,44.907285],[15.527662,44.901911],[15.532994923858,44.898726705016],[15.532994923858,44.926864624591],[15.532778,44.927491],[15.532994923858,44.929768700509],[15.532994923858,45.107913669065],[15.28013582343,45.107913669065],[15.228426395939,45.107913669065],[15.228426395939,45.09548040736]]],"type":"Polygon"},"id":74,"properties":{"parentKey":"HRV:1159312525","sourceCountryId":"HRV","syntheticOperational":true,"territoryId":"territory:catalog:a6f22b2e13310dd9abdb981e59d5d0dc9f6513fa05a1ebecccc2ac3bed20b74d"},"type":"Feature"},{"geometry":{"coordinates":[[[14.668930390492,45.190547624738],[14.765961,45.137356],[14.827403,45.113959],[14.838267083386,45.107913669065],[14.92385786802,45.107913669065],[14.974533106961,45.107913669065],[14.974533106961,45.147283735449],[14.970901,45.149803],[14.968885,45.15311],[14.968265,45.158019],[14.973071,45.160034],[14.974533106961,45.160960016792],[14.974533106961,45.261516754624],[14.970901,45.268297],[14.97059,45.273516],[14.972916,45.277443],[14.974533106961,45.278325273836],[14.974533106961,45.323741007194],[14.884910485934,45.323741007194],[14.668930390492,45.323741007194],[14.668930390492,45.190547624738]]],"type":"Polygon"},"id":75,"properties":{"parentKey":"HRV:1159312505","sourceCountryId":"HRV","syntheticOperational":true,"territoryId":"territory:catalog:8230eead90fce6c7a8ecc461599c4f7bfa9984b87bbe5aca4e0c3a9ea564b416"},"type":"Feature"},{"geometry":{"coordinates":[[[13.797693997761,44.892086330935],[13.79949452401,44.890407314747],[13.79949452401,44.892086330935],[13.797693997761,44.892086330935]]],"type":"Polygon"},"id":76,"properties":{"parentKey":"HRV:1159312535","sourceCountryId":"HRV","syntheticOperational":true,"territoryId":"territory:catalog:a5616e984780c6c42bae19b8a738343dc61f9c4b269842935bb2fc0b22c7b471"},"type":"Feature"},{"geometry":{"coordinates":[[[18.874680306905,45.480216715373],[18.882186,45.478103],[18.895519,45.471075],[18.90141,45.466889],[18.904976,45.463582],[18.906061,45.46136],[18.907766,45.456657],[18.909316,45.454177],[18.911642,45.451903],[18.914742,45.450043],[18.926111,45.445133],[18.929212,45.443221],[18.934173,45.438984],[18.935878,45.436917],[18.937428,45.434695],[18.938514,45.432473],[18.94363,45.430612],[18.952776,45.430302],[18.986779,45.435315],[19.002282,45.443686],[18.997144,45.455517],[18.99639,45.473815],[19.00962,45.498671],[19.017926,45.497807],[19.077212,45.491643],[19.106255,45.511642],[19.095092,45.526059],[19.082277,45.531175],[19.067807,45.533398],[19.050961,45.538927],[19.049906640067,45.539568345324],[18.96100388925,45.539568345324],[18.960217,45.539134],[18.941717,45.538927],[18.94077495739,45.539568345324],[18.939264328486,45.539568345324],[18.874680306905,45.539568345324],[18.874680306905,45.480216715373]]],"type":"Polygon"},"id":77,"properties":{"parentKey":"HRV:1159312539","sourceCountryId":"HRV","syntheticOperational":true,"territoryId":"territory:catalog:1084a9aefd5e73e62b96925a31fe9f4dc274588c80cbc833ad3c16ab37d7b639"},"type":"Feature"},{"geometry":{"coordinates":[[[16.419437340153,45.323741007194],[16.502546689304,45.323741007194],[16.726342710997,45.323741007194],[16.726342710997,45.539568345324],[16.475620188195,45.539568345324],[16.419437340153,45.539568345324],[16.419437340153,45.323741007194]]],"type":"Polygon"},"id":78,"properties":{"parentKey":"HRV:1159312529","sourceCountryId":"HRV","syntheticOperational":true,"territoryId":"territory:catalog:d2722def37e1d204d987e617db087fd2af63e99784e3884f775879bdfe5736d4"},"type":"Feature"},{"geometry":{"coordinates":[[[18.37925445705,42.491685916273],[18.411876,42.47602],[18.413097,42.461859],[18.427582,42.455268],[18.460948,42.447943],[18.474457,42.441352],[18.49643,42.416327],[18.497816,42.431158],[18.492855,42.442372],[18.475492,42.449813],[18.467741,42.453379],[18.454925,42.464722],[18.444279,42.477925],[18.437148,42.493402],[18.436425,42.510765],[18.437674673856,42.517985611511],[18.37925445705,42.517985611511],[18.37925445705,42.491685916273]]],"type":"Polygon"},"id":79,"properties":{"parentKey":"HRV:1159312431","sourceCountryId":"HRV","syntheticOperational":true,"territoryId":"territory:catalog:de1a3c92e93cdf358b6ed961598d82eaac657d7dca6741e2c7b45243060127cb"},"type":"Feature"},{"geometry":{"coordinates":[[[16.174773289365,43.525453684594],[16.239594,43.526557],[16.281098,43.536038],[16.299327,43.538153],[16.306326,43.539944],[16.324962,43.548529],[16.336762,43.551174],[16.433849,43.54975],[16.456798,43.545885],[16.471558120363,43.539010399033],[16.471558120363,43.597122302158],[16.390728476821,43.597122302158],[16.174773289365,43.597122302158],[16.174773289365,43.525453684594]]],"type":"Polygon"},"id":80,"properties":{"parentKey":"HRV:1159312433","sourceCountryId":"HRV","syntheticOperational":true,"territoryId":"territory:catalog:4759ab9e7a4cf50aaff87b6ed61268f6483e8ccff05533979714df348058123a"},"type":"Feature"},{"geometry":{"coordinates":[[[16.2,44.028776978417],[16.430559516441,44.028776978417],[16.426935,44.040517],[16.414016,44.055813],[16.403991,44.058759],[16.377946,44.057364],[16.367197,44.058139],[16.357378,44.062169],[16.346113,44.068474],[16.326889,44.082375],[16.312213,44.099997],[16.289992,44.139116],[16.275523,44.157357],[16.232115,44.190999],[16.215785,44.208155],[16.2,44.244434257764],[16.2,44.028776978417]]],"type":"Polygon"},"id":81,"properties":{"parentKey":"HRV:1159312443","sourceCountryId":"HRV","syntheticOperational":true,"territoryId":"territory:catalog:498e1e1d477d021b7a587ee749b5ccd627c5c908f2dcc8751883027941d0bfb6"},"type":"Feature"},{"geometry":{"coordinates":[[[16.417419884963,43.181587612204],[16.427257,43.179877],[16.44516,43.170803],[16.475352,43.16649],[16.479024052699,43.165467625899],[16.658476658477,43.165467625899],[16.71322925226,43.165467625899],[16.71322925226,43.168709900542],[16.705821,43.170803],[16.68629,43.18183],[16.689464,43.182807],[16.692231,43.182807],[16.693614,43.184027],[16.693126,43.188666],[16.680675,43.19477],[16.672537,43.20303],[16.66627,43.210842],[16.659516,43.215969],[16.646007,43.219916],[16.616384,43.223538],[16.60377,43.223456],[16.596934,43.221747],[16.587087,43.216254],[16.583263,43.215969],[16.562755,43.22899],[16.535004,43.227729],[16.520518,43.22899],[16.529307,43.221625],[16.555919,43.209784],[16.583263,43.188666],[16.554942,43.187934],[16.527029,43.204291],[16.49643,43.218085],[16.460297,43.209784],[16.460297,43.215969],[16.449067,43.206488],[16.446056,43.202338],[16.439789,43.209784],[16.417419884963,43.199453751815],[16.417419884963,43.181587612204]]],"type":"Polygon"},"id":82,"properties":{"parentKey":"HRV:1159312433","sourceCountryId":"HRV","syntheticOperational":true,"territoryId":"territory:catalog:7ce400afb206dd557550c4d51a654912a385ef1483f1bf60378a817102482490"},"type":"Feature"},{"geometry":{"coordinates":[[[15.773195876289,45.755395683453],[15.833562316547,45.755395683453],[15.813241,45.775717],[15.835912,45.798032],[15.846919,45.809401],[15.82258,45.832965],[15.810074,45.840975],[15.774004,45.840768],[15.773195876289,45.841235918856],[15.773195876289,45.755395683453]]],"type":"Polygon"},"id":83,"properties":{"parentKey":"HRV:1159312531","sourceCountryId":"HRV","syntheticOperational":true,"territoryId":"territory:catalog:e8d9b6030d2a901de3cbb14119486bb67b2d054bf6e0c78645b83388ffcb5420"},"type":"Feature"},{"geometry":{"coordinates":[[[16.475620188195,45.539568345324],[16.726342710997,45.539568345324],[16.783575705731,45.539568345324],[16.783575705731,45.614750899618],[16.780506,45.616286],[16.756476,45.618508],[16.747019,45.620678],[16.740043,45.624037],[16.729139,45.634062],[16.723868,45.637318],[16.656069,45.659746],[16.63545,45.663001],[16.616795,45.662846],[16.611679,45.66512],[16.602377,45.671218],[16.587184,45.685015],[16.564705,45.697314],[16.551941,45.700983],[16.540779,45.702844],[16.532252,45.706254],[16.520935,45.712456],[16.512408,45.714678],[16.50507,45.715453],[16.50166,45.71752],[16.50073,45.721964],[16.50414,45.734366],[16.507551,45.741601],[16.511478,45.747699],[16.511478,45.754003],[16.509616849014,45.755395683453],[16.475620188195,45.755395683453],[16.475620188195,45.539568345324]]],"type":"Polygon"},"id":84,"properties":{"parentKey":"HRV:1159312529","sourceCountryId":"HRV","syntheticOperational":true,"territoryId":"territory:catalog:d21bb827da95f322f9053536246ccdeb76102801e0d3b2dc8507737bd17d75f8"},"type":"Feature"},{"geometry":{"coordinates":[[[17.504233458428,45.323741007194],[17.532346,45.299458],[17.550795,45.288812],[17.57715,45.276823],[17.604952,45.268297],[17.621695,45.266333],[17.651977,45.268452],[17.66686,45.268193],[17.687841,45.264111],[17.696832,45.261217],[17.701638,45.258736],[17.703033,45.256618],[17.705204,45.252432],[17.705824,45.250468],[17.706134,45.248815],[17.706444,45.245921],[17.706134,45.242613],[17.704739,45.236774],[17.704894,45.234862],[17.705979,45.232795],[17.719312,45.216775],[17.721637,45.212744],[17.721482,45.211608],[17.711095,45.198275],[17.70877,45.193521],[17.71156,45.191247],[17.724957555178,45.188256375185],[17.724957555178,45.323741007194],[17.647058823529,45.323741007194],[17.504233458428,45.323741007194]]],"type":"Polygon"},"id":85,"properties":{"parentKey":"HRV:1159312541","sourceCountryId":"HRV","syntheticOperational":true,"territoryId":"territory:catalog:c6738eeb5f4e25168795d4cb136b341aeaebdb78363b6887f9879143215c4589"},"type":"Feature"},{"geometry":{"coordinates":[[[16.405772,43.332709],[16.417419884963,43.321767332215],[16.417419884963,43.326501090697],[16.413829,43.328843],[16.405772,43.332709]]],"type":"Polygon"},"id":86,"properties":{"parentKey":"HRV:1159312433","sourceCountryId":"HRV","syntheticOperational":true,"territoryId":"territory:catalog:fde9e4fcfdf53078001a909e273310cb226f8d92db5bf22a556ea068364ded6d"},"type":"Feature"},{"geometry":{"coordinates":[[[14.465831,45.114691],[14.466300416155,45.107913669065],[14.619289340102,45.107913669065],[14.659076107676,45.107913669065],[14.658946,45.108344],[14.668930390492,45.137651186502],[14.668930390492,45.149925864059],[14.665294,45.161811],[14.643728,45.156806],[14.612559,45.159247],[14.597423,45.166449],[14.62379,45.175482],[14.610688,45.198065],[14.595876,45.216498],[14.591319,45.219875],[14.587169,45.224351],[14.583995,45.23017],[14.582205,45.237535],[14.58546,45.23786],[14.595876,45.237535],[14.563324,45.249742],[14.548839,45.248725],[14.534353,45.237535],[14.543793,45.235745],[14.548839,45.23017],[14.549815,45.221422],[14.548025,45.210273],[14.536876,45.201728],[14.535899,45.194159],[14.539399,45.186835],[14.541759,45.1789],[14.539561,45.170396],[14.53419,45.162177],[14.521251,45.14883],[14.530121,45.134833],[14.514008,45.129055],[14.476329,45.128363],[14.467052,45.124091],[14.465831,45.114691]]],"type":"Polygon"},"id":87,"properties":{"parentKey":"HRV:1159312505","sourceCountryId":"HRV","syntheticOperational":true,"territoryId":"territory:catalog:fc6c3b4c7cb3181c569fbac2fa93b4880737cc721160cc5bc58828af51b78896"},"type":"Feature"},{"geometry":{"coordinates":[[[15.532994923858,44.929768700509],[15.533088,44.930746],[15.534484,44.932813],[15.536964,44.934674],[15.539445,44.936224],[15.542545,44.938549],[15.552467,44.949143],[15.558565,44.950125],[15.567402,44.948781],[15.588796,44.94289],[15.610345,44.929816],[15.618303,44.928782],[15.63179,44.932968],[15.637837,44.935604],[15.65613,44.947644],[15.660316,44.948058],[15.665638,44.947128],[15.688738,44.936069],[15.703621,44.933227],[15.707031,44.932038],[15.711372,44.929661],[15.718814,44.929093],[15.725376,44.929403],[15.733438,44.934053],[15.734108,44.93444],[15.738811,44.944855],[15.763616,44.97555],[15.76744,44.993224],[15.755555,45.023558],[15.755968,45.042213],[15.779429,45.085363],[15.78377,45.100917],[15.783331537201,45.107913669065],[15.585738539898,45.107913669065],[15.532994923858,45.107913669065],[15.532994923858,44.929768700509]]],"type":"Polygon"},"id":88,"properties":{"parentKey":"HRV:1159312525","sourceCountryId":"HRV","syntheticOperational":true,"territoryId":"territory:catalog:820a2ae6fb8fe9a14894e4a48d3eb58e56b95716daf6cb1db5f534fc9bc27afa"},"type":"Feature"},{"geometry":{"coordinates":[[[16.337329,43.895874],[16.339706,43.890603],[16.34291,43.884815],[16.370402,43.874945],[16.377843,43.871224],[16.38668,43.865798],[16.426729,43.831537],[16.432,43.825439],[16.432,43.818773],[16.426177534539,43.812949640288],[16.445182724253,43.812949640288],[16.445182724253,43.952291743632],[16.436651,43.948222],[16.418357,43.93551],[16.416497,43.930239],[16.414327,43.92595],[16.410451,43.922591],[16.399754,43.919852],[16.382494,43.919697],[16.350868,43.926208],[16.337329,43.895874]]],"type":"Polygon"},"id":89,"properties":{"parentKey":"HRV:1159312433","sourceCountryId":"HRV","syntheticOperational":true,"territoryId":"territory:catalog:400025d8146727a2a06a25a48e6d721dd9f3e0853c2a9e6f20944924b7380e41"},"type":"Feature"},{"geometry":{"coordinates":[[[15.301364322493,43.812949640288],[15.30893,43.805609],[15.327973,43.796332],[15.386974,43.776842],[15.395681,43.772406],[15.367361,43.790107],[15.35434,43.80036],[15.342459,43.811835],[15.34058116946,43.812949640288],[15.301364322493,43.812949640288]]],"type":"Polygon"},"id":90,"properties":{"parentKey":"HRV:1159312439","sourceCountryId":"HRV","syntheticOperational":true,"territoryId":"territory:catalog:2280fc7f49937f3462ff4317eb61a5549b842eca4ef5f8497283a2fefff37599"},"type":"Feature"},{"geometry":{"coordinates":[[[13.961452,45.493142],[13.964194373402,45.490834383642],[13.964194373402,45.509415328311],[13.961452,45.50389],[13.961452,45.493142]]],"type":"Polygon"},"id":91,"properties":{"parentKey":"HRV:1159312535","sourceCountryId":"HRV","syntheticOperational":true,"territoryId":"territory:catalog:80051c6b0abad53ff5fc1c0ad3512cebb6fff4197b5088c5b7204d7f536e066d"},"type":"Feature"},{"geometry":{"coordinates":[[[17.081573,45.216103],[17.082968,45.211918],[17.087309,45.207628],[17.097231,45.203029],[17.110563,45.192901],[17.113752122241,45.187494794288],[17.113752122241,45.249706918365],[17.088704,45.231865],[17.085914,45.228712],[17.084208,45.225715],[17.081573,45.216103]]],"type":"Polygon"},"id":92,"properties":{"parentKey":"HRV:1159312537","sourceCountryId":"HRV","syntheticOperational":true,"territoryId":"territory:catalog:22e8df03f7b7c5484ba891ad8517c4d07ccc50ed48833434a8a822b44df32abb"},"type":"Feature"},{"geometry":{"coordinates":[[[14.962216624685,44.622199059583],[15.001313,44.578518],[15.007335,44.569729],[15.01531,44.569078],[15.047862,44.55036],[15.052013,44.545478],[15.080089,44.536078],[15.108084,44.513861],[15.15504,44.466702],[15.16357907452,44.460431654676],[15.213389121339,44.460431654676],[15.264483627204,44.460431654676],[15.264483627204,44.676258992806],[15.012636899747,44.676258992806],[14.962216624685,44.676258992806],[14.962216624685,44.622199059583]]],"type":"Polygon"},"id":93,"properties":{"parentKey":"HRV:1159312507","sourceCountryId":"HRV","syntheticOperational":true,"territoryId":"territory:catalog:7bf5362e4dcdecf50f46dfc69e268302d4e7f9c65c9ffbccd9a31b933c0328a9"},"type":"Feature"},{"geometry":{"coordinates":[[[15.54689098969,43.876569870269],[15.548172757475,43.875765894736],[15.548172757475,43.877455137228],[15.547041,43.87665],[15.54689098969,43.876569870269]]],"type":"Polygon"},"id":94,"properties":{"parentKey":"HRV:1159312439","sourceCountryId":"HRV","syntheticOperational":true,"territoryId":"territory:catalog:025ab8ce74af7c4c3dce5ab220cdcf5986bf600d67d8ec55b2587e576c1a3619"},"type":"Feature"},{"geometry":{"coordinates":[[[18.336162988115,45.122049090953],[18.392913,45.118642],[18.412033,45.112441],[18.419669994912,45.107913669065],[18.516831193477,45.107913669065],[18.511615,45.113732],[18.504018,45.128925],[18.502313,45.139261],[18.502468,45.147477],[18.503398,45.155487],[18.505258,45.161688],[18.508049,45.167476],[18.51239,45.173109],[18.536936,45.193521],[18.486655,45.211608],[18.363148,45.242303],[18.336162988115,45.245323031344],[18.336162988115,45.122049090953]]],"type":"Polygon"},"id":95,"properties":{"parentKey":"HRV:1159312537","sourceCountryId":"HRV","syntheticOperational":true,"territoryId":"territory:catalog:512803c1f0d451bfc7ab24cb7a962f8a692c057942f7ea704812bd4b19ab212e"},"type":"Feature"},{"geometry":{"coordinates":[[[16.50073,45.721964],[16.50166,45.71752],[16.50507,45.715453],[16.512408,45.714678],[16.520935,45.712456],[16.532252,45.706254],[16.540779,45.702844],[16.551941,45.700983],[16.564705,45.697314],[16.587184,45.685015],[16.602377,45.671218],[16.611679,45.66512],[16.616795,45.662846],[16.63545,45.663001],[16.656069,45.659746],[16.723868,45.637318],[16.729139,45.634062],[16.740043,45.624037],[16.747019,45.620678],[16.756476,45.618508],[16.780506,45.616286],[16.783575705731,45.614750899618],[16.783575705731,45.755395683453],[16.701030927835,45.755395683453],[16.509616849014,45.755395683453],[16.511478,45.754003],[16.511478,45.747699],[16.507551,45.741601],[16.50414,45.734366],[16.50073,45.721964]]],"type":"Polygon"},"id":96,"properties":{"parentKey":"HRV:1159312549","sourceCountryId":"HRV","syntheticOperational":true,"territoryId":"territory:catalog:77752d981f018582f1095c784188d2067f066d3bc44022fdc91887f5dde1d26d"},"type":"Feature"},{"geometry":{"coordinates":[[[15.3,44.062507612026],[15.319509,44.045233],[15.33961,44.039374],[15.353929000638,44.028776978417],[15.548172757475,44.028776978417],[15.6,44.028776978417],[15.6,44.244604316547],[15.514644351464,44.244604316547],[15.3,44.244604316547],[15.3,44.062507612026]]],"type":"Polygon"},"id":97,"properties":{"parentKey":"HRV:1159312443","sourceCountryId":"HRV","syntheticOperational":true,"territoryId":"territory:catalog:df2c309b6a477cc930477447582f3d2200908c2deadfbb6b1c77476f45f6746d"},"type":"Feature"},{"geometry":{"coordinates":[[[15.58988,46.113517],[15.603833,46.090986],[15.623605,46.076415],[15.631531,46.070574],[15.643727,46.06551],[15.671735,46.057397],[15.683931,46.051144],[15.69288,46.041636],[15.697987,46.036209],[15.693646,46.025771],[15.681967,46.013523],[15.674319,45.993318],[15.674216,45.993163],[15.675381,45.972486],[15.692924,45.972181],[15.710413595641,45.971223021583],[15.773195876289,45.971223021583],[15.784784902214,45.971223021583],[15.797362,45.977711],[15.814415,45.982207],[15.822476,45.982052],[15.827586206897,45.980440641402],[15.827586206897,46.187050359712],[15.74025974026,46.187050359712],[15.61936457376,46.187050359712],[15.604349,46.167002],[15.589983,46.138684],[15.58988,46.113517]]],"type":"Polygon"},"id":98,"properties":{"parentKey":"HRV:1159312523","sourceCountryId":"HRV","syntheticOperational":true,"territoryId":"territory:catalog:086ba6d0c652173a5c7bbac1cb47ccc7336158fc4552a8f9eff6a244d63317b6"},"type":"Feature"},{"geometry":{"coordinates":[[[17.618270799347,42.828157682161],[17.633474,42.822943],[17.678559,42.81623],[17.72877,42.800767],[17.748871,42.790839],[17.750255,42.785712],[17.748709,42.778144],[17.748709,42.77204],[17.755138,42.770941],[17.761892,42.774319],[17.761892,42.778713],[17.748709,42.803412],[17.739594,42.813056],[17.720958,42.826239],[17.735118,42.821967],[17.7588,42.807603],[17.765391,42.804429],[17.767751,42.802314],[17.773774,42.79857],[17.780121,42.796942],[17.785655,42.805162],[17.792328,42.808539],[17.800059,42.810981],[17.806651,42.811916],[17.834972,42.807196],[17.865082,42.789944],[17.892833,42.790839],[17.880707,42.768744],[17.901622,42.751899],[17.911908646003,42.748013317469],[17.911908646003,42.800352294443],[17.904467,42.804546],[17.869431,42.811807],[17.858475,42.816974],[17.827159,42.853122],[17.825092,42.864542],[17.826229,42.888649],[17.823335,42.898365],[17.81176,42.909863],[17.802665,42.90963],[17.794707,42.904592],[17.786748,42.901388],[17.765458,42.904126],[17.7236,42.916245],[17.701586,42.9195],[17.679468,42.915676],[17.665929,42.90516],[17.653331,42.890937],[17.678722,42.879381],[17.707367,42.88703],[17.713634,42.880805],[17.701915,42.868476],[17.710948,42.856635],[17.741466,42.83926],[17.715994,42.844184],[17.673676,42.875067],[17.658946,42.873358],[17.65268,42.873358],[17.641612,42.884467],[17.622895,42.891303],[17.618270799347,42.892413332668],[17.618270799347,42.828157682161]]],"type":"Polygon"},"id":99,"properties":{"parentKey":"HRV:1159312431","sourceCountryId":"HRV","syntheticOperational":true,"territoryId":"territory:catalog:dc06e6edbfa7a6ef5a9fc395cbd6543c07fc7a2ed9ca14160e08d7c387e6f42d"},"type":"Feature"},{"geometry":{"coordinates":[[[15.472575,44.746881],[15.47273,44.737838],[15.476296,44.729621],[15.486063,44.721198],[15.493039,44.716806],[15.510299,44.708589],[15.516655,44.704662],[15.522236,44.698357],[15.527817,44.6889],[15.531264921816,44.676258992806],[15.566750629723,44.676258992806],[15.619208087616,44.676258992806],[15.619208087616,44.892086330935],[15.563423757276,44.892086330935],[15.566781,44.878553],[15.559495,44.859071],[15.547041,44.849511],[15.527197,44.83902],[15.524872,44.836385],[15.525492,44.833284],[15.531228,44.828789],[15.547196,44.820469],[15.563216,44.815146],[15.574688,44.808583],[15.580889,44.806464],[15.597012,44.803829],[15.600888,44.801297],[15.601973,44.796697],[15.599493,44.789359],[15.596857,44.785845],[15.594067,44.783572],[15.565696,44.771221],[15.556084,44.764916],[15.544871,44.761351],[15.538824,44.758664],[15.533088,44.754995],[15.526267,44.752669],[15.518361,44.751739],[15.482807,44.751997],[15.475366,44.75055],[15.472575,44.746881]]],"type":"Polygon"},"id":100,"properties":{"parentKey":"HRV:1159312443","sourceCountryId":"HRV","syntheticOperational":true,"territoryId":"territory:catalog:7fe108072bdc9e26435f9b792632dd7a26f5228e786ce9353ecc9d21f32d6975"},"type":"Feature"},{"geometry":{"coordinates":[[[15.827586206897,45.980440641402],[15.828213,45.980243],[15.836481,45.976729],[15.849503,45.972853],[15.857566151224,45.971223021583],[16.082474226804,45.971223021583],[16.137931034483,45.971223021583],[16.137931034483,46.187050359712],[16.051948051948,46.187050359712],[16.047483445141,46.187050359712],[16.039569,46.184623],[16.030732,46.184261],[16.01957,46.185398],[16.013056941079,46.187050359712],[15.827586206897,46.187050359712],[15.827586206897,45.980440641402]]],"type":"Polygon"},"id":101,"properties":{"parentKey":"HRV:1159312523","sourceCountryId":"HRV","syntheticOperational":true,"territoryId":"territory:catalog:e26d327668ead4f3c7b1b6e5667141cfe168764b6c9e66be6b2324c114dff820"},"type":"Feature"},{"geometry":{"coordinates":[[[15.264483627204,44.460431654676],[15.514644351464,44.460431654676],[15.566750629723,44.460431654676],[15.566750629723,44.578994160497],[15.562751,44.581672],[15.558668,44.588286],[15.558048,44.592524],[15.5612,44.596193],[15.563681,44.599655],[15.564301,44.602136],[15.563681,44.605133],[15.561355,44.610197],[15.555774,44.630868],[15.551227,44.636139],[15.535724,44.648076],[15.533398,44.654846],[15.532003,44.673553],[15.531264921816,44.676258992806],[15.315922493682,44.676258992806],[15.264483627204,44.676258992806],[15.264483627204,44.460431654676]]],"type":"Polygon"},"id":102,"properties":{"parentKey":"HRV:1159312507","sourceCountryId":"HRV","syntheticOperational":true,"territoryId":"territory:catalog:499949e8779b0fbecd13c56347a9d8a5f8e4e831342745d5a485d369d4b3fa61"},"type":"Feature"},{"geometry":{"coordinates":[[[16.733275412685,46.402877697842],[16.735281900122,46.402877697842],[16.733275412685,46.403736361275],[16.733275412685,46.402877697842]]],"type":"Polygon"},"id":103,"properties":{"parentKey":"HRV:1159312553","sourceCountryId":"HRV","syntheticOperational":true,"territoryId":"territory:catalog:6184f207f816b904fd8d51220609fa7522583df7ac90f68187738a5214c0d2e1"},"type":"Feature"},{"geometry":{"coordinates":[[[17.324632952692,42.789967307637],[17.334483,42.780341],[17.35377,42.766669],[17.37379,42.759996],[17.385916,42.770941],[17.562358704005,42.73381294964],[17.618270799347,42.73381294964],[17.618270799347,42.740839646519],[17.590668,42.742987],[17.593516,42.747219],[17.594412,42.747748],[17.597504,42.749823],[17.574474,42.757514],[17.523692,42.764838],[17.486013,42.782172],[17.43686,42.78262],[17.419932,42.790839],[17.412446,42.784003],[17.403494,42.788764],[17.393321,42.791164],[17.38266,42.791653],[17.371593,42.790839],[17.382009,42.797838],[17.38738,42.800238],[17.392345,42.801703],[17.37379,42.802639],[17.341563,42.793402],[17.324632952692,42.790967272627],[17.324632952692,42.789967307637]]],"type":"Polygon"},"id":104,"properties":{"parentKey":"HRV:1159312431","sourceCountryId":"HRV","syntheticOperational":true,"territoryId":"territory:catalog:07712e6e350ad7dd4bd65e68cfd78423d5904b89ab8961dbbd01c8167d36a0b2"},"type":"Feature"},{"geometry":{"coordinates":[[[15.61936457376,46.187050359712],[15.74025974026,46.187050359712],[15.74025974026,46.211260658742],[15.677975,46.214462],[15.661297,46.21532],[15.639799,46.207672],[15.626571,46.19521],[15.62285,46.191704],[15.61936457376,46.187050359712]]],"type":"Polygon"},"id":105,"properties":{"parentKey":"HRV:1159312523","sourceCountryId":"HRV","syntheticOperational":true,"territoryId":"territory:catalog:b6a992f51af302d3c2d03c46a0e8160692ac9b22812b47951c81c95534d33f32"},"type":"Feature"},{"geometry":{"coordinates":[[[18.419669994912,45.107913669065],[18.429293,45.102209],[18.45183,45.084959],[18.466087,45.074046],[18.481708,45.066921],[18.490788,45.06278],[18.51704,45.055856],[18.541121,45.055287],[18.539261,45.069343],[18.534403,45.081539],[18.534803,45.088412],[18.534456,45.088566],[18.533991,45.088773],[18.516831193477,45.107913669065],[18.419669994912,45.107913669065]]],"type":"Polygon"},"id":106,"properties":{"parentKey":"HRV:1159312537","sourceCountryId":"HRV","syntheticOperational":true,"territoryId":"territory:catalog:da09ac4722635657aac7f6eb128fb4df2b39dc5a4c0c533c48e3e9016024b60a"},"type":"Feature"},{"geometry":{"coordinates":[[[17.304847986853,43.165467625899],[17.427052620859,43.165467625899],[17.42677,43.165713],[17.415195,43.184962],[17.406823,43.205426],[17.400209,43.216045],[17.389667,43.223099],[17.36941,43.232556],[17.328689,43.260358],[17.304847986853,43.286852662219],[17.304847986853,43.165467625899]]],"type":"Polygon"},"id":107,"properties":{"parentKey":"HRV:1159312433","sourceCountryId":"HRV","syntheticOperational":true,"territoryId":"territory:catalog:f2cf2de073741fa263ab5207985c7bf7049fee82baf8c1233be5b2b8659e36ea"},"type":"Feature"},{"geometry":{"coordinates":[[[15.9,44.028776978417],[16.123494710786,44.028776978417],[16.13052,44.033592],[16.141372,44.034729],[16.146584311208,44.028776978417],[16.2,44.028776978417],[16.2,44.244434257764],[16.199926007916,44.244604316547],[16.117154811715,44.244604316547],[15.9,44.244604316547],[15.9,44.028776978417]]],"type":"Polygon"},"id":108,"properties":{"parentKey":"HRV:1159312443","sourceCountryId":"HRV","syntheticOperational":true,"territoryId":"territory:catalog:48b289959d863b603bc4170da340bba392a4dd0dd431e9f70d5017fe92f93403"},"type":"Feature"},{"geometry":{"coordinates":[[[18.030560271647,45.145045788106],[18.035002,45.143344],[18.090296,45.107997],[18.090545395168,45.107913669065],[18.191151342811,45.107913669065],[18.192512,45.108514],[18.199333,45.119004],[18.200057,45.131613],[18.20233,45.144067],[18.213286,45.153782],[18.237884,45.157451],[18.261965,45.150682],[18.30744,45.127531],[18.322323,45.12288],[18.336162988115,45.122049090953],[18.336162988115,45.245323031344],[18.326665,45.246386],[18.299793,45.244215],[18.287701,45.241942],[18.280414,45.238273],[18.275763,45.233105],[18.267857,45.228092],[18.254679,45.22463],[18.223777,45.223028],[18.200988,45.225405],[18.134222,45.242923],[18.12554,45.246696],[18.122439,45.24897],[18.121509,45.249951],[18.120734,45.250572],[18.081615,45.271501],[18.030560271647,45.276857019564],[18.030560271647,45.145045788106]]],"type":"Polygon"},"id":109,"properties":{"parentKey":"HRV:1159312537","sourceCountryId":"HRV","syntheticOperational":true,"territoryId":"territory:catalog:47c6968c7297c381b233ee7614881a1fca473b899b3db54042cb639c2401ad0a"},"type":"Feature"},{"geometry":{"coordinates":[[[14.968265,45.158019],[14.968885,45.15311],[14.970901,45.149803],[14.974533106961,45.147283735449],[14.974533106961,45.160960016792],[14.973071,45.160034],[14.968265,45.158019]]],"type":"Polygon"},"id":110,"properties":{"parentKey":"HRV:1159312525","sourceCountryId":"HRV","syntheticOperational":true,"territoryId":"territory:catalog:94314a2897d36680a410864f587f6bfb4726afbc6051eb17784addb967c7ee73"},"type":"Feature"},{"geometry":{"coordinates":[[[15.566750629723,44.460431654676],[15.593252332219,44.460431654676],[15.594222,44.461886],[15.602128,44.467622],[15.653494,44.494959],[15.637216,44.527412],[15.623109,44.541261],[15.566750629723,44.578994160497],[15.566750629723,44.460431654676]]],"type":"Polygon"},"id":111,"properties":{"parentKey":"HRV:1159312507","sourceCountryId":"HRV","syntheticOperational":true,"territoryId":"territory:catalog:3c8029a03b49dc4d3a13971df13ebaa8685778b4548c56c25e600682e740b60c"},"type":"Feature"},{"geometry":{"coordinates":[[[18.96100388925,45.539568345324],[19.049906640067,45.539568345324],[19.040936,45.545025],[19.036491,45.549469],[19.033391,45.554637],[19.02719,45.562595],[19.018095,45.567401],[19.009206,45.565489],[19.000628,45.561199],[18.983161,45.55474],[18.973136,45.546265],[18.96100388925,45.539568345324]]],"type":"Polygon"},"id":112,"properties":{"parentKey":"HRV:1159312539","sourceCountryId":"HRV","syntheticOperational":true,"territoryId":"territory:catalog:4357b5a1061ba4a1f33bbc81c7b1019e39acef162c2ff865b2038d033a3e462f"},"type":"Feature"},{"geometry":{"coordinates":[[[16.39175257732,45.755395683453],[16.475620188195,45.755395683453],[16.509616849014,45.755395683453],[16.496699,45.765062],[16.454014,45.800616],[16.442387,45.814258],[16.440061,45.820459],[16.437116,45.822526],[16.433705,45.823095],[16.43107,45.822475],[16.429209,45.821493],[16.428124,45.820149],[16.423783,45.813225],[16.422078,45.811778],[16.39175257732,45.811971117417],[16.39175257732,45.755395683453]]],"type":"Polygon"},"id":113,"properties":{"parentKey":"HRV:1159312529","sourceCountryId":"HRV","syntheticOperational":true,"territoryId":"territory:catalog:323396b9c9ed9a880082b1e63ae550b4bd2300bb64371f1b2efabcc71686a47f"},"type":"Feature"},{"geometry":{"coordinates":[[[15.019133195494,45.323741007194],[15.046246436042,45.323741007194],[15.03932,45.327725],[15.033584,45.328603],[15.029243,45.328551],[15.019133195494,45.323741007194]]],"type":"Polygon"},"id":114,"properties":{"parentKey":"HRV:1159312525","sourceCountryId":"HRV","syntheticOperational":true,"territoryId":"territory:catalog:5870ce37f348276bc56b5470a73627f1a2bfb23a3dd50de3cc302e38aa582100"},"type":"Feature"},{"geometry":{"coordinates":[[[17.010309278351,45.927481987849],[17.02292,45.934044],[17.029586,45.935594],[17.037183,45.935956],[17.050515,45.934768],[17.058577,45.930892],[17.06669,45.924381],[17.080177,45.909653],[17.086069,45.904537],[17.09165,45.900868],[17.105602,45.893478],[17.14038,45.870275],[17.133714,45.888517],[17.132319,45.893633],[17.133094,45.896992],[17.137745,45.903865],[17.137435,45.906242],[17.133094,45.911565],[17.135109,45.915854],[17.141621,45.921642],[17.157744,45.933631],[17.187096,45.96536],[17.192522,45.969597],[17.195285869643,45.971223021583],[17.068965517241,45.971223021583],[17.010309278351,45.971223021583],[17.010309278351,45.927481987849]]],"type":"Polygon"},"id":115,"properties":{"parentKey":"HRV:1159312551","sourceCountryId":"HRV","syntheticOperational":true,"territoryId":"territory:catalog:15fb46ebdd7c88ed8e2d4313d5987b440da568a51f01d6bdb1486ce1cf33544c"},"type":"Feature"},{"geometry":{"coordinates":[[[17.113752122241,45.249706918365],[17.114749,45.250417],[17.119865,45.253052],[17.13542,45.263284],[17.147202,45.277702],[17.150767,45.281112],[17.153713,45.282404],[17.165495,45.285918],[17.171386,45.286745],[17.180068,45.287055],[17.192367,45.288605],[17.198878,45.292223],[17.200584,45.2946],[17.199653,45.297649],[17.196553,45.300181],[17.182548,45.309173],[17.178053,45.314134],[17.179345,45.317544],[17.182755,45.320438],[17.188181,45.323539],[17.188289589078,45.323741007194],[17.113752122241,45.323741007194],[17.113752122241,45.249706918365]]],"type":"Polygon"},"id":116,"properties":{"parentKey":"HRV:1159312529","sourceCountryId":"HRV","syntheticOperational":true,"territoryId":"territory:catalog:64ebe1ff1f03b35a6e97f214598b5de858aaa6c4b654fdbcd027ba6bd2ba5a70"},"type":"Feature"},{"geometry":{"coordinates":[[[15.249169435216,43.848143941099],[15.261241,43.839789],[15.288422,43.825507],[15.301364322493,43.812949640288],[15.34058116946,43.812949640288],[15.266368,43.857001],[15.261241,43.867092],[15.249169435216,43.875139709856],[15.249169435216,43.848143941099]]],"type":"Polygon"},"id":117,"properties":{"parentKey":"HRV:1159312439","sourceCountryId":"HRV","syntheticOperational":true,"territoryId":"territory:catalog:bde8c9195f13bd983ba6535a6e97818038766de87e1ac45ca28a95451895d7ac"},"type":"Feature"},{"geometry":{"coordinates":[[[18.865979381443,45.858066975599],[18.887146,45.859476],[18.899755,45.861388],[18.90699,45.867951],[18.903993,45.875702],[18.893451,45.883867],[18.872884,45.895236],[18.881979,45.902626],[18.889834,45.907897],[18.90699,45.9157],[18.901306,45.931203],[18.886526,45.930428],[18.876604,45.922418],[18.865979381443,45.918285992371],[18.865979381443,45.858066975599]]],"type":"Polygon"},"id":118,"properties":{"parentKey":"HRV:1159312539","sourceCountryId":"HRV","syntheticOperational":true,"territoryId":"territory:catalog:fa548966bbf45467f01c1af3f1b08178199d431d286b3caf6d9aec3d479091f8"},"type":"Feature"},{"geometry":{"coordinates":[[[15.857566151224,45.971223021583],[15.911877,45.960244],[15.919628,45.957092],[15.925829,45.952906],[15.935286,45.940969],[15.939472,45.933837],[15.950376,45.926913],[15.951926,45.924226],[15.952236,45.918645],[15.955802,45.9142],[15.965568,45.911048],[16.082474226804,45.954990167466],[16.082474226804,45.971223021583],[15.857566151224,45.971223021583]]],"type":"Polygon"},"id":119,"properties":{"parentKey":"HRV:1159312523","sourceCountryId":"HRV","syntheticOperational":true,"territoryId":"territory:catalog:f240a8d11d72b46b0525b7351fce0db34497a44463d1d59eaec13f32d8f16d79"},"type":"Feature"},{"geometry":{"coordinates":[[[15.531264921816,44.676258992806],[15.532003,44.673553],[15.533398,44.654846],[15.535724,44.648076],[15.551227,44.636139],[15.555774,44.630868],[15.561355,44.610197],[15.563681,44.605133],[15.564301,44.602136],[15.563681,44.599655],[15.5612,44.596193],[15.558048,44.592524],[15.558668,44.588286],[15.562751,44.581672],[15.566750629723,44.578994160497],[15.566750629723,44.676258992806],[15.531264921816,44.676258992806]]],"type":"Polygon"},"id":120,"properties":{"parentKey":"HRV:1159312443","sourceCountryId":"HRV","syntheticOperational":true,"territoryId":"territory:catalog:48e21e16037e1cff5f4ca25de865f3823dba1e833afedfbf892314ebbc86a6a1"},"type":"Feature"},{"geometry":{"coordinates":[[[16.783575705731,45.614750899618],[16.786707,45.613185],[16.790738,45.609051],[16.805052,45.582696],[16.809393,45.576185],[16.817299,45.566625],[16.823346,45.563059],[16.832027,45.560579],[16.835593,45.559132],[16.837918,45.557323],[16.847685,45.546006],[16.85461242989,45.539568345324],[16.940673092661,45.539568345324],[16.944217,45.546988],[16.95941,45.542905],[16.96096,45.539856],[16.961045698233,45.539568345324],[17.033248081841,45.539568345324],[17.091531223268,45.539568345324],[17.091531223268,45.755395683453],[17.010309278351,45.755395683453],[16.783575705731,45.755395683453],[16.783575705731,45.614750899618]]],"type":"Polygon"},"id":121,"properties":{"parentKey":"HRV:1159312549","sourceCountryId":"HRV","syntheticOperational":true,"territoryId":"territory:catalog:1cb931b7c86bd9f8cca6470bc1e9c548f28595818b2728530a1b27c1b5a14875"},"type":"Feature"},{"geometry":{"coordinates":[[[16.688741721854,43.597122302158],[16.76834295136,43.597122302158],[16.97195017149,43.597122302158],[16.82381,43.707307],[16.712602,43.771515],[16.698236,43.788078],[16.689761,43.809317],[16.688979831158,43.812949640288],[16.688741721854,43.812949640288],[16.688741721854,43.597122302158]]],"type":"Polygon"},"id":122,"properties":{"parentKey":"HRV:1159312433","sourceCountryId":"HRV","syntheticOperational":true,"territoryId":"territory:catalog:978c4c564d158744e715bc76c87c07e344cdf3b3845b2448b7984dfdf9b921da"},"type":"Feature"},{"geometry":{"coordinates":[[[15.805626598465,45.323741007194],[15.891341256367,45.323741007194],[16.112531969309,45.323741007194],[16.112531969309,45.539568345324],[16.098561988254,45.539568345324],[16.099462,45.538771],[16.101943,45.533293],[16.101788,45.518514],[16.103338,45.514483],[16.106904,45.511331],[16.108764,45.509315],[16.110779,45.50637],[16.109074,45.50451],[16.106128,45.503734],[16.093571,45.504613],[16.081324,45.502443],[16.074502,45.499652],[16.046545,45.475881],[16.037244,45.48203],[16.032903,45.483891],[16.025306,45.485648],[16.01523,45.486113],[16.007426,45.485234],[15.999985,45.481152],[15.992078,45.475312],[15.977816,45.472729],[15.935906,45.474796],[15.92769,45.484201],[15.92831,45.496396],[15.928775,45.500014],[15.928465,45.503114],[15.922884,45.511279],[15.902317,45.527661],[15.902265,45.527712],[15.874773,45.531071],[15.871827,45.532415],[15.868262,45.534792],[15.868882,45.537944],[15.868813378162,45.539568345324],[15.859709153122,45.539568345324],[15.83207598057,45.539568345324],[15.812865,45.523423],[15.827127,45.484304],[15.832398,45.478723],[15.837411,45.471643],[15.842527,45.465907],[15.841752,45.461205],[15.838031,45.455572],[15.836274,45.451283],[15.83462,45.44441],[15.837204,45.436348],[15.83462,45.431077],[15.824492,45.41666],[15.824337,45.407203],[15.820926,45.402139],[15.814105,45.398676],[15.805626598465,45.396638538238],[15.805626598465,45.323741007194]]],"type":"Polygon"},"id":123,"properties":{"parentKey":"HRV:1159312529","sourceCountryId":"HRV","syntheticOperational":true,"territoryId":"territory:catalog:93d9e367c63f7c7ef41bdae5249a6da4459cc78834febda6a13d701e7faec5ec"},"type":"Feature"},{"geometry":{"coordinates":[[[17.938144329897,45.755395683453],[18.015397775877,45.755395683453],[18.247422680412,45.755395683453],[18.247422680412,45.771993285044],[18.229822,45.781238],[18.211219,45.785372],[18.12895,45.785372],[18.120165,45.783408],[18.102905,45.774623],[18.092053,45.771729],[18.080477,45.771729],[17.975367,45.792141],[17.938144329897,45.792141],[17.938144329897,45.755395683453]]],"type":"Polygon"},"id":124,"properties":{"parentKey":"HRV:1159312539","sourceCountryId":"HRV","syntheticOperational":true,"territoryId":"territory:catalog:4564082fdfdd382a8949e74e481611f4d93f104e7e80fc0d2b9b596d78a6556d"},"type":"Feature"},{"geometry":{"coordinates":[[[14.92385786802,44.892086330935],[15.012636899747,44.892086330935],[15.228426395939,44.892086330935],[15.228426395939,45.09548040736],[15.225562,45.098488],[15.221531,45.101588],[15.212953,45.107014],[15.21192637448,45.107913669065],[15.160991753493,45.107913669065],[15.159106,45.106601],[15.125465,45.105257],[15.108876035828,45.107913669065],[15.01965038507,45.107913669065],[15.027228,45.097403],[15.027383,45.091977],[15.026298,45.085],[15.022577,45.077042],[15.018856,45.07389],[15.012655,45.07234],[14.995395,45.071409],[14.96749,45.07327],[14.951677,45.071719],[14.947646,45.072701],[14.944701,45.07389],[14.939585,45.077921],[14.934262,45.078851],[14.92651,45.077559],[14.92385786802,45.076372719994],[14.92385786802,44.892086330935]]],"type":"Polygon"},"id":125,"properties":{"parentKey":"HRV:1159312507","sourceCountryId":"HRV","syntheticOperational":true,"territoryId":"territory:catalog:0e10d25e3a72236cc7140f4496d52c05dca5af336d01aa47f1d897ac396be695"},"type":"Feature"},{"geometry":{"coordinates":[[[16.558732132404,46.187050359712],[16.675324675325,46.187050359712],[16.675324675325,46.203439993357],[16.663975,46.20085],[16.66041,46.2024],[16.657154,46.209118],[16.653899,46.211908],[16.648938,46.213097],[16.632349,46.21196],[16.596021,46.203123],[16.558732132404,46.187050359712]]],"type":"Polygon"},"id":126,"properties":{"parentKey":"HRV:1159312551","sourceCountryId":"HRV","syntheticOperational":true,"territoryId":"territory:catalog:d11759d52b764df2ba3c392d844afa688a6f7599393648252225b77c91fdd1fc"},"type":"Feature"},{"geometry":{"coordinates":[[[14.010152284264,44.905171487886],[14.01059,44.90526],[14.020518,44.901109],[14.021739,44.905097],[14.021495,44.907375],[14.022716,44.908271],[14.027843,44.908637],[14.027843,44.915432],[14.022634,44.9206],[14.022472,44.923489],[14.026622,44.924058],[14.034679,44.922309],[14.039073,44.93183],[14.040212,44.941067],[14.038748,44.949408],[14.034679,44.956366],[14.040294,44.956366],[14.044444,44.951402],[14.050792,44.956488],[14.064789,44.976142],[14.075694,44.98371],[14.071544,44.993354],[14.064138,44.995754],[14.054698,44.996527],[14.044281,45.00141],[14.039887,45.009426],[14.044119,45.027167],[14.040294,45.038967],[14.051931,45.038031],[14.053071,45.033149],[14.051524,45.026028],[14.054535,45.018459],[14.075694,45.004828],[14.083832,44.986396],[14.0796,44.977932],[14.071625,44.969062],[14.068858,44.94953],[14.075694,44.94953],[14.080414,44.957261],[14.089692,44.966498],[14.101329,44.97427],[14.113292,44.977484],[14.124197,44.975409],[14.131847,44.972073],[14.139903,44.97134],[14.151378,44.977484],[14.163748,44.995754],[14.166189,45.018948],[14.159434,45.040351],[14.143891,45.053209],[14.143891,45.059394],[14.147472,45.057278],[14.154307,45.054999],[14.158214,45.053209],[14.154063,45.071967],[14.154307,45.078925],[14.158214,45.087348],[14.164399,45.079901],[14.180431,45.091457],[14.193126,45.105618],[14.193462822822,45.107913669065],[14.057724957555,45.107913669065],[14.010152284264,45.107913669065],[14.010152284264,44.905171487886]]],"type":"Polygon"},"id":127,"properties":{"parentKey":"HRV:1159312535","sourceCountryId":"HRV","syntheticOperational":true,"territoryId":"territory:catalog:8bdb1940e63ce44d190c0621e4398f36bf1c673ebd9e5703bb02b0cdd33b4205"},"type":"Feature"},{"geometry":{"coordinates":[[[16.953316953317,42.94964028777],[17.030995106036,42.94964028777],[17.152829941447,42.94964028777],[17.148692,42.952582],[17.131847,42.96955],[17.111095,42.964301],[17.032074,42.982611],[16.953316953317,42.977138907196],[16.953316953317,42.94964028777]]],"type":"Polygon"},"id":128,"properties":{"parentKey":"HRV:1159312431","sourceCountryId":"HRV","syntheticOperational":true,"territoryId":"territory:catalog:e767dcf92186014077fa17cc0e2569528df73a5fab778caf86d327f3a40fc9b9"},"type":"Feature"},{"geometry":{"coordinates":[[[15.773195876289,45.86857240288],[15.774521,45.869345],[15.781394,45.871722],[15.806353,45.874823],[15.81426,45.877975],[15.819531,45.885262],[15.820461,45.892031],[15.819376,45.899059],[15.817515,45.905054],[15.81674,45.91017],[15.820616,45.913684],[15.828678,45.915544],[15.847023,45.91482],[15.86144,45.915441],[15.913582,45.923502],[15.939472,45.933837],[15.935286,45.940969],[15.925829,45.952906],[15.919628,45.957092],[15.911877,45.960244],[15.857566151224,45.971223021583],[15.827586206897,45.971223021583],[15.784784902214,45.971223021583],[15.784339,45.970993],[15.773195876289,45.969544447827],[15.773195876289,45.86857240288]]],"type":"Polygon"},"id":129,"properties":{"parentKey":"HRV:1159312531","sourceCountryId":"HRV","syntheticOperational":true,"territoryId":"territory:catalog:7585432190bd95326e4cdd9f8c959190816afc6f2714c5c8967f6daca84ffc37"},"type":"Feature"},{"geometry":{"coordinates":[[[15.548172757475,43.875765894736],[15.574067,43.859524],[15.638845,43.836127],[15.665782,43.819281],[15.666759,43.819973],[15.668956,43.82099],[15.673025,43.821234],[15.678884,43.819281],[15.678884,43.812949640288],[15.794701986755,43.812949640288],[15.847176079734,43.812949640288],[15.847176079734,43.936893314808],[15.838651,43.939127],[15.826197,43.939541],[15.805888,43.937008],[15.800307,43.938042],[15.786355,43.943675],[15.781704,43.943881],[15.778293,43.942641],[15.77297,43.93737],[15.772505,43.93489],[15.774521,43.931582],[15.786045,43.922746],[15.787595,43.92104],[15.78775,43.91887],[15.78589,43.915098],[15.782634,43.910602],[15.777466,43.905951],[15.77142,43.90192],[15.762583,43.898613],[15.757623,43.896029],[15.754677,43.892877],[15.753902,43.890138],[15.752972,43.884608],[15.750956,43.879182],[15.746925,43.874222],[15.739949,43.869209],[15.733438,43.868382],[15.727547,43.869054],[15.707651,43.876495],[15.685482,43.889466],[15.681762,43.889414],[15.678041,43.887864],[15.644038,43.866263],[15.638457,43.863783],[15.633186,43.863731],[15.629,43.86585],[15.597477,43.886624],[15.575153,43.896649],[15.548172757475,43.877455137228],[15.548172757475,43.875765894736]]],"type":"Polygon"},"id":130,"properties":{"parentKey":"HRV:1159312439","sourceCountryId":"HRV","syntheticOperational":true,"territoryId":"territory:catalog:bacc59381bdf4b6ca893bd1f69a8c4ccc79195753c99167230fdb50694f0b0b1"},"type":"Feature"},{"geometry":{"coordinates":[[[16.82675848398,42.73381294964],[16.834321,42.730943],[16.847667,42.733588],[16.847918252401,42.73381294964],[16.82675848398,42.73381294964]]],"type":"Polygon"},"id":131,"properties":{"parentKey":"HRV:1159312431","sourceCountryId":"HRV","syntheticOperational":true,"territoryId":"territory:catalog:765e7fb390888edaaf6fd3e42846ec1d5306f1fa4f5b4a426c894d9dd7565283"},"type":"Feature"},{"geometry":{"coordinates":[[[17.009038619556,43.302385382807],[17.028168,43.284247],[17.0324,43.282375],[17.045095,43.279771],[17.04949,43.278022],[17.051117,43.274237],[17.054454,43.261217],[17.056326,43.256985],[17.066661,43.244859],[17.073497,43.238959],[17.080089,43.236518],[17.09018,43.235175],[17.100271,43.231676],[17.107758,43.226386],[17.113943,43.213202],[17.121349,43.208808],[17.138031,43.202338],[17.172374,43.18183],[17.215519210037,43.165467625899],[17.248157248157,43.165467625899],[17.304847986853,43.165467625899],[17.304847986853,43.286852662219],[17.289931,43.30343],[17.267607,43.353324],[17.273866623012,43.381294964029],[17.065127782358,43.381294964029],[17.009038619556,43.381294964029],[17.009038619556,43.302385382807]]],"type":"Polygon"},"id":132,"properties":{"parentKey":"HRV:1159312433","sourceCountryId":"HRV","syntheticOperational":true,"territoryId":"territory:catalog:c2d25bae9d1e4784f313c2151fe1d82472a661eebb02ce2c4cc6371ee3f85b8d"},"type":"Feature"},{"geometry":{"coordinates":[[[15.268556,45.601662],[15.269589,45.593446],[15.276721,45.582697],[15.282179,45.571494],[15.282612,45.570605],[15.288606,45.54456],[15.290469002639,45.539568345324],[15.498721227622,45.539568345324],[15.551753635586,45.539568345324],[15.551753635586,45.608415759544],[15.531073,45.619283],[15.51371,45.632357],[15.511694,45.636078],[15.511384,45.638558],[15.512159,45.641814],[15.5134,45.644966],[15.51309,45.647292],[15.507664,45.649824],[15.473816,45.661813],[15.463274,45.668117],[15.448236,45.679021],[15.440639,45.688271],[15.435782,45.691785],[15.430511,45.69411],[15.420899,45.695299],[15.382865,45.690441],[15.364572,45.675507],[15.350154,45.669667],[15.350034,45.669619],[15.351962,45.668066],[15.368291,45.649049],[15.373769,45.640213],[15.353099,45.640316],[15.339146,45.636905],[15.326744,45.632255],[15.297391,45.625692],[15.291604,45.61825],[15.287883,45.610344],[15.281062,45.606158],[15.268556,45.601662]]],"type":"Polygon"},"id":133,"properties":{"parentKey":"HRV:1159312525","sourceCountryId":"HRV","syntheticOperational":true,"territoryId":"territory:catalog:5d9a646633f54205a8e7ff2a1eaa29b5248d4bea5ce28052d3a26e61dac720bf"},"type":"Feature"},{"geometry":{"coordinates":[[[15.514644351464,44.357932039743],[15.545956,44.330473],[15.553707,44.347061],[15.558358,44.349386],[15.566316,44.351918],[15.576238,44.352797],[15.589106,44.356621],[15.599958,44.364217],[15.615977,44.379307],[15.624504,44.390056],[15.63086,44.401528],[15.634736,44.411346],[15.635511,44.418064],[15.633961,44.421682],[15.630395,44.423749],[15.626674,44.425506],[15.622954,44.427624],[15.620318,44.430467],[15.619078,44.434084],[15.618148,44.437856],[15.615822,44.440388],[15.611482,44.442249],[15.606159,44.443851],[15.601818,44.445763],[15.598097,44.447985],[15.593757,44.452067],[15.591121,44.457235],[15.593252332219,44.460431654676],[15.566750629723,44.460431654676],[15.514644351464,44.460431654676],[15.514644351464,44.357932039743]]],"type":"Polygon"},"id":134,"properties":{"parentKey":"HRV:1159312507","sourceCountryId":"HRV","syntheticOperational":true,"territoryId":"territory:catalog:077f04c197161a8b6bcf41d20259e0368f4c0cf627dffaa2231ffcf69c630e74"},"type":"Feature"},{"geometry":{"coordinates":[[[18.075724,45.34824],[18.076964,45.345139],[18.085232,45.342607],[18.093914,45.33899],[18.096705,45.336561],[18.09934,45.332685],[18.101665,45.327828],[18.103070990006,45.323741007194],[18.260869565217,45.323741007194],[18.260869565217,45.439438652459],[18.237574,45.426323],[18.231683,45.424825],[18.211375,45.421621],[18.185898,45.421362],[18.174271,45.418468],[18.162954,45.412526],[18.128951,45.388858],[18.124455,45.384259],[18.111587,45.367464],[18.106316,45.36333],[18.101045,45.361211],[18.094069,45.360281],[18.090038,45.359299],[18.086628,45.358007],[18.083372,45.356353],[18.080581,45.354648],[18.078101,45.352581],[18.075879,45.350565],[18.075724,45.34824]]],"type":"Polygon"},"id":135,"properties":{"parentKey":"HRV:1159312539","sourceCountryId":"HRV","syntheticOperational":true,"territoryId":"territory:catalog:3b6be6f16da7f739689d1e949de2ef5b28731cdcfece3c8f8af47bdbb45920a5"},"type":"Feature"},{"geometry":{"coordinates":[[[16.045414072387,43.597122302158],[16.092715231788,43.597122302158],[16.092715231788,43.61921046229],[16.091711,43.618268],[16.085354,43.616821],[16.080704,43.616563],[16.075278,43.618423],[16.070162,43.618371],[16.06427,43.616046],[16.052902,43.607106],[16.048406,43.602507],[16.045414072387,43.597122302158]]],"type":"Polygon"},"id":136,"properties":{"parentKey":"HRV:1159312433","sourceCountryId":"HRV","syntheticOperational":true,"territoryId":"territory:catalog:c1d306562b17651732aa42e81896f4f2f643e3236672d40efb5a8711b85ea949"},"type":"Feature"},{"geometry":{"coordinates":[[[15.213389121339,44.326361],[15.227061,44.326361],[15.215831,44.338121],[15.213389121339,44.339929746088],[15.213389121339,44.326361]]],"type":"Polygon"},"id":137,"properties":{"parentKey":"HRV:1159312507","sourceCountryId":"HRV","syntheticOperational":true,"territoryId":"territory:catalog:df881599d173f407ab5503745e4fbc8a990fbae9a99340683935345267f1d2af"},"type":"Feature"},{"geometry":{"coordinates":[[[16.525745662404,45.971223021583],[16.545275,45.957092],[16.551166,45.953629],[16.58951,45.937972],[16.595711,45.933837],[16.599587,45.930065],[16.601137,45.926964],[16.603772,45.925724],[16.607648,45.925414],[16.616175,45.927171],[16.622273,45.927119],[16.630334,45.923812],[16.63452,45.921022],[16.640876,45.919626],[16.648473,45.92035],[16.678083,45.929083],[16.692553,45.924226],[16.693483,45.96598],[16.694775514267,45.971223021583],[16.525745662404,45.971223021583]]],"type":"Polygon"},"id":138,"properties":{"parentKey":"HRV:1159312551","sourceCountryId":"HRV","syntheticOperational":true,"territoryId":"territory:catalog:59b5802ea3a60931978e848c2483bf7db7d7d8cbdfb6a070e37da924875a3e83"},"type":"Feature"},{"geometry":{"coordinates":[[[15.827586206897,45.971223021583],[15.857566151224,45.971223021583],[15.849503,45.972853],[15.836481,45.976729],[15.828213,45.980243],[15.827586206897,45.980440641402],[15.827586206897,45.971223021583]]],"type":"Polygon"},"id":139,"properties":{"parentKey":"HRV:1159312531","sourceCountryId":"HRV","syntheticOperational":true,"territoryId":"territory:catalog:7e111ea5cdc62bcc4c86ebf73ec789849b19141b15eb4b6015d25bee8f7baed4"},"type":"Feature"},{"geometry":{"coordinates":[[[18.516831193477,45.107913669065],[18.533991,45.088773],[18.534456,45.088566],[18.534803,45.088412],[18.53492,45.090427],[18.549596,45.094768],[18.557658,45.094406],[18.573781,45.091564],[18.578680203046,45.091438192404],[18.578680203046,45.107913669065],[18.516831193477,45.107913669065]]],"type":"Polygon"},"id":140,"properties":{"parentKey":"HRV:1159312543","sourceCountryId":"HRV","syntheticOperational":true,"territoryId":"territory:catalog:bc479760bc10ea3b54eebf3bf813b5a6ef9c1621dba884e9b8aa9f680b0dd760"},"type":"Feature"},{"geometry":{"coordinates":[[[15.110362,44.26435],[15.131521,44.254625],[15.142237967491,44.244604316547],[15.213389121339,44.244604316547],[15.213389121339,44.294340422916],[15.19809,44.301663],[15.201182,44.297512],[15.206554,44.285386],[15.199067,44.285386],[15.194591,44.288804],[15.194184,44.288642],[15.193044,44.286851],[15.185395,44.285386],[15.207774,44.272773],[15.197927,44.25731],[15.176606,44.249945],[15.16505,44.261217],[15.157563,44.280341],[15.140636,44.282457],[15.122244,44.274807],[15.110362,44.26435]]],"type":"Polygon"},"id":141,"properties":{"parentKey":"HRV:1159312443","sourceCountryId":"HRV","syntheticOperational":true,"territoryId":"territory:catalog:8960154e29c94d520b42662f8c8a3335b4c9a5602337a2825f20ac63e70e1705"},"type":"Feature"},{"geometry":{"coordinates":[[[14.57800511509,45.323741007194],[14.668930390492,45.323741007194],[14.884910485934,45.323741007194],[14.884910485934,45.473802948991],[14.881603,45.469784],[14.838815,45.458983],[14.797164,45.465185],[14.781454,45.493142],[14.781351,45.493193],[14.781247,45.493348],[14.781144,45.493348],[14.688333,45.522029],[14.668489,45.533966],[14.668179,45.539134],[14.668265362783,45.539568345324],[14.627887082977,45.539568345324],[14.57800511509,45.539568345324],[14.57800511509,45.323741007194]]],"type":"Polygon"},"id":142,"properties":{"parentKey":"HRV:1159312505","sourceCountryId":"HRV","syntheticOperational":true,"territoryId":"territory:catalog:92a195ed7981f3fd3f8a80e1d29aeadbe40a03b11f7c11da9140e9934036451d"},"type":"Feature"},{"geometry":{"coordinates":[[[18.874680306905,45.323741007194],[18.947368421053,45.323741007194],[19.097731908261,45.323741007194],[19.096229,45.329121],[19.082956,45.339224],[19.067199,45.343425],[19.052943,45.345395],[19.03024,45.345137],[19.014162,45.353423],[19.007523,45.359534],[18.996434,45.362088],[18.995688,45.36226],[18.977491,45.371209],[18.975527,45.39113],[18.997352,45.399775],[19.02262,45.402392],[19.031319,45.416201],[19.016433,45.433558],[19.002282,45.443686],[18.986779,45.435315],[18.952776,45.430302],[18.94363,45.430612],[18.938514,45.432473],[18.937428,45.434695],[18.935878,45.436917],[18.934173,45.438984],[18.929212,45.443221],[18.926111,45.445133],[18.914742,45.450043],[18.911642,45.451903],[18.909316,45.454177],[18.907766,45.456657],[18.906061,45.46136],[18.904976,45.463582],[18.90141,45.466889],[18.895519,45.471075],[18.882186,45.478103],[18.874680306905,45.480216715373],[18.874680306905,45.323741007194]]],"type":"Polygon"},"id":143,"properties":{"parentKey":"HRV:1159312543","sourceCountryId":"HRV","syntheticOperational":true,"territoryId":"territory:catalog:481de4009b863296eb275e90e73c85fa7e895e3accefcacf9c90d4598345503b"},"type":"Feature"},{"geometry":{"coordinates":[[[15.241170630724,44.028776978417],[15.241873,44.027777],[15.249169435216,44.022020548118],[15.249169435216,44.028776978417],[15.241170630724,44.028776978417]]],"type":"Polygon"},"id":144,"properties":{"parentKey":"HRV:1159312443","sourceCountryId":"HRV","syntheticOperational":true,"territoryId":"territory:catalog:35698e68cbb290e81a0f0feb6a815b9e36eaf6dfc6695d32762f8b71f3cbfbb7"},"type":"Feature"},{"geometry":{"coordinates":[[[16.211436,43.490058],[16.218272,43.486314],[16.230642,43.483222],[16.24643,43.481431],[16.2588,43.483547],[16.267345,43.486884],[16.281993,43.487942],[16.333344,43.481391],[16.370779,43.48432],[16.375255,43.49018],[16.334158,43.501532],[16.310313,43.507758],[16.264415,43.512885],[16.248057,43.508287],[16.252208,43.499945],[16.2435,43.49494],[16.229991,43.496161],[16.223318,43.497382],[16.218923,43.497748],[16.211762,43.495551],[16.211436,43.490058]]],"type":"Polygon"},"id":145,"properties":{"parentKey":"HRV:1159312433","sourceCountryId":"HRV","syntheticOperational":true,"territoryId":"territory:catalog:9fa75c1ef63e75f0ea9d6091aadc19a478d1c535401e7a7dac7f69d8073d31dd"},"type":"Feature"},{"geometry":{"coordinates":[[[16.108998786968,45.107913669065],[16.121527,45.096163],[16.142131979695,45.081588108714],[16.142131979695,45.107913669065],[16.108998786968,45.107913669065]]],"type":"Polygon"},"id":146,"properties":{"parentKey":"HRV:1159312529","sourceCountryId":"HRV","syntheticOperational":true,"territoryId":"territory:catalog:9d3e8dc01e1388e9509d832828bcf946e83887f23ef3c149c4d0d1aab0b2709a"},"type":"Feature"},{"geometry":{"coordinates":[[[16.146179401993,43.812949640288],[16.390728476821,43.812949640288],[16.426177534539,43.812949640288],[16.432,43.818773],[16.432,43.825439],[16.426729,43.831537],[16.38668,43.865798],[16.377843,43.871224],[16.370402,43.874945],[16.34291,43.884815],[16.339706,43.890603],[16.337329,43.895874],[16.350868,43.926208],[16.344512,43.936337],[16.340119,43.938197],[16.330973,43.940884],[16.324616,43.941194],[16.318725,43.940884],[16.313764,43.93923],[16.303377,43.933598],[16.231185,43.918353],[16.209946,43.91794],[16.191653,43.920472],[16.170104,43.92688],[16.159665,43.935716],[16.154084,43.944501],[16.153309,43.952356],[16.153774,43.972303],[16.155169,43.982225],[16.155479,43.986669],[16.154084,43.999899],[16.153309,44.002276],[16.151139,44.006668],[16.150518,44.007237],[16.149898,44.008322],[16.149123,44.009924],[16.148503,44.012714],[16.148503,44.015505],[16.149433,44.017934],[16.149743,44.021964],[16.148658,44.026409],[16.146584311208,44.028776978417],[16.146179401993,44.028776978417],[16.146179401993,43.812949640288]]],"type":"Polygon"},"id":147,"properties":{"parentKey":"HRV:1159312439","sourceCountryId":"HRV","syntheticOperational":true,"territoryId":"territory:catalog:01109ec7ff66a627c8bde28e1c2c7a7e697f8d9b9586a5ac6d17a373462ed03a"},"type":"Feature"},{"geometry":{"coordinates":[[[18.343558224361,45.755395683453],[18.370280724366,45.755395683453],[18.367178,45.75819],[18.351158,45.758397],[18.343558224361,45.755395683453]]],"type":"Polygon"},"id":148,"properties":{"parentKey":"HRV:1159312539","sourceCountryId":"HRV","syntheticOperational":true,"territoryId":"territory:catalog:ce63a8bff82899ab9d03ca2a38f31dba9365c0638d4740cfb434e41562d1c48a"},"type":"Feature"},{"geometry":{"coordinates":[[[14.738129,44.272121],[14.748546,44.261664],[14.759939,44.259833],[14.765961,44.265041],[14.775401,44.266588],[14.789724,44.266913],[14.791677,44.272528],[14.773448,44.285142],[14.759776,44.29206],[14.753184,44.291002],[14.753184,44.283515],[14.749685,44.280219],[14.739594,44.280178],[14.738129,44.272121]]],"type":"Polygon"},"id":149,"properties":{"parentKey":"HRV:1159312443","sourceCountryId":"HRV","syntheticOperational":true,"territoryId":"territory:catalog:8f6a219b6dc0aba4480d2ed8a53bcc09c5073eba0d733b971d1f189ba65d92e0"},"type":"Feature"},{"geometry":{"coordinates":[[[17.316316729459,45.755395683453],[17.320525,45.75235],[17.321765,45.750541],[17.323625,45.750541],[17.353287,45.75483],[17.357938,45.75359],[17.362279,45.750283],[17.365845,45.742428],[17.367085,45.73695],[17.36631,45.732248],[17.361039,45.72491],[17.359644,45.721396],[17.362279,45.717623],[17.36631,45.713696],[17.385223,45.702534],[17.397316,45.702844],[17.399486740804,45.703884082824],[17.399486740804,45.755395683453],[17.319587628866,45.755395683453],[17.316316729459,45.755395683453]]],"type":"Polygon"},"id":150,"properties":{"parentKey":"HRV:1159312547","sourceCountryId":"HRV","syntheticOperational":true,"territoryId":"territory:catalog:f5a14192297a99cd56647e68412f37f5132a38423e1c15417ef0aa867953f1a7"},"type":"Feature"},{"geometry":{"coordinates":[[[15.544115944223,44.892086330935],[15.566781,44.878553],[15.563423757276,44.892086330935],[15.544115944223,44.892086330935]]],"type":"Polygon"},"id":151,"properties":{"parentKey":"HRV:1159312525","sourceCountryId":"HRV","syntheticOperational":true,"territoryId":"territory:catalog:4492e5eadb40b2edc4f520d3d9c1835945321cc36a18ca01a08513e41a33897b"},"type":"Feature"},{"geometry":{"coordinates":[[[16.71322925226,43.265590402644],[16.813162,43.267768],[16.846202,43.273383],[16.864431,43.291693],[16.872325,43.287991],[16.879568,43.293931],[16.892345,43.312201],[16.885102,43.321967],[16.877696,43.323432],[16.868988,43.322577],[16.858165,43.325181],[16.839366,43.340888],[16.830333,43.346381],[16.824229,43.34101],[16.816254,43.340237],[16.806814,43.342475],[16.796153,43.346381],[16.809825,43.346381],[16.809825,43.353176],[16.71322925226,43.372032225071],[16.71322925226,43.265590402644]]],"type":"Polygon"},"id":152,"properties":{"parentKey":"HRV:1159312433","sourceCountryId":"HRV","syntheticOperational":true,"territoryId":"territory:catalog:6bd28e4a53182efbdfe5ae595ee86b819325872ddc6b6caa9d76ccb93967c9c4"},"type":"Feature"},{"geometry":{"coordinates":[[[15.805626598465,45.52204457446],[15.812865,45.523423],[15.83207598057,45.539568345324],[15.805626598465,45.539568345324],[15.805626598465,45.52204457446]]],"type":"Polygon"},"id":153,"properties":{"parentKey":"HRV:1159312531","sourceCountryId":"HRV","syntheticOperational":true,"territoryId":"territory:catalog:f9769ddc677e43087752e452ad82a7841ea63522706ba9fa561f19c7c818012a"},"type":"Feature"},{"geometry":{"coordinates":[[[16.117154811715,44.244604316547],[16.199926007916,44.244604316547],[16.197078,44.25115],[16.18757,44.282414],[16.186639,44.297607],[16.189533,44.308511],[16.199662,44.324686],[16.203176,44.333057],[16.205863,44.349801],[16.205644,44.350531],[16.202866,44.359774],[16.192117,44.367422],[16.171343,44.377086],[16.153153,44.380445],[16.141991,44.380755],[16.13827,44.377602],[16.138787,44.385406],[16.145402,44.389591],[16.153877,44.39357],[16.159871,44.400702],[16.159664,44.416101],[16.152946,44.435067],[16.14027680643,44.460431654676],[16.117154811715,44.460431654676],[16.117154811715,44.244604316547]]],"type":"Polygon"},"id":154,"properties":{"parentKey":"HRV:1159312443","sourceCountryId":"HRV","syntheticOperational":true,"territoryId":"territory:catalog:63eb537af0a1993f9c7a29a5ece047b83d5e89e4934d60e249cfd08ce3279857"},"type":"Feature"},{"geometry":{"coordinates":[[[16.04577,45.589156],[16.047011,45.583833],[16.049491,45.581042],[16.053367,45.57944],[16.0621,45.577218],[16.066751,45.574635],[16.068921,45.571172],[16.069231,45.563834],[16.070317,45.559855],[16.072797,45.556444],[16.076518,45.553602],[16.093571,45.54399],[16.098561988254,45.539568345324],[16.112531969309,45.539568345324],[16.167664670659,45.539568345324],[16.167664670659,45.630463899221],[16.16137,45.633184],[16.153619,45.634372],[16.147883,45.634114],[16.141682,45.632305],[16.137961,45.629928],[16.121528,45.616906],[16.092796,45.600628],[16.085509,45.598251],[16.075898,45.59732],[16.054297,45.599129],[16.049181,45.597475],[16.04639,45.594013],[16.04577,45.589156]]],"type":"Polygon"},"id":155,"properties":{"parentKey":"HRV:1159312529","sourceCountryId":"HRV","syntheticOperational":true,"territoryId":"territory:catalog:0c0d6802cca4647638c835e865602415d878cfc05e4fff5ac0a321eee3318ba1"},"type":"Feature"},{"geometry":{"coordinates":[[[13.622527126776,45.107913669065],[13.636892,45.093573],[13.633067,45.089423],[13.627696,45.079413],[13.62322,45.073065],[13.643809,45.070502],[13.660818,45.061225],[13.67335,45.051093],[13.681326,45.046373],[13.705583756345,45.022114772008],[13.705583756345,45.107913669065],[13.622527126776,45.107913669065]]],"type":"Polygon"},"id":156,"properties":{"parentKey":"HRV:1159312535","sourceCountryId":"HRV","syntheticOperational":true,"territoryId":"territory:catalog:b79453e9783b1f8ed03ca2b626a07836865863a7c44ae16b7e35f5f778df19f6"},"type":"Feature"},{"geometry":{"coordinates":[[[14.443735604311,45.323741007194],[14.510509,45.29975],[14.524425,45.288764],[14.533051,45.283881],[14.543305,45.28384],[14.551931,45.288072],[14.555431,45.295885],[14.552257,45.297675],[14.534353,45.31269],[14.570811,45.293647],[14.582205,45.285346],[14.568614,45.275946],[14.57602,45.262274],[14.592784,45.249823],[14.6067,45.244371],[14.657888,45.196601],[14.668930390492,45.190547624738],[14.668930390492,45.323741007194],[14.57800511509,45.323741007194],[14.443735604311,45.323741007194]]],"type":"Polygon"},"id":157,"properties":{"parentKey":"HRV:1159312505","sourceCountryId":"HRV","syntheticOperational":true,"territoryId":"territory:catalog:c70c9d9187c4bc45a29c16cb9bec9231ebf5ad8e917cf04d59e50f5d34bd0871"},"type":"Feature"},{"geometry":{"coordinates":[[[16.417419884963,43.321767332215],[16.421886,43.317572],[16.500743,43.284247],[16.563975,43.270087],[16.628266,43.263739],[16.71322925226,43.265590402644],[16.71322925226,43.372032225071],[16.687673,43.377021],[16.53109351162,43.381294964029],[16.471558120363,43.381294964029],[16.433699493081,43.381294964029],[16.439708,43.370917],[16.453461,43.353176],[16.441661,43.351223],[16.434906,43.346422],[16.434255,43.339911],[16.439789,43.332709],[16.434337,43.331732],[16.429698,43.332465],[16.426768,43.331488],[16.42628,43.325181],[16.419444,43.325181],[16.417419884963,43.326501090697],[16.417419884963,43.321767332215]]],"type":"Polygon"},"id":158,"properties":{"parentKey":"HRV:1159312433","sourceCountryId":"HRV","syntheticOperational":true,"territoryId":"territory:catalog:bb0dec18c38fed6ba3305c2161106bd006319742fbaa09350d64b81aa4403598"},"type":"Feature"},{"geometry":{"coordinates":[[[14.838267083386,45.107913669065],[14.84254,45.105536],[14.852794,45.093655],[14.856456,45.076483],[14.881342836337,45.035599787343],[14.881343,45.0356],[14.8815,45.035804],[14.886513,45.042316],[14.886151,45.055286],[14.887288,45.0588],[14.890234,45.061333],[14.92385786802,45.076372719994],[14.92385786802,45.107913669065],[14.838267083386,45.107913669065]]],"type":"Polygon"},"id":159,"properties":{"parentKey":"HRV:1159312505","sourceCountryId":"HRV","syntheticOperational":true,"territoryId":"territory:catalog:5c833b76dffeb9f6c148f4f75459d284e3e9e7cacd5c0ff0049bc9b5bf77d87b"},"type":"Feature"},{"geometry":{"coordinates":[[[16.42628,43.39411],[16.433699493081,43.381294964029],[16.471558120363,43.381294964029],[16.471558120363,43.388830219051],[16.453461,43.39411],[16.447032,43.394843],[16.42628,43.39411]]],"type":"Polygon"},"id":160,"properties":{"parentKey":"HRV:1159312433","sourceCountryId":"HRV","syntheticOperational":true,"territoryId":"territory:catalog:cfc7c7b3b247fe305ff077c34c90799a122d5accc80ac22fb49ec22ccf89a8a8"},"type":"Feature"},{"geometry":{"coordinates":[[[16.013056941079,46.187050359712],[16.01957,46.185398],[16.030732,46.184261],[16.039569,46.184623],[16.047483445141,46.187050359712],[16.013056941079,46.187050359712]]],"type":"Polygon"},"id":161,"properties":{"parentKey":"HRV:1159312555","sourceCountryId":"HRV","syntheticOperational":true,"territoryId":"territory:catalog:9232bae4e9d06f03bcc31738bab0b93508d45fbc2dc96a82ad79af28a08ff549"},"type":"Feature"},{"geometry":{"coordinates":[[[16.051948051948,46.187050359712],[16.137931034483,46.187050359712],[16.247134011558,46.187050359712],[16.24736,46.18762],[16.245655,46.190979],[16.241934,46.19253],[16.229325,46.191806],[16.222039,46.192943],[16.216147,46.195837],[16.210876,46.203278],[16.207001,46.207774],[16.200645,46.21227],[16.194908,46.212425],[16.187932,46.20979],[16.182971,46.205449],[16.174755,46.196147],[16.169794,46.191961],[16.163851,46.189222],[16.158115,46.187569],[16.139821,46.187879],[16.125404,46.192116],[16.11636,46.19284],[16.108919,46.192685],[16.094656,46.190204],[16.079153,46.189429],[16.064581,46.190049],[16.057449,46.189429],[16.051948051948,46.188338135521],[16.051948051948,46.187050359712]]],"type":"Polygon"},"id":162,"properties":{"parentKey":"HRV:1159312523","sourceCountryId":"HRV","syntheticOperational":true,"territoryId":"territory:catalog:23d9962d57a7e6707ccb52a16f65860acb03619c76c8163b261bf36ab345c95d"},"type":"Feature"},{"geometry":{"coordinates":[[[17.628865979381,45.755395683453],[17.70744225834,45.755395683453],[17.923745180238,45.755395683453],[17.923227,45.75607],[17.91377,45.772659],[17.906432,45.791417],[17.906234,45.792141],[17.889791,45.792141],[17.88049,45.788524],[17.875735,45.780669],[17.870051,45.773486],[17.858062,45.771729],[17.857959,45.775863],[17.838218,45.799635],[17.809176,45.814414],[17.687323,45.840614],[17.664689,45.841647],[17.656524,45.84542],[17.654669,45.852113],[17.653217,45.857357],[17.65208,45.868829],[17.646912,45.883712],[17.645775,45.891825],[17.638437,45.901334],[17.628865979381,45.908386852439],[17.628865979381,45.755395683453]]],"type":"Polygon"},"id":163,"properties":{"parentKey":"HRV:1159312547","sourceCountryId":"HRV","syntheticOperational":true,"territoryId":"territory:catalog:5687d2b6c1f9e3c0e3f810088cb0acb6a0e8fe5184ef7382ef2f4eb8d49d6816"},"type":"Feature"},{"geometry":{"coordinates":[[[17.132319,45.893633],[17.133714,45.888517],[17.14038,45.870275],[17.27722,45.803303],[17.279235,45.79798],[17.279235,45.793588],[17.278305,45.785888],[17.27877,45.782529],[17.282956,45.777258],[17.290397,45.771005],[17.305642,45.764545],[17.315099,45.756277],[17.316316729459,45.755395683453],[17.319587628866,45.755395683453],[17.319587628866,45.971223021583],[17.195285869643,45.971223021583],[17.192522,45.969597],[17.187096,45.96536],[17.157744,45.933631],[17.141621,45.921642],[17.135109,45.915854],[17.133094,45.911565],[17.137435,45.906242],[17.137745,45.903865],[17.133094,45.896992],[17.132319,45.893633]]],"type":"Polygon"},"id":164,"properties":{"parentKey":"HRV:1159312547","sourceCountryId":"HRV","syntheticOperational":true,"territoryId":"territory:catalog:9c3af11dd0d91d7f553a5e66bc1cbde706ae58e51f8116996c5510d561913677"},"type":"Feature"},{"geometry":{"coordinates":[[[14.406065711879,44.68996434824],[14.406870821108,44.688733133878],[14.415027845919,44.676258992806],[14.502818860593,44.676258992806],[14.501313,44.678168],[14.485606,44.692084],[14.472179,44.707953],[14.466075,44.729804],[14.467621,44.742133],[14.473888,44.754543],[14.472911,44.765204],[14.469249,44.773098],[14.457042,44.787746],[14.451915,44.798774],[14.466563,44.804836],[14.464854,44.821438],[14.451915,44.850898],[14.448497,44.883734],[14.449353694309,44.892086330935],[14.406065711879,44.892086330935],[14.406065711879,44.68996434824]]],"type":"Polygon"},"id":165,"properties":{"parentKey":"HRV:1159312505","sourceCountryId":"HRV","syntheticOperational":true,"territoryId":"territory:catalog:c6d2c3cee58f61fe095b8b1dbba8525f6ae80448e06eb09bf12034bc0bd1765b"},"type":"Feature"},{"geometry":{"coordinates":[[[17.340153452685,45.323741007194],[17.41935483871,45.323741007194],[17.504233458428,45.323741007194],[17.495553,45.331239],[17.478809,45.343331],[17.39158,45.387256],[17.354528,45.386946],[17.340153452685,45.38232191379],[17.340153452685,45.323741007194]]],"type":"Polygon"},"id":166,"properties":{"parentKey":"HRV:1159312537","sourceCountryId":"HRV","syntheticOperational":true,"territoryId":"territory:catalog:ba9fb24529c722c07630d0c144e5e686d0f17a9d88b9636518676766a7364089"},"type":"Feature"},{"geometry":{"coordinates":[[[15.773195876289,45.969544447827],[15.784339,45.970993],[15.784784902214,45.971223021583],[15.773195876289,45.971223021583],[15.773195876289,45.969544447827]]],"type":"Polygon"},"id":167,"properties":{"parentKey":"HRV:1159312523","sourceCountryId":"HRV","syntheticOperational":true,"territoryId":"territory:catalog:88b627c8e2968756afa21a2236cda226f3233286cbe4832569e44c87fa50b3dc"},"type":"Feature"},{"geometry":{"coordinates":[[[15.675381,45.972486],[15.675452153134,45.971223021583],[15.710413595641,45.971223021583],[15.692924,45.972181],[15.675381,45.972486]]],"type":"Polygon"},"id":168,"properties":{"parentKey":"HRV:1159312531","sourceCountryId":"HRV","syntheticOperational":true,"territoryId":"territory:catalog:bed8ea29f13b1554d6808875299ecd9cf34f0259d82b7e162961731f5fe7832c"},"type":"Feature"},{"geometry":{"coordinates":[[[16.479024052699,43.165467625899],[16.559825,43.142971],[16.658476658477,43.12732916235],[16.658476658477,43.165467625899],[16.479024052699,43.165467625899]]],"type":"Polygon"},"id":169,"properties":{"parentKey":"HRV:1159312433","sourceCountryId":"HRV","syntheticOperational":true,"territoryId":"territory:catalog:ba56f46bb493c91efa9e348f14b98c63399acf87ae0a5a79526f838ea7254cc5"},"type":"Feature"},{"geometry":{"coordinates":[[[16.631684,42.982611],[16.648285,42.977769],[16.658476658477,42.976781336112],[16.658476658477,42.992515533198],[16.65268,42.992377],[16.631684,42.982611]]],"type":"Polygon"},"id":170,"properties":{"parentKey":"HRV:1159312431","sourceCountryId":"HRV","syntheticOperational":true,"territoryId":"territory:catalog:7328f08e4b7da11c419552da3ca7015633e1a1e8e1fdf1448db081790d992f01"},"type":"Feature"},{"geometry":{"coordinates":[[[17.542997542998,42.953250730838],[17.549653,42.955308],[17.562942868215,42.94964028777],[17.618270799347,42.94964028777],[17.629572678326,42.94964028777],[17.63451,42.950403],[17.662725,42.965699],[17.659314,42.993398],[17.659211,42.993449],[17.659108,42.99363],[17.659004,42.993656],[17.628412,43.046573],[17.598026,43.072902],[17.598025457228,43.072902470317],[17.587381,43.082126],[17.542997542998,43.103599621157],[17.542997542998,42.953250730838]]],"type":"Polygon"},"id":171,"properties":{"parentKey":"HRV:1159312431","sourceCountryId":"HRV","syntheticOperational":true,"territoryId":"territory:catalog:f27f402575fe74dc17c58b96af3cbc25810529a3829f709371f1253dc03c9e96"},"type":"Feature"},{"geometry":{"coordinates":[[[17.647058823529,45.517025659472],[17.650427,45.515465],[17.706909,45.503166],[17.715591,45.499755],[17.725513,45.497172],[17.769593,45.493399],[17.77936,45.49066],[17.785406,45.486733],[17.789126,45.482082],[17.791142,45.47769],[17.793932,45.474072],[17.799255,45.471385],[17.807782,45.470196],[17.817548,45.470506],[17.85119,45.474589],[17.867675,45.473555],[17.875581,45.471902],[17.879147,45.470713],[17.884418,45.471385],[17.890774,45.473917],[17.925552,45.492366],[17.932373,45.497223],[17.93966,45.5042],[17.948342,45.51593],[17.953964194373,45.526015701484],[17.953964194373,45.539568345324],[17.70744225834,45.539568345324],[17.647058823529,45.539568345324],[17.647058823529,45.517025659472]]],"type":"Polygon"},"id":172,"properties":{"parentKey":"HRV:1159312547","sourceCountryId":"HRV","syntheticOperational":true,"territoryId":"territory:catalog:ea275727360833a851b456ce528ffe1299800794188b6f0c1843102b06fb9632"},"type":"Feature"},{"geometry":{"coordinates":[[[16.39175257732,45.811971117417],[16.422078,45.811778],[16.423783,45.813225],[16.428124,45.820149],[16.429209,45.821493],[16.43107,45.822475],[16.433705,45.823095],[16.437116,45.822526],[16.440061,45.820459],[16.442387,45.814258],[16.454014,45.800616],[16.496699,45.765062],[16.512719,45.772452],[16.523571,45.785578],[16.531787,45.78842],[16.560313,45.788678],[16.59323,45.779842],[16.599277,45.78165],[16.601757,45.786766],[16.598656,45.801856],[16.598036,45.810227],[16.600517,45.817307],[16.622066,45.841853],[16.628629,45.844747],[16.63421,45.844437],[16.637155,45.84082],[16.63669,45.836014],[16.63452,45.831053],[16.6339,45.82635],[16.637465,45.822526],[16.644907,45.820149],[16.657929,45.820149],[16.666456,45.82232],[16.674052,45.826144],[16.688367,45.839166],[16.693638,45.853687],[16.695653,45.8664],[16.695963,45.872652],[16.691777,45.904123],[16.691622,45.913839],[16.692553,45.924226],[16.678083,45.929083],[16.648473,45.92035],[16.640876,45.919626],[16.63452,45.921022],[16.630334,45.923812],[16.622273,45.927119],[16.616175,45.927171],[16.607648,45.925414],[16.603772,45.925724],[16.601137,45.926964],[16.599587,45.930065],[16.595711,45.933837],[16.58951,45.937972],[16.551166,45.953629],[16.545275,45.957092],[16.525745662404,45.971223021583],[16.502928054301,45.971223021583],[16.502745,45.970993],[16.499644,45.96629],[16.495924,45.96412],[16.488792,45.960709],[16.475305,45.958125],[16.469414,45.958849],[16.466933,45.960812],[16.468794,45.966807],[16.470821498061,45.971223021583],[16.448275862069,45.971223021583],[16.39175257732,45.971223021583],[16.39175257732,45.811971117417]]],"type":"Polygon"},"id":173,"properties":{"parentKey":"HRV:1159312531","sourceCountryId":"HRV","syntheticOperational":true,"territoryId":"territory:catalog:4eaf6faa149e9ee7f7d1e55a9f5b9df35f30a51e8705528c8b9cdf8841b65a5a"},"type":"Feature"},{"geometry":{"coordinates":[[[14.819835,44.153022],[14.835216,44.141669],[14.85613,44.136868],[14.869151,44.14053],[14.86378,44.148139],[14.85727,44.152045],[14.850434,44.152248],[14.842784,44.148261],[14.83546,44.151028],[14.827403,44.157904],[14.822439,44.168687],[14.819835,44.153022]]],"type":"Polygon"},"id":174,"properties":{"parentKey":"HRV:1159312443","sourceCountryId":"HRV","syntheticOperational":true,"territoryId":"territory:catalog:087088a0e94aa70f794c6264b4891ac0776a0b69cdf260c8fa8e62f0f878257f"},"type":"Feature"},{"geometry":{"coordinates":[[[16.196943972835,45.107913669065],[16.382035196488,45.107913669065],[16.389211,45.116834],[16.398513,45.121433],[16.424764,45.127272],[16.435513,45.132853],[16.449156,45.148098],[16.481919,45.199516],[16.502546689304,45.209490107377],[16.502546689304,45.323741007194],[16.419437340153,45.323741007194],[16.196943972835,45.323741007194],[16.196943972835,45.107913669065]]],"type":"Polygon"},"id":175,"properties":{"parentKey":"HRV:1159312529","sourceCountryId":"HRV","syntheticOperational":true,"territoryId":"territory:catalog:0f0b68caef9ec2dd90eb27238e76eca8fabb355b09881b0801c4366f15192124"},"type":"Feature"},{"geometry":{"coordinates":[[[16.675324675325,46.313152205989],[16.720458,46.311385],[16.745159,46.305701],[16.778956,46.302394],[16.791358,46.297743],[16.79513,46.294281],[16.800556,46.288286],[16.808618,46.280948],[16.811873,46.281878],[16.814974,46.28441],[16.844895,46.331591],[16.846032,46.334226],[16.847375,46.339084],[16.855643,46.357843],[16.859411,46.364758],[16.850475,46.373062],[16.837659,46.381873],[16.832388,46.381925],[16.830218,46.377351],[16.827531,46.374018],[16.820916,46.3781],[16.816575,46.381976],[16.812338,46.385025],[16.807894,46.387351],[16.803449,46.388694],[16.776474,46.39288],[16.769343,46.39611],[16.761901,46.381873],[16.75508,46.381873],[16.742885,46.399624],[16.735281900122,46.402877697842],[16.733275412685,46.402877697842],[16.675324675325,46.402877697842],[16.675324675325,46.313152205989]]],"type":"Polygon"},"id":176,"properties":{"parentKey":"HRV:1159312553","sourceCountryId":"HRV","syntheticOperational":true,"territoryId":"territory:catalog:e7f02f297fac043c2a2e3a9b5e7410221bdecd4f175b907a290b3aab18cf32a3"},"type":"Feature"},{"geometry":{"coordinates":[[[16.082474226804,45.954990167466],[16.091091,45.958229],[16.109849,45.962001],[16.121683,45.969391],[16.136256,45.970373],[16.139435302892,45.971223021583],[16.137931034483,45.971223021583],[16.082474226804,45.971223021583],[16.082474226804,45.954990167466]]],"type":"Polygon"},"id":177,"properties":{"parentKey":"HRV:1159312523","sourceCountryId":"HRV","syntheticOperational":true,"territoryId":"territory:catalog:d0d8bd0501bcbcfd6ca1205cd1fc17410a5b4b70100f837f3be0bf775df3d84e"},"type":"Feature"},{"geometry":{"coordinates":[[[14.884910485934,45.323741007194],[14.974533106961,45.323741007194],[15.019133195494,45.323741007194],[15.029243,45.328551],[15.033584,45.328603],[15.03932,45.327725],[15.046246436042,45.323741007194],[15.17121124474,45.323741007194],[15.174196,45.324624],[15.180862,45.32912],[15.183807,45.334081],[15.182877,45.342659],[15.183497,45.345708],[15.185513,45.34917],[15.190939,45.353408],[15.191815856778,45.353938783879],[15.191815856778,45.4275797508],[15.18422,45.4256],[15.139262,45.430045],[15.066128,45.473934],[15.056166,45.479912],[15.007383,45.480843],[14.997461,45.487199],[14.986299,45.490868],[14.977341,45.491728],[14.962631,45.493142],[14.945372,45.50451],[14.922634,45.514949],[14.904444,45.514432],[14.900826,45.493142],[14.884910485934,45.473802948991],[14.884910485934,45.323741007194]]],"type":"Polygon"},"id":178,"properties":{"parentKey":"HRV:1159312505","sourceCountryId":"HRV","syntheticOperational":true,"territoryId":"territory:catalog:84686994e51e163bfb40db69a1f06d50be03eb7640ca5e5358cf0840eec38911"},"type":"Feature"},{"geometry":{"coordinates":[[[15.532994923858,44.926864624591],[15.534174,44.92346],[15.537739,44.918551],[15.563371,44.892299],[15.563423757276,44.892086330935],[15.619208087616,44.892086330935],[15.741123781264,44.892086330935],[15.734264,44.902118],[15.730853,44.927233],[15.734108,44.93444],[15.733438,44.934053],[15.725376,44.929403],[15.718814,44.929093],[15.711372,44.929661],[15.707031,44.932038],[15.703621,44.933227],[15.688738,44.936069],[15.665638,44.947128],[15.660316,44.948058],[15.65613,44.947644],[15.637837,44.935604],[15.63179,44.932968],[15.618303,44.928782],[15.610345,44.929816],[15.588796,44.94289],[15.567402,44.948781],[15.558565,44.950125],[15.552467,44.949143],[15.542545,44.938549],[15.539445,44.936224],[15.536964,44.934674],[15.534484,44.932813],[15.533088,44.930746],[15.532994923858,44.929768700509],[15.532994923858,44.926864624591]]],"type":"Polygon"},"id":179,"properties":{"parentKey":"HRV:1159312443","sourceCountryId":"HRV","syntheticOperational":true,"territoryId":"territory:catalog:bf7227c83746ec3ef3ab3237dae07647edf7aa4ae842ad965dd961ad0f0165a9"},"type":"Feature"},{"geometry":{"coordinates":[[[16.940673092661,45.539568345324],[16.961045698233,45.539568345324],[16.96096,45.539856],[16.95941,45.542905],[16.944217,45.546988],[16.940673092661,45.539568345324]]],"type":"Polygon"},"id":180,"properties":{"parentKey":"HRV:1159312541","sourceCountryId":"HRV","syntheticOperational":true,"territoryId":"territory:catalog:88fc3a0f6d205b11834c996e3280df2c51bd557b6e58697c4222b66be758dc52"},"type":"Feature"},{"geometry":{"coordinates":[[[16.76834295136,43.417821077466],[16.880626,43.405951],[16.88852,43.40119],[16.895763,43.394599],[16.906016,43.387274],[16.918224237151,43.381294964029],[17.009038619556,43.381294964029],[17.065127782358,43.381294964029],[17.065127782358,43.525912446775],[17.062314,43.527747],[17.030516,43.54848],[16.98194,43.589692],[16.97195017149,43.597122302158],[16.76834295136,43.597122302158],[16.76834295136,43.417821077466]]],"type":"Polygon"},"id":181,"properties":{"parentKey":"HRV:1159312433","sourceCountryId":"HRV","syntheticOperational":true,"territoryId":"territory:catalog:1d0c8072bf707dcd8ba29618d78e1f560cc094b3c0d5b8575222c988b9733764"},"type":"Feature"},{"geometry":{"coordinates":[[[17.724957555178,45.144728593702],[17.741377,45.133267],[17.765737292524,45.110992438152],[17.769104349353,45.107913669065],[17.946364858705,45.107913669065],[17.988493,45.143809],[18.003479,45.149338],[18.019086,45.149442],[18.030560271647,45.145045788106],[18.030560271647,45.276857019564],[17.918576,45.288605],[17.909429,45.287882],[17.902091,45.286332],[17.896355,45.283748],[17.891549,45.280751],[17.887518,45.277443],[17.884883,45.274446],[17.883488,45.271862],[17.883643,45.269382],[17.885038,45.266901],[17.886743,45.264731],[17.890619,45.26101],[17.891549,45.259305],[17.891549,45.257186],[17.890464,45.255636],[17.888604,45.254706],[17.879767,45.253724],[17.877441,45.252845],[17.874961,45.250985],[17.873566,45.24959],[17.871705,45.247006],[17.869535,45.243389],[17.865504,45.237963],[17.854652,45.229384],[17.844524,45.224217],[17.822664,45.218015],[17.815223,45.217447],[17.790987,45.218946],[17.785096,45.218119],[17.78215,45.216207],[17.781995,45.212796],[17.781065,45.203649],[17.780135,45.200342],[17.778739,45.196931],[17.777189,45.193934],[17.775639,45.192022],[17.773623,45.190472],[17.770058,45.18887],[17.765252,45.187526],[17.759206,45.186389],[17.745408,45.185563],[17.728458,45.187475],[17.724957555178,45.188256375185],[17.724957555178,45.144728593702]]],"type":"Polygon"},"id":182,"properties":{"parentKey":"HRV:1159312537","sourceCountryId":"HRV","syntheticOperational":true,"territoryId":"territory:catalog:3c15d75cccbe0ef5f3bbc2743da7b6be2bf9aa6e4c7f03589e5c857029b09b9e"},"type":"Feature"},{"geometry":{"coordinates":[[[15.617442,43.825507],[15.630407234099,43.812949640288],[15.663434635446,43.812949640288],[15.663097,43.812974],[15.647309,43.815863],[15.617442,43.825507]]],"type":"Polygon"},"id":183,"properties":{"parentKey":"HRV:1159312439","sourceCountryId":"HRV","syntheticOperational":true,"territoryId":"territory:catalog:99c6d5271618192506d41233f4493fd3ed9f698287df57812afe501002bf5583"},"type":"Feature"},{"geometry":{"coordinates":[[[15.710413595641,45.971223021583],[15.763669,45.968306],[15.773195876289,45.969544447827],[15.773195876289,45.971223021583],[15.710413595641,45.971223021583]]],"type":"Polygon"},"id":184,"properties":{"parentKey":"HRV:1159312523","sourceCountryId":"HRV","syntheticOperational":true,"territoryId":"territory:catalog:5fb820751956a4cc6d3950e4bd25c923435c89530374b906f3d8e45c704ec8cf"},"type":"Feature"},{"geometry":{"coordinates":[[[14.881358,44.844062],[14.8838,44.788764],[14.887462,44.768378],[14.893891,44.750963],[14.895193,44.736151],[14.8838,44.723619],[14.901378,44.690172],[14.913830723359,44.676258992806],[14.962216624685,44.676258992806],[15.012636899747,44.676258992806],[15.012636899747,44.892086330935],[14.92385786802,44.892086330935],[14.894213308828,44.892086330935],[14.8838,44.861477],[14.881358,44.844062]]],"type":"Polygon"},"id":185,"properties":{"parentKey":"HRV:1159312507","sourceCountryId":"HRV","syntheticOperational":true,"territoryId":"territory:catalog:1d457dcfd4cdd944717b0c9dfa18276a8264b23247467e07207108838cdc576a"},"type":"Feature"},{"geometry":{"coordinates":[[[16.092715231788,43.597122302158],[16.174773289365,43.597122302158],[16.390728476821,43.597122302158],[16.390728476821,43.795024950862],[16.356914,43.778258],[16.350403,43.773194],[16.348543,43.765081],[16.349318,43.760378],[16.350248,43.757174],[16.349628,43.754694],[16.339396,43.739863],[16.340946,43.734282],[16.343116,43.730664],[16.348387,43.726634],[16.352573,43.722138],[16.350558,43.715937],[16.34167,43.709994],[16.31795,43.702449],[16.29051,43.697695],[16.268754,43.691184],[16.260848,43.68798],[16.253716,43.683742],[16.245345,43.675836],[16.238678,43.67165],[16.228705,43.67072],[16.173824,43.687411],[16.169277,43.68798],[16.160595,43.682915],[16.092715231788,43.61921046229],[16.092715231788,43.597122302158]]],"type":"Polygon"},"id":186,"properties":{"parentKey":"HRV:1159312433","sourceCountryId":"HRV","syntheticOperational":true,"territoryId":"territory:catalog:94fd978b1d2dc8d568720be0845549fb7e8c5766e735d9521b0867ff479b161c"},"type":"Feature"},{"geometry":{"coordinates":[[[15.046246436042,45.323741007194],[15.047227,45.323177],[15.059371,45.318164],[15.087896,45.311601],[15.098593,45.307364],[15.105569,45.302972],[15.107946,45.299044],[15.116318,45.29429],[15.119884,45.293205],[15.122364,45.293308],[15.135077,45.309379],[15.138797,45.3131],[15.142053,45.315115],[15.17121124474,45.323741007194],[15.046246436042,45.323741007194]]],"type":"Polygon"},"id":187,"properties":{"parentKey":"HRV:1159312505","sourceCountryId":"HRV","syntheticOperational":true,"territoryId":"territory:catalog:1d2074bc40a503f736decd4a7d62acbac508727406565b4786349117842c00d6"},"type":"Feature"},{"geometry":{"coordinates":[[[16.918224237151,43.381294964029],[16.93393,43.373603],[17.009038619556,43.302385382807],[17.009038619556,43.381294964029],[16.918224237151,43.381294964029]]],"type":"Polygon"},"id":188,"properties":{"parentKey":"HRV:1159312433","sourceCountryId":"HRV","syntheticOperational":true,"territoryId":"territory:catalog:e1cd62dbf238e076b25c41a46a4a84cafc91e55698dae0c3a4dd491365312ee4"},"type":"Feature"},{"geometry":{"coordinates":[[[16.448275862069,45.971223021583],[16.470821498061,45.971223021583],[16.471119,45.971871],[16.471894,45.974197],[16.471584,45.976419],[16.470034,45.978641],[16.467863,45.98076],[16.459802,45.987478],[16.448275862069,45.999298437465],[16.448275862069,45.971223021583]]],"type":"Polygon"},"id":189,"properties":{"parentKey":"HRV:1159312531","sourceCountryId":"HRV","syntheticOperational":true,"territoryId":"territory:catalog:7c9828dc5af894b113b4dd8a54e05d9c3d9c964df9c7038fc1765d1f94e22359"},"type":"Feature"},{"geometry":{"coordinates":[[[15.74025974026,46.187050359712],[15.827586206897,46.187050359712],[16.013056941079,46.187050359712],[15.991458,46.19253],[15.983242,46.19346],[15.969444,46.192995],[15.959987,46.193666],[15.955337,46.19563],[15.952546,46.198937],[15.951306,46.204105],[15.948825,46.21103],[15.944123,46.215061],[15.937922,46.218058],[15.894978,46.228031],[15.887485,46.232682],[15.883765,46.238315],[15.88361,46.24617],[15.881904,46.255006],[15.879323,46.259308],[15.834206,46.258366],[15.81829,46.255524],[15.803097,46.250511],[15.799526,46.248607],[15.789144,46.24307],[15.768887,46.21935],[15.749767,46.210772],[15.74025974026,46.211260658742],[15.74025974026,46.187050359712]]],"type":"Polygon"},"id":190,"properties":{"parentKey":"HRV:1159312523","sourceCountryId":"HRV","syntheticOperational":true,"territoryId":"territory:catalog:6a084a593cb4488a460358eb0d794f7d5de72ed8b526f95482911611fe16ca72"},"type":"Feature"},{"geometry":{"coordinates":[[[14.974533106961,45.278325273836],[14.976327,45.279304],[14.978962,45.281164],[14.980357,45.282921],[14.982063,45.286383],[14.983148,45.291913],[14.988574,45.304212],[14.994052,45.311808],[15.019133195494,45.323741007194],[14.974533106961,45.323741007194],[14.974533106961,45.278325273836]]],"type":"Polygon"},"id":191,"properties":{"parentKey":"HRV:1159312505","sourceCountryId":"HRV","syntheticOperational":true,"territoryId":"territory:catalog:2a31f4cd94d0ad4d9bfae31fa4a17928839b266bb769bbfdbfc5aaf4a8117822"},"type":"Feature"},{"geometry":{"coordinates":[[[16.502928054301,45.971223021583],[16.525745662404,45.971223021583],[16.51985,45.975489],[16.514114,45.977659],[16.510238,45.977607],[16.507551,45.975954],[16.50476,45.973525],[16.502928054301,45.971223021583]]],"type":"Polygon"},"id":192,"properties":{"parentKey":"HRV:1159312531","sourceCountryId":"HRV","syntheticOperational":true,"territoryId":"territory:catalog:35e4814a5a274255086bb8fc2fc32dcf2e56f17ebdce58f9a6136b7ec05e058e"},"type":"Feature"},{"geometry":{"coordinates":[[[16.445182724253,43.812949640288],[16.688741721854,43.812949640288],[16.688979831158,43.812949640288],[16.686144,43.826137],[16.678599,43.840684],[16.637361,43.868409],[16.604805,43.901068],[16.555816,43.937474],[16.52744707157,43.967858923344],[16.527446,43.967859],[16.494218,43.970236],[16.484452,43.968376],[16.470344,43.964294],[16.445182724253,43.952291743632],[16.445182724253,43.812949640288]]],"type":"Polygon"},"id":193,"properties":{"parentKey":"HRV:1159312433","sourceCountryId":"HRV","syntheticOperational":true,"territoryId":"territory:catalog:f6f6392bd0ea6539e4534bfa0cb5bf9e27ae4ee3ba1b2c39872d3797f43f83de"},"type":"Feature"},{"geometry":{"coordinates":[[[19.252971137521,45.164450328325],[19.267795,45.165823],[19.272756,45.168355],[19.275753,45.172851],[19.279474,45.177244],[19.286709,45.179517],[19.291359,45.177709],[19.299421,45.168975],[19.304279,45.166547],[19.390682,45.169337],[19.393929,45.171624],[19.405358,45.179672],[19.407838,45.203133],[19.397296,45.223287],[19.378073,45.229592],[19.28975,45.23631],[19.259907,45.242973],[19.252971137521,45.24540002113],[19.252971137521,45.164450328325]]],"type":"Polygon"},"id":194,"properties":{"parentKey":"HRV:1159312543","sourceCountryId":"HRV","syntheticOperational":true,"territoryId":"territory:catalog:18fb253c3a01c66fb77d526012f6253c768fc08d010f7e8998f05490c4bdfd1f"},"type":"Feature"},{"geometry":{"coordinates":[[[16.253465196966,46.402877697842],[16.257023,46.399908],[16.274076,46.392105],[16.278727,46.387351],[16.279936,46.378661],[16.281622,46.3781],[16.298106,46.370193],[16.31826,46.368695],[16.324926,46.365542],[16.330197,46.361822],[16.340946,46.351951],[16.342806,46.348902],[16.34322,46.346887],[16.343737,46.343528],[16.344822,46.338981],[16.346837,46.334175],[16.351643,46.32632],[16.355829,46.322754],[16.358774,46.320635],[16.361255,46.319964],[16.363636363636,46.319610611045],[16.363636363636,46.402877697842],[16.253465196966,46.402877697842]]],"type":"Polygon"},"id":195,"properties":{"parentKey":"HRV:1159312553","sourceCountryId":"HRV","syntheticOperational":true,"territoryId":"territory:catalog:83afe22196d77df60799bedbb9e5d2cb41f56193c9ed32c3e027b6264a9a6072"},"type":"Feature"},{"geometry":{"coordinates":[[[15.213389121339,44.423855537041],[15.293793,44.364814],[15.29379662477,44.364811333388],[15.293982,44.364941],[15.315841,44.399978],[15.320337,44.404938],[15.328088,44.411708],[15.336666,44.413723],[15.344263,44.413362],[15.351549,44.411811],[15.363641,44.406437],[15.385966,44.392329],[15.4009,44.380134],[15.405241,44.377447],[15.410977,44.375431],[15.417798,44.374191],[15.494124,44.368765],[15.501928,44.367421],[15.51278,44.359567],[15.514644351464,44.357932039743],[15.514644351464,44.460431654676],[15.264483627204,44.460431654676],[15.213389121339,44.460431654676],[15.213389121339,44.423855537041]]],"type":"Polygon"},"id":196,"properties":{"parentKey":"HRV:1159312507","sourceCountryId":"HRV","syntheticOperational":true,"territoryId":"territory:catalog:57908e8db1a46e9a73df118020fb925b5ed8919aa0dd5c0cce52fedd07c1a931"},"type":"Feature"},{"geometry":{"coordinates":[[[17.953964194373,45.526015701484],[17.961519008291,45.539568345324],[17.953964194373,45.539568345324],[17.953964194373,45.526015701484]]],"type":"Polygon"},"id":197,"properties":{"parentKey":"HRV:1159312547","sourceCountryId":"HRV","syntheticOperational":true,"territoryId":"territory:catalog:540078e707610e993f0d7cfe1679cdf22a6b73e67d611718cc891b2734fc17ad"},"type":"Feature"},{"geometry":{"coordinates":[[[16.20045,43.40705],[16.20338,43.39997],[16.213227,43.39411],[16.210297,43.393215],[16.207774,43.393134],[16.206391,43.391791],[16.207042,43.387274],[16.23227,43.384467],[16.242666738726,43.381294964029],[16.343739376739,43.381294964029],[16.329845,43.389716],[16.302745,43.387274],[16.298188,43.403632],[16.277029,43.411933],[16.220063,43.415229],[16.205577,43.412909],[16.20045,43.40705]]],"type":"Polygon"},"id":198,"properties":{"parentKey":"HRV:1159312433","sourceCountryId":"HRV","syntheticOperational":true,"territoryId":"territory:catalog:1952f059cf27713e4087a4c1122211eb4c90b6042459d0f109ff5429e090d2b9"},"type":"Feature"},{"geometry":{"coordinates":[[[15.917979,43.572903],[15.935395,43.572943],[15.944184,43.566718],[15.941905,43.560004],[15.925304,43.55858],[15.94809,43.552883],[15.956228,43.547919],[15.959483,43.538153],[15.965099,43.541938],[15.970958,43.543524],[15.987315,43.544908],[15.98227,43.537299],[15.984223,43.53205],[15.98699,43.527289],[15.983653,43.521064],[15.974376,43.51675],[15.966563,43.516913],[15.961274,43.515041],[15.959483,43.503974],[15.964366,43.503892],[15.965587,43.506171],[15.965505,43.509101],[15.966319,43.51081],[15.973481,43.503119],[15.995779,43.503363],[16.007823,43.497138],[16.007823,43.503974],[16.012796,43.503974],[16.012904,43.504063],[16.018795,43.508921],[16.029647,43.510419],[16.051196,43.511091],[16.056157,43.51321],[16.055847,43.515794],[16.052902,43.517292],[16.047941,43.518791],[16.04298,43.521168],[16.039724,43.524579],[16.039569,43.530987],[16.0436,43.533984],[16.051506,43.536413],[16.060963,43.538118],[16.077913,43.543131],[16.082719,43.545663],[16.083494,43.54804],[16.078688,43.549022],[16.075278,43.551037],[16.069852,43.559305],[16.056002,43.571346],[16.051196,43.578116],[16.047631,43.585815],[16.045305,43.596926],[16.045414072387,43.597122302158],[15.922441887618,43.597122302158],[15.917979,43.593329],[15.92213,43.591986],[15.93214,43.586575],[15.927582,43.584296],[15.922618,43.581122],[15.917979,43.579088],[15.917979,43.572903]]],"type":"Polygon"},"id":199,"properties":{"parentKey":"HRV:1159312439","sourceCountryId":"HRV","syntheticOperational":true,"territoryId":"territory:catalog:59b56d63c83641cfe4b1b39c70c84f56275dc37ee773477a3ae6d581ee41d83c"},"type":"Feature"},{"geometry":{"coordinates":[[[16.167664670659,45.539568345324],[16.419437340153,45.539568345324],[16.475620188195,45.539568345324],[16.475620188195,45.755395683453],[16.39175257732,45.755395683453],[16.374377184286,45.755395683453],[16.373192,45.749042],[16.372572,45.747389],[16.370247,45.745115],[16.366371,45.743616],[16.347147,45.739482],[16.344047,45.739534],[16.337019,45.741084],[16.319965,45.748267],[16.315005,45.747802],[16.309889,45.744598],[16.293921,45.727855],[16.29113,45.720827],[16.28958,45.711319],[16.296246,45.684602],[16.29206,45.671735],[16.297331,45.642279],[16.278211,45.61303],[16.264878,45.604503],[16.237903,45.596752],[16.227051,45.598354],[16.218628,45.603005],[16.211807,45.607966],[16.20421,45.61148],[16.197544,45.61334],[16.187312,45.61427],[16.183126,45.615717],[16.179716,45.619025],[16.171654,45.62874],[16.167664670659,45.630463899221],[16.167664670659,45.539568345324]]],"type":"Polygon"},"id":200,"properties":{"parentKey":"HRV:1159312529","sourceCountryId":"HRV","syntheticOperational":true,"territoryId":"territory:catalog:4316725ad54469f7357ba258b9b3ae8c2b2d9249f6480672aa3a85a83cab8236"},"type":"Feature"},{"geometry":{"coordinates":[[[15.191815856778,45.323741007194],[15.28013582343,45.323741007194],[15.498721227622,45.323741007194],[15.498721227622,45.539568345324],[15.290469002639,45.539568345324],[15.296668,45.522959],[15.311034,45.505906],[15.361367,45.482031],[15.351755,45.47614],[15.333875,45.458518],[15.325193,45.452834],[15.314031,45.450509],[15.281578,45.450974],[15.225849,45.43645],[15.228663,45.432886],[15.232538,45.425548],[15.234399,45.418107],[15.234399,45.413249],[15.233934,45.40896],[15.232848,45.403741],[15.229593,45.394284],[15.221014,45.374802],[15.216674,45.369841],[15.210317,45.365138],[15.191815856778,45.353938783879],[15.191815856778,45.323741007194]]],"type":"Polygon"},"id":201,"properties":{"parentKey":"HRV:1159312525","sourceCountryId":"HRV","syntheticOperational":true,"territoryId":"territory:catalog:e93d7e28896c7a303acfa8dfe853278669887be3222d55fdc3f6b0a4a1dcd50c"},"type":"Feature"},{"geometry":{"coordinates":[[[16.71322925226,43.165467625899],[16.724704860056,43.165467625899],[16.722813242785,43.166002076259],[16.71322925226,43.168709900542],[16.71322925226,43.165467625899]]],"type":"Polygon"},"id":202,"properties":{"parentKey":"HRV:1159312433","sourceCountryId":"HRV","syntheticOperational":true,"territoryId":"territory:catalog:d0c34468682561de6dd9a487503b24a46a3ca0126961c77ebdad2589668d9bfa"},"type":"Feature"},{"geometry":{"coordinates":[[[18.260869565217,45.323741007194],[18.336162988115,45.323741007194],[18.567774936061,45.323741007194],[18.567774936061,45.539568345324],[18.323353293413,45.539568345324],[18.260869565217,45.539568345324],[18.260869565217,45.511396754772],[18.277624,45.511641],[18.280414,45.510917],[18.28274,45.509574],[18.28553,45.507403],[18.296847,45.496551],[18.30062,45.494071],[18.304651,45.492779],[18.308991,45.492779],[18.317518,45.495001],[18.323254,45.49588],[18.364699,45.494174],[18.37121,45.495053],[18.376016,45.497327],[18.378186,45.50022],[18.378961,45.503476],[18.379581,45.514483],[18.380977,45.518721],[18.382527,45.521149],[18.384852,45.5227],[18.386868,45.52332],[18.390278,45.523475],[18.394309,45.522958],[18.398185,45.521201],[18.408262,45.513656],[18.427847,45.50451],[18.430793,45.501616],[18.431878,45.498205],[18.431413,45.492211],[18.433583,45.48787],[18.436839,45.483942],[18.44397,45.477431],[18.44397,45.475209],[18.44118,45.473659],[18.430638,45.472419],[18.408572,45.471798],[18.392604,45.468853],[18.349144,45.455004],[18.347284,45.454694],[18.337052,45.45552],[18.311937,45.461928],[18.304444,45.461825],[18.293747,45.457949],[18.260869565217,45.439438652459],[18.260869565217,45.323741007194]]],"type":"Polygon"},"id":203,"properties":{"parentKey":"HRV:1159312539","sourceCountryId":"HRV","syntheticOperational":true,"territoryId":"territory:catalog:4b3388934866699b4d1a301aa5e8cfda16fd7a1c1495d0b79ef625dec1470985"},"type":"Feature"},{"geometry":{"coordinates":[[[16.391449,43.51081],[16.466563,43.51081],[16.471558120363,43.50990765227],[16.471558120363,43.537185422889],[16.455903,43.528957],[16.434255,43.521877],[16.411388,43.517808],[16.391449,43.517646],[16.391449,43.51081]]],"type":"Polygon"},"id":204,"properties":{"parentKey":"HRV:1159312433","sourceCountryId":"HRV","syntheticOperational":true,"territoryId":"territory:catalog:2cf235920f87c479b8cd23ed5a4cc12eac971872f01a0a1e8c175d37ef7774d3"},"type":"Feature"},{"geometry":{"coordinates":[[[15.248919,45.711836],[15.250883,45.70765],[15.258221,45.705118],[15.267832,45.698452],[15.277754,45.685016],[15.283025,45.680107],[15.291914,45.675559],[15.304936,45.672149],[15.30907,45.674164],[15.310414,45.678195],[15.314961,45.680882],[15.327054,45.683156],[15.330774,45.684551],[15.333875,45.682639],[15.350034,45.669619],[15.350154,45.669667],[15.364572,45.675507],[15.382865,45.690441],[15.420899,45.695299],[15.430511,45.69411],[15.435782,45.691785],[15.440639,45.688271],[15.448236,45.679021],[15.463274,45.668117],[15.473816,45.661813],[15.507664,45.649824],[15.51309,45.647292],[15.5134,45.644966],[15.512159,45.641814],[15.511384,45.638558],[15.511694,45.636078],[15.51371,45.632357],[15.531073,45.619283],[15.551753635586,45.608415759544],[15.551753635586,45.755395683453],[15.463917525773,45.755395683453],[15.343536681453,45.755395683453],[15.331031,45.752486],[15.303799,45.746149],[15.263492,45.730388],[15.255017,45.723463],[15.249913,45.713732],[15.248919,45.711836]]],"type":"Polygon"},"id":205,"properties":{"parentKey":"HRV:1159312531","sourceCountryId":"HRV","syntheticOperational":true,"territoryId":"territory:catalog:ddb73f2303fd040afd573dde4a7608f537980b0e9d5bdc2380c79d8f688324d9"},"type":"Feature"},{"geometry":{"coordinates":[[[17.562358704005,42.73381294964],[17.748871,42.694566],[17.730479,42.713446],[17.679373,42.729885],[17.67324903211,42.73381294964],[17.618270799347,42.73381294964],[17.562358704005,42.73381294964]]],"type":"Polygon"},"id":206,"properties":{"parentKey":"HRV:1159312431","sourceCountryId":"HRV","syntheticOperational":true,"territoryId":"territory:catalog:217c83bf7aa40d72d9648b7cff4cae0a19e596173be779ee381afbc2003c373d"},"type":"Feature"},{"geometry":{"coordinates":[[[18.081615,45.271501],[18.120734,45.250572],[18.121509,45.249951],[18.122439,45.24897],[18.12554,45.246696],[18.134222,45.242923],[18.200988,45.225405],[18.223777,45.223028],[18.254679,45.22463],[18.267857,45.228092],[18.275763,45.233105],[18.280414,45.238273],[18.287701,45.241942],[18.299793,45.244215],[18.326665,45.246386],[18.336162988115,45.245323031344],[18.336162988115,45.323741007194],[18.260869565217,45.323741007194],[18.103070990006,45.323741007194],[18.104456,45.319715],[18.107092,45.315426],[18.109572,45.312273],[18.108177,45.302351],[18.081615,45.271501]]],"type":"Polygon"},"id":207,"properties":{"parentKey":"HRV:1159312539","sourceCountryId":"HRV","syntheticOperational":true,"territoryId":"territory:catalog:97e6c1e115b5bf640409f5bed1e2f476dd290d261889548c95d84b308853a370"},"type":"Feature"},{"geometry":{"coordinates":[[[17.70744225834,45.539568345324],[17.953964194373,45.539568345324],[17.961519008291,45.539568345324],[17.963379,45.542905],[18.015397775877,45.587415156694],[18.015397775877,45.67063685883],[18.00994,45.674783],[18.008545,45.682277],[18.006839,45.688271],[18.003429,45.695816],[17.995057,45.70765],[17.988236,45.713902],[17.98188,45.718088],[17.975988,45.72],[17.948031,45.724186],[17.943691,45.726615],[17.93904,45.732351],[17.934544,45.741343],[17.923745180238,45.755395683453],[17.70744225834,45.755395683453],[17.70744225834,45.539568345324]]],"type":"Polygon"},"id":208,"properties":{"parentKey":"HRV:1159312547","sourceCountryId":"HRV","syntheticOperational":true,"territoryId":"territory:catalog:2966953eb27767b745ac5ff273da5fb74c5b325ea6edc7f559671c437bd2e8ed"},"type":"Feature"},{"geometry":{"coordinates":[[[14.974533106961,45.147283735449],[15.008004,45.124068],[15.108876035828,45.107913669065],[15.160991753493,45.107913669065],[15.184272,45.124119],[15.190319,45.126858],[15.194194,45.125773],[15.199155,45.121277],[15.202721,45.116781],[15.207527,45.111769],[15.21192637448,45.107913669065],[15.228426395939,45.107913669065],[15.28013582343,45.107913669065],[15.28013582343,45.323741007194],[15.191815856778,45.323741007194],[15.17121124474,45.323741007194],[15.142053,45.315115],[15.138797,45.3131],[15.135077,45.309379],[15.122364,45.293308],[15.119884,45.293205],[15.116318,45.29429],[15.107946,45.299044],[15.105569,45.302972],[15.098593,45.307364],[15.087896,45.311601],[15.059371,45.318164],[15.047227,45.323177],[15.046246436042,45.323741007194],[15.019133195494,45.323741007194],[14.994052,45.311808],[14.988574,45.304212],[14.983148,45.291913],[14.982063,45.286383],[14.980357,45.282921],[14.978962,45.281164],[14.976327,45.279304],[14.974533106961,45.278325273836],[14.974533106961,45.261516754624],[14.976327,45.258168],[14.980822,45.251915],[14.983923,45.246437],[14.986248,45.241063],[14.982373,45.221219],[14.981287,45.16944],[14.979427,45.164892],[14.976172,45.161998],[14.974533106961,45.160960016792],[14.974533106961,45.147283735449]]],"type":"Polygon"},"id":209,"properties":{"parentKey":"HRV:1159312525","sourceCountryId":"HRV","syntheticOperational":true,"territoryId":"territory:catalog:ba7dd9f5953bc989f96e66d38874c2830d3598e65b0c64a0c5501a97bdfcf926"},"type":"Feature"},{"geometry":{"coordinates":[[[16.167664670659,45.630463899221],[16.171654,45.62874],[16.179716,45.619025],[16.183126,45.615717],[16.187312,45.61427],[16.197544,45.61334],[16.20421,45.61148],[16.211807,45.607966],[16.218628,45.603005],[16.227051,45.598354],[16.237903,45.596752],[16.264878,45.604503],[16.278211,45.61303],[16.297331,45.642279],[16.29206,45.671735],[16.296246,45.684602],[16.28958,45.711319],[16.29113,45.720827],[16.293921,45.727855],[16.309889,45.744598],[16.315005,45.747802],[16.319965,45.748267],[16.337019,45.741084],[16.344047,45.739534],[16.347147,45.739482],[16.366371,45.743616],[16.370247,45.745115],[16.372572,45.747389],[16.373192,45.749042],[16.374377184286,45.755395683453],[16.167664670659,45.755395683453],[16.167664670659,45.630463899221]]],"type":"Polygon"},"id":210,"properties":{"parentKey":"HRV:1159312531","sourceCountryId":"HRV","syntheticOperational":true,"territoryId":"territory:catalog:53e2c71f254be7ce883833ec8714eb0e0aa0f20765b22e1cdfd2b7d4381108d1"},"type":"Feature"},{"geometry":{"coordinates":[[[15.532778,44.927491],[15.532994923858,44.926864624591],[15.532994923858,44.929768700509],[15.532778,44.927491]]],"type":"Polygon"},"id":211,"properties":{"parentKey":"HRV:1159312443","sourceCountryId":"HRV","syntheticOperational":true,"territoryId":"territory:catalog:a8e5572912705ce7d27486a8ec613c391d0176972359ae074c9d8f1b4e4b3aa3"},"type":"Feature"},{"geometry":{"coordinates":[[[17.113752122241,45.172626167602],[17.124628,45.169058],[17.124464,45.169336],[17.113752122241,45.187494794288],[17.113752122241,45.172626167602]]],"type":"Polygon"},"id":212,"properties":{"parentKey":"HRV:1159312529","sourceCountryId":"HRV","syntheticOperational":true,"territoryId":"territory:catalog:b4ecb19151698c5eff7087ec933a412cf44632cfca04a39e7f37367e5dda1893"},"type":"Feature"},{"geometry":{"coordinates":[[[16.638438,42.93476],[16.655447,42.926256],[16.672618,42.92178],[16.672862,42.926744],[16.691417,42.928209],[16.73735725938,42.917729412905],[16.73735725938,42.94964028777],[16.675638719425,42.94964028777],[16.638438,42.93476]]],"type":"Polygon"},"id":213,"properties":{"parentKey":"HRV:1159312431","sourceCountryId":"HRV","syntheticOperational":true,"territoryId":"territory:catalog:ebdd5f999f76582e4764ac9c10c983754e1537b6fa2c4ee26b19fff810053c5f"},"type":"Feature"},{"geometry":{"coordinates":[[[17.399486740804,45.703884082824],[17.402277,45.705221],[17.410855,45.711319],[17.416126,45.713644],[17.422637,45.71814],[17.426358,45.718967],[17.432249,45.718605],[17.441241,45.716538],[17.448992,45.713541],[17.489817,45.693025],[17.492917,45.688323],[17.491987,45.675145],[17.424498,45.59236],[17.430544,45.574686],[17.472298,45.56895],[17.478809,45.565384],[17.485786,45.562387],[17.488886,45.559752],[17.491987,45.557685],[17.496173,45.555669],[17.500359,45.555359],[17.504389,45.556341],[17.50966,45.560113],[17.512141,45.563524],[17.513381,45.566883],[17.513226,45.574066],[17.514156,45.57634],[17.517102,45.57634],[17.586193,45.548796],[17.592394,45.547504],[17.59627,45.545644],[17.603933541555,45.539568345324],[17.647058823529,45.539568345324],[17.70744225834,45.539568345324],[17.70744225834,45.755395683453],[17.628865979381,45.755395683453],[17.399486740804,45.755395683453],[17.399486740804,45.703884082824]]],"type":"Polygon"},"id":214,"properties":{"parentKey":"HRV:1159312547","sourceCountryId":"HRV","syntheticOperational":true,"territoryId":"territory:catalog:a48f9b06dd24afaca2b49f3b9548eccfd7ced829f533f2a9e176c4428e95fef5"},"type":"Feature"},{"geometry":{"coordinates":[[[15.81589958159,44.244604316547],[15.9,44.244604316547],[16.117154811715,44.244604316547],[16.117154811715,44.460431654676],[15.869017632242,44.460431654676],[15.81589958159,44.460431654676],[15.81589958159,44.244604316547]]],"type":"Polygon"},"id":215,"properties":{"parentKey":"HRV:1159312443","sourceCountryId":"HRV","syntheticOperational":true,"territoryId":"territory:catalog:828715c9f36eee6c54dbcb2269661beede8c2dd5f3be03ef4cc82edee7e6a132"},"type":"Feature"},{"geometry":{"coordinates":[[[13.78712,44.875067],[13.799327,44.864569],[13.79949452401,44.864487322187],[13.79949452401,44.876192415406],[13.794607,44.881293],[13.78712,44.875067]]],"type":"Polygon"},"id":216,"properties":{"parentKey":"HRV:1159312535","sourceCountryId":"HRV","syntheticOperational":true,"territoryId":"territory:catalog:ca30df9ace1785f87822cecd38f8771b2b941e37dd58e3e4cffc087206da000e"},"type":"Feature"},{"geometry":{"coordinates":[[[16.420503909644,46.402877697842],[16.675324675325,46.402877697842],[16.733275412685,46.402877697842],[16.733275412685,46.403736361275],[16.712395,46.412672],[16.693585,46.429622],[16.677462,46.44869],[16.659272,46.464193],[16.637671,46.474477],[16.61111,46.478069],[16.602118,46.482048],[16.594263,46.482978],[16.588062,46.479567],[16.583721,46.470653],[16.577623,46.470653],[16.564291,46.479929],[16.521089,46.498532],[16.515302,46.501711],[16.491117,46.515146],[16.481298,46.519022],[16.470756,46.520262],[16.449052,46.51835],[16.440371,46.519022],[16.431999,46.523208],[16.420503909644,46.531635867802],[16.420503909644,46.402877697842]]],"type":"Polygon"},"id":217,"properties":{"parentKey":"HRV:1159312553","sourceCountryId":"HRV","syntheticOperational":true,"territoryId":"territory:catalog:aed83a086df9aa40c65a93be31274490263a58c566b97d18a7f7fbbb96c808d9"},"type":"Feature"},{"geometry":{"coordinates":[[[15.847176079734,43.936893314808],[15.874153,43.929825],[15.877874,43.927758],[15.897614,43.911894],[15.90118,43.910033],[15.90366,43.909103],[15.906451,43.909361],[15.910481,43.910602],[15.916838,43.914632],[15.937146,43.931272],[15.944433,43.93551],[15.953166,43.939437],[15.960142,43.941298],[15.996884,43.94693],[16.001535,43.949669],[16.001742,43.952821],[15.999675,43.960676],[15.99952,43.963828],[16.000605,43.967291],[16.002672,43.970443],[16.005463,43.97313],[16.008408,43.974887],[16.011664,43.975817],[16.021896,43.977161],[16.026082,43.978298],[16.028097,43.979486],[16.029647,43.982019],[16.030112,43.985222],[16.028872,43.988375],[16.024841,43.994214],[16.023601,43.996901],[16.023291,43.999072],[16.023291,43.999899],[16.023446,44.000725],[16.023911,44.002017],[16.025306,44.004653],[16.029492,44.010234],[16.032748,44.012714],[16.039724,44.014213],[16.06427,44.013955],[16.083959,44.010957],[16.088145,44.010699],[16.092331,44.011267],[16.097757,44.013024],[16.104733,44.015918],[16.123494710786,44.028776978417],[15.9,44.028776978417],[15.847176079734,44.028776978417],[15.847176079734,43.936893314808]]],"type":"Polygon"},"id":218,"properties":{"parentKey":"HRV:1159312443","sourceCountryId":"HRV","syntheticOperational":true,"territoryId":"territory:catalog:771f1fae2f1788fb13f397ae74ae8fde0738ca6f9ffa319dee28a6cebd96e4e4"},"type":"Feature"},{"geometry":{"coordinates":[[[14.271099744246,45.323741007194],[14.293644930288,45.323741007194],[14.311534,45.34398],[14.329763,45.35399],[14.345876,45.35163],[14.363617,45.344631],[14.402354,45.338609],[14.443735604311,45.323741007194],[14.57800511509,45.323741007194],[14.57800511509,45.539568345324],[14.479888266118,45.539568345324],[14.468915,45.525594],[14.429744,45.505389],[14.411244,45.493193],[14.372797,45.477845],[14.326805,45.4749],[14.280399,45.481101],[14.271099744246,45.483963154387],[14.271099744246,45.323741007194]]],"type":"Polygon"},"id":219,"properties":{"parentKey":"HRV:1159312505","sourceCountryId":"HRV","syntheticOperational":true,"territoryId":"territory:catalog:3223a1d91c5d07972538c5a01a7a0a9f2a6d904b133d6767b05b99ac7ba6777f"},"type":"Feature"},{"geometry":{"coordinates":[[[15.315922493682,44.676258992806],[15.531264921816,44.676258992806],[15.527817,44.6889],[15.522236,44.698357],[15.516655,44.704662],[15.510299,44.708589],[15.493039,44.716806],[15.486063,44.721198],[15.476296,44.729621],[15.47273,44.737838],[15.472575,44.746881],[15.475366,44.75055],[15.482807,44.751997],[15.518361,44.751739],[15.526267,44.752669],[15.533088,44.754995],[15.538824,44.758664],[15.544871,44.761351],[15.556084,44.764916],[15.565696,44.771221],[15.594067,44.783572],[15.596857,44.785845],[15.599493,44.789359],[15.601973,44.796697],[15.600888,44.801297],[15.597012,44.803829],[15.580889,44.806464],[15.574688,44.808583],[15.563216,44.815146],[15.547196,44.820469],[15.531228,44.828789],[15.525492,44.833284],[15.524872,44.836385],[15.527197,44.83902],[15.547041,44.849511],[15.559495,44.859071],[15.566781,44.878553],[15.544115944223,44.892086330935],[15.532994923858,44.892086330935],[15.315922493682,44.892086330935],[15.315922493682,44.676258992806]]],"type":"Polygon"},"id":220,"properties":{"parentKey":"HRV:1159312507","sourceCountryId":"HRV","syntheticOperational":true,"territoryId":"territory:catalog:ae3fcc2b6a596b99abb609c84370065737ba0e28df55d5feaae7efb12019f444"},"type":"Feature"},{"geometry":{"coordinates":[[[15.108876035828,45.107913669065],[15.125465,45.105257],[15.159106,45.106601],[15.160991753493,45.107913669065],[15.108876035828,45.107913669065]]],"type":"Polygon"},"id":221,"properties":{"parentKey":"HRV:1159312525","sourceCountryId":"HRV","syntheticOperational":true,"territoryId":"territory:catalog:d571fac882ca4c98333dbf9c76de562d74e17cc06f9c8afe8c59a3b104a37bbe"},"type":"Feature"},{"geometry":{"coordinates":[[[16.802989,42.763495],[16.809825,42.763495],[16.818858,42.769355],[16.824067,42.764065],[16.822276,42.755113],[16.809825,42.749823],[16.820811,42.73607],[16.82675848398,42.73381294964],[16.847918252401,42.73381294964],[16.858165,42.742987],[16.874034,42.737616],[16.882172,42.736396],[16.883193188791,42.73381294964],[16.909541842765,42.73381294964],[16.924653,42.7414],[16.936371,42.75552],[16.93393,42.770941],[16.921072,42.777167],[16.858165,42.784003],[16.828136,42.780951],[16.810232,42.775336],[16.802989,42.763495]]],"type":"Polygon"},"id":222,"properties":{"parentKey":"HRV:1159312431","sourceCountryId":"HRV","syntheticOperational":true,"territoryId":"territory:catalog:d103ed9b0bbce6a5a0691ddf05471b5d503a2d6e16bb75d1fecf2641a62a2e61"},"type":"Feature"},{"geometry":{"coordinates":[[[16.471558120363,43.50990765227],[16.504405,43.503974],[16.509532,43.505072],[16.518565,43.509711],[16.524669,43.51081],[16.53004,43.508775],[16.532563,43.50434],[16.533458,43.499701],[16.534841,43.497138],[16.625824,43.449042],[16.693858,43.4383],[16.752452,43.419501],[16.76834295136,43.417821077466],[16.76834295136,43.597122302158],[16.688741721854,43.597122302158],[16.471558120363,43.597122302158],[16.471558120363,43.539010399033],[16.473399,43.538153],[16.471558120363,43.537185422889],[16.471558120363,43.50990765227]]],"type":"Polygon"},"id":223,"properties":{"parentKey":"HRV:1159312433","sourceCountryId":"HRV","syntheticOperational":true,"territoryId":"territory:catalog:bb7bc5d860f1b39964c217065a83192b08633c89126540a30e0762b21d721906"},"type":"Feature"},{"geometry":{"coordinates":[[[14.92385786802,45.076372719994],[14.92651,45.077559],[14.934262,45.078851],[14.939585,45.077921],[14.944701,45.07389],[14.947646,45.072701],[14.951677,45.071719],[14.96749,45.07327],[14.995395,45.071409],[15.012655,45.07234],[15.018856,45.07389],[15.022577,45.077042],[15.026298,45.085],[15.027383,45.091977],[15.027228,45.097403],[15.01965038507,45.107913669065],[14.974533106961,45.107913669065],[14.92385786802,45.107913669065],[14.92385786802,45.076372719994]]],"type":"Polygon"},"id":224,"properties":{"parentKey":"HRV:1159312505","sourceCountryId":"HRV","syntheticOperational":true,"territoryId":"territory:catalog:a1afe861b0a84e88dd219edc68cfc00b2e4d7ecbfd8d4b606da2e308069d2a5f"},"type":"Feature"},{"geometry":{"coordinates":[[[16.390728476821,43.597122302158],[16.471558120363,43.597122302158],[16.688741721854,43.597122302158],[16.688741721854,43.812949640288],[16.445182724253,43.812949640288],[16.426177534539,43.812949640288],[16.425489,43.812261],[16.390728476821,43.795024950862],[16.390728476821,43.597122302158]]],"type":"Polygon"},"id":225,"properties":{"parentKey":"HRV:1159312433","sourceCountryId":"HRV","syntheticOperational":true,"territoryId":"territory:catalog:2704f69a607fdbd19d7e08b292676cd0c5bbb0345b48028ee3a0d1aee0cf39f1"},"type":"Feature"},{"geometry":{"coordinates":[[[18.556701030928,45.755395683453],[18.63130881095,45.755395683453],[18.865979381443,45.755395683453],[18.865979381443,45.796162288837],[18.863995,45.798549],[18.848699,45.809556],[18.844978,45.815706],[18.846735,45.819995],[18.850353,45.824232],[18.85242,45.830072],[18.855314,45.857357],[18.865979381443,45.858066975599],[18.865979381443,45.918285992371],[18.865442,45.918077],[18.845392,45.913943],[18.828339,45.905726],[18.822451,45.905582],[18.817797,45.905468],[18.804878,45.913633],[18.794852,45.903039],[18.790408,45.893892],[18.785964,45.886916],[18.775525,45.882834],[18.76333,45.88397],[18.723849,45.89844],[18.674343,45.910377],[18.655636,45.907587],[18.633002,45.891929],[18.629281,45.886864],[18.626284,45.874824],[18.623597,45.868674],[18.62215,45.868416],[18.60737,45.856685],[18.585459,45.82692],[18.57347,45.816688],[18.556701030928,45.806658680705],[18.556701030928,45.755395683453]]],"type":"Polygon"},"id":226,"properties":{"parentKey":"HRV:1159312539","sourceCountryId":"HRV","syntheticOperational":true,"territoryId":"territory:catalog:35e1c0f3807b1177ebde2ded46d7366456dba7ff3c5779b2fa6093f0a302d196"},"type":"Feature"},{"geometry":{"coordinates":[[[13.964194373402,45.323741007194],[14.057724957555,45.323741007194],[14.208975132496,45.323741007194],[14.210533,45.327776],[14.210844,45.335321],[14.208983,45.345605],[14.199526,45.375577],[14.197666,45.385705],[14.198131,45.393199],[14.201077,45.398108],[14.203557,45.403947],[14.201232,45.407565],[14.192395,45.412319],[14.138858,45.434281],[14.129867,45.440948],[14.120875,45.451024],[14.117309,45.459034],[14.116224,45.464202],[14.117321,45.472976],[14.116747,45.472998],[14.092917,45.473918],[14.066665,45.480274],[14.041551,45.493193],[14.028322,45.50265],[14.013956,45.507973],[13.987476,45.511909],[13.971891,45.514226],[13.964966,45.51097],[13.964194373402,45.509415328311],[13.964194373402,45.490834383642],[13.98264,45.475313],[13.969824,45.462963],[13.964194373402,45.461279005884],[13.964194373402,45.323741007194]]],"type":"Polygon"},"id":227,"properties":{"parentKey":"HRV:1159312535","sourceCountryId":"HRV","syntheticOperational":true,"territoryId":"territory:catalog:9678aa4a1fdf0c8d14afe8f10270fcae25f78f99571d75792d98998dedf22c33"},"type":"Feature"},{"geometry":{"coordinates":[[[18.865979381443,45.755395683453],[18.903090985619,45.755395683453],[18.900169,45.764908],[18.871127,45.789971],[18.865979381443,45.796162288837],[18.865979381443,45.755395683453]]],"type":"Polygon"},"id":228,"properties":{"parentKey":"HRV:1159312539","sourceCountryId":"HRV","syntheticOperational":true,"territoryId":"territory:catalog:818fdd29994d43957514276ba518e573577fe1b89ecaedb2d4665c839ee1035d"},"type":"Feature"},{"geometry":{"coordinates":[[[16.082474226804,45.770024268295],[16.089318,45.773161],[16.138116,45.808315],[16.141527,45.807695],[16.169794,45.795241],[16.187157,45.790229],[16.189793,45.791159],[16.191963,45.794001],[16.195064,45.802321],[16.20173,45.812708],[16.20235,45.813948],[16.204675,45.820769],[16.206536,45.830123],[16.207466,45.832603],[16.209016,45.835032],[16.224519,45.846969],[16.226845,45.849605],[16.224674,45.855289],[16.218628,45.864023],[16.182196,45.898956],[16.176615,45.906242],[16.163231,45.933372],[16.136256,45.970373],[16.121683,45.969391],[16.109849,45.962001],[16.091091,45.958229],[16.082474226804,45.954990167466],[16.082474226804,45.770024268295]]],"type":"Polygon"},"id":229,"properties":{"parentKey":"HRV:1159312533","sourceCountryId":"HRV","syntheticOperational":true,"territoryId":"territory:catalog:0bc91482bf674d1637d3d57550b62c1d93f497a040be08d24791bae10c16da36"},"type":"Feature"},{"geometry":{"coordinates":[[[15.018206397563,44.028776978417],[15.042817,43.990424],[15.066905,43.96955],[15.106619,43.925442],[15.121349,43.912584],[15.136485,43.903022],[15.172374,43.887519],[15.175141,43.884263],[15.184581,43.877102],[15.194509,43.872626],[15.199067,43.877631],[15.196788,43.886379],[15.191091,43.887519],[15.183442,43.886949],[15.175548,43.890937],[15.169688,43.894965],[15.144542,43.908108],[15.14031,43.913031],[15.137706,43.917873],[15.133311,43.92121],[15.145518,43.923896],[15.195486,43.895209],[15.220225,43.90119],[15.216807,43.912787],[15.144542,43.949652],[15.116954,43.978827],[15.11378,43.983791],[15.099132,43.985093],[15.088227,43.989651],[15.041352,44.026435],[15.039125138975,44.028776978417],[15.018206397563,44.028776978417]]],"type":"Polygon"},"id":230,"properties":{"parentKey":"HRV:1159312443","sourceCountryId":"HRV","syntheticOperational":true,"territoryId":"territory:catalog:78a08e82748791502ee05d389e496cdcf6925a54e36666db3c7727060babca45"},"type":"Feature"},{"geometry":{"coordinates":[[[17.647058823529,45.323741007194],[17.724957555178,45.323741007194],[17.953964194373,45.323741007194],[17.953964194373,45.526015701484],[17.948342,45.51593],[17.93966,45.5042],[17.932373,45.497223],[17.925552,45.492366],[17.890774,45.473917],[17.884418,45.471385],[17.879147,45.470713],[17.875581,45.471902],[17.867675,45.473555],[17.85119,45.474589],[17.817548,45.470506],[17.807782,45.470196],[17.799255,45.471385],[17.793932,45.474072],[17.791142,45.47769],[17.789126,45.482082],[17.785406,45.486733],[17.77936,45.49066],[17.769593,45.493399],[17.725513,45.497172],[17.715591,45.499755],[17.706909,45.503166],[17.650427,45.515465],[17.647058823529,45.517025659472],[17.647058823529,45.323741007194]]],"type":"Polygon"},"id":231,"properties":{"parentKey":"HRV:1159312541","sourceCountryId":"HRV","syntheticOperational":true,"territoryId":"territory:catalog:d0b54561a770087181525e2c1344b4d95bf35e068e846921c524476d5c8d80f2"},"type":"Feature"},{"geometry":{"coordinates":[[[18.63130881095,45.539568345324],[18.874680306905,45.539568345324],[18.939264328486,45.539568345324],[18.939264328486,45.540596785836],[18.932002,45.545541],[18.912054,45.568227],[18.90358,45.573085],[18.90699,45.581663],[18.90823,45.600422],[18.912365,45.619232],[18.924457,45.627707],[18.935412,45.633391],[18.939264328486,45.637134731273],[18.939264328486,45.695614974277],[18.931071,45.698917],[18.917325,45.706565],[18.908954,45.719433],[18.90482,45.749767],[18.903090985619,45.755395683453],[18.865979381443,45.755395683453],[18.63130881095,45.755395683453],[18.63130881095,45.539568345324]]],"type":"Polygon"},"id":232,"properties":{"parentKey":"HRV:1159312539","sourceCountryId":"HRV","syntheticOperational":true,"territoryId":"territory:catalog:98797bb4333f51866102eb1d723d3f370da619176270ba1ffbf7a47787f35b7c"},"type":"Feature"},{"geometry":{"coordinates":[[[18.939264328486,45.637134731273],[18.962904,45.660108],[18.968485,45.668738],[18.962697,45.683052],[18.948125,45.692044],[18.939264328486,45.695614974277],[18.939264328486,45.637134731273]]],"type":"Polygon"},"id":233,"properties":{"parentKey":"HRV:1159312539","sourceCountryId":"HRV","syntheticOperational":true,"territoryId":"territory:catalog:d0fd78bad17dd38a927318e6d5764e0b564a50eff40169d428af5a85f8650418"},"type":"Feature"},{"geometry":{"coordinates":[[[16.981706642161,45.971223021583],[16.983801,45.970218],[16.994343,45.961019],[16.994343,45.952648],[16.992328,45.942829],[16.992017,45.934664],[16.996203,45.927119],[17.000699,45.925104],[17.006435,45.925466],[17.010309278351,45.927481987849],[17.010309278351,45.971223021583],[16.981706642161,45.971223021583]]],"type":"Polygon"},"id":234,"properties":{"parentKey":"HRV:1159312551","sourceCountryId":"HRV","syntheticOperational":true,"territoryId":"territory:catalog:c15e7bb2fb0f906b31a2664166adf833a550fc49358cf4b3072bde35db9820e6"},"type":"Feature"},{"geometry":{"coordinates":[[[16.345442,46.110054],[16.352883,46.09021],[16.355364,46.078686],[16.352728,46.042358],[16.35924,46.024633],[16.432775,46.008045],[16.443627,46.004066],[16.448275862069,45.999298437465],[16.448275862069,46.13562980333],[16.446573,46.135375],[16.441922,46.135789],[16.439131,46.136977],[16.437271,46.1392],[16.434946,46.143747],[16.433395,46.145246],[16.431225,46.145969],[16.427504,46.145039],[16.392571,46.127004],[16.387455,46.125454],[16.382804,46.124833],[16.368541,46.12597],[16.364821,46.125764],[16.349628,46.122508],[16.346372,46.11765],[16.345442,46.110054]]],"type":"Polygon"},"id":235,"properties":{"parentKey":"HRV:1159312551","sourceCountryId":"HRV","syntheticOperational":true,"territoryId":"territory:catalog:84625fe5a6570afda58e60cb338739edfd90b5f0854d0e295e71dd004f019b08"},"type":"Feature"},{"geometry":{"coordinates":[[[17.030995106036,42.926177301603],[17.107432,42.914293],[17.153087,42.921129],[17.174327,42.922024],[17.19337,42.914293],[17.200206,42.92178],[17.164317,42.941474],[17.152829941447,42.94964028777],[17.030995106036,42.94964028777],[17.030995106036,42.926177301603]]],"type":"Polygon"},"id":236,"properties":{"parentKey":"HRV:1159312431","sourceCountryId":"HRV","syntheticOperational":true,"territoryId":"territory:catalog:1aa99940b18c49c8f0f9bab04c8d0f92070dcff5da554f6ba38c8caae29092f3"},"type":"Feature"},{"geometry":{"coordinates":[[[16.855974545182,43.165467625899],[16.869160917349,43.165467625899],[16.864431,43.16885],[16.855974545182,43.165467625899]]],"type":"Polygon"},"id":237,"properties":{"parentKey":"HRV:1159312433","sourceCountryId":"HRV","syntheticOperational":true,"territoryId":"territory:catalog:02f779b5960947104736035708efb7cdff34176b2eb174c3e78651e44968d2a4"},"type":"Feature"},{"geometry":{"coordinates":[[[14.292491,44.940334],[14.301524,44.922309],[14.296235,44.91592],[14.295177,44.913072],[14.2942,44.908637],[14.314138,44.893785],[14.314583760505,44.892086330935],[14.314720812183,44.892086330935],[14.314720812183,44.939572496585],[14.301524,44.943427],[14.292491,44.940334]]],"type":"Polygon"},"id":238,"properties":{"parentKey":"HRV:1159312505","sourceCountryId":"HRV","syntheticOperational":true,"territoryId":"territory:catalog:9b189f92123bd9c75a32d3f8cd6daaacefa839478007956f5c6a94fee90f832e"},"type":"Feature"},{"geometry":{"coordinates":[[[14.415027845919,44.676258992806],[14.427908,44.656562],[14.472992,44.620266],[14.502289,44.620266],[14.513357,44.618842],[14.520356,44.621527],[14.527354,44.627143],[14.534353,44.634263],[14.527517,44.647895],[14.514985,44.642157],[14.508556,44.645331],[14.508067,44.653306],[14.513927,44.662177],[14.502818860593,44.676258992806],[14.415027845919,44.676258992806]]],"type":"Polygon"},"id":239,"properties":{"parentKey":"HRV:1159312505","sourceCountryId":"HRV","syntheticOperational":true,"territoryId":"territory:catalog:114c7aa245cf9f23072ee75c06caa4fabd89c98f18224dba1b07e35d0e03a687"},"type":"Feature"},{"geometry":{"coordinates":[[[16.466933,45.960812],[16.469414,45.958849],[16.475305,45.958125],[16.488792,45.960709],[16.495924,45.96412],[16.499644,45.96629],[16.502745,45.970993],[16.502928054301,45.971223021583],[16.470821498061,45.971223021583],[16.468794,45.966807],[16.466933,45.960812]]],"type":"Polygon"},"id":240,"properties":{"parentKey":"HRV:1159312551","sourceCountryId":"HRV","syntheticOperational":true,"territoryId":"territory:catalog:cbe0469a3fc6fea1c644bc8f9ff391d16fecaea3a43f851730bbac48d4d2747e"},"type":"Feature"},{"geometry":{"coordinates":[[[14.1941,45.292068],[14.194565,45.275015],[14.202162,45.219566],[14.203092,45.196001],[14.201697,45.186751],[14.201542,45.177966],[14.202627,45.171558],[14.207019,45.165202],[14.211154,45.161533],[14.233995,45.15466],[14.234682,45.154574],[14.234711920228,45.154570254527],[14.247732,45.186469],[14.258474,45.255764],[14.271983,45.290107],[14.290782,45.320502],[14.293644930288,45.323741007194],[14.271099744246,45.323741007194],[14.208975132496,45.323741007194],[14.206503,45.317338],[14.197511,45.303902],[14.195186,45.298321],[14.1941,45.292068]]],"type":"Polygon"},"id":241,"properties":{"parentKey":"HRV:1159312505","sourceCountryId":"HRV","syntheticOperational":true,"territoryId":"territory:catalog:1bc720e485946e15b4c206dbc0c6e629be4ed49b3b290b357200a71a069ca190"},"type":"Feature"},{"geometry":{"coordinates":[[[15.353929000638,44.028776978417],[15.358084,44.025702],[15.384044,43.997382],[15.438731,43.949652],[15.445649,43.941352],[15.449718,43.934394],[15.455089,43.928046],[15.466075,43.921698],[15.473643,43.919135],[15.482432,43.917141],[15.497732,43.915513],[15.512218,43.911078],[15.524913,43.900458],[15.545177,43.877631],[15.546886,43.876573],[15.54689098969,43.876569870269],[15.547041,43.87665],[15.548172757475,43.877455137228],[15.548172757475,44.028776978417],[15.353929000638,44.028776978417]]],"type":"Polygon"},"id":242,"properties":{"parentKey":"HRV:1159312443","sourceCountryId":"HRV","syntheticOperational":true,"territoryId":"territory:catalog:b844951eb3d70d85fd667feaeeec154fb6c34244ec7ae7219fa912d87020764c"},"type":"Feature"},{"geometry":{"coordinates":[[[15.008004,45.124068],[15.01965038507,45.107913669065],[15.108876035828,45.107913669065],[15.008004,45.124068]]],"type":"Polygon"},"id":243,"properties":{"parentKey":"HRV:1159312507","sourceCountryId":"HRV","syntheticOperational":true,"territoryId":"territory:catalog:fc228d712d1ff7b2a0dcdb9a04ab68138833346a66829b2eee8b298e1da56a94"},"type":"Feature"},{"geometry":{"coordinates":[[[15.17121124474,45.323741007194],[15.191815856778,45.323741007194],[15.191815856778,45.353938783879],[15.190939,45.353408],[15.185513,45.34917],[15.183497,45.345708],[15.182877,45.342659],[15.183807,45.334081],[15.180862,45.32912],[15.174196,45.324624],[15.17121124474,45.323741007194]]],"type":"Polygon"},"id":244,"properties":{"parentKey":"HRV:1159312525","sourceCountryId":"HRV","syntheticOperational":true,"territoryId":"territory:catalog:692ce6a7131bd7f77e4a7e995e5a9ebd4550cb3d0be1a648bd7e5e68f4d1f552"},"type":"Feature"},{"geometry":{"coordinates":[[[16.448275862069,46.13562980333],[16.472824,46.139303],[16.485072,46.142869],[16.490808,46.146641],[16.494218,46.15124],[16.497009,46.158423],[16.500109,46.161782],[16.558732132404,46.187050359712],[16.448275862069,46.187050359712],[16.448275862069,46.13562980333]]],"type":"Polygon"},"id":245,"properties":{"parentKey":"HRV:1159312555","sourceCountryId":"HRV","syntheticOperational":true,"territoryId":"territory:catalog:8e2117a06ff175c7cef34da4205ff86e096deb0bd30cb0e518c06541996e0bab"},"type":"Feature"},{"geometry":{"coordinates":[[[15.859709153122,45.539568345324],[15.868813378162,45.539568345324],[15.868727,45.541613],[15.867487,45.544869],[15.864386,45.547349],[15.85989,45.548951],[15.859709153122,45.548981135746],[15.859709153122,45.539568345324]]],"type":"Polygon"},"id":246,"properties":{"parentKey":"HRV:1159312529","sourceCountryId":"HRV","syntheticOperational":true,"territoryId":"territory:catalog:089770158d3b2f6896844158180628a221f7843f7d74cc3f00b959a9c48d5571"},"type":"Feature"},{"geometry":{"coordinates":[[[17.033248081841,45.420279271147],[17.035167,45.420587],[17.04881,45.424825],[17.053306,45.425755],[17.057491,45.425186],[17.060902,45.422757],[17.062607,45.417021],[17.061522,45.411595],[17.059507,45.407823],[17.054701,45.4025],[17.05005,45.395834],[17.049275,45.392062],[17.049275,45.387979],[17.051445,45.384724],[17.061987,45.378161],[17.143791,45.341936],[17.181205,45.34793],[17.224923,45.373562],[17.237325,45.378781],[17.25071,45.38059],[17.267143,45.377024],[17.277685,45.372321],[17.290087,45.369789],[17.304246,45.370771],[17.340153452685,45.38232191379],[17.340153452685,45.517209314143],[17.335097,45.517532],[17.233605,45.505802],[17.222908,45.50668],[17.212521,45.511072],[17.198723,45.519082],[17.190042,45.52549],[17.185029,45.528281],[17.180378,45.528332],[17.173712,45.524198],[17.169061,45.520013],[17.159759,45.516343],[17.146737,45.514173],[17.123431,45.51345],[17.108548,45.511641],[17.082503,45.505802],[17.070721,45.504406],[17.057802,45.507455],[17.044314,45.506577],[17.037338,45.505336],[17.033248081841,45.50381716751],[17.033248081841,45.420279271147]]],"type":"Polygon"},"id":247,"properties":{"parentKey":"HRV:1159312541","sourceCountryId":"HRV","syntheticOperational":true,"territoryId":"territory:catalog:9438bbe7bb7e8116eb6b1e572ac1198b6b10f435e8462b43f05c2978c783f376"},"type":"Feature"},{"geometry":{"coordinates":[[[17.41935483871,45.145218043662],[17.434109,45.148563],[17.436176,45.151922],[17.438759,45.158123],[17.443307,45.162051],[17.451162,45.158485],[17.45695,45.151819],[17.458086,45.146134],[17.454986,45.140605],[17.447751,45.1343],[17.46036,45.131252],[17.472349,45.13275],[17.496224,45.14169],[17.487025,45.120865],[17.481858,45.114405],[17.489299,45.116265],[17.539528,45.120968],[17.561439,45.119366],[17.572395,45.120399],[17.593065,45.129598],[17.629962,45.157348],[17.651563,45.165358],[17.684739,45.163963],[17.714505,45.152025],[17.724957555178,45.144728593702],[17.724957555178,45.188256375185],[17.71156,45.191247],[17.70877,45.193521],[17.711095,45.198275],[17.721482,45.211608],[17.721637,45.212744],[17.719312,45.216775],[17.705979,45.232795],[17.704894,45.234862],[17.704739,45.236774],[17.706134,45.242613],[17.706444,45.245921],[17.706134,45.248815],[17.705824,45.250468],[17.705204,45.252432],[17.703033,45.256618],[17.701638,45.258736],[17.696832,45.261217],[17.687841,45.264111],[17.66686,45.268193],[17.651977,45.268452],[17.621695,45.266333],[17.604952,45.268297],[17.57715,45.276823],[17.550795,45.288812],[17.532346,45.299458],[17.504233458428,45.323741007194],[17.41935483871,45.323741007194],[17.41935483871,45.145218043662]]],"type":"Polygon"},"id":248,"properties":{"parentKey":"HRV:1159312537","sourceCountryId":"HRV","syntheticOperational":true,"territoryId":"territory:catalog:d89f8f82d74ddae9c7b130371c679b53adb5bfc2b7b1ddaf041858eee40f0391"},"type":"Feature"},{"geometry":{"coordinates":[[[18.641765704584,45.107913669065],[18.883248730964,45.107913669065],[18.947368421053,45.107913669065],[18.947368421053,45.323741007194],[18.874680306905,45.323741007194],[18.641765704584,45.323741007194],[18.641765704584,45.107913669065]]],"type":"Polygon"},"id":249,"properties":{"parentKey":"HRV:1159312543","sourceCountryId":"HRV","syntheticOperational":true,"territoryId":"territory:catalog:f126db4fc6796c9d8f203a1463ccbd739a3974e0da932fb38e3a85f8fde5fc56"},"type":"Feature"},{"geometry":{"coordinates":[[[13.705583756345,45.022114772008],[13.732758,44.99494],[13.774099,44.963813],[13.796723,44.924872],[13.808116,44.915432],[13.803477,44.910631],[13.798676,44.903957],[13.794607,44.901109],[13.794607,44.894965],[13.797693997761,44.892086330935],[13.79949452401,44.892086330935],[13.985838168818,44.892086330935],[13.980724,44.896552],[13.972667,44.901109],[13.988455,44.900784],[14.010152284264,44.905171487886],[14.010152284264,45.107913669065],[13.752122241087,45.107913669065],[13.705583756345,45.107913669065],[13.705583756345,45.022114772008]]],"type":"Polygon"},"id":250,"properties":{"parentKey":"HRV:1159312535","sourceCountryId":"HRV","syntheticOperational":true,"territoryId":"territory:catalog:c57292546328a7bdc9e7eb9d9d2f75f6581a1f2307303d22180609f3110588f4"},"type":"Feature"},{"geometry":{"coordinates":[[[16.112531969309,45.323741007194],[16.196943972835,45.323741007194],[16.419437340153,45.323741007194],[16.419437340153,45.539568345324],[16.167664670659,45.539568345324],[16.112531969309,45.539568345324],[16.112531969309,45.323741007194]]],"type":"Polygon"},"id":251,"properties":{"parentKey":"HRV:1159312529","sourceCountryId":"HRV","syntheticOperational":true,"territoryId":"territory:catalog:cf06f9f18f13af30cea4d6ad782c0ea41314f255f5185935e6522c41ac46d71f"},"type":"Feature"},{"geometry":{"coordinates":[[[14.962216624685,44.538988105385],[14.972911,44.536119],[15.014171,44.518744],[15.011729,44.514879],[15.007335,44.504543],[15.028168,44.50316],[15.055919,44.486233],[15.075531,44.484076],[15.061697,44.500718],[15.051768,44.516181],[15.041189,44.527493],[15.003917,44.536078],[14.989106,44.546617],[14.966319,44.573432],[14.962216624685,44.576458225073],[14.962216624685,44.538988105385]]],"type":"Polygon"},"id":252,"properties":{"parentKey":"HRV:1159312507","sourceCountryId":"HRV","syntheticOperational":true,"territoryId":"territory:catalog:33aded5af7044a16ca5d558ef0cd55c2694ca3562be697dd152ec171d529d7e7"},"type":"Feature"},{"geometry":{"coordinates":[[[14.619289340102,45.045007316697],[14.62086,45.0456],[14.626313,45.037258],[14.62379,45.00141],[14.624522,44.9855],[14.628917,44.978176],[14.657888,44.970038],[14.706391,44.946723],[14.723399,44.943345],[14.742035,44.944729],[14.756847,44.948717],[14.760753,44.955146],[14.747244,44.963813],[14.747244,44.970038],[14.760916,44.977484],[14.772227,44.97134],[14.784679,44.969306],[14.797211,44.97134],[14.808767,44.977484],[14.814952,44.977484],[14.799815,45.005194],[14.740001,45.044338],[14.740489,45.073065],[14.695974,45.073432],[14.678071,45.07746],[14.665294,45.087348],[14.659076107676,45.107913669065],[14.619289340102,45.107913669065],[14.619289340102,45.045007316697]]],"type":"Polygon"},"id":253,"properties":{"parentKey":"HRV:1159312505","sourceCountryId":"HRV","syntheticOperational":true,"territoryId":"territory:catalog:fd0ed212b429c717d451aed4674b47220010eeaf61c0c7e85d84d91ad53d6fe5"},"type":"Feature"},{"geometry":{"coordinates":[[[16.783575705731,45.539568345324],[16.85461242989,45.539568345324],[16.847685,45.546006],[16.837918,45.557323],[16.835593,45.559132],[16.832027,45.560579],[16.823346,45.563059],[16.817299,45.566625],[16.809393,45.576185],[16.805052,45.582696],[16.790738,45.609051],[16.786707,45.613185],[16.783575705731,45.614750899618],[16.783575705731,45.539568345324]]],"type":"Polygon"},"id":254,"properties":{"parentKey":"HRV:1159312529","sourceCountryId":"HRV","syntheticOperational":true,"territoryId":"territory:catalog:b24ed31483822fec5eceed0cdad68681f8ee8490e052f0f3048fd6e7f7da25e5"},"type":"Feature"},{"geometry":{"coordinates":[[[16.675324675325,46.203439993357],[16.676429,46.203692],[16.695498,46.210203],[16.73224,46.227204],[16.74888,46.237902],[16.757872,46.247048],[16.763453,46.259141],[16.770584,46.268907],[16.773219,46.27454],[16.774305,46.279863],[16.773529,46.283997],[16.772289,46.287356],[16.770429,46.289578],[16.768103,46.290973],[16.758647,46.295262],[16.745159,46.305701],[16.720458,46.311385],[16.675324675325,46.313152205989],[16.675324675325,46.203439993357]]],"type":"Polygon"},"id":255,"properties":{"parentKey":"HRV:1159312555","sourceCountryId":"HRV","syntheticOperational":true,"territoryId":"territory:catalog:ef626ad2aa0a371679dac5c675efae79432262ede82e7dade0fffc89e8d82505"},"type":"Feature"},{"geometry":{"coordinates":[[[16.953316953317,43.127265],[17.19337,43.127265],[17.155284,43.140326],[17.109874,43.143785],[17.018565,43.140855],[16.958751,43.152411],[16.953316953317,43.152617804331],[16.953316953317,43.127265]]],"type":"Polygon"},"id":256,"properties":{"parentKey":"HRV:1159312433","sourceCountryId":"HRV","syntheticOperational":true,"territoryId":"territory:catalog:3fcf6d4bf47ee8e1b03680abf3d429c2637900f6a9fef64d6349fcc446ffcfc4"},"type":"Feature"},{"geometry":{"coordinates":[[[15.21192637448,45.107913669065],[15.212953,45.107014],[15.221531,45.101588],[15.225562,45.098488],[15.228426395939,45.09548040736],[15.228426395939,45.107913669065],[15.21192637448,45.107913669065]]],"type":"Polygon"},"id":257,"properties":{"parentKey":"HRV:1159312525","sourceCountryId":"HRV","syntheticOperational":true,"territoryId":"territory:catalog:4e0dbcab17388d91e4872e3ae8bd5cc8bbe6760464c38f8c10e0c8702724e2f0"},"type":"Feature"},{"geometry":{"coordinates":[[[15.213389121339,44.345448141642],[15.235118,44.336249],[15.254405,44.340033],[15.241384,44.35106],[15.213389121339,44.369103508113],[15.213389121339,44.345448141642]]],"type":"Polygon"},"id":258,"properties":{"parentKey":"HRV:1159312507","sourceCountryId":"HRV","syntheticOperational":true,"territoryId":"territory:catalog:72f41180861ac7a230d0b84cc4140455310fc4f3c5c32360f6ace89a5b69779d"},"type":"Feature"},{"geometry":{"coordinates":[[[16.445182724253,43.952291743632],[16.470344,43.964294],[16.484452,43.968376],[16.494218,43.970236],[16.527446,43.967859],[16.52744707157,43.967858923344],[16.527447,43.967859],[16.516542,43.979539],[16.501039,43.992716],[16.483469,44.002535],[16.445182724253,44.012557823134],[16.445182724253,43.952291743632]]],"type":"Polygon"},"id":259,"properties":{"parentKey":"HRV:1159312443","sourceCountryId":"HRV","syntheticOperational":true,"territoryId":"territory:catalog:f121b8f3ec1437026046464fe967a447f120ea278be92ed76f9924631fdfd0fe"},"type":"Feature"},{"geometry":{"coordinates":[[[14.709351305813,44.767731190266],[14.709972,44.76789],[14.724946,44.767646],[14.740896,44.76439],[14.75408,44.757758],[14.742931,44.765774],[14.740489,44.770494],[14.740489,44.778266],[14.77296,44.760321],[14.821462,44.720649],[14.84962,44.703192],[14.85906,44.717353],[14.851248,44.737291],[14.822439,44.77143],[14.811534,44.779202],[14.787364,44.789252],[14.748057,44.816799],[14.740489,44.820502],[14.740489,44.826646],[14.756114,44.835679],[14.753266,44.845852],[14.739024,44.85342],[14.719981,44.854641],[14.724132,44.844428],[14.726817,44.840277],[14.709351305813,44.844360093501],[14.709351305813,44.823267809196],[14.714122,44.818427],[14.726817,44.798774],[14.719981,44.798774],[14.715831,44.803168],[14.709351305813,44.80708505179],[14.709351305813,44.767731190266]]],"type":"Polygon"},"id":260,"properties":{"parentKey":"HRV:1159312505","sourceCountryId":"HRV","syntheticOperational":true,"territoryId":"territory:catalog:ce9d83b66a88d5927a4d2fd982a40d331071a7804a99b4e0bab3ac90eff640e1"},"type":"Feature"},{"geometry":{"coordinates":[[[14.668930390492,45.137651186502],[14.670909,45.143459],[14.668930390492,45.149925864059],[14.668930390492,45.137651186502]]],"type":"Polygon"},"id":261,"properties":{"parentKey":"HRV:1159312505","sourceCountryId":"HRV","syntheticOperational":true,"territoryId":"territory:catalog:b6fea47a97bcf780cb748a6b077a9eed839b3709eef290eb49f33d756766dea5"},"type":"Feature"},{"geometry":{"coordinates":[[[17.430544,45.574686],[17.43907,45.565694],[17.441241,45.562491],[17.442326,45.55815],[17.440931,45.55262],[17.435475141076,45.539568345324],[17.603933541555,45.539568345324],[17.59627,45.545644],[17.592394,45.547504],[17.586193,45.548796],[17.517102,45.57634],[17.514156,45.57634],[17.513226,45.574066],[17.513381,45.566883],[17.512141,45.563524],[17.50966,45.560113],[17.504389,45.556341],[17.500359,45.555359],[17.496173,45.555669],[17.491987,45.557685],[17.488886,45.559752],[17.485786,45.562387],[17.478809,45.565384],[17.472298,45.56895],[17.430544,45.574686]]],"type":"Polygon"},"id":262,"properties":{"parentKey":"HRV:1159312541","sourceCountryId":"HRV","syntheticOperational":true,"territoryId":"territory:catalog:4e5c59c634247848f0818804e53eb9ea701b344107219fadaec83514f320f3cc"},"type":"Feature"},{"geometry":{"coordinates":[[[15.65675,45.415213],[15.660626,45.411905],[15.669979,45.405498],[15.67246,45.40219],[15.672305,45.398211],[15.665949,45.381778],[15.665122,45.376559],[15.665949,45.373251],[15.668119,45.369841],[15.674165,45.363278],[15.677576,45.358782],[15.680521,45.353253],[15.680676,45.350565],[15.679591,45.348757],[15.663881,45.339558],[15.661866,45.335218],[15.662486,45.330463],[15.664192,45.325554],[15.664564501325,45.323741007194],[15.805626598465,45.323741007194],[15.805626598465,45.396638538238],[15.794106,45.39387],[15.786355,45.393354],[15.779947,45.395059],[15.774986,45.397746],[15.766459,45.403327],[15.757467,45.408185],[15.748941,45.411234],[15.74212,45.411595],[15.731888,45.410614],[15.72703,45.411544],[15.720519,45.418417],[15.716023,45.420794],[15.702845,45.420535],[15.676491,45.425186],[15.662951,45.422292],[15.657525,45.418727],[15.65675,45.415213]]],"type":"Polygon"},"id":263,"properties":{"parentKey":"HRV:1159312529","sourceCountryId":"HRV","syntheticOperational":true,"territoryId":"territory:catalog:bf15d662de030dc158c8cc30c2d20c11422d9d45563bf790957ec1ab2241dbc2"},"type":"Feature"},{"geometry":{"coordinates":[[[17.181205,45.34793],[17.189576,45.330825],[17.190042,45.327001],[17.188289589078,45.323741007194],[17.340153452685,45.323741007194],[17.340153452685,45.38232191379],[17.304246,45.370771],[17.290087,45.369789],[17.277685,45.372321],[17.267143,45.377024],[17.25071,45.38059],[17.237325,45.378781],[17.224923,45.373562],[17.181205,45.34793]]],"type":"Polygon"},"id":264,"properties":{"parentKey":"HRV:1159312537","sourceCountryId":"HRV","syntheticOperational":true,"territoryId":"territory:catalog:aceecc60ae55a599af4cd5d0edf4a1c7683c49dcb20749d67614f8086bfc1218"},"type":"Feature"},{"geometry":{"coordinates":[[[14.756196,44.364],[14.774181,44.352484],[14.785167,44.346869],[14.801036,44.343085],[14.811209,44.350043],[14.805675,44.367825],[14.797862,44.377672],[14.796723,44.381293],[14.799653,44.387641],[14.805024,44.395738],[14.803233,44.405504],[14.79477,44.414496],[14.782888,44.418931],[14.771658,44.417873],[14.7671,44.416653],[14.763438,44.415351],[14.76824,44.384223],[14.757823,44.37226],[14.756196,44.364]]],"type":"Polygon"},"id":265,"properties":{"parentKey":"HRV:1159312443","sourceCountryId":"HRV","syntheticOperational":true,"territoryId":"territory:catalog:79dea28f1a06c2a9f0cce623efafd720da9263c5c7293d5b29cc49e28fce1bac"},"type":"Feature"},{"geometry":{"coordinates":[[[14.747111583259,44.676258992806],[14.761485,44.658637],[14.865896,44.566352],[14.876964,44.55976],[14.877615,44.551337],[14.906261,44.520901],[14.91863,44.504543],[14.912852,44.502753],[14.903168,44.498481],[14.897472,44.497056],[14.897472,44.490912],[14.949718,44.468085],[14.958832,44.466702],[14.962216624685,44.464696124432],[14.962216624685,44.525358990163],[14.911143,44.545478],[14.911143,44.552314],[14.928559,44.552314],[14.942068,44.547431],[14.952891,44.54149],[14.962216624685,44.538988105385],[14.962216624685,44.576458225073],[14.938243,44.594143],[14.904063,44.610012],[14.880138,44.609198],[14.8838,44.579657],[14.845225,44.600531],[14.779959,44.669501],[14.771804993854,44.676258992806],[14.747111583259,44.676258992806]]],"type":"Polygon"},"id":266,"properties":{"parentKey":"HRV:1159312507","sourceCountryId":"HRV","syntheticOperational":true,"territoryId":"territory:catalog:5a79f20a75b66e35cb13334ef35cca976aea04fcdafa89dacaf540ca87580b23"},"type":"Feature"},{"geometry":{"coordinates":[[[15.847176079734,43.812949640288],[16.092715231788,43.812949640288],[16.146179401993,43.812949640288],[16.146179401993,44.028776978417],[16.123494710786,44.028776978417],[16.104733,44.015918],[16.097757,44.013024],[16.092331,44.011267],[16.088145,44.010699],[16.083959,44.010957],[16.06427,44.013955],[16.039724,44.014213],[16.032748,44.012714],[16.029492,44.010234],[16.025306,44.004653],[16.023911,44.002017],[16.023446,44.000725],[16.023291,43.999899],[16.023291,43.999072],[16.023601,43.996901],[16.024841,43.994214],[16.028872,43.988375],[16.030112,43.985222],[16.029647,43.982019],[16.028097,43.979486],[16.026082,43.978298],[16.021896,43.977161],[16.011664,43.975817],[16.008408,43.974887],[16.005463,43.97313],[16.002672,43.970443],[16.000605,43.967291],[15.99952,43.963828],[15.999675,43.960676],[16.001742,43.952821],[16.001535,43.949669],[15.996884,43.94693],[15.960142,43.941298],[15.953166,43.939437],[15.944433,43.93551],[15.937146,43.931272],[15.916838,43.914632],[15.910481,43.910602],[15.906451,43.909361],[15.90366,43.909103],[15.90118,43.910033],[15.897614,43.911894],[15.877874,43.927758],[15.874153,43.929825],[15.847176079734,43.936893314808],[15.847176079734,43.812949640288]]],"type":"Polygon"},"id":267,"properties":{"parentKey":"HRV:1159312439","sourceCountryId":"HRV","syntheticOperational":true,"territoryId":"territory:catalog:598956fbe9052ebe7abe3a2cd5efeead56c8b7a230f08e2c17f34d45b69be049"},"type":"Feature"},{"geometry":{"coordinates":[[[15.585738539898,45.107913669065],[15.783331537201,45.107913669065],[15.780049,45.160294],[15.780979,45.167993],[15.792348,45.189801],[15.802569,45.196473],[15.802064,45.196725],[15.784959,45.205251],[15.781187,45.20644],[15.777053,45.206853],[15.772505,45.206802],[15.769095,45.207318],[15.766459,45.208197],[15.763979,45.209437],[15.761653,45.209954],[15.759328,45.209799],[15.750336,45.20644],[15.746615,45.20644],[15.742895,45.207525],[15.736539,45.208559],[15.722276,45.2083],[15.718814,45.20737],[15.715713,45.205923],[15.710132,45.201996],[15.707341,45.201117],[15.704861,45.200859],[15.639387,45.210677],[15.636441,45.212744],[15.633806,45.217499],[15.633031,45.225509],[15.63117,45.231038],[15.63055,45.23574],[15.63117,45.239461],[15.635821,45.243027],[15.642642,45.25052],[15.646518,45.257496],[15.659696,45.265609],[15.661556,45.26809],[15.660316,45.272276],[15.658455,45.276048],[15.656905,45.280234],[15.65644,45.285091],[15.65768,45.290052],[15.662486,45.302041],[15.664036,45.307829],[15.665018,45.313927],[15.665328,45.320025],[15.664564501325,45.323741007194],[15.585738539898,45.323741007194],[15.585738539898,45.107913669065]]],"type":"Polygon"},"id":268,"properties":{"parentKey":"HRV:1159312525","sourceCountryId":"HRV","syntheticOperational":true,"territoryId":"territory:catalog:8257f7505a6e1dc7c98f0e2f9a372accdc730d478adf8a9cd7b688a9cf26f1b1"},"type":"Feature"},{"geometry":{"coordinates":[[[17.248157248157,42.968852351887],[17.271332,42.963365],[17.297599881361,42.94964028777],[17.324632952692,42.94964028777],[17.442914538874,42.94964028777],[17.425792,42.960883],[17.390473,42.977729],[17.248157248157,43.020400610659],[17.248157248157,42.968852351887]]],"type":"Polygon"},"id":269,"properties":{"parentKey":"HRV:1159312431","sourceCountryId":"HRV","syntheticOperational":true,"territoryId":"territory:catalog:b84a8352ad935c9d6a9d79bed1e3926f8689dca0abf5a41737c44d717f90b130"},"type":"Feature"},{"geometry":{"coordinates":[[[14.685802,44.847154],[14.689789,44.836737],[14.692068,44.833482],[14.705821,44.82685],[14.709351305813,44.823267809196],[14.709351305813,44.844360093501],[14.706798,44.844957],[14.685802,44.847154]]],"type":"Polygon"},"id":270,"properties":{"parentKey":"HRV:1159312505","sourceCountryId":"HRV","syntheticOperational":true,"territoryId":"territory:catalog:be52114a723e77d5ffe53137924be078085325c052cfb41cfd42de9c2a893b13"},"type":"Feature"},{"geometry":{"coordinates":[[[15.532994923858,44.898726705016],[15.544115944223,44.892086330935],[15.563423757276,44.892086330935],[15.563371,44.892299],[15.537739,44.918551],[15.534174,44.92346],[15.532994923858,44.926864624591],[15.532994923858,44.898726705016]]],"type":"Polygon"},"id":271,"properties":{"parentKey":"HRV:1159312525","sourceCountryId":"HRV","syntheticOperational":true,"territoryId":"territory:catalog:bec150935aab303297f392e48861c0895727581bdcb3a9330cd0dc8fa03852cc"},"type":"Feature"},{"geometry":{"coordinates":[[[16.675324675325,46.187050359712],[16.758620689655,46.187050359712],[16.987012987013,46.187050359712],[16.987012987013,46.203668782208],[16.974808,46.210565],[16.9653,46.219454],[16.940702,46.251493],[16.903288,46.281931],[16.896054,46.286271],[16.889232,46.292163],[16.879312,46.312062],[16.871766,46.327199],[16.875073,46.342857],[16.865461,46.359135],[16.859411,46.364758],[16.855643,46.357843],[16.847375,46.339084],[16.846032,46.334226],[16.844895,46.331591],[16.814974,46.28441],[16.811873,46.281878],[16.808618,46.280948],[16.800556,46.288286],[16.79513,46.294281],[16.791358,46.297743],[16.778956,46.302394],[16.745159,46.305701],[16.758647,46.295262],[16.768103,46.290973],[16.770429,46.289578],[16.772289,46.287356],[16.773529,46.283997],[16.774305,46.279863],[16.773219,46.27454],[16.770584,46.268907],[16.763453,46.259141],[16.757872,46.247048],[16.74888,46.237902],[16.73224,46.227204],[16.695498,46.210203],[16.676429,46.203692],[16.675324675325,46.203439993357],[16.675324675325,46.187050359712]]],"type":"Polygon"},"id":272,"properties":{"parentKey":"HRV:1159312551","sourceCountryId":"HRV","syntheticOperational":true,"territoryId":"territory:catalog:9285caf3820de56760c45d01a6186ba3eae89bd9e4c330aaf8d5baa3d9e18eda"},"type":"Feature"},{"geometry":{"coordinates":[[[17.923745180238,45.755395683453],[17.934544,45.741343],[17.93904,45.732351],[17.943691,45.726615],[17.948031,45.724186],[17.975988,45.72],[17.98188,45.718088],[17.988236,45.713902],[17.995057,45.70765],[18.003429,45.695816],[18.006839,45.688271],[18.008545,45.682277],[18.00994,45.674783],[18.015397775877,45.67063685883],[18.015397775877,45.755395683453],[17.938144329897,45.755395683453],[17.923745180238,45.755395683453]]],"type":"Polygon"},"id":273,"properties":{"parentKey":"HRV:1159312539","sourceCountryId":"HRV","syntheticOperational":true,"territoryId":"territory:catalog:65883bf96a68dda9b77592683bfe6c6a11cce1a02d345fddd00db49c22a8cb8f"},"type":"Feature"},{"geometry":{"coordinates":[[[16.496699,45.765062],[16.509616849014,45.755395683453],[16.701030927835,45.755395683453],[16.701030927835,45.971223021583],[16.694775514267,45.971223021583],[16.693483,45.96598],[16.692553,45.924226],[16.691622,45.913839],[16.691777,45.904123],[16.695963,45.872652],[16.695653,45.8664],[16.693638,45.853687],[16.688367,45.839166],[16.674052,45.826144],[16.666456,45.82232],[16.657929,45.820149],[16.644907,45.820149],[16.637465,45.822526],[16.6339,45.82635],[16.63452,45.831053],[16.63669,45.836014],[16.637155,45.84082],[16.63421,45.844437],[16.628629,45.844747],[16.622066,45.841853],[16.600517,45.817307],[16.598036,45.810227],[16.598656,45.801856],[16.601757,45.786766],[16.599277,45.78165],[16.59323,45.779842],[16.560313,45.788678],[16.531787,45.78842],[16.523571,45.785578],[16.512719,45.772452],[16.496699,45.765062]]],"type":"Polygon"},"id":274,"properties":{"parentKey":"HRV:1159312549","sourceCountryId":"HRV","syntheticOperational":true,"territoryId":"territory:catalog:621eda3b7468b75569248cec6e709837308129b9eae161ecdcbaf9752566f2de"},"type":"Feature"},{"geometry":{"coordinates":[[[16.048839,43.065172],[16.063162,43.0515],[16.068796068796,43.0515],[16.068796068796,43.071913159526],[16.062266,43.071275],[16.057302,43.070217],[16.052989,43.068305],[16.048839,43.065172]]],"type":"Polygon"},"id":275,"properties":{"parentKey":"HRV:1159312433","sourceCountryId":"HRV","syntheticOperational":true,"territoryId":"territory:catalog:8e2927e4a3418e6ffa15a32d55a97d68f979adf95358dca90568f9ae6c29b8fa"},"type":"Feature"},{"geometry":{"coordinates":[[[15,44.054483573455],[15.003103,44.052314],[15.018206397563,44.028776978417],[15.039125138975,44.028776978417],[15.031912,44.036363],[15.027843,44.048651],[15.026703,44.062323],[15.022716,44.072211],[15.014415,44.077948],[15.000499,44.079413],[15.002778,44.083157],[15.007335,44.093004],[15,44.090197924051],[15,44.054483573455]]],"type":"Polygon"},"id":276,"properties":{"parentKey":"HRV:1159312443","sourceCountryId":"HRV","syntheticOperational":true,"territoryId":"territory:catalog:50e9cba502747872fb3aaf9498dd3110bb50157c94dd6c621537474777cd11ba"},"type":"Feature"},{"geometry":{"coordinates":[[[17.297599881361,42.94964028777],[17.305495801826,42.945514746213],[17.324632952692,42.935515771231],[17.324632952692,42.94964028777],[17.297599881361,42.94964028777]]],"type":"Polygon"},"id":277,"properties":{"parentKey":"HRV:1159312431","sourceCountryId":"HRV","syntheticOperational":true,"territoryId":"territory:catalog:c54f09202c18576f15d3a19edbeeee6fa5ae36b9ec832a6a357f3bd0d57b8ed3"},"type":"Feature"},{"geometry":{"coordinates":[[[16.726342710997,45.323741007194],[16.808149405772,45.323741007194],[17.033248081841,45.323741007194],[17.033248081841,45.420279271147],[17.02292,45.418623],[17.006435,45.437847],[17.00473,45.439397],[16.998684,45.44348],[16.964887,45.455314],[16.929179,45.475881],[16.912281,45.468543],[16.90701,45.467664],[16.903702,45.469421],[16.898638,45.476501],[16.894711,45.480325],[16.887579,45.482547],[16.867581,45.481772],[16.858899,45.482599],[16.851303,45.484614],[16.843241,45.489058],[16.836058,45.494484],[16.830012,45.503786],[16.829237,45.507817],[16.830942,45.510401],[16.833733,45.510866],[16.836678,45.511021],[16.839934,45.510659],[16.842931,45.509884],[16.846342,45.509729],[16.850992,45.510039],[16.868666,45.522803],[16.867271,45.526524],[16.86231,45.532415],[16.85461242989,45.539568345324],[16.783575705731,45.539568345324],[16.726342710997,45.539568345324],[16.726342710997,45.323741007194]]],"type":"Polygon"},"id":278,"properties":{"parentKey":"HRV:1159312529","sourceCountryId":"HRV","syntheticOperational":true,"territoryId":"territory:catalog:4db9ef5aaa607b6ea63f697fb0a565692f4eee0c5e275a597f0e3be926850772"},"type":"Feature"},{"geometry":{"coordinates":[[[15.261241,44.011054],[15.270193,44.000312],[15.29713,43.978095],[15.302745,43.966376],[15.309581,43.958441],[15.32545,43.948432],[15.343516,43.939643],[15.356781,43.93537],[15.35434,43.931464],[15.349946,43.929145],[15.358653,43.919379],[15.372081,43.913886],[15.397716,43.908108],[15.401541,43.904771],[15.403575,43.900214],[15.407074,43.896145],[15.41505,43.894436],[15.423676,43.893988],[15.431407,43.892768],[15.438731,43.890692],[15.446056,43.887519],[15.442719,43.899075],[15.435395,43.911282],[15.426768,43.922065],[15.418793,43.929145],[15.411143,43.932929],[15.397634,43.937201],[15.391612,43.942206],[15.389415,43.947659],[15.386567,43.964423],[15.384044,43.97016],[15.378591,43.971666],[15.349946,43.976304],[15.296397,44.005601],[15.280284,44.01081],[15.261241,44.011054]]],"type":"Polygon"},"id":279,"properties":{"parentKey":"HRV:1159312443","sourceCountryId":"HRV","syntheticOperational":true,"territoryId":"territory:catalog:ef60139b91cb66f33e6fc02ac47d26083c8b1c3ab40039156ced0cdbf2ed3a41"},"type":"Feature"},{"geometry":{"coordinates":[[[15.630407234099,43.812949640288],[15.632986,43.810452],[15.658458,43.80508],[15.68214,43.797187],[15.692638,43.774604],[15.706309,43.763414],[15.771007,43.759955],[15.792166,43.754462],[15.794701986755,43.752655577466],[15.794701986755,43.812949640288],[15.678884,43.812949640288],[15.678884,43.811835],[15.663434635446,43.812949640288],[15.630407234099,43.812949640288]]],"type":"Polygon"},"id":280,"properties":{"parentKey":"HRV:1159312439","sourceCountryId":"HRV","syntheticOperational":true,"territoryId":"territory:catalog:fb1c2c3c22bf651a49f6b0d835f3528151bfb430410244ccc7598e438094e1ea"},"type":"Feature"},{"geometry":{"coordinates":[[[17.340153452685,45.38232191379],[17.354528,45.386946],[17.39158,45.387256],[17.478809,45.343331],[17.495553,45.331239],[17.504233458428,45.323741007194],[17.647058823529,45.323741007194],[17.647058823529,45.517025659472],[17.615184,45.531795],[17.607742,45.536549],[17.603933541555,45.539568345324],[17.435475141076,45.539568345324],[17.428683,45.52332],[17.423877,45.517325],[17.418451,45.513346],[17.410545,45.510556],[17.399331,45.509212],[17.383673,45.509677],[17.34967,45.516602],[17.340153452685,45.517209314143],[17.340153452685,45.38232191379]]],"type":"Polygon"},"id":281,"properties":{"parentKey":"HRV:1159312541","sourceCountryId":"HRV","syntheticOperational":true,"territoryId":"territory:catalog:c135c6afb707733fcb352b55907554e74e0df8c0a54e73a67c658857a8f9e374"},"type":"Feature"},{"geometry":{"coordinates":[[[18.947368421053,45.107913669065],[19.070560396788,45.107913669065],[19.064087,45.113578],[19.054165,45.120606],[19.046207,45.128358],[19.044863,45.137246],[19.060056,45.146858],[19.116073,45.142879],[19.137674,45.146031],[19.141705,45.162154],[19.128785,45.181068],[19.121861,45.195795],[19.143875,45.199516],[19.155761,45.194969],[19.174571,45.175797],[19.185319,45.168045],[19.204543,45.162878],[19.225937,45.161947],[19.252971137521,45.164450328325],[19.252971137521,45.24540002113],[19.197179,45.264923],[19.158482,45.276171],[19.104147,45.298726],[19.098813,45.319871],[19.097731908261,45.323741007194],[18.947368421053,45.323741007194],[18.947368421053,45.107913669065]]],"type":"Polygon"},"id":282,"properties":{"parentKey":"HRV:1159312543","sourceCountryId":"HRV","syntheticOperational":true,"territoryId":"territory:catalog:7559fa13d631257778dbafce7d5742e70b1d641b98d8a3ca15da63c053ae99eb"},"type":"Feature"},{"geometry":{"coordinates":[[[16.701030927835,45.755395683453],[16.783575705731,45.755395683453],[17.010309278351,45.755395683453],[17.010309278351,45.927481987849],[17.006435,45.925466],[17.000699,45.925104],[16.996203,45.927119],[16.992017,45.934664],[16.992328,45.942829],[16.994343,45.952648],[16.994343,45.961019],[16.983801,45.970218],[16.981706642161,45.971223021583],[16.758620689655,45.971223021583],[16.701030927835,45.971223021583],[16.701030927835,45.755395683453]]],"type":"Polygon"},"id":283,"properties":{"parentKey":"HRV:1159312549","sourceCountryId":"HRV","syntheticOperational":true,"territoryId":"territory:catalog:f0b143a4f094e9089ba4256be53457ec2556af9399b1c46eddb3e17fd0c3a9ad"},"type":"Feature"},{"geometry":{"coordinates":[[[15.213389121339,44.31411282185],[15.220225,44.31273],[15.215017,44.314927],[15.213389121339,44.31588756443],[15.213389121339,44.31411282185]]],"type":"Polygon"},"id":284,"properties":{"parentKey":"HRV:1159312507","sourceCountryId":"HRV","syntheticOperational":true,"territoryId":"territory:catalog:2f7f1a5e30783d2a8055a365d404bdce859f5864ea4ee19342951996c198997c"},"type":"Feature"},{"geometry":{"coordinates":[[[18.146341463415,42.63538110297],[18.166026,42.626939],[18.21754,42.620103],[18.223481,42.614691],[18.223155,42.602118],[18.220876,42.588324],[18.220551,42.579169],[18.238943,42.559068],[18.32448992092,42.517985611511],[18.37925445705,42.517985611511],[18.437674673856,42.517985611511],[18.438862394421,42.524848257105],[18.439024390244,42.525784268446],[18.439024390244,42.553397310266],[18.437355,42.559212],[18.421025,42.56363],[18.385265,42.566524],[18.370485,42.57363],[18.369783,42.574393],[18.349608,42.59629],[18.338653,42.602517],[18.311574,42.601225],[18.257107,42.614893],[18.224138,42.628071],[18.146341463415,42.666658562894],[18.146341463415,42.63538110297]]],"type":"Polygon"},"id":285,"properties":{"parentKey":"HRV:1159312431","sourceCountryId":"HRV","syntheticOperational":true,"territoryId":"territory:catalog:32bc16e13d8a63dfa6f2299004a42c67b189fa05c32c211959ad9d34bd7be166"},"type":"Feature"},{"geometry":{"coordinates":[[[16.448275862069,45.999298437465],[16.459802,45.987478],[16.467863,45.98076],[16.470034,45.978641],[16.471584,45.976419],[16.471894,45.974197],[16.471119,45.971871],[16.470821498061,45.971223021583],[16.502928054301,45.971223021583],[16.50476,45.973525],[16.507551,45.975954],[16.510238,45.977607],[16.514114,45.977659],[16.51985,45.975489],[16.525745662404,45.971223021583],[16.694775514267,45.971223021583],[16.697203,45.98107],[16.710846,46.00143],[16.719218,46.018742],[16.731,46.033366],[16.741128,46.045717],[16.758027,46.052952],[16.758620689655,46.053129602827],[16.758620689655,46.187050359712],[16.675324675325,46.187050359712],[16.558732132404,46.187050359712],[16.500109,46.161782],[16.497009,46.158423],[16.494218,46.15124],[16.490808,46.146641],[16.485072,46.142869],[16.472824,46.139303],[16.448275862069,46.13562980333],[16.448275862069,45.999298437465]]],"type":"Polygon"},"id":286,"properties":{"parentKey":"HRV:1159312551","sourceCountryId":"HRV","syntheticOperational":true,"territoryId":"territory:catalog:45b86824613e11bb9ba8952e87a3726ee9415a2b67f9d9663dc2f7cfd01557e2"},"type":"Feature"},{"geometry":{"coordinates":[[[15.6,44.028776978417],[15.847176079734,44.028776978417],[15.9,44.028776978417],[15.9,44.244604316547],[15.81589958159,44.244604316547],[15.6,44.244604316547],[15.6,44.028776978417]]],"type":"Polygon"},"id":287,"properties":{"parentKey":"HRV:1159312443","sourceCountryId":"HRV","syntheticOperational":true,"territoryId":"territory:catalog:2a784f1e524797aacf50cd32f526b748885a71b76f1e0e1e929288963607235b"},"type":"Feature"},{"geometry":{"coordinates":[[[18.883248730964,44.892086330935],[18.955349620893,44.892086330935],[18.996344659539,44.892086330935],[18.994323,44.894832],[18.991429,44.914934],[19.018405,44.925683],[19.031944,44.922634],[19.052098,44.906976],[19.06667,44.905684],[19.078659,44.910852],[19.087858,44.919326],[19.103567,44.93824],[19.113076,44.942426],[19.124548,44.94594],[19.131679,44.953175],[19.127649,44.968419],[19.118554,44.97555],[19.09809,44.970021],[19.087238,44.977101],[19.085171,44.987281],[19.088478,44.999477],[19.093232,45.011517],[19.095402,45.020922],[19.094266,45.031413],[19.085997,45.06092],[19.082277,45.084949],[19.079176,45.094613],[19.071528,45.107067],[19.070560396788,45.107913669065],[18.947368421053,45.107913669065],[18.883248730964,45.107913669065],[18.883248730964,44.892086330935]]],"type":"Polygon"},"id":288,"properties":{"parentKey":"HRV:1159312543","sourceCountryId":"HRV","syntheticOperational":true,"territoryId":"territory:catalog:baa9757eeb143afe827589a09cdfa0f05f98727d2f7e0633df7eb14652a15aed"},"type":"Feature"},{"geometry":{"coordinates":[[[14.84962,44.175605],[14.862966,44.161038],[14.867849,44.152045],[14.870128,44.140815],[14.955089,44.075588],[14.983084,44.066311],[15,44.054483573455],[15,44.090197924051],[14.993826,44.087836],[14.985118,44.090969],[14.976329,44.096666],[14.962657,44.09984],[14.954438,44.103217],[14.948741,44.111151],[14.944184,44.120266],[14.939138,44.127143],[14.882823,44.159166],[14.863292,44.175605],[14.85963,44.176011],[14.855235,44.1765],[14.84962,44.175605]]],"type":"Polygon"},"id":289,"properties":{"parentKey":"HRV:1159312443","sourceCountryId":"HRV","syntheticOperational":true,"territoryId":"territory:catalog:88486d5fdac26a4f02065b10b5268079febf595c32ef7123d4c52c58c4131e33"},"type":"Feature"},{"geometry":{"coordinates":[[[17.603933541555,45.539568345324],[17.607742,45.536549],[17.615184,45.531795],[17.647058823529,45.517025659472],[17.647058823529,45.539568345324],[17.603933541555,45.539568345324]]],"type":"Polygon"},"id":290,"properties":{"parentKey":"HRV:1159312547","sourceCountryId":"HRV","syntheticOperational":true,"territoryId":"territory:catalog:81a66bfe7f108852467e413bbe20147a059f0d70f775225d37297f391287bd63"},"type":"Feature"},{"geometry":{"coordinates":[[[15.551753635586,45.539568345324],[15.762201514187,45.539568345324],[15.760878,45.540838],[15.755297,45.545127],[15.740879,45.554222],[15.739174,45.558925],[15.74243,45.563111],[15.748011,45.566883],[15.751576,45.571276],[15.752352,45.57634],[15.747391,45.595202],[15.745995,45.596907],[15.74398,45.597424],[15.734213,45.589982],[15.731578,45.588587],[15.72672,45.588742],[15.720519,45.590396],[15.709047,45.595667],[15.69959,45.598871],[15.689668,45.601248],[15.663261,45.604865],[15.626364,45.621402],[15.620163,45.623055],[15.612205,45.624089],[15.600578,45.622952],[15.593602,45.620472],[15.588331,45.617009],[15.585075,45.613857],[15.575618,45.602385],[15.568022,45.602023],[15.557428,45.605434],[15.551753635586,45.608415759544],[15.551753635586,45.539568345324]]],"type":"Polygon"},"id":291,"properties":{"parentKey":"HRV:1159312525","sourceCountryId":"HRV","syntheticOperational":true,"territoryId":"territory:catalog:b7637c05b79272f215852d79af246943c75dc14d262fc4203b72b2e69c61ec39"},"type":"Feature"},{"geometry":{"coordinates":[[[14.335785,44.716783],[14.337087,44.699652],[14.342713556311,44.676258992806],[14.357682619647,44.676258992806],[14.394645579983,44.676258992806],[14.397472,44.685614],[14.381114,44.698635],[14.355724,44.707099],[14.335785,44.716783]]],"type":"Polygon"},"id":292,"properties":{"parentKey":"HRV:1159312505","sourceCountryId":"HRV","syntheticOperational":true,"territoryId":"territory:catalog:ab408b2e20dbdefa13895b031dd51256787fb107cca873b14ddabb354f7dfeba"},"type":"Feature"},{"geometry":{"coordinates":[[[15.619208087616,44.676258992806],[15.869017632242,44.676258992806],[15.92249368155,44.676258992806],[15.92249368155,44.686498806909],[15.921539,44.686111],[15.913064,44.684509],[15.905416,44.690141],[15.902006,44.698823],[15.899318,44.70921],[15.895598,44.718564],[15.888776,44.724248],[15.876271,44.724816],[15.869243,44.718564],[15.863868,44.709985],[15.856427,44.703577],[15.847849,44.70151],[15.829969,44.700528],[15.820357,44.698255],[15.805681,44.696653],[15.796999,44.703267],[15.790488,44.713396],[15.78284,44.722594],[15.759275,44.73417],[15.753694,44.739286],[15.728476,44.769103],[15.717314,44.786466],[15.716074,44.80321],[15.730647,44.817007],[15.751214,44.821555],[15.76868,44.827342],[15.773435,44.845016],[15.76403,44.864033],[15.74801,44.882016],[15.741123781264,44.892086330935],[15.619208087616,44.892086330935],[15.619208087616,44.676258992806]]],"type":"Polygon"},"id":293,"properties":{"parentKey":"HRV:1159312443","sourceCountryId":"HRV","syntheticOperational":true,"territoryId":"territory:catalog:79e24e9202156e72e39ae3d2d7b5aa9f01cf38b03a9c308e6e06d29df9983e49"},"type":"Feature"},{"geometry":{"coordinates":[[[14.057724957555,45.107913669065],[14.193462822822,45.107913669065],[14.195323,45.120592],[14.179373,45.134508],[14.209239,45.12637],[14.232595,45.149359],[14.23406,45.153062],[14.234711,45.154568],[14.234711920228,45.154570254527],[14.234682,45.154574],[14.233995,45.15466],[14.211154,45.161533],[14.207019,45.165202],[14.202627,45.171558],[14.201542,45.177966],[14.201697,45.186751],[14.203092,45.196001],[14.202162,45.219566],[14.194565,45.275015],[14.1941,45.292068],[14.195186,45.298321],[14.197511,45.303902],[14.206503,45.317338],[14.208975132496,45.323741007194],[14.057724957555,45.323741007194],[14.057724957555,45.107913669065]]],"type":"Polygon"},"id":294,"properties":{"parentKey":"HRV:1159312535","sourceCountryId":"HRV","syntheticOperational":true,"territoryId":"territory:catalog:c17abbb222a500f356605cd7caa61304aeefc8f846c72d1bf1568eb7edba8424"},"type":"Feature"},{"geometry":{"coordinates":[[[16.068796068796,43.016006974564],[16.087169,43.011461],[16.121349,43.013373],[16.210297,43.033271],[16.221934,43.040269],[16.233735,43.0515],[16.245453,43.057766],[16.252126,43.062405],[16.254893,43.068549],[16.253429,43.077867],[16.249848,43.079413],[16.245453,43.076361],[16.241222,43.071967],[16.228201,43.078681],[16.215831,43.079169],[16.192882,43.071967],[16.194672,43.074408],[16.199718,43.079413],[16.170177,43.087714],[16.130219,43.088446],[16.09254,43.08275],[16.069347,43.071967],[16.068796068796,43.071913159526],[16.068796068796,43.0515],[16.069347,43.0515],[16.079112,43.05329],[16.087087,43.041409],[16.084483,43.025946],[16.068796068796,43.019659014064],[16.068796068796,43.016006974564]]],"type":"Polygon"},"id":295,"properties":{"parentKey":"HRV:1159312433","sourceCountryId":"HRV","syntheticOperational":true,"territoryId":"territory:catalog:6fbc8497642f641dd48ea2358ce08b5cac36942757f2087edad70cb9ed28924a"},"type":"Feature"},{"geometry":{"coordinates":[[[18.323353293413,45.539568345324],[18.567774936061,45.539568345324],[18.63130881095,45.539568345324],[18.63130881095,45.755395683453],[18.556701030928,45.755395683453],[18.432764875824,45.755395683453],[18.43074,45.753642],[18.411723,45.743204],[18.404385,45.741809],[18.397564,45.741343],[18.390743,45.741809],[18.384128,45.7431],[18.383818,45.743204],[18.370280724366,45.755395683453],[18.343558224361,45.755395683453],[18.334932,45.751989],[18.323353293413,45.748834037249],[18.323353293413,45.539568345324]]],"type":"Polygon"},"id":296,"properties":{"parentKey":"HRV:1159312539","sourceCountryId":"HRV","syntheticOperational":true,"territoryId":"territory:catalog:4a7f820b2fe25dc5583ae5e6cb0b7891bd3e0905b2e3b71440b2d3d2f57ca665"},"type":"Feature"},{"geometry":{"coordinates":[[[15.773195876289,45.841235918856],[15.774004,45.840768],[15.810074,45.840975],[15.82258,45.832965],[15.846919,45.809401],[15.835912,45.798032],[15.813241,45.775717],[15.833562316547,45.755395683453],[15.859709153122,45.755395683453],[16.05055733807,45.755395683453],[16.082474226804,45.770024268295],[16.082474226804,45.954990167466],[15.965568,45.911048],[15.955802,45.9142],[15.952236,45.918645],[15.951926,45.924226],[15.950376,45.926913],[15.939472,45.933837],[15.913582,45.923502],[15.86144,45.915441],[15.847023,45.91482],[15.828678,45.915544],[15.820616,45.913684],[15.81674,45.91017],[15.817515,45.905054],[15.819376,45.899059],[15.820461,45.892031],[15.819531,45.885262],[15.81426,45.877975],[15.806353,45.874823],[15.781394,45.871722],[15.774521,45.869345],[15.773195876289,45.86857240288],[15.773195876289,45.841235918856]]],"type":"Polygon"},"id":297,"properties":{"parentKey":"HRV:1159312533","sourceCountryId":"HRV","syntheticOperational":true,"territoryId":"territory:catalog:e17a94f8868ad7719de88e68c919d78710fc428f3a0e624649a4f11a361a421a"},"type":"Feature"},{"geometry":{"coordinates":[[[15.879323,46.259308],[15.881904,46.255006],[15.88361,46.24617],[15.883765,46.238315],[15.887485,46.232682],[15.894978,46.228031],[15.937922,46.218058],[15.944123,46.215061],[15.948825,46.21103],[15.951306,46.204105],[15.952546,46.198937],[15.955337,46.19563],[15.959987,46.193666],[15.969444,46.192995],[15.983242,46.19346],[15.991458,46.19253],[16.013056941079,46.187050359712],[16.047483445141,46.187050359712],[16.051196,46.188189],[16.051948051948,46.188338135521],[16.051948051948,46.318265648507],[16.049922,46.316735],[16.038948,46.308441],[16.019208,46.298829],[15.998434,46.291542],[15.993668,46.290613],[15.982001,46.288339],[15.948721,46.284204],[15.918903,46.272827],[15.883712,46.2594],[15.880895,46.259341],[15.879323,46.259308]]],"type":"Polygon"},"id":298,"properties":{"parentKey":"HRV:1159312555","sourceCountryId":"HRV","syntheticOperational":true,"territoryId":"territory:catalog:44f38fc65ca8ecd1836ce2b198b0771d57e97619f990fbb418c1bf94e6dbaaee"},"type":"Feature"},{"geometry":{"coordinates":[[[18.193861566586,45.539568345324],[18.19427,45.535102],[18.197267,45.533138],[18.200212,45.532312],[18.204398,45.531743],[18.208584,45.529934],[18.21246,45.526885],[18.221141,45.516705],[18.225482,45.513501],[18.230133,45.511744],[18.235094,45.511021],[18.260869565217,45.511396754772],[18.260869565217,45.539568345324],[18.193861566586,45.539568345324]]],"type":"Polygon"},"id":299,"properties":{"parentKey":"HRV:1159312539","sourceCountryId":"HRV","syntheticOperational":true,"territoryId":"territory:catalog:e55fdf2174765dd4245ea8d1f090de9157e61500f3ee47f4d325f5463e273c14"},"type":"Feature"},{"geometry":{"coordinates":[[[17.113752122241,45.187494794288],[17.124464,45.169336],[17.124628,45.169058],[17.187095,45.148563],[17.197844,45.152956],[17.24549,45.155384],[17.249727,45.15988],[17.268951,45.189543],[17.307811,45.171404],[17.326518,45.165926],[17.359384,45.150682],[17.368583,45.145101],[17.382432,45.139623],[17.400829,45.141018],[17.41935483871,45.145218043662],[17.41935483871,45.323741007194],[17.340153452685,45.323741007194],[17.188289589078,45.323741007194],[17.188181,45.323539],[17.182755,45.320438],[17.179345,45.317544],[17.178053,45.314134],[17.182548,45.309173],[17.196553,45.300181],[17.199653,45.297649],[17.200584,45.2946],[17.198878,45.292223],[17.192367,45.288605],[17.180068,45.287055],[17.171386,45.286745],[17.165495,45.285918],[17.153713,45.282404],[17.150767,45.281112],[17.147202,45.277702],[17.13542,45.263284],[17.119865,45.253052],[17.114749,45.250417],[17.113752122241,45.249706918365],[17.113752122241,45.187494794288]]],"type":"Polygon"},"id":300,"properties":{"parentKey":"HRV:1159312537","sourceCountryId":"HRV","syntheticOperational":true,"territoryId":"territory:catalog:3418acfbed7ec2294c29952abf7ef7bb6f6979397f9adc0ec0ff29e3a7797166"},"type":"Feature"},{"geometry":{"coordinates":[[[18.567774936061,45.323741007194],[18.633021400349,45.323741007194],[18.634191,45.327673],[18.634346,45.33284],[18.634036,45.337595],[18.634346,45.341522],[18.635276,45.344933],[18.637137,45.347413],[18.639617,45.349429],[18.64649,45.353098],[18.648816,45.356302],[18.650366,45.361107],[18.652846,45.384775],[18.653621,45.388496],[18.655017,45.391648],[18.661373,45.395576],[18.67145,45.399916],[18.695014,45.407616],[18.714135,45.416143],[18.786895,45.413559],[18.795732,45.418158],[18.801933,45.422757],[18.803173,45.428597],[18.803173,45.434591],[18.802088,45.441774],[18.800538,45.4441],[18.798677,45.446167],[18.790926,45.45273],[18.7886,45.455365],[18.78798,45.457794],[18.78829,45.460275],[18.790616,45.462342],[18.796352,45.463685],[18.824464,45.466992],[18.83361,45.469576],[18.839812,45.472263],[18.845393,45.476811],[18.849423,45.478878],[18.854849,45.480377],[18.861051,45.481307],[18.873195,45.480635],[18.874680306905,45.480216715373],[18.874680306905,45.539568345324],[18.63130881095,45.539568345324],[18.567774936061,45.539568345324],[18.567774936061,45.323741007194]]],"type":"Polygon"},"id":301,"properties":{"parentKey":"HRV:1159312539","sourceCountryId":"HRV","syntheticOperational":true,"territoryId":"territory:catalog:c1f300981e9e292d545fbde1e794edd12fbdb9fc603c4aa993728ebb9a96b650"},"type":"Feature"},{"geometry":{"coordinates":[[[17.949501567147,42.73381294964],[17.961192,42.729397],[18.003266,42.70067],[18.028331,42.691311],[18.043224,42.702053],[18.047862,42.690619],[18.055919,42.68301],[18.077322,42.667914],[18.057384,42.667914],[18.063975,42.65762],[18.07602,42.651313],[18.091645,42.648261],[18.108653,42.647406],[18.124848,42.644599],[18.146341463415,42.63538110297],[18.146341463415,42.666658562894],[18.049368,42.714758],[18.009264538843,42.73381294964],[17.949501567147,42.73381294964]]],"type":"Polygon"},"id":302,"properties":{"parentKey":"HRV:1159312431","sourceCountryId":"HRV","syntheticOperational":true,"territoryId":"territory:catalog:7843c3cae1829d39ce4ae1e3ac7bd9a9ee0d01997daa8e091ac07025c86c565c"},"type":"Feature"},{"geometry":{"coordinates":[[[15.213389121339,44.244604316547],[15.3,44.244604316547],[15.514644351464,44.244604316547],[15.514644351464,44.259971055615],[15.503591,44.259223],[15.42449,44.267971],[15.408539,44.272284],[15.336925,44.301663],[15.308604,44.309272],[15.280528,44.327541],[15.261241,44.332587],[15.268891,44.320461],[15.278168,44.309801],[15.289317,44.302191],[15.302745,44.29914],[15.297862,44.294013],[15.294932,44.290229],[15.290538,44.287421],[15.281749,44.285386],[15.295258,44.250678],[15.279552,44.251776],[15.268403,44.25845],[15.247569,44.277981],[15.213389121339,44.294340422916],[15.213389121339,44.244604316547]]],"type":"Polygon"},"id":303,"properties":{"parentKey":"HRV:1159312443","sourceCountryId":"HRV","syntheticOperational":true,"territoryId":"territory:catalog:7df5a12f21ebe8f145f7ee5d63b136ec5b566c355425e6db8b7949a6cdfa311f"},"type":"Feature"},{"geometry":{"coordinates":[[[15.16357907452,44.460431654676],[15.191135537224,44.440196612032],[15.213389121339,44.423855537041],[15.213389121339,44.460431654676],[15.16357907452,44.460431654676]]],"type":"Polygon"},"id":304,"properties":{"parentKey":"HRV:1159312507","sourceCountryId":"HRV","syntheticOperational":true,"territoryId":"territory:catalog:3bb3e058d0c59b1fb5b7cdf08b1d1b4c950f44bbd2a8d15fe83a07f1f8c1809e"},"type":"Feature"},{"geometry":{"coordinates":[[[18.015397775877,45.539568345324],[18.193861566586,45.539568345324],[18.192616,45.553189],[18.192926,45.556858],[18.193856,45.559132],[18.195562,45.560165],[18.209359,45.563731],[18.215715,45.566521],[18.223002,45.573239],[18.223932,45.577838],[18.220676,45.583006],[18.217266,45.587709],[18.207654,45.597734],[18.200057,45.600731],[18.181092,45.60471],[18.174891,45.607139],[18.163264,45.615614],[18.158148,45.618301],[18.151637,45.620265],[18.083217,45.63029],[18.057896,45.623779],[18.015397775877,45.587415156694],[18.015397775877,45.539568345324]]],"type":"Polygon"},"id":305,"properties":{"parentKey":"HRV:1159312541","sourceCountryId":"HRV","syntheticOperational":true,"territoryId":"territory:catalog:eceee0cfdcf8e6f8d282c313427af36bb317820b7802e564272b1b97f6f84fca"},"type":"Feature"},{"geometry":{"coordinates":[[[17.724957555178,45.188256375185],[17.728458,45.187475],[17.745408,45.185563],[17.759206,45.186389],[17.765252,45.187526],[17.770058,45.18887],[17.773623,45.190472],[17.775639,45.192022],[17.777189,45.193934],[17.778739,45.196931],[17.780135,45.200342],[17.781065,45.203649],[17.781995,45.212796],[17.78215,45.216207],[17.785096,45.218119],[17.790987,45.218946],[17.815223,45.217447],[17.822664,45.218015],[17.844524,45.224217],[17.854652,45.229384],[17.865504,45.237963],[17.869535,45.243389],[17.871705,45.247006],[17.873566,45.24959],[17.874961,45.250985],[17.877441,45.252845],[17.879767,45.253724],[17.888604,45.254706],[17.890464,45.255636],[17.891549,45.257186],[17.891549,45.259305],[17.890619,45.26101],[17.886743,45.264731],[17.885038,45.266901],[17.883643,45.269382],[17.883488,45.271862],[17.884883,45.274446],[17.887518,45.277443],[17.891549,45.280751],[17.896355,45.283748],[17.902091,45.286332],[17.909429,45.287882],[17.918576,45.288605],[18.030560271647,45.276857019564],[18.030560271647,45.323741007194],[17.953964194373,45.323741007194],[17.724957555178,45.323741007194],[17.724957555178,45.188256375185]]],"type":"Polygon"},"id":306,"properties":{"parentKey":"HRV:1159312541","sourceCountryId":"HRV","syntheticOperational":true,"territoryId":"territory:catalog:889d4c5ad1da836b972d74640f8da40a4b5ced4fafb8840ab32925267f67a496"},"type":"Feature"},{"geometry":{"coordinates":[[[16.371593,43.195502],[16.416026,43.18183],[16.417419884963,43.181587612204],[16.417419884963,43.199453751815],[16.415294,43.198472],[16.403982,43.19717],[16.391449,43.202338],[16.380382,43.201972],[16.375824,43.199937],[16.371593,43.195502]]],"type":"Polygon"},"id":307,"properties":{"parentKey":"HRV:1159312433","sourceCountryId":"HRV","syntheticOperational":true,"territoryId":"territory:catalog:9143c04e948efb3a06992b0087821d48bd9f63c335aa85f79619b7068ac975f7"},"type":"Feature"},{"geometry":{"coordinates":[[[16.658476658477,42.976781336112],[16.687755,42.973944],[16.706798,42.96955],[16.706798,42.962104],[16.675638719425,42.94964028777],[16.73735725938,42.94964028777],[16.953316953317,42.94964028777],[16.953316953317,42.977138907196],[16.915538,42.974514],[16.892589,42.965318],[16.878673,42.962104],[16.824067,42.962104],[16.768565,42.972235],[16.741384,42.980618],[16.72047,42.990058],[16.69752,42.99018],[16.674815,42.992906],[16.658476658477,42.992515533198],[16.658476658477,42.976781336112]]],"type":"Polygon"},"id":308,"properties":{"parentKey":"HRV:1159312431","sourceCountryId":"HRV","syntheticOperational":true,"territoryId":"territory:catalog:bb21c90a0cb30f8399cebe1cc0ad57229ee75d74f7fca3011d12bb130c599d54"},"type":"Feature"},{"geometry":{"coordinates":[[[17.399486740804,45.539568345324],[17.435475141076,45.539568345324],[17.440931,45.55262],[17.442326,45.55815],[17.441241,45.562491],[17.43907,45.565694],[17.430544,45.574686],[17.424498,45.59236],[17.491987,45.675145],[17.492917,45.688323],[17.489817,45.693025],[17.448992,45.713541],[17.441241,45.716538],[17.432249,45.718605],[17.426358,45.718967],[17.422637,45.71814],[17.416126,45.713644],[17.410855,45.711319],[17.402277,45.705221],[17.399486740804,45.703884082824],[17.399486740804,45.539568345324]]],"type":"Polygon"},"id":309,"properties":{"parentKey":"HRV:1159312549","sourceCountryId":"HRV","syntheticOperational":true,"territoryId":"territory:catalog:c3c4d6ed0835a9318d0a4bdb9b136c7d0c965fad5ce1b8e1ea62cb4d41819367"},"type":"Feature"},{"geometry":{"coordinates":[[[16.758620689655,46.053129602827],[16.776165,46.058378],[16.784071,46.058688],[16.790118,46.055794],[16.79358,46.050626],[16.800866,46.046079],[16.805207,46.046389],[16.808618,46.048456],[16.811408,46.050678],[16.820865,46.056259],[16.824896,46.059566],[16.826911,46.062253],[16.830632,46.072744],[16.834663,46.078376],[16.839314,46.081012],[16.844895,46.081632],[16.851768,46.08096],[16.858899,46.079565],[16.865875,46.077446],[16.869441,46.074966],[16.872076,46.071555],[16.874402,46.064992],[16.875332,46.060806],[16.876727,46.058171],[16.879828,46.053727],[16.884634,46.049593],[16.89099,46.045975],[16.90763,46.039464],[16.912901,46.03657],[16.915846,46.032798],[16.915381,46.02825],[16.904633,46.008768],[16.91073,46.000707],[16.924993,45.993524],[16.965817,45.978848],[16.981706642161,45.971223021583],[17.010309278351,45.971223021583],[17.068965517241,45.971223021583],[17.068965517241,46.145074299659],[17.052943,46.153463],[17.041264,46.162196],[17.036303,46.172997],[17.028035,46.18049],[17.016424417576,46.187050359712],[16.987012987013,46.187050359712],[16.758620689655,46.187050359712],[16.758620689655,46.053129602827]]],"type":"Polygon"},"id":310,"properties":{"parentKey":"HRV:1159312551","sourceCountryId":"HRV","syntheticOperational":true,"territoryId":"territory:catalog:003e5e17ebd3ebec0598e6053d550fbf23fb0aa01d54d39b2698aaba2c43f0e8"},"type":"Feature"},{"geometry":{"coordinates":[[[17.001638,43.0515],[17.008067,43.045315],[17.01295,43.039211],[17.018809,43.034084],[17.028168,43.030992],[17.028168,43.024156],[17.017914,43.013821],[17.027517,43.003567],[17.046153,42.995063],[17.062511,42.990058],[17.095388,42.984442],[17.201915,42.98432],[17.213878,42.982611],[17.221528,42.979804],[17.237478,42.971381],[17.248157248157,42.968852351887],[17.248157248157,43.020400610659],[17.240245,43.022773],[17.158702,43.030992],[17.073253,43.024156],[17.055675,43.028957],[17.023123,43.048651],[17.001638,43.0515]]],"type":"Polygon"},"id":311,"properties":{"parentKey":"HRV:1159312431","sourceCountryId":"HRV","syntheticOperational":true,"territoryId":"territory:catalog:93573e769d1343650f449954a5e5eb95ac448a3960bb9e6015532af06784ccfa"},"type":"Feature"},{"geometry":{"coordinates":[[[14.26190160327,44.676258992806],[14.280392863616,44.676258992806],[14.280447,44.677558],[14.265798,44.679511],[14.26190160327,44.676258992806]]],"type":"Polygon"},"id":312,"properties":{"parentKey":"HRV:1159312505","sourceCountryId":"HRV","syntheticOperational":true,"territoryId":"territory:catalog:bc6caff062810e808821cb36ffae8248877db2e6449aeed6d2e6af244d15ab02"},"type":"Feature"},{"geometry":{"coordinates":[[[18.633021400349,45.323741007194],[18.641765704584,45.323741007194],[18.874680306905,45.323741007194],[18.874680306905,45.480216715373],[18.873195,45.480635],[18.861051,45.481307],[18.854849,45.480377],[18.849423,45.478878],[18.845393,45.476811],[18.839812,45.472263],[18.83361,45.469576],[18.824464,45.466992],[18.796352,45.463685],[18.790616,45.462342],[18.78829,45.460275],[18.78798,45.457794],[18.7886,45.455365],[18.790926,45.45273],[18.798677,45.446167],[18.800538,45.4441],[18.802088,45.441774],[18.803173,45.434591],[18.803173,45.428597],[18.801933,45.422757],[18.795732,45.418158],[18.786895,45.413559],[18.714135,45.416143],[18.695014,45.407616],[18.67145,45.399916],[18.661373,45.395576],[18.655017,45.391648],[18.653621,45.388496],[18.652846,45.384775],[18.650366,45.361107],[18.648816,45.356302],[18.64649,45.353098],[18.639617,45.349429],[18.637137,45.347413],[18.635276,45.344933],[18.634346,45.341522],[18.634036,45.337595],[18.634346,45.33284],[18.634191,45.327673],[18.633021400349,45.323741007194]]],"type":"Polygon"},"id":313,"properties":{"parentKey":"HRV:1159312543","sourceCountryId":"HRV","syntheticOperational":true,"territoryId":"territory:catalog:26bf7bba1ed1e184342149c888e4598ad001b5a1756f9be0508aafc6ffa12e21"},"type":"Feature"},{"geometry":{"coordinates":[[[15.784784902214,45.971223021583],[15.827586206897,45.971223021583],[15.827586206897,45.980440641402],[15.822476,45.982052],[15.814415,45.982207],[15.797362,45.977711],[15.784784902214,45.971223021583]]],"type":"Polygon"},"id":314,"properties":{"parentKey":"HRV:1159312531","sourceCountryId":"HRV","syntheticOperational":true,"territoryId":"territory:catalog:50488896be0a163f81746188fdb9ca9da788c60119d729b16c7d0eb57bd1d9a5"},"type":"Feature"},{"geometry":{"coordinates":[[[16.502546689304,45.209490107377],[16.528944,45.222254],[16.587028,45.220858],[16.786293,45.178846],[16.808149405772,45.180889369775],[16.808149405772,45.323741007194],[16.726342710997,45.323741007194],[16.502546689304,45.323741007194],[16.502546689304,45.209490107377]]],"type":"Polygon"},"id":315,"properties":{"parentKey":"HRV:1159312529","sourceCountryId":"HRV","syntheticOperational":true,"territoryId":"territory:catalog:5ebd2344d684cad34f8eb1ee89fc4e7728512a1ce432362948eade317431091f"},"type":"Feature"},{"geometry":{"coordinates":[[[15.062511,44.161933],[15.071462,44.146389],[15.075531,44.140815],[15.072032,44.138821],[15.071137,44.138495],[15.070811,44.137641],[15.068696,44.133979],[15.087087,44.123725],[15.121837,44.092231],[15.148774,44.076361],[15.169688,44.058661],[15.189138,44.047797],[15.199067,44.058824],[15.201427,44.054999],[15.20338,44.052476],[15.205333,44.04975],[15.206554,44.045233],[15.212738,44.045233],[15.223318,44.050279],[15.23227,44.041449],[15.241170630724,44.028776978417],[15.249169435216,44.028776978417],[15.251637149753,44.028776978417],[15.247081,44.046698],[15.225759,44.06623],[15.062511,44.161933]]],"type":"Polygon"},"id":316,"properties":{"parentKey":"HRV:1159312443","sourceCountryId":"HRV","syntheticOperational":true,"territoryId":"territory:catalog:0877df3a27d189b22dc4ec64410eb1290e312230468ab2164d17695fe1b84c6d"},"type":"Feature"},{"geometry":{"coordinates":[[[16.242666738726,43.381294964029],[16.281749,43.369371],[16.348643,43.33869],[16.375987,43.333441],[16.391449,43.346381],[16.36671,43.361151],[16.348643,43.378323],[16.343739376739,43.381294964029],[16.242666738726,43.381294964029]]],"type":"Polygon"},"id":317,"properties":{"parentKey":"HRV:1159312433","sourceCountryId":"HRV","syntheticOperational":true,"territoryId":"territory:catalog:768b7797742ff55e3e42b431059cebad59f041780e43a9de1256abecb06f4162"},"type":"Feature"},{"geometry":{"coordinates":[[[18.015397775877,45.67063685883],[18.016606,45.669719],[18.02782,45.663983],[18.076861,45.645586],[18.079445,45.643623],[18.080892,45.642176],[18.083217,45.63029],[18.151637,45.620265],[18.158148,45.618301],[18.163264,45.615614],[18.174891,45.607139],[18.181092,45.60471],[18.200057,45.600731],[18.207654,45.597734],[18.217266,45.587709],[18.220676,45.583006],[18.223932,45.577838],[18.223002,45.573239],[18.215715,45.566521],[18.209359,45.563731],[18.195562,45.560165],[18.193856,45.559132],[18.192926,45.556858],[18.192616,45.553189],[18.193861566586,45.539568345324],[18.260869565217,45.539568345324],[18.323353293413,45.539568345324],[18.323353293413,45.748834037249],[18.317672,45.747286],[18.300516,45.751834],[18.295813945816,45.755395683453],[18.247422680412,45.755395683453],[18.015397775877,45.755395683453],[18.015397775877,45.67063685883]]],"type":"Polygon"},"id":318,"properties":{"parentKey":"HRV:1159312539","sourceCountryId":"HRV","syntheticOperational":true,"territoryId":"territory:catalog:6c618080a858f31e05ad81de129a90837941cb5372186e00f8856f5b7addbee6"},"type":"Feature"},{"geometry":{"coordinates":[[[16.142131979695,45.081588108714],[16.212994,45.031464],[16.24121,45.018959],[16.279347,45.007176],[16.316244,45.001234],[16.340635,45.005936],[16.346019,45.02001],[16.356965,45.048621],[16.377325,45.075596],[16.381976,45.083709],[16.384043,45.09544],[16.381976,45.101951],[16.38177,45.107584],[16.382035196488,45.107913669065],[16.196943972835,45.107913669065],[16.142131979695,45.107913669065],[16.142131979695,45.081588108714]]],"type":"Polygon"},"id":319,"properties":{"parentKey":"HRV:1159312529","sourceCountryId":"HRV","syntheticOperational":true,"territoryId":"territory:catalog:1b7452670b64c055137d5180634e93cfbb201181513622679c17f10b4a9c7fee"},"type":"Feature"},{"geometry":{"coordinates":[[[14.232595,44.626044],[14.239757,44.619859],[14.252208,44.616848],[14.264008,44.611558],[14.271169,44.612535],[14.265798,44.625393],[14.259044,44.634101],[14.256684,44.63703],[14.256358,44.642401],[14.258474,44.647854],[14.256847,44.653062],[14.257335,44.656724],[14.259451,44.658189],[14.260916,44.659491],[14.274181,44.661689],[14.28004,44.667792],[14.280392863616,44.676258992806],[14.26190160327,44.676258992806],[14.244151,44.661444],[14.235606,44.642239],[14.233572,44.634833],[14.232595,44.626044]]],"type":"Polygon"},"id":320,"properties":{"parentKey":"HRV:1159312505","sourceCountryId":"HRV","syntheticOperational":true,"territoryId":"territory:catalog:31c61b55e526a1df62863da4f8d76a6559a4f1fc3c85bcbb5b48cf09f9d584aa"},"type":"Feature"},{"geometry":{"coordinates":[[[18.260869565217,45.439438652459],[18.293747,45.457949],[18.304444,45.461825],[18.311937,45.461928],[18.337052,45.45552],[18.347284,45.454694],[18.349144,45.455004],[18.392604,45.468853],[18.408572,45.471798],[18.430638,45.472419],[18.44118,45.473659],[18.44397,45.475209],[18.44397,45.477431],[18.436839,45.483942],[18.433583,45.48787],[18.431413,45.492211],[18.431878,45.498205],[18.430793,45.501616],[18.427847,45.50451],[18.408262,45.513656],[18.398185,45.521201],[18.394309,45.522958],[18.390278,45.523475],[18.386868,45.52332],[18.384852,45.5227],[18.382527,45.521149],[18.380977,45.518721],[18.379581,45.514483],[18.378961,45.503476],[18.378186,45.50022],[18.376016,45.497327],[18.37121,45.495053],[18.364699,45.494174],[18.323254,45.49588],[18.317518,45.495001],[18.308991,45.492779],[18.304651,45.492779],[18.30062,45.494071],[18.296847,45.496551],[18.28553,45.507403],[18.28274,45.509574],[18.280414,45.510917],[18.277624,45.511641],[18.260869565217,45.511396754772],[18.260869565217,45.439438652459]]],"type":"Polygon"},"id":321,"properties":{"parentKey":"HRV:1159312541","sourceCountryId":"HRV","syntheticOperational":true,"territoryId":"territory:catalog:10a36617b36c73447d3b01a826d75bc2f479385894e2526790a2cece15d485d5"},"type":"Feature"},{"geometry":{"coordinates":[[[14.425059,45.087348],[14.438731,45.070502],[14.460134,45.052395],[14.485362,45.038031],[14.510509,45.032172],[14.590668,45.023261],[14.616954,45.024644],[14.603282,45.032172],[14.603282,45.038967],[14.619289340102,45.045007316697],[14.619289340102,45.107913669065],[14.466300416155,45.107913669065],[14.466482,45.105292],[14.462657,45.10102],[14.451182,45.10102],[14.44158,45.099799],[14.433116,45.095852],[14.425059,45.087348]]],"type":"Polygon"},"id":322,"properties":{"parentKey":"HRV:1159312505","sourceCountryId":"HRV","syntheticOperational":true,"territoryId":"territory:catalog:8d00276c9ae8c518352bdeb53ecc7e01273bb729ca392b2a5e224c2a116d5569"},"type":"Feature"},{"geometry":{"coordinates":[[[18.439024390244,42.525784268446],[18.442006,42.543012],[18.439024390244,42.553397310266],[18.439024390244,42.525784268446]]],"type":"Polygon"},"id":323,"properties":{"parentKey":"HRV:1159312431","sourceCountryId":"HRV","syntheticOperational":true,"territoryId":"territory:catalog:dec8ba6c942902e65353f940685f74e5e9b0d8b5694db9478e643d8a4ac2b4e9"},"type":"Feature"},{"geometry":{"coordinates":[[[16.758620689655,45.971223021583],[16.981706642161,45.971223021583],[16.965817,45.978848],[16.924993,45.993524],[16.91073,46.000707],[16.904633,46.008768],[16.915381,46.02825],[16.915846,46.032798],[16.912901,46.03657],[16.90763,46.039464],[16.89099,46.045975],[16.884634,46.049593],[16.879828,46.053727],[16.876727,46.058171],[16.875332,46.060806],[16.874402,46.064992],[16.872076,46.071555],[16.869441,46.074966],[16.865875,46.077446],[16.858899,46.079565],[16.851768,46.08096],[16.844895,46.081632],[16.839314,46.081012],[16.834663,46.078376],[16.830632,46.072744],[16.826911,46.062253],[16.824896,46.059566],[16.820865,46.056259],[16.811408,46.050678],[16.808618,46.048456],[16.805207,46.046389],[16.800866,46.046079],[16.79358,46.050626],[16.790118,46.055794],[16.784071,46.058688],[16.776165,46.058378],[16.758620689655,46.053129602827],[16.758620689655,45.971223021583]]],"type":"Polygon"},"id":324,"properties":{"parentKey":"HRV:1159312549","sourceCountryId":"HRV","syntheticOperational":true,"territoryId":"territory:catalog:be433a57665c4c76a64c463ef55dd424cf43c5c8e04ddbf498b0929e0a75a2a4"},"type":"Feature"},{"geometry":{"coordinates":[[[17.248157248157,43.153089987937],[17.316254,43.127265],[17.365369212768,43.079247112793],[17.365535,43.079335],[17.393595,43.094114],[17.400261,43.096801],[17.406307,43.100522],[17.405584,43.103726],[17.402122,43.106103],[17.391735,43.111477],[17.386929,43.114888],[17.383983,43.11866],[17.378867,43.1276],[17.375147,43.132096],[17.370496,43.135869],[17.364915,43.137729],[17.353391,43.138711],[17.34843,43.139899],[17.345949,43.141966],[17.345329,43.14486],[17.347086,43.153749],[17.34936,43.156229],[17.353081,43.156849],[17.370341,43.153077],[17.391115,43.1507],[17.39592,43.149408],[17.398556,43.148168],[17.402277,43.144292],[17.406307,43.14176],[17.411785,43.140209],[17.419227,43.139744],[17.437365,43.141191],[17.444496,43.143827],[17.449457,43.146307],[17.450913,43.148152],[17.442067,43.152432],[17.427052620859,43.165467625899],[17.304847986853,43.165467625899],[17.248157248157,43.165467625899],[17.248157248157,43.153089987937]]],"type":"Polygon"},"id":325,"properties":{"parentKey":"HRV:1159312433","sourceCountryId":"HRV","syntheticOperational":true,"territoryId":"territory:catalog:9f34b0718e604ad1c603404166adc6f1426d604e3e5bab928a77e4364886cf00"},"type":"Feature"},{"geometry":{"coordinates":[[[16.242399,46.16943],[16.246895,46.162041],[16.253716,46.153152],[16.254491,46.151912],[16.255112,46.148191],[16.255112,46.143024],[16.250926,46.129484],[16.250306,46.120648],[16.2486,46.112586],[16.255887,46.061065],[16.27139,46.043081],[16.274335,46.038999],[16.278676,46.026338],[16.281622,46.022204],[16.285239,46.018432],[16.290975,46.014246],[16.293765,46.012799],[16.300432,46.012592],[16.311904,46.013626],[16.328492,46.020085],[16.35924,46.024633],[16.352728,46.042358],[16.355364,46.078686],[16.352883,46.09021],[16.345442,46.110054],[16.346372,46.11765],[16.349628,46.122508],[16.364821,46.125764],[16.368541,46.12597],[16.382804,46.124833],[16.387455,46.125454],[16.392571,46.127004],[16.427504,46.145039],[16.431225,46.145969],[16.433395,46.145246],[16.434946,46.143747],[16.437271,46.1392],[16.439131,46.136977],[16.441922,46.135789],[16.446573,46.135375],[16.448275862069,46.13562980333],[16.448275862069,46.187050359712],[16.363636363636,46.187050359712],[16.247134011558,46.187050359712],[16.242399,46.175115],[16.242399,46.16943]]],"type":"Polygon"},"id":326,"properties":{"parentKey":"HRV:1159312555","sourceCountryId":"HRV","syntheticOperational":true,"territoryId":"territory:catalog:a54d3529b784ca62216d05e59e80dc5113e7dfb1b60f44bdfb679f1b76b16e6c"},"type":"Feature"},{"geometry":{"coordinates":[[[17.953964194373,45.323741007194],[18.030560271647,45.323741007194],[18.103070990006,45.323741007194],[18.101665,45.327828],[18.09934,45.332685],[18.096705,45.336561],[18.093914,45.33899],[18.085232,45.342607],[18.076964,45.345139],[18.075724,45.34824],[18.075879,45.350565],[18.078101,45.352581],[18.080581,45.354648],[18.083372,45.356353],[18.086628,45.358007],[18.090038,45.359299],[18.094069,45.360281],[18.101045,45.361211],[18.106316,45.36333],[18.111587,45.367464],[18.124455,45.384259],[18.128951,45.388858],[18.162954,45.412526],[18.174271,45.418468],[18.185898,45.421362],[18.211375,45.421621],[18.231683,45.424825],[18.237574,45.426323],[18.260869565217,45.439438652459],[18.260869565217,45.511396754772],[18.235094,45.511021],[18.230133,45.511744],[18.225482,45.513501],[18.221141,45.516705],[18.21246,45.526885],[18.208584,45.529934],[18.204398,45.531743],[18.200212,45.532312],[18.197267,45.533138],[18.19427,45.535102],[18.193861566586,45.539568345324],[18.015397775877,45.539568345324],[17.961519008291,45.539568345324],[17.953964194373,45.526015701484],[17.953964194373,45.323741007194]]],"type":"Polygon"},"id":327,"properties":{"parentKey":"HRV:1159312541","sourceCountryId":"HRV","syntheticOperational":true,"territoryId":"territory:catalog:a5b6b05deecb7041aab075a11275d2bc6bce11f91952e5ee7c3b723c891e6879"},"type":"Feature"},{"geometry":{"coordinates":[[[18.955349620893,44.862397510311],[18.974916,44.862757],[19.004969,44.863309],[19.015821,44.865635],[18.996344659539,44.892086330935],[18.955349620893,44.892086330935],[18.955349620893,44.862397510311]]],"type":"Polygon"},"id":328,"properties":{"parentKey":"HRV:1159312543","sourceCountryId":"HRV","syntheticOperational":true,"territoryId":"territory:catalog:b7f7ad3fdacdf928bb61b515f3b1b79c71f40686649734075621baf9143a9657"},"type":"Feature"},{"geometry":{"coordinates":[[[15.869017632242,44.460431654676],[16.117154811715,44.460431654676],[16.14027680643,44.460431654676],[16.128348,44.484314],[16.123077,44.5039],[16.116463,44.52147],[16.104887,44.532373],[16.0837,44.534905],[16.04732,44.52333],[16.026649,44.52519],[16.006082,44.541003],[16.013937,44.557023],[16.030473,44.572216],[16.034917,44.585393],[16.043186,44.588442],[16.044736,44.589372],[16.041119,44.602808],[16.036158,44.615314],[16.028303,44.624719],[16.016004,44.628957],[15.991613,44.631437],[15.979107,44.634383],[15.968978,44.63924],[15.955646,44.653193],[15.948658971105,44.676258992806],[15.92249368155,44.676258992806],[15.869017632242,44.676258992806],[15.869017632242,44.460431654676]]],"type":"Polygon"},"id":329,"properties":{"parentKey":"HRV:1159312443","sourceCountryId":"HRV","syntheticOperational":true,"territoryId":"territory:catalog:0504b0e83ffd11ae7835d5b1d652e7fff4be5e72d9fd71c2a255a622e664fa0a"},"type":"Feature"},{"geometry":{"coordinates":[[[17.618270799347,42.73381294964],[17.67324903211,42.73381294964],[17.658946,42.742987],[17.648204,42.738511],[17.618270799347,42.740839646519],[17.618270799347,42.73381294964]]],"type":"Polygon"},"id":330,"properties":{"parentKey":"HRV:1159312431","sourceCountryId":"HRV","syntheticOperational":true,"territoryId":"territory:catalog:055cdc83fd042c7d79d3bba131d5ecbfdb383800a560c67a454663286f8f020b"},"type":"Feature"},{"geometry":{"coordinates":[[[16.05055733807,45.755395683453],[16.082474226804,45.755395683453],[16.082474226804,45.770024268295],[16.05055733807,45.755395683453]]],"type":"Polygon"},"id":331,"properties":{"parentKey":"HRV:1159312531","sourceCountryId":"HRV","syntheticOperational":true,"territoryId":"territory:catalog:2a48398515416e076982a33e04990bd435be837ffdde26c22b9e5d96a429b865"},"type":"Feature"},{"geometry":{"coordinates":[[[18.247422680412,45.755395683453],[18.295813945816,45.755395683453],[18.283256,45.764908],[18.260518,45.765115],[18.247422680412,45.771993285044],[18.247422680412,45.755395683453]]],"type":"Polygon"},"id":332,"properties":{"parentKey":"HRV:1159312539","sourceCountryId":"HRV","syntheticOperational":true,"territoryId":"territory:catalog:f02d6a27e20d434f78463d72f8c72d733c0b0033385ff5e08af74cc1bec51162"},"type":"Feature"},{"geometry":{"coordinates":[[[16.808149405772,45.180889369775],[16.811718,45.181223],[16.824223,45.189077],[16.825774,45.196364],[16.82505,45.205045],[16.830734,45.216983],[16.84076,45.224011],[16.851922,45.227421],[16.86174,45.232227],[16.867321,45.243389],[16.875383,45.246955],[16.885822,45.255223],[16.893986,45.263543],[16.896984,45.268142],[16.924372,45.284524],[16.93264,45.278788],[16.940702,45.257755],[16.942149,45.249849],[16.941529,45.241219],[16.947317,45.23569],[16.967987,45.237292],[16.9653,45.244216],[16.961166,45.250934],[16.975945,45.247162],[16.988141,45.236516],[16.998683,45.2314],[17.008295,45.244165],[17.012015,45.236465],[17.013566,45.230574],[17.012532,45.224476],[17.008295,45.216156],[17.014393,45.219773],[17.030206,45.226956],[17.036303,45.23047],[17.055734,45.200446],[17.098418,45.177657],[17.113752122241,45.172626167602],[17.113752122241,45.187494794288],[17.110563,45.192901],[17.097231,45.203029],[17.087309,45.207628],[17.082968,45.211918],[17.081573,45.216103],[17.084208,45.225715],[17.085914,45.228712],[17.088704,45.231865],[17.113752122241,45.249706918365],[17.113752122241,45.323741007194],[17.033248081841,45.323741007194],[16.808149405772,45.323741007194],[16.808149405772,45.180889369775]]],"type":"Polygon"},"id":333,"properties":{"parentKey":"HRV:1159312529","sourceCountryId":"HRV","syntheticOperational":true,"territoryId":"territory:catalog:cce5b4cb4afb1cd32959cff5c87e3a5ed43736abdcb84e16e6ad23d3c371f5c5"},"type":"Feature"},{"geometry":{"coordinates":[[[16.987012987013,46.187050359712],[17.016424417576,46.187050359712],[16.989500828147,46.202263070406],[16.987012987013,46.203668782208],[16.987012987013,46.187050359712]]],"type":"Polygon"},"id":334,"properties":{"parentKey":"HRV:1159312551","sourceCountryId":"HRV","syntheticOperational":true,"territoryId":"territory:catalog:6feda9ffdab8865fdc9fc2c694fddc8ffd4999c4abfd6e7164609aef16f1449f"},"type":"Feature"},{"geometry":{"coordinates":[[[17.562942868215,42.94964028777],[17.580089,42.942328],[17.580658,42.942084],[17.618270799347,42.94789438546],[17.618270799347,42.94964028777],[17.562942868215,42.94964028777]]],"type":"Polygon"},"id":335,"properties":{"parentKey":"HRV:1159312431","sourceCountryId":"HRV","syntheticOperational":true,"territoryId":"territory:catalog:e7c5168efff51dc6dfa2ee287629ad9dedf65d14780aafcc0c98d25bb7e91436"},"type":"Feature"},{"geometry":{"coordinates":[[[15.343536681453,45.755395683453],[15.463917525773,45.755395683453],[15.463917525773,45.813889815955],[15.462549,45.814207],[15.451284,45.815137],[15.440328,45.811468],[15.435574,45.802115],[15.439502,45.791676],[15.441052,45.782168],[15.429755,45.775691],[15.429063,45.775295],[15.343536681453,45.755395683453]]],"type":"Polygon"},"id":336,"properties":{"parentKey":"HRV:1159312531","sourceCountryId":"HRV","syntheticOperational":true,"territoryId":"territory:catalog:405381ee638dc47f1d26d9cb64f64951b2bbcd61a86d183bda8b53446749cfce"},"type":"Feature"},{"geometry":{"coordinates":[[[18.336162988115,45.245323031344],[18.363148,45.242303],[18.486655,45.211608],[18.536936,45.193521],[18.544222,45.19073],[18.548253,45.190524],[18.553834,45.192022],[18.558485,45.195433],[18.563446,45.202306],[18.565616,45.20799],[18.567167,45.214295],[18.567942,45.226645],[18.566702,45.232588],[18.564221,45.236671],[18.55926,45.239771],[18.553214,45.24127],[18.519831,45.244577],[18.514405,45.245972],[18.509754,45.247833],[18.507429,45.249641],[18.506654,45.250985],[18.506654,45.255119],[18.509289,45.283851],[18.510064,45.287624],[18.511925,45.292585],[18.518746,45.297287],[18.52965,45.300904],[18.572748,45.305245],[18.577244,45.309379],[18.580034,45.313203],[18.58422,45.316821],[18.589698,45.318578],[18.625354,45.317854],[18.629385,45.318888],[18.632331,45.32142],[18.633021400349,45.323741007194],[18.567774936061,45.323741007194],[18.336162988115,45.323741007194],[18.336162988115,45.245323031344]]],"type":"Polygon"},"id":337,"properties":{"parentKey":"HRV:1159312539","sourceCountryId":"HRV","syntheticOperational":true,"territoryId":"territory:catalog:19c4e4eaf9425808724f7182ae8ef625efafa256072944f05670a2f10bf87fd5"},"type":"Feature"},{"geometry":{"coordinates":[[[14.962216624685,44.464696124432],[14.968450304675,44.461001774968],[14.969412300146,44.460431654676],[15.027629315239,44.460431654676],[14.965994,44.523871],[14.962216624685,44.525358990163],[14.962216624685,44.464696124432]]],"type":"Polygon"},"id":338,"properties":{"parentKey":"HRV:1159312507","sourceCountryId":"HRV","syntheticOperational":true,"territoryId":"territory:catalog:3383258b19d5336dcde6ba80bed807071b43ebff73dd86ee4cfd5c98da0c432d"},"type":"Feature"},{"geometry":{"coordinates":[[[14.342713556311,44.676258992806],[14.344574,44.668524],[14.349376,44.655341],[14.357682619647,44.64525606266],[14.357682619647,44.676258992806],[14.342713556311,44.676258992806]]],"type":"Polygon"},"id":339,"properties":{"parentKey":"HRV:1159312505","sourceCountryId":"HRV","syntheticOperational":true,"territoryId":"territory:catalog:16d6b997f37a0dbafebef9a3296913b09d544e57b170a2df8accc93ea6810b88"},"type":"Feature"},{"geometry":{"coordinates":[[[18.578680203046,45.091438192404],[18.581842,45.091357],[18.58856,45.093218],[18.602513,45.099264],[18.609127,45.100091],[18.616672,45.097662],[18.621116,45.093114],[18.627937,45.08004],[18.633622,45.071979],[18.640547,45.065364],[18.648711,45.062677],[18.658116,45.066294],[18.661217,45.0711],[18.663284,45.077146],[18.666075,45.082986],[18.671346,45.086861],[18.678167,45.087378],[18.684058,45.084794],[18.689019,45.080247],[18.726329,45.026142],[18.738318,45.01591],[18.750101,45.012241],[18.778006,45.010329],[18.78493,45.008468],[18.788961,45.005729],[18.791752,45.001544],[18.794646,44.995446],[18.795162,44.993327],[18.795162,44.988004],[18.795783,44.985059],[18.797953,44.982217],[18.803017,44.977307],[18.804568,44.973845],[18.80157,44.963975],[18.779866,44.952244],[18.772631,44.942478],[18.78338,44.913745],[18.811831389817,44.892086330935],[18.883248730964,44.892086330935],[18.883248730964,45.107913669065],[18.641765704584,45.107913669065],[18.578680203046,45.107913669065],[18.578680203046,45.091438192404]]],"type":"Polygon"},"id":340,"properties":{"parentKey":"HRV:1159312543","sourceCountryId":"HRV","syntheticOperational":true,"territoryId":"territory:catalog:26d2165ce1e79eb1831f7022cc37c5be99d59f6966f038a9bd565ec3f2dba830"},"type":"Feature"},{"geometry":{"coordinates":[[[14.657888,44.798774],[14.699474,44.765204],[14.709351305813,44.767731190266],[14.709351305813,44.80708505179],[14.699474,44.813056],[14.701345,44.807318],[14.701427,44.804348],[14.702322,44.802151],[14.70574,44.798774],[14.70574,44.792548],[14.694835,44.796454],[14.682872,44.798774],[14.670421,44.799506],[14.657888,44.798774]]],"type":"Polygon"},"id":341,"properties":{"parentKey":"HRV:1159312505","sourceCountryId":"HRV","syntheticOperational":true,"territoryId":"territory:catalog:1457fa34d733ef130cf141e77a500bb6e329f7967d4a603c6a8ae8ece38c3a00"},"type":"Feature"},{"geometry":{"coordinates":[[[17.345329,43.14486],[17.345949,43.141966],[17.34843,43.139899],[17.353391,43.138711],[17.364915,43.137729],[17.370496,43.135869],[17.375147,43.132096],[17.378867,43.1276],[17.383983,43.11866],[17.386929,43.114888],[17.391735,43.111477],[17.402122,43.106103],[17.405584,43.103726],[17.406307,43.100522],[17.400261,43.096801],[17.393595,43.094114],[17.365535,43.079335],[17.365369212768,43.079247112793],[17.37086,43.073879],[17.404552,43.0515],[17.426117,43.065172],[17.427419,43.060858],[17.433604,43.0515],[17.426117,43.044623],[17.432302,43.0362],[17.440684,43.032294],[17.45045,43.031155],[17.460216,43.030992],[17.440684,43.019965],[17.433604,43.017401],[17.45338,43.022773],[17.47169,43.030463],[17.487966,43.03498],[17.501964,43.030992],[17.479177,43.022406],[17.470876,43.013414],[17.47462,43.001166],[17.488292,42.982611],[17.498546,42.972154],[17.515636,42.958889],[17.534516,42.950629],[17.542997542998,42.953250730838],[17.542997542998,43.103599621157],[17.450913,43.148152],[17.449457,43.146307],[17.444496,43.143827],[17.437365,43.141191],[17.419227,43.139744],[17.411785,43.140209],[17.406307,43.14176],[17.402277,43.144292],[17.398556,43.148168],[17.39592,43.149408],[17.391115,43.1507],[17.370341,43.153077],[17.353081,43.156849],[17.34936,43.156229],[17.347086,43.153749],[17.345329,43.14486]]],"type":"Polygon"},"id":342,"properties":{"parentKey":"HRV:1159312431","sourceCountryId":"HRV","syntheticOperational":true,"territoryId":"territory:catalog:caa9ac1e22af397ed7acbcfbb34093e7dbeb8219ed2ce2988b7a370204106bee"},"type":"Feature"},{"geometry":{"coordinates":[[[17.340153452685,45.517209314143],[17.34967,45.516602],[17.383673,45.509677],[17.399331,45.509212],[17.410545,45.510556],[17.418451,45.513346],[17.423877,45.517325],[17.428683,45.52332],[17.435475141076,45.539568345324],[17.399486740804,45.539568345324],[17.340153452685,45.539568345324],[17.340153452685,45.517209314143]]],"type":"Polygon"},"id":343,"properties":{"parentKey":"HRV:1159312549","sourceCountryId":"HRV","syntheticOperational":true,"territoryId":"territory:catalog:9907f375abdd68b695d7ce362910dc0e45301d77d91fc50f1b239e6687794ccb"},"type":"Feature"},{"geometry":{"coordinates":[[[16.139435302892,45.971223021583],[16.39175257732,45.971223021583],[16.448275862069,45.971223021583],[16.448275862069,45.999298437465],[16.443627,46.004066],[16.432775,46.008045],[16.35924,46.024633],[16.328492,46.020085],[16.311904,46.013626],[16.300432,46.012592],[16.293765,46.012799],[16.290975,46.014246],[16.285239,46.018432],[16.281622,46.022204],[16.278676,46.026338],[16.274335,46.038999],[16.27139,46.043081],[16.255887,46.061065],[16.241779,46.0637],[16.240074,46.063752],[16.238678,46.063597],[16.234648,46.062563],[16.220643,46.057034],[16.217233,46.056672],[16.213202,46.056879],[16.198629,46.059876],[16.194133,46.05998],[16.190413,46.058533],[16.187932,46.055277],[16.188242,46.049386],[16.190413,46.046285],[16.193358,46.04427],[16.198939,46.042461],[16.20266,46.040704],[16.20545,46.038947],[16.208396,46.036363],[16.208086,46.033366],[16.20483,46.030214],[16.189793,46.024323],[16.186227,46.022049],[16.188087,46.01807],[16.189793,46.01621],[16.198939,46.011455],[16.20173,46.009337],[16.204675,46.006598],[16.204675,46.004221],[16.20173,46.00236],[16.192118,46.000707],[16.187622,46.000448],[16.184366,46.000655],[16.17832,46.002722],[16.174238,46.003601],[16.170207,46.004014],[16.166952,46.003962],[16.165091,46.003807],[16.164006,46.002412],[16.162766,46.000035],[16.162301,45.994092],[16.163076,45.990992],[16.164471,45.988666],[16.169897,45.985204],[16.171447,45.984067],[16.172067,45.982878],[16.169122,45.980398],[16.166021,45.978331],[16.139435302892,45.971223021583]]],"type":"Polygon"},"id":344,"properties":{"parentKey":"HRV:1159312531","sourceCountryId":"HRV","syntheticOperational":true,"territoryId":"territory:catalog:ec2a2c887e5bb93a920b12bfa86e3e0e16ad0b6a7a4b1676d7fa441b70151ca7"},"type":"Feature"},{"geometry":{"coordinates":[[[17.010309278351,45.755395683453],[17.091531223268,45.755395683453],[17.316316729459,45.755395683453],[17.315099,45.756277],[17.305642,45.764545],[17.290397,45.771005],[17.282956,45.777258],[17.27877,45.782529],[17.278305,45.785888],[17.279235,45.793588],[17.279235,45.79798],[17.27722,45.803303],[17.14038,45.870275],[17.105602,45.893478],[17.09165,45.900868],[17.086069,45.904537],[17.080177,45.909653],[17.06669,45.924381],[17.058577,45.930892],[17.050515,45.934768],[17.037183,45.935956],[17.029586,45.935594],[17.02292,45.934044],[17.010309278351,45.927481987849],[17.010309278351,45.755395683453]]],"type":"Polygon"},"id":345,"properties":{"parentKey":"HRV:1159312549","sourceCountryId":"HRV","syntheticOperational":true,"territoryId":"territory:catalog:03543c720f9d9b79b128c62ce86917ebf0cd8fd46e44e7a8bf6c2f71b2c4b28f"},"type":"Feature"},{"geometry":{"coordinates":[[[15.765839,45.846298],[15.768113,45.844179],[15.773195876289,45.841235918856],[15.773195876289,45.86857240288],[15.77142,45.867537],[15.7708,45.864384],[15.7708,45.861129],[15.765839,45.846298]]],"type":"Polygon"},"id":346,"properties":{"parentKey":"HRV:1159312533","sourceCountryId":"HRV","syntheticOperational":true,"territoryId":"territory:catalog:8c13aa5e12aed36a1324db68f2c7d6fff960b44f7cd898782dffd37ca523a968"},"type":"Feature"},{"geometry":{"coordinates":[[[17.769104349353,45.107913669065],[17.797497,45.081952],[17.815584,45.07017],[17.835738,45.064434],[17.84566,45.065261],[17.875219,45.073994],[17.902607,45.077766],[17.911185,45.081074],[17.927722,45.092029],[17.946364858705,45.107913669065],[17.769104349353,45.107913669065]]],"type":"Polygon"},"id":347,"properties":{"parentKey":"HRV:1159312537","sourceCountryId":"HRV","syntheticOperational":true,"territoryId":"territory:catalog:e78d0eee15a3f4121eb0768a5b2e27d9535138c54a6acab9e7f6607f8997fe91"},"type":"Feature"},{"geometry":{"coordinates":[[[14.974533106961,45.107913669065],[15.01965038507,45.107913669065],[15.008004,45.124068],[14.974533106961,45.147283735449],[14.974533106961,45.107913669065]]],"type":"Polygon"},"id":348,"properties":{"parentKey":"HRV:1159312505","sourceCountryId":"HRV","syntheticOperational":true,"territoryId":"territory:catalog:2b3cf432588caed2d2ab25d72cf40d3a4dd2b7c65aa002d27aeef0573398f0e4"},"type":"Feature"},{"geometry":{"coordinates":[[[15.92249368155,44.676258992806],[15.948658971105,44.676258992806],[15.948101,44.678101],[15.937352,44.688953],[15.929808,44.68947],[15.92249368155,44.686498806909],[15.92249368155,44.676258992806]]],"type":"Polygon"},"id":349,"properties":{"parentKey":"HRV:1159312443","sourceCountryId":"HRV","syntheticOperational":true,"territoryId":"territory:catalog:025ec025552f337a6c3237ddc0fb292d6aec60e0351bdba5837f5af3a66d04a3"},"type":"Feature"},{"geometry":{"coordinates":[[[14.733653,44.703192],[14.743663,44.680487],[14.747111583259,44.676258992806],[14.771804993854,44.676258992806],[14.741222,44.701606],[14.738129,44.703111],[14.733653,44.703192]]],"type":"Polygon"},"id":350,"properties":{"parentKey":"HRV:1159312507","sourceCountryId":"HRV","syntheticOperational":true,"territoryId":"territory:catalog:07b5af7d35685b91346ef1b8a8c292244bea7b44fec0ef623618bde70f6d7ebf"},"type":"Feature"},{"geometry":{"coordinates":[[[14.357682619647,44.64525606266],[14.375987,44.623033],[14.382579,44.603258],[14.364757,44.587226],[14.368663,44.582017],[14.369884,44.57982],[14.369884,44.579657],[14.363048,44.579657],[14.363048,44.573432],[14.374685,44.567572],[14.386567,44.565619],[14.396983,44.569159],[14.404063,44.579657],[14.422618,44.573879],[14.437999,44.564643],[14.466075,44.538642],[14.459239,44.541164],[14.438162,44.545478],[14.438162,44.538642],[14.451915,44.531887],[14.485037,44.500637],[14.511974,44.482245],[14.534353,44.484076],[14.526622,44.50373],[14.445567,44.565985],[14.410004,44.600979],[14.404063,44.610338],[14.399587,44.637519],[14.395193,44.653388],[14.390391,44.662177],[14.394645579983,44.676258992806],[14.357682619647,44.676258992806],[14.357682619647,44.64525606266]]],"type":"Polygon"},"id":351,"properties":{"parentKey":"HRV:1159312505","sourceCountryId":"HRV","syntheticOperational":true,"territoryId":"territory:catalog:60c3b870fec2042b77644f4d5726e3a3e4e285a7057b0576a2147625331825f8"},"type":"Feature"},{"geometry":{"coordinates":[[[14.314583760505,44.892086330935],[14.329845,44.83393],[14.346039,44.820502],[14.356619,44.81977],[14.361583,44.815985],[14.363048,44.806545],[14.364268,44.7744],[14.368175,44.761054],[14.374522,44.753852],[14.383556,44.757758],[14.38738,44.755805],[14.389903,44.754055],[14.392751,44.752509],[14.397227,44.751614],[14.394542,44.707587],[14.406065711879,44.68996434824],[14.406065711879,44.892086330935],[14.314720812183,44.892086330935],[14.314583760505,44.892086330935]]],"type":"Polygon"},"id":352,"properties":{"parentKey":"HRV:1159312505","sourceCountryId":"HRV","syntheticOperational":true,"territoryId":"territory:catalog:89f5666506a8b59bb41a24bca65125720dd6971b1cb2c22df2956b57c8412ed2"},"type":"Feature"},{"geometry":{"coordinates":[[[16.883193188791,42.73381294964],[16.884939,42.729397],[16.905447,42.731757],[16.909541842765,42.73381294964],[16.883193188791,42.73381294964]]],"type":"Polygon"},"id":353,"properties":{"parentKey":"HRV:1159312431","sourceCountryId":"HRV","syntheticOperational":true,"territoryId":"territory:catalog:f35a60112fb9859c7eb4b299dc4091b895377f6ced3b42cbc8b487ae9557a928"},"type":"Feature"},{"geometry":{"coordinates":[[[16.390728476821,43.795024950862],[16.425489,43.812261],[16.426177534539,43.812949640288],[16.390728476821,43.812949640288],[16.390728476821,43.795024950862]]],"type":"Polygon"},"id":354,"properties":{"parentKey":"HRV:1159312439","sourceCountryId":"HRV","syntheticOperational":true,"territoryId":"territory:catalog:f00f4c1ed745006e68ce3c84af3386a5dc4ad06a041b37bb32657c8e5c7557a4"},"type":"Feature"},{"geometry":{"coordinates":[[[14.881342836337,45.035599787343],[14.914317,44.981431],[14.921641,44.958808],[14.914887,44.939927],[14.905284,44.924628],[14.894213308828,44.892086330935],[14.92385786802,44.892086330935],[14.92385786802,45.076372719994],[14.890234,45.061333],[14.887288,45.0588],[14.886151,45.055286],[14.886513,45.042316],[14.8815,45.035804],[14.881343,45.0356],[14.881342836337,45.035599787343]]],"type":"Polygon"},"id":355,"properties":{"parentKey":"HRV:1159312507","sourceCountryId":"HRV","syntheticOperational":true,"territoryId":"territory:catalog:9f65cecd74e496e0358513f810dddb97e16b3dee27d42b043aecdf01481c0efc"},"type":"Feature"},{"geometry":{"coordinates":[[[15.859709153122,45.548981135746],[15.85989,45.548951],[15.864386,45.547349],[15.867487,45.544869],[15.868727,45.541613],[15.868813378162,45.539568345324],[16.098561988254,45.539568345324],[16.093571,45.54399],[16.076518,45.553602],[16.072797,45.556444],[16.070317,45.559855],[16.069231,45.563834],[16.068921,45.571172],[16.066751,45.574635],[16.0621,45.577218],[16.053367,45.57944],[16.049491,45.581042],[16.047011,45.583833],[16.04577,45.589156],[16.04639,45.594013],[16.049181,45.597475],[16.054297,45.599129],[16.075898,45.59732],[16.085509,45.598251],[16.092796,45.600628],[16.121528,45.616906],[16.137961,45.629928],[16.141682,45.632305],[16.147883,45.634114],[16.153619,45.634372],[16.16137,45.633184],[16.167664670659,45.630463899221],[16.167664670659,45.755395683453],[16.082474226804,45.755395683453],[16.05055733807,45.755395683453],[15.966617,45.716923],[15.946167,45.693916],[15.938498,45.642791],[15.921488,45.622384],[15.90397,45.630187],[15.899784,45.633649],[15.896684,45.638197],[15.894462,45.642641],[15.891568,45.64693],[15.887175,45.650806],[15.881284,45.654165],[15.874618,45.657265],[15.859709153122,45.661994033827],[15.859709153122,45.548981135746]]],"type":"Polygon"},"id":356,"properties":{"parentKey":"HRV:1159312531","sourceCountryId":"HRV","syntheticOperational":true,"territoryId":"territory:catalog:fccbdd660baa61e420e9cd45b557b8d43bcafa6b269b6481ddd377254093e0b2"},"type":"Feature"},{"geometry":{"coordinates":[[[16.363636363636,46.187050359712],[16.448275862069,46.187050359712],[16.558732132404,46.187050359712],[16.596021,46.203123],[16.632349,46.21196],[16.648938,46.213097],[16.653899,46.211908],[16.657154,46.209118],[16.66041,46.2024],[16.663975,46.20085],[16.675324675325,46.203439993357],[16.675324675325,46.313152205989],[16.605633,46.315881],[16.595091,46.317948],[16.585634,46.31676],[16.516129,46.301464],[16.483831,46.301774],[16.363636363636,46.319610611045],[16.363636363636,46.187050359712]]],"type":"Polygon"},"id":357,"properties":{"parentKey":"HRV:1159312555","sourceCountryId":"HRV","syntheticOperational":true,"territoryId":"territory:catalog:74c0ff9313bd5658bd6c6ced4b3de642bdbec4a28ebb0544f407f0a050b73b78"},"type":"Feature"},{"geometry":{"coordinates":[[[16.146584311208,44.028776978417],[16.148658,44.026409],[16.149743,44.021964],[16.149433,44.017934],[16.148503,44.015505],[16.148503,44.012714],[16.149123,44.009924],[16.149898,44.008322],[16.150518,44.007237],[16.151139,44.006668],[16.153309,44.002276],[16.154084,43.999899],[16.155479,43.986669],[16.155169,43.982225],[16.153774,43.972303],[16.153309,43.952356],[16.154084,43.944501],[16.159665,43.935716],[16.170104,43.92688],[16.191653,43.920472],[16.209946,43.91794],[16.231185,43.918353],[16.303377,43.933598],[16.313764,43.93923],[16.318725,43.940884],[16.324616,43.941194],[16.330973,43.940884],[16.340119,43.938197],[16.344512,43.936337],[16.350868,43.926208],[16.382494,43.919697],[16.399754,43.919852],[16.410451,43.922591],[16.414327,43.92595],[16.416497,43.930239],[16.418357,43.93551],[16.436651,43.948222],[16.445182724253,43.952291743632],[16.445182724253,44.012557823134],[16.439647,44.014007],[16.431482,44.025789],[16.430559516441,44.028776978417],[16.2,44.028776978417],[16.146584311208,44.028776978417]]],"type":"Polygon"},"id":358,"properties":{"parentKey":"HRV:1159312443","sourceCountryId":"HRV","syntheticOperational":true,"territoryId":"territory:catalog:3e042bad604110e8ba289cc66f83035c44611e2a1e34e5925540ec4ee8b312f4"},"type":"Feature"},{"geometry":{"coordinates":[[[15.142237967491,44.244604316547],[15.152192,44.235297],[15.160411,44.213202],[15.144542,44.195461],[15.196951,44.15648],[15.212738,44.148261],[15.208832,44.13817],[15.212901,44.131049],[15.222016,44.125637],[15.233246,44.120917],[15.278331,44.085598],[15.277599,44.082343],[15.3,44.062507612026],[15.3,44.244604316547],[15.213389121339,44.244604316547],[15.142237967491,44.244604316547]]],"type":"Polygon"},"id":359,"properties":{"parentKey":"HRV:1159312443","sourceCountryId":"HRV","syntheticOperational":true,"territoryId":"territory:catalog:46ae3ee31e608af4ae8f34199811ac54b173fbf40ec824eb0acd2f5e18c1c9f0"},"type":"Feature"},{"geometry":{"coordinates":[[[15.160991753493,45.107913669065],[15.21192637448,45.107913669065],[15.207527,45.111769],[15.202721,45.116781],[15.199155,45.121277],[15.194194,45.125773],[15.190319,45.126858],[15.184272,45.124119],[15.160991753493,45.107913669065]]],"type":"Polygon"},"id":360,"properties":{"parentKey":"HRV:1159312507","sourceCountryId":"HRV","syntheticOperational":true,"territoryId":"territory:catalog:5e949a5ab1d402217071e6d5788895b0d37c7cfcbbf6a898788ef6a854a75c3b"},"type":"Feature"},{"geometry":{"coordinates":[[[17.033248081841,45.323741007194],[17.113752122241,45.323741007194],[17.188289589078,45.323741007194],[17.190042,45.327001],[17.189576,45.330825],[17.181205,45.34793],[17.143791,45.341936],[17.061987,45.378161],[17.051445,45.384724],[17.049275,45.387979],[17.049275,45.392062],[17.05005,45.395834],[17.054701,45.4025],[17.059507,45.407823],[17.061522,45.411595],[17.062607,45.417021],[17.060902,45.422757],[17.057491,45.425186],[17.053306,45.425755],[17.04881,45.424825],[17.035167,45.420587],[17.033248081841,45.420279271147],[17.033248081841,45.323741007194]]],"type":"Polygon"},"id":361,"properties":{"parentKey":"HRV:1159312529","sourceCountryId":"HRV","syntheticOperational":true,"territoryId":"territory:catalog:162258c51b3577499e1841ea76c4e500f78acf11c76b0995b0b6a2a91235666f"},"type":"Feature"},{"geometry":{"coordinates":[[[16.374377184286,45.755395683453],[16.39175257732,45.755395683453],[16.39175257732,45.811971117417],[16.381564,45.812036],[16.384199,45.804388],[16.384974,45.799944],[16.385129,45.795448],[16.384199,45.789453],[16.376913,45.76899],[16.374377184286,45.755395683453]]],"type":"Polygon"},"id":362,"properties":{"parentKey":"HRV:1159312529","sourceCountryId":"HRV","syntheticOperational":true,"territoryId":"territory:catalog:bf2678adb25c3c9b618d32a643cef52a07828ec5b090680fec22c27d61a294ae"},"type":"Feature"},{"geometry":{"coordinates":[[[18.030560271647,45.276857019564],[18.081615,45.271501],[18.108177,45.302351],[18.109572,45.312273],[18.107092,45.315426],[18.104456,45.319715],[18.103070990006,45.323741007194],[18.030560271647,45.323741007194],[18.030560271647,45.276857019564]]],"type":"Polygon"},"id":363,"properties":{"parentKey":"HRV:1159312541","sourceCountryId":"HRV","syntheticOperational":true,"territoryId":"territory:catalog:c4a0a7e29f092c4b02e8b074202b7008067c6adcf67576a95703bb547bd06bfd"},"type":"Feature"},{"geometry":{"coordinates":[[[17.961519008291,45.539568345324],[18.015397775877,45.539568345324],[18.015397775877,45.587415156694],[17.963379,45.542905],[17.961519008291,45.539568345324]]],"type":"Polygon"},"id":364,"properties":{"parentKey":"HRV:1159312541","sourceCountryId":"HRV","syntheticOperational":true,"territoryId":"territory:catalog:58668d894d78195ac763de17e23a40b91a836e7da80ee537dcf5ec4412602d03"},"type":"Feature"},{"geometry":{"coordinates":[[[16.694775514267,45.971223021583],[16.701030927835,45.971223021583],[16.758620689655,45.971223021583],[16.758620689655,46.053129602827],[16.758027,46.052952],[16.741128,46.045717],[16.731,46.033366],[16.719218,46.018742],[16.710846,46.00143],[16.697203,45.98107],[16.694775514267,45.971223021583]]],"type":"Polygon"},"id":365,"properties":{"parentKey":"HRV:1159312549","sourceCountryId":"HRV","syntheticOperational":true,"territoryId":"territory:catalog:3fe9420c10d7653791ea874f9ed22b29cce38cfa54b57c6f55e4932d0568900e"},"type":"Feature"},{"geometry":{"coordinates":[[[15.463917525773,45.755395683453],[15.551753635586,45.755395683453],[15.773195876289,45.755395683453],[15.773195876289,45.841235918856],[15.768113,45.844179],[15.765839,45.846298],[15.7708,45.861129],[15.7708,45.864384],[15.77142,45.867537],[15.773195876289,45.86857240288],[15.773195876289,45.969544447827],[15.763669,45.968306],[15.710413595641,45.971223021583],[15.675452153134,45.971223021583],[15.67711,45.941796],[15.67556,45.925157],[15.670392,45.912651],[15.663364,45.900817],[15.659436,45.888828],[15.663674,45.876064],[15.675456,45.855962],[15.676076,45.841699],[15.666051,45.831674],[15.645587,45.824129],[15.626054,45.820202],[15.587296,45.81922],[15.549748,45.823693],[15.523527,45.826816],[15.513916,45.823406],[15.495312,45.812657],[15.48539,45.810176],[15.473918,45.811572],[15.463917525773,45.813889815955],[15.463917525773,45.755395683453]]],"type":"Polygon"},"id":366,"properties":{"parentKey":"HRV:1159312531","sourceCountryId":"HRV","syntheticOperational":true,"territoryId":"territory:catalog:41ab9185ff8d63200b89aa5ae588f22eeaa1f4f09d777e9040b5c786ee0811bc"},"type":"Feature"},{"geometry":{"coordinates":[[[15.249169435216,44.022020548118],[15.254405,44.01789],[15.251637149753,44.028776978417],[15.249169435216,44.028776978417],[15.249169435216,44.022020548118]]],"type":"Polygon"},"id":367,"properties":{"parentKey":"HRV:1159312443","sourceCountryId":"HRV","syntheticOperational":true,"territoryId":"territory:catalog:aa1353c3406c8aef241e793c048947958961fbb785c699f3e1e1bd52a395c4a5"},"type":"Feature"},{"geometry":{"coordinates":[[[15.012636899747,44.676258992806],[15.264483627204,44.676258992806],[15.315922493682,44.676258992806],[15.315922493682,44.892086330935],[15.228426395939,44.892086330935],[15.012636899747,44.892086330935],[15.012636899747,44.676258992806]]],"type":"Polygon"},"id":368,"properties":{"parentKey":"HRV:1159312507","sourceCountryId":"HRV","syntheticOperational":true,"territoryId":"territory:catalog:3466643bcc0d4534aa9d9930f5a76620de893d749b971e3aa84806d489f39234"},"type":"Feature"},{"geometry":{"coordinates":[[[16.363636363636,46.319610611045],[16.483831,46.301774],[16.516129,46.301464],[16.585634,46.31676],[16.595091,46.317948],[16.605633,46.315881],[16.675324675325,46.313152205989],[16.675324675325,46.402877697842],[16.420503909644,46.402877697842],[16.363636363636,46.402877697842],[16.363636363636,46.319610611045]]],"type":"Polygon"},"id":369,"properties":{"parentKey":"HRV:1159312553","sourceCountryId":"HRV","syntheticOperational":true,"territoryId":"territory:catalog:41059ba97da475af0e9678a8967ca5bdd98be64a6b03bb9ce06bf4f45b41859e"},"type":"Feature"},{"geometry":{"coordinates":[[[14.479888266118,45.539568345324],[14.57800511509,45.539568345324],[14.627887082977,45.539568345324],[14.627887082977,45.587398369098],[14.615986,45.594066],[14.603067,45.603574],[14.593868,45.616183],[14.592938,45.629671],[14.594075,45.648016],[14.591905,45.663364],[14.580949,45.667808],[14.569095,45.664252],[14.563896,45.662692],[14.556145,45.656697],[14.543639,45.63644],[14.533097,45.625692],[14.507879,45.605848],[14.498577,45.596184],[14.492273,45.58342],[14.491502,45.579165],[14.487415,45.5566],[14.482144,45.542441],[14.479888266118,45.539568345324]]],"type":"Polygon"},"id":370,"properties":{"parentKey":"HRV:1159312505","sourceCountryId":"HRV","syntheticOperational":true,"territoryId":"territory:catalog:62ed38d59ee9d1eea3fe2e664d7c6b92aebb203a645a8eb68c6d81b1a5bd501e"},"type":"Feature"}],"type":"FeatureCollection"}
