{"features":[{"geometry":{"coordinates":[[[16.306620209059,46.531803654785],[16.310663,46.530985],[16.32999,46.535455],[16.340276,46.543827],[16.339654,46.543981],[16.334848,46.54517],[16.328647,46.548735],[16.334538,46.556487],[16.337949,46.563825],[16.334538,46.577622],[16.328492,46.583824],[16.306620209059,46.594395717673],[16.306620209059,46.531803654785]]],"type":"Polygon"},"id":1,"properties":{"parentKey":"SVN:1159308685","sourceCountryId":"SVN","syntheticOperational":true,"territoryId":"territory:catalog:d3b80427c15f21087a00800ea9aca063e1f650b1e27c7565cf845d887904aa1f"},"type":"Feature"},{"geometry":{"coordinates":[[[14.778111659572,45.755395683453],[14.795872,45.7431],[14.810915902023,45.755395683453],[14.778111659572,45.755395683453]]],"type":"Polygon"},"id":2,"properties":{"parentKey":"SVN:1159308665","sourceCountryId":"SVN","syntheticOperational":true,"territoryId":"territory:catalog:e3b1554ec8c8e96a1606da6aa6f8c0c85e947abc4497bc064e45a16a828f7c4c"},"type":"Feature"},{"geometry":{"coordinates":[[[14.974271012007,45.719884086616],[14.980202,45.741446],[14.983613,45.749172],[14.983049852927,45.755395683453],[14.974271012007,45.755395683453],[14.974271012007,45.719884086616]]],"type":"Polygon"},"id":3,"properties":{"parentKey":"SVN:1159308563","sourceCountryId":"SVN","syntheticOperational":true,"territoryId":"territory:catalog:b1816ae9a1c863887f13167761a19eeadbc77e2af9f2dcfa4c02caeed0cd4fa0"},"type":"Feature"},{"geometry":{"coordinates":[[[15.862836,46.610954],[15.875393,46.605941],[15.893066,46.58819],[15.898182,46.584289],[15.902368,46.583462],[15.905314,46.585038],[15.911412,46.585167],[15.915132,46.585839],[15.926139,46.591007],[15.933271,46.596407],[15.916373,46.610799],[15.913582,46.61855],[15.913573307442,46.618705035971],[15.864691988368,46.618705035971],[15.862836,46.610954]]],"type":"Polygon"},"id":4,"properties":{"parentKey":"SVN:1159308545","sourceCountryId":"SVN","syntheticOperational":true,"territoryId":"territory:catalog:82b3628139f1fdb8a93153060c5c25eb1f11ecc39ca88daee6faaaaec135cf40"},"type":"Feature"},{"geometry":{"coordinates":[[[15.315686,46.482176],[15.317701,46.469722],[15.324522,46.463056],[15.327003,46.458534],[15.324832,46.451248],[15.334134,46.446933],[15.336925,46.445899],[15.33677,46.443729],[15.331499,46.441713],[15.326848,46.439078],[15.324677,46.435202],[15.325297,46.429208],[15.34018,46.411379],[15.348759,46.40616],[15.355529058367,46.402877697842],[15.383947939262,46.402877697842],[15.409892,46.402877697842],[15.409892,46.405488],[15.410691003911,46.406187450601],[15.410691003911,46.431179073595],[15.398368,46.437889],[15.38209,46.440783],[15.368137,46.447656],[15.352479,46.452565],[15.345658,46.459542],[15.338475,46.465433],[15.335064,46.477396],[15.315686,46.482176]]],"type":"Polygon"},"id":5,"properties":{"parentKey":"SVN:1159310819","sourceCountryId":"SVN","syntheticOperational":true,"territoryId":"territory:catalog:a01dee66a4ae27f0fa89f8fac8317cf5ec64061bef7d3a5940e585f32ddd655b"},"type":"Feature"},{"geometry":{"coordinates":[[[15.254237288136,46.402877697842],[15.355529058367,46.402877697842],[15.348759,46.40616],[15.34018,46.411379],[15.325297,46.429208],[15.324677,46.435202],[15.326848,46.439078],[15.331499,46.441713],[15.33677,46.443729],[15.336925,46.445899],[15.334134,46.446933],[15.324832,46.451248],[15.298012,46.44993],[15.281062,46.446726],[15.273466,46.443289],[15.26711,46.437269],[15.254237288136,46.414603532298],[15.254237288136,46.402877697842]]],"type":"Polygon"},"id":6,"properties":{"parentKey":"SVN:1159310807","sourceCountryId":"SVN","syntheticOperational":true,"territoryId":"territory:catalog:d44547deeae06837724436d56a72464d76ded2ded2c8e9d8a4ff10974cf48c23"},"type":"Feature"},{"geometry":{"coordinates":[[[14.947994740135,45.971223021583],[14.954799827809,45.971223021583],[14.980595084088,45.971223021583],[14.980595084088,45.972718399307],[14.968265,45.974636],[14.954467,45.975075],[14.947994740135,45.971223021583]]],"type":"Polygon"},"id":7,"properties":{"parentKey":"SVN:1159310801","sourceCountryId":"SVN","syntheticOperational":true,"territoryId":"territory:catalog:e7162e96b7ca56212f04b7be38746008e94b6bf5f87b438a45c9514ad6cc984e"},"type":"Feature"},{"geometry":{"coordinates":[[[14.536082474227,45.755395683453],[14.569719293822,45.755395683453],[14.569633,45.759481],[14.566067,45.766767],[14.553303,45.781289],[14.564207,45.790074],[14.536082474227,45.808627917719],[14.536082474227,45.755395683453]]],"type":"Polygon"},"id":8,"properties":{"parentKey":"SVN:1159308667","sourceCountryId":"SVN","syntheticOperational":true,"territoryId":"territory:catalog:a5deb3c842a8d2d466c1b37c83ac5639f7ebf3ab3c1fde83f0b9a3d26b2ac69e"},"type":"Feature"},{"geometry":{"coordinates":[[[15.792504,46.660873],[15.794416,46.654724],[15.800152,46.646869],[15.818291,46.645448],[15.823407,46.640151],[15.825267,46.636378],[15.828523,46.62749],[15.829143,46.623769],[15.829298,46.618989],[15.829667027218,46.618705035971],[15.836236933798,46.618705035971],[15.86387434555,46.618705035971],[15.86387434555,46.670685474163],[15.858805,46.671596],[15.827282,46.686375],[15.818291,46.696168],[15.804338,46.69976],[15.803873,46.682526],[15.799997,46.676273],[15.799067,46.670485],[15.792814,46.665679],[15.792504,46.660873]]],"type":"Polygon"},"id":9,"properties":{"parentKey":"SVN:1159308547","sourceCountryId":"SVN","syntheticOperational":true,"territoryId":"territory:catalog:1f633f6013a82bc7bc84064fc59b6e12b7028bc4a55cb1fb776be21173b80498"},"type":"Feature"},{"geometry":{"coordinates":[[[15.601552393273,45.971223021583],[15.675452153134,45.971223021583],[15.675381,45.972486],[15.674216,45.993163],[15.674319,45.993318],[15.681967,46.013523],[15.693646,46.025771],[15.697987,46.036209],[15.69288,46.041636],[15.692614,46.041583],[15.684552,46.039981],[15.667757,46.02639],[15.623832,46.003704],[15.601552393273,45.995838108312],[15.601552393273,45.971223021583]]],"type":"Polygon"},"id":10,"properties":{"parentKey":"SVN:1159310665","sourceCountryId":"SVN","syntheticOperational":true,"territoryId":"territory:catalog:859b9dfef7ed62386a6f4fb2fdad23821f34f89b176105004048e7676bca7756"},"type":"Feature"},{"geometry":{"coordinates":[[[15.880052151239,46.499928292594],[15.88795,46.499849],[15.92862,46.504087],[15.931142896076,46.510791366906],[15.880052151239,46.510791366906],[15.880052151239,46.499928292594]]],"type":"Polygon"},"id":11,"properties":{"parentKey":"SVN:1159308615","sourceCountryId":"SVN","syntheticOperational":true,"territoryId":"territory:catalog:dc8fab67525b226cae7709bb9109cf54c780cee719fe269166ac09bfd40ac502"},"type":"Feature"},{"geometry":{"coordinates":[[[15.916373,46.282963],[15.918388,46.274153],[15.91875,46.273222],[15.918903,46.272827],[15.948721,46.284204],[15.982001,46.288339],[15.993668,46.290613],[15.993422,46.29087],[15.989493747332,46.294964028777],[15.918044895364,46.294964028777],[15.917768,46.293764],[15.917768,46.290973],[15.918543,46.288441],[15.917303,46.286839],[15.916683,46.28472],[15.916373,46.282963]]],"type":"Polygon"},"id":12,"properties":{"parentKey":"SVN:1159308597","sourceCountryId":"SVN","syntheticOperational":true,"territoryId":"territory:catalog:5ddb3388e1cc9378e7b78034dd88434058b3c12fcebcab349e01078a72bedb0d"},"type":"Feature"},{"geometry":{"coordinates":[[[15.515739259688,45.863309352518],[15.517896,45.860586],[15.522701,45.852783],[15.544716,45.830278],[15.549573,45.823922],[15.549748,45.823693],[15.587296,45.81922],[15.618556701031,45.82001204315],[15.618556701031,45.863309352518],[15.574687903573,45.863309352518],[15.515739259688,45.863309352518]]],"type":"Polygon"},"id":13,"properties":{"parentKey":"SVN:1159310665","sourceCountryId":"SVN","syntheticOperational":true,"territoryId":"territory:catalog:ffbb62cdb5020b17eaf15cfc25bf279cb82d44b7c008cdd1fcba0459972d1261"},"type":"Feature"},{"geometry":{"coordinates":[[[14.42189,45.61688],[14.428091,45.608663],[14.441269,45.600008],[14.443904,45.594633],[14.443439,45.587631],[14.438168,45.58298],[14.438943,45.580732],[14.449382,45.579802],[14.460389,45.580164],[14.467985,45.578924],[14.474032,45.580422],[14.480698,45.579854],[14.488139,45.580216],[14.491033,45.579311],[14.491502,45.579165],[14.492273,45.58342],[14.498577,45.596184],[14.507879,45.605848],[14.533097,45.625692],[14.543639,45.63644],[14.550455973488,45.647482014388],[14.51114922813,45.647482014388],[14.426139799278,45.647482014388],[14.426231,45.644036],[14.42251,45.623908],[14.42189,45.61688]]],"type":"Polygon"},"id":14,"properties":{"parentKey":"SVN:1159308569","sourceCountryId":"SVN","syntheticOperational":true,"territoryId":"territory:catalog:98951e85759220b15b7702fc3952aea9e57529238651cae6677692bef9540488"},"type":"Feature"},{"geometry":{"coordinates":[[[14.603036876356,46.36170479619],[14.609786,46.361977],[14.639913,46.366369],[14.669369,46.364586],[14.726471,46.383422],[14.73753,46.388952],[14.742956,46.392879],[14.741871,46.395696],[14.739855,46.398615],[14.740010921691,46.402877697842],[14.628422425033,46.402877697842],[14.603036876356,46.402877697842],[14.603036876356,46.36170479619]]],"type":"Polygon"},"id":15,"properties":{"parentKey":"SVN:1159308661","sourceCountryId":"SVN","syntheticOperational":true,"territoryId":"territory:catalog:d96de650b77360902fb02c3602867e072db1e4f330a48da8276aa3eaeae18c38"},"type":"Feature"},{"geometry":{"coordinates":[[[15.989493747332,46.294964028777],[15.993422,46.29087],[15.993668,46.290613],[15.998434,46.291542],[16.008189623139,46.294964028777],[15.989493747332,46.294964028777]]],"type":"Polygon"},"id":16,"properties":{"parentKey":"SVN:1159310887","sourceCountryId":"SVN","syntheticOperational":true,"territoryId":"territory:catalog:0bd9f3737a205c52a799d4dcf51e1c4e445dbaf32ffed5930c14de80c655714b"},"type":"Feature"},{"geometry":{"coordinates":[[[15.493385728977,46.618705035971],[15.522648083624,46.618705035971],[15.523082231792,46.618705035971],[15.520221,46.627206],[15.513939,46.632545],[15.511228,46.628369],[15.493385728977,46.618705035971]]],"type":"Polygon"},"id":17,"properties":{"parentKey":"SVN:1159308625","sourceCountryId":"SVN","syntheticOperational":true,"territoryId":"territory:catalog:d4bdf3b1219ab6d13e3217f731d3eb319f86f07fa3bab829bf74ae2fb2f4248e"},"type":"Feature"},{"geometry":{"coordinates":[[[15.410691003911,46.478291572993],[15.500481,46.499281],[15.539445,46.497421],[15.563784,46.509875],[15.562265503814,46.510791366906],[15.522648083624,46.510791366906],[15.430309929252,46.510791366906],[15.415163,46.499462],[15.410691003911,46.485517217585],[15.410691003911,46.478291572993]]],"type":"Polygon"},"id":18,"properties":{"parentKey":"SVN:1159308591","sourceCountryId":"SVN","syntheticOperational":true,"territoryId":"territory:catalog:9046552cd120f3eb8c978e8607c90a3fa2da1e2dcf3f986ee72c254f598e8e95"},"type":"Feature"},{"geometry":{"coordinates":[[[14.620741812283,46.079136690647],[14.633092,46.076878],[14.657431,46.077911],[14.662777857179,46.079136690647],[14.624027657736,46.079136690647],[14.620741812283,46.079136690647]]],"type":"Polygon"},"id":19,"properties":{"parentKey":"SVN:1159310683","sourceCountryId":"SVN","syntheticOperational":true,"territoryId":"territory:catalog:04ce06423eeff0c7cd138ee9c06243dd4c7c0d8c9a831a481e72d47b776e0310"},"type":"Feature"},{"geometry":{"coordinates":[[[16.351271294778,46.618705035971],[16.395343208724,46.618705035971],[16.394585,46.619016],[16.376395,46.629093],[16.372246,46.636341],[16.371952,46.636223],[16.366991,46.634234],[16.351271294778,46.618705035971]]],"type":"Polygon"},"id":20,"properties":{"parentKey":"SVN:1159308687","sourceCountryId":"SVN","syntheticOperational":true,"territoryId":"territory:catalog:bae2f0cab63d9eff3b8e15a4842a93b41643877cb5c24f04c52e0cb9510aa42e"},"type":"Feature"},{"geometry":{"coordinates":[[[15.090751944685,46.079136690647],[15.095800694008,46.079136690647],[15.097508,46.079462],[15.102004,46.081348],[15.106344,46.093518],[15.099058,46.10331],[15.097353,46.107367],[15.090751944685,46.11184055974],[15.090751944685,46.079136690647]]],"type":"Polygon"},"id":21,"properties":{"parentKey":"SVN:1159310697","sourceCountryId":"SVN","syntheticOperational":true,"territoryId":"territory:catalog:0152ce4a976de8ff7bd67d4cb1df3b3dfe27d83ca085137cadca139d2c6ceccc"},"type":"Feature"},{"geometry":{"coordinates":[[[15.919628,46.565323],[15.928465,46.541914],[15.945208,46.535868],[15.947533,46.533413],[15.9542,46.532974],[15.959161,46.533439],[15.986652,46.546668],[15.968514,46.56615],[15.978281,46.585968],[15.955905,46.588216],[15.943503,46.581188],[15.938077,46.579586],[15.926449,46.573592],[15.922264,46.568837],[15.919628,46.565323]]],"type":"Polygon"},"id":22,"properties":{"parentKey":"SVN:1159308543","sourceCountryId":"SVN","syntheticOperational":true,"territoryId":"territory:catalog:1824fd0db50a7fe80c0af65856aea3ba1b53f4f29269afa0901079ccaad58b43"},"type":"Feature"},{"geometry":{"coordinates":[[[13.894946,46.067654],[13.907968,46.061995],[13.913859,46.06091],[13.923471,46.061271],[13.926416,46.065638],[13.926261,46.069075],[13.927502,46.071142],[13.930912,46.071581],[13.935563,46.069281],[13.939594,46.069075],[13.945072,46.069746],[13.949257,46.074191],[13.956601099266,46.079136690647],[13.907221509105,46.079136690647],[13.907813,46.076387],[13.906883,46.073209],[13.894946,46.067654]]],"type":"Polygon"},"id":23,"properties":{"parentKey":"SVN:1159310825","sourceCountryId":"SVN","syntheticOperational":true,"territoryId":"territory:catalog:89bd92094500adc64bbb52a061f7986da5904462d54130a59e10e8d69dc45bc9"},"type":"Feature"},{"geometry":{"coordinates":[[[14.161958,46.179378],[14.173481,46.178293],[14.185884,46.180076],[14.204332,46.180851],[14.213014,46.179197],[14.21906,46.175166],[14.222832,46.170826],[14.214564,46.159147],[14.208363,46.155168],[14.203557,46.148966],[14.201077,46.144212],[14.200457,46.141008],[14.204797,46.137985],[14.206348,46.134704],[14.206968,46.130053],[14.203092,46.125454],[14.199991,46.119976],[14.199836,46.111088],[14.200767,46.102509],[14.208053,46.097135],[14.211154,46.088143],[14.231979,46.0999],[14.267326,46.106488],[14.312878133103,46.10004447471],[14.312878133103,46.187050359712],[14.181818181818,46.187050359712],[14.16837603418,46.187050359712],[14.161958,46.179378]]],"type":"Polygon"},"id":24,"properties":{"parentKey":"SVN:1159310841","sourceCountryId":"SVN","syntheticOperational":true,"territoryId":"territory:catalog:a74be1a8cb54c06b5f34e943563609a268c5ee21d1d96148e2777c215edb96ac"},"type":"Feature"},{"geometry":{"coordinates":[[[15.195686129166,46.510791366906],[15.195970483961,46.510791366906],[15.195745,46.510908],[15.195686129166,46.510791366906]]],"type":"Polygon"},"id":25,"properties":{"parentKey":"SVN:1159310739","sourceCountryId":"SVN","syntheticOperational":true,"territoryId":"territory:catalog:4d657d66cf1f42ffa2d70f9ec5e0ce4d9698a0ee8ea0f9a6990722903f7017b7"},"type":"Feature"},{"geometry":{"coordinates":[[[15.232487,46.392517],[15.26773,46.365026],[15.331189,46.365206],[15.35403,46.383086],[15.356665,46.388332],[15.35837,46.397633],[15.35558,46.402853],[15.355529058367,46.402877697842],[15.254237288136,46.402877697842],[15.242797694938,46.402877697842],[15.232487,46.392517]]],"type":"Polygon"},"id":26,"properties":{"parentKey":"SVN:1159310807","sourceCountryId":"SVN","syntheticOperational":true,"territoryId":"territory:catalog:3bab2f3856237311d98da7e7025ce0d20a834955b109b75861da0937f20cc179"},"type":"Feature"},{"geometry":{"coordinates":[[[15.040231373338,45.647482014388],[15.128644939966,45.647482014388],[15.128644939966,45.682022945402],[15.12624,45.681915],[15.102779,45.684421],[15.084485,45.686281],[15.072858,45.682225],[15.06366,45.675559],[15.045211,45.65711],[15.04087,45.651426],[15.040231373338,45.647482014388]]],"type":"Polygon"},"id":27,"properties":{"parentKey":"SVN:1159310769","sourceCountryId":"SVN","syntheticOperational":true,"territoryId":"territory:catalog:fc512089737df6b15baa054f3fd9a6b9a7aacdf6b0af8639998f254ebc289959"},"type":"Feature"},{"geometry":{"coordinates":[[[16.036505867014,46.429141347169],[16.050576,46.424867],[16.065924,46.404093],[16.066531682023,46.402877697842],[16.164859002169,46.402877697842],[16.19295958279,46.402877697842],[16.19295958279,46.48264215162],[16.191653,46.483985],[16.183385,46.489385],[16.170672,46.495741],[16.155634,46.493235],[16.152534,46.489617],[16.147728,46.488481],[16.136566,46.48923],[16.113725,46.495896],[16.067629,46.501606],[16.051506,46.506309],[16.036505867014,46.508709618183],[16.036505867014,46.47271984993],[16.040034,46.468637],[16.039104,46.449258],[16.036505867014,46.445876157417],[16.036505867014,46.429141347169]]],"type":"Polygon"},"id":28,"properties":{"parentKey":"SVN:1159310901","sourceCountryId":"SVN","syntheticOperational":true,"territoryId":"territory:catalog:ec087c9bd24d14cd3d6749fc85075e452e4e77c6fd5d46ad6a2cce446eb65b38"},"type":"Feature"},{"geometry":{"coordinates":[[[15.272727272727,46.192741320566],[15.301423,46.188912],[15.30995,46.19377],[15.308244,46.199325],[15.308244,46.218264],[15.314135,46.222709],[15.321732,46.226378],[15.327778,46.228496],[15.332274,46.229659],[15.339405,46.229039],[15.343591,46.241803],[15.351549,46.246738],[15.3562,46.250846],[15.358525,46.260536],[15.325763,46.272163],[15.321112,46.273352],[15.3146,46.273817],[15.311035,46.272473],[15.305919,46.272137],[15.301578,46.273868],[15.291811,46.280173],[15.287264,46.289087],[15.281711859672,46.294964028777],[15.272727272727,46.294964028777],[15.272727272727,46.192741320566]]],"type":"Polygon"},"id":29,"properties":{"parentKey":"SVN:1159310671","sourceCountryId":"SVN","syntheticOperational":true,"territoryId":"territory:catalog:1b29ced3c8071589a44abc879fb1d97b22fbc57d2b6b26141a0577b6faa11466"},"type":"Feature"},{"geometry":{"coordinates":[[[15.977262789681,46.775341162334],[15.987738,46.775827],[16.004946,46.774045],[16.007116,46.770272],[16.018485,46.761642],[16.024841,46.758955],[16.055537,46.755958],[16.063599,46.764174],[16.052126,46.770091],[16.051661,46.775672],[16.056002,46.816057],[16.054114005566,46.834532374101],[16.014216778603,46.834532374101],[15.987582,46.830011],[15.981691,46.827685],[15.977262789681,46.824470160331],[15.977262789681,46.816256605159],[15.97735,46.816213],[15.978177,46.809134],[15.977262789681,46.805033849229],[15.977262789681,46.775341162334]]],"type":"Polygon"},"id":30,"properties":{"parentKey":"SVN:1159310661","sourceCountryId":"SVN","syntheticOperational":true,"territoryId":"territory:catalog:609fb89a8e8e9533b2554c9808bb5e66f40bde733d4f1c44a7edce3b18e4a4d2"},"type":"Feature"},{"geometry":{"coordinates":[[[15.173299101412,45.539568345324],[15.290469002639,45.539568345324],[15.288606,45.54456],[15.282612,45.570605],[15.282179,45.571494],[15.281631,45.571947],[15.280132,45.573188],[15.270831,45.576236],[15.261374,45.582386],[15.255948,45.589207],[15.252847,45.59422],[15.253157,45.596804],[15.248971,45.598199],[15.23905,45.59639],[15.22365,45.599956],[15.225045,45.608276],[15.206752,45.61458],[15.188613,45.617009],[15.173989,45.617423],[15.173299101412,45.617160603486],[15.173299101412,45.539568345324]]],"type":"Polygon"},"id":31,"properties":{"parentKey":"SVN:1159310681","sourceCountryId":"SVN","syntheticOperational":true,"territoryId":"territory:catalog:15c6394213f959f8d3beee834738d705b50e1b132abd6838db4223a5090e193f"},"type":"Feature"},{"geometry":{"coordinates":[[[14.796663,46.519401],[14.812926,46.517213],[14.831374,46.513544],[14.836310952272,46.510791366906],[14.895470383275,46.510791366906],[14.895470383275,46.521385217693],[14.891887,46.523414],[14.88181,46.530855],[14.878555,46.537289],[14.87809,46.542095],[14.872664,46.545325],[14.866928,46.547185],[14.863362,46.551939],[14.857161,46.552508],[14.85313,46.553464],[14.849564,46.552818],[14.847084,46.552146],[14.843828,46.551784],[14.841193,46.552146],[14.825638,46.552611],[14.814519,46.551337],[14.807189,46.536024],[14.796663,46.519401]]],"type":"Polygon"},"id":32,"properties":{"parentKey":"SVN:1159310737","sourceCountryId":"SVN","syntheticOperational":true,"territoryId":"territory:catalog:ae3911b60e599d560f587e40e31c31e3e1e18c7f6f18db285ece03e16e8ad4b3"},"type":"Feature"},{"geometry":{"coordinates":[[[14.791210344874,46.510791366906],[14.836310952272,46.510791366906],[14.831374,46.513544],[14.812926,46.517213],[14.796663,46.519401],[14.791210344874,46.510791366906]]],"type":"Polygon"},"id":33,"properties":{"parentKey":"SVN:1159310679","sourceCountryId":"SVN","syntheticOperational":true,"territoryId":"territory:catalog:b1419e793d7404bbf0678df2f7d37d108287a451255edea43b65ed85fba3b1e7"},"type":"Feature"},{"geometry":{"coordinates":[[[14.030079,46.073157],[14.04915912031,46.065062233985],[14.04915912031,46.079136690647],[14.03215760397,46.079136690647],[14.030079,46.073157]]],"type":"Polygon"},"id":34,"properties":{"parentKey":"SVN:1159310849","sourceCountryId":"SVN","syntheticOperational":true,"territoryId":"territory:catalog:4c0c5da1c6219c3ccc36157aab5372b614ae9d3a6d2448c3198a4f42a7752154"},"type":"Feature"},{"geometry":{"coordinates":[[[15.271296,45.841879],[15.273931,45.829916],[15.279202,45.820356],[15.297237,45.807385],[15.309278350515,45.794474269674],[15.309278350515,45.863309352518],[15.300724616773,45.863309352518],[15.280907,45.855754],[15.276412,45.850457],[15.271296,45.841879]]],"type":"Polygon"},"id":35,"properties":{"parentKey":"SVN:1159310775","sourceCountryId":"SVN","syntheticOperational":true,"territoryId":"territory:catalog:54320b8c372fb7f2b0caf548a6a4e2e0674a1bc60124057e4ac5d176517bac4b"},"type":"Feature"},{"geometry":{"coordinates":[[[13.917525773196,45.801392627602],[13.931377,45.793226],[13.983519,45.772943],[13.989875,45.76501],[14.002794,45.76992],[14.005275,45.771367],[14.012251,45.771057],[14.015817,45.77054],[14.037211,45.761006],[14.043567,45.772917],[14.048838,45.778085],[14.052094,45.796947],[14.058656,45.808625],[14.046047,45.836944],[14.021708,45.848055],[14.018142,45.855289],[14.015370224677,45.863309352518],[13.932267578527,45.863309352518],[13.921921,45.855651],[13.917525773196,45.853736890616],[13.917525773196,45.801392627602]]],"type":"Polygon"},"id":36,"properties":{"parentKey":"SVN:1159310881","sourceCountryId":"SVN","syntheticOperational":true,"territoryId":"territory:catalog:cbf31e5d59bee45ac9b8a2cc6cb29fe47682c0a26c169204964fe3d01ad3a8de"},"type":"Feature"},{"geometry":{"coordinates":[[[14.266588192552,46.294964028777],[14.267636,46.290353],[14.274612,46.274902],[14.298383,46.268287],[14.325048,46.254748],[14.330009,46.256505],[14.3328,46.260742],[14.33466,46.270458],[14.330164,46.277279],[14.315437,46.291257],[14.311561,46.293299],[14.311424160413,46.294964028777],[14.290672451193,46.294964028777],[14.266588192552,46.294964028777]]],"type":"Polygon"},"id":37,"properties":{"parentKey":"SVN:1159310837","sourceCountryId":"SVN","syntheticOperational":true,"territoryId":"territory:catalog:124858f2db3d509734e5fed91a4619f531a13243bfdf1b89c1722dff012b2e8f"},"type":"Feature"},{"geometry":{"coordinates":[[[14.805194805195,46.201292664057],[14.898915,46.208678],[14.910077,46.210539],[14.930076,46.218781],[14.884911,46.240537],[14.854835,46.252862],[14.81122,46.254386],[14.805194805195,46.25401905789],[14.805194805195,46.201292664057]]],"type":"Polygon"},"id":38,"properties":{"parentKey":"SVN:1159308561","sourceCountryId":"SVN","syntheticOperational":true,"territoryId":"territory:catalog:d41e5489674c3f990ef66ec8a6b50d4f28e18eeaa0a7f499978bcbc65b2fe27d"},"type":"Feature"},{"geometry":{"coordinates":[[[16.020942408377,46.618705035971],[16.106347707775,46.618705035971],[16.110314,46.623873],[16.067113,46.644337],[16.04205,46.662682],[16.04174,46.662733],[16.020942408377,46.644449174451],[16.020942408377,46.618705035971]]],"type":"Polygon"},"id":39,"properties":{"parentKey":"SVN:1159310659","sourceCountryId":"SVN","syntheticOperational":true,"territoryId":"territory:catalog:e7a85b8f244aa6835dbc38af20cdbc1f4a0dbeeb1fb4f53312c910d68dc8cfa2"},"type":"Feature"},{"geometry":{"coordinates":[[[14.686031610423,45.523413382553],[14.688333,45.522029],[14.781144,45.493348],[14.781247,45.493348],[14.781351,45.493193],[14.781454,45.493142],[14.797164,45.465185],[14.838815,45.458983],[14.839812046134,45.459234684942],[14.839812046134,45.506883322788],[14.838505,45.504458],[14.83556,45.501719],[14.831219,45.499704],[14.817111,45.501254],[14.795872,45.518927],[14.764377800659,45.539568345324],[14.711168164313,45.539568345324],[14.686031610423,45.539568345324],[14.686031610423,45.523413382553]]],"type":"Polygon"},"id":40,"properties":{"parentKey":"SVN:1159308649","sourceCountryId":"SVN","syntheticOperational":true,"territoryId":"territory:catalog:696541f8defaaf7f80c19e7cacdd0bec2859ef463562435b2292cf26af6f25f8"},"type":"Feature"},{"geometry":{"coordinates":[[[14.471968709257,46.402877697842],[14.517469311821,46.402877697842],[14.515837,46.40536],[14.502194,46.418356],[14.471968709257,46.413379014787],[14.471968709257,46.402877697842]]],"type":"Polygon"},"id":41,"properties":{"parentKey":"SVN:1159308631","sourceCountryId":"SVN","syntheticOperational":true,"territoryId":"territory:catalog:da3f0afc4987bbf1589c828cf104491c58b706003a86832df0dffe452662a074"},"type":"Feature"},{"geometry":{"coordinates":[[[15.383947939262,46.307760936431],[15.396198,46.301877],[15.429107204579,46.294964028777],[15.540130151844,46.294964028777],[15.540130151844,46.345239475072],[15.532313,46.349962],[15.524562,46.350556],[15.502961,46.359548],[15.461568,46.358153],[15.453765,46.359961],[15.42524,46.371253],[15.412217,46.354845],[15.407721,46.354897],[15.401469,46.356964],[15.393717,46.358463],[15.388136,46.356292],[15.383947939262,46.353088265148],[15.383947939262,46.307760936431]]],"type":"Polygon"},"id":42,"properties":{"parentKey":"SVN:1159310787","sourceCountryId":"SVN","syntheticOperational":true,"territoryId":"territory:catalog:cfb672646e02dccde8b2c7b8377f596fb80e3de10f7c9ab58c5621638c37381e"},"type":"Feature"},{"geometry":{"coordinates":[[[15.540130151844,46.345239475072],[15.540995,46.344717],[15.547816,46.333865],[15.555103,46.308647],[15.557615702541,46.294964028777],[15.584415584416,46.294964028777],[15.696312364425,46.294964028777],[15.696312364425,46.348015113691],[15.690133,46.348696],[15.68047,46.356602],[15.677679,46.361977],[15.68078,46.367687],[15.677989,46.375361],[15.682382,46.380012],[15.685482,46.38735],[15.683725,46.392466],[15.685172,46.395463],[15.685172,46.396652],[15.679229,46.400191],[15.677369,46.402336],[15.678242842561,46.402877697842],[15.567144719687,46.402877697842],[15.540130151844,46.402877697842],[15.540130151844,46.345239475072]]],"type":"Polygon"},"id":43,"properties":{"parentKey":"SVN:1159308595","sourceCountryId":"SVN","syntheticOperational":true,"territoryId":"territory:catalog:68b025b743ec3609ea349a022917c7dd30d553d716322fd54994de9cc2dcd384"},"type":"Feature"},{"geometry":{"coordinates":[[[15.135834411384,45.993045632436],[15.137247,45.991302],[15.143448,45.989235],[15.15151,45.991121],[15.156936,45.993885],[15.161742,45.995436],[15.166237,45.995901],[15.168873,45.994144],[15.167633,45.988614],[15.163137,45.984609],[15.159881,45.98045],[15.158951,45.974171],[15.161086300568,45.971223021583],[15.264743865691,45.971223021583],[15.29107373868,45.971223021583],[15.29107373868,46.059059865441],[15.287109,46.059101],[15.284008,46.061995],[15.282613,46.067731],[15.281062,46.071452],[15.276722,46.076077],[15.269935752049,46.079136690647],[15.246326707001,46.079136690647],[15.193517208385,46.079136690647],[15.193729,46.07848],[15.200861,46.072589],[15.203806,46.06879],[15.204891,46.066413],[15.201946,46.060755],[15.204581,46.053003],[15.206907,46.050988],[15.210162,46.048972],[15.218379,46.047526],[15.2221,46.046492],[15.225045,46.045252],[15.233107,46.040472],[15.236879,46.038999],[15.239205,46.036854],[15.24029,46.033676],[15.234864,46.030576],[15.220704,46.02949],[15.144533,46.042487],[15.135834411384,46.042108260596],[15.135834411384,45.993045632436]]],"type":"Polygon"},"id":44,"properties":{"parentKey":"SVN:1159310777","sourceCountryId":"SVN","syntheticOperational":true,"territoryId":"territory:catalog:bdf0db9b3945f39cd0defea6557ffae0173807dc74a390b2087ee935caa2b251"},"type":"Feature"},{"geometry":{"coordinates":[[[13.893919793014,45.971223021583],[13.89510692287,45.971223021583],[13.893919793014,45.971644819649],[13.893919793014,45.971223021583]]],"type":"Polygon"},"id":45,"properties":{"parentKey":"SVN:1159310851","sourceCountryId":"SVN","syntheticOperational":true,"territoryId":"territory:catalog:1bf2a5ae08ef6fb538ec06f33b495d01b90884b2c296ad6b23b741576db10f7d"},"type":"Feature"},{"geometry":{"coordinates":[[[13.867926,45.602169],[13.870554,45.597475],[13.880011,45.572464],[13.884817,45.56771],[13.894635,45.559778],[13.910448,45.552026],[13.940949935815,45.547590417333],[13.940949935815,45.641251317643],[13.938354,45.642641],[13.908898,45.643778],[13.893641,45.633758],[13.894686,45.631841],[13.887038,45.618767],[13.867926,45.602169]]],"type":"Polygon"},"id":46,"properties":{"parentKey":"SVN:1159310861","sourceCountryId":"SVN","syntheticOperational":true,"territoryId":"territory:catalog:ff9665521c4c60e8dbded420cf8497fc991eac4dfb357b502ddf948d8cab7447"},"type":"Feature"},{"geometry":{"coordinates":[[[14.710968,45.62812],[14.711168164313,45.627629745446],[14.711168164313,45.628243527127],[14.710968,45.62812]]],"type":"Polygon"},"id":47,"properties":{"parentKey":"SVN:1159308563","sourceCountryId":"SVN","syntheticOperational":true,"territoryId":"territory:catalog:f1e1782fc1bde3ba5372ba29cc15dbeacae217ca8271be38c7e735133a5d9697"},"type":"Feature"},{"geometry":{"coordinates":[[[15.943038,46.420526],[15.983087,46.41665],[15.991303,46.425539],[15.995489,46.42882],[16.011922,46.434944],[16.026082,46.432308],[16.036505867014,46.445876157417],[16.036505867014,46.47271984993],[16.020966,46.490703],[16.008357,46.473753],[16.004016,46.466621],[15.996729,46.458663],[15.977196,46.446313],[15.953114,46.450963],[15.943038,46.420526]]],"type":"Polygon"},"id":48,"properties":{"parentKey":"SVN:1159310885","sourceCountryId":"SVN","syntheticOperational":true,"territoryId":"territory:catalog:2857e5f1e38ff0dc4ffc824e2fccfe1d8273c97696ea655aedac2fdbc9894af6"},"type":"Feature"},{"geometry":{"coordinates":[[[13.762886597938,45.844388174003],[13.779655,45.840949],[13.801049,45.841027],[13.811901,45.842008],[13.833967,45.835497],[13.823219,45.847486],[13.820583,45.849708],[13.804925,45.856013],[13.800739,45.858545],[13.797949,45.862601],[13.797015070936,45.863309352518],[13.762886597938,45.863309352518],[13.762886597938,45.844388174003]]],"type":"Polygon"},"id":49,"properties":{"parentKey":"SVN:1159308681","sourceCountryId":"SVN","syntheticOperational":true,"territoryId":"territory:catalog:02c7056948732fd44331de35ee9f523697d0d10b6aa4a16ace4e89dc3073e795"},"type":"Feature"},{"geometry":{"coordinates":[[[14.649350649351,46.187050359712],[14.665430012726,46.187050359712],[14.683063,46.19917],[14.657741,46.206637],[14.65185,46.206121],[14.649350649351,46.205535604555],[14.649350649351,46.187050359712]]],"type":"Polygon"},"id":50,"properties":{"parentKey":"SVN:1159308559","sourceCountryId":"SVN","syntheticOperational":true,"territoryId":"territory:catalog:e84b753d78a719a86c4a5f7345f6d5baf27f9a6c655c7797120f40469eb72bbf"},"type":"Feature"},{"geometry":{"coordinates":[[[15.363331,46.181316],[15.374959,46.167777],[15.373253,46.158061],[15.367052,46.149638],[15.370928,46.135737],[15.401901469317,46.15144599112],[15.401901469317,46.187050359712],[15.363506151885,46.187050359712],[15.363331,46.181316]]],"type":"Polygon"},"id":51,"properties":{"parentKey":"SVN:1159308593","sourceCountryId":"SVN","syntheticOperational":true,"territoryId":"territory:catalog:2e72038a3069a250407fbf674708e536b2e9e0372aa9beb35025da33644dddbc"},"type":"Feature"},{"geometry":{"coordinates":[[[15.090751944685,46.168720422808],[15.102004,46.173926],[15.113321,46.183383],[15.111148787448,46.187050359712],[15.108056436184,46.187050359712],[15.090751944685,46.185521400861],[15.090751944685,46.168720422808]]],"type":"Polygon"},"id":52,"properties":{"parentKey":"SVN:1159310697","sourceCountryId":"SVN","syntheticOperational":true,"territoryId":"territory:catalog:9e525155e453bd827655b30ba279f05587182cdd79c834e0b1120c1902ed3965"},"type":"Feature"},{"geometry":{"coordinates":[[[15.696312364425,46.366937246622],[15.769095,46.363424],[15.784288,46.361124],[15.802478,46.354949],[15.818756,46.359134],[15.821236,46.366059],[15.824647,46.371563],[15.831468,46.394791],[15.824653406499,46.402877697842],[15.723598435463,46.402877697842],[15.696312364425,46.402877697842],[15.696312364425,46.366937246622]]],"type":"Polygon"},"id":53,"properties":{"parentKey":"SVN:1159310705","sourceCountryId":"SVN","syntheticOperational":true,"territoryId":"territory:catalog:a37182de3824c30b78322411f331c38607779eefa2442818e6e83de2502e8dcc"},"type":"Feature"},{"geometry":{"coordinates":[[[14.496201,45.862162],[14.497131,45.851827],[14.505089,45.840768],[14.529584,45.812915],[14.536082474227,45.808627917719],[14.536082474227,45.863309352518],[14.49648325068,45.863309352518],[14.496201,45.862162]]],"type":"Polygon"},"id":54,"properties":{"parentKey":"SVN:1159310803","sourceCountryId":"SVN","syntheticOperational":true,"territoryId":"territory:catalog:a437a5fea1fd79d225a1d041d66a0aa6aeabdef26a49dbfd36fcc2324a8873c3"},"type":"Feature"},{"geometry":{"coordinates":[[[15.647138,46.594081],[15.679442508711,46.59283073226],[15.679442508711,46.618705035971],[15.657160637952,46.618705035971],[15.664347,46.603564],[15.647138,46.594081]]],"type":"Polygon"},"id":55,"properties":{"parentKey":"SVN:1159310751","sourceCountryId":"SVN","syntheticOperational":true,"territoryId":"territory:catalog:c5417ab6a21827394649d9da44902ca26a43e027f5340b616ab3e3db0577ad64"},"type":"Feature"},{"geometry":{"coordinates":[[[15.410691003911,46.402877697842],[15.455911491021,46.402877697842],[15.45454,46.405488],[15.451285,46.4097],[15.440743,46.418821],[15.422759,46.424608],[15.416558,46.417451],[15.414698,46.412361],[15.412372,46.407659],[15.410691003911,46.406187450601],[15.410691003911,46.402877697842]]],"type":"Polygon"},"id":56,"properties":{"parentKey":"SVN:1159308607","sourceCountryId":"SVN","syntheticOperational":true,"territoryId":"territory:catalog:109d887461fabbffa771236cba3f5f98ae44dd52446251f585c5fc71dc8be1f1"},"type":"Feature"},{"geometry":{"coordinates":[[[14.179063,46.284152],[14.181818181818,46.28363940148],[14.181818181818,46.294964028777],[14.17986517801,46.294964028777],[14.179063,46.284152]]],"type":"Polygon"},"id":57,"properties":{"parentKey":"SVN:1159310839","sourceCountryId":"SVN","syntheticOperational":true,"territoryId":"territory:catalog:2bf382e2b8884de0991687988e1f978f12486e1352e277b37bb2cb6073e4c52b"},"type":"Feature"},{"geometry":{"coordinates":[[[15.513939,46.632545],[15.520221,46.627206],[15.523082231792,46.618705035971],[15.549738219895,46.618705035971],[15.549738219895,46.633874381414],[15.536809,46.636275],[15.520308,46.64772],[15.517636,46.63824],[15.513939,46.632545]]],"type":"Polygon"},"id":58,"properties":{"parentKey":"SVN:1159308671","sourceCountryId":"SVN","syntheticOperational":true,"territoryId":"territory:catalog:fccb802e3aaa44201a1284d876c72b4d740d22e6a745f59e222b1c1f9898f1fe"},"type":"Feature"},{"geometry":{"coordinates":[[[16.178010471204,46.618705035971],[16.185813888681,46.618705035971],[16.192273,46.62563],[16.205295,46.62935],[16.240797,46.653587],[16.225914,46.655499],[16.20359,46.663483],[16.198164,46.666919],[16.192118,46.672061],[16.191653,46.679477],[16.178734,46.697563],[16.178010471204,46.697361573402],[16.178010471204,46.618705035971]]],"type":"Polygon"},"id":59,"properties":{"parentKey":"SVN:1159310897","sourceCountryId":"SVN","syntheticOperational":true,"territoryId":"territory:catalog:670ea4489edf73ba64fc437a30e77baf3140c913b14043dfa8223db5ae7fc5de"},"type":"Feature"},{"geometry":{"coordinates":[[[14.489883770986,45.863309352518],[14.49648325068,45.863309352518],[14.498216,45.870353],[14.490155,45.880869],[14.489883770986,45.880770504436],[14.489883770986,45.863309352518]]],"type":"Polygon"},"id":60,"properties":{"parentKey":"SVN:1159310677","sourceCountryId":"SVN","syntheticOperational":true,"territoryId":"territory:catalog:16256ad59d0fab5ee74cbc77b4a4938d41f9a3289cd5b5ca9bf07c362f993cd4"},"type":"Feature"},{"geometry":{"coordinates":[[[15.128644939966,45.647482014388],[15.173299101412,45.647482014388],[15.283018867925,45.647482014388],[15.283018867925,45.65187300407],[15.274551,45.663208],[15.264629,45.673026],[15.250987,45.681295],[15.238119,45.700906],[15.236414,45.702534],[15.228146,45.70274],[15.190784,45.684447],[15.184583,45.683258],[15.171508,45.68238],[15.156161,45.683258],[15.128644939966,45.682022945402],[15.128644939966,45.647482014388]]],"type":"Polygon"},"id":61,"properties":{"parentKey":"SVN:1159310769","sourceCountryId":"SVN","syntheticOperational":true,"territoryId":"territory:catalog:26ce65bc99cc11cb8552c79a6d9f145ead25b99073e3f001dc2a476e5c15d017"},"type":"Feature"},{"geometry":{"coordinates":[[[15.584415584416,46.238684198918],[15.58585,46.235989],[15.596857,46.225447],[15.603988,46.222605],[15.607089,46.21997],[15.61329,46.20426],[15.626106,46.195527],[15.626571,46.19521],[15.639799,46.207672],[15.661297,46.21532],[15.677975,46.214462],[15.677989,46.214699],[15.678299,46.219996],[15.691838,46.237333],[15.70145,46.241674],[15.708427,46.251699],[15.716333,46.256893],[15.721759,46.259347],[15.74025974026,46.265693079809],[15.74025974026,46.266010567667],[15.703776,46.264179],[15.684862,46.274075],[15.653029,46.273662],[15.608949,46.283842],[15.587865,46.284049],[15.584415584416,46.283326186598],[15.584415584416,46.238684198918]]],"type":"Polygon"},"id":62,"properties":{"parentKey":"SVN:1159310765","sourceCountryId":"SVN","syntheticOperational":true,"territoryId":"territory:catalog:fef859d520186fd622de69fb0e51e52ebd490459262c1a48e21a091929ad55a3"},"type":"Feature"},{"geometry":{"coordinates":[[[14.381443298969,45.755395683453],[14.491917266729,45.755395683453],[14.49248,45.755709],[14.490155,45.75961],[14.486589,45.76408],[14.481318,45.765656],[14.46349,45.775449],[14.446591,45.789247],[14.442199,45.795758],[14.442199,45.800486],[14.446281,45.806868],[14.450622,45.811778],[14.457133,45.817204],[14.483488,45.832887],[14.4931,45.835549],[14.505089,45.840768],[14.497131,45.851827],[14.496201,45.862162],[14.49648325068,45.863309352518],[14.489883770986,45.863309352518],[14.440420703297,45.863309352518],[14.435843,45.862937],[14.434987029032,45.863309352518],[14.401988208739,45.863309352518],[14.399876,45.861206],[14.393055,45.860405],[14.388817,45.862989],[14.388168235781,45.863309352518],[14.381443298969,45.863309352518],[14.381443298969,45.755395683453]]],"type":"Polygon"},"id":63,"properties":{"parentKey":"SVN:1159310677","sourceCountryId":"SVN","syntheticOperational":true,"territoryId":"territory:catalog:5e436d6ca377949eca9387c97baf5efb58b8059bd2ce723aaa3b4e2e41d6d565"},"type":"Feature"},{"geometry":{"coordinates":[[[14.383081,46.224517],[14.384166,46.221701],[14.386802,46.219401],[14.388972,46.217076],[14.406542,46.191754],[14.458684,46.193253],[14.4669,46.198059],[14.467365,46.198886],[14.462869,46.206146],[14.444524,46.223174],[14.443129,46.232786],[14.442199,46.255187],[14.443904,46.266995],[14.446591,46.272473],[14.449072,46.276297],[14.452638,46.278157],[14.455738,46.281775],[14.459924,46.284436],[14.46721,46.291645],[14.417239,46.288906],[14.414914,46.279139],[14.402201,46.266685],[14.392435,46.240485],[14.384476,46.230357],[14.383081,46.224517]]],"type":"Polygon"},"id":64,"properties":{"parentKey":"SVN:1159310771","sourceCountryId":"SVN","syntheticOperational":true,"territoryId":"territory:catalog:4e20b8fbde25745d4b366e35d8ae63fb0bc0b0ff64a8e0436fff1597dc56bb63"},"type":"Feature"},{"geometry":{"coordinates":[[[15.254237288136,46.414603532298],[15.26711,46.437269],[15.273466,46.443289],[15.281062,46.446726],[15.298012,46.44993],[15.324832,46.451248],[15.327003,46.458534],[15.324522,46.463056],[15.317701,46.469722],[15.315686,46.482176],[15.31212,46.49246],[15.258428,46.495586],[15.254237288136,46.49538721462],[15.254237288136,46.414603532298]]],"type":"Polygon"},"id":65,"properties":{"parentKey":"SVN:1159310739","sourceCountryId":"SVN","syntheticOperational":true,"territoryId":"territory:catalog:3179bbc3377d11711f5aff78079c6b50ad425cc18650c1d2112e031164f4133f"},"type":"Feature"},{"geometry":{"coordinates":[[[14.670116429495,45.993553785123],[14.676862,45.996237],[14.682598,46.000448],[14.686473,46.005151],[14.701201,46.010939],[14.709728,46.011145],[14.715309,46.009233],[14.724611,46.003807],[14.740165,45.998149],[14.749622,46.002955],[14.747762,46.022617],[14.751327,46.028147],[14.748692,46.034219],[14.743731,46.040187],[14.73753,46.04489],[14.731329,46.050678],[14.733189,46.05383],[14.733189,46.058119],[14.736134,46.065612],[14.725231,46.069488],[14.72337,46.073364],[14.712678429084,46.079136690647],[14.709991027373,46.079136690647],[14.69221,46.07786],[14.689506115837,46.079136690647],[14.670116429495,46.079136690647],[14.670116429495,45.993553785123]]],"type":"Polygon"},"id":66,"properties":{"parentKey":"SVN:1159310719","sourceCountryId":"SVN","syntheticOperational":true,"territoryId":"territory:catalog:a94aa2e59456c07f6ef6fcfe2b7f8a6ea41e3eced99a0295a39b44c517d1b51b"},"type":"Feature"},{"geometry":{"coordinates":[[[15.383947939262,46.353088265148],[15.388136,46.356292],[15.393717,46.358463],[15.401469,46.356964],[15.407721,46.354897],[15.412217,46.354845],[15.42524,46.371253],[15.409117,46.38089],[15.409892,46.383707],[15.414853,46.38766],[15.417488,46.390347],[15.419039,46.393293],[15.415163,46.397788],[15.409892,46.402491],[15.409892,46.402877697842],[15.383947939262,46.402877697842],[15.383947939262,46.353088265148]]],"type":"Polygon"},"id":67,"properties":{"parentKey":"SVN:1159310819","sourceCountryId":"SVN","syntheticOperational":true,"territoryId":"territory:catalog:600fffbc5696d93e9c41f9b409613cc58dc7b393588f8c04944ecb1695b63312"},"type":"Feature"},{"geometry":{"coordinates":[[[14.586996,45.793433],[14.599554,45.785552],[14.609165,45.781909],[14.613971,45.780772],[14.62348,45.779532],[14.643789,45.774545],[14.663012,45.772038],[14.668593,45.770281],[14.675156,45.767646],[14.678102,45.759533],[14.677813425778,45.755395683453],[14.690721649485,45.755395683453],[14.690721649485,45.81589677043],[14.687714,45.817979],[14.670454,45.814181],[14.654486,45.805163],[14.627821,45.798342],[14.586996,45.793433]]],"type":"Polygon"},"id":68,"properties":{"parentKey":"SVN:1159308589","sourceCountryId":"SVN","syntheticOperational":true,"territoryId":"territory:catalog:a85bf124d1d993654b971941aed47d7407cf8e7678d2b49aa9198c3e5e49e26f"},"type":"Feature"},{"geometry":{"coordinates":[[[15.419715884632,45.863309352518],[15.463917525773,45.863309352518],[15.515739259688,45.863309352518],[15.512883,45.866916],[15.509782,45.874151],[15.510092,45.882161],[15.51526,45.894047],[15.530143,45.900558],[15.54177,45.903503],[15.546266,45.903297],[15.550452,45.906035],[15.556498,45.908206],[15.558978,45.916732],[15.566885,45.920143],[15.56983,45.926293],[15.572207,45.936731],[15.571404498456,45.971223021583],[15.446313065977,45.971223021583],[15.419715884632,45.971223021583],[15.419715884632,45.863309352518]]],"type":"Polygon"},"id":69,"properties":{"parentKey":"SVN:1159310711","sourceCountryId":"SVN","syntheticOperational":true,"territoryId":"territory:catalog:f9c99c42892fa3f7026784965fc4eef371aaa7cee2b0fda81e2eccd9f591b4e9"},"type":"Feature"},{"geometry":{"coordinates":[[[15.971976,46.820632],[15.972906,46.818435],[15.977262789681,46.816256605159],[15.977262789681,46.824470160331],[15.971976,46.820632]]],"type":"Polygon"},"id":70,"properties":{"parentKey":"SVN:1159310661","sourceCountryId":"SVN","syntheticOperational":true,"territoryId":"territory:catalog:553c5c34d95b27bb9b54f68f90ec1bfae61a6991c1c2c9f8a1c5440047d785c6"},"type":"Feature"},{"geometry":{"coordinates":[[[14.514877102199,45.971223021583],[14.554475685564,45.971223021583],[14.554078,45.972388],[14.533304,45.990216],[14.514877102199,45.997406894611],[14.514877102199,45.971223021583]]],"type":"Polygon"},"id":71,"properties":{"parentKey":"SVN:1159310699","sourceCountryId":"SVN","syntheticOperational":true,"territoryId":"territory:catalog:5a84ed3b83abf40ba568a0d0f344a7b3d406975263d687325215516358f19530"},"type":"Feature"},{"geometry":{"coordinates":[[[16.031353,46.358333],[16.034453,46.354018],[16.038174,46.351331],[16.040654,46.345699],[16.04267,46.334226],[16.049698,46.317277],[16.049922,46.316735],[16.052384,46.318595],[16.059619,46.332315],[16.059722,46.345312],[16.057448,46.359652],[16.057965,46.377532],[16.088654,46.373086],[16.075743,46.384456],[16.055227,46.388073],[16.040654,46.379598],[16.031508,46.364121],[16.031353,46.358333]]],"type":"Polygon"},"id":72,"properties":{"parentKey":"SVN:1159310909","sourceCountryId":"SVN","syntheticOperational":true,"territoryId":"territory:catalog:ee42eebd00192a6538c1c66f27472029d375e72ac19436b001f2a1b74a27c9ca"},"type":"Feature"},{"geometry":{"coordinates":[[[14.408558,46.082872],[14.415069,46.082769],[14.420805,46.081064],[14.423031976196,46.079136690647],[14.468452895419,46.079136690647],[14.468452895419,46.142633380136],[14.460389,46.13398],[14.446281,46.128347],[14.433207,46.128399],[14.426851,46.126539],[14.42251,46.123128],[14.421115,46.119718],[14.42065,46.117444],[14.424681,46.115583],[14.427936,46.108814],[14.431037,46.104576],[14.434913,46.100907],[14.437858,46.097445],[14.435688,46.095636],[14.430572,46.094189],[14.408558,46.082872]]],"type":"Polygon"},"id":73,"properties":{"parentKey":"SVN:1159310719","sourceCountryId":"SVN","syntheticOperational":true,"territoryId":"territory:catalog:d371e48c54a37898eff5c3947df33ba1ac8826db9aa355c525be2d94a3373a42"},"type":"Feature"},{"geometry":{"coordinates":[[[14.403080872914,45.539568345324],[14.479888266118,45.539568345324],[14.482144,45.542441],[14.487415,45.5566],[14.491502,45.579165],[14.491033,45.579311],[14.488139,45.580216],[14.480698,45.579854],[14.474032,45.580422],[14.467985,45.578924],[14.460389,45.580164],[14.449382,45.579802],[14.438943,45.580732],[14.438168,45.58298],[14.443439,45.587631],[14.443904,45.594633],[14.441269,45.600008],[14.428091,45.608663],[14.42189,45.61688],[14.42251,45.623908],[14.426231,45.644036],[14.40559908224,45.647482014388],[14.403080872914,45.647482014388],[14.403080872914,45.539568345324]]],"type":"Polygon"},"id":74,"properties":{"parentKey":"SVN:1159310701","sourceCountryId":"SVN","syntheticOperational":true,"territoryId":"territory:catalog:c54bcf08ad37ead8aaadf56891244a31c55f2969c4e63c69d832623cbdd6b01a"},"type":"Feature"},{"geometry":{"coordinates":[[[15.706806282723,46.618705035971],[15.762659469235,46.618705035971],[15.770645,46.63426],[15.760723,46.64413],[15.756227,46.647696],[15.752817,46.651985],[15.748941,46.65524],[15.744445,46.657566],[15.738812,46.662113],[15.738089,46.664645],[15.737572,46.667591],[15.735247,46.670433],[15.730596,46.673327],[15.716488,46.676118],[15.706806282723,46.67559405015],[15.706806282723,46.618705035971]]],"type":"Polygon"},"id":75,"properties":{"parentKey":"SVN:1159310751","sourceCountryId":"SVN","syntheticOperational":true,"territoryId":"territory:catalog:893281163d86f540e1aa165983ae553eea3d97376e24ad6e85b1e720668f55df"},"type":"Feature"},{"geometry":{"coordinates":[[[13.819984034118,46.402877697842],[13.820893,46.401277],[13.822125813449,46.399897278806],[13.822125813449,46.402877697842],[13.819984034118,46.402877697842]]],"type":"Polygon"},"id":76,"properties":{"parentKey":"SVN:1159310833","sourceCountryId":"SVN","syntheticOperational":true,"territoryId":"territory:catalog:0405f39276beffeb898c3d33daf00978217c51a24a8b1610fca732e859202d9c"},"type":"Feature"},{"geometry":{"coordinates":[[[14.445144,45.974093],[14.446693440952,45.971223021583],[14.489883770986,45.971223021583],[14.514877102199,45.971223021583],[14.514877102199,45.997406894611],[14.513306,45.99802],[14.502919,45.997606],[14.480543,45.991896],[14.474342,45.983085],[14.445144,45.974093]]],"type":"Polygon"},"id":77,"properties":{"parentKey":"SVN:1159310699","sourceCountryId":"SVN","syntheticOperational":true,"territoryId":"territory:catalog:68e7ba4beac0828bd850c3e790db3e8b273c297f7c45aa2125c88fe703e336be"},"type":"Feature"},{"geometry":{"coordinates":[[[13.917129431867,45.444895137166],[13.923005,45.448958],[13.969824,45.462963],[13.98264,45.475313],[13.961452,45.493142],[13.961452,45.50389],[13.964966,45.51097],[13.971891,45.514226],[13.987476,45.511909],[13.987395,45.51208],[13.983829,45.519547],[13.959850696247,45.539568345324],[13.940949935815,45.539568345324],[13.917129431867,45.539568345324],[13.917129431867,45.444895137166]]],"type":"Polygon"},"id":78,"properties":{"parentKey":"SVN:1159310873","sourceCountryId":"SVN","syntheticOperational":true,"territoryId":"territory:catalog:a8cfc74f886bf2bc75bb0b43e5a3141930ed2a824b6278fde86538e17fcba99c"},"type":"Feature"},{"geometry":{"coordinates":[[[15.116883116883,46.285439356293],[15.118437,46.287511],[15.121589,46.293609],[15.121660937136,46.294964028777],[15.116883116883,46.294964028777],[15.116883116883,46.285439356293]]],"type":"Polygon"},"id":79,"properties":{"parentKey":"SVN:1159308647","sourceCountryId":"SVN","syntheticOperational":true,"territoryId":"territory:catalog:9768786f716fc5402173d84f044c274703f0b332e9575ae48616b6eb7ddab27d"},"type":"Feature"},{"geometry":{"coordinates":[[[15.696312364425,46.348015113691],[15.708892,46.346629],[15.716023,46.344097],[15.721449,46.336733],[15.721294,46.325235],[15.719589,46.311334],[15.714938,46.303246],[15.711837,46.296864],[15.709588032352,46.294964028777],[15.74025974026,46.294964028777],[15.770382721929,46.294964028777],[15.77297,46.297743],[15.801082,46.320584],[15.81333,46.338929],[15.811624,46.342391],[15.808834,46.344872],[15.802478,46.354949],[15.784288,46.361124],[15.769095,46.363424],[15.696312364425,46.366937246622],[15.696312364425,46.348015113691]]],"type":"Polygon"},"id":80,"properties":{"parentKey":"SVN:1159308573","sourceCountryId":"SVN","syntheticOperational":true,"territoryId":"territory:catalog:c837b33da53607c8c0c56ad379297208f4ac3ae581a1c94cd3f8b1e0feefa9b9"},"type":"Feature"},{"geometry":{"coordinates":[[[15.678242842561,46.402877697842],[15.696312364425,46.402877697842],[15.723598435463,46.402877697842],[15.723598435463,46.423765916159],[15.687498,46.408615],[15.678242842561,46.402877697842]]],"type":"Polygon"},"id":81,"properties":{"parentKey":"SVN:1159310705","sourceCountryId":"SVN","syntheticOperational":true,"territoryId":"territory:catalog:bbfddc6d3f975704514ec93da65746561b0d556966e830e925e6a5f9bbcaeb76"},"type":"Feature"},{"geometry":{"coordinates":[[[14.33373,45.943294],[14.33435,45.934354],[14.334911752045,45.932779062557],[14.334911752045,45.946614367245],[14.33373,45.943294]]],"type":"Polygon"},"id":82,"properties":{"parentKey":"SVN:1159310663","sourceCountryId":"SVN","syntheticOperational":true,"territoryId":"territory:catalog:b697a88504454086598bac5f89521a287fa7573862a5b72ccad5196da8166fbc"},"type":"Feature"},{"geometry":{"coordinates":[[[14.024967714163,45.863309352518],[14.072164948454,45.863309352518],[14.11647775275,45.863309352518],[14.125991,45.868803],[14.120875,45.87875],[14.042792,45.890171],[14.024967714163,45.898884985085],[14.024967714163,45.863309352518]]],"type":"Polygon"},"id":83,"properties":{"parentKey":"SVN:1159310851","sourceCountryId":"SVN","syntheticOperational":true,"territoryId":"territory:catalog:113f39ee4029028398a3c9b247294f04071436dca292279808f745f57f416dbb"},"type":"Feature"},{"geometry":{"coordinates":[[[16.055537,46.755958],[16.057863,46.735365],[16.056467,46.728931],[16.055681108717,46.726618705036],[16.134674245737,46.726618705036],[16.134674245737,46.821782674438],[16.126902,46.787506],[16.112019,46.767378],[16.105198,46.763838],[16.097447,46.762107],[16.091246,46.763683],[16.082409,46.764846],[16.063599,46.764174],[16.055537,46.755958]]],"type":"Polygon"},"id":84,"properties":{"parentKey":"SVN:1159310657","sourceCountryId":"SVN","syntheticOperational":true,"territoryId":"territory:catalog:21b5268609821fff5c03eeedc174ec84a2d51df25075ee759dc4ba04076a7c6f"},"type":"Feature"},{"geometry":{"coordinates":[[[16.014093,46.507549],[16.020966,46.490703],[16.036505867014,46.47271984993],[16.036505867014,46.508709618183],[16.023498172617,46.510791366906],[16.019503002107,46.510791366906],[16.014093,46.507549]]],"type":"Polygon"},"id":85,"properties":{"parentKey":"SVN:1159310901","sourceCountryId":"SVN","syntheticOperational":true,"territoryId":"territory:catalog:34c24e7281aff67dbf0c3c559d7b2d2ceb516f9554cd4930f3700b15b410c2b9"},"type":"Feature"},{"geometry":{"coordinates":[[[15.694474,46.506025],[15.70052,46.498092],[15.699435,46.49432],[15.695094,46.48662],[15.69773,46.481453],[15.709512,46.464968],[15.716953,46.460007],[15.723598435463,46.466066184753],[15.723598435463,46.491315354832],[15.723309,46.491684],[15.723598435463,46.492377152455],[15.723598435463,46.506456035388],[15.702950311658,46.510791366906],[15.696042549619,46.510791366906],[15.694474,46.506025]]],"type":"Polygon"},"id":86,"properties":{"parentKey":"SVN:1159308611","sourceCountryId":"SVN","syntheticOperational":true,"territoryId":"territory:catalog:1a833fcdf380cb24b361e775bce99ddc6fe05ab5b501e7124a4e00dd9b323cf1"},"type":"Feature"},{"geometry":{"coordinates":[[[14.603036876356,46.294964028777],[14.649350649351,46.294964028777],[14.678550313946,46.294964028777],[14.676862,46.299655],[14.670609,46.31061],[14.646734,46.333865],[14.639913,46.366369],[14.609786,46.361977],[14.603036876356,46.36170479619],[14.603036876356,46.294964028777]]],"type":"Polygon"},"id":87,"properties":{"parentKey":"SVN:1159308561","sourceCountryId":"SVN","syntheticOperational":true,"territoryId":"territory:catalog:037ff2ef614d3f7616fcf8c3cee83d069a90c87f57580dd0faa853f72e0535d4"},"type":"Feature"},{"geometry":{"coordinates":[[[14.712363,46.079307],[14.712678429084,46.079136690647],[14.779602420052,46.079136690647],[14.779602420052,46.107670498856],[14.753963,46.100184],[14.749932,46.093156],[14.744661,46.09052],[14.712363,46.079307]]],"type":"Polygon"},"id":88,"properties":{"parentKey":"SVN:1159317881","sourceCountryId":"SVN","syntheticOperational":true,"territoryId":"territory:catalog:9c79094914d482b61731317dae7bd1073d0a5292e4c48df26ee53b9b1f5e2efc"},"type":"Feature"},{"geometry":{"coordinates":[[[15.434852,46.592454],[15.440433,46.590335],[15.443378,46.584702],[15.45113,46.581085],[15.457486,46.576641],[15.461723,46.568269],[15.459656,46.550027],[15.458106,46.538607],[15.482807,46.534498],[15.495985,46.537754],[15.522648083624,46.547843394656],[15.522648083624,46.618705035971],[15.493385728977,46.618705035971],[15.492625,46.618293],[15.462653,46.614649],[15.453228056544,46.618705035971],[15.441070600967,46.618705035971],[15.439657,46.609662],[15.436402,46.602375],[15.434852,46.596949],[15.434852,46.592454]]],"type":"Polygon"},"id":89,"properties":{"parentKey":"SVN:1159308625","sourceCountryId":"SVN","syntheticOperational":true,"territoryId":"territory:catalog:f4c3f5a7ac7e8a7f3db2f473956190a7a2e68b6343466a4afdc5780e460428fc"},"type":"Feature"},{"geometry":{"coordinates":[[[14.836310952272,46.510791366906],[14.85158,46.502278],[14.873439,46.497317],[14.886151,46.49649],[14.894678,46.497731],[14.899535,46.504449],[14.90115801368,46.510791366906],[14.895470383275,46.510791366906],[14.836310952272,46.510791366906]]],"type":"Polygon"},"id":90,"properties":{"parentKey":"SVN:1159310737","sourceCountryId":"SVN","syntheticOperational":true,"territoryId":"territory:catalog:2f1f0d596e4528ddc61148f9f87f1624637a33fa4d4248b9ebf7cb2cc3749a78"},"type":"Feature"},{"geometry":{"coordinates":[[[15.393231561583,45.863309352518],[15.395577,45.857201],[15.396818,45.835497],[15.399608,45.82356],[15.401055,45.809917],[15.423999,45.779842],[15.429374,45.775966],[15.429755,45.775691],[15.441052,45.782168],[15.439502,45.791676],[15.435574,45.802115],[15.440328,45.811468],[15.451284,45.815137],[15.462549,45.814207],[15.463917525773,45.813889815955],[15.463917525773,45.863309352518],[15.419715884632,45.863309352518],[15.393231561583,45.863309352518]]],"type":"Polygon"},"id":91,"properties":{"parentKey":"SVN:1159310711","sourceCountryId":"SVN","syntheticOperational":true,"territoryId":"territory:catalog:e206b2c703744a5d1e0511112603a6a810773c8875a4720f2bacbed2b5819f19"},"type":"Feature"},{"geometry":{"coordinates":[[[14.935177182368,46.079136690647],[14.980595084088,46.079136690647],[14.99405956078,46.079136690647],[14.99338,46.08127],[14.99307,46.085275],[14.997721,46.088298],[15.001906,46.093311],[15.004697,46.098944],[14.999891,46.119097],[14.976172,46.112199],[14.96842,46.108659],[14.959118,46.101114],[14.955553,46.099099],[14.95147,46.097393],[14.946974,46.096179],[14.935177182368,46.094624498598],[14.935177182368,46.079136690647]]],"type":"Polygon"},"id":92,"properties":{"parentKey":"SVN:1159317881","sourceCountryId":"SVN","syntheticOperational":true,"territoryId":"territory:catalog:6ff70cf1bcf7155f230a6f4a9f1dfc5421262e69114810ed26587e5095b3ed87"},"type":"Feature"},{"geometry":{"coordinates":[[[15.723598435463,46.423765916159],[15.734471,46.428329],[15.723598435463,46.441394779952],[15.723598435463,46.423765916159]]],"type":"Polygon"},"id":93,"properties":{"parentKey":"SVN:1159310757","sourceCountryId":"SVN","syntheticOperational":true,"territoryId":"territory:catalog:ba930917411c11ad0209626bd76d550882ba0382a7dc71e82e19e883398a5f96"},"type":"Feature"},{"geometry":{"coordinates":[[[14.908823365774,45.755395683453],[14.974271012007,45.755395683453],[14.983049852927,45.755395683453],[14.982063,45.766302],[14.939223,45.771548],[14.926355,45.769196],[14.908823365774,45.755395683453]]],"type":"Polygon"},"id":94,"properties":{"parentKey":"SVN:1159308563","sourceCountryId":"SVN","syntheticOperational":true,"territoryId":"territory:catalog:1a7f6079d403f4ecccc657dfef919be0331763035d21cbaad3ac27dc0112966b"},"type":"Feature"},{"geometry":{"coordinates":[[[15.090751944685,46.11184055974],[15.097353,46.107367],[15.099058,46.10331],[15.106344,46.093518],[15.12841,46.085973],[15.163447,46.092484],[15.150114,46.096928],[15.146239,46.099254],[15.143448,46.101527],[15.141898,46.104266],[15.142208,46.106385],[15.144998,46.109666],[15.149029,46.110028],[15.153215,46.108581],[15.161121,46.105145],[15.173214,46.102251],[15.176676,46.103336],[15.185048,46.107315],[15.188458,46.110881],[15.188458,46.116204],[15.180242,46.129123],[15.171663,46.138166],[15.159261,46.14876],[15.134766,46.161498],[15.131046,46.167286],[15.113321,46.183383],[15.102004,46.173926],[15.090751944685,46.168720422808],[15.090751944685,46.11184055974]]],"type":"Polygon"},"id":95,"properties":{"parentKey":"SVN:1159310695","sourceCountryId":"SVN","syntheticOperational":true,"territoryId":"territory:catalog:9207054f9c43535f543c0f6b40a14be53053419c43f7925b60ded5540648e103"},"type":"Feature"},{"geometry":{"coordinates":[[[14.899535,46.504449],[14.92403,46.504784],[14.93266247126,46.510791366906],[14.90115801368,46.510791366906],[14.899535,46.504449]]],"type":"Polygon"},"id":96,"properties":{"parentKey":"SVN:1159308623","sourceCountryId":"SVN","syntheticOperational":true,"territoryId":"territory:catalog:a0cec8218f373c47e2d432f658de3824bc2fec2473259878c55d657bb07a72f3"},"type":"Feature"},{"geometry":{"coordinates":[[[14.711168164313,45.628243527127],[14.726626,45.637783],[14.731794,45.646982],[14.732123988207,45.647482014388],[14.711168164313,45.647482014388],[14.711168164313,45.628243527127]]],"type":"Polygon"},"id":97,"properties":{"parentKey":"SVN:1159310725","sourceCountryId":"SVN","syntheticOperational":true,"territoryId":"territory:catalog:0fb80904bf97347a9ff329d1f48918e4ac7fcb77d8ce1bb37b4261458c782b3c"},"type":"Feature"},{"geometry":{"coordinates":[[[15.509782,45.874151],[15.512883,45.866916],[15.515739259688,45.863309352518],[15.574687903573,45.863309352518],[15.574687903573,45.971223021583],[15.571404498456,45.971223021583],[15.572207,45.936731],[15.56983,45.926293],[15.566885,45.920143],[15.558978,45.916732],[15.556498,45.908206],[15.550452,45.906035],[15.546266,45.903297],[15.54177,45.903503],[15.530143,45.900558],[15.51526,45.894047],[15.510092,45.882161],[15.509782,45.874151]]],"type":"Polygon"},"id":98,"properties":{"parentKey":"SVN:1159310665","sourceCountryId":"SVN","syntheticOperational":true,"territoryId":"territory:catalog:d51883fe3533ac1ea59dd4b1ddd301e4b3c85dc508c8571853c7f4a2cde01f04"},"type":"Feature"},{"geometry":{"coordinates":[[[14.00172860847,46.175993154033],[14.002949,46.175683],[14.040621,46.173151],[14.067493,46.167286],[14.073694,46.158061],[14.094313,46.167596],[14.097724,46.17036],[14.157303370787,46.178724522928],[14.157303370787,46.187050359712],[14.025974025974,46.187050359712],[14.00172860847,46.187050359712],[14.00172860847,46.175993154033]]],"type":"Polygon"},"id":99,"properties":{"parentKey":"SVN:1159310847","sourceCountryId":"SVN","syntheticOperational":true,"territoryId":"territory:catalog:af44f222d48377ac48ab78aa9ae5b3e34994fb67526b8e028a16656f2920217c"},"type":"Feature"},{"geometry":{"coordinates":[[[15.723598435463,46.441394779952],[15.734471,46.428329],[15.752196,46.432386],[15.76987,46.431016],[15.782272,46.434789],[15.800462,46.431585],[15.805888,46.437579],[15.803718,46.444917],[15.805578,46.449103],[15.818601,46.454788],[15.804803,46.466828],[15.801547,46.468017],[15.79607,46.469205],[15.781497,46.467732],[15.756537,46.485742],[15.750491,46.487938],[15.74243,46.489979],[15.739432,46.491788],[15.737779,46.493726],[15.733076,46.503234],[15.72455,46.494656],[15.723598435463,46.492377152455],[15.723598435463,46.491315354832],[15.72765,46.486155],[15.729821,46.480186],[15.732766,46.474425],[15.723598435463,46.466066184753],[15.723598435463,46.441394779952]]],"type":"Polygon"},"id":100,"properties":{"parentKey":"SVN:1159310795","sourceCountryId":"SVN","syntheticOperational":true,"territoryId":"territory:catalog:feac6c014c10c161ccc21aa64ee65faac264b54b737bbdd8aeb0e603f4eb7b77"},"type":"Feature"},{"geometry":{"coordinates":[[[13.917525773196,45.755395683453],[13.981582244986,45.755395683453],[13.989875,45.76501],[13.983519,45.772943],[13.931377,45.793226],[13.917525773196,45.801392627602],[13.917525773196,45.755395683453]]],"type":"Polygon"},"id":101,"properties":{"parentKey":"SVN:1159310879","sourceCountryId":"SVN","syntheticOperational":true,"territoryId":"territory:catalog:7e5dbd469c2790225edb3df2008480a5db21bda0578ce1486937ee2a20a6b968"},"type":"Feature"},{"geometry":{"coordinates":[[[14.984951593525,45.971223021583],[14.999891,45.96443],[15.024127,45.970218],[15.025247055848,45.971223021583],[14.984951593525,45.971223021583]]],"type":"Polygon"},"id":102,"properties":{"parentKey":"SVN:1159317881","sourceCountryId":"SVN","syntheticOperational":true,"territoryId":"territory:catalog:d55c55ca1eff1df449920fda103f028ecb0861ec119819edfc9b42a6529b4bd3"},"type":"Feature"},{"geometry":{"coordinates":[[[14.909260433737,45.971223021583],[14.927286,45.962983],[14.939533,45.966187],[14.947994740135,45.971223021583],[14.909260433737,45.971223021583]]],"type":"Polygon"},"id":103,"properties":{"parentKey":"SVN:1159310717","sourceCountryId":"SVN","syntheticOperational":true,"territoryId":"territory:catalog:d0db02c3318dd72e20c5656500a88db8cfd65592a6cddb7cb8acb4d93cd2c25f"},"type":"Feature"},{"geometry":{"coordinates":[[[14.520592,46.132378],[14.539661,46.116229],[14.569323,46.10778],[14.571028,46.124523],[14.575834,46.134445],[14.589787,46.147674],[14.520592,46.132378]]],"type":"Polygon"},"id":104,"properties":{"parentKey":"SVN:1159308629","sourceCountryId":"SVN","syntheticOperational":true,"territoryId":"territory:catalog:73fbbe92a3bee51577e146fefe82a2f920850099bb35375d88eefa55d4e941c5"},"type":"Feature"},{"geometry":{"coordinates":[[[14.290672451193,46.321737262713],[14.295128,46.319705],[14.300709,46.318982],[14.326289,46.321359],[14.330319,46.33681],[14.338123,46.340169],[14.350525,46.348386],[14.359517,46.350815],[14.405457,46.351641],[14.408558,46.364121],[14.408248,46.373035],[14.41879,46.386962],[14.422665,46.396471],[14.426463412922,46.402877697842],[14.315514993481,46.402877697842],[14.290672451193,46.402877697842],[14.290672451193,46.321737262713]]],"type":"Polygon"},"id":105,"properties":{"parentKey":"SVN:1159310845","sourceCountryId":"SVN","syntheticOperational":true,"territoryId":"territory:catalog:7c5c67181424ba29b4e030d2636d040034730406aae99d09bf01f49078c6b733"},"type":"Feature"},{"geometry":{"coordinates":[[[14.554475685564,45.971223021583],[14.55997,45.955128],[14.56152,45.943656],[14.556869,45.921125],[14.560486,45.918619],[14.563742,45.915027],[14.564982,45.910428],[14.564517,45.904744],[14.566687,45.901979],[14.585291,45.896269],[14.591647,45.894951],[14.593818,45.897044],[14.594593,45.901643],[14.600949,45.908878],[14.591647,45.928747],[14.595368,45.960347],[14.594748,45.968848],[14.59396530092,45.971223021583],[14.554475685564,45.971223021583]]],"type":"Polygon"},"id":106,"properties":{"parentKey":"SVN:1159310783","sourceCountryId":"SVN","syntheticOperational":true,"territoryId":"territory:catalog:874e77cf609ad55a41628bf4ac326671b3204d1b6ce73eb32413fa63ffb51ba0"},"type":"Feature"},{"geometry":{"coordinates":[[[13.976995922926,46.079136690647],[13.981969,46.076051],[13.999797,46.067188],[14.00915,46.064553],[14.019227,46.063855],[14.024498,46.064527],[14.029924,46.066129],[14.030079,46.073157],[14.023258,46.079048],[14.023218747636,46.079136690647],[14.00172860847,46.079136690647],[13.976995922926,46.079136690647]]],"type":"Polygon"},"id":107,"properties":{"parentKey":"SVN:1159310825","sourceCountryId":"SVN","syntheticOperational":true,"territoryId":"territory:catalog:4eac825191b6dad4aff3f7e818e444e02df50753538f2153fedd54fe509f2116"},"type":"Feature"},{"geometry":{"coordinates":[[[14.19038,46.024685],[14.196271,46.008096],[14.204398447607,46.006479304221],[14.204398447607,46.023524433059],[14.19038,46.024685]]],"type":"Polygon"},"id":108,"properties":{"parentKey":"SVN:1159310811","sourceCountryId":"SVN","syntheticOperational":true,"territoryId":"territory:catalog:ea760431b3375a662998acdb71fd43a14fab1fd4f7e7f6c4cab542b097699af3"},"type":"Feature"},{"geometry":{"coordinates":[[[15.111148787448,46.187050359712],[15.113321,46.183383],[15.176469,46.184546],[15.195107293774,46.187050359712],[15.116883116883,46.187050359712],[15.111148787448,46.187050359712]]],"type":"Polygon"},"id":109,"properties":{"parentKey":"SVN:1159308601","sourceCountryId":"SVN","syntheticOperational":true,"territoryId":"territory:catalog:c8cab8cc8a7b62039030699ac1b4077041d552758cc464eb32c60abf5f1f32eb"},"type":"Feature"},{"geometry":{"coordinates":[[[15.92531830022,46.402877697842],[15.987795998589,46.402877697842],[15.983087,46.41665],[15.943038,46.420526],[15.942883,46.414222],[15.939162,46.410501],[15.935441,46.407297],[15.92531830022,46.402877697842]]],"type":"Polygon"},"id":110,"properties":{"parentKey":"SVN:1159309553","sourceCountryId":"SVN","syntheticOperational":true,"territoryId":"territory:catalog:c85d42b50037ac73e8c21ebafe8031a2920a7aff4440b6009b873cb4d9f7437f"},"type":"Feature"},{"geometry":{"coordinates":[[[14.569719293822,45.755395683453],[14.569788,45.752143],[14.576144,45.735322],[14.598934,45.729535],[14.619604,45.728889],[14.629681,45.724574],[14.634642,45.720388],[14.646269,45.707495],[14.657586,45.714574],[14.663787,45.723153],[14.665523156089,45.72663811625],[14.665523156089,45.755395683453],[14.569719293822,45.755395683453]]],"type":"Polygon"},"id":111,"properties":{"parentKey":"SVN:1159308653","sourceCountryId":"SVN","syntheticOperational":true,"territoryId":"territory:catalog:f051a563b49316caac182386fa4b5e9e0e4f7f1ff4b8b188132ad6d95b6447e7"},"type":"Feature"},{"geometry":{"coordinates":[[[13.461793,46.006392],[13.474815,45.995747],[13.479466,45.993111],[13.480396,45.992284],[13.481223,45.991354],[13.481843,45.990372],[13.482257,45.989235],[13.504708579646,45.971223021583],[13.545958793886,45.971223021583],[13.571657,45.97983],[13.583441138422,45.981752551505],[13.583441138422,46.030503491432],[13.571089,46.03856],[13.562098,46.049283],[13.556517,46.058688],[13.546078,46.066181],[13.531815,46.070315],[13.522585,46.075298],[13.505098,46.066027],[13.482257,46.044839],[13.490318,46.038948],[13.492799,46.032489],[13.490008,46.025564],[13.482257,46.018433],[13.477089,46.016055],[13.461793,46.006392]]],"type":"Polygon"},"id":112,"properties":{"parentKey":"SVN:1159310857","sourceCountryId":"SVN","syntheticOperational":true,"territoryId":"territory:catalog:5eb724c0ffeec59dda50c6995f449eba87bb20e27c5b5e51a57254e486acb2a4"},"type":"Feature"},{"geometry":{"coordinates":[[[13.708914396936,45.863309352518],[13.713565749056,45.863309352518],[13.709169,45.865004],[13.708914396936,45.863309352518]]],"type":"Polygon"},"id":113,"properties":{"parentKey":"SVN:1159310869","sourceCountryId":"SVN","syntheticOperational":true,"territoryId":"territory:catalog:63a4c9f8a74fe8d17591b6eb878f73e6c0e3c432ff29914b4d9515b5c4a0783d"},"type":"Feature"},{"geometry":{"coordinates":[[[14.974271012007,45.647482014388],[15.019255455712,45.647482014388],[15.024604871314,45.647482014388],[15.024592,45.647498],[15.020096,45.665017],[14.999891,45.681786],[14.981132,45.696591],[14.976637,45.702895],[14.974271012007,45.707311578748],[14.974271012007,45.647482014388]]],"type":"Polygon"},"id":114,"properties":{"parentKey":"SVN:1159308563","sourceCountryId":"SVN","syntheticOperational":true,"territoryId":"territory:catalog:109a1738d641f73221f67d2453bb5faf9ebb816e36d1c982f4f50c114eb9da0a"},"type":"Feature"},{"geometry":{"coordinates":[[[14.446854663774,46.294964028777],[14.47918130884,46.294964028777],[14.483798,46.296244],[14.500852,46.296606],[14.515321,46.29981],[14.544001,46.31198],[14.553148,46.321333],[14.550513,46.32508],[14.548652,46.329369],[14.544467,46.336552],[14.546792,46.346267],[14.545552,46.352675],[14.53594,46.360323],[14.469226,46.364276],[14.454653,46.366886],[14.449847,46.367093],[14.446854663774,46.366673795002],[14.446854663774,46.294964028777]]],"type":"Polygon"},"id":115,"properties":{"parentKey":"SVN:1159308581","sourceCountryId":"SVN","syntheticOperational":true,"territoryId":"territory:catalog:91051274ce6a71e94015fa14c4b668c516de087244d743a679a1e8c7db931de4"},"type":"Feature"},{"geometry":{"coordinates":[[[15.209059233449,46.510791366906],[15.254237288136,46.510791366906],[15.322770165814,46.510791366906],[15.317236,46.527496],[15.317546,46.532018],[15.319871,46.534679],[15.320647,46.53747],[15.317546,46.540545],[15.301888,46.546642],[15.293516,46.557107],[15.270365,46.572584],[15.220239,46.550854],[15.214813,46.547547],[15.210317,46.543258],[15.209077,46.535609],[15.209059233449,46.535597345419],[15.209059233449,46.510791366906]]],"type":"Polygon"},"id":116,"properties":{"parentKey":"SVN:1159308673","sourceCountryId":"SVN","syntheticOperational":true,"territoryId":"territory:catalog:a17e001d5dd242ecc22c15a3e6e7f41e67b0ef0398b6d5905a6ae50c95c10fa9"},"type":"Feature"},{"geometry":{"coordinates":[[[16.019503002107,46.510791366906],[16.023498172617,46.510791366906],[16.020345,46.511296],[16.019503002107,46.510791366906]]],"type":"Polygon"},"id":117,"properties":{"parentKey":"SVN:1159310901","sourceCountryId":"SVN","syntheticOperational":true,"territoryId":"territory:catalog:84902dcb61079caee6e9ed828e076a999934b53bea006b117c4d2388cc06c15d"},"type":"Feature"},{"geometry":{"coordinates":[[[15.10977184675,45.889489999652],[15.111925,45.888362],[15.117041,45.884357],[15.123139,45.881567],[15.127945,45.878337],[15.144843,45.873324],[15.184738,45.867485],[15.19652,45.869862],[15.209852,45.873815],[15.217759,45.879629],[15.228766,45.895804],[15.228301,45.900506],[15.226906,45.904795],[15.227371,45.909084],[15.238584,45.924355],[15.203651,45.937351],[15.180707,45.951356],[15.166082,45.964326],[15.161086300568,45.971223021583],[15.135834411384,45.971223021583],[15.10977184675,45.971223021583],[15.10977184675,45.889489999652]]],"type":"Polygon"},"id":118,"properties":{"parentKey":"SVN:1159310801","sourceCountryId":"SVN","syntheticOperational":true,"territoryId":"territory:catalog:55a52ae4a45cc84d9257e8070ec54b571e62fc943766d120495cd3c2dcef7614"},"type":"Feature"},{"geometry":{"coordinates":[[[14.204398447607,46.057406455573],[14.206813,46.060083],[14.207588,46.066904],[14.210068,46.073467],[14.210487547836,46.079136690647],[14.204398447607,46.079136690647],[14.204398447607,46.057406455573]]],"type":"Polygon"},"id":119,"properties":{"parentKey":"SVN:1159310827","sourceCountryId":"SVN","syntheticOperational":true,"territoryId":"territory:catalog:7c436016ca2b15f8e2da93f6c4a2b72cf3d797cc11d09635dba22dcdad84311a"},"type":"Feature"},{"geometry":{"coordinates":[[[14.776577250345,45.647482014388],[14.819897084048,45.647482014388],[14.819897084048,45.723810699767],[14.789361,45.674112],[14.788276,45.663466],[14.777837,45.648687],[14.776577250345,45.647482014388]]],"type":"Polygon"},"id":120,"properties":{"parentKey":"SVN:1159308563","sourceCountryId":"SVN","syntheticOperational":true,"territoryId":"territory:catalog:ac465b2470646dbf5f67b2807987ca99cdf50997cd36fa666dd6da134c3b30e3"},"type":"Feature"},{"geometry":{"coordinates":[[[14.500697,46.202865],[14.515370327007,46.187050359712],[14.561972589105,46.187050359712],[14.582655,46.198059],[14.569943,46.214854],[14.565447,46.228109],[14.552528,46.243198],[14.500697,46.202865]]],"type":"Polygon"},"id":121,"properties":{"parentKey":"SVN:1159308605","sourceCountryId":"SVN","syntheticOperational":true,"territoryId":"territory:catalog:79053f6a3cd1a7489303f96311e6e82d456c9fe381d1033b79f651537cf9e2b3"},"type":"Feature"},{"geometry":{"coordinates":[[[15.019255455712,45.539568345324],[15.078815469097,45.539568345324],[15.08185,45.54244],[15.086811,45.544352],[15.090066,45.546419],[15.093942,45.546161],[15.097198,45.544921],[15.100608,45.546083],[15.100608,45.550631],[15.088981,45.558511],[15.083555,45.563576],[15.08371,45.574738],[15.079059,45.583988],[15.079989,45.589879],[15.073633,45.601946],[15.056373,45.606829],[15.037615,45.631324],[15.024604871314,45.647482014388],[15.019255455712,45.647482014388],[15.019255455712,45.539568345324]]],"type":"Polygon"},"id":122,"properties":{"parentKey":"SVN:1159308563","sourceCountryId":"SVN","syntheticOperational":true,"territoryId":"territory:catalog:5c1e26302fdbcf920509e4285dbce7d9d0369ecb8ce8fd0acfbf94c5a23e75f8"},"type":"Feature"},{"geometry":{"coordinates":[[[14.941329856584,46.491999402993],[14.943409,46.490806],[14.96563,46.489462],[14.986713,46.49587],[14.991984,46.498687],[14.998496,46.505792],[15.000697165214,46.510791366906],[14.941329856584,46.510791366906],[14.941329856584,46.491999402993]]],"type":"Polygon"},"id":123,"properties":{"parentKey":"SVN:1159308587","sourceCountryId":"SVN","syntheticOperational":true,"territoryId":"territory:catalog:367676d5f2d19319842a97aaa9dbee9a392892bccf96210e0422221219d12203"},"type":"Feature"},{"geometry":{"coordinates":[[[15.888106,46.645887],[15.900663,46.642115],[15.904384,46.641649],[15.909241,46.639841],[15.913272,46.63966],[15.918388,46.639944],[15.922884,46.640719],[15.928,46.639505],[15.9311,46.638265],[15.928465,46.633485],[15.913272,46.624079],[15.913573307442,46.618705035971],[15.993031358885,46.618705035971],[16.007467797552,46.618705035971],[16.006806,46.621392],[16.007736,46.632839],[16.020942408377,46.644449174451],[16.020942408377,46.668553206911],[16.016723,46.670691],[16.016593,46.670757],[15.997917,46.686919],[15.986962,46.69219],[15.967599848737,46.694554853819],[15.946794,46.674448],[15.932116,46.665178],[15.911257,46.663633],[15.888571,46.662785],[15.888106,46.645887]]],"type":"Polygon"},"id":124,"properties":{"parentKey":"SVN:1159309559","sourceCountryId":"SVN","syntheticOperational":true,"territoryId":"territory:catalog:1ff6c0bec2a0d372da87e4aa43eb0921a51a15f687f8fc08e232fd703a7714a5"},"type":"Feature"},{"geometry":{"coordinates":[[[15.595307,46.078738],[15.599028,46.069126],[15.601552393273,46.0681622538],[15.601552393273,46.079136690647],[15.595408058136,46.079136690647],[15.595307,46.078738]]],"type":"Polygon"},"id":125,"properties":{"parentKey":"SVN:1159308577","sourceCountryId":"SVN","syntheticOperational":true,"territoryId":"territory:catalog:a0d7e090f4b6aaf94c40e2e79cef0c0ee63e0dd36006d4da1c5f0fa1ba3d370a"},"type":"Feature"},{"geometry":{"coordinates":[[[14.048027444254,45.647482014388],[14.076498798261,45.647482014388],[14.072764,45.653028],[14.069198,45.659694],[14.068578,45.673595],[14.064548,45.679693],[14.062532,45.686462],[14.064703,45.693542],[14.071679,45.702689],[14.083151,45.706513],[14.093383,45.71429],[14.081911,45.734237],[14.072144,45.743358],[14.048316235037,45.755395683453],[14.048027444254,45.755395683453],[14.048027444254,45.647482014388]]],"type":"Polygon"},"id":126,"properties":{"parentKey":"SVN:1159310859","sourceCountryId":"SVN","syntheticOperational":true,"territoryId":"territory:catalog:e4f0b519b759b31d070dd57388905bfbfb22fdb6d1ab4f6fe5327e3fc6855bba"},"type":"Feature"},{"geometry":{"coordinates":[[[15.300724616773,45.863309352518],[15.309278350515,45.863309352518],[15.393231561583,45.863309352518],[15.388136,45.87658],[15.361006,45.883737],[15.355735,45.874099],[15.347983,45.869862],[15.343901,45.868312],[15.341421,45.868493],[15.340025,45.870818],[15.329483,45.87472],[15.303748,45.864462],[15.300724616773,45.863309352518]]],"type":"Polygon"},"id":127,"properties":{"parentKey":"SVN:1159310775","sourceCountryId":"SVN","syntheticOperational":true,"territoryId":"territory:catalog:d94ada287ba09c5cd5c40549fd574941099ef0bc2cce91200c7a5e4d9cd735ad"},"type":"Feature"},{"geometry":{"coordinates":[[[14.711168164313,45.590961331183],[14.72368,45.596985],[14.711168164313,45.627629745446],[14.711168164313,45.590961331183]]],"type":"Polygon"},"id":128,"properties":{"parentKey":"SVN:1159310725","sourceCountryId":"SVN","syntheticOperational":true,"territoryId":"territory:catalog:c8e93a64dae35504eab5abc719bb0ad2bcfe8b2b49bb724da57a73aee7e702e3"},"type":"Feature"},{"geometry":{"coordinates":[[[15.589526990279,46.187050359712],[15.61936457376,46.187050359712],[15.62285,46.191704],[15.626571,46.19521],[15.626106,46.195527],[15.61329,46.20426],[15.589526990279,46.187050359712]]],"type":"Polygon"},"id":129,"properties":{"parentKey":"SVN:1159308577","sourceCountryId":"SVN","syntheticOperational":true,"territoryId":"territory:catalog:0ace6bf1bdc7bd0a29b67e5b0a0029f90a7b344f0be5ca61096227b5b3789a54"},"type":"Feature"},{"geometry":{"coordinates":[[[14.845360824742,45.755395683453],[14.862990180112,45.755395683453],[14.862432,45.755657],[14.846464,45.759584],[14.845360824742,45.759682114759],[14.845360824742,45.755395683453]]],"type":"Polygon"},"id":130,"properties":{"parentKey":"SVN:1159308563","sourceCountryId":"SVN","syntheticOperational":true,"territoryId":"territory:catalog:882ab9ddf0afe686484f58d7851fe6d159025fb43b2a700c1a76a8bab89de9be"},"type":"Feature"},{"geometry":{"coordinates":[[[16.066531682023,46.402877697842],[16.075743,46.384456],[16.088654,46.373086],[16.094345,46.372261],[16.106024,46.373734],[16.115533,46.379289],[16.123181,46.386885],[16.131552,46.393061],[16.143851,46.394714],[16.153567,46.391433],[16.164859002169,46.383973600477],[16.164859002169,46.402877697842],[16.066531682023,46.402877697842]]],"type":"Polygon"},"id":131,"properties":{"parentKey":"SVN:1159310901","sourceCountryId":"SVN","syntheticOperational":true,"territoryId":"territory:catalog:3e355a9ca93f322fa297b8fce1a43fd5f7b3a67072643f92dbdad4e7706ce606"},"type":"Feature"},{"geometry":{"coordinates":[[[14.204398447607,45.971223021583],[14.216355501204,45.971223021583],[14.215494,45.975385],[14.219835,45.989183],[14.228569,45.993136],[14.229809,45.995022],[14.205883,46.006184],[14.204398447607,46.006479304221],[14.204398447607,45.971223021583]]],"type":"Polygon"},"id":132,"properties":{"parentKey":"SVN:1159310723","sourceCountryId":"SVN","syntheticOperational":true,"territoryId":"territory:catalog:8bba71c847feb5e98053c62b6c451d2e445da412da4b341f207b00e0fb22c4fe"},"type":"Feature"},{"geometry":{"coordinates":[[[15.195107293774,46.187050359712],[15.246326707001,46.187050359712],[15.272727272727,46.187050359712],[15.272727272727,46.192741320566],[15.264629,46.193822],[15.257343,46.197129],[15.248506,46.197491],[15.229076,46.191961],[15.221635,46.192478],[15.218224,46.193098],[15.216364,46.19824],[15.203961,46.18824],[15.195107293774,46.187050359712]]],"type":"Polygon"},"id":133,"properties":{"parentKey":"SVN:1159310715","sourceCountryId":"SVN","syntheticOperational":true,"territoryId":"territory:catalog:b4967b6c56767b473d60c5c4b1b975de3bdf2c81b82dfb25f600507b3d76aed6"},"type":"Feature"},{"geometry":{"coordinates":[[[15.539445,46.497421],[15.545801,46.48321],[15.567144719687,46.481484479581],[15.567144719687,46.510383919722],[15.563784,46.509875],[15.539445,46.497421]]],"type":"Polygon"},"id":134,"properties":{"parentKey":"SVN:1159308613","sourceCountryId":"SVN","syntheticOperational":true,"territoryId":"territory:catalog:647c1f123a0ece41a98fd22e928fc108e8bca027f5f6692fb1473519e04a8bb7"},"type":"Feature"},{"geometry":{"coordinates":[[[13.940949935815,45.539568345324],[13.959850696247,45.539568345324],[13.952203,45.545954],[13.940949935815,45.547590417333],[13.940949935815,45.539568345324]]],"type":"Polygon"},"id":135,"properties":{"parentKey":"SVN:1159310873","sourceCountryId":"SVN","syntheticOperational":true,"territoryId":"territory:catalog:3622cfcdc0bc34ac32d28fd9ef82668263fbf775b2516f7725519dffb89563de"},"type":"Feature"},{"geometry":{"coordinates":[[[14.825355756792,45.971223021583],[14.909260433737,45.971223021583],[14.905581,45.972905],[14.87747,46.002102],[14.871423,46.005254],[14.865687,46.006443],[14.863672,46.004324],[14.862897,46.000784],[14.85592,45.999983],[14.843053,46.000629],[14.825355756792,46.004555725525],[14.825355756792,45.971223021583]]],"type":"Polygon"},"id":136,"properties":{"parentKey":"SVN:1159310703","sourceCountryId":"SVN","syntheticOperational":true,"territoryId":"territory:catalog:b3dc154ec7f799b80fb49a4317a3c47775f76f98e7ddfb1543be0d8f62453abe"},"type":"Feature"},{"geometry":{"coordinates":[[[13.670591057342,46.294964028777],[13.671497,46.294901],[13.672017152687,46.294964028777],[13.670591057342,46.294964028777]]],"type":"Polygon"},"id":137,"properties":{"parentKey":"SVN:1159310855","sourceCountryId":"SVN","syntheticOperational":true,"territoryId":"territory:catalog:cacf263fe3f20e47ddb425ffa5869f94dfe497afa4ee46bb8b0a1b4bb5440f42"},"type":"Feature"},{"geometry":{"coordinates":[[[14.974271012007,45.707311578748],[14.976637,45.702895],[14.981132,45.696591],[14.999891,45.681786],[15.020096,45.665017],[15.024592,45.647498],[15.024604871314,45.647482014388],[15.040231373338,45.647482014388],[15.04087,45.651426],[15.045211,45.65711],[15.06366,45.675559],[15.072858,45.682225],[15.084485,45.686281],[15.102779,45.684421],[15.105724,45.692767],[15.112856,45.696022],[15.115956,45.697004],[15.118437,45.69858],[15.120039,45.700467],[15.121899,45.702379],[15.124069,45.706823],[15.121072,45.711732],[15.114251,45.718373],[15.08061,45.744159],[15.079369,45.749146],[15.076114,45.754313],[15.075095017402,45.755395683453],[15,45.755395683453],[14.983049852927,45.755395683453],[14.983613,45.749172],[14.980202,45.741446],[14.974271012007,45.719884086616],[14.974271012007,45.707311578748]]],"type":"Polygon"},"id":138,"properties":{"parentKey":"SVN:1159308655","sourceCountryId":"SVN","syntheticOperational":true,"territoryId":"territory:catalog:c3433daa04683ad3dbe6bf53646b525a7acb2148fa6ec53bd4249d5fd7a83cf5"},"type":"Feature"},{"geometry":{"coordinates":[[[15.269935752049,46.079136690647],[15.276722,46.076077],[15.281062,46.071452],[15.282613,46.067731],[15.284008,46.061995],[15.287109,46.059101],[15.29107373868,46.059059865441],[15.29107373868,46.079136690647],[15.269935752049,46.079136690647]]],"type":"Polygon"},"id":139,"properties":{"parentKey":"SVN:1159310715","sourceCountryId":"SVN","syntheticOperational":true,"territoryId":"territory:catalog:aeaf8a16d5fc8e4db7fdf2386ae14787be5077d6f96443fb64a3a1688c76a6e5"},"type":"Feature"},{"geometry":{"coordinates":[[[16.036505867014,46.402877697842],[16.066531682023,46.402877697842],[16.065924,46.404093],[16.050576,46.424867],[16.036505867014,46.429141347169],[16.036505867014,46.402877697842]]],"type":"Polygon"},"id":140,"properties":{"parentKey":"SVN:1159310887","sourceCountryId":"SVN","syntheticOperational":true,"territoryId":"territory:catalog:f5c344710758862eb9509af8ab44d73703dcbe3347fe1fbd80ccf3fb6cf85b05"},"type":"Feature"},{"geometry":{"coordinates":[[[15.410691003911,46.406187450601],[15.412372,46.407659],[15.414698,46.412361],[15.416558,46.417451],[15.422759,46.424608],[15.410691003911,46.431179073595],[15.410691003911,46.406187450601]]],"type":"Polygon"},"id":141,"properties":{"parentKey":"SVN:1159310819","sourceCountryId":"SVN","syntheticOperational":true,"territoryId":"territory:catalog:450d5ec4068b5001c43bb41c18c8a44703725d00f99fbc82d23c29e38aa65acc"},"type":"Feature"},{"geometry":{"coordinates":[[[15.677369,46.402336],[15.679229,46.400191],[15.685172,46.396652],[15.685172,46.395463],[15.683725,46.392466],[15.685482,46.38735],[15.682382,46.380012],[15.677989,46.375361],[15.68078,46.367687],[15.696312364425,46.366937246622],[15.696312364425,46.402877697842],[15.678242842561,46.402877697842],[15.677369,46.402336]]],"type":"Polygon"},"id":142,"properties":{"parentKey":"SVN:1159310705","sourceCountryId":"SVN","syntheticOperational":true,"territoryId":"territory:catalog:90f926186c6e747fbe32ce9e5edaef11143a75c7c872ea62deab15291e889d9a"},"type":"Feature"},{"geometry":{"coordinates":[[[14.759219088937,46.294964028777],[14.805194805195,46.294964028777],[14.874585495082,46.294964028777],[14.877004,46.300998],[14.866928,46.315545],[14.848014,46.316088],[14.8106,46.337069],[14.800833,46.340996],[14.797578,46.343373],[14.780783,46.338516],[14.759219088937,46.326415460187],[14.759219088937,46.294964028777]]],"type":"Polygon"},"id":143,"properties":{"parentKey":"SVN:1159310689","sourceCountryId":"SVN","syntheticOperational":true,"territoryId":"territory:catalog:029eb62deef919b99c183ad1e1dc81267b493e232d47ddd1b476aaa2db627d17"},"type":"Feature"},{"geometry":{"coordinates":[[[14.249037227214,45.644834486027],[14.258497819205,45.647482014388],[14.249037227214,45.647482014388],[14.249037227214,45.644834486027]]],"type":"Polygon"},"id":144,"properties":{"parentKey":"SVN:1159310753","sourceCountryId":"SVN","syntheticOperational":true,"territoryId":"territory:catalog:ca34eca0dbea3d126460c7a8540d199a274e802e585ddb8ef711a646f50b99da"},"type":"Feature"},{"geometry":{"coordinates":[[[14.181818181818,46.191557314198],[14.190845,46.193692],[14.198751,46.198937],[14.21596,46.204751],[14.221541,46.205449],[14.225468,46.206844],[14.230429,46.210668],[14.235235,46.228186],[14.242831,46.233664],[14.248567,46.242966],[14.221902,46.250407],[14.208053,46.25573],[14.19224,46.268081],[14.181818181818,46.273438304555],[14.181818181818,46.191557314198]]],"type":"Polygon"},"id":145,"properties":{"parentKey":"SVN:1159310847","sourceCountryId":"SVN","syntheticOperational":true,"territoryId":"territory:catalog:8b5be3f97996fa29774f990d308d7b1371c740e93305559a530d6d81d0610e46"},"type":"Feature"},{"geometry":{"coordinates":[[[15.288711,46.170076],[15.290054,46.167441],[15.293827,46.165451],[15.312275,46.1662],[15.363331,46.181316],[15.363506151885,46.187050359712],[15.301852524032,46.187050359712],[15.302973,46.182194],[15.301423,46.179145],[15.298787,46.175941],[15.295067,46.173564],[15.290881,46.172066],[15.288711,46.170076]]],"type":"Polygon"},"id":146,"properties":{"parentKey":"SVN:1159310797","sourceCountryId":"SVN","syntheticOperational":true,"territoryId":"territory:catalog:9ca5970e73f1dfec1e3419a331841884df5160c3d637048068812221ecabc17f"},"type":"Feature"},{"geometry":{"coordinates":[[[14.134490238612,46.294964028777],[14.17986517801,46.294964028777],[14.180148,46.298776],[14.175187,46.303789],[14.171621,46.304978],[14.164903,46.304306],[14.159632,46.302936],[14.134490238612,46.304890906144],[14.134490238612,46.294964028777]]],"type":"Polygon"},"id":147,"properties":{"parentKey":"SVN:1159310823","sourceCountryId":"SVN","syntheticOperational":true,"territoryId":"territory:catalog:22a44c65e63b3120e40532791a64cbfc1cdff62552e43dd045fe62a38fe1a715"},"type":"Feature"},{"geometry":{"coordinates":[[[14.546382656412,46.294964028777],[14.550358,46.289371],[14.553303,46.278623],[14.558626,46.274488],[14.569943,46.261466],[14.569478,46.257539],[14.568548,46.253559],[14.566687,46.25002],[14.564052,46.247255],[14.552528,46.243198],[14.565447,46.228109],[14.569943,46.214854],[14.582655,46.198059],[14.579865,46.192426],[14.590097,46.189119],[14.609476,46.188499],[14.632006,46.19731],[14.639138,46.202193],[14.645339,46.204596],[14.649350649351,46.205535604555],[14.649350649351,46.294964028777],[14.603036876356,46.294964028777],[14.546382656412,46.294964028777]]],"type":"Polygon"},"id":148,"properties":{"parentKey":"SVN:1159308561","sourceCountryId":"SVN","syntheticOperational":true,"territoryId":"territory:catalog:a98cdab5ff35d07e755963887697f535be6217b4f3f8ec6e87453cf3c60ab0b8"},"type":"Feature"},{"geometry":{"coordinates":[[[15.723598435463,46.402877697842],[15.824653406499,46.402877697842],[15.800462,46.431585],[15.782272,46.434789],[15.76987,46.431016],[15.752196,46.432386],[15.734471,46.428329],[15.723598435463,46.423765916159],[15.723598435463,46.402877697842]]],"type":"Polygon"},"id":149,"properties":{"parentKey":"SVN:1159310705","sourceCountryId":"SVN","syntheticOperational":true,"territoryId":"territory:catalog:3f881431046acf8e263d2f1c5f2f771089a93f0446fb1a65f7d839efbe2b38dc"},"type":"Feature"},{"geometry":{"coordinates":[[[13.395638,46.306728],[13.403968,46.303221],[13.419006,46.295469],[13.421365184049,46.294964028777],[13.509761388286,46.294964028777],[13.509761388286,46.380819518499],[13.483704,46.37115],[13.459726,46.359032],[13.447323,46.354846],[13.434094,46.353864],[13.423242,46.344847],[13.409806,46.323608],[13.395638,46.306728]]],"type":"Polygon"},"id":150,"properties":{"parentKey":"SVN:1159310855","sourceCountryId":"SVN","syntheticOperational":true,"territoryId":"territory:catalog:b1b68040127c813209b0ad291adb5571caac09679c2cd8f37c1408ed95f1a1ba"},"type":"Feature"},{"geometry":{"coordinates":[[[14.961038961039,46.187050359712],[15.009074405411,46.187050359712],[14.999891,46.198989],[14.970745,46.197775],[14.961038961039,46.196054592819],[14.961038961039,46.187050359712]]],"type":"Polygon"},"id":151,"properties":{"parentKey":"SVN:1159310815","sourceCountryId":"SVN","syntheticOperational":true,"territoryId":"territory:catalog:0ca217b36164279908cd65bf12da1396f1fa46bd597739e8191afbcbc0986263"},"type":"Feature"},{"geometry":{"coordinates":[[[14.366803,46.303737],[14.368198,46.298001],[14.370281089529,46.294964028777],[14.446854663774,46.294964028777],[14.446854663774,46.366673795002],[14.444679,46.366369],[14.440494,46.364715],[14.437238,46.360504],[14.433982,46.355388],[14.432122,46.353528],[14.427006,46.350504],[14.405457,46.351641],[14.393675,46.326217],[14.389282,46.312057],[14.386647,46.307045],[14.382771,46.303531],[14.37874,46.304047],[14.368973,46.306269],[14.366803,46.303737]]],"type":"Polygon"},"id":152,"properties":{"parentKey":"SVN:1159308581","sourceCountryId":"SVN","syntheticOperational":true,"territoryId":"territory:catalog:239bdb440c43abb9b5b17a7acdbe0b0766f8b4f2d913fc51a2f0762c34e0d49c"},"type":"Feature"},{"geometry":{"coordinates":[[[15.552467,46.277744],[15.5658,46.273662],[15.571381,46.279165],[15.577013,46.281775],[15.584415584416,46.283326186598],[15.584415584416,46.294964028777],[15.557615702541,46.294964028777],[15.557893,46.293454],[15.552467,46.277744]]],"type":"Polygon"},"id":153,"properties":{"parentKey":"SVN:1159308595","sourceCountryId":"SVN","syntheticOperational":true,"territoryId":"territory:catalog:3288d1f9db9efb05ed63e9e7aa6f106f5dc98ddb715c7ebde3719b9eb80de0ba"},"type":"Feature"},{"geometry":{"coordinates":[[[13.938354,45.642641],[13.940949935815,45.641251317643],[13.940949935815,45.647482014388],[13.939746642085,45.647482014388],[13.938354,45.642641]]],"type":"Polygon"},"id":154,"properties":{"parentKey":"SVN:1159310859","sourceCountryId":"SVN","syntheticOperational":true,"territoryId":"territory:catalog:c03f3c0c44a02f74b1d0ced430a9aa756e522744b5118342d2fb6f3d75ba9525"},"type":"Feature"},{"geometry":{"coordinates":[[[14.286319647544,45.863309352518],[14.334911752045,45.863309352518],[14.334911752045,45.882640404392],[14.325669,45.887329],[14.30939,45.89123],[14.299159,45.885727],[14.286319647544,45.863309352518]]],"type":"Polygon"},"id":155,"properties":{"parentKey":"SVN:1159310677","sourceCountryId":"SVN","syntheticOperational":true,"territoryId":"territory:catalog:5ebac983f5b9767dad97d039fb0183ae459824f4a1b8d04311437d3dbfc50c77"},"type":"Feature"},{"geometry":{"coordinates":[[[16.124854707288,46.834532374101],[16.125197,46.833007],[16.134674245737,46.829994124928],[16.134674245737,46.834532374101],[16.124854707288,46.834532374101]]],"type":"Polygon"},"id":156,"properties":{"parentKey":"SVN:1159309561","sourceCountryId":"SVN","syntheticOperational":true,"territoryId":"territory:catalog:66642064d18e56c5d2f5144454f05f80a61b984dda61b3a2e5e1fdf82a7810a9"},"type":"Feature"},{"geometry":{"coordinates":[[[13.988288851951,46.187050359712],[14.00172860847,46.187050359712],[14.025974025974,46.187050359712],[14.025974025974,46.249504851821],[14.009616,46.246454],[13.997006,46.239297],[14.00512,46.226559],[14.004965,46.219866],[13.989255,46.194597],[13.988288851951,46.187050359712]]],"type":"Polygon"},"id":157,"properties":{"parentKey":"SVN:1159310847","sourceCountryId":"SVN","syntheticOperational":true,"territoryId":"territory:catalog:231e2ea81fd3f96518632f772a5301e08d61512bf92b4ab9a0c3ba6ae1d85667"},"type":"Feature"},{"geometry":{"coordinates":[[[14.993592481845,45.488470599454],[14.997461,45.487199],[15.007383,45.480843],[15.056166,45.479912],[15.066128,45.473934],[15.074873,45.488955],[15.086656,45.499187],[15.092857,45.502443],[15.103709,45.506396],[15.118127,45.508747],[15.121279,45.511641],[15.120762,45.516499],[15.113011,45.520323],[15.101539,45.519444],[15.090531,45.516447],[15.079679,45.514535],[15.073013,45.517067],[15.069758,45.522855],[15.073168,45.534224],[15.078815469097,45.539568345324],[15.019255455712,45.539568345324],[14.993592481845,45.539568345324],[14.993592481845,45.488470599454]]],"type":"Polygon"},"id":158,"properties":{"parentKey":"SVN:1159308563","sourceCountryId":"SVN","syntheticOperational":true,"territoryId":"territory:catalog:178e66add192ae25a09e1afafc3323fd60d720442a6979931892984b44269e87"},"type":"Feature"},{"geometry":{"coordinates":[[[13.81936256945,45.971223021583],[13.869995695222,45.971223021583],[13.893919793014,45.971223021583],[13.893919793014,45.971644819649],[13.882957,45.97554],[13.87319,45.980243],[13.866679,45.984842],[13.865748,45.988769],[13.852261,46.00205],[13.844044,45.99342],[13.844044,45.983705],[13.81936256945,45.971223021583]]],"type":"Polygon"},"id":159,"properties":{"parentKey":"SVN:1159310851","sourceCountryId":"SVN","syntheticOperational":true,"territoryId":"territory:catalog:17609d18fe8517237c11281184412b2d70764fc7e89f6ea82e98f8e6e2932770"},"type":"Feature"},{"geometry":{"coordinates":[[[15.330258880221,45.755395683453],[15.33093,45.752867],[15.331031,45.752486],[15.343536681453,45.755395683453],[15.330258880221,45.755395683453]]],"type":"Polygon"},"id":160,"properties":{"parentKey":"SVN:1159310775","sourceCountryId":"SVN","syntheticOperational":true,"territoryId":"territory:catalog:048cf9d0286cf99cc7f5141bbf78ad82d8c00b1962246a403069be9111896f5e"},"type":"Feature"},{"geometry":{"coordinates":[[[14.665523156089,45.647482014388],[14.711168164313,45.647482014388],[14.732123988207,45.647482014388],[14.735204,45.652149],[14.734584,45.65556],[14.735204,45.659487],[14.733034,45.664216],[14.731174,45.667316],[14.72058,45.669771],[14.708022,45.675559],[14.676552,45.683103],[14.667198,45.689408],[14.665523156089,45.690855412768],[14.665523156089,45.647482014388]]],"type":"Polygon"},"id":161,"properties":{"parentKey":"SVN:1159310725","sourceCountryId":"SVN","syntheticOperational":true,"territoryId":"territory:catalog:7d0e6f0a5ace183f08bb334230a702e43fe4285445c557264e7fb9181adce774"},"type":"Feature"},{"geometry":{"coordinates":[[[14.258334,45.79059],[14.269496,45.776328],[14.287531,45.762892],[14.299314,45.757259],[14.313427204075,45.755395683453],[14.356775300172,45.755395683453],[14.381443298969,45.755395683453],[14.381443298969,45.863309352518],[14.334911752045,45.863309352518],[14.286319647544,45.863309352518],[14.276473,45.846117],[14.279263,45.837228],[14.259419,45.801442],[14.258334,45.79059]]],"type":"Polygon"},"id":162,"properties":{"parentKey":"SVN:1159310677","sourceCountryId":"SVN","syntheticOperational":true,"territoryId":"territory:catalog:31a6e495e6e6d21afde0e5fb6a2f49f106d9a7dd1289bab5f35a909e65abe563"},"type":"Feature"},{"geometry":{"coordinates":[[[16.052936,46.84606],[16.054114005566,46.834532374101],[16.124854707288,46.834532374101],[16.122872,46.843368],[16.130246,46.856708],[16.094035,46.862774],[16.052936,46.84606]]],"type":"Polygon"},"id":163,"properties":{"parentKey":"SVN:1159308541","sourceCountryId":"SVN","syntheticOperational":true,"territoryId":"territory:catalog:b71304312cf5d459d70103232a4b05666b44b983b0933ed39c26c23589a866d2"},"type":"Feature"},{"geometry":{"coordinates":[[[15.173299101412,45.617160603486],[15.173989,45.617423],[15.188613,45.617009],[15.206752,45.61458],[15.225045,45.608276],[15.233727,45.608353],[15.236259,45.608663],[15.238894,45.609981],[15.24184,45.610705],[15.244321,45.612927],[15.248816,45.614839],[15.253157,45.618198],[15.258893,45.621608],[15.261684,45.625639],[15.264939,45.632874],[15.268195,45.636129],[15.271916,45.637912],[15.279202,45.638558],[15.283543,45.643416],[15.284012062392,45.647482014388],[15.283018867925,45.647482014388],[15.173299101412,45.647482014388],[15.173299101412,45.617160603486]]],"type":"Polygon"},"id":164,"properties":{"parentKey":"SVN:1159310769","sourceCountryId":"SVN","syntheticOperational":true,"territoryId":"territory:catalog:f5e34bee4b8af7bdc9f8c74cccb9c374d9a4b0c81c4f16f1e8290e865389f98e"},"type":"Feature"},{"geometry":{"coordinates":[[[15.309278350515,45.755395683453],[15.330258880221,45.755395683453],[15.330258,45.755399],[15.330258,45.755528],[15.320492,45.782451],[15.309278350515,45.794474269674],[15.309278350515,45.755395683453]]],"type":"Polygon"},"id":165,"properties":{"parentKey":"SVN:1159308575","sourceCountryId":"SVN","syntheticOperational":true,"territoryId":"territory:catalog:35db74686d2858307af5ecc2e497dd326a44b51df06e10946e89c0fd03296887"},"type":"Feature"},{"geometry":{"coordinates":[[[15.429107204579,46.294964028777],[15.500015,46.280069],[15.506062,46.280793],[15.511953,46.282886],[15.529988,46.276633],[15.552467,46.277744],[15.557893,46.293454],[15.557615702541,46.294964028777],[15.540130151844,46.294964028777],[15.429107204579,46.294964028777]]],"type":"Polygon"},"id":166,"properties":{"parentKey":"SVN:1159310787","sourceCountryId":"SVN","syntheticOperational":true,"territoryId":"territory:catalog:1986332b35f99bd1fe176587954e44ff18e986bb4235b74564aeb69601e3a14f"},"type":"Feature"},{"geometry":{"coordinates":[[[15.607554,46.065871],[15.619646,46.040859],[15.624142,46.03781],[15.63117,46.034193],[15.638612,46.032281],[15.663261,46.032178],[15.667757,46.02639],[15.684552,46.039981],[15.692614,46.041583],[15.69288,46.041636],[15.683931,46.051144],[15.671735,46.057397],[15.643727,46.06551],[15.631531,46.070574],[15.623605,46.076415],[15.623522,46.076361],[15.607554,46.065871]]],"type":"Polygon"},"id":167,"properties":{"parentKey":"SVN:1159308669","sourceCountryId":"SVN","syntheticOperational":true,"territoryId":"territory:catalog:236e5c2d2c6c97c795e0f260ca17007f42a22575d04d2a1ea9bb6a0c833275ab"},"type":"Feature"},{"geometry":{"coordinates":[[[15.104019,46.255006],[15.116883116883,46.246250710723],[15.116883116883,46.285439356293],[15.110685,46.277176],[15.10743,46.271388],[15.11022,46.265936],[15.104019,46.255006]]],"type":"Polygon"},"id":168,"properties":{"parentKey":"SVN:1159308601","sourceCountryId":"SVN","syntheticOperational":true,"territoryId":"territory:catalog:ab591ae93ca7114453705af4232e154b6c065903d93921b68a41221c530eaa78"},"type":"Feature"},{"geometry":{"coordinates":[[[15.584415584416,46.187050359712],[15.589526990279,46.187050359712],[15.61329,46.20426],[15.607089,46.21997],[15.603988,46.222605],[15.596857,46.225447],[15.58585,46.235989],[15.584415584416,46.238684198918],[15.584415584416,46.187050359712]]],"type":"Polygon"},"id":169,"properties":{"parentKey":"SVN:1159310789","sourceCountryId":"SVN","syntheticOperational":true,"territoryId":"territory:catalog:b7edaff3c8a90276aea5ed31a0b2e092301d49a31325c20394986e73fb47143f"},"type":"Feature"},{"geometry":{"coordinates":[[[13.554775995044,46.187050359712],[13.559048,46.184107],[13.584473,46.181317],[13.613928,46.183539],[13.627366,46.181733],[13.62752,46.181884],[13.632772849482,46.187050359712],[13.558441558442,46.187050359712],[13.554775995044,46.187050359712]]],"type":"Polygon"},"id":170,"properties":{"parentKey":"SVN:1159310867","sourceCountryId":"SVN","syntheticOperational":true,"territoryId":"territory:catalog:0f0a9757a832a1a4d01c322a3d5b16afcb0d4c2af931bc85c66edeec3984383e"},"type":"Feature"},{"geometry":{"coordinates":[[[13.738680465718,45.971223021583],[13.81936256945,45.971223021583],[13.844044,45.983705],[13.844044,45.99342],[13.852261,46.00205],[13.865903,46.006985],[13.838308,46.019207],[13.830815,46.025201],[13.820428,46.036002],[13.811281,46.050006],[13.807871,46.062305],[13.807096,46.074346],[13.807729941705,46.079136690647],[13.764160150464,46.079136690647],[13.76069,46.075638],[13.751698,46.064579],[13.739761,46.058171],[13.738680465718,46.058130600877],[13.738680465718,45.971223021583]]],"type":"Polygon"},"id":171,"properties":{"parentKey":"SVN:1159308681","sourceCountryId":"SVN","syntheticOperational":true,"territoryId":"territory:catalog:a6c8b4749846dc412d728a9c07e25044cd87b1b17f477536b5660a07a9da3a1d"},"type":"Feature"},{"geometry":{"coordinates":[[[14.594283,46.096618],[14.595833,46.088402],[14.615573,46.080082],[14.620741812283,46.079136690647],[14.624027657736,46.079136690647],[14.624027657736,46.100529607221],[14.617434,46.098375],[14.594283,46.096618]]],"type":"Polygon"},"id":172,"properties":{"parentKey":"SVN:1159310683","sourceCountryId":"SVN","syntheticOperational":true,"territoryId":"territory:catalog:09ac9ff65c4e99a87a9ad4294acd9f054a31b759663f5fcc24653099a54977d0"},"type":"Feature"},{"geometry":{"coordinates":[[[15.74025974026,46.211260658742],[15.749767,46.210772],[15.768887,46.21935],[15.789144,46.24307],[15.799526,46.248607],[15.798912,46.248805],[15.757933,46.262034],[15.741344,46.266065],[15.74025974026,46.265693079809],[15.74025974026,46.211260658742]]],"type":"Polygon"},"id":173,"properties":{"parentKey":"SVN:1159310767","sourceCountryId":"SVN","syntheticOperational":true,"territoryId":"territory:catalog:62bbae88a3f895b8a95d99cd99435e0b1ecaa3ce6d7ea33ba20fdafcc4956dcf"},"type":"Feature"},{"geometry":{"coordinates":[[[15.852494577006,46.294964028777],[15.896103896104,46.294964028777],[15.918044895364,46.294964028777],[15.918388,46.296451],[15.918698,46.299345],[15.918078,46.302342],[15.914357,46.308569],[15.911877,46.311825],[15.910171,46.315468],[15.909396,46.319344],[15.910171,46.322703],[15.912342,46.325286],[15.913582,46.327663],[15.913427,46.332211],[15.912807,46.334795],[15.910481,46.338128],[15.906244,46.340893],[15.900508,46.343399],[15.88392,46.348437],[15.879889,46.350401],[15.868882,46.351538],[15.864851,46.35159],[15.85958,46.350194],[15.853999,46.349471],[15.852494577006,46.349066434094],[15.852494577006,46.294964028777]]],"type":"Polygon"},"id":174,"properties":{"parentKey":"SVN:1159308619","sourceCountryId":"SVN","syntheticOperational":true,"territoryId":"territory:catalog:63ca9d7941586da30345b76143dc71f2e3d31dc1ed5a395e880f5eac2e34f780"},"type":"Feature"},{"geometry":{"coordinates":[[[14.804089,46.425125],[14.805639,46.408847],[14.807734861005,46.402877697842],[14.901702336678,46.402877697842],[14.900931,46.417632],[14.891732,46.423549],[14.804089,46.425125]]],"type":"Polygon"},"id":175,"properties":{"parentKey":"SVN:1159310721","sourceCountryId":"SVN","syntheticOperational":true,"territoryId":"territory:catalog:ca5db88bd0ec8a156b7126fea37aeeb235c71235cbf4b591583a69ca4d0c8f6f"},"type":"Feature"},{"geometry":{"coordinates":[[[15.559443,46.017114],[15.563939,46.004634],[15.564714,45.999983],[15.56859,45.997761],[15.58368,45.993989],[15.601552393273,46.015648932161],[15.601552393273,46.020692635872],[15.599338,46.022307],[15.585075,46.021016],[15.577944,46.01931],[15.571897,46.019],[15.56735,46.017734],[15.559443,46.017114]]],"type":"Polygon"},"id":176,"properties":{"parentKey":"SVN:1159310667","sourceCountryId":"SVN","syntheticOperational":true,"territoryId":"territory:catalog:910d1fafaa8eea4c986474b829e651eee81bc48bcbdf2e3260537e9fb228736c"},"type":"Feature"},{"geometry":{"coordinates":[[[14.365563,45.965463],[14.370059,45.951976],[14.384166,45.939315],[14.391918,45.933734],[14.401581,45.929187],[14.406852,45.929238],[14.412743,45.926215],[14.414759,45.922624],[14.411658,45.909704],[14.409953,45.898956],[14.407007,45.891618],[14.417549,45.870895],[14.434987029032,45.863309352518],[14.440420703297,45.863309352518],[14.442199,45.863454],[14.489883770986,45.880770504436],[14.489883770986,45.88116192267],[14.4669,45.905984],[14.463955,45.920608],[14.458839,45.937119],[14.459149,45.948152],[14.446693440952,45.971223021583],[14.369316795343,45.971223021583],[14.365563,45.965463]]],"type":"Polygon"},"id":177,"properties":{"parentKey":"SVN:1159310669","sourceCountryId":"SVN","syntheticOperational":true,"territoryId":"territory:catalog:a536900a209c06a8dc8a4e9f7e5cf74936e49d31ca5bade498b61360d11a5fe0"},"type":"Feature"},{"geometry":{"coordinates":[[[15.116883116883,46.187050359712],[15.195107293774,46.187050359712],[15.203961,46.18824],[15.216364,46.19824],[15.22396,46.23617],[15.22272,46.243844],[15.219619,46.256195],[15.218999,46.259993],[15.220549,46.262164],[15.220704,46.263404],[15.218069,46.270199],[15.219154,46.274023],[15.222565,46.281051],[15.22613,46.285366],[15.22613,46.294964028777],[15.121660937136,46.294964028777],[15.121589,46.293609],[15.118437,46.287511],[15.116883116883,46.285439356293],[15.116883116883,46.246250710723],[15.123759,46.241571],[15.137712,46.235989],[15.143138,46.231597],[15.143603,46.229969],[15.140658,46.23015],[15.138022,46.22984],[15.135697,46.227024],[15.134301,46.22214],[15.134146,46.206844],[15.132441,46.198395],[15.130891,46.195062],[15.12841,46.192426],[15.125155,46.190204],[15.121589,46.188654],[15.118282,46.187879],[15.116883116883,46.187769769247],[15.116883116883,46.187050359712]]],"type":"Polygon"},"id":178,"properties":{"parentKey":"SVN:1159308601","sourceCountryId":"SVN","syntheticOperational":true,"territoryId":"territory:catalog:512acd751cab90f3adc9499b37977426c793d720761c0c4c3c993e23633b92b4"},"type":"Feature"},{"geometry":{"coordinates":[[[16.178010471204,46.720656174701],[16.178269,46.720869],[16.183828366168,46.726618705036],[16.178010471204,46.726618705036],[16.178010471204,46.720656174701]]],"type":"Polygon"},"id":179,"properties":{"parentKey":"SVN:1159310657","sourceCountryId":"SVN","syntheticOperational":true,"territoryId":"territory:catalog:159e82cb356e6a976d47627d3c8e661a10a819d2f6532a7144799533a97b8879"},"type":"Feature"},{"geometry":{"coordinates":[[[14.134490238612,46.304890906144],[14.159632,46.302936],[14.164903,46.304306],[14.171621,46.304978],[14.175187,46.303789],[14.180148,46.298776],[14.17986517801,46.294964028777],[14.181818181818,46.294964028777],[14.266588192552,46.294964028777],[14.266086,46.297174],[14.267171,46.326139],[14.260195,46.330351],[14.256319,46.337508],[14.258334,46.342236],[14.253063,46.344407],[14.250428,46.347507],[14.248567,46.353347],[14.255234,46.390192],[14.253967934044,46.402877697842],[14.199650107861,46.402877697842],[14.194876,46.39368],[14.190535,46.386936],[14.180148,46.381769],[14.168676,46.381045],[14.159322,46.381717],[14.137463,46.372157],[14.142734,46.366059],[14.149245,46.356964],[14.152191,46.351848],[14.150796,46.34681],[14.136068,46.336552],[14.134490238612,46.333671236008],[14.134490238612,46.304890906144]]],"type":"Polygon"},"id":180,"properties":{"parentKey":"SVN:1159310839","sourceCountryId":"SVN","syntheticOperational":true,"territoryId":"territory:catalog:d86b57f979ff6f733fa81bc3d210f5325df315f49082dd30d89e8c384dc65014"},"type":"Feature"},{"geometry":{"coordinates":[[[14.325048,46.098323],[14.33311,46.090469],[14.338123,46.086955],[14.35037,46.083415],[14.371919,46.090081],[14.408558,46.082872],[14.430572,46.094189],[14.435688,46.095636],[14.437858,46.097445],[14.434913,46.100907],[14.431037,46.104576],[14.427936,46.108814],[14.424681,46.115583],[14.42065,46.117444],[14.421115,46.119718],[14.42251,46.123128],[14.426851,46.126539],[14.433207,46.128399],[14.446281,46.128347],[14.460389,46.13398],[14.468452895419,46.142633380136],[14.468452895419,46.147114382763],[14.459997280456,46.187050359712],[14.40789215799,46.187050359712],[14.411348,46.175011],[14.414294,46.170541],[14.39383,46.160335],[14.384166,46.158165],[14.382306,46.155426],[14.3775,46.150207],[14.369128,46.147184],[14.357346,46.145349],[14.337813,46.1346],[14.33094,46.126901],[14.327839,46.118632],[14.33063,46.113361],[14.325048,46.098323]]],"type":"Polygon"},"id":181,"properties":{"parentKey":"SVN:1159310731","sourceCountryId":"SVN","syntheticOperational":true,"territoryId":"territory:catalog:eec0e8f7c48ca39c4a1a8ef9a717efe70d194a991ca96a8ec33e3d3de779ed2c"},"type":"Feature"},{"geometry":{"coordinates":[[[14.16837603418,46.187050359712],[14.181818181818,46.187050359712],[14.181818181818,46.191557314198],[14.169761,46.188706],[14.16837603418,46.187050359712]]],"type":"Polygon"},"id":182,"properties":{"parentKey":"SVN:1159310841","sourceCountryId":"SVN","syntheticOperational":true,"territoryId":"territory:catalog:5915b9660862624f97ba17730ef8f935d56f103c73bda7ea1040ddeb36ae3eb1"},"type":"Feature"},{"geometry":{"coordinates":[[[15.567144719687,46.464563768375],[15.640162,46.43453],[15.641712,46.43112],[15.653339,46.428484],[15.667602,46.42373],[15.687498,46.408615],[15.723598435463,46.423765916159],[15.723598435463,46.441394779952],[15.721914,46.443419],[15.723309,46.446313],[15.723309,46.449723],[15.716953,46.460007],[15.709512,46.464968],[15.686877,46.462384],[15.683105,46.461195],[15.676129,46.460317],[15.658765,46.459852],[15.65396,46.460575],[15.647138,46.462746],[15.636751,46.46874],[15.61298,46.476621],[15.58678,46.476647],[15.571381,46.481142],[15.567144719687,46.481484479581],[15.567144719687,46.464563768375]]],"type":"Polygon"},"id":183,"properties":{"parentKey":"SVN:1159310757","sourceCountryId":"SVN","syntheticOperational":true,"territoryId":"territory:catalog:880ae1e9e1d281a6017c40332913b77cf747ce2e11803f9ad8cec1d285c2d566"},"type":"Feature"},{"geometry":{"coordinates":[[[13.74084671153,45.755395683453],[13.778724,45.743411],[13.858409,45.649359],[13.860864661921,45.647482014388],[13.893653516295,45.647482014388],[13.893653516295,45.755395683453],[13.762886597938,45.755395683453],[13.74084671153,45.755395683453]]],"type":"Polygon"},"id":184,"properties":{"parentKey":"SVN:1159310879","sourceCountryId":"SVN","syntheticOperational":true,"territoryId":"territory:catalog:2fa646a9ea7b344e54c878a72e0b6c6adb96d6ba0e729da2c3e5f6f44ba2fd9b"},"type":"Feature"},{"geometry":{"coordinates":[[[16.178010471204,46.702494475212],[16.178734,46.697563],[16.191653,46.679477],[16.192118,46.672061],[16.198164,46.666919],[16.20359,46.663483],[16.225914,46.655499],[16.240797,46.653587],[16.268599,46.65152],[16.276506,46.657307],[16.283482,46.655964],[16.2979,46.647851],[16.314384,46.645138],[16.317485,46.66077],[16.327407,46.676169],[16.334228,46.683766],[16.335078534031,46.684434304731],[16.335078534031,46.720972094265],[16.334124,46.721749],[16.33049918832,46.726618705036],[16.292085701793,46.726618705036],[16.183828366168,46.726618705036],[16.178269,46.720869],[16.178010471204,46.720656174701],[16.178010471204,46.702494475212]]],"type":"Polygon"},"id":185,"properties":{"parentKey":"SVN:1159310895","sourceCountryId":"SVN","syntheticOperational":true,"territoryId":"territory:catalog:afac28ef0c09a07e381e13f11c2a69f9a3af63453038724fd5c8671215bd77bf"},"type":"Feature"},{"geometry":{"coordinates":[[[15.549738219895,46.633874381414],[15.570761,46.629971],[15.590811,46.630384],[15.598407,46.628059],[15.605384,46.622064],[15.612838371126,46.618705035971],[15.657160637952,46.618705035971],[15.645743,46.642761],[15.622437,46.666713],[15.621745,46.678175],[15.616648,46.67555],[15.603729,46.673018],[15.58864,46.675963],[15.567349,46.675757],[15.549738219895,46.672566414617],[15.549738219895,46.633874381414]]],"type":"Polygon"},"id":186,"properties":{"parentKey":"SVN:1159310713","sourceCountryId":"SVN","syntheticOperational":true,"territoryId":"territory:catalog:c2b22e867c11f587b7033767f974ab57ddd8b21d5cf782ef37363d0e762d1d20"},"type":"Feature"},{"geometry":{"coordinates":[[[15.435381,46.627195],[15.435472,46.627077],[15.441208,46.619584],[15.441070600967,46.618705035971],[15.453228056544,46.618705035971],[15.440018,46.62439],[15.435381,46.627195]]],"type":"Polygon"},"id":187,"properties":{"parentKey":"SVN:1159308625","sourceCountryId":"SVN","syntheticOperational":true,"territoryId":"territory:catalog:5ed51247ca5ff70c75720a9e5c1610796f978ed1720f2988b010f207ad002279"},"type":"Feature"},{"geometry":{"coordinates":[[[15.283018867925,45.738023471887],[15.303799,45.746149],[15.331031,45.752486],[15.33093,45.752867],[15.330258880221,45.755395683453],[15.309278350515,45.755395683453],[15.283018867925,45.755395683453],[15.283018867925,45.738023471887]]],"type":"Polygon"},"id":188,"properties":{"parentKey":"SVN:1159308575","sourceCountryId":"SVN","syntheticOperational":true,"territoryId":"territory:catalog:316632677e7c8959dd51ca4ec7e975a633c4fc6f570c7544028207b37aeb2a12"},"type":"Feature"},{"geometry":{"coordinates":[[[15.584415584416,46.283326186598],[15.587865,46.284049],[15.608949,46.283842],[15.653029,46.273662],[15.684862,46.274075],[15.709588032352,46.294964028777],[15.696312364425,46.294964028777],[15.584415584416,46.294964028777],[15.584415584416,46.283326186598]]],"type":"Polygon"},"id":189,"properties":{"parentKey":"SVN:1159308595","sourceCountryId":"SVN","syntheticOperational":true,"territoryId":"territory:catalog:48d7888a17d244bc8b358a913ca99ed6f8ddc007efcd26c7dcc156b7223bfb4e"},"type":"Feature"},{"geometry":{"coordinates":[[[15.135834411384,45.971223021583],[15.161086300568,45.971223021583],[15.158951,45.974171],[15.159881,45.98045],[15.163137,45.984609],[15.167633,45.988614],[15.168873,45.994144],[15.166237,45.995901],[15.161742,45.995436],[15.156936,45.993885],[15.15151,45.991121],[15.143448,45.989235],[15.137247,45.991302],[15.135834411384,45.993045632436],[15.135834411384,45.971223021583]]],"type":"Polygon"},"id":190,"properties":{"parentKey":"SVN:1159310801","sourceCountryId":"SVN","syntheticOperational":true,"territoryId":"territory:catalog:9b254aaab345d6417c50ca4af0fff562e9a38a84abee3b973526e7cefa96a2fb"},"type":"Feature"},{"geometry":{"coordinates":[[[15.103399,46.570026],[15.113166,46.559897],[15.12717,46.551888],[15.138022,46.541397],[15.143293,46.533568],[15.188768,46.517213],[15.19931,46.529202],[15.180552,46.533956],[15.175539,46.54256],[15.176056,46.547495],[15.178226,46.55411],[15.183652,46.560802],[15.187373,46.568837],[15.186753,46.573127],[15.183807,46.577261],[15.185978,46.578398],[15.189543,46.578294],[15.1959,46.579483],[15.201636,46.581963],[15.209059233449,46.590974603021],[15.209059233449,46.60492747051],[15.203186,46.608241],[15.197295,46.609713],[15.19497,46.610695],[15.191869,46.612581],[15.184409312942,46.618705035971],[15.182123631309,46.618705035971],[15.154455,46.603616],[15.140192,46.599792],[15.125775,46.601239],[15.111925,46.598655],[15.10867,46.594934],[15.103864,46.586769],[15.106034,46.579224],[15.103399,46.570026]]],"type":"Polygon"},"id":191,"properties":{"parentKey":"SVN:1159310813","sourceCountryId":"SVN","syntheticOperational":true,"territoryId":"territory:catalog:886b42ac31f5b143bb7e9d27954c23ebeebb2fd50010c49646a9abdb48c95d61"},"type":"Feature"},{"geometry":{"coordinates":[[[16.185813888681,46.618705035971],[16.296940014609,46.618705035971],[16.283172,46.627671],[16.286427,46.636223],[16.286272,46.641236],[16.2979,46.647851],[16.283482,46.655964],[16.276506,46.657307],[16.268599,46.65152],[16.240797,46.653587],[16.205295,46.62935],[16.192273,46.62563],[16.185813888681,46.618705035971]]],"type":"Polygon"},"id":192,"properties":{"parentKey":"SVN:1159310883","sourceCountryId":"SVN","syntheticOperational":true,"territoryId":"territory:catalog:4ab1d830ee8d8f37a3037c2ef403fe951760abd7c8b016c041e9b6a77d3f9da2"},"type":"Feature"},{"geometry":{"coordinates":[[[15.113321,46.183383],[15.131046,46.167286],[15.134766,46.161498],[15.159261,46.14876],[15.171663,46.138166],[15.180242,46.129123],[15.188458,46.116204],[15.188458,46.110881],[15.185048,46.107315],[15.176676,46.103336],[15.173214,46.102251],[15.161121,46.105145],[15.153215,46.108581],[15.149029,46.110028],[15.144998,46.109666],[15.142208,46.106385],[15.141898,46.104266],[15.143448,46.101527],[15.146239,46.099254],[15.150114,46.096928],[15.163447,46.092484],[15.179642217712,46.079136690647],[15.193517208385,46.079136690647],[15.192954,46.080883],[15.193884,46.082175],[15.203496,46.083699],[15.246326707001,46.083391586329],[15.246326707001,46.187050359712],[15.195107293774,46.187050359712],[15.176469,46.184546],[15.113321,46.183383]]],"type":"Polygon"},"id":193,"properties":{"parentKey":"SVN:1159310715","sourceCountryId":"SVN","syntheticOperational":true,"territoryId":"territory:catalog:4a84c066cc39b81d149e21a6a25a0ad6543f4dfdf4d26953d3cde0302ac8a2ae"},"type":"Feature"},{"geometry":{"coordinates":[[[16.314384,46.645138],[16.335078534031,46.626726928305],[16.335078534031,46.684434304731],[16.334228,46.683766],[16.327407,46.676169],[16.317485,46.66077],[16.314384,46.645138]]],"type":"Polygon"},"id":194,"properties":{"parentKey":"SVN:1159309551","sourceCountryId":"SVN","syntheticOperational":true,"territoryId":"territory:catalog:aca07a8da8da9c9f029d5ff349b7f43677ead8766a8fa0865d0a1d1df370bf23"},"type":"Feature"},{"geometry":{"coordinates":[[[13.807096,46.074346],[13.807871,46.062305],[13.811281,46.050006],[13.820428,46.036002],[13.830815,46.025201],[13.838308,46.019207],[13.865903,46.006985],[13.867764,46.025821],[13.867764,46.031816],[13.867144,46.037164],[13.868229,46.040808],[13.87257,46.041169],[13.874585,46.042978],[13.873655,46.046802],[13.871019,46.049903],[13.864818,46.052409],[13.862028,46.055406],[13.860942,46.058739],[13.863578,46.063158],[13.867454,46.064837],[13.87691,46.062848],[13.882181,46.063287],[13.886109,46.066594],[13.887659,46.068816],[13.893919793014,46.067817641076],[13.893919793014,46.079136690647],[13.846153846154,46.079136690647],[13.807729941705,46.079136690647],[13.807096,46.074346]]],"type":"Polygon"},"id":195,"properties":{"parentKey":"SVN:1159310843","sourceCountryId":"SVN","syntheticOperational":true,"territoryId":"territory:catalog:f5ea7cd669234ee36be4829a426262bd04f75ffaaa90143059a3851228f04a36"},"type":"Feature"},{"geometry":{"coordinates":[[[14.759219088937,46.326415460187],[14.780783,46.338516],[14.80688,46.388487],[14.80905,46.399132],[14.807734861005,46.402877697842],[14.784876140808,46.402877697842],[14.759219088937,46.402877697842],[14.759219088937,46.326415460187]]],"type":"Polygon"},"id":196,"properties":{"parentKey":"SVN:1159308571","sourceCountryId":"SVN","syntheticOperational":true,"territoryId":"territory:catalog:e6fab46100cd15ce3fe272a3c409d8693ebb0033f6019656e507c81ce79be448"},"type":"Feature"},{"geometry":{"coordinates":[[[15.696042549619,46.510791366906],[15.702950311658,46.510791366906],[15.696489,46.512148],[15.696042549619,46.510791366906]]],"type":"Polygon"},"id":197,"properties":{"parentKey":"SVN:1159308611","sourceCountryId":"SVN","syntheticOperational":true,"territoryId":"territory:catalog:d884914b996e7110370b3752b86bdacf98e66baa61bc13d36715b8e2f2edea65"},"type":"Feature"},{"geometry":{"coordinates":[[[15.723598435463,46.492377152455],[15.72455,46.494656],[15.733076,46.503234],[15.731681,46.504759],[15.723598435463,46.506456035388],[15.723598435463,46.492377152455]]],"type":"Polygon"},"id":198,"properties":{"parentKey":"SVN:1159308611","sourceCountryId":"SVN","syntheticOperational":true,"territoryId":"territory:catalog:95a2da2dfeb0ede5c2c0472d83caaf8c4289ab974e037fb996270c5ffe5440ce"},"type":"Feature"},{"geometry":{"coordinates":[[[14.076498798261,45.647482014388],[14.07788,45.645431],[14.083151,45.635561],[14.079585,45.629618],[14.079895,45.627913],[14.090592,45.624244],[14.094993581515,45.623723989512],[14.094993581515,45.647482014388],[14.076498798261,45.647482014388]]],"type":"Polygon"},"id":199,"properties":{"parentKey":"SVN:1159310753","sourceCountryId":"SVN","syntheticOperational":true,"territoryId":"territory:catalog:34b6ca7b9a900034509fcecbafd3b2c59cb383e2337f40054fcaf63da012eb2a"},"type":"Feature"},{"geometry":{"coordinates":[[[15.601552393273,45.995838108312],[15.623832,46.003704],[15.667757,46.02639],[15.663261,46.032178],[15.638612,46.032281],[15.63117,46.034193],[15.624142,46.03781],[15.619646,46.040859],[15.607554,46.065871],[15.601552393273,46.0681622538],[15.601552393273,46.020692635872],[15.601818,46.020499],[15.603678,46.018225],[15.601552393273,46.015648932161],[15.601552393273,45.995838108312]]],"type":"Polygon"},"id":200,"properties":{"parentKey":"SVN:1159310707","sourceCountryId":"SVN","syntheticOperational":true,"territoryId":"territory:catalog:7388d9bbe39b9ab13c8b33c4ecb25d8a58dad410264706bde096f9fce8a753ea"},"type":"Feature"},{"geometry":{"coordinates":[[[15.78461,46.7122],[15.786613,46.709992],[15.804338,46.69976],[15.818291,46.696168],[15.827282,46.686375],[15.858805,46.671596],[15.86387434555,46.670685474163],[15.86387434555,46.722705949545],[15.850743,46.724488],[15.822941,46.722834],[15.78461,46.7122]]],"type":"Polygon"},"id":201,"properties":{"parentKey":"SVN:1159317883","sourceCountryId":"SVN","syntheticOperational":true,"territoryId":"territory:catalog:fa7bd668c08c8730d564505418b5a6240044cdcb691df3e0944a363e1398e0df"},"type":"Feature"},{"geometry":{"coordinates":[[[15.240135,46.320532],[15.270055,46.307303],[15.281711859672,46.294964028777],[15.37963419906,46.294964028777],[15.376354,46.298673],[15.373563,46.300378],[15.376509,46.311334],[15.369843,46.315545],[15.367827,46.317587],[15.365657,46.321462],[15.364417,46.324201],[15.368757,46.333968],[15.349844,46.341358],[15.338785,46.349368],[15.336925,46.358463],[15.331189,46.365206],[15.26773,46.365026],[15.269435,46.360271],[15.26773,46.358669],[15.263234,46.355698],[15.261219,46.352468],[15.260909,46.346164],[15.261529,46.342624],[15.260599,46.338361],[15.259203,46.33557],[15.240135,46.320532]]],"type":"Polygon"},"id":202,"properties":{"parentKey":"SVN:1159308599","sourceCountryId":"SVN","syntheticOperational":true,"territoryId":"territory:catalog:54747b32a4bbe426d7ef9793c0c9656e48795a2c8c7350df6798998c4150e1b7"},"type":"Feature"},{"geometry":{"coordinates":[[[14.405457,46.351641],[14.427006,46.350504],[14.432122,46.353528],[14.433982,46.355388],[14.437238,46.360504],[14.440494,46.364715],[14.444679,46.366369],[14.446854663774,46.366673795002],[14.446854663774,46.402877697842],[14.426463412922,46.402877697842],[14.422665,46.396471],[14.41879,46.386962],[14.408248,46.373035],[14.408558,46.364121],[14.405457,46.351641]]],"type":"Polygon"},"id":203,"properties":{"parentKey":"SVN:1159308631","sourceCountryId":"SVN","syntheticOperational":true,"territoryId":"territory:catalog:02fbb2070d2d4535ea22bdc440e4014b56255c7d9498fe62ec6f71540caaf3a3"},"type":"Feature"},{"geometry":{"coordinates":[[[15.110995,46.18731],[15.111148787448,46.187050359712],[15.116883116883,46.187050359712],[15.116883116883,46.187769769247],[15.110995,46.18731]]],"type":"Polygon"},"id":204,"properties":{"parentKey":"SVN:1159308601","sourceCountryId":"SVN","syntheticOperational":true,"territoryId":"territory:catalog:41e8a5b090ca0e3b0c3b06311b958c468cefa19e11cf3fea88166fb4d07ea1dc"},"type":"Feature"},{"geometry":{"coordinates":[[[15.446313065977,46.064955346648],[15.492574,46.067679],[15.489123624065,46.079136690647],[15.446313065977,46.079136690647],[15.446313065977,46.064955346648]]],"type":"Polygon"},"id":205,"properties":{"parentKey":"SVN:1159308593","sourceCountryId":"SVN","syntheticOperational":true,"territoryId":"territory:catalog:0b75be9792e4329d8edeb20f80388d9e837b995243b4f3f1d6221e233ae47548"},"type":"Feature"},{"geometry":{"coordinates":[[[14.53594,46.360323],[14.545552,46.352675],[14.546792,46.346267],[14.544467,46.336552],[14.548652,46.329369],[14.550513,46.32508],[14.553148,46.321333],[14.544001,46.31198],[14.543691,46.298751],[14.546382656412,46.294964028777],[14.603036876356,46.294964028777],[14.603036876356,46.36170479619],[14.595678,46.361408],[14.568703,46.368798],[14.53594,46.360323]]],"type":"Polygon"},"id":206,"properties":{"parentKey":"SVN:1159308561","sourceCountryId":"SVN","syntheticOperational":true,"territoryId":"territory:catalog:c231e398cb7cd735e2232b05b78c41681b0c34cbec222446b9267d6bdd753ddd"},"type":"Feature"},{"geometry":{"coordinates":[[[15.175539,46.398098],[15.175849,46.394016],[15.190319,46.388435],[15.227765726681,46.392059965337],[15.227765726681,46.402877697842],[15.176111590056,46.402877697842],[15.176159,46.402362],[15.175539,46.398098]]],"type":"Polygon"},"id":207,"properties":{"parentKey":"SVN:1159310739","sourceCountryId":"SVN","syntheticOperational":true,"territoryId":"territory:catalog:3bb8b89162a8d0f6f4f2059a7e81c95e0d73c4ace9881f5a7a55e39f13df66bb"},"type":"Feature"},{"geometry":{"coordinates":[[[14.589058513493,46.187050359712],[14.624027657736,46.187050359712],[14.649350649351,46.187050359712],[14.649350649351,46.205535604555],[14.645339,46.204596],[14.639138,46.202193],[14.632006,46.19731],[14.609476,46.188499],[14.590097,46.189119],[14.589058513493,46.187050359712]]],"type":"Polygon"},"id":208,"properties":{"parentKey":"SVN:1159308559","sourceCountryId":"SVN","syntheticOperational":true,"territoryId":"territory:catalog:d818564a703f4a730f798e4347bd2ddb41ae724a89d88abc874ad4805cbd80b9"},"type":"Feature"},{"geometry":{"coordinates":[[[14.895470383275,46.521385217693],[14.898915,46.519435],[14.902636,46.516567],[14.90115801368,46.510791366906],[14.93266247126,46.510791366906],[14.947904,46.521398],[14.950695,46.530597],[14.948525,46.532664],[14.947284,46.534214],[14.946974,46.53592],[14.946819,46.539537],[14.946199,46.544963],[14.946664,46.557159],[14.945269,46.56274],[14.942633,46.565918],[14.934572,46.567158],[14.931626,46.569302],[14.926821,46.575762],[14.92279,46.582428],[14.919224,46.586511],[14.915658,46.58925],[14.912868,46.590593],[14.910852,46.592221],[14.908837,46.593151],[14.906357,46.59297],[14.903256,46.593022],[14.900931,46.594521],[14.895470383275,46.602479664464],[14.895470383275,46.521385217693]]],"type":"Polygon"},"id":209,"properties":{"parentKey":"SVN:1159308623","sourceCountryId":"SVN","syntheticOperational":true,"territoryId":"territory:catalog:96db6e93bffaf363e6a222259acc07e9136a2f292f679835d8b154161d9349de"},"type":"Feature"},{"geometry":{"coordinates":[[[13.82138539259,46.510791366906],[13.846153846154,46.510791366906],[13.8939109326,46.510791366906],[13.890862,46.511787],[13.860683,46.51525],[13.82138539259,46.510791366906]]],"type":"Polygon"},"id":210,"properties":{"parentKey":"SVN:1159310833","sourceCountryId":"SVN","syntheticOperational":true,"territoryId":"territory:catalog:f0d1ca860f88d088235e7334602c9834b289cd4efacb4a94b3d8d15e4d2f66ea"},"type":"Feature"},{"geometry":{"coordinates":[[[14.884911,46.240537],[14.930076,46.218781],[14.910077,46.210539],[14.915348,46.201366],[14.930076,46.193666],[14.937363,46.191858],[14.961038961039,46.196054592819],[14.961038961039,46.283442959917],[14.957103,46.283273],[14.954881,46.283635],[14.950385,46.281878],[14.950385,46.278002],[14.945734,46.274695],[14.925735,46.268959],[14.918294,46.265316],[14.907752,46.264825],[14.90031,46.263275],[14.89752,46.25883],[14.89752,46.254231],[14.884911,46.240537]]],"type":"Polygon"},"id":211,"properties":{"parentKey":"SVN:1159308641","sourceCountryId":"SVN","syntheticOperational":true,"territoryId":"territory:catalog:e61b7ed1c5d33acd31dbae00c771d0cfd9eb13118cffba92a151edad5f8e86f5"},"type":"Feature"},{"geometry":{"coordinates":[[[14.568080388913,46.402877697842],[14.603036876356,46.402877697842],[14.628422425033,46.402877697842],[14.628422425033,46.439908969646],[14.621567,46.43851],[14.599863,46.437167],[14.590148,46.434428],[14.575368,46.419726],[14.568080388913,46.402877697842]]],"type":"Polygon"},"id":212,"properties":{"parentKey":"SVN:1159308661","sourceCountryId":"SVN","syntheticOperational":true,"territoryId":"territory:catalog:11ab296c3aac3135104dc44f1c372c1c27e107517a3aa48ea62e39822d9e3ba7"},"type":"Feature"},{"geometry":{"coordinates":[[[15.272727272727,46.187050359712],[15.301852524032,46.187050359712],[15.301423,46.188912],[15.272727272727,46.192741320566],[15.272727272727,46.187050359712]]],"type":"Polygon"},"id":213,"properties":{"parentKey":"SVN:1159310715","sourceCountryId":"SVN","syntheticOperational":true,"territoryId":"territory:catalog:2e1e803df82b645b9a6830fbc96d5d408ad5bb16e1ead6f672d78173a87ccb62"},"type":"Feature"},{"geometry":{"coordinates":[[[13.885902,45.82865],[13.902542,45.810227],[13.917525773196,45.801392627602],[13.917525773196,45.853736890616],[13.907503,45.849372],[13.891845,45.840665],[13.885902,45.82865]]],"type":"Polygon"},"id":214,"properties":{"parentKey":"SVN:1159310881","sourceCountryId":"SVN","syntheticOperational":true,"territoryId":"territory:catalog:5954ee7f7a73f2cd1399e7f858f76b983293aca3e8545290c0a21d6f0d5bc910"},"type":"Feature"},{"geometry":{"coordinates":[[[13.974690965535,46.187050359712],[13.988288851951,46.187050359712],[13.989255,46.194597],[13.974690965535,46.187050359712]]],"type":"Polygon"},"id":215,"properties":{"parentKey":"SVN:1159310825","sourceCountryId":"SVN","syntheticOperational":true,"territoryId":"territory:catalog:9be6fc4d0c6d328eabc50be5781ea65589a81e2c1de2c5faf985e02bc15ce089"},"type":"Feature"},{"geometry":{"coordinates":[[[14.249037227214,45.539568345324],[14.378470739,45.539568345324],[14.403080872914,45.539568345324],[14.403080872914,45.647482014388],[14.356775300172,45.647482014388],[14.258497819205,45.647482014388],[14.249037227214,45.644834486027],[14.249037227214,45.539568345324]]],"type":"Polygon"},"id":216,"properties":{"parentKey":"SVN:1159310701","sourceCountryId":"SVN","syntheticOperational":true,"territoryId":"territory:catalog:9b0006e377113aa42dd4b8ca726e49de551f4437a89c3e66c0f92a83b7bbf5a0"},"type":"Feature"},{"geometry":{"coordinates":[[[16.036505867014,46.445876157417],[16.039104,46.449258],[16.040034,46.468637],[16.036505867014,46.47271984993],[16.036505867014,46.445876157417]]],"type":"Polygon"},"id":217,"properties":{"parentKey":"SVN:1159310885","sourceCountryId":"SVN","syntheticOperational":true,"territoryId":"territory:catalog:0dc52fe832f8aed6c93167032fa3b5e7bb2fa4d031e1bce2a2f48f7a611a8b6e"},"type":"Feature"},{"geometry":{"coordinates":[[[14.854835,46.252862],[14.884911,46.240537],[14.89752,46.254231],[14.89752,46.25883],[14.90031,46.263275],[14.907752,46.264825],[14.918294,46.265316],[14.925735,46.268959],[14.945734,46.274695],[14.950385,46.278002],[14.950385,46.281878],[14.954881,46.283635],[14.957103,46.283273],[14.961038961039,46.283442959917],[14.961038961039,46.294964028777],[14.915401301518,46.294964028777],[14.874585495082,46.294964028777],[14.871888,46.288234],[14.862122,46.27901],[14.857471,46.268752],[14.854835,46.252862]]],"type":"Polygon"},"id":218,"properties":{"parentKey":"SVN:1159310749","sourceCountryId":"SVN","syntheticOperational":true,"territoryId":"territory:catalog:625902e979eb714654671015d042c48257b9ad9a6deb60968154c51e12087b6a"},"type":"Feature"},{"geometry":{"coordinates":[[[13.917525773196,45.853736890616],[13.921921,45.855651],[13.932267578527,45.863309352518],[13.917525773196,45.863309352518],[13.917525773196,45.853736890616]]],"type":"Polygon"},"id":219,"properties":{"parentKey":"SVN:1159310851","sourceCountryId":"SVN","syntheticOperational":true,"territoryId":"territory:catalog:2aba3b364e624661018d285c5160bb7c92688369b7ca913a0b3048aa6160244d"},"type":"Feature"},{"geometry":{"coordinates":[[[15.136579731925,45.431654676259],[15.139262,45.430045],[15.18422,45.4256],[15.191815856778,45.4275797508],[15.191815856778,45.431654676259],[15.147372917557,45.431654676259],[15.136579731925,45.431654676259]]],"type":"Polygon"},"id":220,"properties":{"parentKey":"SVN:1159310681","sourceCountryId":"SVN","syntheticOperational":true,"territoryId":"territory:catalog:d4f32f2c8604327c69e122c7ae1fa2bcf7996ed50094c18be31a78dbea6e4a60"},"type":"Feature"},{"geometry":{"coordinates":[[[15.410691003911,46.485517217585],[15.415163,46.499462],[15.430309929252,46.510791366906],[15.410691003911,46.510791366906],[15.410691003911,46.485517217585]]],"type":"Polygon"},"id":221,"properties":{"parentKey":"SVN:1159308627","sourceCountryId":"SVN","syntheticOperational":true,"territoryId":"territory:catalog:49ee6342de19e1e3d7bd9acf1d903e9976e472983e46c6097e309f37d1bc19b2"},"type":"Feature"},{"geometry":{"coordinates":[[[15.264743865691,45.944813755256],[15.266025,45.944767],[15.279357,45.936163],[15.284008,45.935749],[15.286644,45.9404],[15.285093,45.945465],[15.285403,45.949082],[15.286488,45.951821],[15.289641,45.953836],[15.295687,45.956058],[15.317081,45.957143],[15.327158,45.955852],[15.334599,45.954198],[15.342506,45.951407],[15.346381,45.944483],[15.363021,45.934768],[15.371548,45.951097],[15.389531,45.969649],[15.391770003668,45.971223021583],[15.29107373868,45.971223021583],[15.264743865691,45.971223021583],[15.264743865691,45.944813755256]]],"type":"Polygon"},"id":222,"properties":{"parentKey":"SVN:1159310777","sourceCountryId":"SVN","syntheticOperational":true,"territoryId":"territory:catalog:3ed573bb547a88e66d571c52686914ebcc27cf02f3498487ac7dfadbe5059eb2"},"type":"Feature"},{"geometry":{"coordinates":[[[15.567144719687,46.481484479581],[15.571381,46.481142],[15.58678,46.476647],[15.61298,46.476621],[15.636751,46.46874],[15.647138,46.462746],[15.65396,46.460575],[15.658765,46.459852],[15.676129,46.460317],[15.683105,46.461195],[15.686877,46.462384],[15.709512,46.464968],[15.69773,46.481453],[15.695094,46.48662],[15.699435,46.49432],[15.70052,46.498092],[15.694474,46.506025],[15.696042549619,46.510791366906],[15.679442508711,46.510791366906],[15.569835351854,46.510791366906],[15.567144719687,46.510383919722],[15.567144719687,46.481484479581]]],"type":"Polygon"},"id":223,"properties":{"parentKey":"SVN:1159308613","sourceCountryId":"SVN","syntheticOperational":true,"territoryId":"territory:catalog:385b2271716506a5cdba05db0f6f4e6294344ec831a275fee5808cb7843df8ec"},"type":"Feature"},{"geometry":{"coordinates":[[[14.109656864311,45.971223021583],[14.179939733104,45.971223021583],[14.204398447607,45.971223021583],[14.204398447607,46.006479304221],[14.196271,46.008096],[14.19038,46.024685],[14.19286,46.034684],[14.186814,46.037914],[14.171156,46.020189],[14.138703,46.005771],[14.137308,45.992335],[14.128936,45.984609],[14.12072,45.978667],[14.110798,45.973267],[14.109656864311,45.971223021583]]],"type":"Polygon"},"id":224,"properties":{"parentKey":"SVN:1159310723","sourceCountryId":"SVN","syntheticOperational":true,"territoryId":"territory:catalog:8372a18da4a8a8c3b9270ffc0748c7183055ebb96716f5ec4b08c4c8a628c967"},"type":"Feature"},{"geometry":{"coordinates":[[[14.224690303289,45.496126150261],[14.240608,45.493348],[14.280399,45.481101],[14.326805,45.4749],[14.372797,45.477845],[14.378470739,45.480109950352],[14.378470739,45.539568345324],[14.249037227214,45.539568345324],[14.224690303289,45.539568345324],[14.224690303289,45.496126150261]]],"type":"Polygon"},"id":225,"properties":{"parentKey":"SVN:1159310701","sourceCountryId":"SVN","syntheticOperational":true,"territoryId":"territory:catalog:9443c86ddea67fa10b7ef766076c2aaa84611665f2be1f48a8c85f6fba1adee0"},"type":"Feature"},{"geometry":{"coordinates":[[[15.093322,46.030731],[15.116111,46.004195],[15.133061,45.996469],[15.135834411384,45.993045632436],[15.135834411384,46.042108260596],[15.094097,46.040291],[15.093322,46.030731]]],"type":"Polygon"},"id":226,"properties":{"parentKey":"SVN:1159310777","sourceCountryId":"SVN","syntheticOperational":true,"territoryId":"territory:catalog:a6d4ba74f0622076a09167dda0571dea831e478651d30895df00c34f70fbdfb3"},"type":"Feature"},{"geometry":{"coordinates":[[[16.297392,46.847033],[16.297435,46.846805],[16.2979,46.844299],[16.303067,46.835591],[16.303067,46.834532374101],[16.320630749014,46.834532374101],[16.320630749014,46.839624221761],[16.310663,46.84001],[16.301878,46.843214],[16.297392,46.847033]]],"type":"Polygon"},"id":227,"properties":{"parentKey":"SVN:1159308551","sourceCountryId":"SVN","syntheticOperational":true,"territoryId":"territory:catalog:56e93f26988a23362027ae90a0af4c7e2c6d8cd05953a78143e708d22f2674ae"},"type":"Feature"},{"geometry":{"coordinates":[[[14.640223,45.863309352518],[14.644855789927,45.863309352518],[14.644855789927,45.876793309804],[14.640223,45.874771],[14.640223,45.863309352518]]],"type":"Polygon"},"id":228,"properties":{"parentKey":"SVN:1159308665","sourceCountryId":"SVN","syntheticOperational":true,"territoryId":"territory:catalog:e99211ab8ea8989d99ace11cca5f79aa882c899d681733c62ead3687f02129d7"},"type":"Feature"},{"geometry":{"coordinates":[[[14.359637774903,46.02081966079],[14.366648,46.027475],[14.385251,46.032229],[14.407317,46.035769],[14.412433,46.034865],[14.428866,46.029025],[14.439563,46.033754],[14.440339,46.036157],[14.440804,46.040963],[14.439873,46.050213],[14.437238,46.056181],[14.434758,46.060651],[14.432432,46.063028],[14.42406,46.078247],[14.423031976196,46.079136690647],[14.359637774903,46.079136690647],[14.359637774903,46.02081966079]]],"type":"Polygon"},"id":229,"properties":{"parentKey":"SVN:1159308557","sourceCountryId":"SVN","syntheticOperational":true,"territoryId":"territory:catalog:73388c443f4527918cce4d0081a1d8321f99a13919f65f4744206e86e3e910aa"},"type":"Feature"},{"geometry":{"coordinates":[[[16.505867014342,46.506952225235],[16.515302,46.501711],[16.512253299152,46.510791366906],[16.505867014342,46.510791366906],[16.505867014342,46.506952225235]]],"type":"Polygon"},"id":230,"properties":{"parentKey":"SVN:1159308687","sourceCountryId":"SVN","syntheticOperational":true,"territoryId":"territory:catalog:04bca22e3613cc324be588ab4010ecc4e737201e23a839239a9bba25b0e0e7a0"},"type":"Feature"},{"geometry":{"coordinates":[[[15.904074,46.393603],[15.928465,46.386885],[15.935131,46.383397],[15.936371,46.380735],[15.942572,46.369573],[15.951254,46.365852],[15.969289,46.361899],[15.977351,46.362209],[15.985567,46.364276],[15.988823,46.365852],[15.998435,46.373035],[15.998125,46.376084],[15.996729,46.381252],[15.988668,46.393758],[15.987893,46.402594],[15.987795998589,46.402877697842],[15.92531830022,46.402877697842],[15.904074,46.393603]]],"type":"Polygon"},"id":231,"properties":{"parentKey":"SVN:1159309553","sourceCountryId":"SVN","syntheticOperational":true,"territoryId":"territory:catalog:08894dcfe3e698256428ba6292c9770613008e99f1bcb5af5f4052ede194b627"},"type":"Feature"},{"geometry":{"coordinates":[[[15.520308,46.64772],[15.536809,46.636275],[15.549738219895,46.633874381414],[15.549738219895,46.672566414617],[15.545955,46.671881],[15.530659,46.663845],[15.52084,46.649608],[15.520308,46.64772]]],"type":"Polygon"},"id":232,"properties":{"parentKey":"SVN:1159310713","sourceCountryId":"SVN","syntheticOperational":true,"territoryId":"territory:catalog:b384fe8463b2eb67d2804c7c8624df5c696c6a63d7eefe16b7b39fba1fee9f6b"},"type":"Feature"},{"geometry":{"coordinates":[[[14.181818181818,46.187050359712],[14.312878133103,46.187050359712],[14.337662337662,46.187050359712],[14.337662337662,46.1930051124],[14.275852,46.210823],[14.269496,46.214389],[14.269651,46.219453],[14.272132,46.222657],[14.275542,46.224672],[14.278023,46.226714],[14.278643,46.229685],[14.277248,46.23214],[14.275387,46.234077],[14.248567,46.242966],[14.242831,46.233664],[14.235235,46.228186],[14.230429,46.210668],[14.225468,46.206844],[14.221541,46.205449],[14.21596,46.204751],[14.198751,46.198937],[14.190845,46.193692],[14.181818181818,46.191557314198],[14.181818181818,46.187050359712]]],"type":"Polygon"},"id":233,"properties":{"parentKey":"SVN:1159310841","sourceCountryId":"SVN","syntheticOperational":true,"territoryId":"territory:catalog:9b93cac51ae885465dbeae018d82b46b4236fb1f1e6cf25d8b83c5f2860bbf2c"},"type":"Feature"},{"geometry":{"coordinates":[[[14.592938,45.629671],[14.593868,45.616183],[14.603067,45.603574],[14.615986,45.594066],[14.650299,45.574842],[14.657327,45.572775],[14.663675,45.570187],[14.680582,45.576236],[14.711168164313,45.590961331183],[14.711168164313,45.627629745446],[14.710968,45.62812],[14.711168164313,45.628243527127],[14.711168164313,45.647482014388],[14.665523156089,45.647482014388],[14.594041904244,45.647482014388],[14.592938,45.629671]]],"type":"Polygon"},"id":234,"properties":{"parentKey":"SVN:1159310725","sourceCountryId":"SVN","syntheticOperational":true,"territoryId":"territory:catalog:35dfe731b8ee3645e7f5193681cc63feba77fc5ec7d9eab9968479a213458762"},"type":"Feature"},{"geometry":{"coordinates":[[[15.154639175258,45.755395683453],[15.283018867925,45.755395683453],[15.309278350515,45.755395683453],[15.309278350515,45.794474269674],[15.297237,45.807385],[15.279202,45.820356],[15.273931,45.829916],[15.271296,45.841879],[15.276412,45.850457],[15.280907,45.855754],[15.300724616773,45.863309352518],[15.264743865691,45.863309352518],[15.154639175258,45.863309352518],[15.154639175258,45.755395683453]]],"type":"Polygon"},"id":235,"properties":{"parentKey":"SVN:1159308575","sourceCountryId":"SVN","syntheticOperational":true,"territoryId":"territory:catalog:5fa66cf8bc8a1976af9972cbf4924202b5357af1cb5f89b20bb9f37fcda4c4a7"},"type":"Feature"},{"geometry":{"coordinates":[[[14.92403,46.504784],[14.940618,46.492408],[14.941329856584,46.491999402993],[14.941329856584,46.510791366906],[14.93266247126,46.510791366906],[14.92403,46.504784]]],"type":"Polygon"},"id":236,"properties":{"parentKey":"SVN:1159308587","sourceCountryId":"SVN","syntheticOperational":true,"territoryId":"territory:catalog:8955cf46b74bbccb921b37623b0563c9aca7c52ad493c8ea9757f2008a2ffed4"},"type":"Feature"},{"geometry":{"coordinates":[[[14.799827808868,45.863309352518],[14.845360824742,45.863309352518],[14.876848221018,45.863309352518],[14.877159,45.869552],[14.871423,45.87751],[14.868788,45.887354],[14.874059,45.898749],[14.87871,45.925001],[14.881965,45.932623],[14.888787,45.94133],[14.908837,45.949185],[14.927286,45.962983],[14.909260433737,45.971223021583],[14.825355756792,45.971223021583],[14.799827808868,45.971223021583],[14.799827808868,45.863309352518]]],"type":"Polygon"},"id":237,"properties":{"parentKey":"SVN:1159310703","sourceCountryId":"SVN","syntheticOperational":true,"territoryId":"territory:catalog:b9b45ab6a4179bae3dce21eb25d505c49d51ef31b977908780588ed1cc257eef"},"type":"Feature"},{"geometry":{"coordinates":[[[14.248567,46.353347],[14.250428,46.347507],[14.253063,46.344407],[14.258334,46.342236],[14.256319,46.337508],[14.260195,46.330351],[14.267171,46.326139],[14.289237,46.322392],[14.290672451193,46.321737262713],[14.290672451193,46.402877697842],[14.253967934044,46.402877697842],[14.255234,46.390192],[14.248567,46.353347]]],"type":"Polygon"},"id":238,"properties":{"parentKey":"SVN:1159310845","sourceCountryId":"SVN","syntheticOperational":true,"territoryId":"territory:catalog:b774fc5058c1df2600eb1c5d31e3a5845527f002b4a631e58691edeeec9562b4"},"type":"Feature"},{"geometry":{"coordinates":[[[15.322770165814,46.510791366906],[15.322817,46.51065],[15.322880693773,46.510791366906],[15.322770165814,46.510791366906]]],"type":"Polygon"},"id":239,"properties":{"parentKey":"SVN:1159308579","sourceCountryId":"SVN","syntheticOperational":true,"territoryId":"territory:catalog:673716d0b3431a27302b154b2d7f571d298c581b19c9ad357f368b73344fdf03"},"type":"Feature"},{"geometry":{"coordinates":[[[14.533304,45.990216],[14.554078,45.972388],[14.554475685564,45.971223021583],[14.59396530092,45.971223021583],[14.591027,45.980139],[14.594283,45.984739],[14.597383,45.987891],[14.600329,45.98939],[14.603894,45.991741],[14.60653,45.99156],[14.616193,45.996676],[14.586996,46.015409],[14.562967,46.018845],[14.541831,46.016313],[14.535475,46.013057],[14.536095,46.00373],[14.533304,45.990216]]],"type":"Polygon"},"id":240,"properties":{"parentKey":"SVN:1159310783","sourceCountryId":"SVN","syntheticOperational":true,"territoryId":"territory:catalog:e4b64681af5fb1226e06fa06cf5096a2e2f9bd686f7763cbbedd2aeb7ccd3f40"},"type":"Feature"},{"geometry":{"coordinates":[[[13.786906290116,45.539568345324],[13.917129431867,45.539568345324],[13.940949935815,45.539568345324],[13.940949935815,45.547590417333],[13.910448,45.552026],[13.894635,45.559778],[13.884817,45.56771],[13.880011,45.572464],[13.870554,45.597475],[13.867926,45.602169],[13.847764,45.584661],[13.800532,45.58125],[13.786906290116,45.586421978631],[13.786906290116,45.539568345324]]],"type":"Polygon"},"id":241,"properties":{"parentKey":"SVN:1159310873","sourceCountryId":"SVN","syntheticOperational":true,"territoryId":"territory:catalog:6228dbed3b40c4ef62827bb21168c05e9a11aa31bf15eba7992c2f60d7bf5f0d"},"type":"Feature"},{"geometry":{"coordinates":[[[16.296940014609,46.618705035971],[16.29821,46.617878],[16.300535,46.597337],[16.306620209059,46.594395717673],[16.306620209059,46.618705035971],[16.296940014609,46.618705035971]]],"type":"Polygon"},"id":242,"properties":{"parentKey":"SVN:1159310905","sourceCountryId":"SVN","syntheticOperational":true,"territoryId":"territory:catalog:5b101a794ec70a862087901fc381bce6363351ea798bdf7c93f347bb86c0b252"},"type":"Feature"},{"geometry":{"coordinates":[[[15.723598435463,46.466066184753],[15.732766,46.474425],[15.729821,46.480186],[15.72765,46.486155],[15.723598435463,46.491315354832],[15.723598435463,46.466066184753]]],"type":"Polygon"},"id":243,"properties":{"parentKey":"SVN:1159308611","sourceCountryId":"SVN","syntheticOperational":true,"territoryId":"territory:catalog:a35477b51f866cb5f5771ad1f7167677f69a247d5c9a75fb2423666b474180ee"},"type":"Feature"},{"geometry":{"coordinates":[[[15.880052151239,46.455647135519],[15.88485,46.453573],[15.892911,46.452255],[15.900508,46.453728],[15.905469,46.456545],[15.908414,46.460394],[15.922419,46.470962],[15.944278,46.480522],[15.947223,46.487163],[15.92862,46.504087],[15.88795,46.499849],[15.880052151239,46.499928292594],[15.880052151239,46.455647135519]]],"type":"Polygon"},"id":244,"properties":{"parentKey":"SVN:1159308555","sourceCountryId":"SVN","syntheticOperational":true,"territoryId":"territory:catalog:8a2721c5bc3bf2d43c5985f278d5f590d16bb6f31e7b2c056864db2d6be2929e"},"type":"Feature"},{"geometry":{"coordinates":[[[13.82421015044,45.431654676259],[13.835568,45.429114],[13.889002,45.423637],[13.899647,45.429218],[13.901862274856,45.431654676259],[13.82421015044,45.431654676259]]],"type":"Polygon"},"id":245,"properties":{"parentKey":"SVN:1159310873","sourceCountryId":"SVN","syntheticOperational":true,"territoryId":"territory:catalog:ee017ae55af2afc96b5c28124117bb12d9ecd8bcf3ccc9e438783f9e04716b0f"},"type":"Feature"},{"geometry":{"coordinates":[[[13.731369476039,46.294964028777],[13.736661,46.286116],[13.770767,46.261983],[13.820893,46.241803],[13.865748,46.2317],[13.87012987013,46.231235992251],[13.87012987013,46.294964028777],[13.822125813449,46.294964028777],[13.731369476039,46.294964028777]]],"type":"Polygon"},"id":246,"properties":{"parentKey":"SVN:1159310823","sourceCountryId":"SVN","syntheticOperational":true,"territoryId":"territory:catalog:ac63d9908667ae6a5d13435d0d089751b8543c2ab77166fac941ab3a94faf9f6"},"type":"Feature"},{"geometry":{"coordinates":[[[13.689700130378,46.402877697842],[13.819984034118,46.402877697842],[13.817328,46.407555],[13.811281,46.412981],[13.798724,46.419958],[13.767356,46.433083],[13.750923,46.438199],[13.738366,46.440266],[13.712579,46.432257],[13.702347,46.430215],[13.69196,46.429311],[13.689700130378,46.430417698248],[13.689700130378,46.402877697842]]],"type":"Polygon"},"id":247,"properties":{"parentKey":"SVN:1159310855","sourceCountryId":"SVN","syntheticOperational":true,"territoryId":"territory:catalog:a3606705cd7a108607b6219e2745b4b585b3ce719761b5d6402d217cd2c51aa6"},"type":"Feature"},{"geometry":{"coordinates":[[[15.468777751232,46.187050359712],[15.476141,46.179068],[15.478466,46.173332],[15.483582,46.165916],[15.491179,46.1608],[15.505131,46.156976],[15.5165,46.159405],[15.526422,46.160128],[15.532003,46.16142],[15.545491,46.155168],[15.557476231634,46.160372815773],[15.557476231634,46.187050359712],[15.468777751232,46.187050359712]]],"type":"Polygon"},"id":248,"properties":{"parentKey":"SVN:1159310789","sourceCountryId":"SVN","syntheticOperational":true,"territoryId":"territory:catalog:e7eb6b38ab47c146318626e470a99419fa8218020b26a943bfbe1041dd6e8c7e"},"type":"Feature"},{"geometry":{"coordinates":[[[14.442199,45.795758],[14.446591,45.789247],[14.46349,45.775449],[14.481318,45.765656],[14.486589,45.76408],[14.490155,45.75961],[14.49248,45.755709],[14.491917266729,45.755395683453],[14.51114922813,45.755395683453],[14.536082474227,45.755395683453],[14.536082474227,45.808627917719],[14.529584,45.812915],[14.505089,45.840768],[14.4931,45.835549],[14.483488,45.832887],[14.457133,45.817204],[14.450622,45.811778],[14.446281,45.806868],[14.442199,45.800486],[14.442199,45.795758]]],"type":"Polygon"},"id":249,"properties":{"parentKey":"SVN:1159308667","sourceCountryId":"SVN","syntheticOperational":true,"territoryId":"territory:catalog:cd61e3b0f663c73c18e7e80bc808723633c4bc845bb12789a4ca3f4bdd05971c"},"type":"Feature"},{"geometry":{"coordinates":[[[13.583441138422,46.030503491432],[13.587212,46.028044],[13.603956,46.012928],[13.615169,46.011636],[13.619045,46.01006],[13.625246,46.00652],[13.629122,46.003652],[13.632533,46.001482],[13.636563,46.00112],[13.640594,46.002102],[13.64354,46.004789],[13.638269,46.010732],[13.624626,46.023599],[13.625401,46.02732],[13.632843,46.031118],[13.654857,46.054709],[13.666846,46.061478],[13.681418,46.066956],[13.705138,46.065767],[13.732165,46.057887],[13.738680465718,46.058130600877],[13.738680465718,46.079136690647],[13.690579083838,46.079136690647],[13.583441138422,46.079136690647],[13.583441138422,46.030503491432]]],"type":"Polygon"},"id":250,"properties":{"parentKey":"SVN:1159310865","sourceCountryId":"SVN","syntheticOperational":true,"territoryId":"territory:catalog:b5717a76cf2d0f4bef345e396d5b57593579785dca36615c3a26e695e1284ae7"},"type":"Feature"},{"geometry":{"coordinates":[[[13.89510692287,45.971223021583],[13.900992,45.969132],[13.923626,45.950891],[13.947862,45.936525],[13.961195,45.933682],[13.970807,45.92774],[13.990495,45.9188],[14.003259,45.909498],[14.024967714163,45.898884985085],[14.024967714163,45.971223021583],[13.89510692287,45.971223021583]]],"type":"Polygon"},"id":251,"properties":{"parentKey":"SVN:1159310829","sourceCountryId":"SVN","syntheticOperational":true,"territoryId":"territory:catalog:d5475dcf4ac202ecf8d41ecc074fe43f23c0a3825e89ec75e3a099ca222ad4a9"},"type":"Feature"},{"geometry":{"coordinates":[[[15.74025974026,46.266010567667],[15.741344,46.266065],[15.757933,46.262034],[15.761808,46.285754],[15.770382721929,46.294964028777],[15.74025974026,46.294964028777],[15.74025974026,46.266010567667]]],"type":"Polygon"},"id":252,"properties":{"parentKey":"SVN:1159308573","sourceCountryId":"SVN","syntheticOperational":true,"territoryId":"territory:catalog:8d973378f410d90556ece3bb3be2503a259bfa460d1e4ba4cb67411c74071ac7"},"type":"Feature"},{"geometry":{"coordinates":[[[15.228146,45.70274],[15.236414,45.702534],[15.238119,45.700906],[15.250987,45.681295],[15.264629,45.673026],[15.274551,45.663208],[15.283018867925,45.65187300407],[15.283018867925,45.680112710938],[15.277754,45.685016],[15.267832,45.698452],[15.258221,45.705118],[15.250883,45.70765],[15.248919,45.711836],[15.249913,45.713732],[15.249023,45.713282],[15.228146,45.70274]]],"type":"Polygon"},"id":253,"properties":{"parentKey":"SVN:1159310735","sourceCountryId":"SVN","syntheticOperational":true,"territoryId":"territory:catalog:eb79addecdedcf3e6a43d0e417aca14dcdfc3a7f711f1ed8a9c788c5b5a622c8"},"type":"Feature"},{"geometry":{"coordinates":[[[15.025247055848,45.971223021583],[15.10977184675,45.971223021583],[15.135834411384,45.971223021583],[15.135834411384,45.993045632436],[15.133061,45.996469],[15.116111,46.004195],[15.102314,46.00497],[15.100298,46.006443],[15.097198,46.006908],[15.089291,46.006339],[15.079214,46.001275],[15.054823,46.002154],[15.04056,46.000552],[15.037925,45.993885],[15.036685,45.985721],[15.032189,45.977452],[15.025247055848,45.971223021583]]],"type":"Polygon"},"id":254,"properties":{"parentKey":"SVN:1159310801","sourceCountryId":"SVN","syntheticOperational":true,"territoryId":"territory:catalog:099e3023e94f280e63e06e7843224dab48ab8c258420de70321577efafa8be13"},"type":"Feature"},{"geometry":{"coordinates":[[[14.649350649351,46.205535604555],[14.65185,46.206121],[14.657741,46.206637],[14.683063,46.19917],[14.715929,46.202193],[14.735049,46.197646],[14.748692,46.195992],[14.769776,46.195914],[14.785796,46.199764],[14.805194805195,46.201292664057],[14.805194805195,46.25401905789],[14.788741,46.253017],[14.753033,46.254335],[14.714069,46.263068],[14.703992,46.269786],[14.705697,46.286917],[14.685543,46.286426],[14.680117,46.290611],[14.678550313946,46.294964028777],[14.649350649351,46.294964028777],[14.649350649351,46.205535604555]]],"type":"Polygon"},"id":255,"properties":{"parentKey":"SVN:1159308561","sourceCountryId":"SVN","syntheticOperational":true,"territoryId":"territory:catalog:f83bc34131bb4968569ace44e2c40d567db9e730b9da72c777d0984449f689b8"},"type":"Feature"},{"geometry":{"coordinates":[[[15.781497,46.467732],[15.79607,46.469205],[15.801547,46.468017],[15.804803,46.466828],[15.818601,46.454788],[15.847436,46.43068],[15.85834,46.414997],[15.859735,46.41125],[15.859735,46.408434],[15.85865,46.406522],[15.858836856379,46.402877697842],[15.880052151239,46.402877697842],[15.880052151239,46.455647135519],[15.869967,46.460007],[15.845421,46.482848],[15.823407,46.49494],[15.816275,46.497317],[15.806508,46.485432],[15.794726,46.480006],[15.781497,46.467732]]],"type":"Polygon"},"id":256,"properties":{"parentKey":"SVN:1159308583","sourceCountryId":"SVN","syntheticOperational":true,"territoryId":"territory:catalog:3a7c2c098bccae633f18f24bbadd95f7dc3dde10fcb8279e9393e57b5870b4f2"},"type":"Feature"},{"geometry":{"coordinates":[[[13.627366,46.181733],[13.637389,46.180386],[13.641071,46.171405],[13.666536,46.175166],[13.684984,46.153462],[13.686845,46.146021],[13.690579083838,46.142401429055],[13.690579083838,46.187050359712],[13.632772849482,46.187050359712],[13.62752,46.181884],[13.627366,46.181733]]],"type":"Polygon"},"id":257,"properties":{"parentKey":"SVN:1159310843","sourceCountryId":"SVN","syntheticOperational":true,"territoryId":"territory:catalog:5d1476b605fde034688c304918612b8be2b315aa1075b96d86fdd2b5128cae62"},"type":"Feature"},{"geometry":{"coordinates":[[[14.894063,46.605215],[14.895453,46.602505],[14.895470383275,46.602479664464],[14.895470383275,46.60534524923],[14.894063,46.605215]]],"type":"Polygon"},"id":258,"properties":{"parentKey":"SVN:1159308587","sourceCountryId":"SVN","syntheticOperational":true,"territoryId":"territory:catalog:8e629efa09760d73f8edbb48f820cf2d9ada5102034c6b2c9c5707f3e2de566b"},"type":"Feature"},{"geometry":{"coordinates":[[[14.591647,45.928747],[14.600949,45.908878],[14.62162,45.894563],[14.62596,45.886243],[14.640223,45.874771],[14.644855789927,45.876793309804],[14.644855789927,45.971223021583],[14.59396530092,45.971223021583],[14.594748,45.968848],[14.595368,45.960347],[14.591647,45.928747]]],"type":"Polygon"},"id":259,"properties":{"parentKey":"SVN:1159310693","sourceCountryId":"SVN","syntheticOperational":true,"territoryId":"territory:catalog:570089682b692178e5a1522f445e1e7b6cbc4337d34f5541b68d86ee2251cd7e"},"type":"Feature"},{"geometry":{"coordinates":[[[13.822125813449,46.399897278806],[13.824149,46.397633],[13.841719,46.382182],[13.84792,46.381226],[13.905699332947,46.402877697842],[13.846153846154,46.402877697842],[13.822125813449,46.402877697842],[13.822125813449,46.399897278806]]],"type":"Polygon"},"id":260,"properties":{"parentKey":"SVN:1159310833","sourceCountryId":"SVN","syntheticOperational":true,"territoryId":"territory:catalog:a8e719c572a0bd04f9c4c1a6aae154d796fd054444489f0cc48cff800dc377c9"},"type":"Feature"},{"geometry":{"coordinates":[[[15.062103474203,46.294964028777],[15.095027,46.257668],[15.104019,46.255006],[15.11022,46.265936],[15.10743,46.271388],[15.110685,46.277176],[15.116883116883,46.285439356293],[15.116883116883,46.294964028777],[15.0715835141,46.294964028777],[15.062103474203,46.294964028777]]],"type":"Polygon"},"id":261,"properties":{"parentKey":"SVN:1159308647","sourceCountryId":"SVN","syntheticOperational":true,"territoryId":"territory:catalog:fdc74ec536d13d3f206fe964d5171665869618f66c83af60534fbcf91e075b1a"},"type":"Feature"},{"geometry":{"coordinates":[[[15.621745,46.678175],[15.622437,46.666713],[15.645743,46.642761],[15.672408,46.646042],[15.675044,46.647696],[15.677834,46.648936],[15.677059,46.649944],[15.676749,46.652269],[15.678454,46.657152],[15.685172,46.665782],[15.687963,46.673172],[15.691528,46.676402],[15.694164,46.676789],[15.69866,46.676867],[15.704551,46.675472],[15.706806282723,46.67559405015],[15.706806282723,46.705226375525],[15.652098,46.710819],[15.635975,46.717563],[15.632875,46.702473],[15.632978,46.689632],[15.626984,46.680873],[15.621745,46.678175]]],"type":"Polygon"},"id":262,"properties":{"parentKey":"SVN:1159310773","sourceCountryId":"SVN","syntheticOperational":true,"territoryId":"territory:catalog:f6d578606d08d7303be81db4189eb36f21f4a87168d336aa3e8c145c4e9f6694"},"type":"Feature"},{"geometry":{"coordinates":[[[14.561972589105,46.187050359712],[14.589058513493,46.187050359712],[14.590097,46.189119],[14.579865,46.192426],[14.582655,46.198059],[14.561972589105,46.187050359712]]],"type":"Polygon"},"id":263,"properties":{"parentKey":"SVN:1159310733","sourceCountryId":"SVN","syntheticOperational":true,"territoryId":"territory:catalog:658da2c27fa1a32ae12d2d2f04a1c3f0d7010c6d6ccf0af3902dafd3ecc1fdd7"},"type":"Feature"},{"geometry":{"coordinates":[[[13.714285714286,46.187050359712],[13.846153846154,46.187050359712],[13.87012987013,46.187050359712],[13.87012987013,46.231235992251],[13.865748,46.2317],[13.820893,46.241803],[13.770767,46.261983],[13.736661,46.286116],[13.726584,46.285909],[13.718781,46.284436],[13.714285714286,46.281189379193],[13.714285714286,46.187050359712]]],"type":"Polygon"},"id":264,"properties":{"parentKey":"SVN:1159310843","sourceCountryId":"SVN","syntheticOperational":true,"territoryId":"territory:catalog:684af2821b66f47c9ede0754f47ab4278de1f2979859dc828396ef50ea7db9a6"},"type":"Feature"},{"geometry":{"coordinates":[[[15.331189,46.365206],[15.336925,46.358463],[15.338785,46.349368],[15.349844,46.341358],[15.368757,46.333968],[15.38209,46.351667],[15.383947939262,46.353088265148],[15.383947939262,46.402877697842],[15.355529058367,46.402877697842],[15.35558,46.402853],[15.35837,46.397633],[15.356665,46.388332],[15.35403,46.383086],[15.331189,46.365206]]],"type":"Polygon"},"id":265,"properties":{"parentKey":"SVN:1159310819","sourceCountryId":"SVN","syntheticOperational":true,"territoryId":"territory:catalog:e2f8e1e90866f7c1957bb8609d2d8cdcccab7a0e4b3c87a5f73d167587b4beb3"},"type":"Feature"},{"geometry":{"coordinates":[[[13.615325,45.945912],[13.632998,45.941796],[13.639354,45.940814],[13.64664,45.938075],[13.655787,45.931822],[13.66049,45.929962],[13.66545,45.929497],[13.669481,45.929807],[13.672427,45.929393],[13.674442,45.928437],[13.676613,45.926809],[13.679248,45.925879],[13.682659,45.925569],[13.686224,45.92575],[13.68731,45.92221],[13.686379,45.915286],[13.685139,45.91296],[13.682504,45.91172],[13.677233,45.91265],[13.666536,45.910066],[13.64695,45.897199],[13.639509,45.892625],[13.633928,45.891695],[13.625556,45.891153],[13.620595,45.889215],[13.62044,45.886037],[13.629277,45.879009],[13.639199,45.874306],[13.665295,45.868027],[13.679248,45.868518],[13.709169,45.865004],[13.713565749056,45.863309352518],[13.715023676281,45.863309352518],[13.715023676281,45.971223021583],[13.618512855507,45.971223021583],[13.622817,45.966394],[13.615325,45.945912]]],"type":"Polygon"},"id":266,"properties":{"parentKey":"SVN:1159308681","sourceCountryId":"SVN","syntheticOperational":true,"territoryId":"territory:catalog:1494d73935d1af2d8e192f63494ff7ce3cbf5709271d66d20e0edb9e32a60b02"},"type":"Feature"},{"geometry":{"coordinates":[[[13.365261,46.290302],[13.373013,46.280277],[13.378594,46.268391],[13.384692,46.243328],[13.384795,46.243225],[13.384898,46.243122],[13.398127,46.230513],[13.401641,46.216663],[13.402597402597,46.215683350331],[13.402597402597,46.294964028777],[13.376038786215,46.294964028777],[13.365261,46.290302]]],"type":"Polygon"},"id":267,"properties":{"parentKey":"SVN:1159310867","sourceCountryId":"SVN","syntheticOperational":true,"territoryId":"territory:catalog:d4c5689bf6298b97a7600ca0f52d680c0eab4bfed13da92aab4bfe032d58407b"},"type":"Feature"},{"geometry":{"coordinates":[[[15.557476231634,46.122190350018],[15.558978,46.121965],[15.575618,46.112018],[15.58461,46.108581],[15.599338,46.086024],[15.596237,46.082407],[15.595408058136,46.079136690647],[15.601552393273,46.079136690647],[15.619911824002,46.079136690647],[15.603833,46.090986],[15.58988,46.113517],[15.589983,46.138684],[15.604349,46.167002],[15.61936457376,46.187050359712],[15.589526990279,46.187050359712],[15.578719,46.179223],[15.567505,46.164728],[15.557476231634,46.160372815773],[15.557476231634,46.122190350018]]],"type":"Polygon"},"id":268,"properties":{"parentKey":"SVN:1159308577","sourceCountryId":"SVN","syntheticOperational":true,"territoryId":"territory:catalog:c8f0572beb0d1e948b86cdf0c2fc5b11a89f33f2b049380b576d10917e710b1d"},"type":"Feature"},{"geometry":{"coordinates":[[[14.895470383275,46.602479664464],[14.900931,46.594521],[14.903256,46.593022],[14.906357,46.59297],[14.908837,46.593151],[14.910852,46.592221],[14.912868,46.590593],[14.915658,46.58925],[14.919224,46.586511],[14.92279,46.582428],[14.926821,46.575762],[14.931626,46.569302],[14.934572,46.567158],[14.942633,46.565918],[14.945269,46.56274],[14.946664,46.557159],[14.946199,46.544963],[14.946819,46.539537],[14.946974,46.53592],[14.947284,46.534214],[14.948525,46.532664],[14.950695,46.530597],[14.947904,46.521398],[14.93266247126,46.510791366906],[14.941329856584,46.510791366906],[15.000697165214,46.510791366906],[15.002216,46.514241],[15.003767,46.531889],[15.010485,46.550441],[15.014205,46.559071],[15.012345,46.562533],[15.007487,46.568941],[14.997876,46.573101],[14.981908,46.582015],[14.970901,46.591601],[14.96625,46.596898],[14.960203,46.599688],[14.943409,46.600748],[14.920154,46.613641],[14.919507,46.615017],[14.897726,46.605554],[14.895470383275,46.60534524923],[14.895470383275,46.602479664464]]],"type":"Polygon"},"id":269,"properties":{"parentKey":"SVN:1159308587","sourceCountryId":"SVN","syntheticOperational":true,"territoryId":"territory:catalog:4eb543264bfc820085088a3522fb3d9da71f2f5fc630136eb3deea881a9770c3"},"type":"Feature"},{"geometry":{"coordinates":[[[15.373730132758,46.079136690647],[15.401901469317,46.079136690647],[15.401901469317,46.112298097357],[15.398368,46.109511],[15.394182,46.108142],[15.389996,46.10747],[15.38271,46.108194],[15.378989,46.097807],[15.380074,46.089151],[15.377284,46.083854],[15.373730132758,46.079136690647]]],"type":"Polygon"},"id":270,"properties":{"parentKey":"SVN:1159308593","sourceCountryId":"SVN","syntheticOperational":true,"territoryId":"territory:catalog:7eec37f7c7e476313ee7922f1833ed29237adca1c4c07d97f8bac0fc08470efc"},"type":"Feature"},{"geometry":{"coordinates":[[[15.536034,46.130363],[15.546576,46.123826],[15.557476231634,46.122190350018],[15.557476231634,46.160372815773],[15.545491,46.155168],[15.536034,46.130363]]],"type":"Polygon"},"id":271,"properties":{"parentKey":"SVN:1159308577","sourceCountryId":"SVN","syntheticOperational":true,"territoryId":"territory:catalog:a7920eb14093ca24b89e6befd54b27b65424efd410fd317ce83059c1ff4e80f1"},"type":"Feature"},{"geometry":{"coordinates":[[[13.87012987013,46.231235992251],[13.880631,46.230124],[13.894946,46.229995],[13.997006,46.2394],[13.997006,46.239297],[14.009616,46.246454],[14.025974025974,46.249504851821],[14.025974025974,46.294964028777],[13.97830802603,46.294964028777],[13.87012987013,46.294964028777],[13.87012987013,46.231235992251]]],"type":"Polygon"},"id":272,"properties":{"parentKey":"SVN:1159310823","sourceCountryId":"SVN","syntheticOperational":true,"territoryId":"territory:catalog:eb355ac569b5afb8d883827327832605138ffbd539d9417ed96e64731ec67527"},"type":"Feature"},{"geometry":{"coordinates":[[[13.822125813449,46.294964028777],[13.87012987013,46.294964028777],[13.97830802603,46.294964028777],[13.97830802603,46.348857365773],[13.96414,46.352313],[13.947087,46.359806],[13.899286,46.366602],[13.878926,46.366472],[13.84792,46.381226],[13.841719,46.382182],[13.828025,46.369082],[13.822125813449,46.366866805801],[13.822125813449,46.294964028777]]],"type":"Polygon"},"id":273,"properties":{"parentKey":"SVN:1159310823","sourceCountryId":"SVN","syntheticOperational":true,"territoryId":"territory:catalog:2dcc8a9e9e126fe1a0a91c3eaab96c7a2299e9534637582fd4cb02145263e8e4"},"type":"Feature"},{"geometry":{"coordinates":[[[14.982063,45.766302],[14.983049852927,45.755395683453],[15,45.755395683453],[15,45.781038998317],[14.99648,45.779738],[14.982063,45.766302]]],"type":"Polygon"},"id":274,"properties":{"parentKey":"SVN:1159308655","sourceCountryId":"SVN","syntheticOperational":true,"territoryId":"territory:catalog:16e1792045c501518d2c5d60fdea127a200df6c5277de39e8f8380734630fef2"},"type":"Feature"},{"geometry":{"coordinates":[[[15.409117,46.38089],[15.42524,46.371253],[15.453765,46.359961],[15.461568,46.358153],[15.502961,46.359548],[15.496915,46.371692],[15.494124,46.380839],[15.495675,46.389882],[15.494745,46.392517],[15.490094,46.39492],[15.475986,46.397737],[15.468855,46.397556],[15.463584,46.396936],[15.460328,46.397788],[15.457486,46.399881],[15.455911491021,46.402877697842],[15.410691003911,46.402877697842],[15.409892,46.402877697842],[15.409892,46.402491],[15.415163,46.397788],[15.419039,46.393293],[15.417488,46.390347],[15.414853,46.38766],[15.409892,46.383707],[15.409117,46.38089]]],"type":"Polygon"},"id":275,"properties":{"parentKey":"SVN:1159308607","sourceCountryId":"SVN","syntheticOperational":true,"territoryId":"territory:catalog:b37ffc92c988a9f26022ac92ae9286007d55b58cba9ff500c7bf96804da8e82d"},"type":"Feature"},{"geometry":{"coordinates":[[[16.227206557388,46.834532374101],[16.22762,46.834325],[16.244518,46.827788],[16.258832,46.817918],[16.265343,46.809598],[16.266429,46.80195],[16.263173,46.791408],[16.260383,46.787687],[16.257747,46.780039],[16.290458,46.777093],[16.292085701793,46.777393065209],[16.292085701793,46.834532374101],[16.227206557388,46.834532374101]]],"type":"Polygon"},"id":276,"properties":{"parentKey":"SVN:1159308539","sourceCountryId":"SVN","syntheticOperational":true,"territoryId":"territory:catalog:3b34ad631a0ee1157f98616432d4854cd986f166e8b85d59112f6c4daa66d309"},"type":"Feature"},{"geometry":{"coordinates":[[[15.401901469317,46.079136690647],[15.446313065977,46.079136690647],[15.489123624065,46.079136690647],[15.486528,46.087756],[15.476451,46.102225],[15.478466,46.108116],[15.481567,46.11269],[15.487923,46.111966],[15.491799,46.110416],[15.49924,46.109331],[15.507457,46.112483],[15.517896,46.121681],[15.536034,46.130363],[15.545491,46.155168],[15.532003,46.16142],[15.526422,46.160128],[15.5165,46.159405],[15.505131,46.156976],[15.491179,46.1608],[15.483582,46.165916],[15.478466,46.173332],[15.476141,46.179068],[15.468777751232,46.187050359712],[15.428571428571,46.187050359712],[15.401901469317,46.187050359712],[15.401901469317,46.15144599112],[15.403329,46.15217],[15.407101,46.152687],[15.411752,46.152067],[15.413302,46.149121],[15.421984,46.141292],[15.425705,46.138889],[15.435007,46.135014],[15.438572,46.131784],[15.440278,46.128554],[15.439037,46.125764],[15.438417,46.122611],[15.437332,46.119614],[15.435627,46.118116],[15.431596,46.118322],[15.4271,46.120338],[15.423069,46.124007],[15.420124,46.12566],[15.416868,46.124833],[15.415783,46.122353],[15.413923,46.120079],[15.405706,46.115299],[15.401901469317,46.112298097357],[15.401901469317,46.079136690647]]],"type":"Polygon"},"id":277,"properties":{"parentKey":"SVN:1159308593","sourceCountryId":"SVN","syntheticOperational":true,"territoryId":"territory:catalog:dd8e5d60e7fe851143e3266d83d564965c3a813ca6c392fb6af867c2e78847cd"},"type":"Feature"},{"geometry":{"coordinates":[[[13.727359,46.30167],[13.731369476039,46.294964028777],[13.822125813449,46.294964028777],[13.822125813449,46.366866805801],[13.764101,46.345078],[13.749528,46.33526],[13.742242,46.32601],[13.727359,46.30167]]],"type":"Polygon"},"id":278,"properties":{"parentKey":"SVN:1159310823","sourceCountryId":"SVN","syntheticOperational":true,"territoryId":"territory:catalog:6206d457680b268f8f0f25169079ebc4ec4cee62f0013aa6ee2adda893c10527"},"type":"Feature"},{"geometry":{"coordinates":[[[15.612838371126,46.618705035971],[15.613755,46.618292],[15.627295,46.609662],[15.63086,46.60253],[15.647138,46.594081],[15.664347,46.603564],[15.657160637952,46.618705035971],[15.612838371126,46.618705035971]]],"type":"Polygon"},"id":279,"properties":{"parentKey":"SVN:1159310713","sourceCountryId":"SVN","syntheticOperational":true,"territoryId":"territory:catalog:b074629357a5b88d32434238b0c70392a82e00dddb71f9208966fb3a13c988bb"},"type":"Feature"},{"geometry":{"coordinates":[[[14.644855789927,45.876793309804],[14.659757,45.883298],[14.664563,45.888672],[14.671694,45.890119],[14.678102,45.888724],[14.684768,45.885778],[14.72306,45.876425],[14.731329,45.876425],[14.751792,45.883298],[14.747297,45.892445],[14.747452,45.896992],[14.749932,45.903219],[14.750242,45.907896],[14.7366,45.927068],[14.734429,45.935284],[14.732259,45.941175],[14.733809,45.944612],[14.733189,45.947015],[14.728951,45.949289],[14.718409,45.952131],[14.714844,45.952596],[14.717479,45.965748],[14.722746474375,45.971223021583],[14.670116429495,45.971223021583],[14.644855789927,45.971223021583],[14.644855789927,45.876793309804]]],"type":"Polygon"},"id":280,"properties":{"parentKey":"SVN:1159310693","sourceCountryId":"SVN","syntheticOperational":true,"territoryId":"territory:catalog:8bd559aef708158b9ef901daae76f25637a09e420549560911be22c0d82055dc"},"type":"Feature"},{"geometry":{"coordinates":[[[14.53749,45.734418],[14.556714,45.692198],[14.558626,45.681295],[14.568238,45.66667],[14.568961,45.664629],[14.569095,45.664252],[14.580949,45.667808],[14.591905,45.663364],[14.594075,45.648016],[14.594041904244,45.647482014388],[14.665523156089,45.647482014388],[14.665523156089,45.690855412768],[14.646269,45.707495],[14.634642,45.720388],[14.629681,45.724574],[14.619604,45.728889],[14.598934,45.729535],[14.576144,45.735322],[14.555629,45.734676],[14.550048,45.738268],[14.53749,45.734418]]],"type":"Polygon"},"id":281,"properties":{"parentKey":"SVN:1159310725","sourceCountryId":"SVN","syntheticOperational":true,"territoryId":"territory:catalog:e6a7a046dac50d7b50e8d606f597dcb88673172950334fcd49c01dc76d935304"},"type":"Feature"},{"geometry":{"coordinates":[[[15.522648083624,46.547843394656],[15.560374,46.562119],[15.548591,46.572248],[15.548591,46.578708],[15.547041,46.588113],[15.541925,46.592815],[15.537429,46.595012],[15.532003,46.596743],[15.527972,46.600748],[15.524407,46.60638],[15.524717,46.613848],[15.523082231792,46.618705035971],[15.522648083624,46.618705035971],[15.522648083624,46.547843394656]]],"type":"Polygon"},"id":282,"properties":{"parentKey":"SVN:1159308625","sourceCountryId":"SVN","syntheticOperational":true,"territoryId":"territory:catalog:fce36b4ef193452f8083b01a4c112bf41269dc20a5ff4f27a2e0d74d1ee0c7a6"},"type":"Feature"},{"geometry":{"coordinates":[[[13.690579083838,46.079136690647],[13.738680465718,46.079136690647],[13.764160150464,46.079136690647],[13.766891,46.08189],[13.768907,46.101605],[13.708549,46.128037],[13.704208,46.133334],[13.696921,46.136254],[13.690579083838,46.142401429055],[13.690579083838,46.079136690647]]],"type":"Polygon"},"id":283,"properties":{"parentKey":"SVN:1159310865","sourceCountryId":"SVN","syntheticOperational":true,"territoryId":"territory:catalog:536986bb322db10b533b42044f0e4c83d0990063065c104b37a2739bb9e17248"},"type":"Feature"},{"geometry":{"coordinates":[[[14.935177182368,46.094624498598],[14.946974,46.096179],[14.95147,46.097393],[14.955553,46.099099],[14.959118,46.101114],[14.96842,46.108659],[14.976172,46.112199],[14.999891,46.119097],[15.011725,46.116694],[15.01312,46.116565],[15.01467,46.116669],[15.021957,46.119304],[15.024437,46.12057],[15.028623,46.123542],[15.031259,46.125919],[15.031104,46.131345],[15.027073,46.140181],[15.01343,46.155917],[14.999116,46.168061],[14.99524,46.168681],[14.991209,46.167906],[14.987799,46.166485],[14.985938,46.166795],[14.986403,46.168758],[14.99276,46.173254],[15.004387,46.177208],[15.008314,46.179249],[15.01281,46.182194],[15.009074405411,46.187050359712],[14.961038961039,46.187050359712],[14.935177182368,46.187050359712],[14.935177182368,46.094624498598]]],"type":"Polygon"},"id":284,"properties":{"parentKey":"SVN:1159310815","sourceCountryId":"SVN","syntheticOperational":true,"territoryId":"territory:catalog:4605790f3b7a789832035c47ae2f8fdd6f83f4716dba03e544a98a712a692bc9"},"type":"Feature"},{"geometry":{"coordinates":[[[13.65997,45.459978],[13.759294,45.463169],[13.763348996155,45.461363345377],[13.763348996155,45.539568345324],[13.674957264366,45.539568345324],[13.674287,45.520684],[13.662763,45.50699],[13.68979,45.499445],[13.691495,45.497792],[13.693201,45.495389],[13.688705,45.490867],[13.677698,45.482909],[13.674752,45.477534],[13.672427,45.474201],[13.670876,45.47123],[13.667001,45.46906],[13.666071,45.468801],[13.66142,45.466476],[13.660024,45.460223],[13.65997,45.459978]]],"type":"Polygon"},"id":285,"properties":{"parentKey":"SVN:1159310873","sourceCountryId":"SVN","syntheticOperational":true,"territoryId":"territory:catalog:78cdd4d8dcf1ee7ea0edec9366c85140d709d375fa229fc7db8ab21658389178"},"type":"Feature"},{"geometry":{"coordinates":[[[13.610929077219,45.538024335764],[13.611449,45.533552],[13.616565,45.525542],[13.61858,45.521614],[13.61889,45.51562],[13.622146,45.506758],[13.628657,45.502184],[13.633463,45.499652],[13.639664,45.493218],[13.639974,45.49097],[13.641679,45.489575],[13.64664,45.48818],[13.654237,45.49066],[13.657492,45.492159],[13.662763,45.50699],[13.674287,45.520684],[13.674957264366,45.539568345324],[13.632862644416,45.539568345324],[13.62568116409,45.539568345324],[13.610929077219,45.538024335764]]],"type":"Polygon"},"id":286,"properties":{"parentKey":"SVN:1159310863","sourceCountryId":"SVN","syntheticOperational":true,"territoryId":"territory:catalog:afef83f3ad89a6dffd2c43c7d24ecf415ddfb143548d47e769963491519424b8"},"type":"Feature"},{"geometry":{"coordinates":[[[14.703992,46.269786],[14.714069,46.263068],[14.753033,46.254335],[14.788741,46.253017],[14.805194805195,46.25401905789],[14.805194805195,46.294964028777],[14.759219088937,46.294964028777],[14.714346003758,46.294964028777],[14.705697,46.286917],[14.703992,46.269786]]],"type":"Polygon"},"id":287,"properties":{"parentKey":"SVN:1159310689","sourceCountryId":"SVN","syntheticOperational":true,"territoryId":"territory:catalog:50e4caa8f21d37f005dfdcf7bab66b0ee29b82f6ee2d055934edfdf6e84696a0"},"type":"Feature"},{"geometry":{"coordinates":[[[15.227765726681,46.3177481407],[15.240135,46.320532],[15.259203,46.33557],[15.260599,46.338361],[15.261529,46.342624],[15.260909,46.346164],[15.261219,46.352468],[15.263234,46.355698],[15.26773,46.358669],[15.269435,46.360271],[15.26773,46.365026],[15.232487,46.392517],[15.227765726681,46.392059965337],[15.227765726681,46.3177481407]]],"type":"Polygon"},"id":288,"properties":{"parentKey":"SVN:1159308635","sourceCountryId":"SVN","syntheticOperational":true,"territoryId":"territory:catalog:5065f0bb1294d563c0bd7166fdcb4bac013f25c318c023989d3de62487e61e46"},"type":"Feature"},{"geometry":{"coordinates":[[[14.490155,45.880869],[14.498216,45.870353],[14.49648325068,45.863309352518],[14.536082474227,45.863309352518],[14.640223,45.863309352518],[14.640223,45.874771],[14.62596,45.886243],[14.62162,45.894563],[14.600949,45.908878],[14.594593,45.901643],[14.593818,45.897044],[14.591647,45.894951],[14.585291,45.896269],[14.586531,45.882316],[14.58126,45.874513],[14.570098,45.867562],[14.561727,45.867278],[14.554854,45.867847],[14.549738,45.87043],[14.542606,45.872575],[14.530669,45.87875],[14.50788,45.884538],[14.490155,45.880869]]],"type":"Polygon"},"id":289,"properties":{"parentKey":"SVN:1159310803","sourceCountryId":"SVN","syntheticOperational":true,"territoryId":"territory:catalog:c50bf59b744f41d9ede60ef492caf20e7dbeeeb97c3d80a40f0615f8e4283bde"},"type":"Feature"},{"geometry":{"coordinates":[[[14.442199,46.255187],[14.443129,46.232786],[14.444524,46.223174],[14.462869,46.206146],[14.493506493506,46.20348866638],[14.493506493506,46.294964028777],[14.47918130884,46.294964028777],[14.46721,46.291645],[14.459924,46.284436],[14.455738,46.281775],[14.452638,46.278157],[14.449072,46.276297],[14.446591,46.272473],[14.443904,46.266995],[14.442199,46.255187]]],"type":"Polygon"},"id":290,"properties":{"parentKey":"SVN:1159310675","sourceCountryId":"SVN","syntheticOperational":true,"territoryId":"territory:catalog:e065a7bf2290e117900bf04ba286017db8c66141a92b830eb5a31db99bef4d47"},"type":"Feature"},{"geometry":{"coordinates":[[[14.202401372213,45.716336374195],[14.21968,45.717106],[14.256474,45.726744],[14.271512,45.734857],[14.323188,45.754107],[14.313427204075,45.755395683453],[14.226804123711,45.755395683453],[14.202401372213,45.755395683453],[14.202401372213,45.716336374195]]],"type":"Polygon"},"id":291,"properties":{"parentKey":"SVN:1159310755","sourceCountryId":"SVN","syntheticOperational":true,"territoryId":"territory:catalog:30f0c8c089db8c29025f0d4b7b0b125dbb896b485e507971f15fb509c78e8e02"},"type":"Feature"},{"geometry":{"coordinates":[[[15.993031358885,46.510791366906],[16.019503002107,46.510791366906],[16.020345,46.511296],[16.007426,46.524396],[15.993031358885,46.521335412644],[15.993031358885,46.510791366906]]],"type":"Polygon"},"id":292,"properties":{"parentKey":"SVN:1159310891","sourceCountryId":"SVN","syntheticOperational":true,"territoryId":"territory:catalog:d4eec5ab821dcc139e8968b21799eb7886566d3f993eba47da95c4ae0dffded4"},"type":"Feature"},{"geometry":{"coordinates":[[[15.702950311658,46.510791366906],[15.723598435463,46.506456035388],[15.723598435463,46.510791366906],[15.702950311658,46.510791366906]]],"type":"Polygon"},"id":293,"properties":{"parentKey":"SVN:1159308671","sourceCountryId":"SVN","syntheticOperational":true,"territoryId":"territory:catalog:bc6759e9399f9d5b002f42f86a1e3cdba2a1c79bd48bdc9f1dafc6d28cd6d3ee"},"type":"Feature"},{"geometry":{"coordinates":[[[14.764377800659,45.539568345324],[14.795872,45.518927],[14.817111,45.501254],[14.831219,45.499704],[14.83556,45.501719],[14.838505,45.504458],[14.839812046134,45.506883322788],[14.839812046134,45.539568345324],[14.764377800659,45.539568345324]]],"type":"Polygon"},"id":294,"properties":{"parentKey":"SVN:1159308563","sourceCountryId":"SVN","syntheticOperational":true,"territoryId":"territory:catalog:612c8ef471bdc3c9e44dfb4f50291d2f3af447cde1627060264439571a6c30f8"},"type":"Feature"},{"geometry":{"coordinates":[[[14.015370224677,45.863309352518],[14.018142,45.855289],[14.021708,45.848055],[14.046047,45.836944],[14.072164948454,45.84354541061],[14.072164948454,45.863309352518],[14.024967714163,45.863309352518],[14.015370224677,45.863309352518]]],"type":"Polygon"},"id":295,"properties":{"parentKey":"SVN:1159310851","sourceCountryId":"SVN","syntheticOperational":true,"territoryId":"territory:catalog:f6c494611982687caf526de50c139cd3d461e1e3cd8159b218ce2b6f1f0bd4cd"},"type":"Feature"},{"geometry":{"coordinates":[[[15.983087,46.41665],[15.987795998589,46.402877697842],[16.008676789588,46.402877697842],[16.036505867014,46.402877697842],[16.036505867014,46.429141347169],[16.026082,46.432308],[16.011922,46.434944],[15.995489,46.42882],[15.991303,46.425539],[15.983087,46.41665]]],"type":"Polygon"},"id":296,"properties":{"parentKey":"SVN:1159310887","sourceCountryId":"SVN","syntheticOperational":true,"territoryId":"territory:catalog:2adf7bef628e7d74623a5371fb8cdc097f1d05f5dfe8286ff8f7e27579a33e86"},"type":"Feature"},{"geometry":{"coordinates":[[[16.164859002169,46.383973600477],[16.177544,46.375594],[16.191807,46.369781],[16.208654,46.367093],[16.217129,46.367352],[16.252785,46.373424],[16.275626,46.373165],[16.280277,46.376214],[16.279936,46.378661],[16.278727,46.387351],[16.274076,46.392105],[16.257023,46.399908],[16.253465196966,46.402877697842],[16.19295958279,46.402877697842],[16.164859002169,46.402877697842],[16.164859002169,46.383973600477]]],"type":"Polygon"},"id":297,"properties":{"parentKey":"SVN:1159310901","sourceCountryId":"SVN","syntheticOperational":true,"territoryId":"territory:catalog:c82727e3f7566d50c353a6730a56ba2638b8f758c501e583f7f6e30227d2cbf5"},"type":"Feature"},{"geometry":{"coordinates":[[[15.071463,46.064708],[15.075029,46.053468],[15.078284,46.048507],[15.094097,46.040291],[15.135834411384,46.042108260596],[15.135834411384,46.079136690647],[15.095800694008,46.079136690647],[15.087741,46.077601],[15.088981,46.067886],[15.071463,46.064708]]],"type":"Polygon"},"id":298,"properties":{"parentKey":"SVN:1159310759","sourceCountryId":"SVN","syntheticOperational":true,"territoryId":"territory:catalog:024769f5c7fe1e547c3d6047888054714f162d771dbb862000fa08fc4009ddaf"},"type":"Feature"},{"geometry":{"coordinates":[[[14.048316235037,45.755395683453],[14.072144,45.743358],[14.081911,45.734237],[14.093383,45.71429],[14.117154,45.706771],[14.133897,45.703619],[14.149865,45.703671],[14.172241,45.706823],[14.201697,45.716305],[14.202401372213,45.716336374195],[14.202401372213,45.755395683453],[14.072164948454,45.755395683453],[14.048316235037,45.755395683453]]],"type":"Polygon"},"id":299,"properties":{"parentKey":"SVN:1159310755","sourceCountryId":"SVN","syntheticOperational":true,"territoryId":"territory:catalog:4ae600fc8bce40c7495456d8f6d64eceac264fb347fdd872d1e2d6aec226ac69"},"type":"Feature"},{"geometry":{"coordinates":[[[13.700764892658,46.510791366906],[13.764205851673,46.510791366906],[13.716093,46.518867],[13.700951,46.519746],[13.701055,46.511891],[13.700764892658,46.510791366906]]],"type":"Polygon"},"id":300,"properties":{"parentKey":"SVN:1159310833","sourceCountryId":"SVN","syntheticOperational":true,"territoryId":"territory:catalog:98e822bc5606fb1a82d238b8a342eb1cfb4150cf5aa6eed1941d71afe5e80412"},"type":"Feature"},{"geometry":{"coordinates":[[[15.489123624065,46.079136690647],[15.492574,46.067679],[15.51743,46.059876],[15.524872,46.059256],[15.537739,46.052642],[15.548436,46.044115],[15.559443,46.017114],[15.56735,46.017734],[15.571897,46.019],[15.577944,46.01931],[15.585075,46.021016],[15.599338,46.022307],[15.601552393273,46.020692635872],[15.601552393273,46.0681622538],[15.599028,46.069126],[15.595307,46.078738],[15.595408058136,46.079136690647],[15.557476231634,46.079136690647],[15.489123624065,46.079136690647]]],"type":"Polygon"},"id":301,"properties":{"parentKey":"SVN:1159310707","sourceCountryId":"SVN","syntheticOperational":true,"territoryId":"territory:catalog:fbbb66687c5fde88f7c9cde08503009e1d589d5439576285da1c6d40e34eb101"},"type":"Feature"},{"geometry":{"coordinates":[[[15.161086300568,45.971223021583],[15.166082,45.964326],[15.180707,45.951356],[15.203651,45.937351],[15.238584,45.924355],[15.238119,45.932132],[15.255173,45.93854],[15.257033,45.941589],[15.257343,45.943914],[15.259668,45.944999],[15.264743865691,45.944813755256],[15.264743865691,45.971223021583],[15.161086300568,45.971223021583]]],"type":"Polygon"},"id":302,"properties":{"parentKey":"SVN:1159310777","sourceCountryId":"SVN","syntheticOperational":true,"territoryId":"territory:catalog:432a2aa56ae9bff0e3ad2e21c8aa0cbe1e5ef96c48d87fc221e2266ceef8922e"},"type":"Feature"},{"geometry":{"coordinates":[[[13.504708579646,45.971223021583],[13.509439,45.967428],[13.539411,45.96903],[13.545958793886,45.971223021583],[13.504708579646,45.971223021583]]],"type":"Polygon"},"id":303,"properties":{"parentKey":"SVN:1159310857","sourceCountryId":"SVN","syntheticOperational":true,"territoryId":"territory:catalog:1e3117bb3470fdd5d9b5ec5f3373cfa5098e9d4940858494e5fe7ca55a13da4a"},"type":"Feature"},{"geometry":{"coordinates":[[[15.823407,46.49494],[15.845421,46.482848],[15.869967,46.460007],[15.880052151239,46.455647135519],[15.880052151239,46.499928292594],[15.867332,46.500056],[15.854464,46.506309],[15.823407,46.49494]]],"type":"Polygon"},"id":304,"properties":{"parentKey":"SVN:1159308555","sourceCountryId":"SVN","syntheticOperational":true,"territoryId":"territory:catalog:a7844d79c6f94ceb8aaceba966fdaf7b0e71911239cda7919a81c898db0af969"},"type":"Feature"},{"geometry":{"coordinates":[[[14.369316795343,45.971223021583],[14.446693440952,45.971223021583],[14.445144,45.974093],[14.435533,45.979933],[14.435998,45.986754],[14.443284,45.993937],[14.451862,45.999699],[14.457754,46.005358],[14.455428,46.009543],[14.443129,46.016003],[14.428866,46.029025],[14.412433,46.034865],[14.407317,46.035769],[14.385251,46.032229],[14.396775,46.024116],[14.399101,46.019362],[14.398636,46.015848],[14.397395,46.010887],[14.385872,46.007941],[14.37874,46.002515],[14.372229,45.993937],[14.37533,45.98045],[14.369316795343,45.971223021583]]],"type":"Polygon"},"id":305,"properties":{"parentKey":"SVN:1159310669","sourceCountryId":"SVN","syntheticOperational":true,"territoryId":"territory:catalog:8991f0aaf4b7aa88ead355e34991d194d892dc1a03feb7851aed33870df9ada3"},"type":"Feature"},{"geometry":{"coordinates":[[[15.383947939262,46.294964028777],[15.428571428571,46.294964028777],[15.429107204579,46.294964028777],[15.396198,46.301877],[15.383947939262,46.307760936431],[15.383947939262,46.294964028777]]],"type":"Polygon"},"id":306,"properties":{"parentKey":"SVN:1159308593","sourceCountryId":"SVN","syntheticOperational":true,"territoryId":"territory:catalog:e11b6154e7121a4cc79149412e67c1cec9c765c0dbdea25c689aacdfb9ef8f8a"},"type":"Feature"},{"geometry":{"coordinates":[[[13.764160150464,46.079136690647],[13.807729941705,46.079136690647],[13.808026,46.081374],[13.799964,46.103646],[13.792833,46.108607],[13.780741,46.108969],[13.768907,46.101605],[13.766891,46.08189],[13.764160150464,46.079136690647]]],"type":"Polygon"},"id":307,"properties":{"parentKey":"SVN:1159308681","sourceCountryId":"SVN","syntheticOperational":true,"territoryId":"territory:catalog:d26c0855979ae2e83b701de08680d6b58f91b46fdc105e599abd1a0f0c9cf42b"},"type":"Feature"},{"geometry":{"coordinates":[[[13.522585,46.075298],[13.531815,46.070315],[13.546078,46.066181],[13.556517,46.058688],[13.562098,46.049283],[13.571089,46.03856],[13.583441138422,46.030503491432],[13.583441138422,46.079136690647],[13.535004321521,46.079136690647],[13.529825442098,46.079136690647],[13.522585,46.075298]]],"type":"Polygon"},"id":308,"properties":{"parentKey":"SVN:1159310865","sourceCountryId":"SVN","syntheticOperational":true,"territoryId":"territory:catalog:c73616fd2ed9afa8a2856a56a8a8f4b7eb74ba9e1c99104d522439eb24fe8043"},"type":"Feature"},{"geometry":{"coordinates":[[[14.062532,45.686462],[14.064548,45.679693],[14.068578,45.673595],[14.069198,45.659694],[14.072764,45.653028],[14.076498798261,45.647482014388],[14.094993581515,45.647482014388],[14.202401372213,45.647482014388],[14.202401372213,45.716336374195],[14.201697,45.716305],[14.172241,45.706823],[14.149865,45.703671],[14.133897,45.703619],[14.117154,45.706771],[14.093383,45.71429],[14.083151,45.706513],[14.071679,45.702689],[14.064703,45.693542],[14.062532,45.686462]]],"type":"Polygon"},"id":309,"properties":{"parentKey":"SVN:1159310753","sourceCountryId":"SVN","syntheticOperational":true,"territoryId":"territory:catalog:4021c76a027b0c82f26534d3c51601f243d4aaee7ea6d0fc0e811984455fbff9"},"type":"Feature"},{"geometry":{"coordinates":[[[14.624027657736,46.079136690647],[14.662777857179,46.079136690647],[14.677947,46.082614],[14.683838,46.081813],[14.689506115837,46.079136690647],[14.709991027373,46.079136690647],[14.712363,46.079307],[14.744661,46.09052],[14.749932,46.093156],[14.753963,46.100184],[14.734739,46.099047],[14.726316,46.100339],[14.721665,46.10623],[14.715929,46.109951],[14.703527,46.111553],[14.687249,46.117289],[14.666423,46.117625],[14.65309,46.113051],[14.629216,46.102225],[14.624027657736,46.100529607221],[14.624027657736,46.079136690647]]],"type":"Polygon"},"id":310,"properties":{"parentKey":"SVN:1159310683","sourceCountryId":"SVN","syntheticOperational":true,"territoryId":"territory:catalog:1533234c24873d513b442a7d5431c710f8f8c1a9e4b1d17fa2b99a31d8ccdddf"},"type":"Feature"},{"geometry":{"coordinates":[[[16.020345,46.511296],[16.023498172617,46.510791366906],[16.036505867014,46.510791366906],[16.149825783972,46.510791366906],[16.149825783972,46.525584774625],[16.142767,46.525843],[16.122251,46.529021],[16.097757,46.53902],[16.077758,46.541862],[16.045615,46.545273],[16.040964,46.542379],[16.034298,46.539149],[16.028252,46.533284],[16.026857,46.530907],[16.028252,46.528375],[16.026702,46.524757],[16.026547,46.521553],[16.020345,46.511296]]],"type":"Polygon"},"id":311,"properties":{"parentKey":"SVN:1159308689","sourceCountryId":"SVN","syntheticOperational":true,"territoryId":"territory:catalog:570212ad6ec63e4d4d34f4a7f1ce5724108c8f7a3fc7a600e1fb3a57b8525a03"},"type":"Feature"},{"geometry":{"coordinates":[[[15.836236933798,46.510791366906],[15.855636704028,46.510791366906],[15.856945,46.515792],[15.860045,46.5199],[15.861906,46.525636],[15.865006,46.529486],[15.867642,46.533723],[15.872913,46.537935],[15.88423,46.542224],[15.892136,46.54641],[15.924124,46.534369],[15.928465,46.541914],[15.919628,46.565323],[15.922264,46.568837],[15.926449,46.573592],[15.938077,46.579586],[15.943503,46.581188],[15.955905,46.588216],[15.933271,46.596407],[15.926139,46.591007],[15.915132,46.585839],[15.911412,46.585167],[15.905314,46.585038],[15.902368,46.583462],[15.898182,46.584289],[15.893066,46.58819],[15.875393,46.605941],[15.862836,46.610954],[15.85679,46.607336],[15.851777,46.607491],[15.844801,46.609171],[15.836236933798,46.613993727664],[15.836236933798,46.510791366906]]],"type":"Polygon"},"id":312,"properties":{"parentKey":"SVN:1159308565","sourceCountryId":"SVN","syntheticOperational":true,"territoryId":"territory:catalog:49da76646d1c099c998d672ad5f83e83da34695702e0187592f889491bc9969e"},"type":"Feature"},{"geometry":{"coordinates":[[[15.108056436184,46.187050359712],[15.111148787448,46.187050359712],[15.110995,46.18731],[15.108056436184,46.187050359712]]],"type":"Polygon"},"id":313,"properties":{"parentKey":"SVN:1159310697","sourceCountryId":"SVN","syntheticOperational":true,"territoryId":"territory:catalog:24190b68e78f3248682541728f0a6cb947eb43f0f369b12db39f25a8998ebaf8"},"type":"Feature"},{"geometry":{"coordinates":[[[14.862990180112,45.755395683453],[14.869718,45.752246],[14.877004,45.743927],[14.895763,45.745115],[14.908823365774,45.755395683453],[14.862990180112,45.755395683453]]],"type":"Polygon"},"id":314,"properties":{"parentKey":"SVN:1159308633","sourceCountryId":"SVN","syntheticOperational":true,"territoryId":"territory:catalog:b305c05f86e4de73f84703354116ff0f829a2eeb6b51ea1d86a66ecea45eea85"},"type":"Feature"},{"geometry":{"coordinates":[[[15.824653406499,46.402877697842],[15.831468,46.394791],[15.850227,46.381872],[15.852494577006,46.382124345145],[15.852494577006,46.402877697842],[15.824653406499,46.402877697842]]],"type":"Polygon"},"id":315,"properties":{"parentKey":"SVN:1159308609","sourceCountryId":"SVN","syntheticOperational":true,"territoryId":"territory:catalog:cc1ac5eef425adb66e3d883a1ef87a18e2e2bc3c94893e56a7b2c60f7f813bd1"},"type":"Feature"},{"geometry":{"coordinates":[[[15.679442508711,46.513018871255],[15.696489,46.512148],[15.702950311658,46.510791366906],[15.723598435463,46.510791366906],[15.726677946468,46.510791366906],[15.724395,46.513544],[15.721294,46.518453],[15.720054,46.521295],[15.720829,46.523621],[15.723154,46.527083],[15.738089,46.532664],[15.753747,46.546978],[15.76925,46.559406],[15.765684,46.561293],[15.763669,46.565013],[15.760413,46.567597],[15.754677,46.573282],[15.744755,46.568527],[15.720674,46.569302],[15.69897,46.579483],[15.679849,46.592815],[15.679442508711,46.59283073226],[15.679442508711,46.513018871255]]],"type":"Polygon"},"id":316,"properties":{"parentKey":"SVN:1159308671","sourceCountryId":"SVN","syntheticOperational":true,"territoryId":"territory:catalog:7d7ab8de5e190051ef2d745ec4f7970ed511d5aae56f3d4db5d94296c67d3480"},"type":"Feature"},{"geometry":{"coordinates":[[[15.10977184675,45.863309352518],[15.140863063805,45.863309352518],[15.144843,45.873324],[15.127945,45.878337],[15.123139,45.881567],[15.117041,45.884357],[15.111925,45.888362],[15.10977184675,45.889489999652],[15.10977184675,45.863309352518]]],"type":"Polygon"},"id":317,"properties":{"parentKey":"SVN:1159308643","sourceCountryId":"SVN","syntheticOperational":true,"territoryId":"territory:catalog:1f706e728bc0faaed409598d954d313952f12719cb37d9cc3fa6e7962a7a5bff"},"type":"Feature"},{"geometry":{"coordinates":[[[14.674536,46.138889],[14.675156,46.13274],[14.679342,46.130854],[14.683373,46.128218],[14.689419,46.12566],[14.687249,46.117289],[14.703527,46.111553],[14.715929,46.109951],[14.721665,46.10623],[14.726316,46.100339],[14.734739,46.099047],[14.753963,46.100184],[14.779602420052,46.107670498856],[14.779602420052,46.167636414201],[14.772101,46.168371],[14.729882,46.162247],[14.711123,46.15186],[14.683838,46.143954],[14.674536,46.138889]]],"type":"Polygon"},"id":318,"properties":{"parentKey":"SVN:1159310741","sourceCountryId":"SVN","syntheticOperational":true,"territoryId":"territory:catalog:2b2c66a6c6a2351c25c2fe41769a1bf811d3e915a13ef5e4cfba664e2cc2cb8f"},"type":"Feature"},{"geometry":{"coordinates":[[[14.023218747636,46.079136690647],[14.023258,46.079048],[14.030079,46.073157],[14.03215760397,46.079136690647],[14.023218747636,46.079136690647]]],"type":"Polygon"},"id":319,"properties":{"parentKey":"SVN:1159310827","sourceCountryId":"SVN","syntheticOperational":true,"territoryId":"territory:catalog:659127f719dbef52abe452d1b442e9c20e7d6fbd186b606b3ac3288c13601138"},"type":"Feature"},{"geometry":{"coordinates":[[[15.32824945652,46.618705035971],[15.365853658537,46.618705035971],[15.392670157068,46.618705035971],[15.392670157068,46.644404334114],[15.388135,46.645578],[15.332784,46.64358],[15.332584,46.635035],[15.329173,46.619222],[15.32824945652,46.618705035971]]],"type":"Polygon"},"id":320,"properties":{"parentKey":"SVN:1159308579","sourceCountryId":"SVN","syntheticOperational":true,"territoryId":"territory:catalog:b56e23eb3c1171ee9a033de35913f6e436c0efc625a86bf4e83580895fe73187"},"type":"Feature"},{"geometry":{"coordinates":[[[14.311251,46.297071],[14.311424160413,46.294964028777],[14.337662337662,46.294964028777],[14.370281089529,46.294964028777],[14.368198,46.298001],[14.366803,46.303737],[14.368973,46.306269],[14.37874,46.304047],[14.382771,46.303531],[14.386647,46.307045],[14.389282,46.312057],[14.393675,46.326217],[14.405457,46.351641],[14.359517,46.350815],[14.350525,46.348386],[14.338123,46.340169],[14.330319,46.33681],[14.326289,46.321359],[14.328614,46.314124],[14.322878,46.31167],[14.320863,46.306347],[14.312491,46.300637],[14.311251,46.297071]]],"type":"Polygon"},"id":321,"properties":{"parentKey":"SVN:1159310831","sourceCountryId":"SVN","syntheticOperational":true,"territoryId":"territory:catalog:168d233a9900220d9679be4f57698c7750724fc90e35eaf50dd9f8ae7f318fae"},"type":"Feature"},{"geometry":{"coordinates":[[[14.670116429495,45.971223021583],[14.722746474375,45.971223021583],[14.733189,45.982077],[14.740165,45.998149],[14.724611,46.003807],[14.715309,46.009233],[14.709728,46.011145],[14.701201,46.010939],[14.686473,46.005151],[14.682598,46.000448],[14.676862,45.996237],[14.670116429495,45.993553785123],[14.670116429495,45.971223021583]]],"type":"Polygon"},"id":322,"properties":{"parentKey":"SVN:1159310693","sourceCountryId":"SVN","syntheticOperational":true,"territoryId":"territory:catalog:409b2a8e3d1c5f9afc8225a8bd5f5710c218d6256cd9d95869528478e096a1ef"},"type":"Feature"},{"geometry":{"coordinates":[[[15.31212,46.49246],[15.315686,46.482176],[15.335064,46.477396],[15.359146,46.480186],[15.363951,46.478171],[15.376819,46.469412],[15.38116,46.468843],[15.387361,46.470368],[15.390772,46.472099],[15.408186,46.477706],[15.410691003911,46.485517217585],[15.410691003911,46.510791366906],[15.365853658537,46.510791366906],[15.322880693773,46.510791366906],[15.322817,46.51065],[15.31212,46.49246]]],"type":"Polygon"},"id":323,"properties":{"parentKey":"SVN:1159308627","sourceCountryId":"SVN","syntheticOperational":true,"territoryId":"territory:catalog:bde6831371f05b5119f67523a0f9d0c81ed21feaa6a8a013d5ab26b82c958227"},"type":"Feature"},{"geometry":{"coordinates":[[[13.665943600868,46.294964028777],[13.670591057342,46.294964028777],[13.665943600868,46.29528736436],[13.665943600868,46.294964028777]]],"type":"Polygon"},"id":324,"properties":{"parentKey":"SVN:1159310867","sourceCountryId":"SVN","syntheticOperational":true,"territoryId":"territory:catalog:d785bcda49af6908c3376c9f07f8895d07329837857883a46fe47414a6e84e44"},"type":"Feature"},{"geometry":{"coordinates":[[[15.301423,46.188912],[15.301852524032,46.187050359712],[15.363506151885,46.187050359712],[15.364106,46.206689],[15.366432,46.213045],[15.363796,46.21891],[15.361781,46.222373],[15.339405,46.229039],[15.332274,46.229659],[15.327778,46.228496],[15.321732,46.226378],[15.314135,46.222709],[15.308244,46.218264],[15.308244,46.199325],[15.30995,46.19377],[15.301423,46.188912]]],"type":"Polygon"},"id":325,"properties":{"parentKey":"SVN:1159310797","sourceCountryId":"SVN","syntheticOperational":true,"territoryId":"territory:catalog:4359ed33b4784c32bd644db7b1b548c493602587942fd41e86261b1525f0e1c6"},"type":"Feature"},{"geometry":{"coordinates":[[[15.0715835141,46.34991750962],[15.081385,46.346422],[15.087276,46.339859],[15.102469,46.332624],[15.110375,46.323013],[15.122829,46.316966],[15.131201,46.327663],[15.138022,46.332831],[15.146084,46.335803],[15.158486,46.336087],[15.181637,46.325235],[15.19652,46.327663],[15.206287,46.341978],[15.206287,46.345699],[15.204736,46.353915],[15.201171,46.36053],[15.190319,46.388435],[15.175849,46.394016],[15.175539,46.398098],[15.176159,46.402362],[15.176111590056,46.402877697842],[15.09778357236,46.402877697842],[15.087915698422,46.402877697842],[15.087741,46.399881],[15.082315,46.386187],[15.0715835141,46.373887283103],[15.0715835141,46.34991750962]]],"type":"Polygon"},"id":326,"properties":{"parentKey":"SVN:1159310805","sourceCountryId":"SVN","syntheticOperational":true,"territoryId":"territory:catalog:88f1b836829f9d214416f1c79bd25db7bbb4643d1200443cf206adcd17cdaf04"},"type":"Feature"},{"geometry":{"coordinates":[[[15.716953,46.460007],[15.723309,46.449723],[15.723309,46.446313],[15.721914,46.443419],[15.723598435463,46.441394779952],[15.723598435463,46.466066184753],[15.716953,46.460007]]],"type":"Polygon"},"id":327,"properties":{"parentKey":"SVN:1159310795","sourceCountryId":"SVN","syntheticOperational":true,"territoryId":"territory:catalog:04c5bcaf7e9b5e2476bd4901e3e22a92b5d80aa8d79a2ba35e47a78ab107c289"},"type":"Feature"},{"geometry":{"coordinates":[[[15.800462,46.431585],[15.824653406499,46.402877697842],[15.852494577006,46.402877697842],[15.858836856379,46.402877697842],[15.85865,46.406522],[15.859735,46.408434],[15.859735,46.41125],[15.85834,46.414997],[15.847436,46.43068],[15.818601,46.454788],[15.805578,46.449103],[15.803718,46.444917],[15.805888,46.437579],[15.800462,46.431585]]],"type":"Polygon"},"id":328,"properties":{"parentKey":"SVN:1159308609","sourceCountryId":"SVN","syntheticOperational":true,"territoryId":"territory:catalog:2f70fb2df0db259706a5d7cef08686a1e8fde9a023db77eed59e4d3a1657bee1"},"type":"Feature"},{"geometry":{"coordinates":[[[15.392670157068,46.618705035971],[15.441070600967,46.618705035971],[15.441208,46.619584],[15.435472,46.627077],[15.435381,46.627195],[15.417591,46.637955],[15.392670157068,46.644404334114],[15.392670157068,46.618705035971]]],"type":"Polygon"},"id":329,"properties":{"parentKey":"SVN:1159308579","sourceCountryId":"SVN","syntheticOperational":true,"territoryId":"territory:catalog:52dd4637dead1db8812c67902752b8b4bc0365add41705d1f1989b8b1ce36092"},"type":"Feature"},{"geometry":{"coordinates":[[[13.565973,45.83033],[13.574172,45.819028],[13.592018,45.821183],[13.60824742268,45.82085897012],[13.60824742268,45.863309352518],[13.569161036211,45.863309352518],[13.565973,45.83033]]],"type":"Polygon"},"id":330,"properties":{"parentKey":"SVN:1159310875","sourceCountryId":"SVN","syntheticOperational":true,"territoryId":"territory:catalog:05e8e3e283bb1addc8588381cb35c217eb9c13bdd547298dc0e848fee4e9cc55"},"type":"Feature"},{"geometry":{"coordinates":[[[14.985938,46.166795],[14.987799,46.166485],[14.991209,46.167906],[14.99524,46.168681],[14.999116,46.168061],[15.01343,46.155917],[15.027073,46.140181],[15.031104,46.131345],[15.031259,46.125919],[15.028623,46.123542],[15.024437,46.12057],[15.021957,46.119304],[15.01467,46.116669],[15.01312,46.116565],[15.011725,46.116694],[14.999891,46.119097],[15.004697,46.098944],[15.001906,46.093311],[14.997721,46.088298],[14.99307,46.085275],[14.99338,46.08127],[14.99405956078,46.079136690647],[15.090751944685,46.079136690647],[15.090751944685,46.11184055974],[15.088051,46.113671],[15.08092,46.115945],[15.077509,46.119201],[15.071308,46.126849],[15.068362,46.129226],[15.065055,46.136512],[15.065675,46.141577],[15.070533,46.149742],[15.08402,46.165606],[15.090751944685,46.168720422808],[15.090751944685,46.185521400861],[15.077664,46.184365],[15.067869345695,46.187050359712],[15.009074405411,46.187050359712],[15.01281,46.182194],[15.008314,46.179249],[15.004387,46.177208],[14.99276,46.173254],[14.986403,46.168758],[14.985938,46.166795]]],"type":"Polygon"},"id":331,"properties":{"parentKey":"SVN:1159310697","sourceCountryId":"SVN","syntheticOperational":true,"territoryId":"territory:catalog:67d46f41126f62166a6a1d7e2cc6b19f475924b39d8201e36245214884a16dbb"},"type":"Feature"},{"geometry":{"coordinates":[[[14.805194805195,46.25401905789],[14.81122,46.254386],[14.854835,46.252862],[14.857471,46.268752],[14.862122,46.27901],[14.871888,46.288234],[14.874585495082,46.294964028777],[14.805194805195,46.294964028777],[14.805194805195,46.25401905789]]],"type":"Polygon"},"id":332,"properties":{"parentKey":"SVN:1159310689","sourceCountryId":"SVN","syntheticOperational":true,"territoryId":"territory:catalog:8687bb92ba6bb092fa783a3ff59c101302d6622b7ea97a0732a9046085f6c758"},"type":"Feature"},{"geometry":{"coordinates":[[[15.227765726681,46.392059965337],[15.232487,46.392517],[15.242797694938,46.402877697842],[15.227765726681,46.402877697842],[15.227765726681,46.392059965337]]],"type":"Polygon"},"id":333,"properties":{"parentKey":"SVN:1159310739","sourceCountryId":"SVN","syntheticOperational":true,"territoryId":"territory:catalog:389c8619c384cf87e7a58be4c85283695d35a303d496b7848cc0a01e80d14807"},"type":"Feature"},{"geometry":{"coordinates":[[[15.283018867925,45.647482014388],[15.284012062392,45.647482014388],[15.284318,45.650134],[15.283018867925,45.65187300407],[15.283018867925,45.647482014388]]],"type":"Polygon"},"id":334,"properties":{"parentKey":"SVN:1159310769","sourceCountryId":"SVN","syntheticOperational":true,"territoryId":"territory:catalog:c031b90365d0b5a9d832a2ff4a5a6f83575d2cf2002d4b8a1fbb5b7519d6301a"},"type":"Feature"},{"geometry":{"coordinates":[[[16.036505867014,46.508709618183],[16.051506,46.506309],[16.067629,46.501606],[16.113725,46.495896],[16.136566,46.48923],[16.147728,46.488481],[16.152534,46.489617],[16.155634,46.493235],[16.170672,46.495741],[16.183385,46.489385],[16.191653,46.483985],[16.19295958279,46.48264215162],[16.19295958279,46.510791366906],[16.149825783972,46.510791366906],[16.036505867014,46.510791366906],[16.036505867014,46.508709618183]]],"type":"Polygon"},"id":335,"properties":{"parentKey":"SVN:1159308689","sourceCountryId":"SVN","syntheticOperational":true,"territoryId":"territory:catalog:22c8dd7808e8dcd7da760cda1f770cb2987c0fa8d295942efcca08bdcdb3b6f2"},"type":"Feature"},{"geometry":{"coordinates":[[[14.401988208739,45.863309352518],[14.434987029032,45.863309352518],[14.417549,45.870895],[14.406077,45.867381],[14.401988208739,45.863309352518]]],"type":"Polygon"},"id":336,"properties":{"parentKey":"SVN:1159310677","sourceCountryId":"SVN","syntheticOperational":true,"territoryId":"territory:catalog:e84261c867b30bca8153621e5aa14a186599ca7066a16c545b74c59e84b1adb3"},"type":"Feature"},{"geometry":{"coordinates":[[[15.618556701031,45.82001204315],[15.626054,45.820202],[15.645587,45.824129],[15.666051,45.831674],[15.676076,45.841699],[15.675456,45.855962],[15.671149637083,45.863309352518],[15.618556701031,45.863309352518],[15.618556701031,45.82001204315]]],"type":"Polygon"},"id":337,"properties":{"parentKey":"SVN:1159310665","sourceCountryId":"SVN","syntheticOperational":true,"territoryId":"territory:catalog:8dc409c4f6262d6470594a8425c47fe1f669ba594e2f8eba74be08df3eaf9611"},"type":"Feature"},{"geometry":{"coordinates":[[[14.663675,45.570187],[14.664045,45.570036],[14.669833,45.564558],[14.671693,45.556807],[14.668265362783,45.539568345324],[14.686031610423,45.539568345324],[14.711168164313,45.539568345324],[14.711168164313,45.590961331183],[14.680582,45.576236],[14.663675,45.570187]]],"type":"Polygon"},"id":338,"properties":{"parentKey":"SVN:1159308649","sourceCountryId":"SVN","syntheticOperational":true,"territoryId":"territory:catalog:362012a7f1e63b74fa320ba65e5243bc677e0687fefa37f18f7aeb23ee874745"},"type":"Feature"},{"geometry":{"coordinates":[[[15.135834411384,46.042108260596],[15.144533,46.042487],[15.220704,46.02949],[15.234864,46.030576],[15.24029,46.033676],[15.239205,46.036854],[15.236879,46.038999],[15.233107,46.040472],[15.225045,46.045252],[15.2221,46.046492],[15.218379,46.047526],[15.210162,46.048972],[15.206907,46.050988],[15.204581,46.053003],[15.201946,46.060755],[15.179642217712,46.079136690647],[15.135834411384,46.079136690647],[15.135834411384,46.042108260596]]],"type":"Polygon"},"id":339,"properties":{"parentKey":"SVN:1159310759","sourceCountryId":"SVN","syntheticOperational":true,"territoryId":"territory:catalog:cfbff0e22f19af6dbf3da751070a8156a6a9c9db6287af9cfb25d43b4ff44bbf"},"type":"Feature"},{"geometry":{"coordinates":[[[14.089975345063,46.079136690647],[14.129867,46.073157],[14.140564,46.069746],[14.146455,46.066129],[14.159012,46.054967],[14.165885,46.050006],[14.186814,46.037914],[14.204398447607,46.057406455573],[14.204398447607,46.079136690647],[14.157303370787,46.079136690647],[14.089975345063,46.079136690647]]],"type":"Polygon"},"id":340,"properties":{"parentKey":"SVN:1159310827","sourceCountryId":"SVN","syntheticOperational":true,"territoryId":"territory:catalog:2e5ce1a2a9de2069b1c2d28597fd9bde9ff6d7035427f133157b82ff5b6dade4"},"type":"Feature"},{"geometry":{"coordinates":[[[16.106347707775,46.618705035971],[16.121655452031,46.618705035971],[16.120391,46.619119],[16.110314,46.623873],[16.106347707775,46.618705035971]]],"type":"Polygon"},"id":341,"properties":{"parentKey":"SVN:1159308691","sourceCountryId":"SVN","syntheticOperational":true,"territoryId":"territory:catalog:5bf63a0c125d26fb195fbb3de7e5efbfee9f22d78ebb0b39d0f0ccfe76aa8257"},"type":"Feature"},{"geometry":{"coordinates":[[[14.941329856584,46.439784379597],[14.942013,46.440008],[14.955863,46.447243],[14.956328,46.459852],[14.96563,46.489462],[14.943409,46.490806],[14.941329856584,46.491999402993],[14.941329856584,46.439784379597]]],"type":"Polygon"},"id":342,"properties":{"parentKey":"SVN:1159310679","sourceCountryId":"SVN","syntheticOperational":true,"territoryId":"territory:catalog:5fdedbde74e930006c095795104ed52c27e558fe306c9d91720449d3826097d3"},"type":"Feature"},{"geometry":{"coordinates":[[[13.689700130378,46.450173055954],[13.690255,46.453961],[13.689700130378,46.455232334622],[13.689700130378,46.450173055954]]],"type":"Polygon"},"id":343,"properties":{"parentKey":"SVN:1159310855","sourceCountryId":"SVN","syntheticOperational":true,"territoryId":"territory:catalog:a6d98d0ad540154ee6e23c1ac7d40fad81155f6aa53ccd54a57271bde5227fb4"},"type":"Feature"},{"geometry":{"coordinates":[[[14.087182,45.517997],[14.089197,45.515284],[14.107491,45.504768],[14.112142,45.501357],[14.118239,45.491797],[14.118084,45.479524],[14.116792,45.47322],[14.116747,45.472998],[14.117321,45.472976],[14.119686,45.472884],[14.145524,45.476243],[14.193066,45.491901],[14.218698,45.497172],[14.224690303289,45.496126150261],[14.224690303289,45.539568345324],[14.098055791631,45.539568345324],[14.094468,45.531175],[14.087182,45.517997]]],"type":"Polygon"},"id":344,"properties":{"parentKey":"SVN:1159310701","sourceCountryId":"SVN","syntheticOperational":true,"territoryId":"territory:catalog:e5b288c92a46a50a06aca0c74ecb57fc7f3a91539bcd414743ab581d1551a4a4"},"type":"Feature"},{"geometry":{"coordinates":[[[14.668179,45.539134],[14.668489,45.533966],[14.686031610423,45.523413382553],[14.686031610423,45.539568345324],[14.668265362783,45.539568345324],[14.668179,45.539134]]],"type":"Polygon"},"id":345,"properties":{"parentKey":"SVN:1159308649","sourceCountryId":"SVN","syntheticOperational":true,"territoryId":"territory:catalog:edb6451ebd29605bec68d49aa7a029165c45b68654d90271078f1de0f508ec64"},"type":"Feature"},{"geometry":{"coordinates":[[[15.350619,45.891695],[15.361006,45.883737],[15.388136,45.87658],[15.393231561583,45.863309352518],[15.419715884632,45.863309352518],[15.419715884632,45.971223021583],[15.391770003668,45.971223021583],[15.389531,45.969649],[15.371548,45.951097],[15.363021,45.934768],[15.354185,45.916448],[15.353254,45.899524],[15.350619,45.891695]]],"type":"Polygon"},"id":346,"properties":{"parentKey":"SVN:1159310711","sourceCountryId":"SVN","syntheticOperational":true,"territoryId":"territory:catalog:c058944920509c0a5e921e9b961a767b0e5de2ce37dd9c24c55548f70f537286"},"type":"Feature"},{"geometry":{"coordinates":[[[14.378470739,45.480109950352],[14.411244,45.493193],[14.429744,45.505389],[14.468915,45.525594],[14.479888266118,45.539568345324],[14.403080872914,45.539568345324],[14.378470739,45.539568345324],[14.378470739,45.480109950352]]],"type":"Polygon"},"id":347,"properties":{"parentKey":"SVN:1159310701","sourceCountryId":"SVN","syntheticOperational":true,"territoryId":"territory:catalog:7793c7347d0d699ee976b1cdc664324d545f1792e0f40d259876dc2d95911156"},"type":"Feature"},{"geometry":{"coordinates":[[[14.468452895419,46.147114382763],[14.469226,46.143463],[14.476357,46.138786],[14.487209,46.139587],[14.513926,46.145556],[14.523848,46.15031],[14.527878,46.156873],[14.537025,46.161343],[14.5378,46.174184],[14.524623,46.177078],[14.515370327007,46.187050359712],[14.493506493506,46.187050359712],[14.468452895419,46.187050359712],[14.468452895419,46.147114382763]]],"type":"Polygon"},"id":348,"properties":{"parentKey":"SVN:1159310809","sourceCountryId":"SVN","syntheticOperational":true,"territoryId":"territory:catalog:1581bfe552e3c27d527d6c1c0de7ee019441554076441487503e9e1a85e91cb0"},"type":"Feature"},{"geometry":{"coordinates":[[[14.711168164313,45.627629745446],[14.72368,45.596985],[14.730088,45.575771],[14.733654,45.571896],[14.733344,45.567245],[14.731639,45.565333],[14.733034,45.561638],[14.739235,45.553576],[14.756133,45.544972],[14.764377800659,45.539568345324],[14.839812046134,45.539568345324],[14.865211810013,45.539568345324],[14.865211810013,45.647482014388],[14.819897084048,45.647482014388],[14.776577250345,45.647482014388],[14.770706,45.641866],[14.754738,45.63954],[14.731794,45.646982],[14.726626,45.637783],[14.711168164313,45.628243527127],[14.711168164313,45.627629745446]]],"type":"Polygon"},"id":349,"properties":{"parentKey":"SVN:1159308563","sourceCountryId":"SVN","syntheticOperational":true,"territoryId":"territory:catalog:1957d8c97e829c5329cdfd9b2fcc5de861dea97943fb9c060cf7cc5a364cd5bd"},"type":"Feature"},{"geometry":{"coordinates":[[[15.067869345695,46.187050359712],[15.077664,46.184365],[15.090751944685,46.185521400861],[15.090751944685,46.187050359712],[15.067869345695,46.187050359712]]],"type":"Polygon"},"id":350,"properties":{"parentKey":"SVN:1159308645","sourceCountryId":"SVN","syntheticOperational":true,"territoryId":"territory:catalog:5df1ebfca1f192da2b1c2673980715260c0f53d72be442e63ed6550f0dda5853"},"type":"Feature"},{"geometry":{"coordinates":[[[14.927995872596,46.618705035971],[14.948530157201,46.618705035971],[14.947955,46.619274],[14.933589,46.621135],[14.927995872596,46.618705035971]]],"type":"Polygon"},"id":351,"properties":{"parentKey":"SVN:1159310685","sourceCountryId":"SVN","syntheticOperational":true,"territoryId":"territory:catalog:1e4d61e85fb746cab50d7a8f36064ced7fb882e2fd2973a0302675d871e41948"},"type":"Feature"},{"geometry":{"coordinates":[[[14.406542,46.191754],[14.40789215799,46.187050359712],[14.459997280456,46.187050359712],[14.458684,46.193253],[14.406542,46.191754]]],"type":"Polygon"},"id":352,"properties":{"parentKey":"SVN:1159310731","sourceCountryId":"SVN","syntheticOperational":true,"territoryId":"territory:catalog:a92e89a7050cc3fac65c729b2165d8c73b0692d8003303e925129bf1202c3ca2"},"type":"Feature"},{"geometry":{"coordinates":[[[15.726677946468,46.510791366906],[15.731681,46.504759],[15.733076,46.503234],[15.737779,46.493726],[15.739432,46.491788],[15.74243,46.489979],[15.750491,46.487938],[15.756537,46.485742],[15.781497,46.467732],[15.794726,46.480006],[15.806508,46.485432],[15.816275,46.497317],[15.810384,46.506257],[15.811779,46.50866],[15.81343875869,46.510791366906],[15.726677946468,46.510791366906]]],"type":"Polygon"},"id":353,"properties":{"parentKey":"SVN:1159310687","sourceCountryId":"SVN","syntheticOperational":true,"territoryId":"territory:catalog:17138f27459ad73e1f8d93acdab622486c857d2c6a37e314e6af30b2fedf1778"},"type":"Feature"},{"geometry":{"coordinates":[[[14.690721649485,45.81589677043],[14.778111659572,45.755395683453],[14.810915902023,45.755395683453],[14.813701,45.757672],[14.803934,45.77532],[14.802539,45.780281],[14.804554,45.797515],[14.784659,45.808315],[14.781713,45.815137],[14.771016,45.822991],[14.764195,45.831776],[14.758769,45.837357],[14.760474,45.850948],[14.767026439037,45.863309352518],[14.690721649485,45.863309352518],[14.690721649485,45.81589677043]]],"type":"Polygon"},"id":354,"properties":{"parentKey":"SVN:1159308665","sourceCountryId":"SVN","syntheticOperational":true,"territoryId":"territory:catalog:f86dea91234293129dac313f89db15db48755714625c581441bcbb4ad7a96ee3"},"type":"Feature"},{"geometry":{"coordinates":[[[14.731794,45.646982],[14.754738,45.63954],[14.770706,45.641866],[14.776577250345,45.647482014388],[14.732123988207,45.647482014388],[14.731794,45.646982]]],"type":"Polygon"},"id":355,"properties":{"parentKey":"SVN:1159308589","sourceCountryId":"SVN","syntheticOperational":true,"territoryId":"territory:catalog:076dcb515e2bd0182dd98ea21fb5e279b7af8c95717635cc01434c5957afaa69"},"type":"Feature"},{"geometry":{"coordinates":[[[15.968514,46.56615],[15.986652,46.546668],[15.993031358885,46.539828629581],[15.993031358885,46.589192071993],[15.978281,46.585968],[15.968514,46.56615]]],"type":"Polygon"},"id":356,"properties":{"parentKey":"SVN:1159310903","sourceCountryId":"SVN","syntheticOperational":true,"territoryId":"territory:catalog:1e8fe0cac60c0fa3199e5b283fb234a0524c3164507778d3779f2ec231adf10f"},"type":"Feature"},{"geometry":{"coordinates":[[[15.052264808362,46.510791366906],[15.09778357236,46.510791366906],[15.195686129166,46.510791366906],[15.195745,46.510908],[15.188768,46.517213],[15.143293,46.533568],[15.138022,46.541397],[15.12717,46.551888],[15.113166,46.559897],[15.103399,46.570026],[15.070998,46.550337],[15.068982,46.545738],[15.064331,46.542327],[15.060249,46.541501],[15.052264808362,46.543658513431],[15.052264808362,46.510791366906]]],"type":"Polygon"},"id":357,"properties":{"parentKey":"SVN:1159310785","sourceCountryId":"SVN","syntheticOperational":true,"territoryId":"territory:catalog:c744984238e107e5cac8d2a82cca0e990fdc193df954b298080bbc90de29d7cd"},"type":"Feature"},{"geometry":{"coordinates":[[[14.891732,46.423549],[14.900931,46.417632],[14.901702336678,46.402877697842],[14.915401301518,46.402877697842],[14.941329856584,46.402877697842],[14.941329856584,46.439784379597],[14.891732,46.423549]]],"type":"Polygon"},"id":358,"properties":{"parentKey":"SVN:1159310793","sourceCountryId":"SVN","syntheticOperational":true,"territoryId":"territory:catalog:74669230bc4d0161bc24e540d139b89da1bb5eddab01d82fe29ea0f3a68d37c1"},"type":"Feature"},{"geometry":{"coordinates":[[[14.665430012726,46.187050359712],[14.779602420052,46.187050359712],[14.805194805195,46.187050359712],[14.805194805195,46.201292664057],[14.785796,46.199764],[14.769776,46.195914],[14.748692,46.195992],[14.735049,46.197646],[14.715929,46.202193],[14.683063,46.19917],[14.665430012726,46.187050359712]]],"type":"Polygon"},"id":359,"properties":{"parentKey":"SVN:1159310729","sourceCountryId":"SVN","syntheticOperational":true,"territoryId":"territory:catalog:90b859e3a2a4a5886f59ff3e0624da3079f5c13c61c1f1288ea0fdcca16eb2f1"},"type":"Feature"},{"geometry":{"coordinates":[[[16.259452,46.583358],[16.261313,46.579379],[16.261933,46.576279],[16.265964,46.569147],[16.279451,46.576511],[16.287048,46.578191],[16.299812,46.589456],[16.300535,46.597337],[16.274025,46.598448],[16.266274,46.592919],[16.261933,46.589146],[16.259452,46.583358]]],"type":"Polygon"},"id":360,"properties":{"parentKey":"SVN:1159310899","sourceCountryId":"SVN","syntheticOperational":true,"territoryId":"territory:catalog:0c9c5ec10f58b396b73eafbf37bde327490fa69e943c5d872ea596e5be9d8fcc"},"type":"Feature"},{"geometry":{"coordinates":[[[14.874585495082,46.294964028777],[14.915401301518,46.294964028777],[14.915401301518,46.308262810254],[14.877004,46.300998],[14.874585495082,46.294964028777]]],"type":"Polygon"},"id":361,"properties":{"parentKey":"SVN:1159310749","sourceCountryId":"SVN","syntheticOperational":true,"territoryId":"territory:catalog:6d24f7909a767158fea0e715655bc10d98eaaf38bb46bc653f43707decf1e063"},"type":"Feature"},{"geometry":{"coordinates":[[[14.094993581515,45.539568345324],[14.098055791631,45.539568345324],[14.102685,45.550398],[14.104855,45.56032],[14.10563,45.565953],[14.099584,45.568666],[14.094993581515,45.567719240798],[14.094993581515,45.539568345324]]],"type":"Polygon"},"id":362,"properties":{"parentKey":"SVN:1159310861","sourceCountryId":"SVN","syntheticOperational":true,"territoryId":"territory:catalog:5b0eb0f4c1ba9d23cc3f1cbb1347288e20eca2b9364f7b4e31f84ef93ef460d7"},"type":"Feature"},{"geometry":{"coordinates":[[[16.103028,46.676789],[16.104423,46.67157],[16.108454,46.661545],[16.114035,46.656455],[16.118686,46.650745],[16.123027,46.643872],[16.120391,46.636947],[16.110314,46.623873],[16.120391,46.619119],[16.121655452031,46.618705035971],[16.149825783972,46.618705035971],[16.178010471204,46.618705035971],[16.178010471204,46.697361573402],[16.151449,46.689967],[16.144317,46.691776],[16.108299,46.69038],[16.103028,46.676789]]],"type":"Polygon"},"id":363,"properties":{"parentKey":"SVN:1159310897","sourceCountryId":"SVN","syntheticOperational":true,"territoryId":"territory:catalog:73742a0c56264121788865e43a27d5c9961ef066808450a4712ea3c70b2fb497"},"type":"Feature"},{"geometry":{"coordinates":[[[14.758769,45.837357],[14.764195,45.831776],[14.771016,45.822991],[14.781713,45.815137],[14.784659,45.808315],[14.804554,45.797515],[14.824398,45.79798],[14.83711,45.796016],[14.845360824742,45.798574076388],[14.845360824742,45.863309352518],[14.799827808868,45.863309352518],[14.767026439037,45.863309352518],[14.760474,45.850948],[14.758769,45.837357]]],"type":"Polygon"},"id":364,"properties":{"parentKey":"SVN:1159310703","sourceCountryId":"SVN","syntheticOperational":true,"territoryId":"territory:catalog:e0e39a8a753f1f78984b64fbed58445ff1dc4157940ce2370a2d93ab29a6ae31"},"type":"Feature"},{"geometry":{"coordinates":[[[15.836236933798,46.613993727664],[15.844801,46.609171],[15.851777,46.607491],[15.85679,46.607336],[15.862836,46.610954],[15.864691988368,46.618705035971],[15.86387434555,46.618705035971],[15.836236933798,46.618705035971],[15.836236933798,46.613993727664]]],"type":"Polygon"},"id":365,"properties":{"parentKey":"SVN:1159308547","sourceCountryId":"SVN","syntheticOperational":true,"territoryId":"territory:catalog:ab28eed0fb786f47f9494fe88eaf7e90e2697a44a34cefc83622e22b08d3fc5d"},"type":"Feature"},{"geometry":{"coordinates":[[[14.186814,46.037914],[14.19286,46.034684],[14.19038,46.024685],[14.204398447607,46.023524433059],[14.204398447607,46.057406455573],[14.186814,46.037914]]],"type":"Polygon"},"id":366,"properties":{"parentKey":"SVN:1159308557","sourceCountryId":"SVN","syntheticOperational":true,"territoryId":"territory:catalog:8c52b0f1eaacc62b0ef0247a61d04efa967647824143ad0dd725b7aff5541642"},"type":"Feature"},{"geometry":{"coordinates":[[[15.408186,46.477706],[15.410691003911,46.478291572993],[15.410691003911,46.485517217585],[15.408186,46.477706]]],"type":"Polygon"},"id":367,"properties":{"parentKey":"SVN:1159308591","sourceCountryId":"SVN","syntheticOperational":true,"territoryId":"territory:catalog:57366cc13efe226cd07bafcea6d1ce0cef66f22f5a68c985cb6c9102eb8c4457"},"type":"Feature"},{"geometry":{"coordinates":[[[16.335078534031,46.618705035971],[16.344095354271,46.618705035971],[16.335078534031,46.626726928305],[16.335078534031,46.618705035971]]],"type":"Polygon"},"id":368,"properties":{"parentKey":"SVN:1159310905","sourceCountryId":"SVN","syntheticOperational":true,"territoryId":"territory:catalog:3e5f1071031535a9cc05517a9400ab7200cbdd8e7794407dc69ff4043d103a32"},"type":"Feature"},{"geometry":{"coordinates":[[[16.122872,46.843368],[16.124854707288,46.834532374101],[16.134674245737,46.834532374101],[16.162943495401,46.834532374101],[16.162943495401,46.857485800509],[16.135376,46.855849],[16.130246,46.856708],[16.122872,46.843368]]],"type":"Polygon"},"id":369,"properties":{"parentKey":"SVN:1159309561","sourceCountryId":"SVN","syntheticOperational":true,"territoryId":"territory:catalog:da4c76950495ab46c04e0dfdfa91093a89e161a92c5d1ad07483121dfe045ec0"},"type":"Feature"},{"geometry":{"coordinates":[[[14.00260756193,46.454414026569],[14.004655,46.455459],[14.012251,46.460627],[14.014266,46.468973],[14.014922,46.482531],[14.00260756193,46.481000744932],[14.00260756193,46.454414026569]]],"type":"Polygon"},"id":370,"properties":{"parentKey":"SVN:1159310833","sourceCountryId":"SVN","syntheticOperational":true,"territoryId":"territory:catalog:7c21a8c456fa74944416d5084a6f08a33ea69fd7332c071dd302271f9782331e"},"type":"Feature"},{"geometry":{"coordinates":[[[15.825112,46.308492],[15.84538968798,46.294964028777],[15.852494577006,46.294964028777],[15.852494577006,46.349066434094],[15.846506,46.347456],[15.842165,46.346887],[15.837359,46.345182],[15.831778,46.339368],[15.828368,46.33371],[15.828988,46.327353],[15.825112,46.308492]]],"type":"Polygon"},"id":371,"properties":{"parentKey":"SVN:1159308619","sourceCountryId":"SVN","syntheticOperational":true,"territoryId":"territory:catalog:74de71362a5b72d835de10478e8615cbefe786b8610266daaec01a988b81aaf2"},"type":"Feature"},{"geometry":{"coordinates":[[[16.020942408377,46.644449174451],[16.04174,46.662733],[16.027839,46.665059],[16.020942408377,46.668553206911],[16.020942408377,46.644449174451]]],"type":"Polygon"},"id":372,"properties":{"parentKey":"SVN:1159309559","sourceCountryId":"SVN","syntheticOperational":true,"territoryId":"territory:catalog:2f7a2ed908ba4c549b90abfcb925e0d26766ea8b4edbd7839441bf837e28e2fa"},"type":"Feature"},{"geometry":{"coordinates":[[[13.690579083838,46.142401429055],[13.696921,46.136254],[13.704208,46.133334],[13.708549,46.128037],[13.768907,46.101605],[13.780741,46.108969],[13.792833,46.108607],[13.799964,46.103646],[13.808026,46.081374],[13.807729941705,46.079136690647],[13.846153846154,46.079136690647],[13.846153846154,46.187050359712],[13.714285714286,46.187050359712],[13.690579083838,46.187050359712],[13.690579083838,46.142401429055]]],"type":"Polygon"},"id":373,"properties":{"parentKey":"SVN:1159310843","sourceCountryId":"SVN","syntheticOperational":true,"territoryId":"territory:catalog:b496bc12597a8c883b72a230758b8bf53760de411812058a86a30cc0cff794c3"},"type":"Feature"},{"geometry":{"coordinates":[[[13.893919793014,46.067817641076],[13.894946,46.067654],[13.906883,46.073209],[13.907813,46.076387],[13.907221509105,46.079136690647],[13.893919793014,46.079136690647],[13.893919793014,46.067817641076]]],"type":"Polygon"},"id":374,"properties":{"parentKey":"SVN:1159310843","sourceCountryId":"SVN","syntheticOperational":true,"territoryId":"territory:catalog:5b187a977d566c24e5b3fd106f034e1702f4ea0ef688e015d756b10ff7535f9d"},"type":"Feature"},{"geometry":{"coordinates":[[[14.51114922813,45.647482014388],[14.550455973488,45.647482014388],[14.556145,45.656697],[14.563896,45.662692],[14.569095,45.664252],[14.568961,45.664629],[14.568238,45.66667],[14.558626,45.681295],[14.556714,45.692198],[14.53749,45.734418],[14.529584,45.730232],[14.525243,45.728914],[14.51114922813,45.730729751879],[14.51114922813,45.647482014388]]],"type":"Polygon"},"id":375,"properties":{"parentKey":"SVN:1159308569","sourceCountryId":"SVN","syntheticOperational":true,"territoryId":"territory:catalog:9d124604143cfc9017b1a64f96e3a890982c86a72d6f5d95b880cada2030be45"},"type":"Feature"},{"geometry":{"coordinates":[[[14.731329,46.050678],[14.73753,46.04489],[14.743731,46.040187],[14.748692,46.034219],[14.751327,46.028147],[14.747762,46.022617],[14.749622,46.002955],[14.772721,46.004531],[14.775202,46.006288],[14.781403,46.008536],[14.81091,46.007761],[14.825355756792,46.004555725525],[14.825355756792,46.066458184377],[14.805806,46.059691],[14.751851,46.066343],[14.736134,46.065612],[14.733189,46.058119],[14.733189,46.05383],[14.731329,46.050678]]],"type":"Polygon"},"id":376,"properties":{"parentKey":"SVN:1159310717","sourceCountryId":"SVN","syntheticOperational":true,"territoryId":"territory:catalog:4db34806464342a90518a0f891b7a26131ed7998edc07d6b6097619531459ed8"},"type":"Feature"},{"geometry":{"coordinates":[[[16.051661,46.775672],[16.052126,46.770091],[16.063599,46.764174],[16.082409,46.764846],[16.091246,46.763683],[16.097447,46.762107],[16.105198,46.763838],[16.112019,46.767378],[16.126902,46.787506],[16.134674245737,46.821782674438],[16.134674245737,46.829994124928],[16.125197,46.833007],[16.098842,46.832077],[16.092021,46.830217],[16.077758,46.822517],[16.072435,46.818796],[16.056002,46.816057],[16.051661,46.775672]]],"type":"Polygon"},"id":377,"properties":{"parentKey":"SVN:1159308553","sourceCountryId":"SVN","syntheticOperational":true,"territoryId":"territory:catalog:3e5995dba8b6ca3a9d2840242cb01c2e20edec5414e53cc80d889b6b280cf6c8"},"type":"Feature"},{"geometry":{"coordinates":[[[13.674957264366,45.539568345324],[13.763348996155,45.539568345324],[13.786906290116,45.539568345324],[13.786906290116,45.586421978631],[13.761051,45.596236],[13.711762,45.593207],[13.727387,45.581204],[13.742361,45.56977],[13.75294,45.559068],[13.75294,45.552883],[13.675141,45.544745],[13.674957264366,45.539568345324]]],"type":"Polygon"},"id":378,"properties":{"parentKey":"SVN:1159310873","sourceCountryId":"SVN","syntheticOperational":true,"territoryId":"territory:catalog:97aeb7d09d5f93c9caf390ca0b395d12427ec71eb4a11ebd12da7bdd75c0f2d6"},"type":"Feature"},{"geometry":{"coordinates":[[[14.266086,46.297174],[14.266588192552,46.294964028777],[14.290672451193,46.294964028777],[14.290672451193,46.321737262713],[14.289237,46.322392],[14.267171,46.326139],[14.266086,46.297174]]],"type":"Polygon"},"id":379,"properties":{"parentKey":"SVN:1159310837","sourceCountryId":"SVN","syntheticOperational":true,"territoryId":"territory:catalog:c99161be238841bad77a5393c283a7c9b852cd92621ef2050354cf22aecb2327"},"type":"Feature"},{"geometry":{"coordinates":[[[15.281711859672,46.294964028777],[15.287264,46.289087],[15.291811,46.280173],[15.301578,46.273868],[15.305919,46.272137],[15.311035,46.272473],[15.3146,46.273817],[15.321112,46.273352],[15.325763,46.272163],[15.358525,46.260536],[15.363796,46.280095],[15.369533,46.282395],[15.374183,46.286917],[15.378059,46.28963],[15.379919,46.294642],[15.37963419906,46.294964028777],[15.281711859672,46.294964028777]]],"type":"Polygon"},"id":380,"properties":{"parentKey":"SVN:1159308599","sourceCountryId":"SVN","syntheticOperational":true,"territoryId":"territory:catalog:f4335c79b26d31adbf65434807bd4a58d2e3ca385d7fc8d0726c109b4f1631b8"},"type":"Feature"},{"geometry":{"coordinates":[[[14.181818181818,46.273438304555],[14.19224,46.268081],[14.208053,46.25573],[14.221902,46.250407],[14.248567,46.242966],[14.275387,46.234077],[14.277248,46.23214],[14.278643,46.229685],[14.278023,46.226714],[14.275542,46.224672],[14.272132,46.222657],[14.269651,46.219453],[14.269496,46.214389],[14.275852,46.210823],[14.337662337662,46.1930051124],[14.337662337662,46.294964028777],[14.311424160413,46.294964028777],[14.311561,46.293299],[14.315437,46.291257],[14.330164,46.277279],[14.33466,46.270458],[14.3328,46.260742],[14.330009,46.256505],[14.325048,46.254748],[14.298383,46.268287],[14.274612,46.274902],[14.234305,46.273197],[14.227948,46.275057],[14.181818181818,46.28363940148],[14.181818181818,46.273438304555]]],"type":"Polygon"},"id":381,"properties":{"parentKey":"SVN:1159310831","sourceCountryId":"SVN","syntheticOperational":true,"territoryId":"territory:catalog:ac268574315d22acde2ae680dee2adbb19afb5108474d4c1a1102c2a5aaca5bf"},"type":"Feature"},{"geometry":{"coordinates":[[[15.364417,46.324201],[15.365657,46.321462],[15.367827,46.317587],[15.369843,46.315545],[15.376509,46.311334],[15.383947939262,46.307760936431],[15.383947939262,46.353088265148],[15.38209,46.351667],[15.368757,46.333968],[15.364417,46.324201]]],"type":"Polygon"},"id":382,"properties":{"parentKey":"SVN:1159310787","sourceCountryId":"SVN","syntheticOperational":true,"territoryId":"territory:catalog:a59f6c5b4b123d88b564022846c485eaee6123e0934d437c3f4a9957d3293f19"},"type":"Feature"},{"geometry":{"coordinates":[[[15.365853658537,46.510791366906],[15.410691003911,46.510791366906],[15.430309929252,46.510791366906],[15.440588,46.518479],[15.449114,46.531553],[15.45082,46.537754],[15.449889,46.541914],[15.459656,46.550027],[15.461723,46.568269],[15.457486,46.576641],[15.45113,46.581085],[15.443378,46.584702],[15.435937,46.57478],[15.430356,46.57478],[15.42555,46.575142],[15.410202,46.582428],[15.407566,46.583358],[15.388291,46.587803],[15.376044,46.588733],[15.371393,46.587338],[15.369067,46.583927],[15.369222,46.575452],[15.366587,46.568837],[15.365853658537,46.568128725893],[15.365853658537,46.510791366906]]],"type":"Polygon"},"id":383,"properties":{"parentKey":"SVN:1159308627","sourceCountryId":"SVN","syntheticOperational":true,"territoryId":"territory:catalog:fd24204c9f8b9b7ace6f78c63bee50e91e747ef05cb7f7f724568570eff18f82"},"type":"Feature"},{"geometry":{"coordinates":[[[14.226804123711,45.861361360896],[14.276473,45.846117],[14.286319647544,45.863309352518],[14.226804123711,45.863309352518],[14.226804123711,45.861361360896]]],"type":"Polygon"},"id":384,"properties":{"parentKey":"SVN:1159310723","sourceCountryId":"SVN","syntheticOperational":true,"territoryId":"territory:catalog:5db73dd27ced7d03069f97346ac5407bbfea9ea9da6b5edd8d3b73b88dfbf0da"},"type":"Feature"},{"geometry":{"coordinates":[[[15.86387434555,46.618705035971],[15.864691988368,46.618705035971],[15.865781,46.623253],[15.874773,46.63643],[15.888106,46.645887],[15.888571,46.662785],[15.876788,46.668366],[15.86387434555,46.670685474163],[15.86387434555,46.618705035971]]],"type":"Polygon"},"id":385,"properties":{"parentKey":"SVN:1159308547","sourceCountryId":"SVN","syntheticOperational":true,"territoryId":"territory:catalog:d52f7e87414dd3bd59f67e3d22586a91d7b6e7d3afb14fe50996f0b1c7b774b5"},"type":"Feature"},{"geometry":{"coordinates":[[[14.779602420052,46.167636414201],[14.804554,46.165193],[14.828429,46.160284],[14.825018,46.16602],[14.818197,46.168758],[14.816801,46.170515],[14.819902,46.171911],[14.885686,46.177285],[14.892662,46.179249],[14.898676961401,46.187050359712],[14.805194805195,46.187050359712],[14.779602420052,46.187050359712],[14.779602420052,46.167636414201]]],"type":"Polygon"},"id":386,"properties":{"parentKey":"SVN:1159310729","sourceCountryId":"SVN","syntheticOperational":true,"territoryId":"territory:catalog:1c8a9336739a895b86306cf475bf4e278bf5ce3ba3df2389a82a8e4acaf48c40"},"type":"Feature"},{"geometry":{"coordinates":[[[14.134490238612,46.375842844193],[14.137463,46.372157],[14.159322,46.381717],[14.168676,46.381045],[14.180148,46.381769],[14.190535,46.386936],[14.194876,46.39368],[14.199650107861,46.402877697842],[14.159061277705,46.402877697842],[14.134490238612,46.402877697842],[14.134490238612,46.375842844193]]],"type":"Polygon"},"id":387,"properties":{"parentKey":"SVN:1159308679","sourceCountryId":"SVN","syntheticOperational":true,"territoryId":"territory:catalog:c9092c8496257a3ff8546cfc4ed8db026ec927dd6b9df6c6762f3726399c16b5"},"type":"Feature"},{"geometry":{"coordinates":[[[15.753747,46.546978],[15.769095,46.547107],[15.775606,46.54796],[15.780877,46.546978],[15.784908,46.544963],[15.787698,46.541785],[15.788783,46.537625],[15.790954,46.534628],[15.809299,46.525326],[15.81519,46.520158],[15.817671,46.514861],[15.814415,46.512045],[15.81343875869,46.510791366906],[15.836236933798,46.510791366906],[15.836236933798,46.613993727664],[15.834569,46.614933],[15.829667027218,46.618705035971],[15.762659469235,46.618705035971],[15.760723,46.614933],[15.757778,46.602685],[15.759948,46.588113],[15.754677,46.573282],[15.760413,46.567597],[15.763669,46.565013],[15.765684,46.561293],[15.76925,46.559406],[15.753747,46.546978]]],"type":"Polygon"},"id":388,"properties":{"parentKey":"SVN:1159308565","sourceCountryId":"SVN","syntheticOperational":true,"territoryId":"territory:catalog:e41bb10bce0524df8590411e80cb1d06e8c852472620befacc402b66207eb8bf"},"type":"Feature"},{"geometry":{"coordinates":[[[16.121655452031,46.618705035971],[16.149825783972,46.609482460643],[16.149825783972,46.618705035971],[16.121655452031,46.618705035971]]],"type":"Polygon"},"id":389,"properties":{"parentKey":"SVN:1159310897","sourceCountryId":"SVN","syntheticOperational":true,"territoryId":"territory:catalog:b74243006fd73a693518df9c29f372de729ce1b20d35aa8578445f642a3e7f1d"},"type":"Feature"},{"geometry":{"coordinates":[[[15.242797694938,46.402877697842],[15.254237288136,46.402877697842],[15.254237288136,46.414603532298],[15.253932,46.414066],[15.242797694938,46.402877697842]]],"type":"Polygon"},"id":390,"properties":{"parentKey":"SVN:1159310807","sourceCountryId":"SVN","syntheticOperational":true,"territoryId":"territory:catalog:3b53a1917560d94c8b79ffaa8700798e6702571e5950c4e1b6c5cb53aff1b011"},"type":"Feature"},{"geometry":{"coordinates":[[[15.191815856778,45.4275797508],[15.205212476577,45.431071387035],[15.207450425621,45.431654676259],[15.191815856778,45.431654676259],[15.191815856778,45.4275797508]]],"type":"Polygon"},"id":391,"properties":{"parentKey":"SVN:1159310681","sourceCountryId":"SVN","syntheticOperational":true,"territoryId":"territory:catalog:104a05d9b4addd4f2c9a550d366fcd58f8a01babcfe1b07e98cf57b7bfe04ba6"},"type":"Feature"},{"geometry":{"coordinates":[[[13.376038786215,46.294964028777],[13.402597402597,46.294964028777],[13.421365184049,46.294964028777],[13.419006,46.295469],[13.403968,46.303221],[13.395638,46.306728],[13.391306,46.301568],[13.376038786215,46.294964028777]]],"type":"Polygon"},"id":392,"properties":{"parentKey":"SVN:1159310867","sourceCountryId":"SVN","syntheticOperational":true,"territoryId":"territory:catalog:e37b1dfe1af26555e85590722b942fe928c56c3e527a3af1eb68d1dd5696ad17"},"type":"Feature"},{"geometry":{"coordinates":[[[14.356775300172,45.666761242969],[14.369128,45.659694],[14.378585,45.651994],[14.40559908224,45.647482014388],[14.426139799278,45.647482014388],[14.425766,45.661606],[14.416619,45.670753],[14.393365,45.689305],[14.386182,45.707495],[14.356775300172,45.723743636852],[14.356775300172,45.666761242969]]],"type":"Polygon"},"id":393,"properties":{"parentKey":"SVN:1159310753","sourceCountryId":"SVN","syntheticOperational":true,"territoryId":"territory:catalog:60650f84ce859ec29f35fbb7d64ba0d1ff1aaac479fea9102775861671e8d75f"},"type":"Feature"},{"geometry":{"coordinates":[[[15,45.755395683453],[15.075095017402,45.755395683453],[15.062885,45.768369],[15.058079,45.781082],[15.033429,45.781211],[15.014981,45.784777],[15.003612,45.782374],[15,45.781038998317],[15,45.755395683453]]],"type":"Polygon"},"id":394,"properties":{"parentKey":"SVN:1159308655","sourceCountryId":"SVN","syntheticOperational":true,"territoryId":"territory:catalog:aa652f888d1736fd2869cbde18c0e788173eeccefe84ba24a447bbcddf1f5857"},"type":"Feature"},{"geometry":{"coordinates":[[[15.301153353268,45.450693516246],[15.314031,45.450509],[15.325193,45.452834],[15.333875,45.458518],[15.351755,45.47614],[15.361367,45.482031],[15.311034,45.505906],[15.301153353268,45.517634711452],[15.301153353268,45.450693516246]]],"type":"Polygon"},"id":395,"properties":{"parentKey":"SVN:1159310681","sourceCountryId":"SVN","syntheticOperational":true,"territoryId":"territory:catalog:a9a602c9870e2ac7f9a135124f4a441168795c84872ccba8765e48b33aaa397c"},"type":"Feature"},{"geometry":{"coordinates":[[[14.370281089529,46.294964028777],[14.371299,46.29348],[14.379825,46.289268],[14.389592,46.291232],[14.417239,46.288906],[14.46721,46.291645],[14.47918130884,46.294964028777],[14.446854663774,46.294964028777],[14.370281089529,46.294964028777]]],"type":"Polygon"},"id":396,"properties":{"parentKey":"SVN:1159308581","sourceCountryId":"SVN","syntheticOperational":true,"territoryId":"territory:catalog:813140c4ffd21f71e6fc2d59088dcd2953c5edd489f22e9658ba2a2e7e3ef6af"},"type":"Feature"},{"geometry":{"coordinates":[[[15.147372917557,45.431654676259],[15.191815856778,45.431654676259],[15.207450425621,45.431654676259],[15.225849,45.43645],[15.281578,45.450974],[15.301153353268,45.450693516246],[15.301153353268,45.517634711452],[15.296668,45.522959],[15.290469002639,45.539568345324],[15.173299101412,45.539568345324],[15.147372917557,45.539568345324],[15.147372917557,45.431654676259]]],"type":"Polygon"},"id":397,"properties":{"parentKey":"SVN:1159310681","sourceCountryId":"SVN","syntheticOperational":true,"territoryId":"territory:catalog:bdd46bdefda503bcf758fe59cf101d973cfab34a6aa28a7deb986f27a1846edf"},"type":"Feature"},{"geometry":{"coordinates":[[[16.320630749014,46.834532374101],[16.329668902261,46.834532374101],[16.325339,46.839442],[16.320630749014,46.839624221761],[16.320630749014,46.834532374101]]],"type":"Polygon"},"id":398,"properties":{"parentKey":"SVN:1159308551","sourceCountryId":"SVN","syntheticOperational":true,"territoryId":"territory:catalog:bac6bbaf4de221bf0600837a9b5b9403f01d62dafae3c85c81bd5330eec94fdd"},"type":"Feature"},{"geometry":{"coordinates":[[[14.334911752045,45.946614367245],[14.337813,45.954766],[14.341688,45.957919],[14.344169,45.961123],[14.365563,45.965463],[14.369316795343,45.971223021583],[14.359637774903,45.971223021583],[14.334911752045,45.971223021583],[14.334911752045,45.946614367245]]],"type":"Polygon"},"id":399,"properties":{"parentKey":"SVN:1159310811","sourceCountryId":"SVN","syntheticOperational":true,"territoryId":"territory:catalog:f071b510663908d1d70242825336bcc460f835c1e88872088c625157a1315edc"},"type":"Feature"},{"geometry":{"coordinates":[[[15.720054,46.521295],[15.721294,46.518453],[15.724395,46.513544],[15.726677946468,46.510791366906],[15.81343875869,46.510791366906],[15.814415,46.512045],[15.817671,46.514861],[15.81519,46.520158],[15.809299,46.525326],[15.790954,46.534628],[15.788783,46.537625],[15.787698,46.541785],[15.784908,46.544963],[15.780877,46.546978],[15.775606,46.54796],[15.769095,46.547107],[15.753747,46.546978],[15.738089,46.532664],[15.723154,46.527083],[15.720829,46.523621],[15.720054,46.521295]]],"type":"Polygon"},"id":400,"properties":{"parentKey":"SVN:1159310687","sourceCountryId":"SVN","syntheticOperational":true,"territoryId":"territory:catalog:7faa97d05c3c93d33db3f42b94b3381db79b323ffd84938c66a01f4df4e4494d"},"type":"Feature"},{"geometry":{"coordinates":[[[16.020942408377,46.668553206911],[16.027839,46.665059],[16.04174,46.662733],[16.04205,46.662682],[16.067113,46.644337],[16.110314,46.623873],[16.120391,46.636947],[16.123027,46.643872],[16.118686,46.650745],[16.114035,46.656455],[16.108454,46.661545],[16.104423,46.67157],[16.103028,46.676789],[16.108299,46.69038],[16.092331,46.694928],[16.084114,46.699605],[16.075123,46.70131],[16.066544,46.704333],[16.059103,46.709191],[16.053367,46.71981],[16.055681108717,46.726618705036],[16.020942408377,46.726618705036],[16.020942408377,46.668553206911]]],"type":"Polygon"},"id":401,"properties":{"parentKey":"SVN:1159309555","sourceCountryId":"SVN","syntheticOperational":true,"territoryId":"territory:catalog:0e76a87d56bc48cef776df73f002cc7bc2b898284eddae5a4783e209aa66a0b8"},"type":"Feature"},{"geometry":{"coordinates":[[[14.711168164313,45.539568345324],[14.764377800659,45.539568345324],[14.756133,45.544972],[14.739235,45.553576],[14.733034,45.561638],[14.731639,45.565333],[14.733344,45.567245],[14.733654,45.571896],[14.730088,45.575771],[14.72368,45.596985],[14.711168164313,45.590961331183],[14.711168164313,45.539568345324]]],"type":"Polygon"},"id":402,"properties":{"parentKey":"SVN:1159308649","sourceCountryId":"SVN","syntheticOperational":true,"territoryId":"territory:catalog:4e6a961b56b1adf6e8f1e8f3b133cbe2ba92de7afaa4a8e2d2ae841a9022ef47"},"type":"Feature"},{"geometry":{"coordinates":[[[16.19295958279,46.402877697842],[16.253465196966,46.402877697842],[16.250925,46.404998],[16.248238,46.413344],[16.250098,46.429441],[16.249375,46.437528],[16.237489,46.465072],[16.233665,46.47874],[16.234188,46.484892],[16.233666,46.484708],[16.23103,46.483778],[16.227,46.481246],[16.224364,46.477861],[16.221884,46.475406],[16.216768,46.474554],[16.210411,46.476182],[16.206536,46.473443],[16.2039,46.472926],[16.201885,46.473469],[16.19295958279,46.48264215162],[16.19295958279,46.402877697842]]],"type":"Polygon"},"id":403,"properties":{"parentKey":"SVN:1159310901","sourceCountryId":"SVN","syntheticOperational":true,"territoryId":"territory:catalog:aa181138cd7eef839240f930b737f0d3ade61b97d8aa8e94569b1709d578c5f6"},"type":"Feature"},{"geometry":{"coordinates":[[[15.058079,45.781082],[15.062885,45.768369],[15.075095017402,45.755395683453],[15.128644939966,45.755395683453],[15.154639175258,45.755395683453],[15.154639175258,45.863309352518],[15.140863063805,45.863309352518],[15.135232,45.84914],[15.12872,45.845006],[15.12531,45.843791],[15.122002,45.844024],[15.120142,45.843817],[15.118592,45.842577],[15.119677,45.838804],[15.120039,45.835962],[15.119677,45.832397],[15.118282,45.829038],[15.115181,45.823715],[15.112701,45.820356],[15.10929,45.816868],[15.101228,45.815317],[15.096268,45.81015],[15.086036,45.806145],[15.058079,45.781082]]],"type":"Polygon"},"id":404,"properties":{"parentKey":"SVN:1159308575","sourceCountryId":"SVN","syntheticOperational":true,"territoryId":"territory:catalog:c435b408be3fb55d9fce03db310658c004d171993651b4f9d8c1c47b9828b8f5"},"type":"Feature"},{"geometry":{"coordinates":[[[16.008676789588,46.295134914592],[16.019208,46.298829],[16.038948,46.308441],[16.049922,46.316735],[16.049698,46.317277],[16.04267,46.334226],[16.040654,46.345699],[16.038174,46.351331],[16.034453,46.354018],[16.031353,46.358333],[16.031508,46.364121],[16.040654,46.379598],[16.055227,46.388073],[16.075743,46.384456],[16.066531682023,46.402877697842],[16.036505867014,46.402877697842],[16.008676789588,46.402877697842],[16.008676789588,46.295134914592]]],"type":"Polygon"},"id":405,"properties":{"parentKey":"SVN:1159310887","sourceCountryId":"SVN","syntheticOperational":true,"territoryId":"territory:catalog:4e593b1442d97f6d6031e1327433d8e65ae9759ff4c315be74dfee8c47c0b54c"},"type":"Feature"},{"geometry":{"coordinates":[[[13.600735,45.984574],[13.605867,45.985411],[13.618512855507,45.971223021583],[13.715023676281,45.971223021583],[13.738680465718,45.971223021583],[13.738680465718,46.058130600877],[13.732165,46.057887],[13.705138,46.065767],[13.681418,46.066956],[13.666846,46.061478],[13.654857,46.054709],[13.632843,46.031118],[13.625401,46.02732],[13.624626,46.023599],[13.638269,46.010732],[13.64354,46.004789],[13.640594,46.002102],[13.636563,46.00112],[13.632533,46.001482],[13.629122,46.003652],[13.625246,46.00652],[13.619045,46.01006],[13.615169,46.011636],[13.603956,46.012928],[13.626176,45.996624],[13.610984,45.991147],[13.601475,45.985049],[13.600735,45.984574]]],"type":"Polygon"},"id":406,"properties":{"parentKey":"SVN:1159308681","sourceCountryId":"SVN","syntheticOperational":true,"territoryId":"territory:catalog:4d49547474c8359a5787226b0d7944577fd5835e21575e462d483a255ab6c427"},"type":"Feature"},{"geometry":{"coordinates":[[[16.306620209059,46.529257246052],[16.310663,46.530985],[16.306620209059,46.531803654785],[16.306620209059,46.529257246052]]],"type":"Polygon"},"id":407,"properties":{"parentKey":"SVN:1159308689","sourceCountryId":"SVN","syntheticOperational":true,"territoryId":"territory:catalog:d61c2379ea64bc5b2f32c9219d03d06ab44d5944b8a573ea0cb257a9dd23c028"},"type":"Feature"},{"geometry":{"coordinates":[[[14.51114922813,45.730729751879],[14.525243,45.728914],[14.529584,45.730232],[14.53749,45.734418],[14.550048,45.738268],[14.555629,45.734676],[14.576144,45.735322],[14.569788,45.752143],[14.569719293822,45.755395683453],[14.536082474227,45.755395683453],[14.51114922813,45.755395683453],[14.51114922813,45.730729751879]]],"type":"Polygon"},"id":408,"properties":{"parentKey":"SVN:1159308667","sourceCountryId":"SVN","syntheticOperational":true,"territoryId":"territory:catalog:207fc774b71b785a5ad2c9b825814252b601f6f23796b0df9a3e3bbdf92bf2e0"},"type":"Feature"},{"geometry":{"coordinates":[[[14.876848221018,45.863309352518],[14.949003968337,45.863309352518],[14.94868,45.863661],[14.938603,45.868622],[14.929456,45.870585],[14.877159,45.869552],[14.876848221018,45.863309352518]]],"type":"Polygon"},"id":409,"properties":{"parentKey":"SVN:1159308633","sourceCountryId":"SVN","syntheticOperational":true,"territoryId":"territory:catalog:c9ae5550d124c1658ed0c41743dee22e2b80d7e2cb718963339bb17241b7c90c"},"type":"Feature"},{"geometry":{"coordinates":[[[14.562108,46.391737],[14.562967,46.389727],[14.568703,46.368798],[14.595678,46.361408],[14.603036876356,46.36170479619],[14.603036876356,46.402877697842],[14.568080388913,46.402877697842],[14.566997,46.400373],[14.562108,46.391737]]],"type":"Polygon"},"id":410,"properties":{"parentKey":"SVN:1159308661","sourceCountryId":"SVN","syntheticOperational":true,"territoryId":"territory:catalog:6d946003c653fdfd4efd1eeb93c67324f00e55bce9381ba97f8edea23f504389"},"type":"Feature"},{"geometry":{"coordinates":[[[13.550139022135,46.402877697842],[13.665943600868,46.402877697842],[13.689700130378,46.402877697842],[13.689700130378,46.430417698248],[13.687,46.43174],[13.689700130378,46.450173055954],[13.689700130378,46.455232334622],[13.685853,46.464047],[13.67749,46.452075],[13.658783,46.445125],[13.634082,46.445719],[13.600182,46.442644],[13.575688,46.426676],[13.554397,46.405954],[13.550139022135,46.402877697842]]],"type":"Polygon"},"id":411,"properties":{"parentKey":"SVN:1159310855","sourceCountryId":"SVN","syntheticOperational":true,"territoryId":"territory:catalog:da6def5b53803841dfcf82f1033fd44110c9f7cb9947bda4c23361b5b3db429f"},"type":"Feature"},{"geometry":{"coordinates":[[[14.665523156089,45.72663811625],[14.677482,45.750644],[14.677813425778,45.755395683453],[14.665523156089,45.755395683453],[14.665523156089,45.72663811625]]],"type":"Polygon"},"id":412,"properties":{"parentKey":"SVN:1159308653","sourceCountryId":"SVN","syntheticOperational":true,"territoryId":"territory:catalog:78bb5b0af4141373e0e9325ee86cd20ce4402e18bc307357a88e5bba1ddc466a"},"type":"Feature"},{"geometry":{"coordinates":[[[13.509761388286,46.294964028777],[13.527098259858,46.294964028777],[13.532435,46.298001],[13.550109,46.302032],[13.584422,46.299603],[13.629432,46.300533],[13.651446,46.296296],[13.665943600868,46.29528736436],[13.665943600868,46.402877697842],[13.550139022135,46.402877697842],[13.530006,46.388332],[13.509761388286,46.380819518499],[13.509761388286,46.294964028777]]],"type":"Polygon"},"id":413,"properties":{"parentKey":"SVN:1159310855","sourceCountryId":"SVN","syntheticOperational":true,"territoryId":"territory:catalog:c4630e493fe5e2542f7554b43974f7004040d82661b61f64a62ca1c676c64137"},"type":"Feature"},{"geometry":{"coordinates":[[[15.679442508711,46.510791366906],[15.696042549619,46.510791366906],[15.696489,46.512148],[15.679442508711,46.513018871255],[15.679442508711,46.510791366906]]],"type":"Polygon"},"id":414,"properties":{"parentKey":"SVN:1159308613","sourceCountryId":"SVN","syntheticOperational":true,"territoryId":"territory:catalog:1dd07ab9d12de500583858e5d0ad3ef52a5889c5be7fcfddf6230ea358a1496b"},"type":"Feature"},{"geometry":{"coordinates":[[[15.943503,46.460007],[15.953114,46.450963],[15.977196,46.446313],[15.996729,46.458663],[16.004016,46.466621],[16.008357,46.473753],[16.020966,46.490703],[16.014093,46.507549],[16.019503002107,46.510791366906],[15.993031358885,46.510791366906],[15.961976158183,46.510791366906],[15.954665,46.506102],[15.949549,46.501632],[15.947223,46.487163],[15.944278,46.480522],[15.943503,46.460007]]],"type":"Polygon"},"id":415,"properties":{"parentKey":"SVN:1159310891","sourceCountryId":"SVN","syntheticOperational":true,"territoryId":"territory:catalog:5c17847e4b82dce62abdd20a4ef2c02a5797f00eb9ccc14f778b77dc4bada561"},"type":"Feature"},{"geometry":{"coordinates":[[[14.805194805195,46.187050359712],[14.898676961401,46.187050359712],[14.901706,46.190979],[14.898915,46.208678],[14.805194805195,46.201292664057],[14.805194805195,46.187050359712]]],"type":"Polygon"},"id":416,"properties":{"parentKey":"SVN:1159310729","sourceCountryId":"SVN","syntheticOperational":true,"territoryId":"territory:catalog:609143d8702f1dc9b34049004123151b4162d1b004a04cdd26a506152988323f"},"type":"Feature"},{"geometry":{"coordinates":[[[14.089817,45.614089],[14.094993581515,45.610792479221],[14.094993581515,45.623723989512],[14.090592,45.624244],[14.089817,45.614089]]],"type":"Polygon"},"id":417,"properties":{"parentKey":"SVN:1159310701","sourceCountryId":"SVN","syntheticOperational":true,"territoryId":"territory:catalog:f84050e9b664e00a35af84e9acce6160ab7daeed9e76ac54ccc62f86f767cb19"},"type":"Feature"},{"geometry":{"coordinates":[[[15.522648083624,46.510791366906],[15.562265503814,46.510791366906],[15.550297,46.518014],[15.560374,46.562119],[15.522648083624,46.547843394656],[15.522648083624,46.510791366906]]],"type":"Polygon"},"id":418,"properties":{"parentKey":"SVN:1159308591","sourceCountryId":"SVN","syntheticOperational":true,"territoryId":"territory:catalog:5e543927274a00af2325dcd635a5bc90f569a6639d40eecd0e788081bb53724d"},"type":"Feature"},{"geometry":{"coordinates":[[[13.558441558442,46.187050359712],[13.632772849482,46.187050359712],[13.636873,46.191083],[13.622766,46.200488],[13.622766,46.204364],[13.621991,46.210306],[13.624006,46.218936],[13.629277,46.224233],[13.634238,46.227644],[13.639664,46.225938],[13.643695,46.225551],[13.648191,46.226894],[13.659508,46.232269],[13.667311,46.233612],[13.685294,46.234],[13.692426,46.238677],[13.695216,46.250511],[13.702037,46.268804],[13.709014,46.277382],[13.714285714286,46.281189379193],[13.714285714286,46.294964028777],[13.672017152687,46.294964028777],[13.671497,46.294901],[13.670591057342,46.294964028777],[13.665943600868,46.294964028777],[13.558441558442,46.294964028777],[13.558441558442,46.187050359712]]],"type":"Polygon"},"id":419,"properties":{"parentKey":"SVN:1159310867","sourceCountryId":"SVN","syntheticOperational":true,"territoryId":"territory:catalog:cd26a5eeb8c4d67472aa4e85082a4ca7d2b9fb4be36ef385bb195d0d2c538821"},"type":"Feature"},{"geometry":{"coordinates":[[[15.762659469235,46.618705035971],[15.829667027218,46.618705035971],[15.829298,46.618989],[15.829143,46.623769],[15.828523,46.62749],[15.825267,46.636378],[15.823407,46.640151],[15.818291,46.645448],[15.800152,46.646869],[15.778396,46.648161],[15.776226,46.645267],[15.77328,46.643277],[15.770645,46.63426],[15.762659469235,46.618705035971]]],"type":"Polygon"},"id":420,"properties":{"parentKey":"SVN:1159308565","sourceCountryId":"SVN","syntheticOperational":true,"territoryId":"territory:catalog:b9125dd6f09cbe25cf4e6bc02572626b6e65b9d235a5f4675368ff8ce5daebf0"},"type":"Feature"},{"geometry":{"coordinates":[[[16.179486,46.858468],[16.227206557388,46.834532374101],[16.292085701793,46.834532374101],[16.303067,46.834532374101],[16.303067,46.835591],[16.2979,46.844299],[16.297435,46.846805],[16.297392,46.847033],[16.282241,46.859932],[16.272009,46.863962],[16.179486,46.858468]]],"type":"Polygon"},"id":421,"properties":{"parentKey":"SVN:1159308539","sourceCountryId":"SVN","syntheticOperational":true,"territoryId":"territory:catalog:d9111e4795e7b6417d4bd5766e6f18e8fb422acf9932206b8319d1408486ad64"},"type":"Feature"},{"geometry":{"coordinates":[[[15.829667027218,46.618705035971],[15.834569,46.614933],[15.836236933798,46.613993727664],[15.836236933798,46.618705035971],[15.829667027218,46.618705035971]]],"type":"Polygon"},"id":422,"properties":{"parentKey":"SVN:1159308547","sourceCountryId":"SVN","syntheticOperational":true,"territoryId":"territory:catalog:ab941c55cf49d2c00c53c5ee4c7a4599812e0a7ca1be6355d32d9ccf5bdac0b6"},"type":"Feature"},{"geometry":{"coordinates":[[[13.959850696247,45.539568345324],[13.983829,45.519547],[13.987395,45.51208],[13.987476,45.511909],[14.013956,45.507973],[14.028322,45.50265],[14.041551,45.493193],[14.066665,45.480274],[14.070909867578,45.479246254368],[14.070909867578,45.539568345324],[13.959850696247,45.539568345324]]],"type":"Polygon"},"id":423,"properties":{"parentKey":"SVN:1159310861","sourceCountryId":"SVN","syntheticOperational":true,"territoryId":"territory:catalog:d45a1d695600121c0cc3e07c804199b1a54214a33834934d9cb7c065a2f90060"},"type":"Feature"},{"geometry":{"coordinates":[[[14.337662337662,46.1930051124],[14.337968,46.192917],[14.349595,46.192478],[14.365408,46.195579],[14.367113,46.194519],[14.364943,46.191651],[14.363082,46.18793],[14.363282944332,46.187050359712],[14.40789215799,46.187050359712],[14.406542,46.191754],[14.388972,46.217076],[14.386802,46.219401],[14.384166,46.221701],[14.383081,46.224517],[14.384476,46.230357],[14.392435,46.240485],[14.402201,46.266685],[14.414914,46.279139],[14.417239,46.288906],[14.389592,46.291232],[14.379825,46.289268],[14.371299,46.29348],[14.370281089529,46.294964028777],[14.337662337662,46.294964028777],[14.337662337662,46.1930051124]]],"type":"Polygon"},"id":424,"properties":{"parentKey":"SVN:1159310831","sourceCountryId":"SVN","syntheticOperational":true,"territoryId":"territory:catalog:c95daba80e30d7934941b5cbab5c75ba1a7bb29bdbd9fc6329bd6a9f169a9c4a"},"type":"Feature"},{"geometry":{"coordinates":[[[15.065055,46.136512],[15.068362,46.129226],[15.071308,46.126849],[15.077509,46.119201],[15.08092,46.115945],[15.088051,46.113671],[15.090751944685,46.11184055974],[15.090751944685,46.168720422808],[15.08402,46.165606],[15.070533,46.149742],[15.065675,46.141577],[15.065055,46.136512]]],"type":"Polygon"},"id":425,"properties":{"parentKey":"SVN:1159310695","sourceCountryId":"SVN","syntheticOperational":true,"territoryId":"territory:catalog:da6e6b46e99add39443166f9f6a04bb6891322dde6358c307c2919a5a95c9bea"},"type":"Feature"},{"geometry":{"coordinates":[[[15.430309929252,46.510791366906],[15.522648083624,46.510791366906],[15.522648083624,46.547843394656],[15.495985,46.537754],[15.482807,46.534498],[15.458106,46.538607],[15.459656,46.550027],[15.449889,46.541914],[15.45082,46.537754],[15.449114,46.531553],[15.440588,46.518479],[15.430309929252,46.510791366906]]],"type":"Polygon"},"id":426,"properties":{"parentKey":"SVN:1159308591","sourceCountryId":"SVN","syntheticOperational":true,"territoryId":"territory:catalog:a098ce5da6ad5dea2967adcf750504e6d81569d8c7e29e89c018d8cf7fb20fbe"},"type":"Feature"},{"geometry":{"coordinates":[[[14.440420703297,45.863309352518],[14.489883770986,45.863309352518],[14.489883770986,45.880770504436],[14.442199,45.863454],[14.440420703297,45.863309352518]]],"type":"Polygon"},"id":427,"properties":{"parentKey":"SVN:1159310677","sourceCountryId":"SVN","syntheticOperational":true,"territoryId":"territory:catalog:00b01881c3ecb745f65e79a194972267098d1cc5c80297d5c0154a97a64af41b"},"type":"Feature"},{"geometry":{"coordinates":[[[15.22365,45.599956],[15.23905,45.59639],[15.248971,45.598199],[15.253157,45.596804],[15.252847,45.59422],[15.255948,45.589207],[15.261374,45.582386],[15.270831,45.576236],[15.280132,45.573188],[15.281631,45.571947],[15.282179,45.571494],[15.276721,45.582697],[15.269589,45.593446],[15.268556,45.601662],[15.281062,45.606158],[15.287883,45.610344],[15.291604,45.61825],[15.297391,45.625692],[15.326744,45.632255],[15.327342747112,45.632479493958],[15.327342747112,45.647482014388],[15.284012062392,45.647482014388],[15.283543,45.643416],[15.279202,45.638558],[15.271916,45.637912],[15.268195,45.636129],[15.264939,45.632874],[15.261684,45.625639],[15.258893,45.621608],[15.253157,45.618198],[15.248816,45.614839],[15.244321,45.612927],[15.24184,45.610705],[15.238894,45.609981],[15.236259,45.608663],[15.233727,45.608353],[15.225045,45.608276],[15.22365,45.599956]]],"type":"Polygon"},"id":428,"properties":{"parentKey":"SVN:1159310735","sourceCountryId":"SVN","syntheticOperational":true,"territoryId":"territory:catalog:730c877d40982c20101a24b722502d2ce0fd8ab18789c469cc19ea7216ee5073"},"type":"Feature"},{"geometry":{"coordinates":[[[14.970745,46.197775],[14.999891,46.198989],[15.018391,46.191212],[15.045056,46.193305],[15.051567,46.207567],[15.052498,46.21134],[15.051102,46.226093],[15.045521,46.237746],[15.042421,46.242139],[15.030483,46.253327],[15.009968,46.257978],[14.974931,46.21842],[14.972451,46.21165],[14.970745,46.197775]]],"type":"Polygon"},"id":429,"properties":{"parentKey":"SVN:1159308637","sourceCountryId":"SVN","syntheticOperational":true,"territoryId":"territory:catalog:cb62764c1324888247ae148e883337b96cd1360c662e8ccc287193a748991209"},"type":"Feature"},{"geometry":{"coordinates":[[[14.956328,46.459852],[14.999891,46.446829],[15.089291,46.426469],[15.092237,46.434169],[15.09778357236,46.433875789126],[15.09778357236,46.510791366906],[15.052264808362,46.510791366906],[15.000697165214,46.510791366906],[14.998496,46.505792],[14.991984,46.498687],[14.986713,46.49587],[14.96563,46.489462],[14.956328,46.459852]]],"type":"Polygon"},"id":430,"properties":{"parentKey":"SVN:1159310785","sourceCountryId":"SVN","syntheticOperational":true,"territoryId":"territory:catalog:b06fa80d433e1f6642b02b403e633b519883e96be346dc5a0817177e78d473d7"},"type":"Feature"},{"geometry":{"coordinates":[[[13.940949935815,45.547590417333],[13.952203,45.545954],[13.959850696247,45.539568345324],[14.070909867578,45.539568345324],[14.094993581515,45.539568345324],[14.094993581515,45.567719240798],[14.093693,45.567451],[14.090437,45.57019],[14.089507,45.574686],[14.093693,45.586546],[14.094993581515,45.588348261779],[14.094993581515,45.610792479221],[14.089817,45.614089],[14.07726,45.609878],[14.071989,45.603573],[14.066408,45.600989],[14.059587,45.599594],[14.039691,45.602436],[14.024963,45.611428],[14.006205,45.617784],[13.987705,45.627138],[13.971427,45.633081],[13.950808,45.635974],[13.940949935815,45.641251317643],[13.940949935815,45.547590417333]]],"type":"Polygon"},"id":431,"properties":{"parentKey":"SVN:1159310861","sourceCountryId":"SVN","syntheticOperational":true,"territoryId":"territory:catalog:3e367fb15b7b89c491a0071a48088849c29d6636bfaf78530afa97a89c684949"},"type":"Feature"},{"geometry":{"coordinates":[[[15.365853658537,46.568128725893],[15.366587,46.568837],[15.369222,46.575452],[15.369067,46.583927],[15.371393,46.587338],[15.376044,46.588733],[15.388291,46.587803],[15.407566,46.583358],[15.410202,46.582428],[15.42555,46.575142],[15.430356,46.57478],[15.435937,46.57478],[15.443378,46.584702],[15.440433,46.590335],[15.434852,46.592454],[15.434852,46.596949],[15.436402,46.602375],[15.439657,46.609662],[15.441070600967,46.618705035971],[15.392670157068,46.618705035971],[15.365853658537,46.618705035971],[15.365853658537,46.568128725893]]],"type":"Polygon"},"id":432,"properties":{"parentKey":"SVN:1159308579","sourceCountryId":"SVN","syntheticOperational":true,"territoryId":"territory:catalog:70becae232522a77631898b4e06e425177dc2acb5a4b5e18b4c8faf807585285"},"type":"Feature"},{"geometry":{"coordinates":[[[13.84792,46.381226],[13.878926,46.366472],[13.899286,46.366602],[13.947087,46.359806],[13.96414,46.352313],[13.97830802603,46.348857365773],[13.97830802603,46.402877697842],[13.905699332947,46.402877697842],[13.84792,46.381226]]],"type":"Polygon"},"id":433,"properties":{"parentKey":"SVN:1159310821","sourceCountryId":"SVN","syntheticOperational":true,"territoryId":"territory:catalog:f605abca5628dba5fd4e6a8ac04eced2d96b92c231d3e991c9ae9503b3340925"},"type":"Feature"},{"geometry":{"coordinates":[[[14.258497819205,45.647482014388],[14.356775300172,45.647482014388],[14.356775300172,45.666761242969],[14.347269,45.6722],[14.332645,45.67189],[14.328459,45.670649],[14.330785,45.6676],[14.328304,45.66388],[14.316987,45.659487],[14.285516,45.655043],[14.258497819205,45.647482014388]]],"type":"Polygon"},"id":434,"properties":{"parentKey":"SVN:1159310701","sourceCountryId":"SVN","syntheticOperational":true,"territoryId":"territory:catalog:2edabafe28f1201ffcf63f78ca1bbf80a538c16d15c880570cc2d4f3aba47d11"},"type":"Feature"},{"geometry":{"coordinates":[[[14.825355756792,46.004555725525],[14.843053,46.000629],[14.85592,45.999983],[14.862897,46.000784],[14.863672,46.004324],[14.865687,46.006443],[14.871423,46.005254],[14.87747,46.002102],[14.905581,45.972905],[14.909260433737,45.971223021583],[14.947994740135,45.971223021583],[14.954467,45.975075],[14.949933,45.99391],[14.93589,46.0183],[14.912977,46.033082],[14.889326,46.054517],[14.865674,46.070038],[14.84424,46.072995],[14.825355756792,46.066458184377],[14.825355756792,46.004555725525]]],"type":"Polygon"},"id":435,"properties":{"parentKey":"SVN:1159310717","sourceCountryId":"SVN","syntheticOperational":true,"territoryId":"territory:catalog:33323421746b938536166207d4e9d123ad69d43bd3e3efe691f56b4f9649e32c"},"type":"Feature"},{"geometry":{"coordinates":[[[15.099187951341,46.618705035971],[15.104794,46.611651],[15.125775,46.601239],[15.140192,46.599792],[15.154455,46.603616],[15.182123631309,46.618705035971],[15.099187951341,46.618705035971]]],"type":"Polygon"},"id":436,"properties":{"parentKey":"SVN:1159310747","sourceCountryId":"SVN","syntheticOperational":true,"territoryId":"territory:catalog:d9699e95290c149a242d97fd45f2230d405876ab02b3b5fd930d60a9dff4cc98"},"type":"Feature"},{"geometry":{"coordinates":[[[13.822125813449,46.366866805801],[13.828025,46.369082],[13.841719,46.382182],[13.824149,46.397633],[13.822125813449,46.399897278806],[13.822125813449,46.366866805801]]],"type":"Polygon"},"id":437,"properties":{"parentKey":"SVN:1159310855","sourceCountryId":"SVN","syntheticOperational":true,"territoryId":"territory:catalog:fa2d0d4ecdf5c3dc56068c9cf359fbc1337a72aa9a6f950e90c032b677f94eb2"},"type":"Feature"},{"geometry":{"coordinates":[[[14.157303370787,46.079136690647],[14.204398447607,46.079136690647],[14.210487547836,46.079136690647],[14.211154,46.088143],[14.208053,46.097135],[14.200767,46.102509],[14.199836,46.111088],[14.199991,46.119976],[14.203092,46.125454],[14.206968,46.130053],[14.206348,46.134704],[14.204797,46.137985],[14.200457,46.141008],[14.201077,46.144212],[14.203557,46.148966],[14.208363,46.155168],[14.214564,46.159147],[14.222832,46.170826],[14.21906,46.175166],[14.213014,46.179197],[14.204332,46.180851],[14.185884,46.180076],[14.173481,46.178293],[14.161958,46.179378],[14.157303370787,46.178724522928],[14.157303370787,46.079136690647]]],"type":"Polygon"},"id":438,"properties":{"parentKey":"SVN:1159310827","sourceCountryId":"SVN","syntheticOperational":true,"territoryId":"territory:catalog:f2e1a8e2037279aeb4e5d3159af634a84f64835fcd5ec99b25bdff611cb3fa1c"},"type":"Feature"},{"geometry":{"coordinates":[[[14.999891,46.198989],[15.009074405411,46.187050359712],[15.067869345695,46.187050359712],[15.045056,46.193305],[15.018391,46.191212],[14.999891,46.198989]]],"type":"Polygon"},"id":439,"properties":{"parentKey":"SVN:1159310697","sourceCountryId":"SVN","syntheticOperational":true,"territoryId":"territory:catalog:dc1ff83edb350fa46525d3705222138006af091fd3906e36edc65ed5f0736ab5"},"type":"Feature"},{"geometry":{"coordinates":[[[14.312878133103,46.079136690647],[14.359637774903,46.079136690647],[14.423031976196,46.079136690647],[14.420805,46.081064],[14.415069,46.082769],[14.408558,46.082872],[14.371919,46.090081],[14.35037,46.083415],[14.338123,46.086955],[14.33311,46.090469],[14.325048,46.098323],[14.312878133103,46.10004447471],[14.312878133103,46.079136690647]]],"type":"Polygon"},"id":440,"properties":{"parentKey":"SVN:1159308557","sourceCountryId":"SVN","syntheticOperational":true,"territoryId":"territory:catalog:0771d4ae825b0c207fe64224e4b55a129db9e1300f00a99f6236f859972f686c"},"type":"Feature"},{"geometry":{"coordinates":[[[15.195970483961,46.510791366906],[15.22272,46.496955],[15.238274,46.49463],[15.254237288136,46.49538721462],[15.254237288136,46.510791366906],[15.209059233449,46.510791366906],[15.195970483961,46.510791366906]]],"type":"Polygon"},"id":441,"properties":{"parentKey":"SVN:1159308673","sourceCountryId":"SVN","syntheticOperational":true,"territoryId":"territory:catalog:838029ff4d8acb9ed596d1f7abae259a6c2095e508692cf1901138cfe0874694"},"type":"Feature"},{"geometry":{"coordinates":[[[14.23818,46.425254],[14.252908,46.413498],[14.253967934044,46.402877697842],[14.290672451193,46.402877697842],[14.315514993481,46.402877697842],[14.315514993481,46.436794269682],[14.242323,46.438237],[14.242211,46.437528],[14.242056,46.437114],[14.23818,46.425254]]],"type":"Polygon"},"id":442,"properties":{"parentKey":"SVN:1159310845","sourceCountryId":"SVN","syntheticOperational":true,"territoryId":"territory:catalog:395b2edecbecb65de089a06664e9c61158c43cf45cbb09a5966c4afa98adbacc"},"type":"Feature"},{"geometry":{"coordinates":[[[15.0715835141,46.373887283103],[15.082315,46.386187],[15.087741,46.399881],[15.087915698422,46.402877697842],[15.0715835141,46.402877697842],[15.0715835141,46.373887283103]]],"type":"Polygon"},"id":443,"properties":{"parentKey":"SVN:1159310793","sourceCountryId":"SVN","syntheticOperational":true,"territoryId":"territory:catalog:743844d60ca5f92aa779fc00f8b956dc84c4a877e0eb4d76e26a7f9422d6631b"},"type":"Feature"},{"geometry":{"coordinates":[[[14.712678429084,46.079136690647],[14.72337,46.073364],[14.725231,46.069488],[14.736134,46.065612],[14.751851,46.066343],[14.805806,46.059691],[14.825355756792,46.066458184377],[14.825355756792,46.079136690647],[14.779602420052,46.079136690647],[14.712678429084,46.079136690647]]],"type":"Polygon"},"id":444,"properties":{"parentKey":"SVN:1159317881","sourceCountryId":"SVN","syntheticOperational":true,"territoryId":"territory:catalog:32d98985035257111c1ff5c89fd701785ef7dc1d1b7b9a0fbd8e018f1de359c0"},"type":"Feature"},{"geometry":{"coordinates":[[[14.024967714163,45.898884985085],[14.042792,45.890171],[14.120875,45.87875],[14.109041,45.901488],[14.104235,45.90619],[14.100669,45.913968],[14.100359,45.921538],[14.101755,45.930375],[14.108731,45.939754],[14.114829,45.951562],[14.116069,45.961588],[14.114054,45.966083],[14.109558,45.967324],[14.108576,45.969287],[14.109656864311,45.971223021583],[14.04915912031,45.971223021583],[14.024967714163,45.971223021583],[14.024967714163,45.898884985085]]],"type":"Polygon"},"id":445,"properties":{"parentKey":"SVN:1159310829","sourceCountryId":"SVN","syntheticOperational":true,"territoryId":"territory:catalog:dc19e0775f40fd112eba05d1e7921d273c6b468c2302445c36c2f77ac0200f2a"},"type":"Feature"},{"geometry":{"coordinates":[[[14.070909867578,45.479246254368],[14.092917,45.473918],[14.116747,45.472998],[14.116792,45.47322],[14.118084,45.479524],[14.118239,45.491797],[14.112142,45.501357],[14.107491,45.504768],[14.089197,45.515284],[14.087182,45.517997],[14.094468,45.531175],[14.098055791631,45.539568345324],[14.094993581515,45.539568345324],[14.070909867578,45.539568345324],[14.070909867578,45.479246254368]]],"type":"Polygon"},"id":446,"properties":{"parentKey":"SVN:1159310861","sourceCountryId":"SVN","syntheticOperational":true,"territoryId":"territory:catalog:9001ce4dcc6e369f485d53fe03e30c77334ac97bbc39af8c96cb00ef89934be9"},"type":"Feature"},{"geometry":{"coordinates":[[[15.896103896104,46.264128083572],[15.918903,46.272827],[15.91875,46.273222],[15.918388,46.274153],[15.916373,46.282963],[15.916683,46.28472],[15.917303,46.286839],[15.918543,46.288441],[15.917768,46.290973],[15.917768,46.293764],[15.918044895364,46.294964028777],[15.896103896104,46.294964028777],[15.896103896104,46.264128083572]]],"type":"Polygon"},"id":447,"properties":{"parentKey":"SVN:1159308619","sourceCountryId":"SVN","syntheticOperational":true,"territoryId":"territory:catalog:6d38515c7e2df3ef46e541b10e70fee331e1a54ccf1df8309f93858b4a2bd995"},"type":"Feature"},{"geometry":{"coordinates":[[[13.568614,45.539252],[13.572765,45.529975],[13.578624,45.523383],[13.586192,45.519477],[13.595958,45.518134],[13.595958,45.511908],[13.589122,45.501614],[13.591645,45.493109],[13.589529,45.488837],[13.609568560444,45.47371547154],[13.609568560444,45.5378819389],[13.58961,45.535793],[13.568614,45.539252]]],"type":"Polygon"},"id":448,"properties":{"parentKey":"SVN:1159310877","sourceCountryId":"SVN","syntheticOperational":true,"territoryId":"territory:catalog:f8104df3d266848573ad8aef844428bd65b3ceff805e6626d435932a65e8af10"},"type":"Feature"},{"geometry":{"coordinates":[[[16.149825783972,46.525584774625],[16.154084,46.525429],[16.166021,46.527755],[16.170672,46.530261],[16.173928,46.532948],[16.175013,46.535739],[16.176098,46.541914],[16.177183,46.545015],[16.178424,46.547547],[16.178734,46.549975],[16.175788,46.552043],[16.173928,46.554058],[16.176718,46.560052],[16.158425,46.568527],[16.155479,46.578191],[16.149825783972,46.581611303097],[16.149825783972,46.525584774625]]],"type":"Polygon"},"id":449,"properties":{"parentKey":"SVN:1159308691","sourceCountryId":"SVN","syntheticOperational":true,"territoryId":"territory:catalog:3bda222230cb57f47ec61dc8b017d00f2600449d0a64988fc5d9c880a231980a"},"type":"Feature"},{"geometry":{"coordinates":[[[14.226804123711,45.755395683453],[14.313427204075,45.755395683453],[14.299314,45.757259],[14.287531,45.762892],[14.269496,45.776328],[14.258334,45.79059],[14.259419,45.801442],[14.279263,45.837228],[14.276473,45.846117],[14.226804123711,45.861361360896],[14.226804123711,45.755395683453]]],"type":"Polygon"},"id":450,"properties":{"parentKey":"SVN:1159310755","sourceCountryId":"SVN","syntheticOperational":true,"territoryId":"territory:catalog:0279ab59a88be5690f70e7e0eab32f6ef188995fb32fa902c44591148951c6a0"},"type":"Feature"},{"geometry":{"coordinates":[[[14.290672451193,46.294964028777],[14.311424160413,46.294964028777],[14.311251,46.297071],[14.312491,46.300637],[14.320863,46.306347],[14.322878,46.31167],[14.328614,46.314124],[14.326289,46.321359],[14.300709,46.318982],[14.295128,46.319705],[14.290672451193,46.321737262713],[14.290672451193,46.294964028777]]],"type":"Polygon"},"id":451,"properties":{"parentKey":"SVN:1159310837","sourceCountryId":"SVN","syntheticOperational":true,"territoryId":"territory:catalog:8e9a8bfcaa279532080bd0cb55d62a3f28b21c972fcd5d2cfea797b36ef63578"},"type":"Feature"},{"geometry":{"coordinates":[[[14.334911752045,45.863309352518],[14.381443298969,45.863309352518],[14.388168235781,45.863309352518],[14.384631,45.865056],[14.37626,45.87149],[14.364788,45.867485],[14.334911752045,45.882640404392],[14.334911752045,45.863309352518]]],"type":"Polygon"},"id":452,"properties":{"parentKey":"SVN:1159310677","sourceCountryId":"SVN","syntheticOperational":true,"territoryId":"territory:catalog:c7e01f671d08673fd37aee84ec896ee97b2a65b1e4c24a7728bf2ca16055f46d"},"type":"Feature"},{"geometry":{"coordinates":[[[15.86387434555,46.670685474163],[15.876788,46.668366],[15.888571,46.662785],[15.911257,46.663633],[15.932116,46.665178],[15.946794,46.674448],[15.967599848737,46.694554853819],[15.946344,46.697151],[15.878545,46.720715],[15.86387434555,46.722705949545],[15.86387434555,46.670685474163]]],"type":"Polygon"},"id":453,"properties":{"parentKey":"SVN:1159317883","sourceCountryId":"SVN","syntheticOperational":true,"territoryId":"territory:catalog:c087773bbd22214fbbec692e2564726bc89f374763e6f63e84e90e0d8c7cc7eb"},"type":"Feature"},{"geometry":{"coordinates":[[[16.014216778603,46.834532374101],[16.054114005566,46.834532374101],[16.052936,46.84606],[16.032024,46.837556],[16.028441,46.836947],[16.014216778603,46.834532374101]]],"type":"Polygon"},"id":454,"properties":{"parentKey":"SVN:1159310661","sourceCountryId":"SVN","syntheticOperational":true,"territoryId":"territory:catalog:94fbd8b3adbfeb2b89949a0131d79530a9eb145c0db1986c5dedabbc8966e4d6"},"type":"Feature"},{"geometry":{"coordinates":[[[13.535004321521,46.079136690647],[13.583441138422,46.079136690647],[13.690579083838,46.079136690647],[13.690579083838,46.142401429055],[13.686845,46.146021],[13.684984,46.153462],[13.666536,46.175166],[13.641071,46.171405],[13.645037,46.161731],[13.616409,46.125041],[13.535004321521,46.081882395362],[13.535004321521,46.079136690647]]],"type":"Polygon"},"id":455,"properties":{"parentKey":"SVN:1159310865","sourceCountryId":"SVN","syntheticOperational":true,"territoryId":"territory:catalog:b60694c80d446b26da5471fdae1654abe281b916ee4eab2abc249b6dfac35a5b"},"type":"Feature"},{"geometry":{"coordinates":[[[16.463414634146,46.51961526707],[16.470756,46.520262],[16.481298,46.519022],[16.491117,46.515146],[16.498955987821,46.510791366906],[16.505867014342,46.510791366906],[16.512253299152,46.510791366906],[16.500832,46.544809],[16.467139,46.564704],[16.463414634146,46.568710088083],[16.463414634146,46.51961526707]]],"type":"Polygon"},"id":456,"properties":{"parentKey":"SVN:1159308687","sourceCountryId":"SVN","syntheticOperational":true,"territoryId":"territory:catalog:5177702c0aee4d788adcbe09f624370a384cdcb51527213ef621b50683073bf5"},"type":"Feature"},{"geometry":{"coordinates":[[[15.335064,46.477396],[15.338475,46.465433],[15.345658,46.459542],[15.352479,46.452565],[15.368137,46.447656],[15.38209,46.440783],[15.398368,46.437889],[15.410691003911,46.431179073595],[15.410691003911,46.478291572993],[15.408186,46.477706],[15.390772,46.472099],[15.387361,46.470368],[15.38116,46.468843],[15.376819,46.469412],[15.363951,46.478171],[15.359146,46.480186],[15.335064,46.477396]]],"type":"Polygon"},"id":457,"properties":{"parentKey":"SVN:1159308595","sourceCountryId":"SVN","syntheticOperational":true,"territoryId":"territory:catalog:d7f60a7bcf9d25b6427977e09b3615bbe2cca1b5389c3ef7328cd22a1bacb7ee"},"type":"Feature"},{"geometry":{"coordinates":[[[14.865211810013,45.539568345324],[14.993592481845,45.539568345324],[15.019255455712,45.539568345324],[15.019255455712,45.647482014388],[14.974271012007,45.647482014388],[14.865211810013,45.647482014388],[14.865211810013,45.539568345324]]],"type":"Polygon"},"id":458,"properties":{"parentKey":"SVN:1159308563","sourceCountryId":"SVN","syntheticOperational":true,"territoryId":"territory:catalog:1101c8b92355209259045ce67b252124242db20ec7aac34fc1fbc3fe8849ae22"},"type":"Feature"},{"geometry":{"coordinates":[[[14.839812046134,45.506883322788],[14.843518,45.51376],[14.845844,45.520271],[14.848479,45.524172],[14.858246,45.529779],[14.864602,45.531149],[14.870338,45.530296],[14.885221,45.524147],[14.901706,45.521382],[14.913798,45.521976],[14.929766,45.525413],[14.937828,45.526317],[14.943874,45.525413],[14.965319,45.511538],[14.977205,45.491952],[14.977341,45.491728],[14.986299,45.490868],[14.993592481845,45.488470599454],[14.993592481845,45.539568345324],[14.865211810013,45.539568345324],[14.839812046134,45.539568345324],[14.839812046134,45.506883322788]]],"type":"Polygon"},"id":459,"properties":{"parentKey":"SVN:1159308563","sourceCountryId":"SVN","syntheticOperational":true,"territoryId":"territory:catalog:9822d56481fbad35ec509f28f07b4c4961f289fe5b0e051e4b2f49051cc39626"},"type":"Feature"},{"geometry":{"coordinates":[[[15.368447,46.072124],[15.418418,46.063313],[15.446313065977,46.064955346648],[15.446313065977,46.079136690647],[15.401901469317,46.079136690647],[15.373730132758,46.079136690647],[15.368447,46.072124]]],"type":"Polygon"},"id":460,"properties":{"parentKey":"SVN:1159308593","sourceCountryId":"SVN","syntheticOperational":true,"territoryId":"territory:catalog:23d2cc8e41ff17474c63ac9ea1ee7ee4f46bff7f6a0ae08e9abc6d11b3c8b730"},"type":"Feature"},{"geometry":{"coordinates":[[[16.19295958279,46.48264215162],[16.201885,46.473469],[16.2039,46.472926],[16.206536,46.473443],[16.210411,46.476182],[16.216768,46.474554],[16.221884,46.475406],[16.224364,46.477861],[16.227,46.481246],[16.23103,46.483778],[16.233666,46.484708],[16.234188,46.484892],[16.234905,46.493339],[16.257349794243,46.510791366906],[16.19295958279,46.510791366906],[16.19295958279,46.48264215162]]],"type":"Polygon"},"id":461,"properties":{"parentKey":"SVN:1159308689","sourceCountryId":"SVN","syntheticOperational":true,"territoryId":"territory:catalog:2654d4201b4e6d7f2032a7000662f669d40848d6a2175123daaad43567ce6db6"},"type":"Feature"},{"geometry":{"coordinates":[[[16.328492,46.583824],[16.334538,46.577622],[16.337949,46.563825],[16.334538,46.556487],[16.344305,46.556745],[16.350661,46.557649],[16.367456,46.562946],[16.383114,46.570026],[16.389625,46.57478],[16.397532,46.578191],[16.378463,46.599792],[16.36389,46.597414],[16.349111,46.600567],[16.340429,46.599352],[16.335623,46.597156],[16.335158,46.593952],[16.328492,46.583824]]],"type":"Polygon"},"id":462,"properties":{"parentKey":"SVN:1159308701","sourceCountryId":"SVN","syntheticOperational":true,"territoryId":"territory:catalog:2adece3feb5f47bd5278cd60da14cf1e26bdbd02869f577aed1a8491e77758c8"},"type":"Feature"},{"geometry":{"coordinates":[[[13.665943600868,46.29528736436],[13.670591057342,46.294964028777],[13.672017152687,46.294964028777],[13.727359,46.30167],[13.742242,46.32601],[13.749528,46.33526],[13.764101,46.345078],[13.822125813449,46.366866805801],[13.822125813449,46.399897278806],[13.820893,46.401277],[13.819984034118,46.402877697842],[13.689700130378,46.402877697842],[13.665943600868,46.402877697842],[13.665943600868,46.29528736436]]],"type":"Polygon"},"id":463,"properties":{"parentKey":"SVN:1159310855","sourceCountryId":"SVN","syntheticOperational":true,"territoryId":"territory:catalog:27e5ae4337750f05a8ce15da25990d856d4c7eedb7705885bb44d0a7191cad65"},"type":"Feature"},{"geometry":{"coordinates":[[[14.553303,45.781289],[14.566067,45.766767],[14.569633,45.759481],[14.569719293822,45.755395683453],[14.665523156089,45.755395683453],[14.677813425778,45.755395683453],[14.678102,45.759533],[14.675156,45.767646],[14.668593,45.770281],[14.663012,45.772038],[14.643789,45.774545],[14.62348,45.779532],[14.613971,45.780772],[14.609165,45.781909],[14.599554,45.785552],[14.586996,45.793433],[14.564207,45.790074],[14.553303,45.781289]]],"type":"Polygon"},"id":464,"properties":{"parentKey":"SVN:1159308653","sourceCountryId":"SVN","syntheticOperational":true,"territoryId":"territory:catalog:fb50f2f58bfdc6f9bca065bd81a238a378750abb637343f2e719736213ad5a75"},"type":"Feature"},{"geometry":{"coordinates":[[[14.591027,45.980139],[14.59396530092,45.971223021583],[14.644855789927,45.971223021583],[14.670116429495,45.971223021583],[14.670116429495,45.993553785123],[14.660687,45.989803],[14.630611,45.989235],[14.616193,45.996676],[14.60653,45.99156],[14.603894,45.991741],[14.600329,45.98939],[14.597383,45.987891],[14.594283,45.984739],[14.591027,45.980139]]],"type":"Polygon"},"id":465,"properties":{"parentKey":"SVN:1159310693","sourceCountryId":"SVN","syntheticOperational":true,"territoryId":"territory:catalog:c9d0c6d06b6c9ff82c2188e667b34cf4a14efc052f4e1bc40160ddb8d69afdc8"},"type":"Feature"},{"geometry":{"coordinates":[[[15.562265503814,46.510791366906],[15.563784,46.509875],[15.567144719687,46.510383919722],[15.567144719687,46.510791366906],[15.562265503814,46.510791366906]]],"type":"Polygon"},"id":466,"properties":{"parentKey":"SVN:1159308671","sourceCountryId":"SVN","syntheticOperational":true,"territoryId":"territory:catalog:c9787aa50c5bf926cb3796bc1ff7d34efb2c7ad79f24df9e240e3c334f91917c"},"type":"Feature"},{"geometry":{"coordinates":[[[15,45.781038998317],[15.003612,45.782374],[15.014981,45.784777],[15.033429,45.781211],[15.058079,45.781082],[15.086036,45.806145],[15.052498,45.823663],[15.048777,45.826144],[15.037305,45.840871],[15.025678,45.837978],[15.019631,45.839709],[15.015446,45.844851],[15,45.849109945291],[15,45.781038998317]]],"type":"Polygon"},"id":467,"properties":{"parentKey":"SVN:1159308633","sourceCountryId":"SVN","syntheticOperational":true,"territoryId":"territory:catalog:36bb2e1bf6d205e5aa7433530e480ab002ead61b071983b66a893ecd69094ed6"},"type":"Feature"},{"geometry":{"coordinates":[[[14.961038961039,46.283442959917],[14.97028,46.283842],[14.970460571327,46.294964028777],[14.961038961039,46.294964028777],[14.961038961039,46.283442959917]]],"type":"Polygon"},"id":468,"properties":{"parentKey":"SVN:1159310749","sourceCountryId":"SVN","syntheticOperational":true,"territoryId":"territory:catalog:ab7f1127a8a33b03fc18f184d3539541fcd19f180133a13cac24b4cb06c8e596"},"type":"Feature"},{"geometry":{"coordinates":[[[13.62568116409,45.539568345324],[13.632862644416,45.539568345324],[13.632862644416,45.540319986388],[13.62568116409,45.539568345324]]],"type":"Polygon"},"id":469,"properties":{"parentKey":"SVN:1159310863","sourceCountryId":"SVN","syntheticOperational":true,"territoryId":"territory:catalog:43197d72b90c49c6341c976297e73d4343bb49561f8bd33666e8d7d120b20f2f"},"type":"Feature"},{"geometry":{"coordinates":[[[14.99405956078,46.079136690647],[14.99524,46.075431],[14.99679,46.068093],[15.001596,46.061582],[15.002371,46.056362],[15.016841,46.053468],[15.026763,46.054399],[15.071463,46.064708],[15.088981,46.067886],[15.087741,46.077601],[15.095800694008,46.079136690647],[15.090751944685,46.079136690647],[14.99405956078,46.079136690647]]],"type":"Polygon"},"id":470,"properties":{"parentKey":"SVN:1159310697","sourceCountryId":"SVN","syntheticOperational":true,"territoryId":"territory:catalog:d2e0790acd4d98b74dd318c1873fb01e3af56b5cad6f38beccf37f6b087b5f55"},"type":"Feature"},{"geometry":{"coordinates":[[[13.583441138422,45.981752551505],[13.600735,45.984574],[13.601475,45.985049],[13.610984,45.991147],[13.626176,45.996624],[13.603956,46.012928],[13.587212,46.028044],[13.583441138422,46.030503491432],[13.583441138422,45.981752551505]]],"type":"Polygon"},"id":471,"properties":{"parentKey":"SVN:1159310857","sourceCountryId":"SVN","syntheticOperational":true,"territoryId":"territory:catalog:822611558bb4af7e5c80eff49b55372dc83bd672f8d2ecba4b99df59b62e0fca"},"type":"Feature"},{"geometry":{"coordinates":[[[15.977262789681,46.728651282104],[15.978215739296,46.726618705036],[16.020942408377,46.726618705036],[16.055681108717,46.726618705036],[16.056467,46.728931],[16.057863,46.735365],[16.055537,46.755958],[16.024841,46.758955],[16.018485,46.761642],[16.007116,46.770272],[16.004946,46.774045],[15.987738,46.775827],[15.977262789681,46.775341162334],[15.977262789681,46.728651282104]]],"type":"Polygon"},"id":472,"properties":{"parentKey":"SVN:1159309555","sourceCountryId":"SVN","syntheticOperational":true,"territoryId":"territory:catalog:22adac8883d4c046afc8688fe53e224bd8e372f1cf4a5392db36766e06a1fbde"},"type":"Feature"},{"geometry":{"coordinates":[[[14.179939733104,45.875364242686],[14.199681,45.87242],[14.220898943359,45.863309352518],[14.226804123711,45.863309352518],[14.286319647544,45.863309352518],[14.299159,45.885727],[14.285671,45.907379],[14.26035,45.929238],[14.238956,45.944379],[14.229964,45.94872],[14.223556,45.950736],[14.21875,45.950658],[14.214254,45.952493],[14.210999,45.957195],[14.212704,45.962053],[14.217045,45.967892],[14.216355501204,45.971223021583],[14.204398447607,45.971223021583],[14.179939733104,45.971223021583],[14.179939733104,45.875364242686]]],"type":"Polygon"},"id":473,"properties":{"parentKey":"SVN:1159310723","sourceCountryId":"SVN","syntheticOperational":true,"territoryId":"territory:catalog:9337f694c424fc534a707964896bc6ae9d3a245a2e2b231825ececa53b198252"},"type":"Feature"},{"geometry":{"coordinates":[[[14.636967,45.853894],[14.638828,45.849346],[14.645184,45.848571],[14.651695,45.846427],[14.669213,45.837306],[14.687714,45.817979],[14.690721649485,45.81589677043],[14.690721649485,45.863309352518],[14.644855789927,45.863309352518],[14.640223,45.863309352518],[14.640223,45.862756],[14.639138,45.858726],[14.636967,45.853894]]],"type":"Polygon"},"id":474,"properties":{"parentKey":"SVN:1159308665","sourceCountryId":"SVN","syntheticOperational":true,"territoryId":"territory:catalog:65d034ff73cb5fe0f074edbe9fae8f9595001922290f1278dd39c456f6542ec6"},"type":"Feature"},{"geometry":{"coordinates":[[[14.639913,46.366369],[14.646734,46.333865],[14.670609,46.31061],[14.676862,46.299655],[14.678550313946,46.294964028777],[14.714346003758,46.294964028777],[14.731329,46.310765],[14.759219088937,46.326415460187],[14.759219088937,46.402877697842],[14.740010921691,46.402877697842],[14.739855,46.398615],[14.741871,46.395696],[14.742956,46.392879],[14.73753,46.388952],[14.726471,46.383422],[14.669369,46.364586],[14.639913,46.366369]]],"type":"Polygon"},"id":475,"properties":{"parentKey":"SVN:1159308571","sourceCountryId":"SVN","syntheticOperational":true,"territoryId":"territory:catalog:ca8a3bab79285d9ac56b0b9e396c62b75d9bc01c95d581cea0485421cdc153d8"},"type":"Feature"},{"geometry":{"coordinates":[[[15.184409312942,46.618705035971],[15.191869,46.612581],[15.19497,46.610695],[15.197295,46.609713],[15.203186,46.608241],[15.209059233449,46.60492747051],[15.209059233449,46.618705035971],[15.184409312942,46.618705035971]]],"type":"Polygon"},"id":476,"properties":{"parentKey":"SVN:1159310761","sourceCountryId":"SVN","syntheticOperational":true,"territoryId":"territory:catalog:409faad532fe5c012eb38b56c767a6c23c0b8583f6bc053b1ebb3990786d319e"},"type":"Feature"},{"geometry":{"coordinates":[[[13.893653516295,45.647482014388],[13.939746642085,45.647482014388],[13.943676,45.661141],[13.936493,45.670391],[13.962435,45.698115],[13.967861,45.705273],[13.96507,45.714109],[13.959644,45.722093],[13.955614,45.733281],[13.956699,45.739973],[13.96445,45.74434],[13.975612,45.748474],[13.981582244986,45.755395683453],[13.917525773196,45.755395683453],[13.893653516295,45.755395683453],[13.893653516295,45.647482014388]]],"type":"Polygon"},"id":477,"properties":{"parentKey":"SVN:1159310879","sourceCountryId":"SVN","syntheticOperational":true,"territoryId":"territory:catalog:d19b806a0a386921a4b628f3ec5f6099e4c63cd0429cd419e776bca9706bd90f"},"type":"Feature"},{"geometry":{"coordinates":[[[14.515370327007,46.187050359712],[14.524623,46.177078],[14.5378,46.174184],[14.561972589105,46.187050359712],[14.515370327007,46.187050359712]]],"type":"Polygon"},"id":478,"properties":{"parentKey":"SVN:1159308605","sourceCountryId":"SVN","syntheticOperational":true,"territoryId":"territory:catalog:9ec8ccf5dd7a4b8baa38528e34de94349845173960a6103457b074c54d1d7bad"},"type":"Feature"},{"geometry":{"coordinates":[[[13.981582244986,45.755395683453],[14.048027444254,45.755395683453],[14.048316235037,45.755395683453],[14.037211,45.761006],[14.015817,45.77054],[14.012251,45.771057],[14.005275,45.771367],[14.002794,45.76992],[13.989875,45.76501],[13.981582244986,45.755395683453]]],"type":"Polygon"},"id":479,"properties":{"parentKey":"SVN:1159310859","sourceCountryId":"SVN","syntheticOperational":true,"territoryId":"territory:catalog:34481974060b42bbe41e87d1e00fcb3ec0a55d0cfab778c74c331fe8c0960ced"},"type":"Feature"},{"geometry":{"coordinates":[[[14.915401301518,46.396529527432],[14.939533,46.401302],[14.949765,46.396781],[14.962994,46.394274],[14.971986,46.393448],[14.985628,46.395773],[14.993535,46.394429],[14.997876,46.392052],[15.000201,46.390295],[15.001906,46.388073],[15.002526,46.386523],[14.999891,46.377221],[15.013895,46.364457],[15.03901,46.355517],[15.066605,46.351693],[15.069758,46.371795],[15.0715835141,46.373887283103],[15.0715835141,46.402877697842],[14.941329856584,46.402877697842],[14.915401301518,46.402877697842],[14.915401301518,46.396529527432]]],"type":"Polygon"},"id":480,"properties":{"parentKey":"SVN:1159310793","sourceCountryId":"SVN","syntheticOperational":true,"territoryId":"territory:catalog:b1b8bbe7b3f080e6edf0ee6a85acaf1be6dcb3fcd2843722a85fbd72e90a2b44"},"type":"Feature"},{"geometry":{"coordinates":[[[15.095800694008,46.079136690647],[15.135834411384,46.079136690647],[15.179642217712,46.079136690647],[15.163447,46.092484],[15.12841,46.085973],[15.106344,46.093518],[15.102004,46.081348],[15.097508,46.079462],[15.095800694008,46.079136690647]]],"type":"Polygon"},"id":481,"properties":{"parentKey":"SVN:1159310759","sourceCountryId":"SVN","syntheticOperational":true,"territoryId":"territory:catalog:f80a428e50821e0224d66e22ad054e1a3d05ef1e308814bc102a0b71ccd93f60"},"type":"Feature"},{"geometry":{"coordinates":[[[15.182123631309,46.618705035971],[15.184409312942,46.618705035971],[15.183497,46.619454],[15.182123631309,46.618705035971]]],"type":"Polygon"},"id":482,"properties":{"parentKey":"SVN:1159310813","sourceCountryId":"SVN","syntheticOperational":true,"territoryId":"territory:catalog:4207832dda7e9201700faf46a0eddb0cb784bd3855b18bbf671725c96ecd8266"},"type":"Feature"},{"geometry":{"coordinates":[[[15.455911491021,46.402877697842],[15.457486,46.399881],[15.460328,46.397788],[15.463584,46.396936],[15.468855,46.397556],[15.475986,46.397737],[15.490094,46.39492],[15.494745,46.392517],[15.495675,46.389882],[15.494124,46.380839],[15.496915,46.371692],[15.502961,46.359548],[15.524562,46.350556],[15.532313,46.349962],[15.540130151844,46.345239475072],[15.540130151844,46.402877697842],[15.455911491021,46.402877697842]]],"type":"Polygon"},"id":483,"properties":{"parentKey":"SVN:1159308595","sourceCountryId":"SVN","syntheticOperational":true,"territoryId":"territory:catalog:f6b9ddcbe0d677f03a7a7b63357248b46934b2389e50d29236f271a8cb8b6c63"},"type":"Feature"},{"geometry":{"coordinates":[[[16.149825783972,46.609482460643],[16.160802,46.605889],[16.182609,46.615269],[16.185813888681,46.618705035971],[16.178010471204,46.618705035971],[16.149825783972,46.618705035971],[16.149825783972,46.609482460643]]],"type":"Polygon"},"id":484,"properties":{"parentKey":"SVN:1159310897","sourceCountryId":"SVN","syntheticOperational":true,"territoryId":"territory:catalog:866b7db3e02970d7f0a125c23be9b188057e1663f5b4b30d4a14f35f1663c167"},"type":"Feature"},{"geometry":{"coordinates":[[[14.210487547836,46.079136690647],[14.312878133103,46.079136690647],[14.312878133103,46.10004447471],[14.267326,46.106488],[14.231979,46.0999],[14.211154,46.088143],[14.210487547836,46.079136690647]]],"type":"Polygon"},"id":485,"properties":{"parentKey":"SVN:1159308557","sourceCountryId":"SVN","syntheticOperational":true,"territoryId":"territory:catalog:f83ca2f9cd63f05e06f0147ced4ee04fa6ee002cd40f9517cde1d6695a3545d9"},"type":"Feature"},{"geometry":{"coordinates":[[[15.993031358885,46.539828629581],[16.007426,46.524396],[16.020345,46.511296],[16.026547,46.521553],[16.026702,46.524757],[16.028252,46.528375],[16.026857,46.530907],[16.028252,46.533284],[16.034298,46.539149],[16.040964,46.542379],[16.045615,46.545273],[16.077758,46.541862],[16.08923,46.564083],[16.090315,46.569638],[16.079308,46.593151],[16.07228,46.588061],[16.069645,46.587286],[16.066079,46.5908],[16.060963,46.602014],[16.055847,46.605786],[16.048871,46.606251],[16.036934,46.596484],[16.031043,46.592712],[16.027322,46.58956],[16.013628,46.593694],[15.993031358885,46.589192071993],[15.993031358885,46.539828629581]]],"type":"Polygon"},"id":486,"properties":{"parentKey":"SVN:1159310903","sourceCountryId":"SVN","syntheticOperational":true,"territoryId":"territory:catalog:8636a73f10f89fca8418e81cc480fa1f4226cbc93bea6e8e3a156d34e0b1ad28"},"type":"Feature"},{"geometry":{"coordinates":[[[15.723309,46.491684],[15.723598435463,46.491315354832],[15.723598435463,46.492377152455],[15.723309,46.491684]]],"type":"Polygon"},"id":487,"properties":{"parentKey":"SVN:1159310795","sourceCountryId":"SVN","syntheticOperational":true,"territoryId":"territory:catalog:62541c16fdb5911a2d99684e348dca1662b097787e5d41bf0c613bf3cacae009"},"type":"Feature"},{"geometry":{"coordinates":[[[14.672546,46.459791],[14.675776,46.454348],[14.72213,46.447992],[14.733654,46.442385],[14.754583,46.421456],[14.769931,46.431275],[14.775667,46.431895],[14.784876140808,46.429701421671],[14.784876140808,46.504396494828],[14.783004,46.503261],[14.760887,46.496284],[14.735255,46.493339],[14.726367,46.497706],[14.709727,46.492512],[14.703733,46.487758],[14.698772,46.480962],[14.687093,46.471221],[14.679961,46.458871],[14.672546,46.459791]]],"type":"Polygon"},"id":488,"properties":{"parentKey":"SVN:1159310679","sourceCountryId":"SVN","syntheticOperational":true,"territoryId":"territory:catalog:26403d318bac709b57501c4061c6c7013106f553d9047c1b1d5a7ea8883d3105"},"type":"Feature"},{"geometry":{"coordinates":[[[15.209059233449,46.590974603021],[15.209852,46.591937],[15.211558,46.597466],[15.211558,46.601652],[15.209232,46.60483],[15.209059233449,46.60492747051],[15.209059233449,46.590974603021]]],"type":"Polygon"},"id":489,"properties":{"parentKey":"SVN:1159310813","sourceCountryId":"SVN","syntheticOperational":true,"territoryId":"territory:catalog:7e83df7da7625d205b1216d86205cb6e51344220e5ec68255de3bb8fa612839a"},"type":"Feature"},{"geometry":{"coordinates":[[[16.054114005566,46.834532374101],[16.056002,46.816057],[16.072435,46.818796],[16.077758,46.822517],[16.092021,46.830217],[16.098842,46.832077],[16.125197,46.833007],[16.124854707288,46.834532374101],[16.054114005566,46.834532374101]]],"type":"Polygon"},"id":490,"properties":{"parentKey":"SVN:1159308541","sourceCountryId":"SVN","syntheticOperational":true,"territoryId":"territory:catalog:10e9d1b3e2927555f0e79b1bf613d1a8bc3fe6cead64adfa4cf4d64c9e6db3a9"},"type":"Feature"},{"geometry":{"coordinates":[[[14.514877102199,45.997406894611],[14.533304,45.990216],[14.536095,46.00373],[14.535475,46.013057],[14.541831,46.016313],[14.562967,46.018845],[14.586996,46.015409],[14.616193,45.996676],[14.630611,45.989235],[14.660687,45.989803],[14.670116429495,45.993553785123],[14.670116429495,46.079136690647],[14.662777857179,46.079136690647],[14.657431,46.077911],[14.633092,46.076878],[14.620741812283,46.079136690647],[14.514877102199,46.079136690647],[14.514877102199,45.997406894611]]],"type":"Polygon"},"id":491,"properties":{"parentKey":"SVN:1159310719","sourceCountryId":"SVN","syntheticOperational":true,"territoryId":"territory:catalog:9078938e24bdc848724f26106c93043493f0b6121f62de575599a4e40bd9cc29"},"type":"Feature"},{"geometry":{"coordinates":[[[13.689700130378,46.430417698248],[13.69196,46.429311],[13.702347,46.430215],[13.712579,46.432257],[13.738366,46.440266],[13.750923,46.438199],[13.767356,46.433083],[13.798724,46.419958],[13.811281,46.412981],[13.817328,46.407555],[13.819984034118,46.402877697842],[13.822125813449,46.402877697842],[13.846153846154,46.402877697842],[13.846153846154,46.510791366906],[13.82138539259,46.510791366906],[13.795778,46.507886],[13.782135,46.507782],[13.764205851673,46.510791366906],[13.700764892658,46.510791366906],[13.699194,46.504837],[13.695474,46.498636],[13.689893,46.493339],[13.689700130378,46.489929459619],[13.689700130378,46.455232334622],[13.690255,46.453961],[13.689700130378,46.450173055954],[13.689700130378,46.430417698248]]],"type":"Polygon"},"id":492,"properties":{"parentKey":"SVN:1159310833","sourceCountryId":"SVN","syntheticOperational":true,"territoryId":"territory:catalog:ecefffdfc50d936f9e95eb44498867eeed29bec64d5305a606f86676d6e55fc5"},"type":"Feature"},{"geometry":{"coordinates":[[[15.322880693773,46.510791366906],[15.365853658537,46.510791366906],[15.365853658537,46.568128725893],[15.348449,46.551319],[15.33925,46.534498],[15.329173,46.524757],[15.322880693773,46.510791366906]]],"type":"Polygon"},"id":493,"properties":{"parentKey":"SVN:1159308627","sourceCountryId":"SVN","syntheticOperational":true,"territoryId":"territory:catalog:8049e9d32ccb1926fcc32eb2d260e12ad1119f1396316fc95747be45284eddd1"},"type":"Feature"},{"geometry":{"coordinates":[[[13.852261,46.00205],[13.865748,45.988769],[13.866679,45.984842],[13.87319,45.980243],[13.882957,45.97554],[13.893919793014,45.971644819649],[13.893919793014,46.067817641076],[13.887659,46.068816],[13.886109,46.066594],[13.882181,46.063287],[13.87691,46.062848],[13.867454,46.064837],[13.863578,46.063158],[13.860942,46.058739],[13.862028,46.055406],[13.864818,46.052409],[13.871019,46.049903],[13.873655,46.046802],[13.874585,46.042978],[13.87257,46.041169],[13.868229,46.040808],[13.867144,46.037164],[13.867764,46.031816],[13.867764,46.025821],[13.865903,46.006985],[13.852261,46.00205]]],"type":"Polygon"},"id":494,"properties":{"parentKey":"SVN:1159310829","sourceCountryId":"SVN","syntheticOperational":true,"territoryId":"territory:catalog:f14af26eef2ec164879905277564a1ac2186ba890be0ffcebf9f7d7ee0309f4d"},"type":"Feature"},{"geometry":{"coordinates":[[[14.784876140808,46.429701421671],[14.804089,46.425125],[14.891732,46.423549],[14.941329856584,46.439784379597],[14.941329856584,46.491999402993],[14.940618,46.492408],[14.92403,46.504784],[14.899535,46.504449],[14.894678,46.497731],[14.886151,46.49649],[14.873439,46.497317],[14.85158,46.502278],[14.836310952272,46.510791366906],[14.791210344874,46.510791366906],[14.788585,46.506646],[14.784876140808,46.504396494828],[14.784876140808,46.429701421671]]],"type":"Polygon"},"id":495,"properties":{"parentKey":"SVN:1159310679","sourceCountryId":"SVN","syntheticOperational":true,"territoryId":"territory:catalog:f6e1b524eedfbe7902260151063705efc8c5dcfabbf7e98c3b3d1f7f54c4d1e3"},"type":"Feature"},{"geometry":{"coordinates":[[[14.779602420052,46.079136690647],[14.825355756792,46.079136690647],[14.935177182368,46.079136690647],[14.935177182368,46.094624498598],[14.930696,46.094034],[14.918449,46.094086],[14.914573,46.093647],[14.911318,46.092872],[14.908062,46.093569],[14.903411,46.09574],[14.892352,46.108865],[14.891732,46.11362],[14.893127,46.116979],[14.894058,46.1215],[14.893903,46.124678],[14.890492,46.127779],[14.88181,46.129226],[14.839332,46.129588],[14.834785,46.136977],[14.806259,46.115454],[14.779602420052,46.107670498856],[14.779602420052,46.079136690647]]],"type":"Polygon"},"id":496,"properties":{"parentKey":"SVN:1159317881","sourceCountryId":"SVN","syntheticOperational":true,"territoryId":"territory:catalog:cef2900cdf2c99ad92b33b7797fec5fc89903f5a2257a8e58e7ddd53a02deb0d"},"type":"Feature"},{"geometry":{"coordinates":[[[14.00260756193,46.440959719721],[14.072764,46.414583],[14.081911,46.409209],[14.096639,46.40461],[14.1016,46.403576],[14.127851,46.406832],[14.129401,46.425125],[14.137773,46.434117],[14.140874,46.436391],[14.147933,46.440425],[14.137255,46.442438],[14.081032,46.47595],[14.066355,46.48104],[14.050026,46.484399],[14.032456,46.484709],[14.014922,46.482531],[14.014266,46.468973],[14.012251,46.460627],[14.004655,46.455459],[14.00260756193,46.454414026569],[14.00260756193,46.440959719721]]],"type":"Polygon"},"id":497,"properties":{"parentKey":"SVN:1159308677","sourceCountryId":"SVN","syntheticOperational":true,"territoryId":"territory:catalog:db41ff1de954357b39e62f58e6fecec5ebd0969e47c60e008bcee3b6636db2e0"},"type":"Feature"},{"geometry":{"coordinates":[[[15.192954,46.080883],[15.193517208385,46.079136690647],[15.246326707001,46.079136690647],[15.246326707001,46.083391586329],[15.203496,46.083699],[15.193884,46.082175],[15.192954,46.080883]]],"type":"Polygon"},"id":498,"properties":{"parentKey":"SVN:1159310777","sourceCountryId":"SVN","syntheticOperational":true,"territoryId":"territory:catalog:3147ec9ace8fde102313b548ed3198c6fd3a1f33b949bad2dee18e56fd964efd"},"type":"Feature"},{"geometry":{"coordinates":[[[14.802539,45.780281],[14.803934,45.77532],[14.813701,45.757672],[14.826878,45.757621],[14.835715,45.76054],[14.845360824742,45.759682114759],[14.845360824742,45.798574076388],[14.83711,45.796016],[14.824398,45.79798],[14.804554,45.797515],[14.802539,45.780281]]],"type":"Polygon"},"id":499,"properties":{"parentKey":"SVN:1159308633","sourceCountryId":"SVN","syntheticOperational":true,"territoryId":"territory:catalog:9b81ec6d447339f6efd10fb47681901351ba04032ceba9cf7ecd4ce33ce1db30"},"type":"Feature"},{"geometry":{"coordinates":[[[13.905699332947,46.402877697842],[13.97830802603,46.402877697842],[14.00260756193,46.402877697842],[14.00260756193,46.440959719721],[13.992356,46.444814],[13.979488,46.44223],[13.972357,46.436184],[13.96042,46.432076],[13.947242,46.42572],[13.918045,46.407504],[13.905699332947,46.402877697842]]],"type":"Polygon"},"id":500,"properties":{"parentKey":"SVN:1159310821","sourceCountryId":"SVN","syntheticOperational":true,"territoryId":"territory:catalog:9309ddbf1ad69b6c79e61ed7963d2adaeb3291bb027a3b165d9660f19fbe2b07"},"type":"Feature"},{"geometry":{"coordinates":[[[16.077758,46.541862],[16.097757,46.53902],[16.122251,46.529021],[16.142767,46.525843],[16.149825783972,46.525584774625],[16.149825783972,46.581611303097],[16.144162,46.585038],[16.138116,46.593074],[16.137496,46.595012],[16.136411,46.603099],[16.149825783972,46.601269979461],[16.149825783972,46.609482460643],[16.121655452031,46.618705035971],[16.106347707775,46.618705035971],[16.105198,46.617207],[16.112019,46.608008],[16.095586,46.60744],[16.079308,46.593151],[16.090315,46.569638],[16.08923,46.564083],[16.077758,46.541862]]],"type":"Polygon"},"id":501,"properties":{"parentKey":"SVN:1159308691","sourceCountryId":"SVN","syntheticOperational":true,"territoryId":"territory:catalog:b7ebd27b285523acc49562f49c47919a50d61dec53b4ae17de53960ce1d426b4"},"type":"Feature"},{"geometry":{"coordinates":[[[16.160802,46.605889],[16.203435,46.591937],[16.216768,46.584134],[16.247515,46.553851],[16.265964,46.569147],[16.261933,46.576279],[16.261313,46.579379],[16.259452,46.583358],[16.261933,46.589146],[16.266274,46.592919],[16.274025,46.598448],[16.300535,46.597337],[16.29821,46.617878],[16.296940014609,46.618705035971],[16.185813888681,46.618705035971],[16.182609,46.615269],[16.160802,46.605889]]],"type":"Polygon"},"id":502,"properties":{"parentKey":"SVN:1159310883","sourceCountryId":"SVN","syntheticOperational":true,"territoryId":"territory:catalog:745513f27dae3fc45a1ec1bc9d81aebcb0da093e46921e775fc02e1908bed7df"},"type":"Feature"},{"geometry":{"coordinates":[[[15.913573307442,46.618705035971],[15.913582,46.61855],[15.916373,46.610799],[15.933271,46.596407],[15.955905,46.588216],[15.978281,46.585968],[15.993031358885,46.589192071993],[15.993031358885,46.618705035971],[15.913573307442,46.618705035971]]],"type":"Polygon"},"id":503,"properties":{"parentKey":"SVN:1159309559","sourceCountryId":"SVN","syntheticOperational":true,"territoryId":"territory:catalog:c783e62b2cacb71acae906f9fb2dd42eb53407a487cca1bb527e3c0a292b6347"},"type":"Feature"},{"geometry":{"coordinates":[[[14.845360824742,45.759682114759],[14.846464,45.759584],[14.862432,45.755657],[14.862990180112,45.755395683453],[14.908823365774,45.755395683453],[14.926355,45.769196],[14.939223,45.771548],[14.982063,45.766302],[14.99648,45.779738],[15,45.781038998317],[15,45.849109945291],[14.999891,45.84914],[14.978962,45.842163],[14.967025,45.843817],[14.958963,45.848055],[14.954777,45.853429],[14.952917,45.859062],[14.949003968337,45.863309352518],[14.876848221018,45.863309352518],[14.876539,45.857098],[14.850494,45.853687],[14.847394,45.850923],[14.847394,45.845006],[14.850339,45.839838],[14.856231,45.825058],[14.855765,45.807824],[14.848944,45.799685],[14.845360824742,45.798574076388],[14.845360824742,45.759682114759]]],"type":"Polygon"},"id":504,"properties":{"parentKey":"SVN:1159308633","sourceCountryId":"SVN","syntheticOperational":true,"territoryId":"territory:catalog:d23dedaf2c4c298ab7540385294f78feaaedfcc60cb82985204212f00147e695"},"type":"Feature"},{"geometry":{"coordinates":[[[14.423031976196,46.079136690647],[14.42406,46.078247],[14.432432,46.063028],[14.434758,46.060651],[14.437238,46.056181],[14.439873,46.050213],[14.440804,46.040963],[14.440339,46.036157],[14.439563,46.033754],[14.428866,46.029025],[14.443129,46.016003],[14.455428,46.009543],[14.457754,46.005358],[14.451862,45.999699],[14.443284,45.993937],[14.435998,45.986754],[14.435533,45.979933],[14.445144,45.974093],[14.474342,45.983085],[14.480543,45.991896],[14.502919,45.997606],[14.513306,45.99802],[14.514877102199,45.997406894611],[14.514877102199,46.079136690647],[14.468452895419,46.079136690647],[14.423031976196,46.079136690647]]],"type":"Polygon"},"id":505,"properties":{"parentKey":"SVN:1159310719","sourceCountryId":"SVN","syntheticOperational":true,"territoryId":"territory:catalog:e93d9e58bd06da9d76f2d7d0c5ebf995b7abb02f83d4ca091ab76c055c2099be"},"type":"Feature"},{"geometry":{"coordinates":[[[14.356775300172,45.647482014388],[14.403080872914,45.647482014388],[14.40559908224,45.647482014388],[14.378585,45.651994],[14.369128,45.659694],[14.356775300172,45.666761242969],[14.356775300172,45.647482014388]]],"type":"Polygon"},"id":506,"properties":{"parentKey":"SVN:1159310701","sourceCountryId":"SVN","syntheticOperational":true,"territoryId":"territory:catalog:27564afa13000c29c331c7edfa7a80b42196c89cba58137b35972d609b89316d"},"type":"Feature"},{"geometry":{"coordinates":[[[15.855636704028,46.510791366906],[15.880052151239,46.510791366906],[15.931142896076,46.510791366906],[15.934201,46.518918],[15.933736,46.52269],[15.932341,46.527341],[15.930325,46.529822],[15.924124,46.534369],[15.892136,46.54641],[15.88423,46.542224],[15.872913,46.537935],[15.867642,46.533723],[15.865006,46.529486],[15.861906,46.525636],[15.860045,46.5199],[15.856945,46.515792],[15.855636704028,46.510791366906]]],"type":"Polygon"},"id":507,"properties":{"parentKey":"SVN:1159308615","sourceCountryId":"SVN","syntheticOperational":true,"territoryId":"territory:catalog:a1a512f364fd2cc1e43796084cb8d18532bce0b5545a69ded6a2042e2818eb0c"},"type":"Feature"},{"geometry":{"coordinates":[[[14.954799827809,45.863309352518],[15,45.863309352518],[15.039982460092,45.863309352518],[15.043351,45.866865],[15.050482,45.872601],[15.060404,45.878027],[15.070688,45.879784],[15.074563,45.880094],[15.082935,45.881903],[15.088671,45.886347],[15.093942,45.892961],[15.097508,45.894667],[15.102004,45.894796],[15.105414,45.891773],[15.10977184675,45.889489999652],[15.10977184675,45.971223021583],[15.025247055848,45.971223021583],[15.024127,45.970218],[14.999891,45.96443],[14.984951593525,45.971223021583],[14.980595084088,45.971223021583],[14.954799827809,45.971223021583],[14.954799827809,45.863309352518]]],"type":"Polygon"},"id":508,"properties":{"parentKey":"SVN:1159310801","sourceCountryId":"SVN","syntheticOperational":true,"territoryId":"territory:catalog:0f5a39c039d09c62839adc7e37312fb1dce5966f8b1343c9f64020115ef21890"},"type":"Feature"},{"geometry":{"coordinates":[[[14.025974025974,46.249504851821],[14.029149,46.250097],[14.085321,46.243948],[14.093538,46.246454],[14.095863,46.251906],[14.098964,46.267409],[14.10315,46.274127],[14.110591,46.28131],[14.121495,46.283041],[14.133122,46.283842],[14.166505,46.28131],[14.179063,46.284152],[14.17986517801,46.294964028777],[14.134490238612,46.294964028777],[14.025974025974,46.294964028777],[14.025974025974,46.249504851821]]],"type":"Polygon"},"id":509,"properties":{"parentKey":"SVN:1159310823","sourceCountryId":"SVN","syntheticOperational":true,"territoryId":"territory:catalog:134fe376a9da1bc29507dc8111fe5a769dbb84f223000c5171af673c35857d13"},"type":"Feature"},{"geometry":{"coordinates":[[[15.801082,46.320584],[15.825112,46.308492],[15.828988,46.327353],[15.828368,46.33371],[15.831778,46.339368],[15.837359,46.345182],[15.842165,46.346887],[15.846506,46.347456],[15.852494577006,46.349066434094],[15.852494577006,46.382124345145],[15.850227,46.381872],[15.831468,46.394791],[15.824647,46.371563],[15.821236,46.366059],[15.818756,46.359134],[15.802478,46.354949],[15.808834,46.344872],[15.811624,46.342391],[15.81333,46.338929],[15.801082,46.320584]]],"type":"Polygon"},"id":510,"properties":{"parentKey":"SVN:1159308597","sourceCountryId":"SVN","syntheticOperational":true,"territoryId":"territory:catalog:2fbc91941aed472d471fc653879a625bce3d3db19fd2caa472367e21f2c0b67b"},"type":"Feature"},{"geometry":{"coordinates":[[[13.574172,45.819028],[13.581269,45.809246],[13.588514054851,45.806482208246],[13.60824742268,45.798954464095],[13.60824742268,45.82085897012],[13.592018,45.821183],[13.574172,45.819028]]],"type":"Polygon"},"id":511,"properties":{"parentKey":"SVN:1159310869","sourceCountryId":"SVN","syntheticOperational":true,"territoryId":"territory:catalog:339bf2aa73244e0f6c5db5879e3f86771794c22dcfccd7d20cd9571b6d104a0d"},"type":"Feature"},{"geometry":{"coordinates":[[[13.609568560444,45.47371547154],[13.624107,45.462745],[13.64282,45.459448],[13.64292,45.45943],[13.65997,45.459978],[13.660024,45.460223],[13.66142,45.466476],[13.666071,45.468801],[13.667001,45.46906],[13.670876,45.47123],[13.672427,45.474201],[13.674752,45.477534],[13.677698,45.482909],[13.688705,45.490867],[13.693201,45.495389],[13.691495,45.497792],[13.68979,45.499445],[13.662763,45.50699],[13.657492,45.492159],[13.654237,45.49066],[13.64664,45.48818],[13.641679,45.489575],[13.639974,45.49097],[13.639664,45.493218],[13.633463,45.499652],[13.628657,45.502184],[13.622146,45.506758],[13.61889,45.51562],[13.61858,45.521614],[13.616565,45.525542],[13.611449,45.533552],[13.610929077219,45.538024335764],[13.609568560444,45.5378819389],[13.609568560444,45.47371547154]]],"type":"Polygon"},"id":512,"properties":{"parentKey":"SVN:1159310877","sourceCountryId":"SVN","syntheticOperational":true,"territoryId":"territory:catalog:54662e1a096049d5aad51fc7757421ad24170e5644e548353b2d97ea3be4c04c"},"type":"Feature"},{"geometry":{"coordinates":[[[15.121660937136,46.294964028777],[15.22613,46.294964028777],[15.22613,46.31738],[15.19652,46.327663],[15.181637,46.325235],[15.158486,46.336087],[15.146084,46.335803],[15.138022,46.332831],[15.131201,46.327663],[15.122829,46.316966],[15.121660937136,46.294964028777]]],"type":"Polygon"},"id":513,"properties":{"parentKey":"SVN:1159308601","sourceCountryId":"SVN","syntheticOperational":true,"territoryId":"territory:catalog:3daa11d313fa9d58ccbb595a18379b0db6dd9437ebccbe0f482724ca80a54a30"},"type":"Feature"},{"geometry":{"coordinates":[[[15.970985,46.77505],[15.977262789681,46.775341162334],[15.977262789681,46.805033849229],[15.971252,46.778076],[15.970985,46.77505]]],"type":"Polygon"},"id":514,"properties":{"parentKey":"SVN:1159310661","sourceCountryId":"SVN","syntheticOperational":true,"territoryId":"territory:catalog:838ac861e72e4ad6ec1aef0388c9c6c9e263dee442137ce8d20719e267d871ce"},"type":"Feature"},{"geometry":{"coordinates":[[[16.335078534031,46.684434304731],[16.340739,46.688882],[16.351707,46.685921],[16.356242,46.684696],[16.363935,46.694808],[16.365383,46.696712],[16.357585,46.699011],[16.357275,46.715832],[16.343426,46.714178],[16.335078534031,46.720972094265],[16.335078534031,46.684434304731]]],"type":"Polygon"},"id":515,"properties":{"parentKey":"SVN:1159310895","sourceCountryId":"SVN","syntheticOperational":true,"territoryId":"territory:catalog:a9c1b05660ba6ff5d4c341e8574d792d77b656c44e05f716f402959125f99db9"},"type":"Feature"},{"geometry":{"coordinates":[[[14.458684,46.193253],[14.459997280456,46.187050359712],[14.468452895419,46.187050359712],[14.493506493506,46.187050359712],[14.493506493506,46.20348866638],[14.462869,46.206146],[14.467365,46.198886],[14.4669,46.198059],[14.458684,46.193253]]],"type":"Polygon"},"id":516,"properties":{"parentKey":"SVN:1159310809","sourceCountryId":"SVN","syntheticOperational":true,"territoryId":"territory:catalog:32f40b30a8bbe69ac5b882aa54c53d586e002aaceaaceac353b38f011e17203f"},"type":"Feature"},{"geometry":{"coordinates":[[[14.446693440952,45.971223021583],[14.459149,45.948152],[14.458839,45.937119],[14.463955,45.920608],[14.4669,45.905984],[14.489883770986,45.88116192267],[14.489883770986,45.971223021583],[14.446693440952,45.971223021583]]],"type":"Polygon"},"id":517,"properties":{"parentKey":"SVN:1159310699","sourceCountryId":"SVN","syntheticOperational":true,"territoryId":"territory:catalog:5ebe7879574ed0e587bbdd54dc9e1219ae417421037bd9c46682144ca5fdc99c"},"type":"Feature"},{"geometry":{"coordinates":[[[15.066128,45.473934],[15.136579731925,45.431654676259],[15.147372917557,45.431654676259],[15.147372917557,45.539568345324],[15.078815469097,45.539568345324],[15.073168,45.534224],[15.069758,45.522855],[15.073013,45.517067],[15.079679,45.514535],[15.090531,45.516447],[15.101539,45.519444],[15.113011,45.520323],[15.120762,45.516499],[15.121279,45.511641],[15.118127,45.508747],[15.103709,45.506396],[15.092857,45.502443],[15.086656,45.499187],[15.074873,45.488955],[15.066128,45.473934]]],"type":"Polygon"},"id":518,"properties":{"parentKey":"SVN:1159310681","sourceCountryId":"SVN","syntheticOperational":true,"territoryId":"territory:catalog:077fe6c3cf77d92dde7bdf6fa4107de271206f6b6c3a15f06e9cdda262819602"},"type":"Feature"},{"geometry":{"coordinates":[[[14.915401301518,46.308262810254],[14.924805,46.310042],[14.947749,46.323633],[14.953847,46.325803],[14.959893,46.324589],[14.966405,46.318723],[14.97059,46.302936],[14.984853,46.31229],[14.988729,46.316966],[14.990124,46.322548],[14.999891,46.333115],[15.008418,46.337198],[15.000356,46.349988],[14.998651,46.355982],[14.999891,46.377221],[15.002526,46.386523],[15.001906,46.388073],[15.000201,46.390295],[14.997876,46.392052],[14.993535,46.394429],[14.985628,46.395773],[14.971986,46.393448],[14.962994,46.394274],[14.949765,46.396781],[14.939533,46.401302],[14.915401301518,46.396529527432],[14.915401301518,46.308262810254]]],"type":"Polygon"},"id":519,"properties":{"parentKey":"SVN:1159310743","sourceCountryId":"SVN","syntheticOperational":true,"territoryId":"territory:catalog:008340bfac34fe337935bcbf9af1eb1c4328e5e4b0dedf06b5ae944d6e4abfb7"},"type":"Feature"},{"geometry":{"coordinates":[[[13.763348996155,45.461363345377],[13.806526,45.442137],[13.819859,45.432628],[13.82421015044,45.431654676259],[13.901862274856,45.431654676259],[13.908432,45.438881],[13.917129431867,45.444895137166],[13.917129431867,45.539568345324],[13.786906290116,45.539568345324],[13.763348996155,45.539568345324],[13.763348996155,45.461363345377]]],"type":"Polygon"},"id":520,"properties":{"parentKey":"SVN:1159310873","sourceCountryId":"SVN","syntheticOperational":true,"territoryId":"territory:catalog:5b6fff2ef7697b63b9be2ba68722218b598fc6fca93606da602775084760998d"},"type":"Feature"},{"geometry":{"coordinates":[[[13.87012987013,46.187050359712],[13.974690965535,46.187050359712],[13.989255,46.194597],[14.004965,46.219866],[14.00512,46.226559],[13.997006,46.239297],[13.997006,46.2394],[13.894946,46.229995],[13.880631,46.230124],[13.87012987013,46.231235992251],[13.87012987013,46.187050359712]]],"type":"Polygon"},"id":521,"properties":{"parentKey":"SVN:1159310843","sourceCountryId":"SVN","syntheticOperational":true,"territoryId":"territory:catalog:fb92385ab953b6ca7c4d4bbde5d1e20a1be2625d54c9d7de8edd2b91706404a4"},"type":"Feature"},{"geometry":{"coordinates":[[[13.992356,46.444814],[14.00260756193,46.440959719721],[14.00260756193,46.454414026569],[13.999694,46.452927],[13.992356,46.444814]]],"type":"Polygon"},"id":522,"properties":{"parentKey":"SVN:1159308677","sourceCountryId":"SVN","syntheticOperational":true,"territoryId":"territory:catalog:f850ffcfae6d170083b0224916d56f4492e89c933c270961b1d39cf0521a3d25"},"type":"Feature"},{"geometry":{"coordinates":[[[14.709991027373,46.079136690647],[14.712678429084,46.079136690647],[14.712363,46.079307],[14.709991027373,46.079136690647]]],"type":"Polygon"},"id":523,"properties":{"parentKey":"SVN:1159310719","sourceCountryId":"SVN","syntheticOperational":true,"territoryId":"territory:catalog:9b558df40f55b47ef2689b7f85020ff9f1f8cf49f0374d40bc00a829181c1002"},"type":"Feature"},{"geometry":{"coordinates":[[[13.715023676281,45.863309352518],[13.762886597938,45.863309352518],[13.797015070936,45.863309352518],[13.794848,45.864953],[13.791283,45.868828],[13.786942,45.87273],[13.768907,45.885313],[13.755109,45.891385],[13.747048,45.898284],[13.738831,45.901798],[13.73387,45.903245],[13.732785,45.905855],[13.746582,45.91265],[13.753094,45.914278],[13.774384,45.931977],[13.798879,45.960864],[13.81936256945,45.971223021583],[13.738680465718,45.971223021583],[13.715023676281,45.971223021583],[13.715023676281,45.863309352518]]],"type":"Polygon"},"id":524,"properties":{"parentKey":"SVN:1159308681","sourceCountryId":"SVN","syntheticOperational":true,"territoryId":"territory:catalog:2fec8f55b6cdb5f925ee282bb6f0bb78823a1c441b023b0925d4ee575b57ee67"},"type":"Feature"},{"geometry":{"coordinates":[[[15.227765726681,46.294964028777],[15.272727272727,46.294964028777],[15.281711859672,46.294964028777],[15.270055,46.307303],[15.240135,46.320532],[15.227765726681,46.3177481407],[15.227765726681,46.294964028777]]],"type":"Polygon"},"id":525,"properties":{"parentKey":"SVN:1159310671","sourceCountryId":"SVN","syntheticOperational":true,"territoryId":"territory:catalog:d305b86e37fb83c89f8058a53568a8a8c4ee640111304a537dd6ab0f3a95afd5"},"type":"Feature"},{"geometry":{"coordinates":[[[14.489883770986,45.88116192267],[14.490155,45.880869],[14.50788,45.884538],[14.530669,45.87875],[14.542606,45.872575],[14.549738,45.87043],[14.554854,45.867847],[14.561727,45.867278],[14.570098,45.867562],[14.58126,45.874513],[14.586531,45.882316],[14.585291,45.896269],[14.566687,45.901979],[14.564517,45.904744],[14.564982,45.910428],[14.563742,45.915027],[14.560486,45.918619],[14.556869,45.921125],[14.56152,45.943656],[14.55997,45.955128],[14.554475685564,45.971223021583],[14.514877102199,45.971223021583],[14.489883770986,45.971223021583],[14.489883770986,45.88116192267]]],"type":"Polygon"},"id":526,"properties":{"parentKey":"SVN:1159310699","sourceCountryId":"SVN","syntheticOperational":true,"territoryId":"territory:catalog:3fa3b356e33b7753b7d09d0a1da633e7bc0d63c711ffdbec49c36bfd5d91e107"},"type":"Feature"},{"geometry":{"coordinates":[[[14.072164948454,45.755395683453],[14.202401372213,45.755395683453],[14.226804123711,45.755395683453],[14.226804123711,45.861361360896],[14.222006,45.862834],[14.220898943359,45.863309352518],[14.179939733104,45.863309352518],[14.11647775275,45.863309352518],[14.096639,45.851853],[14.093073,45.84883],[14.072164948454,45.84354541061],[14.072164948454,45.755395683453]]],"type":"Polygon"},"id":527,"properties":{"parentKey":"SVN:1159310755","sourceCountryId":"SVN","syntheticOperational":true,"territoryId":"territory:catalog:9608c4c70ed4a474afa6cbd9de6d27c9bf3f0330c9657f2d6aa6905a3e01e125"},"type":"Feature"},{"geometry":{"coordinates":[[[14.624027657736,46.100529607221],[14.629216,46.102225],[14.65309,46.113051],[14.666423,46.117625],[14.687249,46.117289],[14.689419,46.12566],[14.683373,46.128218],[14.679342,46.130854],[14.675156,46.13274],[14.674536,46.138889],[14.683838,46.143954],[14.676086,46.150749],[14.667973,46.152429],[14.664408,46.153772],[14.661307,46.156459],[14.658516,46.159302],[14.655106,46.160878],[14.65154,46.161472],[14.650455,46.164573],[14.65247,46.170309],[14.663477,46.185708],[14.665430012726,46.187050359712],[14.649350649351,46.187050359712],[14.624027657736,46.187050359712],[14.624027657736,46.100529607221]]],"type":"Polygon"},"id":528,"properties":{"parentKey":"SVN:1159308559","sourceCountryId":"SVN","syntheticOperational":true,"territoryId":"territory:catalog:d3f11c030bdf587775265fc7282cfd2d11403ea483d3119497af942ec337df72"},"type":"Feature"},{"geometry":{"coordinates":[[[14.025974025974,46.187050359712],[14.157303370787,46.187050359712],[14.16837603418,46.187050359712],[14.169761,46.188706],[14.181818181818,46.191557314198],[14.181818181818,46.273438304555],[14.166505,46.28131],[14.133122,46.283842],[14.121495,46.283041],[14.110591,46.28131],[14.10315,46.274127],[14.098964,46.267409],[14.095863,46.251906],[14.093538,46.246454],[14.085321,46.243948],[14.029149,46.250097],[14.025974025974,46.249504851821],[14.025974025974,46.187050359712]]],"type":"Polygon"},"id":529,"properties":{"parentKey":"SVN:1159310847","sourceCountryId":"SVN","syntheticOperational":true,"territoryId":"territory:catalog:0cb46c19790b8131c6abef2e634fc1692fa736d0e47d18836809c8ee8298893a"},"type":"Feature"},{"geometry":{"coordinates":[[[14.313427204075,45.755395683453],[14.323188,45.754107],[14.327684,45.739818],[14.356775300172,45.723743636852],[14.356775300172,45.755395683453],[14.313427204075,45.755395683453]]],"type":"Polygon"},"id":530,"properties":{"parentKey":"SVN:1159310677","sourceCountryId":"SVN","syntheticOperational":true,"territoryId":"territory:catalog:5cc8ef24c41ba8c8866444599a8e4e3b66966545dd7bd9cb5283655cc51ddd19"},"type":"Feature"},{"geometry":{"coordinates":[[[14.901702336678,46.402877697842],[14.902171,46.393913],[14.915401301518,46.396529527432],[14.915401301518,46.402877697842],[14.901702336678,46.402877697842]]],"type":"Polygon"},"id":531,"properties":{"parentKey":"SVN:1159310793","sourceCountryId":"SVN","syntheticOperational":true,"territoryId":"territory:catalog:278e6e91d10afa78dfdc4363895c799ce351c185a335eee86c8e256a8c0050f7"},"type":"Feature"},{"geometry":{"coordinates":[[[15.601552393273,46.0681622538],[15.607554,46.065871],[15.623522,46.076361],[15.623605,46.076415],[15.619911824002,46.079136690647],[15.601552393273,46.079136690647],[15.601552393273,46.0681622538]]],"type":"Polygon"},"id":532,"properties":{"parentKey":"SVN:1159308577","sourceCountryId":"SVN","syntheticOperational":true,"territoryId":"territory:catalog:92deec0bdcf33593f4489f5c1a60126f74027e4e88d2f0bf8392e8ab7ac049fc"},"type":"Feature"},{"geometry":{"coordinates":[[[14.337662337662,46.187050359712],[14.363282944332,46.187050359712],[14.363082,46.18793],[14.364943,46.191651],[14.367113,46.194519],[14.365408,46.195579],[14.349595,46.192478],[14.337968,46.192917],[14.337662337662,46.1930051124],[14.337662337662,46.187050359712]]],"type":"Polygon"},"id":533,"properties":{"parentKey":"SVN:1159310841","sourceCountryId":"SVN","syntheticOperational":true,"territoryId":"territory:catalog:9ad3c7717ceeed8be466ff6957e6d52128ad29bb1cbc9ef9eab9a58edc04a799"},"type":"Feature"},{"geometry":{"coordinates":[[[15.172557,46.64136],[15.173679,46.637774],[15.181637,46.629557],[15.183962,46.625578],[15.183497,46.619454],[15.184409312942,46.618705035971],[15.209059233449,46.618705035971],[15.235602094241,46.618705035971],[15.235602094241,46.640071685558],[15.204891,46.638963],[15.172557,46.64136]]],"type":"Polygon"},"id":534,"properties":{"parentKey":"SVN:1159310761","sourceCountryId":"SVN","syntheticOperational":true,"territoryId":"territory:catalog:1938f3571a77459948249fc78ec9e1d9f94d6c887b95f02d25158468371913c2"},"type":"Feature"},{"geometry":{"coordinates":[[[15.339405,46.229039],[15.361781,46.222373],[15.363796,46.21891],[15.366432,46.213045],[15.364106,46.206689],[15.363506151885,46.187050359712],[15.401901469317,46.187050359712],[15.428571428571,46.187050359712],[15.428571428571,46.294964028777],[15.383947939262,46.294964028777],[15.37963419906,46.294964028777],[15.379919,46.294642],[15.378059,46.28963],[15.374183,46.286917],[15.369533,46.282395],[15.363796,46.280095],[15.358525,46.260536],[15.3562,46.250846],[15.351549,46.246738],[15.343591,46.241803],[15.339405,46.229039]]],"type":"Polygon"},"id":535,"properties":{"parentKey":"SVN:1159308593","sourceCountryId":"SVN","syntheticOperational":true,"territoryId":"territory:catalog:4e68865dcd10587733e35361b9645d5eb880de3bad926c3ed135bda117eb9073"},"type":"Feature"},{"geometry":{"coordinates":[[[14.199650107861,46.402877697842],[14.253967934044,46.402877697842],[14.252908,46.413498],[14.23818,46.425254],[14.223143,46.421766],[14.214564,46.416986],[14.200147,46.403835],[14.199650107861,46.402877697842]]],"type":"Polygon"},"id":536,"properties":{"parentKey":"SVN:1159310839","sourceCountryId":"SVN","syntheticOperational":true,"territoryId":"territory:catalog:86864f38475219f4bd583ba09bfa8a5d25180ddb93b52dc8be9fdf50b66da0bc"},"type":"Feature"},{"geometry":{"coordinates":[[[14.839812046134,45.459234684942],[14.881603,45.469784],[14.900826,45.493142],[14.904444,45.514432],[14.922634,45.514949],[14.945372,45.50451],[14.962631,45.493142],[14.977341,45.491728],[14.977205,45.491952],[14.965319,45.511538],[14.943874,45.525413],[14.937828,45.526317],[14.929766,45.525413],[14.913798,45.521976],[14.901706,45.521382],[14.885221,45.524147],[14.870338,45.530296],[14.864602,45.531149],[14.858246,45.529779],[14.848479,45.524172],[14.845844,45.520271],[14.843518,45.51376],[14.839812046134,45.506883322788],[14.839812046134,45.459234684942]]],"type":"Polygon"},"id":537,"properties":{"parentKey":"SVN:1159308649","sourceCountryId":"SVN","syntheticOperational":true,"territoryId":"territory:catalog:1ca7595967a33afe6c3ad91fd68dc3a415ac5be489e396857550f045d6a317b5"},"type":"Feature"},{"geometry":{"coordinates":[[[14.795872,45.7431],[14.819897084048,45.729283990709],[14.819897084048,45.755395683453],[14.810915902023,45.755395683453],[14.795872,45.7431]]],"type":"Polygon"},"id":538,"properties":{"parentKey":"SVN:1159308563","sourceCountryId":"SVN","syntheticOperational":true,"territoryId":"territory:catalog:57ec9da22997715a4097593aa3356f8cc054c8be7a4de7504fb65e27466245b2"},"type":"Feature"},{"geometry":{"coordinates":[[[13.97830802603,46.294964028777],[14.025974025974,46.294964028777],[14.134490238612,46.294964028777],[14.134490238612,46.304890906144],[14.111108,46.306709],[14.1016,46.298931],[14.097259,46.300947],[14.091523,46.310662],[14.086717,46.31601],[14.08005,46.316631],[14.074159,46.314744],[14.065788,46.312936],[14.057881,46.312109],[14.043567,46.315235],[14.033955,46.321333],[14.028374,46.326268],[14.022328,46.330351],[14.009305,46.336397],[13.998247,46.337947],[13.983209,46.347662],[13.97830802603,46.348857365773],[13.97830802603,46.294964028777]]],"type":"Polygon"},"id":539,"properties":{"parentKey":"SVN:1159310823","sourceCountryId":"SVN","syntheticOperational":true,"territoryId":"territory:catalog:3104266c64116ab058d5af0233f6f942b1776dfe18fb973988c1327607b37635"},"type":"Feature"},{"geometry":{"coordinates":[[[16.134674245737,46.821782674438],[16.136411,46.829442],[16.134674245737,46.829994124928],[16.134674245737,46.821782674438]]],"type":"Polygon"},"id":540,"properties":{"parentKey":"SVN:1159308553","sourceCountryId":"SVN","syntheticOperational":true,"territoryId":"territory:catalog:3d9bc43721c165abdfbc492458017d923448c160c457eaf8a0fa9b45fbf8ecd7"},"type":"Feature"},{"geometry":{"coordinates":[[[16.292085701793,46.726618705036],[16.33049918832,46.726618705036],[16.325546,46.733273],[16.314177,46.743324],[16.300431,46.772082],[16.298157,46.775802],[16.29949,46.77951],[16.298726,46.779186],[16.296349,46.778179],[16.292085701793,46.777393065209],[16.292085701793,46.726618705036]]],"type":"Polygon"},"id":541,"properties":{"parentKey":"SVN:1159310895","sourceCountryId":"SVN","syntheticOperational":true,"territoryId":"territory:catalog:dbeeef2a40bdec4870639bc9d31c5fa6cbc7058b67f4d27dcfa574e5eabbd36d"},"type":"Feature"},{"geometry":{"coordinates":[[[15.993031358885,46.521335412644],[16.007426,46.524396],[15.993031358885,46.539828629581],[15.993031358885,46.521335412644]]],"type":"Polygon"},"id":542,"properties":{"parentKey":"SVN:1159308697","sourceCountryId":"SVN","syntheticOperational":true,"territoryId":"territory:catalog:2b4fea4424d33cf6f60075cdf3d8a808a3e8c36e484d64f1b791d0c81228e30f"},"type":"Feature"},{"geometry":{"coordinates":[[[14.665523156089,45.690855412768],[14.667198,45.689408],[14.676552,45.683103],[14.708022,45.675559],[14.72058,45.669771],[14.731174,45.667316],[14.733034,45.664216],[14.735204,45.659487],[14.734584,45.65556],[14.735204,45.652149],[14.732123988207,45.647482014388],[14.776577250345,45.647482014388],[14.777837,45.648687],[14.788276,45.663466],[14.789361,45.674112],[14.819897084048,45.723810699767],[14.819897084048,45.729283990709],[14.795872,45.7431],[14.778111659572,45.755395683453],[14.690721649485,45.755395683453],[14.677813425778,45.755395683453],[14.677482,45.750644],[14.665523156089,45.72663811625],[14.665523156089,45.690855412768]]],"type":"Polygon"},"id":543,"properties":{"parentKey":"SVN:1159308589","sourceCountryId":"SVN","syntheticOperational":true,"territoryId":"territory:catalog:4873294073aba2d0993b6b1a68594c9e89375abfb510bd2ca19799141c57918b"},"type":"Feature"},{"geometry":{"coordinates":[[[14.111108,46.306709],[14.134490238612,46.304890906144],[14.134490238612,46.333671236008],[14.132502,46.330041],[14.129091,46.325958],[14.116224,46.318207],[14.111108,46.306709]]],"type":"Polygon"},"id":544,"properties":{"parentKey":"SVN:1159310839","sourceCountryId":"SVN","syntheticOperational":true,"territoryId":"territory:catalog:811ece504f8a047e71e26ee7e00c377f21ed7ab8f5a5116550c6e75dd48dec2a"},"type":"Feature"},{"geometry":{"coordinates":[[[14.426463412922,46.402877697842],[14.446854663774,46.402877697842],[14.471968709257,46.402877697842],[14.471968709257,46.413379014787],[14.467675,46.412672],[14.450931,46.414481],[14.437145,46.418884],[14.434292,46.416082],[14.426463412922,46.402877697842]]],"type":"Polygon"},"id":545,"properties":{"parentKey":"SVN:1159308631","sourceCountryId":"SVN","syntheticOperational":true,"territoryId":"territory:catalog:0b65afcde99926b9b92911dfb8b4c28edf9f9944d473b21f6dbef8fcbbe03344"},"type":"Feature"},{"geometry":{"coordinates":[[[14.493506493506,46.20348866638],[14.500697,46.202865],[14.552528,46.243198],[14.564052,46.247255],[14.566687,46.25002],[14.568548,46.253559],[14.569478,46.257539],[14.569943,46.261466],[14.558626,46.274488],[14.553303,46.278623],[14.550358,46.289371],[14.546382656412,46.294964028777],[14.493506493506,46.294964028777],[14.493506493506,46.20348866638]]],"type":"Polygon"},"id":546,"properties":{"parentKey":"SVN:1159310675","sourceCountryId":"SVN","syntheticOperational":true,"territoryId":"territory:catalog:6fe53b4071567f7f300b6d333764b5e9422656c9d13ba639785a7e4d35cbd926"},"type":"Feature"},{"geometry":{"coordinates":[[[14.312878133103,46.10004447471],[14.325048,46.098323],[14.33063,46.113361],[14.327839,46.118632],[14.33094,46.126901],[14.337813,46.1346],[14.357346,46.145349],[14.369128,46.147184],[14.3775,46.150207],[14.382306,46.155426],[14.384166,46.158165],[14.39383,46.160335],[14.385096,46.176355],[14.379825,46.181471],[14.371764,46.182969],[14.368043,46.182349],[14.364168,46.183176],[14.363282944332,46.187050359712],[14.337662337662,46.187050359712],[14.312878133103,46.187050359712],[14.312878133103,46.10004447471]]],"type":"Polygon"},"id":547,"properties":{"parentKey":"SVN:1159310841","sourceCountryId":"SVN","syntheticOperational":true,"territoryId":"territory:catalog:508b07ba4c9712244bfffcb44c3e4bf95d10a2f01a2c609693f831bd9766ca40"},"type":"Feature"},{"geometry":{"coordinates":[[[15.409892,46.402877697842],[15.410691003911,46.402877697842],[15.410691003911,46.406187450601],[15.409892,46.405488],[15.409892,46.402877697842]]],"type":"Polygon"},"id":548,"properties":{"parentKey":"SVN:1159308607","sourceCountryId":"SVN","syntheticOperational":true,"territoryId":"territory:catalog:fd46e607a2a25669a755075a73ac7042a5eb65f12fb185992e202d24019bdb7e"},"type":"Feature"},{"geometry":{"coordinates":[[[13.936493,45.670391],[13.943676,45.661141],[13.939746642085,45.647482014388],[13.940949935815,45.647482014388],[14.048027444254,45.647482014388],[14.048027444254,45.755395683453],[13.981582244986,45.755395683453],[13.975612,45.748474],[13.96445,45.74434],[13.956699,45.739973],[13.955614,45.733281],[13.959644,45.722093],[13.96507,45.714109],[13.967861,45.705273],[13.962435,45.698115],[13.936493,45.670391]]],"type":"Polygon"},"id":549,"properties":{"parentKey":"SVN:1159310859","sourceCountryId":"SVN","syntheticOperational":true,"territoryId":"territory:catalog:d1f2c79f6927821ca92a68f0308622df42eb0001291370ee336a730dd9213965"},"type":"Feature"},{"geometry":{"coordinates":[[[14.628422425033,46.402877697842],[14.740010921691,46.402877697842],[14.740165,46.40709],[14.754583,46.421456],[14.733654,46.442385],[14.72213,46.447992],[14.675776,46.454348],[14.672546,46.459791],[14.666629,46.460524],[14.662081,46.459698],[14.642031,46.445228],[14.631696,46.440577],[14.628422425033,46.439908969646],[14.628422425033,46.402877697842]]],"type":"Polygon"},"id":550,"properties":{"parentKey":"SVN:1159308661","sourceCountryId":"SVN","syntheticOperational":true,"territoryId":"territory:catalog:7c8ca2d2713df29a01c0e9fb110db38b2eeb89842354c7cdeb257b1e68d595f5"},"type":"Feature"},{"geometry":{"coordinates":[[[14.434987029032,45.863309352518],[14.435843,45.862937],[14.440420703297,45.863309352518],[14.434987029032,45.863309352518]]],"type":"Polygon"},"id":551,"properties":{"parentKey":"SVN:1159310669","sourceCountryId":"SVN","syntheticOperational":true,"territoryId":"territory:catalog:eb275ee0b4d706fef7b3a9352fa6f1230dce27a4c52560d629c9a57ee6b5061e"},"type":"Feature"},{"geometry":{"coordinates":[[[15.22613,46.294964028777],[15.227765726681,46.294964028777],[15.227765726681,46.3177481407],[15.22613,46.31738],[15.22613,46.294964028777]]],"type":"Polygon"},"id":552,"properties":{"parentKey":"SVN:1159310671","sourceCountryId":"SVN","syntheticOperational":true,"territoryId":"territory:catalog:41125994094ccd1cdb57967c127e0a670e66d3e892dc8d9ea2dcf7d8804f73fe"},"type":"Feature"},{"geometry":{"coordinates":[[[15.852494577006,46.382124345145],[15.869502,46.384017],[15.871207,46.389572],[15.869347,46.391536],[15.863456,46.393448],[15.860355,46.395385],[15.857875,46.39784],[15.85896,46.400476],[15.858836856379,46.402877697842],[15.852494577006,46.402877697842],[15.852494577006,46.382124345145]]],"type":"Polygon"},"id":553,"properties":{"parentKey":"SVN:1159308609","sourceCountryId":"SVN","syntheticOperational":true,"territoryId":"territory:catalog:181ebb1a9d2fc8a327c25cb732d29566404ac1d7c156e93ae15ee21123e9a9f5"},"type":"Feature"},{"geometry":{"coordinates":[[[15.549738219895,46.618705035971],[15.612838371126,46.618705035971],[15.605384,46.622064],[15.598407,46.628059],[15.590811,46.630384],[15.570761,46.629971],[15.549738219895,46.633874381414],[15.549738219895,46.618705035971]]],"type":"Polygon"},"id":554,"properties":{"parentKey":"SVN:1159308671","sourceCountryId":"SVN","syntheticOperational":true,"territoryId":"territory:catalog:87c5990393ba1eae27c78ca2809e9e17bc97209a9180d6064200dcde9cae8fc1"},"type":"Feature"},{"geometry":{"coordinates":[[[14.949003968337,45.863309352518],[14.952917,45.859062],[14.954777,45.853429],[14.958963,45.848055],[14.967025,45.843817],[14.978962,45.842163],[14.999891,45.84914],[15,45.849109945291],[15,45.863309352518],[14.954799827809,45.863309352518],[14.949003968337,45.863309352518]]],"type":"Polygon"},"id":555,"properties":{"parentKey":"SVN:1159310801","sourceCountryId":"SVN","syntheticOperational":true,"territoryId":"territory:catalog:54dd7341f58c43210dadc18d618f567e6f77f6904c69e4eaba54cceac76ab94d"},"type":"Feature"},{"geometry":{"coordinates":[[[16.007467797552,46.618705035971],[16.013628,46.593694],[16.027322,46.58956],[16.031043,46.592712],[16.036934,46.596484],[16.048871,46.606251],[16.055847,46.605786],[16.060963,46.602014],[16.066079,46.5908],[16.069645,46.587286],[16.07228,46.588061],[16.079308,46.593151],[16.095586,46.60744],[16.112019,46.608008],[16.105198,46.617207],[16.106347707775,46.618705035971],[16.020942408377,46.618705035971],[16.007467797552,46.618705035971]]],"type":"Polygon"},"id":556,"properties":{"parentKey":"SVN:1159310659","sourceCountryId":"SVN","syntheticOperational":true,"territoryId":"territory:catalog:47193aef244370f2079ebb9065f2a5cfb84edbc3e01738abd070c914c412f201"},"type":"Feature"},{"geometry":{"coordinates":[[[15.969702,46.760532],[15.970529,46.743014],[15.977262789681,46.728651282104],[15.977262789681,46.775341162334],[15.970985,46.77505],[15.969702,46.760532]]],"type":"Polygon"},"id":557,"properties":{"parentKey":"SVN:1159309555","sourceCountryId":"SVN","syntheticOperational":true,"territoryId":"territory:catalog:40105452c8c81266eb4f3364b84c15db337de00488ec55faf605ab044faa52dd"},"type":"Feature"},{"geometry":{"coordinates":[[[14.089507,45.574686],[14.090437,45.57019],[14.093693,45.567451],[14.094993581515,45.567719240798],[14.094993581515,45.588348261779],[14.093693,45.586546],[14.089507,45.574686]]],"type":"Polygon"},"id":558,"properties":{"parentKey":"SVN:1159310701","sourceCountryId":"SVN","syntheticOperational":true,"territoryId":"territory:catalog:8e76175c6fb545f6c7e41d957cebbd9f8da84c6afbaafd74c2581997abe62b64"},"type":"Feature"},{"geometry":{"coordinates":[[[14.11647775275,45.863309352518],[14.179939733104,45.863309352518],[14.179939733104,45.875364242686],[14.179063,45.875495],[14.125991,45.868803],[14.11647775275,45.863309352518]]],"type":"Polygon"},"id":559,"properties":{"parentKey":"SVN:1159310755","sourceCountryId":"SVN","syntheticOperational":true,"territoryId":"territory:catalog:08ffca75d1cb90288d05193d6a3ea3843a0377dff09c9332a5448dabe306b4e0"},"type":"Feature"},{"geometry":{"coordinates":[[[15.696312364425,46.294964028777],[15.709588032352,46.294964028777],[15.711837,46.296864],[15.714938,46.303246],[15.719589,46.311334],[15.721294,46.325235],[15.721449,46.336733],[15.716023,46.344097],[15.708892,46.346629],[15.696312364425,46.348015113691],[15.696312364425,46.294964028777]]],"type":"Polygon"},"id":560,"properties":{"parentKey":"SVN:1159308595","sourceCountryId":"SVN","syntheticOperational":true,"territoryId":"territory:catalog:7706fa3987fa1de08cf7159cc2818530de45482d7a911235f2961fd1d119896b"},"type":"Feature"},{"geometry":{"coordinates":[[[13.687,46.43174],[13.689700130378,46.430417698248],[13.689700130378,46.450173055954],[13.687,46.43174]]],"type":"Polygon"},"id":561,"properties":{"parentKey":"SVN:1159310833","sourceCountryId":"SVN","syntheticOperational":true,"territoryId":"territory:catalog:f114f388e17d86b854e2d34940a7e6bb6e3ffdee65de420a85ed2c3eb6cecfd8"},"type":"Feature"},{"geometry":{"coordinates":[[[14.386182,45.707495],[14.393365,45.689305],[14.416619,45.670753],[14.425766,45.661606],[14.426139799278,45.647482014388],[14.51114922813,45.647482014388],[14.51114922813,45.730729751879],[14.50819,45.731111],[14.478372,45.747854],[14.410573,45.710078],[14.386182,45.707495]]],"type":"Polygon"},"id":562,"properties":{"parentKey":"SVN:1159308569","sourceCountryId":"SVN","syntheticOperational":true,"territoryId":"territory:catalog:e41fa5ca58ff667d5ee80b37798daeaa7de8adfbc389a8df605a76cfc7361c26"},"type":"Feature"},{"geometry":{"coordinates":[[[15.446313065977,45.971223021583],[15.571404498456,45.971223021583],[15.571381,45.972233],[15.58368,45.993989],[15.56859,45.997761],[15.564714,45.999983],[15.563939,46.004634],[15.559443,46.017114],[15.548436,46.044115],[15.537739,46.052642],[15.524872,46.059256],[15.51743,46.059876],[15.492574,46.067679],[15.446313065977,46.064955346648],[15.446313065977,45.971223021583]]],"type":"Polygon"},"id":563,"properties":{"parentKey":"SVN:1159310711","sourceCountryId":"SVN","syntheticOperational":true,"territoryId":"territory:catalog:9ffb3e2ca64ae034324a9373f375c965ac1f711527d35e7656f8760a6dca61da"},"type":"Feature"},{"geometry":{"coordinates":[[[15.857875,46.39784],[15.860355,46.395385],[15.863456,46.393448],[15.869347,46.391536],[15.871207,46.389572],[15.869502,46.384017],[15.896322,46.396858],[15.904074,46.393603],[15.92531830022,46.402877697842],[15.880052151239,46.402877697842],[15.858836856379,46.402877697842],[15.85896,46.400476],[15.857875,46.39784]]],"type":"Polygon"},"id":564,"properties":{"parentKey":"SVN:1159308583","sourceCountryId":"SVN","syntheticOperational":true,"territoryId":"territory:catalog:94aed369f3156cfe9074c89fcfc171f1ccb4b6b530ccab236d38f96ee79af58a"},"type":"Feature"},{"geometry":{"coordinates":[[[15.373563,46.300378],[15.376354,46.298673],[15.37963419906,46.294964028777],[15.383947939262,46.294964028777],[15.383947939262,46.307760936431],[15.376509,46.311334],[15.373563,46.300378]]],"type":"Polygon"},"id":565,"properties":{"parentKey":"SVN:1159308593","sourceCountryId":"SVN","syntheticOperational":true,"territoryId":"territory:catalog:7cc3cb5893c69d5b4fd00b5af06c1af19496d2e88603194d061217ff38301a17"},"type":"Feature"},{"geometry":{"coordinates":[[[15.073633,45.601946],[15.079989,45.589879],[15.079059,45.583988],[15.08371,45.574738],[15.083555,45.563576],[15.088981,45.558511],[15.100608,45.550631],[15.100608,45.546083],[15.097198,45.544921],[15.093942,45.546161],[15.090066,45.546419],[15.086811,45.544352],[15.08185,45.54244],[15.078815469097,45.539568345324],[15.147372917557,45.539568345324],[15.173299101412,45.539568345324],[15.173299101412,45.617160603486],[15.15585,45.610524],[15.150734,45.606364],[15.147479,45.60285],[15.146084,45.600679],[15.141278,45.598354],[15.133216,45.596339],[15.105414,45.594504],[15.073633,45.601946]]],"type":"Polygon"},"id":566,"properties":{"parentKey":"SVN:1159310681","sourceCountryId":"SVN","syntheticOperational":true,"territoryId":"territory:catalog:09605c67f21bd0c383ba2c7e220242466fcec9967d760b311a49141982286ae4"},"type":"Feature"},{"geometry":{"coordinates":[[[14.784876140808,46.402877697842],[14.807734861005,46.402877697842],[14.805639,46.408847],[14.804089,46.425125],[14.784876140808,46.429701421671],[14.784876140808,46.402877697842]]],"type":"Polygon"},"id":567,"properties":{"parentKey":"SVN:1159308571","sourceCountryId":"SVN","syntheticOperational":true,"territoryId":"territory:catalog:53f1bf593943da0400275952c8d829cfe9dd6ddc085fb3ad48c60275d7ec2ce8"},"type":"Feature"},{"geometry":{"coordinates":[[[14.513926,46.145556],[14.520592,46.132378],[14.589787,46.147674],[14.583741,46.176458],[14.589058513493,46.187050359712],[14.561972589105,46.187050359712],[14.5378,46.174184],[14.537025,46.161343],[14.527878,46.156873],[14.523848,46.15031],[14.513926,46.145556]]],"type":"Polygon"},"id":568,"properties":{"parentKey":"SVN:1159310733","sourceCountryId":"SVN","syntheticOperational":true,"territoryId":"territory:catalog:370bdccc7b2eb1e8fbb49ab1f1349ee8d1247ecc5c271dcee15df5fdde949f1b"},"type":"Feature"},{"geometry":{"coordinates":[[[14.315514993481,46.402877697842],[14.426463412922,46.402877697842],[14.434292,46.416082],[14.437145,46.418884],[14.420029,46.424351],[14.414448,46.429002],[14.411244,46.434635],[14.40649,46.439337],[14.395844,46.440991],[14.362151,46.435875],[14.315514993481,46.436794269682],[14.315514993481,46.402877697842]]],"type":"Polygon"},"id":569,"properties":{"parentKey":"SVN:1159310845","sourceCountryId":"SVN","syntheticOperational":true,"territoryId":"territory:catalog:f04bc8a18753cfe7864b3373732daa63cc4e91f9f5e6902e646d9d72bb75ca3a"},"type":"Feature"},{"geometry":{"coordinates":[[[16.136411,46.603099],[16.137496,46.595012],[16.138116,46.593074],[16.144162,46.585038],[16.149825783972,46.581611303097],[16.149825783972,46.601269979461],[16.136411,46.603099]]],"type":"Polygon"},"id":570,"properties":{"parentKey":"SVN:1159308695","sourceCountryId":"SVN","syntheticOperational":true,"territoryId":"territory:catalog:7e3be1ab8230ec3d2652857a649afd65b5b2ae90bbfe150481b77a256b660de0"},"type":"Feature"},{"geometry":{"coordinates":[[[14.489883770986,45.880770504436],[14.490155,45.880869],[14.489883770986,45.88116192267],[14.489883770986,45.880770504436]]],"type":"Polygon"},"id":571,"properties":{"parentKey":"SVN:1159310669","sourceCountryId":"SVN","syntheticOperational":true,"territoryId":"territory:catalog:c261440d67101f8924f45caddf62497a87293463e25d5c5d767153f7ddde1706"},"type":"Feature"},{"geometry":{"coordinates":[[[15.684862,46.274075],[15.703776,46.264179],[15.74025974026,46.266010567667],[15.74025974026,46.294964028777],[15.709588032352,46.294964028777],[15.684862,46.274075]]],"type":"Polygon"},"id":572,"properties":{"parentKey":"SVN:1159308573","sourceCountryId":"SVN","syntheticOperational":true,"territoryId":"territory:catalog:8914070bf7db2aa67b50b9a66b4f010c2548aa50a0be140a095ad91789326d1d"},"type":"Feature"},{"geometry":{"coordinates":[[[14.210999,45.957195],[14.214254,45.952493],[14.21875,45.950658],[14.223556,45.950736],[14.229964,45.94872],[14.238956,45.944379],[14.26035,45.929238],[14.285671,45.907379],[14.299159,45.885727],[14.30939,45.89123],[14.325669,45.887329],[14.334911752045,45.882640404392],[14.334911752045,45.932779062557],[14.33435,45.934354],[14.33373,45.943294],[14.334911752045,45.946614367245],[14.334911752045,45.971223021583],[14.216355501204,45.971223021583],[14.217045,45.967892],[14.212704,45.962053],[14.210999,45.957195]]],"type":"Polygon"},"id":573,"properties":{"parentKey":"SVN:1159310811","sourceCountryId":"SVN","syntheticOperational":true,"territoryId":"territory:catalog:d152247cd6a910632b46e09af3d09ddd89a9ac92685b68af354353086606d3f0"},"type":"Feature"},{"geometry":{"coordinates":[[[16.053367,46.71981],[16.059103,46.709191],[16.066544,46.704333],[16.075123,46.70131],[16.084114,46.699605],[16.092331,46.694928],[16.108299,46.69038],[16.144317,46.691776],[16.151449,46.689967],[16.178010471204,46.697361573402],[16.178010471204,46.702494475212],[16.175633,46.718699],[16.178010471204,46.720656174701],[16.178010471204,46.726618705036],[16.134674245737,46.726618705036],[16.055681108717,46.726618705036],[16.053367,46.71981]]],"type":"Polygon"},"id":574,"properties":{"parentKey":"SVN:1159310657","sourceCountryId":"SVN","syntheticOperational":true,"territoryId":"territory:catalog:9652a8591d5c14f9941a6b1f1aea88e24ed338f0e5fd62e714bfecb40f7cd89b"},"type":"Feature"},{"geometry":{"coordinates":[[[14.536082474227,45.808627917719],[14.564207,45.790074],[14.586996,45.793433],[14.627821,45.798342],[14.654486,45.805163],[14.670454,45.814181],[14.687714,45.817979],[14.669213,45.837306],[14.651695,45.846427],[14.645184,45.848571],[14.638828,45.849346],[14.636967,45.853894],[14.639138,45.858726],[14.640223,45.862756],[14.640223,45.863309352518],[14.536082474227,45.863309352518],[14.536082474227,45.808627917719]]],"type":"Polygon"},"id":575,"properties":{"parentKey":"SVN:1159310803","sourceCountryId":"SVN","syntheticOperational":true,"territoryId":"territory:catalog:48af9cba31cf5a81673bd540a11ff65555147b9dae55f622ce47cb1d9ef5d2ea"},"type":"Feature"},{"geometry":{"coordinates":[[[14.47918130884,46.294964028777],[14.493506493506,46.294964028777],[14.546382656412,46.294964028777],[14.543691,46.298751],[14.544001,46.31198],[14.515321,46.29981],[14.500852,46.296606],[14.483798,46.296244],[14.47918130884,46.294964028777]]],"type":"Polygon"},"id":576,"properties":{"parentKey":"SVN:1159310675","sourceCountryId":"SVN","syntheticOperational":true,"territoryId":"territory:catalog:934974dce2cff441849b34be2ca7b6905e486d4fd70ae1e177c85554fd11dc71"},"type":"Feature"},{"geometry":{"coordinates":[[[13.860864661921,45.647482014388],[13.869158,45.641143],[13.884144,45.635148],[13.893136,45.634683],[13.893641,45.633758],[13.908898,45.643778],[13.938354,45.642641],[13.939746642085,45.647482014388],[13.893653516295,45.647482014388],[13.860864661921,45.647482014388]]],"type":"Polygon"},"id":577,"properties":{"parentKey":"SVN:1159310879","sourceCountryId":"SVN","syntheticOperational":true,"territoryId":"territory:catalog:a5c5fb78e2482b8c728399b31366acfdb894f20ca736b99b7259863c3899cee3"},"type":"Feature"},{"geometry":{"coordinates":[[[16.162943495401,46.834532374101],[16.227206557388,46.834532374101],[16.179486,46.858468],[16.162943495401,46.857485800509],[16.162943495401,46.834532374101]]],"type":"Polygon"},"id":578,"properties":{"parentKey":"SVN:1159309561","sourceCountryId":"SVN","syntheticOperational":true,"territoryId":"territory:catalog:36f7f08a943cab30bcb30703f56c24b9b13b1c85867f1be300b2eb25e0366ff2"},"type":"Feature"},{"geometry":{"coordinates":[[[14.00172860847,46.079136690647],[14.023218747636,46.079136690647],[14.021863,46.0822],[14.024343,46.092691],[14.027754,46.101631],[14.073694,46.158061],[14.067493,46.167286],[14.040621,46.173151],[14.002949,46.175683],[14.00172860847,46.175993154033],[14.00172860847,46.079136690647]]],"type":"Polygon"},"id":579,"properties":{"parentKey":"SVN:1159310825","sourceCountryId":"SVN","syntheticOperational":true,"territoryId":"territory:catalog:174a778d459fc9164c229099bd3fd53a298c94a275cd13eb8b785148925000b8"},"type":"Feature"},{"geometry":{"coordinates":[[[14.459997280456,46.187050359712],[14.468452895419,46.147114382763],[14.468452895419,46.187050359712],[14.459997280456,46.187050359712]]],"type":"Polygon"},"id":580,"properties":{"parentKey":"SVN:1159310809","sourceCountryId":"SVN","syntheticOperational":true,"territoryId":"territory:catalog:2e4278de94ed4127fe3751ace98093276e6d64269a5ed3455a7e245378c88ec7"},"type":"Feature"},{"geometry":{"coordinates":[[[15.051257,46.307251],[15.062103474203,46.294964028777],[15.0715835141,46.294964028777],[15.0715835141,46.34991750962],[15.066605,46.351693],[15.060249,46.337069],[15.059629,46.324718],[15.058079,46.314486],[15.051257,46.307251]]],"type":"Polygon"},"id":581,"properties":{"parentKey":"SVN:1159308647","sourceCountryId":"SVN","syntheticOperational":true,"territoryId":"territory:catalog:27e4d22b0e55ed48c2ad4ee9d722c94d97f1ca67e7b29dd5a0d8777855527773"},"type":"Feature"},{"geometry":{"coordinates":[[[14.895470383275,46.510791366906],[14.90115801368,46.510791366906],[14.902636,46.516567],[14.898915,46.519435],[14.895470383275,46.521385217693],[14.895470383275,46.510791366906]]],"type":"Polygon"},"id":582,"properties":{"parentKey":"SVN:1159310737","sourceCountryId":"SVN","syntheticOperational":true,"territoryId":"territory:catalog:22491dbb6ae5709726219e0503ba0e0996ae5be28eba5e4c79621290b8e140be"},"type":"Feature"},{"geometry":{"coordinates":[[[15.09778357236,46.433875789126],[15.098593,46.433833],[15.111925,46.430758],[15.123604,46.421999],[15.134922,46.44391],[15.139727,46.444659],[15.142673,46.444375],[15.144533,46.445124],[15.149494,46.449723],[15.1512,46.460239],[15.162207,46.46781],[15.186133,46.491865],[15.195686129166,46.510791366906],[15.09778357236,46.510791366906],[15.09778357236,46.433875789126]]],"type":"Polygon"},"id":583,"properties":{"parentKey":"SVN:1159310785","sourceCountryId":"SVN","syntheticOperational":true,"territoryId":"territory:catalog:c3c5d0ab471ba31f94273c7ffe8fe7e6b946e579b4c37c0eb42f7c38478dcf90"},"type":"Feature"},{"geometry":{"coordinates":[[[13.97830802603,46.348857365773],[13.983209,46.347662],[13.998247,46.337947],[14.009305,46.336397],[14.022328,46.330351],[14.028374,46.326268],[14.033955,46.321333],[14.043567,46.315235],[14.057881,46.312109],[14.065788,46.312936],[14.074159,46.314744],[14.08005,46.316631],[14.086717,46.31601],[14.091523,46.310662],[14.097259,46.300947],[14.1016,46.298931],[14.111108,46.306709],[14.116224,46.318207],[14.129091,46.325958],[14.132502,46.330041],[14.134490238612,46.333671236008],[14.134490238612,46.375842844193],[14.120875,46.392724],[14.12589571138,46.402877697842],[14.00260756193,46.402877697842],[13.97830802603,46.402877697842],[13.97830802603,46.348857365773]]],"type":"Polygon"},"id":584,"properties":{"parentKey":"SVN:1159310821","sourceCountryId":"SVN","syntheticOperational":true,"territoryId":"territory:catalog:76da7638a2bcbf682cdcd844f23f65c31472e60f383b0640759cc3747a938fe6"},"type":"Feature"},{"geometry":{"coordinates":[[[14.714844,45.952596],[14.718409,45.952131],[14.728951,45.949289],[14.733189,45.947015],[14.733809,45.944612],[14.732259,45.941175],[14.734429,45.935284],[14.7366,45.927068],[14.750242,45.907896],[14.749932,45.903219],[14.747452,45.896992],[14.747297,45.892445],[14.751792,45.883298],[14.768071,45.866761],[14.767295,45.863816],[14.767026439037,45.863309352518],[14.799827808868,45.863309352518],[14.799827808868,45.971223021583],[14.722746474375,45.971223021583],[14.717479,45.965748],[14.714844,45.952596]]],"type":"Polygon"},"id":585,"properties":{"parentKey":"SVN:1159310703","sourceCountryId":"SVN","syntheticOperational":true,"territoryId":"territory:catalog:7b81ed271c537f0df87ac016831c9689181d167e4ed7b6837b5fdbd58130f74f"},"type":"Feature"},{"geometry":{"coordinates":[[[15.087915698422,46.402877697842],[15.09778357236,46.402877697842],[15.09778357236,46.433875789126],[15.092237,46.434169],[15.089291,46.426469],[15.087915698422,46.402877697842]]],"type":"Polygon"},"id":586,"properties":{"parentKey":"SVN:1159310805","sourceCountryId":"SVN","syntheticOperational":true,"territoryId":"territory:catalog:26a079fc8aeb2d9e0a348c792222e0df0d1e8aca1e292517e7e9003470627754"},"type":"Feature"},{"geometry":{"coordinates":[[[14.825355756792,46.066458184377],[14.84424,46.072995],[14.865674,46.070038],[14.889326,46.054517],[14.912977,46.033082],[14.93589,46.0183],[14.949933,45.99391],[14.954467,45.975075],[14.968265,45.974636],[14.980595084088,45.972718399307],[14.980595084088,46.079136690647],[14.935177182368,46.079136690647],[14.825355756792,46.079136690647],[14.825355756792,46.066458184377]]],"type":"Polygon"},"id":587,"properties":{"parentKey":"SVN:1159317881","sourceCountryId":"SVN","syntheticOperational":true,"territoryId":"territory:catalog:b56eb87d899e825e154e6bbbcdf89cdf2cbd85636f50063b7a535d9fb937fc28"},"type":"Feature"},{"geometry":{"coordinates":[[[15.571381,45.972233],[15.571404498456,45.971223021583],[15.574687903573,45.971223021583],[15.601552393273,45.971223021583],[15.601552393273,45.995838108312],[15.597632,45.994454],[15.58368,45.993989],[15.571381,45.972233]]],"type":"Polygon"},"id":588,"properties":{"parentKey":"SVN:1159310665","sourceCountryId":"SVN","syntheticOperational":true,"territoryId":"territory:catalog:772bb66e42c625fe1558769d917b7f4045bbd6eca6b0a5e3dc53eb4a01d5fa1d"},"type":"Feature"},{"geometry":{"coordinates":[[[13.762886597938,45.755395683453],[13.893653516295,45.755395683453],[13.917525773196,45.755395683453],[13.917525773196,45.801392627602],[13.902542,45.810227],[13.852726,45.799582],[13.762886597938,45.791730790813],[13.762886597938,45.755395683453]]],"type":"Polygon"},"id":589,"properties":{"parentKey":"SVN:1159310879","sourceCountryId":"SVN","syntheticOperational":true,"territoryId":"territory:catalog:3c5801f64002cdaf2f4fcddacf52ec31f3ffde0355a474f6d7e220281dd0f796"},"type":"Feature"},{"geometry":{"coordinates":[[[14.569323,46.10778],[14.592267,46.105455],[14.594283,46.096618],[14.617434,46.098375],[14.624027657736,46.100529607221],[14.624027657736,46.187050359712],[14.589058513493,46.187050359712],[14.583741,46.176458],[14.589787,46.147674],[14.575834,46.134445],[14.571028,46.124523],[14.569323,46.10778]]],"type":"Polygon"},"id":590,"properties":{"parentKey":"SVN:1159308559","sourceCountryId":"SVN","syntheticOperational":true,"territoryId":"territory:catalog:39f487bc019ef005ccb49cc7b263e59660d025efc9fc427d79dd7ebcb3f5a7bd"},"type":"Feature"},{"geometry":{"coordinates":[[[14.980595084088,45.971223021583],[14.984951593525,45.971223021583],[14.982218,45.972466],[14.980595084088,45.972718399307],[14.980595084088,45.971223021583]]],"type":"Polygon"},"id":591,"properties":{"parentKey":"SVN:1159310801","sourceCountryId":"SVN","syntheticOperational":true,"territoryId":"territory:catalog:514a3e37e2f7397294a6a1a0de8fb56c27ea8515557bf32c53a40e52a0eb6b66"},"type":"Feature"},{"geometry":{"coordinates":[[[14.359637774903,45.971223021583],[14.369316795343,45.971223021583],[14.37533,45.98045],[14.372229,45.993937],[14.37874,46.002515],[14.385872,46.007941],[14.397395,46.010887],[14.398636,46.015848],[14.399101,46.019362],[14.396775,46.024116],[14.385251,46.032229],[14.366648,46.027475],[14.359637774903,46.02081966079],[14.359637774903,45.971223021583]]],"type":"Polygon"},"id":592,"properties":{"parentKey":"SVN:1159310811","sourceCountryId":"SVN","syntheticOperational":true,"territoryId":"territory:catalog:93ad35c2780c1c2cbc0e842395c36d8972842a18cf9b451ab20e0a8abd402516"},"type":"Feature"},{"geometry":{"coordinates":[[[15.557476231634,46.160372815773],[15.567505,46.164728],[15.578719,46.179223],[15.589526990279,46.187050359712],[15.584415584416,46.187050359712],[15.557476231634,46.187050359712],[15.557476231634,46.160372815773]]],"type":"Polygon"},"id":593,"properties":{"parentKey":"SVN:1159310789","sourceCountryId":"SVN","syntheticOperational":true,"territoryId":"territory:catalog:2b5a1799755731a821ffd2f6a505b1d1977a92cd82a573081aad6763ecee2017"},"type":"Feature"},{"geometry":{"coordinates":[[[14.468452895419,46.142633380136],[14.469226,46.143463],[14.468452895419,46.147114382763],[14.468452895419,46.142633380136]]],"type":"Polygon"},"id":594,"properties":{"parentKey":"SVN:1159310731","sourceCountryId":"SVN","syntheticOperational":true,"territoryId":"territory:catalog:991a2efdd1816cf700b7540fb879546b50ccd85320af18bb50a6e92bef09b418"},"type":"Feature"},{"geometry":{"coordinates":[[[16.328647,46.548735],[16.334848,46.54517],[16.339654,46.543981],[16.340276,46.543827],[16.344149,46.546979],[16.351254,46.539922],[16.351694,46.539486],[16.357895,46.546979],[16.369471,46.540571],[16.382183,46.539383],[16.394895,46.540106],[16.406264,46.539486],[16.415153,46.535559],[16.431999,46.523208],[16.440371,46.519022],[16.449052,46.51835],[16.463414634146,46.51961526707],[16.463414634146,46.568710088083],[16.430242,46.604392],[16.395343208724,46.618705035971],[16.351271294778,46.618705035971],[16.347871,46.615346],[16.378463,46.599792],[16.397532,46.578191],[16.389625,46.57478],[16.383114,46.570026],[16.367456,46.562946],[16.350661,46.557649],[16.344305,46.556745],[16.334538,46.556487],[16.328647,46.548735]]],"type":"Polygon"},"id":595,"properties":{"parentKey":"SVN:1159308687","sourceCountryId":"SVN","syntheticOperational":true,"territoryId":"territory:catalog:65ddfe28954cc4cacabf061d9400bfab2efee48b43af9f596d014007d30d7760"},"type":"Feature"},{"geometry":{"coordinates":[[[14.204398447607,46.006479304221],[14.205883,46.006184],[14.229809,45.995022],[14.228569,45.993136],[14.219835,45.989183],[14.215494,45.975385],[14.216355501204,45.971223021583],[14.334911752045,45.971223021583],[14.359637774903,45.971223021583],[14.359637774903,46.02081966079],[14.359517,46.020705],[14.341998,46.014013],[14.315592,46.009182],[14.308615,46.007063],[14.283036,46.003859],[14.277558,46.001947],[14.276163,45.998691],[14.276783,45.995642],[14.273837,45.993937],[14.267326,45.994506],[14.245467,46.001482],[14.240506,46.005461],[14.238956,46.008923],[14.246397,46.013057],[14.244071,46.02024],[14.204398447607,46.023524433059],[14.204398447607,46.006479304221]]],"type":"Polygon"},"id":596,"properties":{"parentKey":"SVN:1159310811","sourceCountryId":"SVN","syntheticOperational":true,"territoryId":"territory:catalog:fee22589f5b699e4d588d792db56cc89efd84b5ede12cc8c83bf1cd45c99ae4a"},"type":"Feature"},{"geometry":{"coordinates":[[[16.175633,46.718699],[16.178010471204,46.702494475212],[16.178010471204,46.720656174701],[16.175633,46.718699]]],"type":"Polygon"},"id":597,"properties":{"parentKey":"SVN:1159310895","sourceCountryId":"SVN","syntheticOperational":true,"territoryId":"territory:catalog:d05400c823c688049bf05f88db58a57cd896280b7179eba24b5ed3025542c10b"},"type":"Feature"},{"geometry":{"coordinates":[[[15.967274,46.349187],[15.970995,46.346525],[15.97332,46.342288],[15.97611,46.335467],[15.97518,46.327715],[15.989133,46.29534],[15.989493747332,46.294964028777],[16.008189623139,46.294964028777],[16.008219904629,46.294974650767],[16.008676789588,46.295134914592],[16.008676789588,46.402877697842],[15.987795998589,46.402877697842],[15.987893,46.402594],[15.988668,46.393758],[15.996729,46.381252],[15.998125,46.376084],[15.998435,46.373035],[15.988823,46.365852],[15.985567,46.364276],[15.977351,46.362209],[15.969289,46.361899],[15.967274,46.349187]]],"type":"Polygon"},"id":598,"properties":{"parentKey":"SVN:1159310887","sourceCountryId":"SVN","syntheticOperational":true,"territoryId":"territory:catalog:8585f9da3fce0ff956332e08a1a0f561c71d95f2d46b2a7169c7a5a048dbfcba"},"type":"Feature"},{"geometry":{"coordinates":[[[13.62568116409,45.539568345324],[13.632862644416,45.540319986388],[13.632862644416,45.539568345324],[13.674957264366,45.539568345324],[13.675141,45.544745],[13.62568116409,45.539568345324]]],"type":"Polygon"},"id":599,"properties":{"parentKey":"SVN:1159310863","sourceCountryId":"SVN","syntheticOperational":true,"territoryId":"territory:catalog:81b88b797501ddbddf2c5dd095281a9533c7619668239c864362f8707424def5"},"type":"Feature"},{"geometry":{"coordinates":[[[13.762886597938,45.791730790813],[13.852726,45.799582],[13.902542,45.810227],[13.885902,45.82865],[13.863733,45.826195],[13.857997,45.826505],[13.833967,45.835497],[13.811901,45.842008],[13.801049,45.841027],[13.779655,45.840949],[13.762886597938,45.844388174003],[13.762886597938,45.791730790813]]],"type":"Polygon"},"id":600,"properties":{"parentKey":"SVN:1159310869","sourceCountryId":"SVN","syntheticOperational":true,"territoryId":"territory:catalog:763ed5e98b70551cd730939f83e9a01f0bfef23873aadf9280458685a1204ff9"},"type":"Feature"},{"geometry":{"coordinates":[[[14.12589571138,46.402877697842],[14.134490238612,46.402877697842],[14.159061277705,46.402877697842],[14.159061277705,46.43987957697],[14.149865,46.440061],[14.147933,46.440425],[14.140874,46.436391],[14.137773,46.434117],[14.129401,46.425125],[14.127851,46.406832],[14.12589571138,46.402877697842]]],"type":"Polygon"},"id":601,"properties":{"parentKey":"SVN:1159308679","sourceCountryId":"SVN","syntheticOperational":true,"territoryId":"territory:catalog:0fa03500fb37e5477a757faaffbe3aba791df59784f8ba1dfc00584c47f6d9f8"},"type":"Feature"},{"geometry":{"coordinates":[[[15.677975,46.214462],[15.74025974026,46.211260658742],[15.74025974026,46.265693079809],[15.721759,46.259347],[15.716333,46.256893],[15.708427,46.251699],[15.70145,46.241674],[15.691838,46.237333],[15.678299,46.219996],[15.677989,46.214699],[15.677975,46.214462]]],"type":"Polygon"},"id":602,"properties":{"parentKey":"SVN:1159310767","sourceCountryId":"SVN","syntheticOperational":true,"territoryId":"territory:catalog:f581e79003171796d40c90dabac35f007469d2cc83804240852c3f42173a4bcc"},"type":"Feature"},{"geometry":{"coordinates":[[[15.545801,46.48321],[15.547816,46.476595],[15.547971,46.474425],[15.557118,46.468688],[15.567144719687,46.464563768375],[15.567144719687,46.481484479581],[15.545801,46.48321]]],"type":"Polygon"},"id":603,"properties":{"parentKey":"SVN:1159310757","sourceCountryId":"SVN","syntheticOperational":true,"territoryId":"territory:catalog:3ec7d521106832da52a30731382846bbf0e7292b11d76377ff8fb99374c9841e"},"type":"Feature"},{"geometry":{"coordinates":[[[16.149825783972,46.581611303097],[16.155479,46.578191],[16.158425,46.568527],[16.176718,46.560052],[16.190413,46.566357],[16.194753,46.566667],[16.20173,46.566512],[16.20421,46.567959],[16.216768,46.584134],[16.203435,46.591937],[16.160802,46.605889],[16.150053,46.601239],[16.149825783972,46.601269979461],[16.149825783972,46.581611303097]]],"type":"Polygon"},"id":604,"properties":{"parentKey":"SVN:1159308695","sourceCountryId":"SVN","syntheticOperational":true,"territoryId":"territory:catalog:b29e94d1003355baf2b3e0f211ba2b6c5d32c9e245087a0979b7df453d318f7a"},"type":"Feature"},{"geometry":{"coordinates":[[[15.92862,46.504087],[15.947223,46.487163],[15.949549,46.501632],[15.954665,46.506102],[15.961976158183,46.510791366906],[15.931142896076,46.510791366906],[15.92862,46.504087]]],"type":"Polygon"},"id":605,"properties":{"parentKey":"SVN:1159308697","sourceCountryId":"SVN","syntheticOperational":true,"territoryId":"territory:catalog:efe06ec940b75f8ba3a39c5b2ecae6de5fa239936e1cbf9a9029ed5ff19e596c"},"type":"Feature"},{"geometry":{"coordinates":[[[15.677679,46.361977],[15.68047,46.356602],[15.690133,46.348696],[15.696312364425,46.348015113691],[15.696312364425,46.366937246622],[15.68078,46.367687],[15.677679,46.361977]]],"type":"Polygon"},"id":606,"properties":{"parentKey":"SVN:1159308573","sourceCountryId":"SVN","syntheticOperational":true,"territoryId":"territory:catalog:eaa46e13b9a824fd108fb85ec946ebded7055bc9bfe5a375355d8aa560a56225"},"type":"Feature"},{"geometry":{"coordinates":[[[14.961038961039,46.196054592819],[14.970745,46.197775],[14.972451,46.21165],[14.974931,46.21842],[15.009968,46.257978],[14.97028,46.283842],[14.961038961039,46.283442959917],[14.961038961039,46.196054592819]]],"type":"Polygon"},"id":607,"properties":{"parentKey":"SVN:1159308641","sourceCountryId":"SVN","syntheticOperational":true,"territoryId":"territory:catalog:833ce040436bda35dd09447a32e6a63cad5b833d61f02aea38d7515b0c0c5a56"},"type":"Feature"},{"geometry":{"coordinates":[[[13.932267578527,45.863309352518],[14.015370224677,45.863309352518],[14.014731,45.865159],[14.00512,45.873014],[13.997317,45.875908],[13.986775,45.877717],[13.973442,45.8772],[13.956544,45.873686],[13.932463,45.863454],[13.932267578527,45.863309352518]]],"type":"Polygon"},"id":608,"properties":{"parentKey":"SVN:1159310881","sourceCountryId":"SVN","syntheticOperational":true,"territoryId":"territory:catalog:a036af1ab41a1b5404cec36af6d422688d796ee2a736d7571fee9f464a6b0643"},"type":"Feature"},{"geometry":{"coordinates":[[[14.650455,46.164573],[14.65154,46.161472],[14.655106,46.160878],[14.658516,46.159302],[14.661307,46.156459],[14.664408,46.153772],[14.667973,46.152429],[14.676086,46.150749],[14.683838,46.143954],[14.711123,46.15186],[14.729882,46.162247],[14.772101,46.168371],[14.779602420052,46.167636414201],[14.779602420052,46.187050359712],[14.665430012726,46.187050359712],[14.663477,46.185708],[14.65247,46.170309],[14.650455,46.164573]]],"type":"Polygon"},"id":609,"properties":{"parentKey":"SVN:1159310729","sourceCountryId":"SVN","syntheticOperational":true,"territoryId":"territory:catalog:1177f13835205189246c335390ee7b02b072b7bd11907fe4025aa33bd2b0f47a"},"type":"Feature"},{"geometry":{"coordinates":[[[14.970460571327,46.294964028777],[15.062103474203,46.294964028777],[15.051257,46.307251],[15.037305,46.324434],[15.008418,46.337198],[14.999891,46.333115],[14.990124,46.322548],[14.988729,46.316966],[14.984853,46.31229],[14.97059,46.302936],[14.970460571327,46.294964028777]]],"type":"Polygon"},"id":610,"properties":{"parentKey":"SVN:1159308651","sourceCountryId":"SVN","syntheticOperational":true,"territoryId":"territory:catalog:4cd95cd94eb6d8761fdfdae34c83039daf881c978f575d9c62200d57c52c670f"},"type":"Feature"},{"geometry":{"coordinates":[[[16.295884,46.810166],[16.296814,46.807014],[16.29821,46.804017],[16.31056,46.79779],[16.311097,46.797519],[16.3149,46.802002],[16.321825,46.813268],[16.327509,46.825463],[16.329783,46.834403],[16.329668902261,46.834532374101],[16.320630749014,46.834532374101],[16.303067,46.834532374101],[16.303067,46.822336],[16.301155,46.816678],[16.295884,46.810166]]],"type":"Polygon"},"id":611,"properties":{"parentKey":"SVN:1159308551","sourceCountryId":"SVN","syntheticOperational":true,"territoryId":"territory:catalog:2f0f73aea37a82f8891955a10e4a40f9054f70ac07236e7f5575b4c802af5af4"},"type":"Feature"},{"geometry":{"coordinates":[[[15.370928,46.135737],[15.38271,46.108194],[15.389996,46.10747],[15.394182,46.108142],[15.398368,46.109511],[15.401901469317,46.112298097357],[15.401901469317,46.15144599112],[15.370928,46.135737]]],"type":"Polygon"},"id":612,"properties":{"parentKey":"SVN:1159308663","sourceCountryId":"SVN","syntheticOperational":true,"territoryId":"territory:catalog:bd9f0b6dc6f98aab78111c57554f461b7668cc047ae7e926ba9cee06a83ff7fd"},"type":"Feature"},{"geometry":{"coordinates":[[[15.246326707001,46.083391586329],[15.253932,46.083337],[15.268815,46.079642],[15.269935752049,46.079136690647],[15.29107373868,46.079136690647],[15.373730132758,46.079136690647],[15.377284,46.083854],[15.380074,46.089151],[15.378989,46.097807],[15.38271,46.108194],[15.370928,46.135737],[15.367052,46.149638],[15.373253,46.158061],[15.374959,46.167777],[15.363331,46.181316],[15.312275,46.1662],[15.293827,46.165451],[15.290054,46.167441],[15.288711,46.170076],[15.290881,46.172066],[15.295067,46.173564],[15.298787,46.175941],[15.301423,46.179145],[15.302973,46.182194],[15.301852524032,46.187050359712],[15.272727272727,46.187050359712],[15.246326707001,46.187050359712],[15.246326707001,46.083391586329]]],"type":"Polygon"},"id":613,"properties":{"parentKey":"SVN:1159310715","sourceCountryId":"SVN","syntheticOperational":true,"territoryId":"territory:catalog:db4635e933c1fea5068ae71b1c441475fc3bbd74bfe86a16c43cf7d30767cb2a"},"type":"Feature"},{"geometry":{"coordinates":[[[14.814519,46.551337],[14.825638,46.552611],[14.841193,46.552146],[14.843828,46.551784],[14.847084,46.552146],[14.849564,46.552818],[14.85313,46.553464],[14.857161,46.552508],[14.863362,46.551939],[14.866928,46.547185],[14.872664,46.545325],[14.87809,46.542095],[14.878555,46.537289],[14.88181,46.530855],[14.891887,46.523414],[14.895470383275,46.521385217693],[14.895470383275,46.602479664464],[14.895453,46.602505],[14.894063,46.605215],[14.877055,46.603642],[14.862999,46.604831],[14.85039,46.601136],[14.833647,46.584393],[14.822278,46.567546],[14.814519,46.551337]]],"type":"Polygon"},"id":614,"properties":{"parentKey":"SVN:1159308623","sourceCountryId":"SVN","syntheticOperational":true,"territoryId":"territory:catalog:d88f5ece323a1f3a11017332cb37e46a59d4ca5e34d8f25d34571e8c21635f28"},"type":"Feature"},{"geometry":{"coordinates":[[[15.123604,46.421999],[15.155075,46.412775],[15.161742,46.412516],[15.169958,46.410914],[15.175539,46.409106],[15.176111590056,46.402877697842],[15.227765726681,46.402877697842],[15.242797694938,46.402877697842],[15.253932,46.414066],[15.254237288136,46.414603532298],[15.254237288136,46.49538721462],[15.238274,46.49463],[15.22272,46.496955],[15.195970483961,46.510791366906],[15.195686129166,46.510791366906],[15.186133,46.491865],[15.162207,46.46781],[15.1512,46.460239],[15.149494,46.449723],[15.144533,46.445124],[15.142673,46.444375],[15.139727,46.444659],[15.134922,46.44391],[15.123604,46.421999]]],"type":"Polygon"},"id":615,"properties":{"parentKey":"SVN:1159310739","sourceCountryId":"SVN","syntheticOperational":true,"territoryId":"territory:catalog:efba0d4ebd0c797bd31d282979d6101b11f3df603d2b49d33226cd9e3e698a1c"},"type":"Feature"},{"geometry":{"coordinates":[[[13.940949935815,45.641251317643],[13.950808,45.635974],[13.971427,45.633081],[13.987705,45.627138],[14.006205,45.617784],[14.024963,45.611428],[14.039691,45.602436],[14.059587,45.599594],[14.066408,45.600989],[14.071989,45.603573],[14.07726,45.609878],[14.089817,45.614089],[14.090592,45.624244],[14.079895,45.627913],[14.079585,45.629618],[14.083151,45.635561],[14.07788,45.645431],[14.076498798261,45.647482014388],[14.048027444254,45.647482014388],[13.940949935815,45.647482014388],[13.940949935815,45.641251317643]]],"type":"Polygon"},"id":616,"properties":{"parentKey":"SVN:1159310859","sourceCountryId":"SVN","syntheticOperational":true,"territoryId":"territory:catalog:5252c87b24025f26e90d050557f7acc7bb6b5478c35d2d265bbfbee21df429c8"},"type":"Feature"},{"geometry":{"coordinates":[[[13.402597402597,46.215683350331],[13.410116,46.207982],[13.437402,46.210927],[13.422829,46.228601],[13.438332,46.22488],[13.468304,46.223433],[13.482257,46.217904],[13.510162,46.213976],[13.528972,46.204829],[13.554775995044,46.187050359712],[13.558441558442,46.187050359712],[13.558441558442,46.294964028777],[13.527098259858,46.294964028777],[13.526079,46.294384],[13.52949,46.290973],[13.530265,46.286219],[13.527319,46.281491],[13.515227,46.277227],[13.477038,46.281025],[13.448978,46.287227],[13.432648,46.292549],[13.421365184049,46.294964028777],[13.402597402597,46.294964028777],[13.402597402597,46.215683350331]]],"type":"Polygon"},"id":617,"properties":{"parentKey":"SVN:1159310867","sourceCountryId":"SVN","syntheticOperational":true,"territoryId":"territory:catalog:a9c4e4ad82e9e402ad3d0e8c7c261f23e16aadb2e4eeff65f8f093cddf9f6eb5"},"type":"Feature"},{"geometry":{"coordinates":[[[15.190319,46.388435],[15.201171,46.36053],[15.204736,46.353915],[15.206287,46.345699],[15.206287,46.341978],[15.19652,46.327663],[15.22613,46.31738],[15.227765726681,46.3177481407],[15.227765726681,46.392059965337],[15.190319,46.388435]]],"type":"Polygon"},"id":618,"properties":{"parentKey":"SVN:1159308635","sourceCountryId":"SVN","syntheticOperational":true,"territoryId":"territory:catalog:b83de441dd6f3433705df0edb9f21b0cd50d55e65c2eb054ef05b13d6e28aee5"},"type":"Feature"},{"geometry":{"coordinates":[[[15.283018867925,45.65187300407],[15.284318,45.650134],[15.284012062392,45.647482014388],[15.327342747112,45.647482014388],[15.36926247433,45.647482014388],[15.368291,45.649049],[15.351962,45.668066],[15.350034,45.669619],[15.333875,45.682639],[15.330774,45.684551],[15.327054,45.683156],[15.314961,45.680882],[15.310414,45.678195],[15.30907,45.674164],[15.304936,45.672149],[15.291914,45.675559],[15.283025,45.680107],[15.283018867925,45.680112710938],[15.283018867925,45.65187300407]]],"type":"Polygon"},"id":619,"properties":{"parentKey":"SVN:1159310735","sourceCountryId":"SVN","syntheticOperational":true,"territoryId":"territory:catalog:e4986becd8987d178679c0e482a86d6c82d49b0c9760e9d74e1c714a96075472"},"type":"Feature"},{"geometry":{"coordinates":[[[15.039982460092,45.863309352518],[15.10977184675,45.863309352518],[15.10977184675,45.889489999652],[15.105414,45.891773],[15.102004,45.894796],[15.097508,45.894667],[15.093942,45.892961],[15.088671,45.886347],[15.082935,45.881903],[15.074563,45.880094],[15.070688,45.879784],[15.060404,45.878027],[15.050482,45.872601],[15.043351,45.866865],[15.039982460092,45.863309352518]]],"type":"Polygon"},"id":620,"properties":{"parentKey":"SVN:1159308643","sourceCountryId":"SVN","syntheticOperational":true,"territoryId":"territory:catalog:3fc95468b2475ae9484a986a3d6c34f15a5df502dc6d10449b5b6a4c65feeac4"},"type":"Feature"},{"geometry":{"coordinates":[[[15.037615,45.631324],[15.056373,45.606829],[15.073633,45.601946],[15.105414,45.594504],[15.133216,45.596339],[15.141278,45.598354],[15.146084,45.600679],[15.147479,45.60285],[15.150734,45.606364],[15.15585,45.610524],[15.173299101412,45.617160603486],[15.173299101412,45.647482014388],[15.128644939966,45.647482014388],[15.040231373338,45.647482014388],[15.037615,45.631324]]],"type":"Polygon"},"id":621,"properties":{"parentKey":"SVN:1159310769","sourceCountryId":"SVN","syntheticOperational":true,"territoryId":"territory:catalog:781eef050a53f4b1e1c4a2f82365ea0ca1dc26fd49e3385d6a0ac53ea0497d46"},"type":"Feature"},{"geometry":{"coordinates":[[[14.985939654724,46.618705035971],[15.052264808362,46.618705035971],[15.078534031414,46.618705035971],[15.078534031414,46.64832791946],[15.061954,46.649557],[15.004386,46.636844],[14.985939654724,46.618705035971]]],"type":"Polygon"},"id":622,"properties":{"parentKey":"SVN:1159310685","sourceCountryId":"SVN","syntheticOperational":true,"territoryId":"territory:catalog:d05dd9f843f174577bd51074fc425d62dcedb628e5bbe0358084ff9fe56c582b"},"type":"Feature"},{"geometry":{"coordinates":[[[14.094993581515,45.567719240798],[14.099584,45.568666],[14.10563,45.565953],[14.104855,45.56032],[14.102685,45.550398],[14.098055791631,45.539568345324],[14.224690303289,45.539568345324],[14.249037227214,45.539568345324],[14.249037227214,45.644834486027],[14.246552,45.644139],[14.23787,45.640677],[14.226708,45.633339],[14.215649,45.631324],[14.1941,45.629515],[14.151881,45.631427],[14.127541,45.630393],[14.110281,45.626001],[14.10284,45.622797],[14.094993581515,45.623723989512],[14.094993581515,45.610792479221],[14.104545,45.60471],[14.10222,45.601455],[14.099119,45.594065],[14.094993581515,45.588348261779],[14.094993581515,45.567719240798]]],"type":"Polygon"},"id":623,"properties":{"parentKey":"SVN:1159310701","sourceCountryId":"SVN","syntheticOperational":true,"territoryId":"territory:catalog:8c03e95ba09ae2a112e3d0998f373e266c79590270b62229ce7d079ba6ca51d3"},"type":"Feature"},{"geometry":{"coordinates":[[[14.021863,46.0822],[14.023218747636,46.079136690647],[14.03215760397,46.079136690647],[14.033025,46.081632],[14.038761,46.083337],[14.050233,46.085094],[14.089975345063,46.079136690647],[14.157303370787,46.079136690647],[14.157303370787,46.178724522928],[14.097724,46.17036],[14.094313,46.167596],[14.073694,46.158061],[14.027754,46.101631],[14.024343,46.092691],[14.021863,46.0822]]],"type":"Polygon"},"id":624,"properties":{"parentKey":"SVN:1159310827","sourceCountryId":"SVN","syntheticOperational":true,"territoryId":"territory:catalog:22efa4fc737390ca5d8e3829eb1e4f31de40bb10e0bc9294a60b5d03ba9cbc38"},"type":"Feature"},{"geometry":{"coordinates":[[[14.468452895419,46.079136690647],[14.514877102199,46.079136690647],[14.620741812283,46.079136690647],[14.615573,46.080082],[14.595833,46.088402],[14.594283,46.096618],[14.592267,46.105455],[14.569323,46.10778],[14.539661,46.116229],[14.520592,46.132378],[14.513926,46.145556],[14.487209,46.139587],[14.476357,46.138786],[14.469226,46.143463],[14.468452895419,46.142633380136],[14.468452895419,46.079136690647]]],"type":"Polygon"},"id":625,"properties":{"parentKey":"SVN:1159310719","sourceCountryId":"SVN","syntheticOperational":true,"territoryId":"territory:catalog:aab221166496aebec5af5f1ff29a18e6e53d48448088802afb9a49e3fc8cee8c"},"type":"Feature"},{"geometry":{"coordinates":[[[15.880052151239,46.402877697842],[15.92531830022,46.402877697842],[15.935441,46.407297],[15.939162,46.410501],[15.942883,46.414222],[15.943038,46.420526],[15.953114,46.450963],[15.943503,46.460007],[15.944278,46.480522],[15.922419,46.470962],[15.908414,46.460394],[15.905469,46.456545],[15.900508,46.453728],[15.892911,46.452255],[15.88485,46.453573],[15.880052151239,46.455647135519],[15.880052151239,46.402877697842]]],"type":"Polygon"},"id":626,"properties":{"parentKey":"SVN:1159308583","sourceCountryId":"SVN","syntheticOperational":true,"territoryId":"territory:catalog:d08e7ff063c11bf709a958277a40552d68265fae4c7a46d413b2d2217ea53137"},"type":"Feature"},{"geometry":{"coordinates":[[[14.334911752045,45.882640404392],[14.364788,45.867485],[14.37626,45.87149],[14.363857,45.882316],[14.357501,45.889215],[14.337502,45.925517],[14.334911752045,45.932779062557],[14.334911752045,45.882640404392]]],"type":"Polygon"},"id":627,"properties":{"parentKey":"SVN:1159310811","sourceCountryId":"SVN","syntheticOperational":true,"territoryId":"territory:catalog:a49ec84f22307087e0ca11c0e2ad52d4c254caabeae13248b977252696fda61d"},"type":"Feature"},{"geometry":{"coordinates":[[[15.066605,46.351693],[15.0715835141,46.34991750962],[15.0715835141,46.373887283103],[15.069758,46.371795],[15.066605,46.351693]]],"type":"Polygon"},"id":628,"properties":{"parentKey":"SVN:1159310805","sourceCountryId":"SVN","syntheticOperational":true,"territoryId":"territory:catalog:320cd8a8922d3e1658121af4e2dccbe042bcc7e369fcc9761216f977e35661fe"},"type":"Feature"},{"geometry":{"coordinates":[[[14.998651,46.355982],[15.000356,46.349988],[15.008418,46.337198],[15.037305,46.324434],[15.051257,46.307251],[15.058079,46.314486],[15.059629,46.324718],[15.060249,46.337069],[15.066605,46.351693],[15.03901,46.355517],[15.013895,46.364457],[14.999891,46.377221],[14.998651,46.355982]]],"type":"Polygon"},"id":629,"properties":{"parentKey":"SVN:1159310791","sourceCountryId":"SVN","syntheticOperational":true,"territoryId":"territory:catalog:140eb6c734d3338dbf0ab0dc80980f389eb3dacc2f1d6c2e0725d3271b521497"},"type":"Feature"},{"geometry":{"coordinates":[[[15.175539,46.54256],[15.180552,46.533956],[15.19931,46.529202],[15.209059233449,46.535597345419],[15.209059233449,46.590974603021],[15.201636,46.581963],[15.1959,46.579483],[15.189543,46.578294],[15.185978,46.578398],[15.183807,46.577261],[15.186753,46.573127],[15.187373,46.568837],[15.183652,46.560802],[15.178226,46.55411],[15.176056,46.547495],[15.175539,46.54256]]],"type":"Polygon"},"id":630,"properties":{"parentKey":"SVN:1159310761","sourceCountryId":"SVN","syntheticOperational":true,"territoryId":"territory:catalog:cdbc816b10c6e4d36d3edeeeccfcdaf1d95f48a6928646eb3612729cfea23583"},"type":"Feature"},{"geometry":{"coordinates":[[[13.797015070936,45.863309352518],[13.797949,45.862601],[13.800739,45.858545],[13.804925,45.856013],[13.820583,45.849708],[13.823219,45.847486],[13.833967,45.835497],[13.857997,45.826505],[13.863733,45.826195],[13.885902,45.82865],[13.891845,45.840665],[13.907503,45.849372],[13.917525773196,45.853736890616],[13.917525773196,45.863309352518],[13.869995695222,45.863309352518],[13.797015070936,45.863309352518]]],"type":"Polygon"},"id":631,"properties":{"parentKey":"SVN:1159310851","sourceCountryId":"SVN","syntheticOperational":true,"territoryId":"territory:catalog:012481f603633ea6898ad7a9b12f7c63b9e572219241942aa235be9881f813e9"},"type":"Feature"},{"geometry":{"coordinates":[[[13.527098259858,46.294964028777],[13.558441558442,46.294964028777],[13.665943600868,46.294964028777],[13.665943600868,46.29528736436],[13.651446,46.296296],[13.629432,46.300533],[13.584422,46.299603],[13.550109,46.302032],[13.532435,46.298001],[13.527098259858,46.294964028777]]],"type":"Polygon"},"id":632,"properties":{"parentKey":"SVN:1159310867","sourceCountryId":"SVN","syntheticOperational":true,"territoryId":"territory:catalog:f3d9138888c7b05352bbc1d8fe6f286eb7fe982354bfc6cd501a4c4e1da38855"},"type":"Feature"},{"geometry":{"coordinates":[[[13.421365184049,46.294964028777],[13.432648,46.292549],[13.448978,46.287227],[13.477038,46.281025],[13.515227,46.277227],[13.527319,46.281491],[13.530265,46.286219],[13.52949,46.290973],[13.526079,46.294384],[13.527098259858,46.294964028777],[13.509761388286,46.294964028777],[13.421365184049,46.294964028777]]],"type":"Polygon"},"id":633,"properties":{"parentKey":"SVN:1159310855","sourceCountryId":"SVN","syntheticOperational":true,"territoryId":"territory:catalog:145c52f102b04e393314bea03a57684aec08ba5dd5b6a0b8fac36232af8cb115"},"type":"Feature"},{"geometry":{"coordinates":[[[15.085723,46.647795],[15.088826,46.634363],[15.093787,46.625501],[15.099187951341,46.618705035971],[15.182123631309,46.618705035971],[15.183497,46.619454],[15.183962,46.625578],[15.181637,46.629557],[15.173679,46.637774],[15.172557,46.64136],[15.105591,46.646323],[15.085723,46.647795]]],"type":"Polygon"},"id":634,"properties":{"parentKey":"SVN:1159310747","sourceCountryId":"SVN","syntheticOperational":true,"territoryId":"territory:catalog:3d69c5e87a6bcb427c1695d9ff13e22b728359dbcba0a486dcc966199ebba4dd"},"type":"Feature"},{"geometry":{"coordinates":[[[15.264743865691,45.909106371361],[15.268505,45.906914],[15.277652,45.903839],[15.288504,45.898517],[15.298167,45.890455],[15.303128,45.885313],[15.306074,45.881231],[15.301733,45.874875],[15.303748,45.864462],[15.329483,45.87472],[15.340025,45.870818],[15.341421,45.868493],[15.343901,45.868312],[15.347983,45.869862],[15.355735,45.874099],[15.361006,45.883737],[15.350619,45.891695],[15.353254,45.899524],[15.354185,45.916448],[15.363021,45.934768],[15.346381,45.944483],[15.342506,45.951407],[15.334599,45.954198],[15.327158,45.955852],[15.317081,45.957143],[15.295687,45.956058],[15.289641,45.953836],[15.286488,45.951821],[15.285403,45.949082],[15.285093,45.945465],[15.286644,45.9404],[15.284008,45.935749],[15.279357,45.936163],[15.266025,45.944767],[15.264743865691,45.944813755256],[15.264743865691,45.909106371361]]],"type":"Polygon"},"id":635,"properties":{"parentKey":"SVN:1159310779","sourceCountryId":"SVN","syntheticOperational":true,"territoryId":"territory:catalog:1ffb52a8b62565623525a1e5183d7775b733e70dbc0c0c985dc5dc74f03ea586"},"type":"Feature"},{"geometry":{"coordinates":[[[15.209059233449,46.535597345419],[15.209077,46.535609],[15.210317,46.543258],[15.214813,46.547547],[15.220239,46.550854],[15.270365,46.572584],[15.284473,46.598577],[15.297857,46.607801],[15.304679,46.6093],[15.320957,46.614623],[15.32824945652,46.618705035971],[15.235602094241,46.618705035971],[15.209059233449,46.618705035971],[15.209059233449,46.60492747051],[15.209232,46.60483],[15.211558,46.601652],[15.211558,46.597466],[15.209852,46.591937],[15.209059233449,46.590974603021],[15.209059233449,46.535597345419]]],"type":"Polygon"},"id":636,"properties":{"parentKey":"SVN:1159310761","sourceCountryId":"SVN","syntheticOperational":true,"territoryId":"territory:catalog:2f934f780fdcbcd5daa5819262a59bc7706436fcba5ac9307d75aadc2f5d6868"},"type":"Feature"},{"geometry":{"coordinates":[[[15.428571428571,46.187050359712],[15.468777751232,46.187050359712],[15.458313,46.198395],[15.450044,46.213097],[15.447099,46.221468],[15.447874,46.226093],[15.450354,46.228496],[15.458726,46.234749],[15.476296,46.243483],[15.487768,46.247255],[15.502806,46.254257],[15.51495,46.265006],[15.520996,46.268856],[15.524097,46.272137],[15.529988,46.276633],[15.511953,46.282886],[15.506062,46.280793],[15.500015,46.280069],[15.429107204579,46.294964028777],[15.428571428571,46.294964028777],[15.428571428571,46.187050359712]]],"type":"Polygon"},"id":637,"properties":{"parentKey":"SVN:1159308593","sourceCountryId":"SVN","syntheticOperational":true,"territoryId":"territory:catalog:ddc81bd65816bf793a100a1f766bc14dfc785626055bf87b6a802a760493c4ea"},"type":"Feature"},{"geometry":{"coordinates":[[[15.179642217712,46.079136690647],[15.201946,46.060755],[15.204891,46.066413],[15.203806,46.06879],[15.200861,46.072589],[15.193729,46.07848],[15.193517208385,46.079136690647],[15.179642217712,46.079136690647]]],"type":"Polygon"},"id":638,"properties":{"parentKey":"SVN:1159310715","sourceCountryId":"SVN","syntheticOperational":true,"territoryId":"territory:catalog:e807d863e566a6d6ca0fb67bbc1a0b8f090aa77fd79294f7d21c0ec88547efbd"},"type":"Feature"},{"geometry":{"coordinates":[[[15.5658,46.273662],[15.584415584416,46.238684198918],[15.584415584416,46.283326186598],[15.577013,46.281775],[15.571381,46.279165],[15.5658,46.273662]]],"type":"Polygon"},"id":639,"properties":{"parentKey":"SVN:1159310765","sourceCountryId":"SVN","syntheticOperational":true,"territoryId":"territory:catalog:27c8185f11998977992f5ca668df77c0e554be30b84b952cd104f36dd09a1c3f"},"type":"Feature"},{"geometry":{"coordinates":[[[14.120875,46.392724],[14.134490238612,46.375842844193],[14.134490238612,46.402877697842],[14.12589571138,46.402877697842],[14.120875,46.392724]]],"type":"Polygon"},"id":640,"properties":{"parentKey":"SVN:1159308679","sourceCountryId":"SVN","syntheticOperational":true,"territoryId":"territory:catalog:ada9e78f9dd153aeb34a69810255011cd88109eb1fb0291358d7fb45371b8599"},"type":"Feature"},{"geometry":{"coordinates":[[[13.738680465718,46.058130600877],[13.739761,46.058171],[13.751698,46.064579],[13.76069,46.075638],[13.764160150464,46.079136690647],[13.738680465718,46.079136690647],[13.738680465718,46.058130600877]]],"type":"Polygon"},"id":641,"properties":{"parentKey":"SVN:1159310865","sourceCountryId":"SVN","syntheticOperational":true,"territoryId":"territory:catalog:1376fcd5f7d13435547a06557f6900f82f3ccbedc67df721393ff86505c0afec"},"type":"Feature"},{"geometry":{"coordinates":[[[14.204398447607,46.023524433059],[14.244071,46.02024],[14.243451,46.031454],[14.252598,46.039722],[14.257094,46.041247],[14.282415,46.045562],[14.323188,46.042668],[14.33094,46.040653],[14.337141,46.03763],[14.343084,46.029103],[14.344324,46.025201],[14.344479,46.021894],[14.343239,46.019414],[14.341998,46.014013],[14.359517,46.020705],[14.359637774903,46.02081966079],[14.359637774903,46.079136690647],[14.312878133103,46.079136690647],[14.210487547836,46.079136690647],[14.210068,46.073467],[14.207588,46.066904],[14.206813,46.060083],[14.204398447607,46.057406455573],[14.204398447607,46.023524433059]]],"type":"Polygon"},"id":642,"properties":{"parentKey":"SVN:1159308557","sourceCountryId":"SVN","syntheticOperational":true,"territoryId":"territory:catalog:5b066aded4725e29dbb3823dc43ebb60160b8221d6f1d469a05e415230eeb043"},"type":"Feature"},{"geometry":{"coordinates":[[[15.961976158183,46.510791366906],[15.993031358885,46.510791366906],[15.993031358885,46.521335412644],[15.983242,46.519254],[15.97146,46.513931],[15.962158,46.510908],[15.961976158183,46.510791366906]]],"type":"Polygon"},"id":643,"properties":{"parentKey":"SVN:1159310891","sourceCountryId":"SVN","syntheticOperational":true,"territoryId":"territory:catalog:02e33150dd67c1ab07842f6e7696948663fa1209b71418ac69c2de4119c05185"},"type":"Feature"},{"geometry":{"coordinates":[[[13.886109,46.134549],[13.890295,46.124833],[13.899596,46.113129],[13.901612,46.105196],[13.901457,46.097445],[13.903782,46.088608],[13.906418,46.082872],[13.907221509105,46.079136690647],[13.956601099266,46.079136690647],[13.956854,46.079307],[13.958249,46.08202],[13.959024,46.085404],[13.960109,46.087316],[13.964605,46.086825],[13.976995922926,46.079136690647],[14.00172860847,46.079136690647],[14.00172860847,46.175993154033],[13.993596,46.17806],[13.98848,46.18067],[13.98817,46.186122],[13.988288851951,46.187050359712],[13.974690965535,46.187050359712],[13.957939,46.17837],[13.923626,46.170722],[13.906573,46.163539],[13.89355,46.154212],[13.88983,46.147933],[13.886212,46.140026],[13.886109,46.134549]]],"type":"Polygon"},"id":644,"properties":{"parentKey":"SVN:1159310825","sourceCountryId":"SVN","syntheticOperational":true,"territoryId":"territory:catalog:9b1230137bfc584c0c20f2fd59906f51012c080b8942620dd7d9f828034dcfbd"},"type":"Feature"},{"geometry":{"coordinates":[[[13.699908,45.770524],[13.709478,45.765321],[13.74084671153,45.755395683453],[13.762886597938,45.755395683453],[13.762886597938,45.791730790813],[13.753094,45.790875],[13.731855,45.79134],[13.725809,45.789763],[13.705758,45.779738],[13.699908,45.770524]]],"type":"Polygon"},"id":645,"properties":{"parentKey":"SVN:1159310879","sourceCountryId":"SVN","syntheticOperational":true,"territoryId":"territory:catalog:131c03654f71839784628ae74405b0f1ca84e5b206cf2e669932fba854684dc6"},"type":"Feature"},{"geometry":{"coordinates":[[[14.740010921691,46.402877697842],[14.759219088937,46.402877697842],[14.784876140808,46.402877697842],[14.784876140808,46.429701421671],[14.775667,46.431895],[14.769931,46.431275],[14.754583,46.421456],[14.740165,46.40709],[14.740010921691,46.402877697842]]],"type":"Polygon"},"id":646,"properties":{"parentKey":"SVN:1159308571","sourceCountryId":"SVN","syntheticOperational":true,"territoryId":"territory:catalog:f0e8ad98ecc52e470ac2a88f467ee1fac3adc7e1913d7d6d99980b6521594aa3"},"type":"Feature"},{"geometry":{"coordinates":[[[14.646269,45.707495],[14.665523156089,45.690855412768],[14.665523156089,45.72663811625],[14.663787,45.723153],[14.657586,45.714574],[14.646269,45.707495]]],"type":"Polygon"},"id":647,"properties":{"parentKey":"SVN:1159308589","sourceCountryId":"SVN","syntheticOperational":true,"territoryId":"territory:catalog:2100080e74ca13ffba141a1ae3679ba71d2582b43bf8128e4443bf4aea2cb3e1"},"type":"Feature"},{"geometry":{"coordinates":[[[15.567144719687,46.402877697842],[15.678242842561,46.402877697842],[15.687498,46.408615],[15.667602,46.42373],[15.653339,46.428484],[15.641712,46.43112],[15.640162,46.43453],[15.567144719687,46.464563768375],[15.567144719687,46.402877697842]]],"type":"Polygon"},"id":648,"properties":{"parentKey":"SVN:1159308595","sourceCountryId":"SVN","syntheticOperational":true,"territoryId":"territory:catalog:e453bd1f2ec07f3ed7e9d458fc615450bbc3ef09aae70b24dc0c63f0f686d027"},"type":"Feature"},{"geometry":{"coordinates":[[[14.810915902023,45.755395683453],[14.819897084048,45.755395683453],[14.845360824742,45.755395683453],[14.845360824742,45.759682114759],[14.835715,45.76054],[14.826878,45.757621],[14.813701,45.757672],[14.810915902023,45.755395683453]]],"type":"Polygon"},"id":649,"properties":{"parentKey":"SVN:1159308563","sourceCountryId":"SVN","syntheticOperational":true,"territoryId":"territory:catalog:7cfb725195bb69819d43ec73ee10942d9dec6736a2d2281a17da6260282a624d"},"type":"Feature"},{"geometry":{"coordinates":[[[14.220898943359,45.863309352518],[14.222006,45.862834],[14.226804123711,45.861361360896],[14.226804123711,45.863309352518],[14.220898943359,45.863309352518]]],"type":"Polygon"},"id":650,"properties":{"parentKey":"SVN:1159310723","sourceCountryId":"SVN","syntheticOperational":true,"territoryId":"territory:catalog:f2e5efc7e501bc57f1bdb14b73165627282136d18b6dfe0e9009c33079144bb6"},"type":"Feature"},{"geometry":{"coordinates":[[[15.29107373868,45.971223021583],[15.391770003668,45.971223021583],[15.424154,45.993989],[15.429425,46.000629],[15.429891,46.006985],[15.427875,46.012618],[15.422604,46.017889],[15.419039,46.025821],[15.416713,46.033159],[15.416713,46.041789],[15.419504,46.04644],[15.420279,46.049928],[15.418418,46.063313],[15.368447,46.072124],[15.316771,46.068661],[15.302663,46.064708],[15.292121,46.059049],[15.29107373868,46.059059865441],[15.29107373868,45.971223021583]]],"type":"Polygon"},"id":651,"properties":{"parentKey":"SVN:1159310777","sourceCountryId":"SVN","syntheticOperational":true,"territoryId":"territory:catalog:59c778bdcf2656197b2fe885ebc60c62ad980e92a6bb354b9461e95ba3a9c154"},"type":"Feature"},{"geometry":{"coordinates":[[[13.846153846154,46.402877697842],[13.905699332947,46.402877697842],[13.918045,46.407504],[13.947242,46.42572],[13.96042,46.432076],[13.972357,46.436184],[13.979488,46.44223],[13.992356,46.444814],[13.999694,46.452927],[14.00260756193,46.454414026569],[14.00260756193,46.481000744932],[13.998763,46.480523],[13.98233,46.481918],[13.8939109326,46.510791366906],[13.846153846154,46.510791366906],[13.846153846154,46.402877697842]]],"type":"Polygon"},"id":652,"properties":{"parentKey":"SVN:1159310833","sourceCountryId":"SVN","syntheticOperational":true,"territoryId":"territory:catalog:087c29a872538e269f05a36475be1d63e5d398a31acebae1c13544c7019816ac"},"type":"Feature"},{"geometry":{"coordinates":[[[15.327342747112,45.632479493958],[15.339146,45.636905],[15.353099,45.640316],[15.373769,45.640213],[15.36926247433,45.647482014388],[15.327342747112,45.647482014388],[15.327342747112,45.632479493958]]],"type":"Polygon"},"id":653,"properties":{"parentKey":"SVN:1159310735","sourceCountryId":"SVN","syntheticOperational":true,"territoryId":"territory:catalog:ac7674f2bbc6a09f31b768716708abc64b95b9ee215a3f3f396f7d76eef8144d"},"type":"Feature"},{"geometry":{"coordinates":[[[15.924124,46.534369],[15.930325,46.529822],[15.932341,46.527341],[15.933736,46.52269],[15.934201,46.518918],[15.931142896076,46.510791366906],[15.961976158183,46.510791366906],[15.962158,46.510908],[15.97146,46.513931],[15.983242,46.519254],[15.993031358885,46.521335412644],[15.993031358885,46.539828629581],[15.986652,46.546668],[15.959161,46.533439],[15.9542,46.532974],[15.947533,46.533413],[15.945208,46.535868],[15.928465,46.541914],[15.924124,46.534369]]],"type":"Polygon"},"id":654,"properties":{"parentKey":"SVN:1159308697","sourceCountryId":"SVN","syntheticOperational":true,"territoryId":"territory:catalog:ccacd2fa46c8ccb838916f7e801081bd39a27f1da79081d50446dcd9fe153c90"},"type":"Feature"},{"geometry":{"coordinates":[[[15.391770003668,45.971223021583],[15.419715884632,45.971223021583],[15.446313065977,45.971223021583],[15.446313065977,46.064955346648],[15.418418,46.063313],[15.420279,46.049928],[15.419504,46.04644],[15.416713,46.041789],[15.416713,46.033159],[15.419039,46.025821],[15.422604,46.017889],[15.427875,46.012618],[15.429891,46.006985],[15.429425,46.000629],[15.424154,45.993989],[15.391770003668,45.971223021583]]],"type":"Polygon"},"id":655,"properties":{"parentKey":"SVN:1159310711","sourceCountryId":"SVN","syntheticOperational":true,"territoryId":"territory:catalog:9c5a835541b21bab867f63694cd70f3402d6a05315926b051b40f898f9b19b92"},"type":"Feature"},{"geometry":{"coordinates":[[[14.819897084048,45.647482014388],[14.865211810013,45.647482014388],[14.974271012007,45.647482014388],[14.974271012007,45.707311578748],[14.971986,45.711577],[14.974271012007,45.719884086616],[14.974271012007,45.755395683453],[14.908823365774,45.755395683453],[14.895763,45.745115],[14.877004,45.743927],[14.869718,45.752246],[14.862990180112,45.755395683453],[14.845360824742,45.755395683453],[14.819897084048,45.755395683453],[14.819897084048,45.729283990709],[14.822382,45.727855],[14.819897084048,45.723810699767],[14.819897084048,45.647482014388]]],"type":"Polygon"},"id":656,"properties":{"parentKey":"SVN:1159308563","sourceCountryId":"SVN","syntheticOperational":true,"territoryId":"territory:catalog:c772cdd91074cf17428bcb539586c7056427081674e2a238cc415c5ced226205"},"type":"Feature"},{"geometry":{"coordinates":[[[15.463917525773,45.813889815955],[15.473918,45.811572],[15.48539,45.810176],[15.495312,45.812657],[15.513916,45.823406],[15.523527,45.826816],[15.549748,45.823693],[15.549573,45.823922],[15.544716,45.830278],[15.522701,45.852783],[15.517896,45.860586],[15.515739259688,45.863309352518],[15.463917525773,45.863309352518],[15.463917525773,45.813889815955]]],"type":"Polygon"},"id":657,"properties":{"parentKey":"SVN:1159310711","sourceCountryId":"SVN","syntheticOperational":true,"territoryId":"territory:catalog:af3fd25fb9195b30327808df9b4dce2fb682f5bde68ea4ba394137b90fe260b1"},"type":"Feature"},{"geometry":{"coordinates":[[[15.024604871314,45.647482014388],[15.037615,45.631324],[15.040231373338,45.647482014388],[15.024604871314,45.647482014388]]],"type":"Polygon"},"id":658,"properties":{"parentKey":"SVN:1159308655","sourceCountryId":"SVN","syntheticOperational":true,"territoryId":"territory:catalog:b9da7339eb3b3939bdfc4aeb3e0c3d69d85f843b42d04c87d5b9ee1c8672caef"},"type":"Feature"},{"geometry":{"coordinates":[[[15.854464,46.506309],[15.867332,46.500056],[15.880052151239,46.499928292594],[15.880052151239,46.510791366906],[15.855636704028,46.510791366906],[15.854464,46.506309]]],"type":"Polygon"},"id":659,"properties":{"parentKey":"SVN:1159308615","sourceCountryId":"SVN","syntheticOperational":true,"territoryId":"territory:catalog:21cc1693c46ca6ea7829a63a9248cb5ce709e56e6ad4f41955c9756bd7c4869d"},"type":"Feature"},{"geometry":{"coordinates":[[[15.052264808362,46.543658513431],[15.060249,46.541501],[15.064331,46.542327],[15.068982,46.545738],[15.070998,46.550337],[15.103399,46.570026],[15.106034,46.579224],[15.103864,46.586769],[15.10867,46.594934],[15.111925,46.598655],[15.125775,46.601239],[15.104794,46.611651],[15.099187951341,46.618705035971],[15.078534031414,46.618705035971],[15.052264808362,46.618705035971],[15.052264808362,46.543658513431]]],"type":"Polygon"},"id":660,"properties":{"parentKey":"SVN:1159310685","sourceCountryId":"SVN","syntheticOperational":true,"territoryId":"territory:catalog:f40b9cd02eeb48ad8e6fda53dae78794fc82932099c2087ed54a2c615fdcb806"},"type":"Feature"},{"geometry":{"coordinates":[[[15.567144719687,46.510383919722],[15.569835351854,46.510791366906],[15.567144719687,46.510791366906],[15.567144719687,46.510383919722]]],"type":"Polygon"},"id":661,"properties":{"parentKey":"SVN:1159308671","sourceCountryId":"SVN","syntheticOperational":true,"territoryId":"territory:catalog:440ab26df088870ac53190882d82a7be046f1dd5ec0ce7b4924ab9987c463663"},"type":"Feature"},{"geometry":{"coordinates":[[[15,45.849109945291],[15.015446,45.844851],[15.019631,45.839709],[15.025678,45.837978],[15.037305,45.840871],[15.03777,45.860974],[15.039982460092,45.863309352518],[15,45.863309352518],[15,45.849109945291]]],"type":"Polygon"},"id":662,"properties":{"parentKey":"SVN:1159310801","sourceCountryId":"SVN","syntheticOperational":true,"territoryId":"territory:catalog:2a04fc66ea166538c78ecc7b4f44424527e102b8d40a27651a2db498cd045c6d"},"type":"Feature"},{"geometry":{"coordinates":[[[13.956601099266,46.079136690647],[13.976995922926,46.079136690647],[13.964605,46.086825],[13.960109,46.087316],[13.959024,46.085404],[13.958249,46.08202],[13.956854,46.079307],[13.956601099266,46.079136690647]]],"type":"Polygon"},"id":663,"properties":{"parentKey":"SVN:1159310829","sourceCountryId":"SVN","syntheticOperational":true,"territoryId":"territory:catalog:55714be794ef1c91247a867eea33889a183656d640e3edee5029a3347181816c"},"type":"Feature"},{"geometry":{"coordinates":[[[14.819897084048,45.723810699767],[14.822382,45.727855],[14.819897084048,45.729283990709],[14.819897084048,45.723810699767]]],"type":"Polygon"},"id":664,"properties":{"parentKey":"SVN:1159308589","sourceCountryId":"SVN","syntheticOperational":true,"territoryId":"territory:catalog:463f80e94a94990eda2244061c58701751f6160dbc557825a074822f594d5c6e"},"type":"Feature"},{"geometry":{"coordinates":[[[16.498955987821,46.510791366906],[16.505867014342,46.506952225235],[16.505867014342,46.510791366906],[16.498955987821,46.510791366906]]],"type":"Polygon"},"id":665,"properties":{"parentKey":"SVN:1159308687","sourceCountryId":"SVN","syntheticOperational":true,"territoryId":"territory:catalog:83cdb283036f6520334b7e416f9b6aee874c503d8cc248f2d46d935f02a38fad"},"type":"Feature"},{"geometry":{"coordinates":[[[14.941329856584,46.402877697842],[15.0715835141,46.402877697842],[15.087915698422,46.402877697842],[15.089291,46.426469],[14.999891,46.446829],[14.956328,46.459852],[14.955863,46.447243],[14.942013,46.440008],[14.941329856584,46.439784379597],[14.941329856584,46.402877697842]]],"type":"Polygon"},"id":666,"properties":{"parentKey":"SVN:1159310793","sourceCountryId":"SVN","syntheticOperational":true,"territoryId":"territory:catalog:bf737abfc2a42c029a4989ed454dac8ac0a4f6979cebdd3d946cc0f8bfdf8a88"},"type":"Feature"},{"geometry":{"coordinates":[[[15.852494577006,46.349066434094],[15.853999,46.349471],[15.85958,46.350194],[15.864851,46.35159],[15.868882,46.351538],[15.879889,46.350401],[15.88392,46.348437],[15.900508,46.343399],[15.906244,46.340893],[15.910481,46.338128],[15.912807,46.334795],[15.913427,46.332211],[15.913582,46.327663],[15.912342,46.325286],[15.910171,46.322703],[15.909396,46.319344],[15.910171,46.315468],[15.911877,46.311825],[15.914357,46.308569],[15.918078,46.302342],[15.918698,46.299345],[15.918388,46.296451],[15.918044895364,46.294964028777],[15.989493747332,46.294964028777],[15.989133,46.29534],[15.97518,46.327715],[15.97611,46.335467],[15.97332,46.342288],[15.970995,46.346525],[15.967274,46.349187],[15.969289,46.361899],[15.951254,46.365852],[15.942572,46.369573],[15.936371,46.380735],[15.935131,46.383397],[15.928465,46.386885],[15.904074,46.393603],[15.896322,46.396858],[15.869502,46.384017],[15.852494577006,46.382124345145],[15.852494577006,46.349066434094]]],"type":"Polygon"},"id":667,"properties":{"parentKey":"SVN:1159308597","sourceCountryId":"SVN","syntheticOperational":true,"territoryId":"territory:catalog:a5cf8dfebc4f0e54a9bcc1c6e76cde3ea23b4c19a8001a1541bc4f15771753f3"},"type":"Feature"},{"geometry":{"coordinates":[[[14.181818181818,46.28363940148],[14.227948,46.275057],[14.234305,46.273197],[14.274612,46.274902],[14.267636,46.290353],[14.266588192552,46.294964028777],[14.181818181818,46.294964028777],[14.181818181818,46.28363940148]]],"type":"Polygon"},"id":668,"properties":{"parentKey":"SVN:1159310839","sourceCountryId":"SVN","syntheticOperational":true,"territoryId":"territory:catalog:312f65e453a93ebb2bc2ea00ba28864017dd3f621b2a4ec93b8b403b0de2e46f"},"type":"Feature"},{"geometry":{"coordinates":[[[14.04915912031,45.971223021583],[14.109656864311,45.971223021583],[14.110798,45.973267],[14.12072,45.978667],[14.128936,45.984609],[14.137308,45.992335],[14.138703,46.005771],[14.111211,46.012644],[14.108576,46.015228],[14.10563,46.018793],[14.100669,46.02732],[14.096484,46.032178],[14.089972,46.032359],[14.081756,46.034761],[14.053954,46.063028],[14.04915912031,46.065062233985],[14.04915912031,45.971223021583]]],"type":"Polygon"},"id":669,"properties":{"parentKey":"SVN:1159310829","sourceCountryId":"SVN","syntheticOperational":true,"territoryId":"territory:catalog:8ebd535a9c53f590968e5d46ed0ba26eaec3a0ef47489c2186b92b2f07327b70"},"type":"Feature"},{"geometry":{"coordinates":[[[15.116883116883,46.187769769247],[15.118282,46.187879],[15.121589,46.188654],[15.125155,46.190204],[15.12841,46.192426],[15.130891,46.195062],[15.132441,46.198395],[15.134146,46.206844],[15.134301,46.22214],[15.135697,46.227024],[15.138022,46.22984],[15.140658,46.23015],[15.143603,46.229969],[15.143138,46.231597],[15.137712,46.235989],[15.123759,46.241571],[15.116883116883,46.246250710723],[15.116883116883,46.187769769247]]],"type":"Polygon"},"id":670,"properties":{"parentKey":"SVN:1159308645","sourceCountryId":"SVN","syntheticOperational":true,"territoryId":"territory:catalog:e57a05d7d7ea534e4c7b065278cf7e5e935ca1443652483bc818d539bb8e5b5f"},"type":"Feature"},{"geometry":{"coordinates":[[[15.978215739296,46.726618705036],[15.982001,46.718545],[16.003291,46.709191],[16.014557,46.693714],[16.016723,46.670691],[16.020942408377,46.668553206911],[16.020942408377,46.726618705036],[15.978215739296,46.726618705036]]],"type":"Polygon"},"id":671,"properties":{"parentKey":"SVN:1159309555","sourceCountryId":"SVN","syntheticOperational":true,"territoryId":"territory:catalog:5a6ab26c83f5a6af6533476b225a8f050cb97219e609e6e68e7c3d03e0e91106"},"type":"Feature"},{"geometry":{"coordinates":[[[15.757933,46.262034],[15.798912,46.248805],[15.799526,46.248607],[15.803097,46.250511],[15.81829,46.255524],[15.834206,46.258366],[15.879323,46.259308],[15.880895,46.259341],[15.880664,46.259606],[15.875083,46.266013],[15.866866,46.281775],[15.862061,46.283842],[15.84538968798,46.294964028777],[15.770382721929,46.294964028777],[15.761808,46.285754],[15.757933,46.262034]]],"type":"Polygon"},"id":672,"properties":{"parentKey":"SVN:1159308617","sourceCountryId":"SVN","syntheticOperational":true,"territoryId":"territory:catalog:39c0b2246790ba7131d4dc4455ae8822959f3d3e1eb9da62481f8ccd0c600948"},"type":"Feature"},{"geometry":{"coordinates":[[[14.166505,46.28131],[14.181818181818,46.273438304555],[14.181818181818,46.28363940148],[14.179063,46.284152],[14.166505,46.28131]]],"type":"Polygon"},"id":673,"properties":{"parentKey":"SVN:1159310831","sourceCountryId":"SVN","syntheticOperational":true,"territoryId":"territory:catalog:597a0e914ffe84e09d441cc8460a765a1f029486262b3401aaa9a064686988b8"},"type":"Feature"},{"geometry":{"coordinates":[[[15.075095017402,45.755395683453],[15.076114,45.754313],[15.079369,45.749146],[15.08061,45.744159],[15.114251,45.718373],[15.121072,45.711732],[15.124069,45.706823],[15.121899,45.702379],[15.120039,45.700467],[15.118437,45.69858],[15.115956,45.697004],[15.112856,45.696022],[15.105724,45.692767],[15.102779,45.684421],[15.12624,45.681915],[15.128644939966,45.682022945402],[15.128644939966,45.755395683453],[15.075095017402,45.755395683453]]],"type":"Polygon"},"id":674,"properties":{"parentKey":"SVN:1159308575","sourceCountryId":"SVN","syntheticOperational":true,"territoryId":"territory:catalog:149fc03dd79d4f34370b9816449ec6f0780c0b77d5a7d07aa187c955ff891a77"},"type":"Feature"},{"geometry":{"coordinates":[[[14.478372,45.747854],[14.50819,45.731111],[14.51114922813,45.730729751879],[14.51114922813,45.755395683453],[14.491917266729,45.755395683453],[14.478372,45.747854]]],"type":"Polygon"},"id":675,"properties":{"parentKey":"SVN:1159308667","sourceCountryId":"SVN","syntheticOperational":true,"territoryId":"territory:catalog:8090402a2a615ec756c69a900e0afb595598646dedc2d9b402961daafd146fb6"},"type":"Feature"},{"geometry":{"coordinates":[[[15.84538968798,46.294964028777],[15.862061,46.283842],[15.866866,46.281775],[15.875083,46.266013],[15.880664,46.259606],[15.880895,46.259341],[15.883712,46.2594],[15.896103896104,46.264128083572],[15.896103896104,46.294964028777],[15.852494577006,46.294964028777],[15.84538968798,46.294964028777]]],"type":"Polygon"},"id":676,"properties":{"parentKey":"SVN:1159308619","sourceCountryId":"SVN","syntheticOperational":true,"territoryId":"territory:catalog:5a24169a9297949280f3784863111a302e71efe1f5ee212db3727967dbf0f2c1"},"type":"Feature"},{"geometry":{"coordinates":[[[15.140863063805,45.863309352518],[15.154639175258,45.863309352518],[15.264743865691,45.863309352518],[15.264743865691,45.909106371361],[15.238584,45.924355],[15.227371,45.909084],[15.226906,45.904795],[15.228301,45.900506],[15.228766,45.895804],[15.217759,45.879629],[15.209852,45.873815],[15.19652,45.869862],[15.184738,45.867485],[15.144843,45.873324],[15.140863063805,45.863309352518]]],"type":"Polygon"},"id":677,"properties":{"parentKey":"SVN:1159308575","sourceCountryId":"SVN","syntheticOperational":true,"territoryId":"territory:catalog:42d2643ca2ffe29f42bc507f3e0fc8ac542eefa9e3a6ebba354010a65ec11cca"},"type":"Feature"},{"geometry":{"coordinates":[[[13.569161036211,45.863309352518],[13.60824742268,45.863309352518],[13.708914396936,45.863309352518],[13.709169,45.865004],[13.679248,45.868518],[13.665295,45.868027],[13.639199,45.874306],[13.629277,45.879009],[13.62044,45.886037],[13.620595,45.889215],[13.625556,45.891153],[13.633928,45.891695],[13.639509,45.892625],[13.64695,45.897199],[13.613619,45.90402],[13.599306,45.912327],[13.56928,45.86454],[13.569161036211,45.863309352518]]],"type":"Polygon"},"id":678,"properties":{"parentKey":"SVN:1159310875","sourceCountryId":"SVN","syntheticOperational":true,"territoryId":"territory:catalog:496730acdd9222cda062b2d225270cf028f07eaecdde6efeaad2f2279d41ea85"},"type":"Feature"},{"geometry":{"coordinates":[[[14.689506115837,46.079136690647],[14.69221,46.07786],[14.709991027373,46.079136690647],[14.689506115837,46.079136690647]]],"type":"Polygon"},"id":679,"properties":{"parentKey":"SVN:1159310683","sourceCountryId":"SVN","syntheticOperational":true,"territoryId":"territory:catalog:c51709a180ed29c7ac121884b3509c174e24c1b40992bb4cc9148c4e0a95b07b"},"type":"Feature"},{"geometry":{"coordinates":[[[15.74025974026,46.265693079809],[15.741344,46.266065],[15.74025974026,46.266010567667],[15.74025974026,46.265693079809]]],"type":"Polygon"},"id":680,"properties":{"parentKey":"SVN:1159310765","sourceCountryId":"SVN","syntheticOperational":true,"territoryId":"territory:catalog:71addccceb772b4fe40097a8a0b26b33af9df3a099638ec8f05a7f4b73ffbe92"},"type":"Feature"},{"geometry":{"coordinates":[[[15.128644939966,45.682022945402],[15.156161,45.683258],[15.171508,45.68238],[15.184583,45.683258],[15.190784,45.684447],[15.228146,45.70274],[15.249023,45.713282],[15.249913,45.713732],[15.255017,45.723463],[15.263492,45.730388],[15.283018867925,45.738023471887],[15.283018867925,45.755395683453],[15.154639175258,45.755395683453],[15.128644939966,45.755395683453],[15.128644939966,45.682022945402]]],"type":"Polygon"},"id":681,"properties":{"parentKey":"SVN:1159308575","sourceCountryId":"SVN","syntheticOperational":true,"territoryId":"territory:catalog:0b1040cd17d7cda2014fbe5df4be056325637d4fa144e01930e6d535bad039d8"},"type":"Feature"},{"geometry":{"coordinates":[[[14.662777857179,46.079136690647],[14.670116429495,46.079136690647],[14.689506115837,46.079136690647],[14.683838,46.081813],[14.677947,46.082614],[14.662777857179,46.079136690647]]],"type":"Polygon"},"id":682,"properties":{"parentKey":"SVN:1159310719","sourceCountryId":"SVN","syntheticOperational":true,"territoryId":"territory:catalog:24e3ea891f5027ef780a90f264dc7644431b3dcb454214e57acdaf1727ae080c"},"type":"Feature"},{"geometry":{"coordinates":[[[13.869995695222,45.863309352518],[13.917525773196,45.863309352518],[13.932267578527,45.863309352518],[13.932463,45.863454],[13.956544,45.873686],[13.973442,45.8772],[13.986775,45.877717],[13.997317,45.875908],[14.00512,45.873014],[14.014731,45.865159],[14.015370224677,45.863309352518],[14.024967714163,45.863309352518],[14.024967714163,45.898884985085],[14.003259,45.909498],[13.990495,45.9188],[13.970807,45.92774],[13.961195,45.933682],[13.947862,45.936525],[13.923626,45.950891],[13.900992,45.969132],[13.89510692287,45.971223021583],[13.893919793014,45.971223021583],[13.869995695222,45.971223021583],[13.869995695222,45.863309352518]]],"type":"Polygon"},"id":683,"properties":{"parentKey":"SVN:1159310851","sourceCountryId":"SVN","syntheticOperational":true,"territoryId":"territory:catalog:bc22375763381dae1f36c2b327fa4d9754a920d007683f893fb6f0a2a4ebdc1b"},"type":"Feature"},{"geometry":{"coordinates":[[[15.078534031414,46.618705035971],[15.099187951341,46.618705035971],[15.093787,46.625501],[15.088826,46.634363],[15.085723,46.647795],[15.078534031414,46.64832791946],[15.078534031414,46.618705035971]]],"type":"Polygon"},"id":684,"properties":{"parentKey":"SVN:1159310685","sourceCountryId":"SVN","syntheticOperational":true,"territoryId":"territory:catalog:d2e0d3a5797e8d6e4fdc8b150cd94525c52ae9652682ccd22e8e18ba8ba131a8"},"type":"Feature"},{"geometry":{"coordinates":[[[13.60824742268,45.82085897012],[13.648966,45.820046],[13.670101,45.822604],[13.682039,45.831673],[13.693976,45.836298],[13.700642,45.842887],[13.706378,45.846427],[13.708914396936,45.863309352518],[13.60824742268,45.863309352518],[13.60824742268,45.82085897012]]],"type":"Polygon"},"id":685,"properties":{"parentKey":"SVN:1159310875","sourceCountryId":"SVN","syntheticOperational":true,"territoryId":"territory:catalog:fac48ae051b874af770fc92fa195f8fea04b52332739d70eca1681f15bf926ba"},"type":"Feature"},{"geometry":{"coordinates":[[[13.685853,46.464047],[13.689700130378,46.455232334622],[13.689700130378,46.489929459619],[13.688446,46.467759],[13.685853,46.464047]]],"type":"Polygon"},"id":686,"properties":{"parentKey":"SVN:1159310833","sourceCountryId":"SVN","syntheticOperational":true,"territoryId":"territory:catalog:823cff37f8d67b7aa7d5bdb6d17bb7c744763778eb77ee131320cc0bba4f3407"},"type":"Feature"},{"geometry":{"coordinates":[[[14.388168235781,45.863309352518],[14.388817,45.862989],[14.393055,45.860405],[14.399876,45.861206],[14.401988208739,45.863309352518],[14.388168235781,45.863309352518]]],"type":"Polygon"},"id":687,"properties":{"parentKey":"SVN:1159310663","sourceCountryId":"SVN","syntheticOperational":true,"territoryId":"territory:catalog:76ea2e75c85e64244804fb1ab57bf57b95e33c505b66c4aad926c530dc5b2a52"},"type":"Feature"},{"geometry":{"coordinates":[[[16.283172,46.627671],[16.296940014609,46.618705035971],[16.306620209059,46.618705035971],[16.335078534031,46.618705035971],[16.335078534031,46.626726928305],[16.314384,46.645138],[16.2979,46.647851],[16.286272,46.641236],[16.286427,46.636223],[16.283172,46.627671]]],"type":"Polygon"},"id":688,"properties":{"parentKey":"SVN:1159310905","sourceCountryId":"SVN","syntheticOperational":true,"territoryId":"territory:catalog:aac4bebb9278692dad8ee3c171c488b0ae4ae31b54a511a81c6f11f132b1e699"},"type":"Feature"},{"geometry":{"coordinates":[[[15.401901469317,46.112298097357],[15.405706,46.115299],[15.413923,46.120079],[15.415783,46.122353],[15.416868,46.124833],[15.420124,46.12566],[15.423069,46.124007],[15.4271,46.120338],[15.431596,46.118322],[15.435627,46.118116],[15.437332,46.119614],[15.438417,46.122611],[15.439037,46.125764],[15.440278,46.128554],[15.438572,46.131784],[15.435007,46.135014],[15.425705,46.138889],[15.421984,46.141292],[15.413302,46.149121],[15.411752,46.152067],[15.407101,46.152687],[15.403329,46.15217],[15.401901469317,46.15144599112],[15.401901469317,46.112298097357]]],"type":"Polygon"},"id":689,"properties":{"parentKey":"SVN:1159308663","sourceCountryId":"SVN","syntheticOperational":true,"territoryId":"territory:catalog:a2248e58cce0d5faf1cb0a9eef9374b0065e73a45d24c1676a996e79ef747eba"},"type":"Feature"},{"geometry":{"coordinates":[[[13.732785,45.905855],[13.73387,45.903245],[13.738831,45.901798],[13.747048,45.898284],[13.755109,45.891385],[13.768907,45.885313],[13.786942,45.87273],[13.791283,45.868828],[13.794848,45.864953],[13.797015070936,45.863309352518],[13.869995695222,45.863309352518],[13.869995695222,45.971223021583],[13.81936256945,45.971223021583],[13.798879,45.960864],[13.774384,45.931977],[13.753094,45.914278],[13.746582,45.91265],[13.732785,45.905855]]],"type":"Polygon"},"id":690,"properties":{"parentKey":"SVN:1159310851","sourceCountryId":"SVN","syntheticOperational":true,"territoryId":"territory:catalog:e3ff3cdfedaa7ff95c658061f2a33d8e0a21fc43da74e049ef1f089a2100cd3b"},"type":"Feature"},{"geometry":{"coordinates":[[[14.971986,45.711577],[14.974271012007,45.707311578748],[14.974271012007,45.719884086616],[14.971986,45.711577]]],"type":"Polygon"},"id":691,"properties":{"parentKey":"SVN:1159308655","sourceCountryId":"SVN","syntheticOperational":true,"territoryId":"territory:catalog:d455c06e8434148b0a08b93fae5d9ca451cb4a3d32b8c76bf213422da51fef6e"},"type":"Feature"},{"geometry":{"coordinates":[[[16.306620209059,46.594395717673],[16.328492,46.583824],[16.335158,46.593952],[16.335623,46.597156],[16.340429,46.599352],[16.349111,46.600567],[16.36389,46.597414],[16.378463,46.599792],[16.347871,46.615346],[16.344095354271,46.618705035971],[16.335078534031,46.618705035971],[16.306620209059,46.618705035971],[16.306620209059,46.594395717673]]],"type":"Polygon"},"id":692,"properties":{"parentKey":"SVN:1159310905","sourceCountryId":"SVN","syntheticOperational":true,"territoryId":"territory:catalog:11ac5813856f397813fe6f0eb277e64045d1a90b088f28413a2007c97b640bbb"},"type":"Feature"},{"geometry":{"coordinates":[[[14.037211,45.761006],[14.048316235037,45.755395683453],[14.072164948454,45.755395683453],[14.072164948454,45.84354541061],[14.046047,45.836944],[14.058656,45.808625],[14.052094,45.796947],[14.048838,45.778085],[14.043567,45.772917],[14.037211,45.761006]]],"type":"Polygon"},"id":693,"properties":{"parentKey":"SVN:1159310755","sourceCountryId":"SVN","syntheticOperational":true,"territoryId":"territory:catalog:cfa9c2c4bd19c34159c1953c26732cb56691ab090d6f0a8c8b1aa26628832404"},"type":"Feature"},{"geometry":{"coordinates":[[[16.149825783972,46.601269979461],[16.150053,46.601239],[16.160802,46.605889],[16.149825783972,46.609482460643],[16.149825783972,46.601269979461]]],"type":"Polygon"},"id":694,"properties":{"parentKey":"SVN:1159308691","sourceCountryId":"SVN","syntheticOperational":true,"territoryId":"territory:catalog:c8d87e9bbfd09b7e6ea271a82b703c0bc576f9acf61276ae233a8a699cf6937d"},"type":"Feature"},{"geometry":{"coordinates":[[[14.644855789927,45.863309352518],[14.690721649485,45.863309352518],[14.767026439037,45.863309352518],[14.767295,45.863816],[14.768071,45.866761],[14.751792,45.883298],[14.731329,45.876425],[14.72306,45.876425],[14.684768,45.885778],[14.678102,45.888724],[14.671694,45.890119],[14.664563,45.888672],[14.659757,45.883298],[14.644855789927,45.876793309804],[14.644855789927,45.863309352518]]],"type":"Polygon"},"id":695,"properties":{"parentKey":"SVN:1159308665","sourceCountryId":"SVN","syntheticOperational":true,"territoryId":"territory:catalog:017390069b3847a0da02f5047ca9f7d1b2eda8d0a5c964befc4dcace79e26378"},"type":"Feature"},{"geometry":{"coordinates":[[[15.216364,46.19824],[15.218224,46.193098],[15.221635,46.192478],[15.229076,46.191961],[15.248506,46.197491],[15.257343,46.197129],[15.264629,46.193822],[15.272727272727,46.192741320566],[15.272727272727,46.294964028777],[15.227765726681,46.294964028777],[15.22613,46.294964028777],[15.22613,46.285366],[15.222565,46.281051],[15.219154,46.274023],[15.218069,46.270199],[15.220704,46.263404],[15.220549,46.262164],[15.218999,46.259993],[15.219619,46.256195],[15.22272,46.243844],[15.22396,46.23617],[15.216364,46.19824]]],"type":"Polygon"},"id":696,"properties":{"parentKey":"SVN:1159310671","sourceCountryId":"SVN","syntheticOperational":true,"territoryId":"territory:catalog:d1508fc7b5805420c1bd0f2fa661b8cea50d1d3b40508e4c41b7843c98f4e883"},"type":"Feature"},{"geometry":{"coordinates":[[[16.178010471204,46.697361573402],[16.178734,46.697563],[16.178010471204,46.702494475212],[16.178010471204,46.697361573402]]],"type":"Polygon"},"id":697,"properties":{"parentKey":"SVN:1159310657","sourceCountryId":"SVN","syntheticOperational":true,"territoryId":"territory:catalog:5cf3efcf903c01e5be40582ad2fdf361fe931668c025930fdd6162b1fa1813a0"},"type":"Feature"},{"geometry":{"coordinates":[[[14.714346003758,46.294964028777],[14.759219088937,46.294964028777],[14.759219088937,46.326415460187],[14.731329,46.310765],[14.714346003758,46.294964028777]]],"type":"Polygon"},"id":698,"properties":{"parentKey":"SVN:1159310689","sourceCountryId":"SVN","syntheticOperational":true,"territoryId":"territory:catalog:8c64788eb54fc33f738a99979afe5231821d8d7af1bcb2a7845c1c2f54c953c0"},"type":"Feature"},{"geometry":{"coordinates":[[[14.980595084088,45.972718399307],[14.982218,45.972466],[14.984951593525,45.971223021583],[15.025247055848,45.971223021583],[15.032189,45.977452],[15.036685,45.985721],[15.037925,45.993885],[15.04056,46.000552],[15.054823,46.002154],[15.079214,46.001275],[15.089291,46.006339],[15.097198,46.006908],[15.100298,46.006443],[15.102314,46.00497],[15.116111,46.004195],[15.093322,46.030731],[15.094097,46.040291],[15.078284,46.048507],[15.075029,46.053468],[15.071463,46.064708],[15.026763,46.054399],[15.016841,46.053468],[15.002371,46.056362],[15.001596,46.061582],[14.99679,46.068093],[14.99524,46.075431],[14.99405956078,46.079136690647],[14.980595084088,46.079136690647],[14.980595084088,45.972718399307]]],"type":"Polygon"},"id":699,"properties":{"parentKey":"SVN:1159317881","sourceCountryId":"SVN","syntheticOperational":true,"territoryId":"territory:catalog:ac5f95821178bdcf31b245b61f5bcbdd7b27e1069c4bf512ba9ad34362b3721d"},"type":"Feature"},{"geometry":{"coordinates":[[[16.247515,46.553851],[16.254078,46.547418],[16.267979,46.539769],[16.271803,46.542741],[16.274645,46.544498],[16.281622,46.547237],[16.292164,46.534731],[16.306620209059,46.531803654785],[16.306620209059,46.594395717673],[16.300535,46.597337],[16.299812,46.589456],[16.287048,46.578191],[16.279451,46.576511],[16.265964,46.569147],[16.247515,46.553851]]],"type":"Polygon"},"id":700,"properties":{"parentKey":"SVN:1159308685","sourceCountryId":"SVN","syntheticOperational":true,"territoryId":"territory:catalog:3abb722fb1c5a4bb81c9f09bdf489f4725f9b90032cf3839ed1059b4ec7726e6"},"type":"Feature"},{"geometry":{"coordinates":[[[15.309278350515,45.794474269674],[15.320492,45.782451],[15.330258,45.755528],[15.330258,45.755399],[15.330258880221,45.755395683453],[15.343536681453,45.755395683453],[15.429063,45.775295],[15.429755,45.775691],[15.429374,45.775966],[15.423999,45.779842],[15.401055,45.809917],[15.399608,45.82356],[15.396818,45.835497],[15.395577,45.857201],[15.393231561583,45.863309352518],[15.309278350515,45.863309352518],[15.309278350515,45.794474269674]]],"type":"Polygon"},"id":701,"properties":{"parentKey":"SVN:1159310775","sourceCountryId":"SVN","syntheticOperational":true,"territoryId":"territory:catalog:ce50821807e4ad230d030efb64d0afa6d24e3c972ba2fa878c4e43cf9c649e18"},"type":"Feature"},{"geometry":{"coordinates":[[[15.523082231792,46.618705035971],[15.524717,46.613848],[15.524407,46.60638],[15.527972,46.600748],[15.532003,46.596743],[15.537429,46.595012],[15.541925,46.592815],[15.547041,46.588113],[15.548591,46.578708],[15.548591,46.572248],[15.560374,46.562119],[15.550297,46.518014],[15.562265503814,46.510791366906],[15.567144719687,46.510791366906],[15.569835351854,46.510791366906],[15.608484,46.516644],[15.679442508711,46.513018871255],[15.679442508711,46.59283073226],[15.647138,46.594081],[15.63086,46.60253],[15.627295,46.609662],[15.613755,46.618292],[15.612838371126,46.618705035971],[15.549738219895,46.618705035971],[15.523082231792,46.618705035971]]],"type":"Polygon"},"id":702,"properties":{"parentKey":"SVN:1159308671","sourceCountryId":"SVN","syntheticOperational":true,"territoryId":"territory:catalog:6f313e1fa39248763bc8cce5b0e64fc3057449d77329bea3980ebb6c72a41d19"},"type":"Feature"},{"geometry":{"coordinates":[[[14.779602420052,46.107670498856],[14.806259,46.115454],[14.834785,46.136977],[14.839642,46.141422],[14.839436,46.145246],[14.840573,46.148966],[14.828429,46.160284],[14.804554,46.165193],[14.779602420052,46.167636414201],[14.779602420052,46.107670498856]]],"type":"Polygon"},"id":703,"properties":{"parentKey":"SVN:1159310741","sourceCountryId":"SVN","syntheticOperational":true,"territoryId":"territory:catalog:6c9951f1d1cc93113d0c6d521bfc5631af2049df80dae10b9f5c99a3a11f6ef1"},"type":"Feature"},{"geometry":{"coordinates":[[[14.363282944332,46.187050359712],[14.364168,46.183176],[14.368043,46.182349],[14.371764,46.182969],[14.379825,46.181471],[14.385096,46.176355],[14.39383,46.160335],[14.414294,46.170541],[14.411348,46.175011],[14.40789215799,46.187050359712],[14.363282944332,46.187050359712]]],"type":"Polygon"},"id":704,"properties":{"parentKey":"SVN:1159310831","sourceCountryId":"SVN","syntheticOperational":true,"territoryId":"territory:catalog:46916610a5193e6b1d400add862e22be6ed63fdd346b2d5f92193b228f6c9887"},"type":"Feature"},{"geometry":{"coordinates":[[[16.006806,46.621392],[16.007467797552,46.618705035971],[16.020942408377,46.618705035971],[16.020942408377,46.644449174451],[16.007736,46.632839],[16.006806,46.621392]]],"type":"Polygon"},"id":705,"properties":{"parentKey":"SVN:1159310659","sourceCountryId":"SVN","syntheticOperational":true,"territoryId":"territory:catalog:f243f0c9675cd00e46c5f1d2f2541d846ef7bda6d50e1cb5c740d7f4f60c9d7a"},"type":"Feature"},{"geometry":{"coordinates":[[[13.713565749056,45.863309352518],[13.762395,45.844489],[13.762886597938,45.844388174003],[13.762886597938,45.863309352518],[13.715023676281,45.863309352518],[13.713565749056,45.863309352518]]],"type":"Polygon"},"id":706,"properties":{"parentKey":"SVN:1159308681","sourceCountryId":"SVN","syntheticOperational":true,"territoryId":"territory:catalog:4653b96fd30c79e0ed80d0725fb49680f870d56c20b21d41c92047b6c9002365"},"type":"Feature"},{"geometry":{"coordinates":[[[14.03215760397,46.079136690647],[14.04915912031,46.079136690647],[14.089975345063,46.079136690647],[14.050233,46.085094],[14.038761,46.083337],[14.033025,46.081632],[14.03215760397,46.079136690647]]],"type":"Polygon"},"id":707,"properties":{"parentKey":"SVN:1159310849","sourceCountryId":"SVN","syntheticOperational":true,"territoryId":"territory:catalog:c0e5a622863a99d5a0b1e67e671392da80a723b8a4dbad34c8b9279b4fdd3caf"},"type":"Feature"},{"geometry":{"coordinates":[[[14.04915912031,46.065062233985],[14.053954,46.063028],[14.081756,46.034761],[14.089972,46.032359],[14.096484,46.032178],[14.100669,46.02732],[14.10563,46.018793],[14.108576,46.015228],[14.111211,46.012644],[14.138703,46.005771],[14.171156,46.020189],[14.186814,46.037914],[14.165885,46.050006],[14.159012,46.054967],[14.146455,46.066129],[14.140564,46.069746],[14.129867,46.073157],[14.089975345063,46.079136690647],[14.04915912031,46.079136690647],[14.04915912031,46.065062233985]]],"type":"Polygon"},"id":708,"properties":{"parentKey":"SVN:1159310849","sourceCountryId":"SVN","syntheticOperational":true,"territoryId":"territory:catalog:af33e9c34e3dae42fd96b86ce7788a32f32d6aa599550c5a3fcdf0596eeb0cb9"},"type":"Feature"},{"geometry":{"coordinates":[[[15.254237288136,46.49538721462],[15.258428,46.495586],[15.31212,46.49246],[15.322817,46.51065],[15.322770165814,46.510791366906],[15.254237288136,46.510791366906],[15.254237288136,46.49538721462]]],"type":"Polygon"},"id":709,"properties":{"parentKey":"SVN:1159308673","sourceCountryId":"SVN","syntheticOperational":true,"territoryId":"territory:catalog:6f7c2440aca70700ddea0d59cf0b634cfaa32c21951e12417a11a6640685aa93"},"type":"Feature"},{"geometry":{"coordinates":[[[15.000697165214,46.510791366906],[15.052264808362,46.510791366906],[15.052264808362,46.543658513431],[15.048777,46.544601],[15.03622,46.541552],[15.033584,46.540002],[15.030328,46.538607],[15.028158,46.53809],[15.024592,46.538142],[15.010485,46.550441],[15.003767,46.531889],[15.002216,46.514241],[15.000697165214,46.510791366906]]],"type":"Polygon"},"id":710,"properties":{"parentKey":"SVN:1159310785","sourceCountryId":"SVN","syntheticOperational":true,"territoryId":"territory:catalog:e5d9a9a780fd88dc51a14a1bc0fdf231cb241ae2b02c900e356c55dee828a746"},"type":"Feature"},{"geometry":{"coordinates":[[[14.134490238612,46.333671236008],[14.136068,46.336552],[14.150796,46.34681],[14.152191,46.351848],[14.149245,46.356964],[14.142734,46.366059],[14.137463,46.372157],[14.134490238612,46.375842844193],[14.134490238612,46.333671236008]]],"type":"Polygon"},"id":711,"properties":{"parentKey":"SVN:1159310821","sourceCountryId":"SVN","syntheticOperational":true,"territoryId":"territory:catalog:12b9e80151836e4cf0bbe8acf00146e7fbb5b70b6ee7fc5bceabe456aaa8a3aa"},"type":"Feature"},{"geometry":{"coordinates":[[[14.094993581515,45.623723989512],[14.10284,45.622797],[14.110281,45.626001],[14.127541,45.630393],[14.151881,45.631427],[14.1941,45.629515],[14.215649,45.631324],[14.226708,45.633339],[14.23787,45.640677],[14.246552,45.644139],[14.249037227214,45.644834486027],[14.249037227214,45.647482014388],[14.202401372213,45.647482014388],[14.094993581515,45.647482014388],[14.094993581515,45.623723989512]]],"type":"Polygon"},"id":712,"properties":{"parentKey":"SVN:1159310753","sourceCountryId":"SVN","syntheticOperational":true,"territoryId":"territory:catalog:c5655e05f77664fcad88b6991abdbba118863087425dd47a38cc200d22a34f74"},"type":"Feature"},{"geometry":{"coordinates":[[[15.993031358885,46.589192071993],[16.013628,46.593694],[16.007467797552,46.618705035971],[15.993031358885,46.618705035971],[15.993031358885,46.589192071993]]],"type":"Polygon"},"id":713,"properties":{"parentKey":"SVN:1159309559","sourceCountryId":"SVN","syntheticOperational":true,"territoryId":"territory:catalog:6d6434cf7ca4145405a3dd4d81af4162871f3b8408dbd7542bc3d038f82692e7"},"type":"Feature"},{"geometry":{"coordinates":[[[16.183828366168,46.726618705036],[16.292085701793,46.726618705036],[16.292085701793,46.777393065209],[16.290458,46.777093],[16.257747,46.780039],[16.240642,46.762366],[16.232116,46.757095],[16.223744,46.746863],[16.217853,46.744382],[16.210566,46.745002],[16.190103,46.727226],[16.184315,46.727122],[16.183828366168,46.726618705036]]],"type":"Polygon"},"id":714,"properties":{"parentKey":"SVN:1159310895","sourceCountryId":"SVN","syntheticOperational":true,"territoryId":"territory:catalog:27568480e358b9421e030f5361ec4dc38e69d7490cff42b08c09724556b893c9"},"type":"Feature"},{"geometry":{"coordinates":[[[14.00260756193,46.402877697842],[14.12589571138,46.402877697842],[14.127851,46.406832],[14.1016,46.403576],[14.096639,46.40461],[14.081911,46.409209],[14.072764,46.414583],[14.00260756193,46.440959719721],[14.00260756193,46.402877697842]]],"type":"Polygon"},"id":715,"properties":{"parentKey":"SVN:1159310821","sourceCountryId":"SVN","syntheticOperational":true,"territoryId":"territory:catalog:8e97294bd33b1e97bfe220679a504e7a9081f2b69a6ffe575857cbb5c932b08c"},"type":"Feature"},{"geometry":{"coordinates":[[[14.816801,46.170515],[14.818197,46.168758],[14.825018,46.16602],[14.828429,46.160284],[14.840573,46.148966],[14.839436,46.145246],[14.839642,46.141422],[14.834785,46.136977],[14.839332,46.129588],[14.88181,46.129226],[14.890492,46.127779],[14.893903,46.124678],[14.894058,46.1215],[14.893127,46.116979],[14.891732,46.11362],[14.892352,46.108865],[14.903411,46.09574],[14.908062,46.093569],[14.911318,46.092872],[14.914573,46.093647],[14.918449,46.094086],[14.930696,46.094034],[14.935177182368,46.094624498598],[14.935177182368,46.187050359712],[14.898676961401,46.187050359712],[14.892662,46.179249],[14.885686,46.177285],[14.819902,46.171911],[14.816801,46.170515]]],"type":"Polygon"},"id":716,"properties":{"parentKey":"SVN:1159310815","sourceCountryId":"SVN","syntheticOperational":true,"territoryId":"territory:catalog:c528263127b9233fd80825173683f3f0b01f50bee61be4962df36d793507071b"},"type":"Feature"},{"geometry":{"coordinates":[[[15.270365,46.572584],[15.293516,46.557107],[15.301888,46.546642],[15.317546,46.540545],[15.320647,46.53747],[15.319871,46.534679],[15.317546,46.532018],[15.317236,46.527496],[15.322770165814,46.510791366906],[15.322880693773,46.510791366906],[15.329173,46.524757],[15.33925,46.534498],[15.348449,46.551319],[15.365853658537,46.568128725893],[15.365853658537,46.618705035971],[15.32824945652,46.618705035971],[15.320957,46.614623],[15.304679,46.6093],[15.297857,46.607801],[15.284473,46.598577],[15.270365,46.572584]]],"type":"Polygon"},"id":717,"properties":{"parentKey":"SVN:1159308579","sourceCountryId":"SVN","syntheticOperational":true,"territoryId":"territory:catalog:a5a2ac0d0dfa898d5b3748b6490f71a2c091601e4783deafe9d47b30049aff1a"},"type":"Feature"},{"geometry":{"coordinates":[[[14.072164948454,45.84354541061],[14.093073,45.84883],[14.096639,45.851853],[14.11647775275,45.863309352518],[14.072164948454,45.863309352518],[14.072164948454,45.84354541061]]],"type":"Polygon"},"id":718,"properties":{"parentKey":"SVN:1159310851","sourceCountryId":"SVN","syntheticOperational":true,"territoryId":"territory:catalog:f5833f9833f8387124fb13aaba69af42843838e9a61c12416b3e05c8738890bc"},"type":"Feature"},{"geometry":{"coordinates":[[[15.238119,45.932132],[15.238584,45.924355],[15.264743865691,45.909106371361],[15.264743865691,45.944813755256],[15.259668,45.944999],[15.257343,45.943914],[15.257033,45.941589],[15.255173,45.93854],[15.238119,45.932132]]],"type":"Polygon"},"id":719,"properties":{"parentKey":"SVN:1159310779","sourceCountryId":"SVN","syntheticOperational":true,"territoryId":"territory:catalog:b03a87ef0acdb4377b0c87ecc9b303c627f9df6260c852a600b83dca360ec700"},"type":"Feature"},{"geometry":{"coordinates":[[[14.919507,46.615017],[14.920154,46.613641],[14.943409,46.600748],[14.960203,46.599688],[14.96625,46.596898],[14.970901,46.591601],[14.981908,46.582015],[14.997876,46.573101],[15.007487,46.568941],[15.012345,46.562533],[15.014205,46.559071],[15.010485,46.550441],[15.024592,46.538142],[15.028158,46.53809],[15.030328,46.538607],[15.033584,46.540002],[15.03622,46.541552],[15.048777,46.544601],[15.052264808362,46.543658513431],[15.052264808362,46.618705035971],[14.985939654724,46.618705035971],[14.967179,46.600257],[14.948530157201,46.618705035971],[14.927995872596,46.618705035971],[14.919507,46.615017]]],"type":"Polygon"},"id":720,"properties":{"parentKey":"SVN:1159310685","sourceCountryId":"SVN","syntheticOperational":true,"territoryId":"territory:catalog:d7605b7b04a44e56f4cf05511dcc800942f6097a19fb8dc059fb31b2b3d4bb8f"},"type":"Feature"},{"geometry":{"coordinates":[[[13.529825442098,46.079136690647],[13.535004321521,46.079136690647],[13.535004321521,46.081882395362],[13.53187272057,46.080222103474],[13.529825442098,46.079136690647]]],"type":"Polygon"},"id":721,"properties":{"parentKey":"SVN:1159310865","sourceCountryId":"SVN","syntheticOperational":true,"territoryId":"territory:catalog:c51571edd22e39c63eb4a90c484a9025f24fcf517032fb181b1f0d3fa0d1c07f"},"type":"Feature"},{"geometry":{"coordinates":[[[15.540130151844,46.294964028777],[15.557615702541,46.294964028777],[15.555103,46.308647],[15.547816,46.333865],[15.540995,46.344717],[15.540130151844,46.345239475072],[15.540130151844,46.294964028777]]],"type":"Polygon"},"id":722,"properties":{"parentKey":"SVN:1159310787","sourceCountryId":"SVN","syntheticOperational":true,"territoryId":"territory:catalog:0f123addb4d929515aa67c7910e0cf4c4047dc62b2d9eee9aa6a338039eb1140"},"type":"Feature"},{"geometry":{"coordinates":[[[15.037305,45.840871],[15.048777,45.826144],[15.052498,45.823663],[15.086036,45.806145],[15.096268,45.81015],[15.101228,45.815317],[15.10929,45.816868],[15.112701,45.820356],[15.115181,45.823715],[15.118282,45.829038],[15.119677,45.832397],[15.120039,45.835962],[15.119677,45.838804],[15.118592,45.842577],[15.120142,45.843817],[15.122002,45.844024],[15.12531,45.843791],[15.12872,45.845006],[15.135232,45.84914],[15.140863063805,45.863309352518],[15.10977184675,45.863309352518],[15.039982460092,45.863309352518],[15.03777,45.860974],[15.037305,45.840871]]],"type":"Polygon"},"id":723,"properties":{"parentKey":"SVN:1159308643","sourceCountryId":"SVN","syntheticOperational":true,"territoryId":"territory:catalog:f1621cdde4138eb1249f46b77d2afeab11819f8206114b7a2fa8a83665709afa"},"type":"Feature"},{"geometry":{"coordinates":[[[15.574687903573,45.863309352518],[15.618556701031,45.863309352518],[15.671149637083,45.863309352518],[15.663674,45.876064],[15.659436,45.888828],[15.663364,45.900817],[15.670392,45.912651],[15.67556,45.925157],[15.67711,45.941796],[15.675452153134,45.971223021583],[15.601552393273,45.971223021583],[15.574687903573,45.971223021583],[15.574687903573,45.863309352518]]],"type":"Polygon"},"id":724,"properties":{"parentKey":"SVN:1159310665","sourceCountryId":"SVN","syntheticOperational":true,"territoryId":"territory:catalog:edde0bc0a09cf4f8058c5d17be1d32cf28debc72eb570b3c561d68ead25f114f"},"type":"Feature"},{"geometry":{"coordinates":[[[16.335078534031,46.626726928305],[16.344095354271,46.618705035971],[16.351271294778,46.618705035971],[16.366991,46.634234],[16.371952,46.636223],[16.372246,46.636341],[16.368437,46.642994],[16.377636,46.652864],[16.396652,46.659143],[16.402607,46.663109],[16.401873,46.663199],[16.392571,46.664335],[16.373192,46.67002],[16.36389,46.674852],[16.356242,46.684696],[16.351707,46.685921],[16.340739,46.688882],[16.335078534031,46.684434304731],[16.335078534031,46.626726928305]]],"type":"Polygon"},"id":725,"properties":{"parentKey":"SVN:1159309551","sourceCountryId":"SVN","syntheticOperational":true,"territoryId":"territory:catalog:36ba3ecd282be1cb689515627a78af6536797496d14a28d20461bf7df5b924b8"},"type":"Feature"},{"geometry":{"coordinates":[[[13.621991,46.210306],[13.622766,46.204364],[13.622766,46.200488],[13.636873,46.191083],[13.632772849482,46.187050359712],[13.690579083838,46.187050359712],[13.714285714286,46.187050359712],[13.714285714286,46.281189379193],[13.709014,46.277382],[13.702037,46.268804],[13.695216,46.250511],[13.692426,46.238677],[13.685294,46.234],[13.667311,46.233612],[13.659508,46.232269],[13.648191,46.226894],[13.643695,46.225551],[13.639664,46.225938],[13.634238,46.227644],[13.629277,46.224233],[13.624006,46.218936],[13.621991,46.210306]]],"type":"Polygon"},"id":726,"properties":{"parentKey":"SVN:1159310843","sourceCountryId":"SVN","syntheticOperational":true,"territoryId":"territory:catalog:d85114217941a2bbd36a2fb52cdde2ab4acdc741e55cef78bd853f08b09fd204"},"type":"Feature"},{"geometry":{"coordinates":[[[15.29107373868,46.059059865441],[15.292121,46.059049],[15.302663,46.064708],[15.316771,46.068661],[15.368447,46.072124],[15.373730132758,46.079136690647],[15.29107373868,46.079136690647],[15.29107373868,46.059059865441]]],"type":"Polygon"},"id":727,"properties":{"parentKey":"SVN:1159310715","sourceCountryId":"SVN","syntheticOperational":true,"territoryId":"territory:catalog:c48fa04c6879a999260663b1da974346731be31d998e881de37ef94b23079f75"},"type":"Feature"},{"geometry":{"coordinates":[[[14.334911752045,45.932779062557],[14.337502,45.925517],[14.357501,45.889215],[14.363857,45.882316],[14.37626,45.87149],[14.384631,45.865056],[14.388168235781,45.863309352518],[14.401988208739,45.863309352518],[14.406077,45.867381],[14.417549,45.870895],[14.407007,45.891618],[14.409953,45.898956],[14.411658,45.909704],[14.414759,45.922624],[14.412743,45.926215],[14.406852,45.929238],[14.401581,45.929187],[14.391918,45.933734],[14.384166,45.939315],[14.370059,45.951976],[14.365563,45.965463],[14.344169,45.961123],[14.341688,45.957919],[14.337813,45.954766],[14.334911752045,45.946614367245],[14.334911752045,45.932779062557]]],"type":"Polygon"},"id":728,"properties":{"parentKey":"SVN:1159310663","sourceCountryId":"SVN","syntheticOperational":true,"territoryId":"territory:catalog:549a3180c0ba067864c5444f14e09666b4b707ed2ef1f3d1883caeb69796d156"},"type":"Feature"},{"geometry":{"coordinates":[[[15.476451,46.102225],[15.486528,46.087756],[15.489123624065,46.079136690647],[15.557476231634,46.079136690647],[15.557476231634,46.122190350018],[15.546576,46.123826],[15.536034,46.130363],[15.517896,46.121681],[15.507457,46.112483],[15.49924,46.109331],[15.491799,46.110416],[15.487923,46.111966],[15.481567,46.11269],[15.478466,46.108116],[15.476451,46.102225]]],"type":"Polygon"},"id":729,"properties":{"parentKey":"SVN:1159310707","sourceCountryId":"SVN","syntheticOperational":true,"territoryId":"territory:catalog:08c187e0322cc005b19e63dee40223782f284d661ba764e31c520c667edec653"},"type":"Feature"},{"geometry":{"coordinates":[[[15.864691988368,46.618705035971],[15.913573307442,46.618705035971],[15.913272,46.624079],[15.928465,46.633485],[15.9311,46.638265],[15.928,46.639505],[15.922884,46.640719],[15.918388,46.639944],[15.913272,46.63966],[15.909241,46.639841],[15.904384,46.641649],[15.900663,46.642115],[15.888106,46.645887],[15.874773,46.63643],[15.865781,46.623253],[15.864691988368,46.618705035971]]],"type":"Polygon"},"id":730,"properties":{"parentKey":"SVN:1159308545","sourceCountryId":"SVN","syntheticOperational":true,"territoryId":"territory:catalog:44bc37005c70d99f61a071b76f1f0cbb0ff5731feffa4ccbd114b313f446642a"},"type":"Feature"},{"geometry":{"coordinates":[[[14.238956,46.008923],[14.240506,46.005461],[14.245467,46.001482],[14.267326,45.994506],[14.273837,45.993937],[14.276783,45.995642],[14.276163,45.998691],[14.277558,46.001947],[14.283036,46.003859],[14.308615,46.007063],[14.315592,46.009182],[14.341998,46.014013],[14.343239,46.019414],[14.344479,46.021894],[14.344324,46.025201],[14.343084,46.029103],[14.337141,46.03763],[14.33094,46.040653],[14.323188,46.042668],[14.282415,46.045562],[14.257094,46.041247],[14.252598,46.039722],[14.243451,46.031454],[14.244071,46.02024],[14.246397,46.013057],[14.238956,46.008923]]],"type":"Polygon"},"id":731,"properties":{"parentKey":"SVN:1159308659","sourceCountryId":"SVN","syntheticOperational":true,"territoryId":"territory:catalog:db896655d171a37d249759d552414474bad2919c03f4a730040bb7ed855d39f4"},"type":"Feature"},{"geometry":{"coordinates":[[[15.264743865691,45.863309352518],[15.300724616773,45.863309352518],[15.303748,45.864462],[15.301733,45.874875],[15.306074,45.881231],[15.303128,45.885313],[15.298167,45.890455],[15.288504,45.898517],[15.277652,45.903839],[15.268505,45.906914],[15.264743865691,45.909106371361],[15.264743865691,45.863309352518]]],"type":"Polygon"},"id":732,"properties":{"parentKey":"SVN:1159308575","sourceCountryId":"SVN","syntheticOperational":true,"territoryId":"territory:catalog:0f8b4f0d7a59f6bc327061bcce2833f91b94d3950afa56a099dd14986016ca3a"},"type":"Feature"},{"geometry":{"coordinates":[[[13.714285714286,46.281189379193],[13.718781,46.284436],[13.726584,46.285909],[13.736661,46.286116],[13.731369476039,46.294964028777],[13.714285714286,46.294964028777],[13.714285714286,46.281189379193]]],"type":"Polygon"},"id":733,"properties":{"parentKey":"SVN:1159310867","sourceCountryId":"SVN","syntheticOperational":true,"territoryId":"territory:catalog:236d9be95a369c1348eb1378232a9254f721d1558cbea20eadc13324d8d8db5c"},"type":"Feature"},{"geometry":{"coordinates":[[[15.246326707001,46.079136690647],[15.269935752049,46.079136690647],[15.268815,46.079642],[15.253932,46.083337],[15.246326707001,46.083391586329],[15.246326707001,46.079136690647]]],"type":"Polygon"},"id":734,"properties":{"parentKey":"SVN:1159310777","sourceCountryId":"SVN","syntheticOperational":true,"territoryId":"territory:catalog:f871b7e64baa80033f0e47fb67bc3f9ce5a71adbd0487610e5e6052649a77c59"},"type":"Feature"},{"geometry":{"coordinates":[[[14.493506493506,46.187050359712],[14.515370327007,46.187050359712],[14.500697,46.202865],[14.493506493506,46.20348866638],[14.493506493506,46.187050359712]]],"type":"Polygon"},"id":735,"properties":{"parentKey":"SVN:1159310809","sourceCountryId":"SVN","syntheticOperational":true,"territoryId":"territory:catalog:3c22e17e8829fee8b800065348de6085ea775a81db692d515b14eb308ca26396"},"type":"Feature"},{"geometry":{"coordinates":[[[15.601552393273,46.015648932161],[15.603678,46.018225],[15.601818,46.020499],[15.601552393273,46.020692635872],[15.601552393273,46.015648932161]]],"type":"Polygon"},"id":736,"properties":{"parentKey":"SVN:1159310667","sourceCountryId":"SVN","syntheticOperational":true,"territoryId":"territory:catalog:f30c3bceca02961ada1367a2fb7cddd07f6e77a0b10746eb30eb96814bfdcaef"},"type":"Feature"},{"geometry":{"coordinates":[[[15.58368,45.993989],[15.597632,45.994454],[15.601552393273,45.995838108312],[15.601552393273,46.015648932161],[15.58368,45.993989]]],"type":"Polygon"},"id":737,"properties":{"parentKey":"SVN:1159310707","sourceCountryId":"SVN","syntheticOperational":true,"territoryId":"territory:catalog:5c9d133b9e8dbb577331f8e58e0b44e3485a95cb66b676a95693fe605377a11b"},"type":"Feature"},{"geometry":{"coordinates":[[[14.868788,45.887354],[14.871423,45.87751],[14.877159,45.869552],[14.929456,45.870585],[14.938603,45.868622],[14.94868,45.863661],[14.949003968337,45.863309352518],[14.954799827809,45.863309352518],[14.954799827809,45.971223021583],[14.947994740135,45.971223021583],[14.939533,45.966187],[14.927286,45.962983],[14.908837,45.949185],[14.888787,45.94133],[14.881965,45.932623],[14.87871,45.925001],[14.874059,45.898749],[14.868788,45.887354]]],"type":"Polygon"},"id":738,"properties":{"parentKey":"SVN:1159310801","sourceCountryId":"SVN","syntheticOperational":true,"territoryId":"territory:catalog:185a970842ece9e57c49adde57590f52efb329673bd3a9de9f4b6eccab1bce20"},"type":"Feature"},{"geometry":{"coordinates":[[[14.845360824742,45.798574076388],[14.848944,45.799685],[14.855765,45.807824],[14.856231,45.825058],[14.850339,45.839838],[14.847394,45.845006],[14.847394,45.850923],[14.850494,45.853687],[14.876539,45.857098],[14.876848221018,45.863309352518],[14.845360824742,45.863309352518],[14.845360824742,45.798574076388]]],"type":"Polygon"},"id":739,"properties":{"parentKey":"SVN:1159310703","sourceCountryId":"SVN","syntheticOperational":true,"territoryId":"territory:catalog:3619eaedfdcac263c194d4fd500de81879c1240b66c60ac1fca5ee344c972442"},"type":"Feature"},{"geometry":{"coordinates":[[[16.134674245737,46.726618705036],[16.178010471204,46.726618705036],[16.183828366168,46.726618705036],[16.184315,46.727122],[16.190103,46.727226],[16.210566,46.745002],[16.197234,46.757353],[16.193358,46.762262],[16.2039,46.781899],[16.201885,46.790297],[16.197854,46.79363],[16.191033,46.796007],[16.183695,46.797583],[16.164471,46.810476],[16.16075,46.817918],[16.154549,46.822259],[16.150053,46.826548],[16.136411,46.829442],[16.134674245737,46.821782674438],[16.134674245737,46.726618705036]]],"type":"Polygon"},"id":740,"properties":{"parentKey":"SVN:1159310657","sourceCountryId":"SVN","syntheticOperational":true,"territoryId":"territory:catalog:beed91dfe556755d7a409d8270e53cf51d541e1fc51b109a565a9798bcc4dddc"},"type":"Feature"},{"geometry":{"coordinates":[[[13.846153846154,46.079136690647],[13.893919793014,46.079136690647],[13.907221509105,46.079136690647],[13.906418,46.082872],[13.903782,46.088608],[13.901457,46.097445],[13.901612,46.105196],[13.899596,46.113129],[13.890295,46.124833],[13.886109,46.134549],[13.886212,46.140026],[13.88983,46.147933],[13.89355,46.154212],[13.906573,46.163539],[13.923626,46.170722],[13.957939,46.17837],[13.974690965535,46.187050359712],[13.87012987013,46.187050359712],[13.846153846154,46.187050359712],[13.846153846154,46.079136690647]]],"type":"Polygon"},"id":741,"properties":{"parentKey":"SVN:1159310843","sourceCountryId":"SVN","syntheticOperational":true,"territoryId":"territory:catalog:c0fac63cd4b6891ed38d43d684c268484ca717d61b3e6ed557be56754a2e9368"},"type":"Feature"},{"geometry":{"coordinates":[[[15.235602094241,46.618705035971],[15.32824945652,46.618705035971],[15.329173,46.619222],[15.332584,46.635035],[15.332784,46.64358],[15.235602094241,46.640071685558],[15.235602094241,46.618705035971]]],"type":"Polygon"},"id":742,"properties":{"parentKey":"SVN:1159310761","sourceCountryId":"SVN","syntheticOperational":true,"territoryId":"territory:catalog:a067154a33ba53060ebac913106147e90105e09b44830cab806084e2258fada9"},"type":"Feature"},{"geometry":{"coordinates":[[[14.915401301518,46.294964028777],[14.961038961039,46.294964028777],[14.970460571327,46.294964028777],[14.97059,46.302936],[14.966405,46.318723],[14.959893,46.324589],[14.953847,46.325803],[14.947749,46.323633],[14.924805,46.310042],[14.915401301518,46.308262810254],[14.915401301518,46.294964028777]]],"type":"Polygon"},"id":743,"properties":{"parentKey":"SVN:1159310749","sourceCountryId":"SVN","syntheticOperational":true,"territoryId":"territory:catalog:f4381768c53fc108f68b51db4cc0d3d3a39b6d99582db153a4abb04f8cb1d01f"},"type":"Feature"},{"geometry":{"coordinates":[[[14.678550313946,46.294964028777],[14.680117,46.290611],[14.685543,46.286426],[14.705697,46.286917],[14.714346003758,46.294964028777],[14.678550313946,46.294964028777]]],"type":"Polygon"},"id":744,"properties":{"parentKey":"SVN:1159308571","sourceCountryId":"SVN","syntheticOperational":true,"territoryId":"territory:catalog:6c9fc7664691a0aac07f3d40b45ef92034d4f3f6f2c97f1ab12a557e9a5efe8c"},"type":"Feature"},{"geometry":{"coordinates":[[[15.723598435463,46.506456035388],[15.731681,46.504759],[15.726677946468,46.510791366906],[15.723598435463,46.510791366906],[15.723598435463,46.506456035388]]],"type":"Polygon"},"id":745,"properties":{"parentKey":"SVN:1159308671","sourceCountryId":"SVN","syntheticOperational":true,"territoryId":"territory:catalog:6ec699dac42e9145b569afebcb3f116b059936a7dfb82ba7b0bf0347dff5a1f2"},"type":"Feature"},{"geometry":{"coordinates":[[[14.094993581515,45.588348261779],[14.099119,45.594065],[14.10222,45.601455],[14.104545,45.60471],[14.094993581515,45.610792479221],[14.094993581515,45.588348261779]]],"type":"Polygon"},"id":746,"properties":{"parentKey":"SVN:1159310861","sourceCountryId":"SVN","syntheticOperational":true,"territoryId":"territory:catalog:2efbfd99a6ad6a217491fb373aea25ffc9f7f40ecc3e1a9a2b86a65e680cfbb2"},"type":"Feature"},{"geometry":{"coordinates":[[[15.679442508711,46.59283073226],[15.679849,46.592815],[15.69897,46.579483],[15.720674,46.569302],[15.744755,46.568527],[15.754677,46.573282],[15.759948,46.588113],[15.757778,46.602685],[15.760723,46.614933],[15.762659469235,46.618705035971],[15.706806282723,46.618705035971],[15.679442508711,46.618705035971],[15.679442508711,46.59283073226]]],"type":"Polygon"},"id":747,"properties":{"parentKey":"SVN:1159310751","sourceCountryId":"SVN","syntheticOperational":true,"territoryId":"territory:catalog:63ef339240924d004f2ba24ff8e5c9e22025f3082158e77bb8615d6bd50c2a58"},"type":"Feature"},{"geometry":{"coordinates":[[[16.026082,46.432308],[16.036505867014,46.429141347169],[16.036505867014,46.445876157417],[16.026082,46.432308]]],"type":"Polygon"},"id":748,"properties":{"parentKey":"SVN:1159310901","sourceCountryId":"SVN","syntheticOperational":true,"territoryId":"territory:catalog:b2c864a90f25511eb9bfef2a507118fd6020330571518450547688c31cb310cf"},"type":"Feature"},{"geometry":{"coordinates":[[[16.134674245737,46.829994124928],[16.136411,46.829442],[16.150053,46.826548],[16.154549,46.822259],[16.16075,46.817918],[16.164471,46.810476],[16.183695,46.797583],[16.191033,46.796007],[16.197854,46.79363],[16.201885,46.790297],[16.2039,46.781899],[16.193358,46.762262],[16.197234,46.757353],[16.210566,46.745002],[16.217853,46.744382],[16.223744,46.746863],[16.232116,46.757095],[16.240642,46.762366],[16.257747,46.780039],[16.260383,46.787687],[16.263173,46.791408],[16.266429,46.80195],[16.265343,46.809598],[16.258832,46.817918],[16.244518,46.827788],[16.22762,46.834325],[16.227206557388,46.834532374101],[16.162943495401,46.834532374101],[16.134674245737,46.834532374101],[16.134674245737,46.829994124928]]],"type":"Polygon"},"id":749,"properties":{"parentKey":"SVN:1159309561","sourceCountryId":"SVN","syntheticOperational":true,"territoryId":"territory:catalog:ff5e11994221c373f43be3199ca976b9d1d8256d45e8edf73d7e7d24a4de2999"},"type":"Feature"},{"geometry":{"coordinates":[[[16.149825783972,46.510791366906],[16.19295958279,46.510791366906],[16.257349794243,46.510791366906],[16.260931,46.513576],[16.260796,46.514164],[16.259607,46.519331],[16.277591,46.533878],[16.301527,46.527081],[16.301527592618,46.527080831717],[16.306620209059,46.529257246052],[16.306620209059,46.531803654785],[16.292164,46.534731],[16.281622,46.547237],[16.274645,46.544498],[16.271803,46.542741],[16.267979,46.539769],[16.254078,46.547418],[16.247515,46.553851],[16.216768,46.584134],[16.20421,46.567959],[16.20173,46.566512],[16.194753,46.566667],[16.190413,46.566357],[16.176718,46.560052],[16.173928,46.554058],[16.175788,46.552043],[16.178734,46.549975],[16.178424,46.547547],[16.177183,46.545015],[16.176098,46.541914],[16.175013,46.535739],[16.173928,46.532948],[16.170672,46.530261],[16.166021,46.527755],[16.154084,46.525429],[16.149825783972,46.525584774625],[16.149825783972,46.510791366906]]],"type":"Polygon"},"id":750,"properties":{"parentKey":"SVN:1159308689","sourceCountryId":"SVN","syntheticOperational":true,"territoryId":"territory:catalog:f5a308b2defb065292a43df96dd22a3f6a49e9b74ed18e5e17e3447de26b5ae0"},"type":"Feature"},{"geometry":{"coordinates":[[[14.898676961401,46.187050359712],[14.935177182368,46.187050359712],[14.961038961039,46.187050359712],[14.961038961039,46.196054592819],[14.937363,46.191858],[14.930076,46.193666],[14.915348,46.201366],[14.910077,46.210539],[14.898915,46.208678],[14.901706,46.190979],[14.898676961401,46.187050359712]]],"type":"Polygon"},"id":751,"properties":{"parentKey":"SVN:1159310815","sourceCountryId":"SVN","syntheticOperational":true,"territoryId":"territory:catalog:b7d5cd5820a7036ae33686930e581bcca489646237548aa5709e31b37e2af06b"},"type":"Feature"},{"geometry":{"coordinates":[[[14.446854663774,46.366673795002],[14.449847,46.367093],[14.454653,46.366886],[14.469226,46.364276],[14.53594,46.360323],[14.568703,46.368798],[14.562967,46.389727],[14.562108,46.391737],[14.557695,46.38394],[14.540332,46.378643],[14.527102,46.388229],[14.517469311821,46.402877697842],[14.471968709257,46.402877697842],[14.446854663774,46.402877697842],[14.446854663774,46.366673795002]]],"type":"Polygon"},"id":752,"properties":{"parentKey":"SVN:1159308631","sourceCountryId":"SVN","syntheticOperational":true,"territoryId":"territory:catalog:9d414366802548e1ed73c008ef6709f69433383ecb6b9dede798b943c3efbb7e"},"type":"Feature"},{"geometry":{"coordinates":[[[15.569835351854,46.510791366906],[15.679442508711,46.510791366906],[15.679442508711,46.513018871255],[15.608484,46.516644],[15.569835351854,46.510791366906]]],"type":"Polygon"},"id":753,"properties":{"parentKey":"SVN:1159308613","sourceCountryId":"SVN","syntheticOperational":true,"territoryId":"territory:catalog:4132a1d873cbc916693197424ff4e30ed2c58c78a7e27da919c22ef26cb4d576"},"type":"Feature"},{"geometry":{"coordinates":[[[15.447099,46.221468],[15.450044,46.213097],[15.458313,46.198395],[15.468777751232,46.187050359712],[15.557476231634,46.187050359712],[15.584415584416,46.187050359712],[15.584415584416,46.238684198918],[15.5658,46.273662],[15.552467,46.277744],[15.529988,46.276633],[15.524097,46.272137],[15.520996,46.268856],[15.51495,46.265006],[15.502806,46.254257],[15.487768,46.247255],[15.476296,46.243483],[15.458726,46.234749],[15.450354,46.228496],[15.447874,46.226093],[15.447099,46.221468]]],"type":"Polygon"},"id":754,"properties":{"parentKey":"SVN:1159310789","sourceCountryId":"SVN","syntheticOperational":true,"territoryId":"territory:catalog:668aea72727d32e66c8c87f779e1809fd93aa90eddd789e3e7391cca4fda576b"},"type":"Feature"},{"geometry":{"coordinates":[[[15.090751944685,46.185521400861],[15.108056436184,46.187050359712],[15.090751944685,46.187050359712],[15.090751944685,46.185521400861]]],"type":"Polygon"},"id":755,"properties":{"parentKey":"SVN:1159308645","sourceCountryId":"SVN","syntheticOperational":true,"territoryId":"territory:catalog:43cf65b521111c57c4a726b5e895d78341c1e65791186b7431fb4f2d3e00be4e"},"type":"Feature"},{"geometry":{"coordinates":[[[14.690721649485,45.755395683453],[14.778111659572,45.755395683453],[14.690721649485,45.81589677043],[14.690721649485,45.755395683453]]],"type":"Polygon"},"id":756,"properties":{"parentKey":"SVN:1159308589","sourceCountryId":"SVN","syntheticOperational":true,"territoryId":"territory:catalog:9715387510f4a6232531c35c6382db46379948f69bc09f5a13c7badab913a6e9"},"type":"Feature"},{"geometry":{"coordinates":[[[14.157303370787,46.178724522928],[14.161958,46.179378],[14.16837603418,46.187050359712],[14.157303370787,46.187050359712],[14.157303370787,46.178724522928]]],"type":"Polygon"},"id":757,"properties":{"parentKey":"SVN:1159310847","sourceCountryId":"SVN","syntheticOperational":true,"territoryId":"territory:catalog:31b992fed6bf75556b2992a2f59b708b774406abb3051b2e818b44e7b327df29"},"type":"Feature"},{"geometry":{"coordinates":[[[13.98817,46.186122],[13.98848,46.18067],[13.993596,46.17806],[14.00172860847,46.175993154033],[14.00172860847,46.187050359712],[13.988288851951,46.187050359712],[13.98817,46.186122]]],"type":"Polygon"},"id":758,"properties":{"parentKey":"SVN:1159310847","sourceCountryId":"SVN","syntheticOperational":true,"territoryId":"territory:catalog:0749d2ee0db6c143398f44fee3e0b4b8ebf1a018afbd4cc2d7bf705f2e763c6f"},"type":"Feature"},{"geometry":{"coordinates":[[[14.97028,46.283842],[15.009968,46.257978],[15.030483,46.253327],[15.042421,46.242139],[15.045521,46.237746],[15.051102,46.226093],[15.066605,46.230512],[15.095027,46.257668],[15.062103474203,46.294964028777],[14.970460571327,46.294964028777],[14.97028,46.283842]]],"type":"Polygon"},"id":759,"properties":{"parentKey":"SVN:1159308651","sourceCountryId":"SVN","syntheticOperational":true,"territoryId":"territory:catalog:8f26d914f504ebda25b33d06a86f1647c34c9b41eab65d9d9a8939ae106b3acd"},"type":"Feature"},{"geometry":{"coordinates":[[[16.259607,46.519331],[16.260796,46.514164],[16.260931,46.513576],[16.263947,46.515922],[16.295367,46.524448],[16.301527592618,46.527080831717],[16.301527,46.527081],[16.277591,46.533878],[16.259607,46.519331]]],"type":"Polygon"},"id":760,"properties":{"parentKey":"SVN:1159308699","sourceCountryId":"SVN","syntheticOperational":true,"territoryId":"territory:catalog:4de95737306aeda6df24c52112e89a8ac4f1abca0f0d2ed3f1e15c25a61f339c"},"type":"Feature"},{"geometry":{"coordinates":[[[14.780783,46.338516],[14.797578,46.343373],[14.800833,46.340996],[14.8106,46.337069],[14.848014,46.316088],[14.866928,46.315545],[14.8815,46.337663],[14.881655,46.352468],[14.902171,46.393913],[14.901702336678,46.402877697842],[14.807734861005,46.402877697842],[14.80905,46.399132],[14.80688,46.388487],[14.780783,46.338516]]],"type":"Polygon"},"id":761,"properties":{"parentKey":"SVN:1159310721","sourceCountryId":"SVN","syntheticOperational":true,"territoryId":"territory:catalog:e8d3dcfd7bdf6e7e4366ff06ce1f72606fd308d45a507bd45352f15e639c6610"},"type":"Feature"},{"geometry":{"coordinates":[[[16.023498172617,46.510791366906],[16.036505867014,46.508709618183],[16.036505867014,46.510791366906],[16.023498172617,46.510791366906]]],"type":"Polygon"},"id":762,"properties":{"parentKey":"SVN:1159308689","sourceCountryId":"SVN","syntheticOperational":true,"territoryId":"territory:catalog:1429cb668132d92f142d133ab691aed133894e13cfa08d77cc7698c3a64db57a"},"type":"Feature"},{"geometry":{"coordinates":[[[15.09778357236,46.402877697842],[15.176111590056,46.402877697842],[15.175539,46.409106],[15.169958,46.410914],[15.161742,46.412516],[15.155075,46.412775],[15.123604,46.421999],[15.111925,46.430758],[15.098593,46.433833],[15.09778357236,46.433875789126],[15.09778357236,46.402877697842]]],"type":"Polygon"},"id":763,"properties":{"parentKey":"SVN:1159310805","sourceCountryId":"SVN","syntheticOperational":true,"territoryId":"territory:catalog:f7327dc195e94477468002deac27411d5ddc4264cdf026f684de561807bab2d8"},"type":"Feature"},{"geometry":{"coordinates":[[[15.0715835141,46.294964028777],[15.116883116883,46.294964028777],[15.121660937136,46.294964028777],[15.122829,46.316966],[15.110375,46.323013],[15.102469,46.332624],[15.087276,46.339859],[15.081385,46.346422],[15.0715835141,46.34991750962],[15.0715835141,46.294964028777]]],"type":"Polygon"},"id":764,"properties":{"parentKey":"SVN:1159308647","sourceCountryId":"SVN","syntheticOperational":true,"territoryId":"territory:catalog:feafc2f8ec1b294b5e92c2c0246aef068bfd5e76f28d1366d1b6193da4fbde7f"},"type":"Feature"},{"geometry":{"coordinates":[[[15.410691003911,46.431179073595],[15.422759,46.424608],[15.440743,46.418821],[15.451285,46.4097],[15.45454,46.405488],[15.455911491021,46.402877697842],[15.540130151844,46.402877697842],[15.567144719687,46.402877697842],[15.567144719687,46.464563768375],[15.557118,46.468688],[15.547971,46.474425],[15.547816,46.476595],[15.545801,46.48321],[15.539445,46.497421],[15.500481,46.499281],[15.410691003911,46.478291572993],[15.410691003911,46.431179073595]]],"type":"Polygon"},"id":765,"properties":{"parentKey":"SVN:1159308595","sourceCountryId":"SVN","syntheticOperational":true,"territoryId":"territory:catalog:91d6ea8d29234ef1400e7f4f7e754ba3f4f6d6e8947f3d9ff3dc731c8c615ead"},"type":"Feature"},{"geometry":{"coordinates":[[[14.40559908224,45.647482014388],[14.426231,45.644036],[14.426139799278,45.647482014388],[14.40559908224,45.647482014388]]],"type":"Polygon"},"id":766,"properties":{"parentKey":"SVN:1159310753","sourceCountryId":"SVN","syntheticOperational":true,"territoryId":"territory:catalog:e7d9e070532d360b86466aeed011b6dc96e6a7ebd27d863cd5e588634e52f2e8"},"type":"Feature"},{"geometry":{"coordinates":[[[14.100359,45.921538],[14.100669,45.913968],[14.104235,45.90619],[14.109041,45.901488],[14.120875,45.87875],[14.125991,45.868803],[14.179063,45.875495],[14.179939733104,45.875364242686],[14.179939733104,45.971223021583],[14.109656864311,45.971223021583],[14.108576,45.969287],[14.109558,45.967324],[14.114054,45.966083],[14.116069,45.961588],[14.114829,45.951562],[14.108731,45.939754],[14.101755,45.930375],[14.100359,45.921538]]],"type":"Polygon"},"id":767,"properties":{"parentKey":"SVN:1159310723","sourceCountryId":"SVN","syntheticOperational":true,"territoryId":"territory:catalog:2a23c4d015156036fddebae7a3fbc1cd716c449e3573f531f7922663573e3857"},"type":"Feature"},{"geometry":{"coordinates":[[[13.60824742268,45.798954464095],[13.609174,45.798601],[13.643591,45.795655],[13.660334,45.792038],[13.699908,45.770524],[13.705758,45.779738],[13.725809,45.789763],[13.731855,45.79134],[13.753094,45.790875],[13.762886597938,45.791730790813],[13.762886597938,45.844388174003],[13.762395,45.844489],[13.713565749056,45.863309352518],[13.708914396936,45.863309352518],[13.706378,45.846427],[13.700642,45.842887],[13.693976,45.836298],[13.682039,45.831673],[13.670101,45.822604],[13.648966,45.820046],[13.60824742268,45.82085897012],[13.60824742268,45.798954464095]]],"type":"Polygon"},"id":768,"properties":{"parentKey":"SVN:1159310869","sourceCountryId":"SVN","syntheticOperational":true,"territoryId":"territory:catalog:e9544673cd8a6278469b52a14ea6154f6c2f0fc7f5a761d746f833dee061097f"},"type":"Feature"},{"geometry":{"coordinates":[[[16.292085701793,46.777393065209],[16.296349,46.778179],[16.298726,46.779186],[16.29949,46.77951],[16.302188,46.787016],[16.311097,46.797519],[16.31056,46.79779],[16.29821,46.804017],[16.296814,46.807014],[16.295884,46.810166],[16.301155,46.816678],[16.303067,46.822336],[16.303067,46.834532374101],[16.292085701793,46.834532374101],[16.292085701793,46.777393065209]]],"type":"Polygon"},"id":769,"properties":{"parentKey":"SVN:1159308539","sourceCountryId":"SVN","syntheticOperational":true,"territoryId":"territory:catalog:1b1cc93e7c0529c1effde2a91ba5dd3e8d4b84534e4de0ad7425d78057c15a31"},"type":"Feature"},{"geometry":{"coordinates":[[[16.356242,46.684696],[16.36389,46.674852],[16.373192,46.67002],[16.392571,46.664335],[16.401873,46.663199],[16.402607,46.663109],[16.410502,46.668367],[16.405024,46.687255],[16.390038,46.694154],[16.371434,46.694929],[16.366216,46.696467],[16.365383,46.696712],[16.363935,46.694808],[16.356242,46.684696]]],"type":"Polygon"},"id":770,"properties":{"parentKey":"SVN:1159310893","sourceCountryId":"SVN","syntheticOperational":true,"territoryId":"territory:catalog:5ea48698f85ca6498e8e10f1b51cd709652b8db8bf4a3930e24b7753609881ba"},"type":"Feature"},{"geometry":{"coordinates":[[[14.356775300172,45.723743636852],[14.386182,45.707495],[14.410573,45.710078],[14.478372,45.747854],[14.491917266729,45.755395683453],[14.381443298969,45.755395683453],[14.356775300172,45.755395683453],[14.356775300172,45.723743636852]]],"type":"Polygon"},"id":771,"properties":{"parentKey":"SVN:1159310677","sourceCountryId":"SVN","syntheticOperational":true,"territoryId":"territory:catalog:d0043c99294341422a40e8c8fc6b84ecdbd12ada6a2326730464f20c87330df6"},"type":"Feature"},{"geometry":{"coordinates":[[[15.557476231634,46.079136690647],[15.595408058136,46.079136690647],[15.596237,46.082407],[15.599338,46.086024],[15.58461,46.108581],[15.575618,46.112018],[15.558978,46.121965],[15.557476231634,46.122190350018],[15.557476231634,46.079136690647]]],"type":"Polygon"},"id":772,"properties":{"parentKey":"SVN:1159310707","sourceCountryId":"SVN","syntheticOperational":true,"territoryId":"territory:catalog:a04086540581359696582ffc7e3269552e1ac2ab427e194a06cddd41ebec63a4"},"type":"Feature"},{"geometry":{"coordinates":[[[15.188768,46.517213],[15.195745,46.510908],[15.195970483961,46.510791366906],[15.209059233449,46.510791366906],[15.209059233449,46.535597345419],[15.19931,46.529202],[15.188768,46.517213]]],"type":"Polygon"},"id":773,"properties":{"parentKey":"SVN:1159308673","sourceCountryId":"SVN","syntheticOperational":true,"territoryId":"territory:catalog:dbbd7d5b4823d13d8efc816a794c6eb4c1422de70a91c10a3b04997397286a76"},"type":"Feature"},{"geometry":{"coordinates":[[[14.179939733104,45.863309352518],[14.220898943359,45.863309352518],[14.199681,45.87242],[14.179939733104,45.875364242686],[14.179939733104,45.863309352518]]],"type":"Polygon"},"id":774,"properties":{"parentKey":"SVN:1159310755","sourceCountryId":"SVN","syntheticOperational":true,"territoryId":"territory:catalog:5da36639d04fd6a587f87ffe425f2dcc2df72d457c5deb6fad524db5d7a39abb"},"type":"Feature"},{"geometry":{"coordinates":[[[13.599306,45.912327],[13.613619,45.90402],[13.64695,45.897199],[13.666536,45.910066],[13.677233,45.91265],[13.682504,45.91172],[13.685139,45.91296],[13.686379,45.915286],[13.68731,45.92221],[13.686224,45.92575],[13.682659,45.925569],[13.679248,45.925879],[13.676613,45.926809],[13.674442,45.928437],[13.672427,45.929393],[13.669481,45.929807],[13.66545,45.929497],[13.66049,45.929962],[13.655787,45.931822],[13.64664,45.938075],[13.639354,45.940814],[13.632998,45.941796],[13.615325,45.945912],[13.608244,45.926552],[13.599306,45.912327]]],"type":"Polygon"},"id":775,"properties":{"parentKey":"SVN:1159308683","sourceCountryId":"SVN","syntheticOperational":true,"territoryId":"territory:catalog:edc18e40545fe58e076fce276e2c06952ef33bb92e25e76a665f368fef62a6ed"},"type":"Feature"},{"geometry":{"coordinates":[[[16.344095354271,46.618705035971],[16.347871,46.615346],[16.351271294778,46.618705035971],[16.344095354271,46.618705035971]]],"type":"Polygon"},"id":776,"properties":{"parentKey":"SVN:1159309551","sourceCountryId":"SVN","syntheticOperational":true,"territoryId":"territory:catalog:bd433a5e5cffdebcd11f8103eda2229e5a526d80e355e39e9ba2652cb1e443a2"},"type":"Feature"},{"geometry":{"coordinates":[[[15.706806282723,46.67559405015],[15.716488,46.676118],[15.730596,46.673327],[15.735247,46.670433],[15.737572,46.667591],[15.738089,46.664645],[15.738812,46.662113],[15.744445,46.657566],[15.748941,46.65524],[15.752817,46.651985],[15.756227,46.647696],[15.760723,46.64413],[15.770645,46.63426],[15.77328,46.643277],[15.776226,46.645267],[15.778396,46.648161],[15.800152,46.646869],[15.794416,46.654724],[15.792504,46.660873],[15.792814,46.665679],[15.799067,46.670485],[15.799997,46.676273],[15.803873,46.682526],[15.804338,46.69976],[15.786613,46.709992],[15.78461,46.7122],[15.755141,46.704024],[15.728683,46.70299],[15.706806282723,46.705226375525],[15.706806282723,46.67559405015]]],"type":"Polygon"},"id":777,"properties":{"parentKey":"SVN:1159310773","sourceCountryId":"SVN","syntheticOperational":true,"territoryId":"territory:catalog:3d436235362b63560d240f9a762b17be0783f1e7957f00e13aed370a810af070"},"type":"Feature"},{"geometry":{"coordinates":[[[15.645743,46.642761],[15.657160637952,46.618705035971],[15.679442508711,46.618705035971],[15.706806282723,46.618705035971],[15.706806282723,46.67559405015],[15.704551,46.675472],[15.69866,46.676867],[15.694164,46.676789],[15.691528,46.676402],[15.687963,46.673172],[15.685172,46.665782],[15.678454,46.657152],[15.676749,46.652269],[15.677059,46.649944],[15.677834,46.648936],[15.675044,46.647696],[15.672408,46.646042],[15.645743,46.642761]]],"type":"Polygon"},"id":778,"properties":{"parentKey":"SVN:1159310751","sourceCountryId":"SVN","syntheticOperational":true,"territoryId":"territory:catalog:cd4e0fda47f5c7933f1ad6d7e8ab4e1544cd23a5cc1eb80d95e48bcf830c380b"},"type":"Feature"},{"geometry":{"coordinates":[[[15.810384,46.506257],[15.816275,46.497317],[15.823407,46.49494],[15.854464,46.506309],[15.855636704028,46.510791366906],[15.836236933798,46.510791366906],[15.81343875869,46.510791366906],[15.811779,46.50866],[15.810384,46.506257]]],"type":"Polygon"},"id":779,"properties":{"parentKey":"SVN:1159308565","sourceCountryId":"SVN","syntheticOperational":true,"territoryId":"territory:catalog:4414f598beb46d856c5d163fe67e89a4ceefdf9a8cf27cf68ffcf23a9b26695d"},"type":"Feature"},{"geometry":{"coordinates":[[[14.722746474375,45.971223021583],[14.799827808868,45.971223021583],[14.825355756792,45.971223021583],[14.825355756792,46.004555725525],[14.81091,46.007761],[14.781403,46.008536],[14.775202,46.006288],[14.772721,46.004531],[14.749622,46.002955],[14.740165,45.998149],[14.733189,45.982077],[14.722746474375,45.971223021583]]],"type":"Polygon"},"id":780,"properties":{"parentKey":"SVN:1159310703","sourceCountryId":"SVN","syntheticOperational":true,"territoryId":"territory:catalog:f7cd4898feac483566b4dd2ea55f4734649f4abf45be651ffe5cc95ce964a302"},"type":"Feature"},{"geometry":{"coordinates":[[[13.893919793014,45.971644819649],[13.89510692287,45.971223021583],[14.024967714163,45.971223021583],[14.04915912031,45.971223021583],[14.04915912031,46.065062233985],[14.030079,46.073157],[14.029924,46.066129],[14.024498,46.064527],[14.019227,46.063855],[14.00915,46.064553],[13.999797,46.067188],[13.981969,46.076051],[13.976995922926,46.079136690647],[13.956601099266,46.079136690647],[13.949257,46.074191],[13.945072,46.069746],[13.939594,46.069075],[13.935563,46.069281],[13.930912,46.071581],[13.927502,46.071142],[13.926261,46.069075],[13.926416,46.065638],[13.923471,46.061271],[13.913859,46.06091],[13.907968,46.061995],[13.894946,46.067654],[13.893919793014,46.067817641076],[13.893919793014,45.971644819649]]],"type":"Polygon"},"id":781,"properties":{"parentKey":"SVN:1159310829","sourceCountryId":"SVN","syntheticOperational":true,"territoryId":"territory:catalog:c5ced8c7c33a572143a9bd8e3e4d81f6121c6297f3207d3bc9081dffa1b517eb"},"type":"Feature"},{"geometry":{"coordinates":[[[14.159061277705,46.402877697842],[14.199650107861,46.402877697842],[14.200147,46.403835],[14.214564,46.416986],[14.223143,46.421766],[14.23818,46.425254],[14.242056,46.437114],[14.242211,46.437528],[14.242323,46.438237],[14.159061277705,46.43987957697],[14.159061277705,46.402877697842]]],"type":"Polygon"},"id":782,"properties":{"parentKey":"SVN:1159308679","sourceCountryId":"SVN","syntheticOperational":true,"territoryId":"territory:catalog:815b7136cdce86b3ca78eed6d1dc4717c2bd3f92239d65b4f1d93518bb5597e3"},"type":"Feature"},{"geometry":{"coordinates":[[[13.672017152687,46.294964028777],[13.714285714286,46.294964028777],[13.731369476039,46.294964028777],[13.727359,46.30167],[13.672017152687,46.294964028777]]],"type":"Polygon"},"id":783,"properties":{"parentKey":"SVN:1159310867","sourceCountryId":"SVN","syntheticOperational":true,"territoryId":"territory:catalog:d6b8d8ba4c349e8309840415b3046f4fc00a4d08a87267f7c6c5f010d223caa9"},"type":"Feature"},{"geometry":{"coordinates":[[[15.045056,46.193305],[15.067869345695,46.187050359712],[15.090751944685,46.187050359712],[15.108056436184,46.187050359712],[15.110995,46.18731],[15.116883116883,46.187769769247],[15.116883116883,46.246250710723],[15.104019,46.255006],[15.095027,46.257668],[15.066605,46.230512],[15.051102,46.226093],[15.052498,46.21134],[15.051567,46.207567],[15.045056,46.193305]]],"type":"Polygon"},"id":784,"properties":{"parentKey":"SVN:1159308645","sourceCountryId":"SVN","syntheticOperational":true,"territoryId":"territory:catalog:cd86e386521eebd4a44aa532d256b4f755186c67ecd12f5ed50d1effe56ee324"},"type":"Feature"},{"geometry":{"coordinates":[[[14.202401372213,45.647482014388],[14.249037227214,45.647482014388],[14.258497819205,45.647482014388],[14.285516,45.655043],[14.316987,45.659487],[14.328304,45.66388],[14.330785,45.6676],[14.328459,45.670649],[14.332645,45.67189],[14.347269,45.6722],[14.356775300172,45.666761242969],[14.356775300172,45.723743636852],[14.327684,45.739818],[14.323188,45.754107],[14.271512,45.734857],[14.256474,45.726744],[14.21968,45.717106],[14.202401372213,45.716336374195],[14.202401372213,45.647482014388]]],"type":"Polygon"},"id":785,"properties":{"parentKey":"SVN:1159310753","sourceCountryId":"SVN","syntheticOperational":true,"territoryId":"territory:catalog:0a9ff96403d48498f95bf0e40e8f51f0b8d667adb5f7eef5678a3786ec5607ff"},"type":"Feature"},{"geometry":{"coordinates":[[[15.770382721929,46.294964028777],[15.84538968798,46.294964028777],[15.825112,46.308492],[15.801082,46.320584],[15.77297,46.297743],[15.770382721929,46.294964028777]]],"type":"Polygon"},"id":786,"properties":{"parentKey":"SVN:1159308617","sourceCountryId":"SVN","syntheticOperational":true,"territoryId":"territory:catalog:ece49da5dd1fef6c20064fe534fe93c3decc783d5f528c431b4cf929387db2c2"},"type":"Feature"},{"geometry":{"coordinates":[[[14.866928,46.315545],[14.877004,46.300998],[14.915401301518,46.308262810254],[14.915401301518,46.396529527432],[14.902171,46.393913],[14.881655,46.352468],[14.8815,46.337663],[14.866928,46.315545]]],"type":"Polygon"},"id":787,"properties":{"parentKey":"SVN:1159310743","sourceCountryId":"SVN","syntheticOperational":true,"territoryId":"territory:catalog:4ce121fe6ce2c180722c3c9790e73072862098dadb0e180ea353b589d34d33ae"},"type":"Feature"}],"type":"FeatureCollection"}
