{"type":"FeatureCollection","features":[{"type":"Feature","properties":{"countryId":"AFG","mapLabelKo":"아프가니스탄","nameEn":"Afghanistan","fontSizeWorldUnits":2.00235,"targetTextWidthWorld":11.65368,"letterSpacing":0.06,"priority":40,"minZoom":1,"placementMode":"curved-line","angle":43.537932,"insideRatio":1,"baselineInsideRatio":1,"geometryHash":"b445597a"},"geometry":{"type":"LineString","coordinates":[[61.240014,29.906021],[61.79139,30.435694],[62.353231,30.95637],[62.925538,31.468049],[63.508311,31.970731],[64.101548,32.464417],[64.705251,32.949106],[65.319419,33.424798],[65.944053,33.891493],[66.579152,34.349191],[67.224716,34.797893],[67.880745,35.237597],[68.54724,35.668305],[69.2242,36.090017],[69.911626,36.502731],[70.609517,36.906448],[71.317873,37.301169]]}},{"type":"Feature","properties":{"countryId":"AGO","mapLabelKo":"앙골라","nameEn":"Angola","fontSizeWorldUnits":4.030541,"targetTextWidthWorld":11.607959,"letterSpacing":0.06,"priority":40,"minZoom":1,"placementMode":"curved-line","angle":11,"insideRatio":0.985773,"baselineInsideRatio":1,"geometryHash":"5babb08f"},"geometry":{"type":"LineString","coordinates":[[12.529093,-15.415555],[13.11497,-14.810169],[13.711879,-14.260469],[14.319819,-13.766455],[14.93879,-13.328127],[15.568792,-12.945485],[16.209825,-12.618529],[16.86189,-12.347258],[17.524985,-12.131674],[18.199112,-11.971775],[18.88427,-11.867563],[19.580459,-11.819036],[20.287679,-11.826195],[21.00593,-11.88904],[21.735213,-12.00757],[22.475527,-12.181787],[23.226871,-12.41169]]}},{"type":"Feature","properties":{"countryId":"ALB","mapLabelKo":"알바니아","nameEn":"Albania","fontSizeWorldUnits":0.548764,"targetTextWidthWorld":2.11823,"letterSpacing":0.06,"priority":70,"minZoom":1.91714,"placementMode":"curved-line","angle":-68.579897,"insideRatio":0.978226,"baselineInsideRatio":1,"geometryHash":"4f1438b9"},"geometry":{"type":"LineString","coordinates":[[19.950102,42.192206],[19.950838,42.057433],[19.954381,41.923491],[19.960732,41.79038],[19.969889,41.658099],[19.981854,41.526649],[19.996626,41.39603],[20.014205,41.266242],[20.034591,41.137284],[20.057784,41.009156],[20.083784,40.88186],[20.112592,40.755394],[20.144207,40.629759],[20.178628,40.504954],[20.215857,40.38098],[20.255893,40.257837],[20.298737,40.135525]]}},{"type":"Feature","properties":{"countryId":"ARE","mapLabelKo":"아랍에미리트","nameEn":"United Arab Emirates","fontSizeWorldUnits":0.59191,"targetTextWidthWorld":3.444916,"letterSpacing":0.06,"priority":50,"minZoom":1.21553,"placementMode":"curved-line","angle":37.403545,"insideRatio":1,"baselineInsideRatio":1,"geometryHash":"a90c6d8f"},"geometry":{"type":"LineString","coordinates":[[52.3901,23.502432],[52.724657,23.440817],[53.040964,23.400918],[53.33902,23.382734],[53.618826,23.386266],[53.88038,23.411514],[54.123684,23.458477],[54.348738,23.527157],[54.55554,23.617551],[54.744092,23.729662],[54.914393,23.863488],[55.066443,24.019029],[55.200243,24.196287],[55.315792,24.39526],[55.41309,24.615948],[55.492137,24.858353],[55.552934,25.122473]]}},{"type":"Feature","properties":{"countryId":"ARG","mapLabelKo":"아르헨티나","nameEn":"Argentina","fontSizeWorldUnits":6.226496,"targetTextWidthWorld":30.136241,"letterSpacing":0.06,"priority":30,"minZoom":1,"placementMode":"curved-line","angle":70.209318,"insideRatio":0.993192,"baselineInsideRatio":1,"geometryHash":"b850eca9"},"geometry":{"type":"LineString","coordinates":[[-69.808864,-47.223529],[-69.055738,-45.766405],[-68.343093,-44.297758],[-67.670929,-42.817587],[-67.039245,-41.325893],[-66.448043,-39.822675],[-65.89732,-38.307934],[-65.387079,-36.781669],[-64.917319,-35.24388],[-64.488039,-33.694568],[-64.09924,-32.133733],[-63.750921,-30.561373],[-63.443084,-28.977491],[-63.175727,-27.382085],[-62.94885,-25.775155],[-62.762455,-24.156702],[-62.61654,-22.526725]]}},{"type":"Feature","properties":{"countryId":"ARM","mapLabelKo":"아르메니아","nameEn":"Armenia","fontSizeWorldUnits":0.519277,"targetTextWidthWorld":2.513299,"letterSpacing":0.06,"priority":70,"minZoom":1.67042,"placementMode":"curved-line","angle":-40.896646,"insideRatio":0.967842,"baselineInsideRatio":1,"geometryHash":"58e7e032"},"geometry":{"type":"LineString","coordinates":[[43.707594,41.032715],[43.87128,40.94926],[44.032299,40.863454],[44.19065,40.775297],[44.346334,40.684788],[44.499351,40.591929],[44.6497,40.496718],[44.797383,40.399156],[44.942398,40.299242],[45.084745,40.196978],[45.224426,40.092362],[45.361439,39.985395],[45.495785,39.876076],[45.627463,39.764407],[45.756475,39.650386],[45.882819,39.534014],[46.006495,39.415291]]}},{"type":"Feature","properties":{"countryId":"ATA","mapLabelKo":"남극","nameEn":"Antarctica","fontSizeWorldUnits":21.262336,"targetTextWidthWorld":40.398438,"letterSpacing":0.06,"priority":50,"minZoom":1,"placementMode":"curved-line","angle":-16.512507,"insideRatio":0.945959,"baselineInsideRatio":0.777778,"geometryHash":"63a1e9ac"},"geometry":{"type":"LineString","coordinates":[[-23.24401,-80.29836],[-15.491193,-79.952305],[-7.759297,-79.62812],[-0.048325,-79.325805],[7.641726,-79.045359],[15.310853,-78.786784],[22.959059,-78.550078],[30.586341,-78.335241],[38.192702,-78.142275],[45.778139,-77.971178],[53.342655,-77.821951],[60.886248,-77.694594],[68.408918,-77.589106],[75.910666,-77.505488],[83.391491,-77.443741],[90.851394,-77.403862],[98.290374,-77.385854]]}},{"type":"Feature","properties":{"countryId":"ATF","mapLabelKo":"프랑스령 남방 및 남극","nameEn":"French Southern and Antarctic Lands","fontSizeWorldUnits":0.067551,"targetTextWidthWorld":0.654566,"letterSpacing":0.06,"priority":70,"minZoom":3,"placementMode":"curved-line","angle":-24.956507,"insideRatio":0.991632,"baselineInsideRatio":0.987654,"geometryHash":"7b060ef8"},"geometry":{"type":"LineString","coordinates":[[68.987121,-49.396153],[69.041968,-49.399662],[69.097201,-49.402599],[69.152821,-49.404964],[69.208827,-49.406757],[69.26522,-49.407978],[69.321999,-49.408627],[69.379165,-49.408704],[69.436717,-49.408209],[69.494655,-49.407143],[69.55298,-49.405504],[69.611692,-49.403294],[69.67079,-49.400511],[69.730274,-49.397157],[69.790145,-49.393231],[69.850403,-49.388732],[69.911047,-49.383662]]}},{"type":"Feature","properties":{"countryId":"AUS","mapLabelKo":"오스트레일리아","nameEn":"Australia","fontSizeWorldUnits":5.975949,"targetTextWidthWorld":40.636451,"letterSpacing":0.06,"priority":1,"minZoom":1,"placementMode":"curved-line","angle":-8.579252,"insideRatio":1,"baselineInsideRatio":1,"geometryHash":"2b22599e"},"geometry":{"type":"LineString","coordinates":[[114.705099,-25.967974],[117.251281,-25.373857],[119.77749,-24.900604],[122.283725,-24.548218],[124.769986,-24.316696],[127.236273,-24.20604],[129.682587,-24.21625],[132.108926,-24.347325],[134.515292,-24.599266],[136.901684,-24.972072],[139.268102,-25.465744],[141.614546,-26.080281],[143.941017,-26.815683],[146.247513,-27.671952],[148.534036,-28.649085],[150.800585,-29.747084],[153.04716,-30.965949]]}},{"type":"Feature","properties":{"countryId":"AUT","mapLabelKo":"오스트리아","nameEn":"Austria","fontSizeWorldUnits":0.957937,"targetTextWidthWorld":4.636417,"letterSpacing":0.06,"priority":50,"minZoom":1,"placementMode":"curved-line","angle":9.261004,"insideRatio":0.945035,"baselineInsideRatio":1,"geometryHash":"59bee31d"},"geometry":{"type":"LineString","coordinates":[[11.18568,47.181823],[11.555796,47.223107],[11.925381,47.266585],[12.294435,47.312259],[12.662959,47.360127],[13.030952,47.410191],[13.398415,47.46245],[13.765347,47.516904],[14.131748,47.573553],[14.497619,47.632397],[14.862959,47.693436],[15.227769,47.75667],[15.592048,47.8221],[15.955796,47.889724],[16.319014,47.959544],[16.681701,48.031558],[17.043858,48.105768]]}},{"type":"Feature","properties":{"countryId":"AZE","mapLabelKo":"아제르바이잔","nameEn":"Azerbaijan","fontSizeWorldUnits":0.576643,"targetTextWidthWorld":3.35606,"letterSpacing":0.06,"priority":60,"minZoom":1.25323,"placementMode":"curved-line","angle":-25.870317,"insideRatio":1,"baselineInsideRatio":1,"geometryHash":"b0daceca"},"geometry":{"type":"LineString","coordinates":[[45.736814,40.672547],[45.998501,40.665305],[46.255811,40.651162],[46.508742,40.630117],[46.757296,40.602171],[47.001473,40.567323],[47.241271,40.525573],[47.476692,40.476922],[47.707736,40.421369],[47.934401,40.358915],[48.156689,40.289559],[48.374599,40.213301],[48.588132,40.130142],[48.797287,40.040081],[49.002064,39.943119],[49.202463,39.839255],[49.398485,39.72849]]}},{"type":"Feature","properties":{"countryId":"BDI","mapLabelKo":"부룬디","nameEn":"Burundi","fontSizeWorldUnits":0.491596,"targetTextWidthWorld":1.415796,"letterSpacing":0.06,"priority":70,"minZoom":2.49839,"placementMode":"curved-line","angle":15,"insideRatio":1,"baselineInsideRatio":1,"geometryHash":"2c5673d5"},"geometry":{"type":"LineString","coordinates":[[29.325697,-3.90505],[29.392051,-3.827797],[29.459217,-3.753576],[29.527198,-3.682389],[29.595993,-3.614234],[29.665601,-3.549112],[29.736023,-3.487022],[29.807259,-3.427966],[29.879309,-3.371942],[29.952172,-3.318951],[30.02585,-3.268993],[30.100341,-3.222068],[30.175646,-3.178175],[30.251765,-3.137316],[30.328697,-3.099488],[30.406444,-3.064694],[30.485004,-3.032933]]}},{"type":"Feature","properties":{"countryId":"BEL","mapLabelKo":"벨기에","nameEn":"Belgium","fontSizeWorldUnits":0.758365,"targetTextWidthWorld":2.184093,"letterSpacing":0.06,"priority":30,"minZoom":1.87297,"placementMode":"curved-line","angle":-16.573431,"insideRatio":1,"baselineInsideRatio":1,"geometryHash":"1b05f5c5"},"geometry":{"type":"LineString","coordinates":[[3.124382,51.034698],[3.319485,50.997323],[3.51375,50.958156],[3.707176,50.917198],[3.899764,50.874448],[4.091513,50.829907],[4.282424,50.783574],[4.472496,50.73545],[4.66173,50.685535],[4.850126,50.633828],[5.037683,50.580329],[5.224402,50.52504],[5.410282,50.467958],[5.595324,50.409085],[5.779528,50.348421],[5.962893,50.285966],[6.14542,50.221718]]}},{"type":"Feature","properties":{"countryId":"BEN","mapLabelKo":"베냉","nameEn":"Benin","fontSizeWorldUnits":1.940172,"targetTextWidthWorld":3.686327,"letterSpacing":0.06,"priority":60,"minZoom":1.11782,"placementMode":"curved-line","angle":70.272447,"insideRatio":0.949378,"baselineInsideRatio":1,"geometryHash":"58d4b88"},"geometry":{"type":"LineString","coordinates":[[2.264862,7.80628],[2.196825,8.062643],[2.142883,8.314027],[2.103038,8.560432],[2.077289,8.801858],[2.065636,9.038305],[2.06808,9.269774],[2.084619,9.496264],[2.115255,9.717775],[2.159987,9.934307],[2.218816,10.14586],[2.291741,10.352435],[2.378761,10.55403],[2.479879,10.750647],[2.595092,10.942285],[2.724402,11.128944],[2.867807,11.310625]]}},{"type":"Feature","properties":{"countryId":"BFA","mapLabelKo":"부르키나파소","nameEn":"Burkina Faso","fontSizeWorldUnits":1.142123,"targetTextWidthWorld":6.647154,"letterSpacing":0.06,"priority":40,"minZoom":1,"placementMode":"curved-line","angle":22.221054,"insideRatio":1,"baselineInsideRatio":1,"geometryHash":"b0ff0a78"},"geometry":{"type":"LineString","coordinates":[[-4.553418,10.637424],[-4.271803,11.004969],[-3.975743,11.337878],[-3.665238,11.636153],[-3.340287,11.899793],[-3.00089,12.128798],[-2.647049,12.323168],[-2.278761,12.482903],[-1.896029,12.608003],[-1.498851,12.698469],[-1.087228,12.7543],[-0.661159,12.775496],[-0.220645,12.762057],[0.234315,12.713983],[0.703719,12.631274],[1.18757,12.513931],[1.685865,12.361952]]}},{"type":"Feature","properties":{"countryId":"BGD","mapLabelKo":"방글라데시","nameEn":"Bangladesh","fontSizeWorldUnits":0.673358,"targetTextWidthWorld":3.259051,"letterSpacing":0.06,"priority":40,"minZoom":1.29555,"placementMode":"curved-line","angle":-56.995465,"insideRatio":0.933419,"baselineInsideRatio":1,"geometryHash":"c56e5ea9"},"geometry":{"type":"LineString","coordinates":[[88.943096,24.961444],[89.171003,24.866905],[89.387102,24.76532],[89.591393,24.656688],[89.783876,24.541009],[89.964551,24.418283],[90.133419,24.28851],[90.290478,24.151691],[90.43573,24.007825],[90.569174,23.856912],[90.69081,23.698952],[90.800639,23.533945],[90.898659,23.361891],[90.984872,23.18279],[91.059276,22.996643],[91.121873,22.803449],[91.172662,22.603208]]}},{"type":"Feature","properties":{"countryId":"BGR","mapLabelKo":"불가리아","nameEn":"Bulgaria","fontSizeWorldUnits":1.112128,"targetTextWidthWorld":4.292814,"letterSpacing":0.06,"priority":50,"minZoom":1,"placementMode":"curved-line","angle":19.109602,"insideRatio":1,"baselineInsideRatio":1,"geometryHash":"65fe2669"},"geometry":{"type":"LineString","coordinates":[[22.497925,42.336245],[22.857684,42.348522],[23.213491,42.369207],[23.565348,42.3983],[23.913254,42.435801],[24.257209,42.481711],[24.597214,42.536028],[24.933268,42.598754],[25.265371,42.669888],[25.593523,42.749429],[25.917725,42.837379],[26.237976,42.933737],[26.554276,43.038504],[26.866625,43.151678],[27.175024,43.27326],[27.479472,43.403251],[27.77997,43.541649]]}},{"type":"Feature","properties":{"countryId":"BHS","mapLabelKo":"바하마","nameEn":"The Bahamas","fontSizeWorldUnits":0.25432,"targetTextWidthWorld":0.732441,"letterSpacing":0.06,"priority":50,"minZoom":3,"placementMode":"curved-line","angle":-74.83482,"insideRatio":0.990387,"baselineInsideRatio":1,"geometryHash":"5b458d84"},"geometry":{"type":"LineString","coordinates":[[-78.078968,25.054949],[-78.074779,25.010964],[-78.069963,24.967134],[-78.06452,24.923458],[-78.058449,24.879938],[-78.051751,24.836573],[-78.044426,24.793363],[-78.036474,24.750307],[-78.027894,24.707407],[-78.018688,24.664662],[-78.008854,24.622072],[-77.998393,24.579637],[-77.987304,24.537357],[-77.975589,24.495232],[-77.963246,24.453262],[-77.950276,24.411447],[-77.936679,24.369787]]}},{"type":"Feature","properties":{"countryId":"BIH","mapLabelKo":"보스니아 헤르체고비나","nameEn":"Bosnia and Herzegovina","fontSizeWorldUnits":0.26226,"targetTextWidthWorld":2.635716,"letterSpacing":0.06,"priority":60,"minZoom":1.60181,"placementMode":"curved-line","angle":-27.236569,"insideRatio":1,"baselineInsideRatio":1,"geometryHash":"d8f0754a"},"geometry":{"type":"LineString","coordinates":[[16.427824,44.812633],[16.598762,44.73608],[16.769625,44.659422],[16.940411,44.582657],[17.111122,44.505787],[17.281757,44.428812],[17.452316,44.351731],[17.622799,44.274544],[17.793206,44.197251],[17.963537,44.119853],[18.133792,44.042349],[18.303971,43.96474],[18.474074,43.887025],[18.644101,43.809204],[18.814053,43.731278],[18.983928,43.653246],[19.153728,43.575109]]}},{"type":"Feature","properties":{"countryId":"BLR","mapLabelKo":"벨라루스","nameEn":"Belarus","fontSizeWorldUnits":1.34321,"targetTextWidthWorld":5.184789,"letterSpacing":0.06,"priority":50,"minZoom":1,"placementMode":"curved-line","angle":-4,"insideRatio":1,"baselineInsideRatio":1,"geometryHash":"7ef5e1e"},"geometry":{"type":"LineString","coordinates":[[23.871384,53.249462],[24.397302,53.332896],[24.922046,53.406303],[25.445617,53.469684],[25.968013,53.523039],[26.489237,53.566368],[27.009287,53.599671],[27.528163,53.622948],[28.045865,53.636198],[28.562394,53.639422],[29.077749,53.63262],[29.591931,53.615792],[30.104939,53.588938],[30.616774,53.552058],[31.127435,53.505152],[31.636922,53.448219],[32.145236,53.38126]]}},{"type":"Feature","properties":{"countryId":"BLZ","mapLabelKo":"벨리즈","nameEn":"Belize","fontSizeWorldUnits":0.766307,"targetTextWidthWorld":2.206965,"letterSpacing":0.06,"priority":70,"minZoom":1.85794,"placementMode":"curved-line","angle":68.221906,"insideRatio":0.970759,"baselineInsideRatio":1,"geometryHash":"4cf26ea"},"geometry":{"type":"LineString","coordinates":[[-88.939428,16.160939],[-88.916965,16.293368],[-88.893098,16.425262],[-88.867826,16.556621],[-88.841151,16.687444],[-88.813071,16.817732],[-88.783587,16.947485],[-88.7527,17.076703],[-88.720408,17.205385],[-88.686712,17.333531],[-88.651612,17.461143],[-88.615108,17.588219],[-88.5772,17.71476],[-88.537888,17.840765],[-88.497172,17.966235],[-88.455052,18.09117],[-88.411527,18.21557]]}},{"type":"Feature","properties":{"countryId":"BOL","mapLabelKo":"볼리비아","nameEn":"Bolivia","fontSizeWorldUnits":3.171292,"targetTextWidthWorld":12.241186,"letterSpacing":0.06,"priority":40,"minZoom":1,"placementMode":"curved-line","angle":-65.222089,"insideRatio":0.998162,"baselineInsideRatio":1,"geometryHash":"e858a19b"},"geometry":{"type":"LineString","coordinates":[[-67.285588,-12.020208],[-66.905084,-12.58142],[-66.541515,-13.150164],[-66.19488,-13.726439],[-65.865181,-14.310246],[-65.552416,-14.901584],[-65.256586,-15.500453],[-64.97769,-16.106854],[-64.71573,-16.720786],[-64.470704,-17.34225],[-64.242613,-17.971246],[-64.031457,-18.607773],[-63.837235,-19.251831],[-63.659949,-19.903421],[-63.499597,-20.562542],[-63.35618,-21.229195],[-63.229698,-21.903379]]}},{"type":"Feature","properties":{"countryId":"BRA","mapLabelKo":"브라질","nameEn":"Brazil","fontSizeWorldUnits":12.493065,"targetTextWidthWorld":35.980029,"letterSpacing":0.06,"priority":1,"minZoom":1,"placementMode":"curved-line","angle":-57.659197,"insideRatio":0.999556,"baselineInsideRatio":0.987654,"geometryHash":"2fe9177d"},"geometry":{"type":"LineString","coordinates":[[-66.436548,-0.697227],[-64.16989,-1.589642],[-62.013852,-2.551084],[-59.968435,-3.581551],[-58.033637,-4.681045],[-56.209459,-5.849564],[-54.495902,-7.087109],[-52.892964,-8.39368],[-51.400647,-9.769277],[-50.01895,-11.2139],[-48.747873,-12.727549],[-47.587416,-14.310223],[-46.537579,-15.961924],[-45.598362,-17.68265],[-44.769765,-19.472403],[-44.051789,-21.331181],[-43.444432,-23.258986]]}},{"type":"Feature","properties":{"countryId":"BRN","mapLabelKo":"브루나이","nameEn":"Brunei","fontSizeWorldUnits":0.182726,"targetTextWidthWorld":0.705324,"letterSpacing":0.06,"priority":70,"minZoom":3,"placementMode":"curved-line","angle":60.489174,"insideRatio":0.99669,"baselineInsideRatio":1,"geometryHash":"bb4f7606"},"geometry":{"type":"LineString","coordinates":[[114.373565,4.26486],[114.405455,4.291102],[114.435821,4.318203],[114.464665,4.346164],[114.491986,4.374984],[114.517784,4.404664],[114.542059,4.435203],[114.564811,4.466601],[114.58604,4.498858],[114.605745,4.531975],[114.623928,4.565952],[114.640588,4.600787],[114.655725,4.636482],[114.669338,4.673036],[114.681429,4.71045],[114.691997,4.748723],[114.701041,4.787855]]}},{"type":"Feature","properties":{"countryId":"BTN","mapLabelKo":"부탄","nameEn":"Bhutan","fontSizeWorldUnits":1.271693,"targetTextWidthWorld":2.416217,"letterSpacing":0.06,"priority":60,"minZoom":1.72725,"placementMode":"curved-line","angle":-4.146849,"insideRatio":1,"baselineInsideRatio":1,"geometryHash":"a98b92c5"},"geometry":{"type":"LineString","coordinates":[[89.100986,27.282673],[89.26783,27.344064],[89.433919,27.396218],[89.599254,27.439135],[89.763835,27.472815],[89.927662,27.497259],[90.090735,27.512466],[90.253054,27.518436],[90.414619,27.51517],[90.57543,27.502666],[90.735486,27.480926],[90.894789,27.44995],[91.053337,27.409736],[91.211132,27.360286],[91.368172,27.301599],[91.524459,27.233676],[91.679991,27.156515]]}},{"type":"Feature","properties":{"countryId":"BWA","mapLabelKo":"보츠와나","nameEn":"Botswana","fontSizeWorldUnits":2.277956,"targetTextWidthWorld":8.79291,"letterSpacing":0.06,"priority":50,"minZoom":1,"placementMode":"curved-line","angle":55.795445,"insideRatio":1,"baselineInsideRatio":0.987654,"geometryHash":"ced0b587"},"geometry":{"type":"LineString","coordinates":[[21.105274,-25.54028],[21.531142,-25.177023],[21.936085,-24.800622],[22.320101,-24.411078],[22.683192,-24.00839],[23.025357,-23.592558],[23.346595,-23.163583],[23.646908,-22.721464],[23.926295,-22.266202],[24.184756,-21.797796],[24.422291,-21.316246],[24.6389,-20.821553],[24.834584,-20.313716],[25.009341,-19.792735],[25.163172,-19.258611],[25.296078,-18.711343],[25.408057,-18.150932]]}},{"type":"Feature","properties":{"countryId":"CAF","mapLabelKo":"중앙아프리카 공화국","nameEn":"Central African Republic","fontSizeWorldUnits":1.305195,"targetTextWidthWorld":11.838119,"letterSpacing":0.06,"priority":50,"minZoom":1,"placementMode":"curved-line","angle":-10.13011,"insideRatio":0.99667,"baselineInsideRatio":0.987654,"geometryHash":"18b118cc"},"geometry":{"type":"LineString","coordinates":[[14.489183,5.265597],[15.267407,5.60202],[16.038846,5.90069],[16.803498,6.161608],[17.561364,6.384774],[18.312444,6.570188],[19.056738,6.717849],[19.794247,6.827758],[20.524969,6.899915],[21.248905,6.934319],[21.966055,6.930972],[22.676419,6.889872],[23.379998,6.81102],[24.07679,6.694415],[24.766796,6.540059],[25.450016,6.34795],[26.12645,6.118088]]}},{"type":"Feature","properties":{"countryId":"CAN","mapLabelKo":"캐나다","nameEn":"Canada","fontSizeWorldUnits":14.271669,"targetTextWidthWorld":41.102407,"letterSpacing":0.06,"priority":1,"minZoom":1,"placementMode":"curved-line","angle":-32.169678,"insideRatio":0.898936,"baselineInsideRatio":0.987654,"geometryHash":"b3992f3c"},"geometry":{"type":"LineString","coordinates":[[-134.575478,66.421614],[-130.997973,65.045915],[-127.358354,63.713745],[-123.656621,62.425104],[-119.892773,61.179992],[-116.06681,59.97841],[-112.178732,58.820357],[-108.22854,57.705834],[-104.216234,56.634839],[-100.141813,55.607375],[-96.005277,54.623439],[-91.806627,53.683033],[-87.545862,52.786156],[-83.222982,51.932808],[-78.837988,51.12299],[-74.390879,50.356701],[-69.881656,49.633941]]}},{"type":"Feature","properties":{"countryId":"CHE","mapLabelKo":"스위스","nameEn":"Switzerland","fontSizeWorldUnits":0.833107,"targetTextWidthWorld":2.399349,"letterSpacing":0.06,"priority":50,"minZoom":1.73736,"placementMode":"curved-line","angle":-1.589072,"insideRatio":0.999158,"baselineInsideRatio":1,"geometryHash":"ba1ef4ea"},"geometry":{"type":"LineString","coordinates":[[6.544315,46.613911],[6.754431,46.667832],[6.964303,46.71574],[7.173931,46.757633],[7.383315,46.793514],[7.592456,46.82338],[7.801354,46.847233],[8.010008,46.865072],[8.218418,46.876898],[8.426584,46.88271],[8.634507,46.882509],[8.842187,46.876293],[9.049623,46.864065],[9.256815,46.845822],[9.463763,46.821566],[9.670468,46.791297],[9.87693,46.755013]]}},{"type":"Feature","properties":{"countryId":"CHL","mapLabelKo":"칠레","nameEn":"Chile","fontSizeWorldUnits":1.437383,"targetTextWidthWorld":2.731028,"letterSpacing":0.06,"priority":30,"minZoom":3,"placementMode":"curved-line","angle":66.386851,"insideRatio":0.949833,"baselineInsideRatio":1,"geometryHash":"50f7ad6a"},"geometry":{"type":"LineString","coordinates":[[-71.960094,-36.685884],[-71.91039,-36.523817],[-71.859737,-36.36203],[-71.808137,-36.200526],[-71.755588,-36.039303],[-71.702092,-35.878361],[-71.647647,-35.717701],[-71.592254,-35.557323],[-71.535913,-35.397226],[-71.478624,-35.23741],[-71.420387,-35.077876],[-71.361202,-34.918624],[-71.301068,-34.759653],[-71.239987,-34.600964],[-71.177957,-34.442556],[-71.11498,-34.28443],[-71.051054,-34.126585]]}},{"type":"Feature","properties":{"countryId":"CHN","mapLabelKo":"중화인민공화국","nameEn":"People's Republic of China","fontSizeWorldUnits":7.62853,"targetTextWidthWorld":51.874003,"letterSpacing":0.06,"priority":1,"minZoom":1,"placementMode":"curved-line","angle":21.956656,"insideRatio":0.980005,"baselineInsideRatio":1,"geometryHash":"1a55da6c"},"geometry":{"type":"LineString","coordinates":[[74.189953,39.28692],[78.54002,37.587198],[82.747115,36.188885],[86.811237,35.091982],[90.732387,34.296489],[94.510563,33.802405],[98.145768,33.609731],[101.637999,33.718467],[104.987258,34.128612],[108.193544,34.840167],[111.256858,35.853132],[114.177199,37.167507],[116.954568,38.783291],[119.588963,40.700485],[122.080387,42.919088],[124.428837,45.439102],[126.634315,48.260525]]}},{"type":"Feature","properties":{"countryId":"CIV","mapLabelKo":"코트디부아르","nameEn":"Ivory Coast","fontSizeWorldUnits":1.119128,"targetTextWidthWorld":6.513325,"letterSpacing":0.06,"priority":40,"minZoom":1,"placementMode":"curved-line","angle":-47.484097,"insideRatio":1,"baselineInsideRatio":1,"geometryHash":"60da8bee"},"geometry":{"type":"LineString","coordinates":[[-7.632788,9.946253],[-7.391354,9.64151],[-7.146425,9.339946],[-6.898,9.04156],[-6.646079,8.746352],[-6.390663,8.454322],[-6.131751,8.165469],[-5.869343,7.879795],[-5.60344,7.597299],[-5.334041,7.317981],[-5.061146,7.041841],[-4.784756,6.768879],[-4.50487,6.499095],[-4.221489,6.23249],[-3.934611,5.969062],[-3.644238,5.708812],[-3.35037,5.45174]]}},{"type":"Feature","properties":{"countryId":"CMR","mapLabelKo":"카메룬","nameEn":"Cameroon","fontSizeWorldUnits":2.794808,"targetTextWidthWorld":8.049047,"letterSpacing":0.06,"priority":40,"minZoom":1,"placementMode":"curved-line","angle":50.120006,"insideRatio":0.998801,"baselineInsideRatio":1,"geometryHash":"34a1c7a3"},"geometry":{"type":"LineString","coordinates":[[10.126285,2.883268],[10.619141,3.096209],[11.077021,3.338197],[11.499928,3.609231],[11.88786,3.909312],[12.240818,4.23844],[12.558801,4.596615],[12.841809,4.983837],[13.089843,5.400106],[13.302903,5.845421],[13.480988,6.319783],[13.624098,6.823193],[13.732235,7.355649],[13.805396,7.917152],[13.843583,8.507701],[13.846796,9.127298],[13.815034,9.775941]]}},{"type":"Feature","properties":{"countryId":"COD","mapLabelKo":"콩고민주공화국","nameEn":"Democratic Republic of the Congo","fontSizeWorldUnits":2.757,"targetTextWidthWorld":18.747599,"letterSpacing":0.06,"priority":30,"minZoom":1,"placementMode":"curved-line","angle":15,"insideRatio":0.950904,"baselineInsideRatio":0.987654,"geometryHash":"d1d56bd2"},"geometry":{"type":"LineString","coordinates":[[15.19703,-4.461068],[16.311386,-4.480541],[17.409563,-4.439728],[18.49156,-4.338627],[19.557378,-4.177239],[20.607017,-3.955564],[21.640477,-3.673602],[22.657757,-3.331353],[23.658857,-2.928817],[24.643779,-2.465993],[25.612521,-1.942883],[26.565084,-1.359486],[27.501467,-0.715801],[28.421671,-0.011829],[29.325696,0.752429],[30.213541,1.576975],[31.085207,2.461808]]}},{"type":"Feature","properties":{"countryId":"COG","mapLabelKo":"콩고공화국","nameEn":"Republic of the Congo","fontSizeWorldUnits":1.910241,"targetTextWidthWorld":9.245566,"letterSpacing":0.06,"priority":50,"minZoom":1,"placementMode":"curved-line","angle":56.095245,"insideRatio":0.917699,"baselineInsideRatio":1,"geometryHash":"fabce00a"},"geometry":{"type":"LineString","coordinates":[[12.401222,-4.233225],[12.866018,-3.884706],[13.309273,-3.521712],[13.730987,-3.144241],[14.13116,-2.752293],[14.509792,-2.34587],[14.866882,-1.92497],[15.202432,-1.489594],[15.51644,-1.039742],[15.808908,-0.575414],[16.079834,-0.096609],[16.329219,0.396672],[16.557064,0.904429],[16.763367,1.426663],[16.948129,1.963372],[17.11135,2.514558],[17.25303,3.08022]]}},{"type":"Feature","properties":{"countryId":"COL","mapLabelKo":"콜롬비아","nameEn":"Colombia","fontSizeWorldUnits":3.264398,"targetTextWidthWorld":12.600577,"letterSpacing":0.06,"priority":30,"minZoom":1,"placementMode":"curved-line","angle":-55.154807,"insideRatio":0.999138,"baselineInsideRatio":1,"geometryHash":"69aaf105"},"geometry":{"type":"LineString","coordinates":[[-74.948385,9.835088],[-74.855162,8.997059],[-74.734731,8.177907],[-74.587091,7.377632],[-74.412243,6.596234],[-74.210186,5.833713],[-73.980922,5.090069],[-73.724448,4.365302],[-73.440767,3.659412],[-73.129877,2.972399],[-72.791778,2.304263],[-72.426471,1.655004],[-72.033956,1.024622],[-71.614232,0.413117],[-71.1673,-0.179511],[-70.693159,-0.753262],[-70.191811,-1.308136]]}},{"type":"Feature","properties":{"countryId":"CRI","mapLabelKo":"코스타리카","nameEn":"Costa Rica","fontSizeWorldUnits":0.664623,"targetTextWidthWorld":3.216777,"letterSpacing":0.06,"priority":60,"minZoom":1.31438,"placementMode":"curved-line","angle":-38.789508,"insideRatio":1,"baselineInsideRatio":1,"geometryHash":"1fb9f9b4"},"geometry":{"type":"LineString","coordinates":[[-85.556808,10.737994],[-85.344814,10.693323],[-85.140475,10.639265],[-84.943791,10.57582],[-84.754762,10.502987],[-84.573389,10.420768],[-84.39967,10.329162],[-84.233606,10.228169],[-84.075197,10.117789],[-83.924443,9.998022],[-83.781344,9.868868],[-83.6459,9.730327],[-83.518111,9.582399],[-83.397977,9.425084],[-83.285498,9.258382],[-83.180674,9.082293],[-83.083505,8.896817]]}},{"type":"Feature","properties":{"countryId":"CUB","mapLabelKo":"쿠바","nameEn":"Cuba","fontSizeWorldUnits":0.819201,"targetTextWidthWorld":1.556483,"letterSpacing":0.06,"priority":40,"minZoom":2.36171,"placementMode":"curved-line","angle":-25.485256,"insideRatio":0.632568,"baselineInsideRatio":1,"geometryHash":"acd11a3b"},"geometry":{"type":"LineString","coordinates":[[-79.62767,22.025395],[-79.510328,22.039285],[-79.396288,22.046746],[-79.285551,22.047776],[-79.178115,22.042376],[-79.073982,22.030547],[-78.97315,22.012287],[-78.875621,21.987598],[-78.781394,21.956478],[-78.690468,21.918928],[-78.602845,21.874949],[-78.518524,21.824539],[-78.437505,21.767699],[-78.359788,21.70443],[-78.285373,21.63473],[-78.214261,21.5586],[-78.14645,21.476041]]}},{"type":"Feature","properties":{"countryId":"CYN","mapLabelKo":"북키프로스","nameEn":"Turkish Republic of Northern Cyprus","fontSizeWorldUnits":0.184095,"targetTextWidthWorld":0.891022,"letterSpacing":0.06,"priority":70,"minZoom":3,"placementMode":"curved-line","angle":13.101617,"insideRatio":0.955934,"baselineInsideRatio":1,"geometryHash":"8a8afeb2"},"geometry":{"type":"LineString","coordinates":[[33.057839,35.300156],[33.132039,35.272826],[33.20488,35.250269],[33.276361,35.232486],[33.346483,35.219478],[33.415244,35.211243],[33.482646,35.207783],[33.548688,35.209097],[33.613371,35.215184],[33.676694,35.226046],[33.738657,35.241682],[33.799261,35.262092],[33.858504,35.287276],[33.916388,35.317234],[33.972913,35.351967],[34.028078,35.391473],[34.081883,35.435754]]}},{"type":"Feature","properties":{"countryId":"CYP","mapLabelKo":"키프로스","nameEn":"Cyprus","fontSizeWorldUnits":0.231168,"targetTextWidthWorld":0.892307,"letterSpacing":0.06,"priority":60,"minZoom":3,"placementMode":"curved-line","angle":-4.837794,"insideRatio":1,"baselineInsideRatio":1,"geometryHash":"fc5c4258"},"geometry":{"type":"LineString","coordinates":[[32.436687,34.911849],[32.501147,34.908316],[32.565655,34.905232],[32.630208,34.902597],[32.694808,34.900411],[32.759455,34.898673],[32.824147,34.897385],[32.888886,34.896545],[32.953672,34.896155],[33.018503,34.896213],[33.083381,34.89672],[33.148306,34.897676],[33.213277,34.899081],[33.278294,34.900935],[33.343358,34.903238],[33.408467,34.905989],[33.473624,34.90919]]}},{"type":"Feature","properties":{"countryId":"CZE","mapLabelKo":"체코","nameEn":"Czech Republic","fontSizeWorldUnits":1.878439,"targetTextWidthWorld":3.569033,"letterSpacing":0.06,"priority":60,"minZoom":1.16447,"placementMode":"curved-line","angle":-6.780254,"insideRatio":0.987441,"baselineInsideRatio":1,"geometryHash":"5e3d908e"},"geometry":{"type":"LineString","coordinates":[[12.701356,49.929066],[13.029409,49.91248],[13.357124,49.894066],[13.684502,49.873825],[14.011542,49.851755],[14.338244,49.827857],[14.66461,49.802131],[14.990637,49.774576],[15.316328,49.745194],[15.64168,49.713984],[15.966695,49.680945],[16.291373,49.646079],[16.615713,49.609384],[16.939716,49.570862],[17.263381,49.530511],[17.586709,49.488333],[17.909699,49.444326]]}},{"type":"Feature","properties":{"countryId":"DEU","mapLabelKo":"독일","nameEn":"Germany","fontSizeWorldUnits":3.833993,"targetTextWidthWorld":7.284587,"letterSpacing":0.06,"priority":30,"minZoom":1,"placementMode":"curved-line","angle":65.751022,"insideRatio":0.997969,"baselineInsideRatio":1,"geometryHash":"362a62ff"},"geometry":{"type":"LineString","coordinates":[[8.875083,47.711671],[8.950599,48.164632],[9.050381,48.610836],[9.174429,49.050285],[9.322743,49.482977],[9.495324,49.908912],[9.692171,50.328091],[9.913284,50.740514],[10.158663,51.146181],[10.428309,51.545091],[10.722221,51.937244],[11.040399,52.322642],[11.382843,52.701282],[11.749553,53.073167],[12.14053,53.438295],[12.555773,53.796667],[12.995282,54.148282]]}},{"type":"Feature","properties":{"countryId":"DJI","mapLabelKo":"지부티","nameEn":"Djibouti","fontSizeWorldUnits":0.600177,"targetTextWidthWorld":1.728511,"letterSpacing":0.06,"priority":60,"minZoom":2.21047,"placementMode":"curved-line","angle":41.650562,"insideRatio":0.963403,"baselineInsideRatio":1,"geometryHash":"9ccb12e9"},"geometry":{"type":"LineString","coordinates":[[41.995528,11.1434],[42.049905,11.237834],[42.106523,11.3298],[42.165381,11.4193],[42.226481,11.506332],[42.289822,11.590897],[42.355403,11.672994],[42.423226,11.752625],[42.493289,11.829788],[42.565594,11.904484],[42.640139,11.976713],[42.716925,12.046475],[42.795952,12.11377],[42.877221,12.178597],[42.96073,12.240957],[43.04648,12.30085],[43.134471,12.358276]]}},{"type":"Feature","properties":{"countryId":"DNK","mapLabelKo":"덴마크","nameEn":"Denmark","fontSizeWorldUnits":0.787744,"targetTextWidthWorld":2.268702,"letterSpacing":0.06,"priority":50,"minZoom":1.81813,"placementMode":"curved-line","angle":68.202323,"insideRatio":0.978911,"baselineInsideRatio":1,"geometryHash":"d36bb3af"},"geometry":{"type":"LineString","coordinates":[[9.011432,55.149499],[9.031738,55.289894],[9.059013,55.428721],[9.093258,55.565983],[9.134473,55.701678],[9.182658,55.835806],[9.237813,55.968368],[9.299937,56.099364],[9.369031,56.228793],[9.445095,56.356656],[9.528129,56.482953],[9.618133,56.607683],[9.715106,56.730847],[9.819049,56.852444],[9.929962,56.972475],[10.047844,57.090939],[10.172697,57.207837]]}},{"type":"Feature","properties":{"countryId":"DOM","mapLabelKo":"도미니카 공화국","nameEn":"Dominican Republic","fontSizeWorldUnits":0.402546,"targetTextWidthWorld":2.862102,"letterSpacing":0.06,"priority":60,"minZoom":1.48292,"placementMode":"curved-line","angle":-7.213272,"insideRatio":1,"baselineInsideRatio":1,"geometryHash":"6590f24c"},"geometry":{"type":"LineString","coordinates":[[-71.718877,18.875726],[-71.562586,18.908705],[-71.407048,18.936045],[-71.252265,18.957748],[-71.098235,18.973813],[-70.944959,18.984239],[-70.792437,18.989029],[-70.640669,18.98818],[-70.489655,18.981693],[-70.339394,18.969568],[-70.189887,18.951806],[-70.041134,18.928405],[-69.893135,18.899367],[-69.74589,18.864691],[-69.599399,18.824377],[-69.453661,18.778425],[-69.308677,18.726836]]}},{"type":"Feature","properties":{"countryId":"DZA","mapLabelKo":"알제리","nameEn":"Algeria","fontSizeWorldUnits":5.803818,"targetTextWidthWorld":16.714995,"letterSpacing":0.06,"priority":40,"minZoom":1,"placementMode":"curved-line","angle":4,"insideRatio":0.99993,"baselineInsideRatio":1,"geometryHash":"afb6ba6f"},"geometry":{"type":"LineString","coordinates":[[-4.083548,27.617074],[-3.242549,27.69616],[-2.401448,27.773998],[-1.560246,27.850589],[-0.718942,27.925931],[0.122464,28.000026],[0.963971,28.072872],[1.80558,28.144471],[2.647291,28.214821],[3.489103,28.283924],[4.331017,28.351779],[5.173032,28.418386],[6.015149,28.483745],[6.857368,28.547856],[7.699688,28.610719],[8.54211,28.672334],[9.384634,28.732701]]}},{"type":"Feature","properties":{"countryId":"ECU","mapLabelKo":"에콰도르","nameEn":"Ecuador","fontSizeWorldUnits":1.438759,"targetTextWidthWorld":5.55361,"letterSpacing":0.06,"priority":40,"minZoom":1,"placementMode":"curved-line","angle":55.640078,"insideRatio":0.996131,"baselineInsideRatio":1,"geometryHash":"ebd10dbc"},"geometry":{"type":"LineString","coordinates":[[-79.365213,-3.973244],[-79.366151,-3.573485],[-79.339333,-3.192699],[-79.284758,-2.830885],[-79.202425,-2.488043],[-79.092335,-2.164174],[-78.954488,-1.859277],[-78.788883,-1.573353],[-78.595521,-1.306401],[-78.374403,-1.058421],[-78.125527,-0.829414],[-77.848893,-0.619379],[-77.544503,-0.428316],[-77.212355,-0.256226],[-76.85245,-0.103108],[-76.464788,0.031038],[-76.049369,0.146211]]}},{"type":"Feature","properties":{"countryId":"EGY","mapLabelKo":"이집트","nameEn":"Egypt","fontSizeWorldUnits":4.434602,"targetTextWidthWorld":12.771653,"letterSpacing":0.06,"priority":30,"minZoom":1,"placementMode":"curved-line","angle":-42.08326,"insideRatio":0.999561,"baselineInsideRatio":1,"geometryHash":"656eb2f9"},"geometry":{"type":"LineString","coordinates":[[25.561599,31.351004],[25.975359,30.62408],[26.412926,29.92021],[26.874299,29.239394],[27.359479,28.581631],[27.868466,27.946922],[28.40126,27.335267],[28.95786,26.746665],[29.538267,26.181118],[30.14248,25.638623],[30.770501,25.119183],[31.422328,24.622796],[32.097962,24.149463],[32.797402,23.699183],[33.520649,23.271957],[34.267703,22.867785],[35.038564,22.486666]]}},{"type":"Feature","properties":{"countryId":"ERI","mapLabelKo":"에리트레아","nameEn":"Eritrea","fontSizeWorldUnits":1.186656,"targetTextWidthWorld":5.743417,"letterSpacing":0.06,"priority":50,"minZoom":1,"placementMode":"curved-line","angle":-31.484746,"insideRatio":0.916617,"baselineInsideRatio":1,"geometryHash":"f2fd5a80"},"geometry":{"type":"LineString","coordinates":[[37.014262,16.853387],[37.214822,16.621602],[37.422117,16.400436],[37.636147,16.189892],[37.856913,15.989968],[38.084415,15.800665],[38.318653,15.621982],[38.559626,15.45392],[38.807334,15.296478],[39.061779,15.149658],[39.322959,15.013457],[39.590874,14.887878],[39.865525,14.772918],[40.146912,14.66858],[40.435034,14.574862],[40.729892,14.491765],[41.031486,14.419288]]}},{"type":"Feature","properties":{"countryId":"ESH","mapLabelKo":"서사하라","nameEn":"Western Sahara","fontSizeWorldUnits":0.856686,"targetTextWidthWorld":3.306807,"letterSpacing":0.06,"priority":80,"minZoom":1.27456,"placementMode":"curved-line","angle":50.046477,"insideRatio":0.619525,"baselineInsideRatio":1,"geometryHash":"3e03fd6b"},"geometry":{"type":"LineString","coordinates":[[-13.240841,23.462],[-13.096367,23.546143],[-12.961802,23.637854],[-12.837147,23.737136],[-12.722401,23.843986],[-12.617564,23.958406],[-12.522637,24.080396],[-12.43762,24.209954],[-12.362511,24.347083],[-12.297313,24.49178],[-12.242023,24.644047],[-12.196643,24.803883],[-12.161173,24.971289],[-12.135612,25.146264],[-12.11996,25.328808],[-12.114218,25.518922],[-12.118385,25.716605]]}},{"type":"Feature","properties":{"countryId":"ESP","mapLabelKo":"스페인","nameEn":"Spain","fontSizeWorldUnits":2.887733,"targetTextWidthWorld":8.316672,"letterSpacing":0.06,"priority":30,"minZoom":1,"placementMode":"curved-line","angle":-32.708688,"insideRatio":0.944616,"baselineInsideRatio":1,"geometryHash":"daa3e563"},"geometry":{"type":"LineString","coordinates":[[-6.270072,42.667456],[-6.00712,42.291449],[-5.730508,41.931958],[-5.440237,41.588982],[-5.136306,41.262522],[-4.818716,40.952577],[-4.487467,40.659147],[-4.142558,40.382233],[-3.783989,40.121834],[-3.411761,39.877951],[-3.025874,39.650583],[-2.626327,39.43973],[-2.21312,39.245393],[-1.786255,39.067571],[-1.345729,38.906264],[-0.891545,38.761473],[-0.423701,38.633197]]}},{"type":"Feature","properties":{"countryId":"EST","mapLabelKo":"에스토니아","nameEn":"Estonia","fontSizeWorldUnits":0.42777,"targetTextWidthWorld":2.070407,"letterSpacing":0.06,"priority":70,"minZoom":1.95009,"placementMode":"curved-line","angle":-42.649667,"insideRatio":1,"baselineInsideRatio":1,"geometryHash":"449d0240"},"geometry":{"type":"LineString","coordinates":[[23.971573,59.082672],[24.282186,59.076925],[24.576717,59.062089],[24.855167,59.038164],[25.117534,59.00515],[25.36382,58.963048],[25.594023,58.911856],[25.808145,58.851576],[26.006185,58.782207],[26.188143,58.703748],[26.354019,58.616201],[26.503813,58.519565],[26.637525,58.41384],[26.755156,58.299027],[26.856704,58.175124],[26.942171,58.042132],[27.011556,57.900052]]}},{"type":"Feature","properties":{"countryId":"ETH","mapLabelKo":"에티오피아","nameEn":"Ethiopia","fontSizeWorldUnits":2.761983,"targetTextWidthWorld":13.367997,"letterSpacing":0.06,"priority":30,"minZoom":1,"placementMode":"curved-line","angle":-11,"insideRatio":1,"baselineInsideRatio":1,"geometryHash":"6a375a96"},"geometry":{"type":"LineString","coordinates":[[34.348795,9.629297],[35.025756,9.607795],[35.697792,9.561272],[36.364904,9.489727],[37.027091,9.393161],[37.684353,9.271572],[38.336691,9.124962],[38.984104,8.95333],[39.626593,8.756676],[40.264157,8.535001],[40.896796,8.288303],[41.524511,8.016584],[42.147301,7.719843],[42.765167,7.39808],[43.378108,7.051296],[43.986124,6.67949],[44.589216,6.282661]]}},{"type":"Feature","properties":{"countryId":"FIN","mapLabelKo":"핀란드","nameEn":"Finland","fontSizeWorldUnits":2.736229,"targetTextWidthWorld":7.880338,"letterSpacing":0.06,"priority":40,"minZoom":1,"placementMode":"curved-line","angle":66.32651,"insideRatio":0.943822,"baselineInsideRatio":1,"geometryHash":"9de64fb2"},"geometry":{"type":"LineString","coordinates":[[24.031228,60.877893],[24.631261,61.268217],[25.171499,61.670515],[25.651941,62.084784],[26.072589,62.511027],[26.433442,62.949241],[26.7345,63.399429],[26.975763,63.861589],[27.157231,64.335721],[27.278904,64.821826],[27.340782,65.319903],[27.342865,65.829953],[27.285153,66.351975],[27.167646,66.88597],[26.990344,67.431937],[26.753247,67.989877],[26.456355,68.559789]]}},{"type":"Feature","properties":{"countryId":"FJI","mapLabelKo":"피지","nameEn":"Fiji","fontSizeWorldUnits":0.566178,"targetTextWidthWorld":1.075739,"letterSpacing":0.06,"priority":70,"minZoom":2.89467,"placementMode":"curved-line","angle":-18.600503,"insideRatio":1,"baselineInsideRatio":1,"geometryHash":"cd901b27"},"geometry":{"type":"LineString","coordinates":[[177.422659,-17.790144],[177.493645,-17.789072],[177.564252,-17.789071],[177.634482,-17.79014],[177.704334,-17.792279],[177.773809,-17.795488],[177.842906,-17.799767],[177.911625,-17.805117],[177.979967,-17.811536],[178.047931,-17.819025],[178.115518,-17.827585],[178.182727,-17.837214],[178.249558,-17.847914],[178.316012,-17.859683],[178.382088,-17.872523],[178.447786,-17.886433],[178.513107,-17.901412]]}},{"type":"Feature","properties":{"countryId":"FLK","mapLabelKo":"포클랜드 제도","nameEn":"Falkland Islands","fontSizeWorldUnits":0.114106,"targetTextWidthWorld":0.69947,"letterSpacing":0.06,"priority":60,"minZoom":3,"placementMode":"curved-line","angle":25.457182,"insideRatio":0.950663,"baselineInsideRatio":1,"geometryHash":"dc8ad51d"},"geometry":{"type":"LineString","coordinates":[[-59.032634,-51.897876],[-59.011999,-51.859054],[-58.98944,-51.822733],[-58.964957,-51.788913],[-58.938551,-51.757594],[-58.910221,-51.728776],[-58.879967,-51.702459],[-58.847789,-51.678643],[-58.813688,-51.657328],[-58.777663,-51.638514],[-58.739713,-51.622201],[-58.699841,-51.608388],[-58.658044,-51.597077],[-58.614323,-51.588267],[-58.568679,-51.581958],[-58.521111,-51.57815],[-58.471619,-51.576843]]}},{"type":"Feature","properties":{"countryId":"FRA","mapLabelKo":"프랑스","nameEn":"France","fontSizeWorldUnits":3.373856,"targetTextWidthWorld":9.716704,"letterSpacing":0.06,"priority":30,"minZoom":1,"placementMode":"curved-line","angle":-20.250617,"insideRatio":0.985874,"baselineInsideRatio":0.987654,"geometryHash":"e1303996"},"geometry":{"type":"LineString","coordinates":[[-2.024935,48.176634],[-1.469082,47.973852],[-0.912321,47.773025],[-0.354651,47.574152],[0.203927,47.377235],[0.763413,47.182273],[1.323808,46.989267],[1.885112,46.798215],[2.447324,46.609119],[3.010445,46.421977],[3.574474,46.236791],[4.139412,46.05356],[4.705258,45.872284],[5.272013,45.692963],[5.839677,45.515598],[6.408248,45.340187],[6.977729,45.166732]]}},{"type":"Feature","properties":{"countryId":"GAB","mapLabelKo":"가봉","nameEn":"Gabon","fontSizeWorldUnits":2.946467,"targetTextWidthWorld":5.598287,"letterSpacing":0.06,"priority":50,"minZoom":1,"placementMode":"curved-line","angle":36.629022,"insideRatio":0.998474,"baselineInsideRatio":1,"geometryHash":"686e4138"},"geometry":{"type":"LineString","coordinates":[[9.715981,-2.25376],[9.963576,-2.030086],[10.213324,-1.809308],[10.465226,-1.591425],[10.719281,-1.376438],[10.975489,-1.164347],[11.23385,-0.955152],[11.494364,-0.748852],[11.757031,-0.545448],[12.021851,-0.34494],[12.288824,-0.147328],[12.557951,0.047389],[12.829231,0.23921],[13.102663,0.428136],[13.378249,0.614165],[13.655988,0.797299],[13.93588,0.977537]]}},{"type":"Feature","properties":{"countryId":"GBR","mapLabelKo":"영국","nameEn":"United Kingdom","fontSizeWorldUnits":1.556542,"targetTextWidthWorld":2.957429,"letterSpacing":0.06,"priority":30,"minZoom":1.43566,"placementMode":"curved-line","angle":-59.505986,"insideRatio":0.820315,"baselineInsideRatio":1,"geometryHash":"dc70a0d3"},"geometry":{"type":"LineString","coordinates":[[-3.221265,55.340798],[-2.995052,55.212767],[-2.791059,55.077311],[-2.609286,54.93443],[-2.449733,54.784125],[-2.312399,54.626396],[-2.197285,54.461243],[-2.104391,54.288665],[-2.033717,54.108663],[-1.985262,53.921236],[-1.959027,53.726386],[-1.955012,53.52411],[-1.973217,53.314411],[-2.013641,53.097287],[-2.076285,52.872739],[-2.161149,52.640766],[-2.268233,52.401369]]}},{"type":"Feature","properties":{"countryId":"GEO","mapLabelKo":"조지아","nameEn":"Georgia","fontSizeWorldUnits":1.377251,"targetTextWidthWorld":3.966482,"letterSpacing":0.06,"priority":60,"minZoom":1.01214,"placementMode":"curved-line","angle":-20.570951,"insideRatio":0.993918,"baselineInsideRatio":1,"geometryHash":"60dd5d24"},"geometry":{"type":"LineString","coordinates":[[41.237308,43.040631],[41.495445,42.881404],[41.758913,42.73272],[42.027712,42.594578],[42.301842,42.466979],[42.581303,42.349923],[42.866095,42.243409],[43.156218,42.147438],[43.451672,42.06201],[43.752458,41.987124],[44.058574,41.922781],[44.370022,41.868981],[44.6868,41.825723],[45.00891,41.793008],[45.336351,41.770836],[45.669122,41.759206],[46.007225,41.758119]]}},{"type":"Feature","properties":{"countryId":"GHA","mapLabelKo":"가나","nameEn":"Ghana","fontSizeWorldUnits":3.092204,"targetTextWidthWorld":5.875187,"letterSpacing":0.06,"priority":40,"minZoom":1,"placementMode":"curved-line","angle":62.113098,"insideRatio":0.990783,"baselineInsideRatio":1,"geometryHash":"d73c4477"},"geometry":{"type":"LineString","coordinates":[[-2.179649,5.30339],[-2.005662,5.606629],[-1.843288,5.915949],[-1.692527,6.231351],[-1.553378,6.552833],[-1.425843,6.880396],[-1.30992,7.21404],[-1.20561,7.553765],[-1.112912,7.899571],[-1.031828,8.251459],[-0.962356,8.609427],[-0.904497,8.973476],[-0.858251,9.343606],[-0.823618,9.719818],[-0.800598,10.10211],[-0.78919,10.490483],[-0.789395,10.884938]]}},{"type":"Feature","properties":{"countryId":"GIN","mapLabelKo":"기니","nameEn":"Guinea","fontSizeWorldUnits":2.84618,"targetTextWidthWorld":5.407743,"letterSpacing":0.06,"priority":40,"minZoom":1,"placementMode":"curved-line","angle":-37.811454,"insideRatio":0.936552,"baselineInsideRatio":1,"geometryHash":"44f1fb98"},"geometry":{"type":"LineString","coordinates":[[-13.733052,11.080718],[-13.282733,11.128655],[-12.851021,11.152988],[-12.437917,11.153717],[-12.04342,11.130841],[-11.667531,11.084361],[-11.310249,11.014277],[-10.971575,10.920588],[-10.651509,10.803295],[-10.35005,10.662398],[-10.067199,10.497897],[-9.802956,10.309791],[-9.55732,10.098081],[-9.330292,9.862766],[-9.121872,9.603848],[-8.932059,9.321325],[-8.760853,9.015197]]}},{"type":"Feature","properties":{"countryId":"GMB","mapLabelKo":"감비아","nameEn":"The Gambia","fontSizeWorldUnits":0.225856,"targetTextWidthWorld":0.650466,"letterSpacing":0.06,"priority":70,"minZoom":3,"placementMode":"curved-line","angle":4.55003,"insideRatio":0.741623,"baselineInsideRatio":0.975309,"geometryHash":"8b83c78d"},"geometry":{"type":"LineString","coordinates":[[-15.715585,13.451577],[-15.675067,13.442781],[-15.634827,13.437378],[-15.594864,13.435367],[-15.555178,13.436749],[-15.51577,13.441523],[-15.47664,13.449689],[-15.437787,13.461248],[-15.399212,13.4762],[-15.360914,13.494544],[-15.322894,13.51628],[-15.285152,13.541409],[-15.247687,13.569931],[-15.210499,13.601845],[-15.173589,13.637151],[-15.136957,13.67585],[-15.100602,13.717941]]}},{"type":"Feature","properties":{"countryId":"GNB","mapLabelKo":"기니비사우","nameEn":"Guinea-Bissau","fontSizeWorldUnits":0.525277,"targetTextWidthWorld":2.542343,"letterSpacing":0.06,"priority":70,"minZoom":1.65384,"placementMode":"curved-line","angle":-9.609488,"insideRatio":0.983856,"baselineInsideRatio":0.987654,"geometryHash":"b9e4050c"},"geometry":{"type":"LineString","coordinates":[[-16.156085,12.181715],[-15.995785,12.205555],[-15.836541,12.223283],[-15.678353,12.234898],[-15.521222,12.240401],[-15.365148,12.239791],[-15.21013,12.233069],[-15.056169,12.220235],[-14.903264,12.201288],[-14.751416,12.176228],[-14.600625,12.145056],[-14.45089,12.107772],[-14.302211,12.064375],[-14.15459,12.014866],[-14.008025,11.959244],[-13.862516,11.89751],[-13.718064,11.829663]]}},{"type":"Feature","properties":{"countryId":"GNQ","mapLabelKo":"적도 기니","nameEn":"Equatorial Guinea","fontSizeWorldUnits":0.28955,"targetTextWidthWorld":1.207422,"letterSpacing":0.06,"priority":50,"minZoom":2.72807,"placementMode":"curved-line","angle":55.343462,"insideRatio":1,"baselineInsideRatio":1,"geometryHash":"79196af5"},"geometry":{"type":"LineString","coordinates":[[9.928758,1.238837],[10.006031,1.272531],[10.08143,1.30752],[10.154955,1.343803],[10.226605,1.381382],[10.296382,1.420256],[10.364284,1.460424],[10.430312,1.501888],[10.494465,1.544646],[10.556745,1.588699],[10.61715,1.634047],[10.675681,1.68069],[10.732338,1.728628],[10.78712,1.777861],[10.840028,1.828389],[10.891063,1.880212],[10.940223,1.933329]]}},{"type":"Feature","properties":{"countryId":"GRC","mapLabelKo":"그리스","nameEn":"Greece","fontSizeWorldUnits":0.500792,"targetTextWidthWorld":1.442282,"letterSpacing":0.06,"priority":40,"minZoom":2.47165,"placementMode":"curved-line","angle":70.775897,"insideRatio":0.913382,"baselineInsideRatio":1,"geometryHash":"e9f9df6b"},"geometry":{"type":"LineString","coordinates":[[21.649688,39.004093],[21.659199,39.092107],[21.668953,39.180053],[21.678951,39.267933],[21.689193,39.355746],[21.69968,39.443492],[21.71041,39.531171],[21.721384,39.618784],[21.732602,39.70633],[21.744064,39.793809],[21.75577,39.881221],[21.76772,39.968566],[21.779914,40.055844],[21.792352,40.143056],[21.805034,40.230201],[21.81796,40.317279],[21.831129,40.40429]]}},{"type":"Feature","properties":{"countryId":"GRL","mapLabelKo":"그린란드","nameEn":"Greenland","fontSizeWorldUnits":5.017866,"targetTextWidthWorld":19.368962,"letterSpacing":0.06,"priority":40,"minZoom":1,"placementMode":"curved-line","angle":60.953614,"insideRatio":0.955662,"baselineInsideRatio":1,"geometryHash":"a9c338c6"},"geometry":{"type":"LineString","coordinates":[[-44.25309,66.049992],[-44.5489,67.261675],[-44.706999,68.447229],[-44.727387,69.606653],[-44.610063,70.739947],[-44.355029,71.847112],[-43.962283,72.928147],[-43.431826,73.983052],[-42.763658,75.011828],[-41.957778,76.014474],[-41.014188,76.99099],[-39.932886,77.941376],[-38.713873,78.865633],[-37.357149,79.76376],[-35.862714,80.635757],[-34.230567,81.481625],[-32.46071,82.301363]]}},{"type":"Feature","properties":{"countryId":"GTM","mapLabelKo":"과테말라","nameEn":"Guatemala","fontSizeWorldUnits":0.852539,"targetTextWidthWorld":3.2908,"letterSpacing":0.06,"priority":40,"minZoom":1.28156,"placementMode":"curved-line","angle":0,"insideRatio":0.994818,"baselineInsideRatio":1,"geometryHash":"c894fe82"},"geometry":{"type":"LineString","coordinates":[[-91.981228,14.791681],[-91.778474,14.909748],[-91.57572,15.020314],[-91.372966,15.123379],[-91.170212,15.218945],[-90.967457,15.30701],[-90.764703,15.387575],[-90.561949,15.46064],[-90.359195,15.526205],[-90.156441,15.584269],[-89.953686,15.634833],[-89.750932,15.677897],[-89.548178,15.71346],[-89.345424,15.741524],[-89.14267,15.762087],[-88.939915,15.775149],[-88.737161,15.780712]]}},{"type":"Feature","properties":{"countryId":"GUY","mapLabelKo":"가이아나","nameEn":"Guyana","fontSizeWorldUnits":1.529384,"targetTextWidthWorld":5.903424,"letterSpacing":0.06,"priority":50,"minZoom":1,"placementMode":"curved-line","angle":-53.320288,"insideRatio":0.941038,"baselineInsideRatio":1,"geometryHash":"39ae0eb2"},"geometry":{"type":"LineString","coordinates":[[-60.588222,6.812487],[-60.278245,6.640853],[-59.993106,6.450779],[-59.732803,6.242266],[-59.497338,6.015313],[-59.28671,5.769922],[-59.100918,5.506091],[-58.939964,5.223821],[-58.803847,4.923112],[-58.692567,4.603964],[-58.606124,4.266376],[-58.544518,3.910349],[-58.507749,3.535883],[-58.495817,3.142977],[-58.508722,2.731633],[-58.546464,2.301849],[-58.609044,1.853626]]}},{"type":"Feature","properties":{"countryId":"HND","mapLabelKo":"온두라스","nameEn":"Honduras","fontSizeWorldUnits":1.293341,"targetTextWidthWorld":4.992295,"letterSpacing":0.06,"priority":60,"minZoom":1,"placementMode":"curved-line","angle":2.303091,"insideRatio":0.969156,"baselineInsideRatio":1,"geometryHash":"4989161e"},"geometry":{"type":"LineString","coordinates":[[-89.07228,14.716463],[-88.765144,14.700874],[-88.458302,14.692384],[-88.151756,14.690991],[-87.845505,14.696696],[-87.539549,14.709499],[-87.233889,14.729401],[-86.928523,14.7564],[-86.623453,14.790498],[-86.318678,14.831693],[-86.014198,14.879987],[-85.710013,14.935379],[-85.406123,14.997868],[-85.102529,15.067456],[-84.79923,15.144142],[-84.496225,15.227926],[-84.193516,15.318808]]}},{"type":"Feature","properties":{"countryId":"HRV","mapLabelKo":"크로아티아","nameEn":"Croatia","fontSizeWorldUnits":0.30218,"targetTextWidthWorld":1.462552,"letterSpacing":0.06,"priority":70,"minZoom":2.45151,"placementMode":"curved-line","angle":-11.851674,"insideRatio":0.45852,"baselineInsideRatio":1,"geometryHash":"14d31ece"},"geometry":{"type":"LineString","coordinates":[[15.449293,45.246352],[15.607885,45.362583],[15.762328,45.464722],[15.912622,45.552767],[16.058767,45.62672],[16.200763,45.686579],[16.338611,45.732346],[16.472309,45.76402],[16.601859,45.7816],[16.72726,45.785088],[16.848512,45.774483],[16.965615,45.749785],[17.078569,45.710994],[17.187375,45.658111],[17.292031,45.591134],[17.392539,45.510064],[17.488898,45.414902]]}},{"type":"Feature","properties":{"countryId":"HTI","mapLabelKo":"아이티","nameEn":"Haiti","fontSizeWorldUnits":0.294642,"targetTextWidthWorld":0.848568,"letterSpacing":0.06,"priority":60,"minZoom":3,"placementMode":"curved-line","angle":51.34139,"insideRatio":0.508407,"baselineInsideRatio":1,"geometryHash":"b6a20c9a"},"geometry":{"type":"LineString","coordinates":[[-72.527903,18.305869],[-72.466435,18.323824],[-72.412735,18.347656],[-72.366802,18.377367],[-72.328637,18.412955],[-72.298239,18.454421],[-72.27561,18.501766],[-72.260748,18.554988],[-72.253654,18.614088],[-72.254327,18.679067],[-72.262769,18.749923],[-72.278978,18.826657],[-72.302955,18.909269],[-72.334699,18.997759],[-72.374211,19.092127],[-72.421491,19.192373],[-72.476539,19.298497]]}},{"type":"Feature","properties":{"countryId":"HUN","mapLabelKo":"헝가리","nameEn":"Hungary","fontSizeWorldUnits":1.436876,"targetTextWidthWorld":4.138203,"letterSpacing":0.06,"priority":60,"minZoom":1,"placementMode":"curved-line","angle":17.930896,"insideRatio":1,"baselineInsideRatio":1,"geometryHash":"cb8f4f07"},"geometry":{"type":"LineString","coordinates":[[16.551886,46.76236],[16.932269,46.760437],[17.307483,46.76938],[17.677526,46.789187],[18.042399,46.819859],[18.402102,46.861397],[18.756634,46.913799],[19.105996,46.977067],[19.450187,47.0512],[19.789208,47.136198],[20.123059,47.232061],[20.45174,47.338789],[20.77525,47.456382],[21.093589,47.584841],[21.406759,47.724165],[21.714758,47.874353],[22.017587,48.035407]]}},{"type":"Feature","properties":{"countryId":"IDN","mapLabelKo":"인도네시아","nameEn":"Indonesia","fontSizeWorldUnits":1.902573,"targetTextWidthWorld":9.208454,"letterSpacing":0.06,"priority":30,"minZoom":1,"placementMode":"curved-line","angle":34.083671,"insideRatio":1,"baselineInsideRatio":0.987654,"geometryHash":"ee070033"},"geometry":{"type":"LineString","coordinates":[[109.804243,-1.769779],[110.460544,-1.763707],[111.090224,-1.71834],[111.693284,-1.633678],[112.269724,-1.509722],[112.819543,-1.346472],[113.342741,-1.143927],[113.839319,-0.902088],[114.309277,-0.620954],[114.752614,-0.300526],[115.169331,0.059197],[115.559427,0.458215],[115.922903,0.896526],[116.259758,1.374133],[116.569993,1.891033],[116.853607,2.447229],[117.110601,3.042719]]}},{"type":"Feature","properties":{"countryId":"IND","mapLabelKo":"인도","nameEn":"India","fontSizeWorldUnits":10.159835,"targetTextWidthWorld":19.303687,"letterSpacing":0.06,"priority":1,"minZoom":1,"placementMode":"curved-line","angle":5.670242,"insideRatio":0.982062,"baselineInsideRatio":1,"geometryHash":"c3894713"},"geometry":{"type":"LineString","coordinates":[[71.69805,22.978362],[72.703804,22.774391],[73.70556,22.607972],[74.703319,22.479107],[75.69708,22.387794],[76.686843,22.334034],[77.672609,22.317827],[78.654377,22.339173],[79.632148,22.398072],[80.605921,22.494524],[81.575697,22.628528],[82.541475,22.800086],[83.503256,23.009197],[84.461039,23.25586],[85.414824,23.540076],[86.364612,23.861845],[87.310403,24.221167]]}},{"type":"Feature","properties":{"countryId":"IRL","mapLabelKo":"아일랜드","nameEn":"Ireland","fontSizeWorldUnits":0.742347,"targetTextWidthWorld":2.865459,"letterSpacing":0.06,"priority":40,"minZoom":1.48123,"placementMode":"curved-line","angle":56.180763,"insideRatio":0.98547,"baselineInsideRatio":1,"geometryHash":"8d1cd169"},"geometry":{"type":"LineString","coordinates":[[-9.068085,51.910649],[-8.925777,52.058333],[-8.784476,52.20642],[-8.644182,52.35491],[-8.504896,52.503804],[-8.366618,52.6531],[-8.229347,52.802799],[-8.093083,52.952902],[-7.957828,53.103407],[-7.82358,53.254316],[-7.690339,53.405628],[-7.558106,53.557343],[-7.42688,53.709461],[-7.296663,53.861982],[-7.167452,54.014906],[-7.039249,54.168234],[-6.912054,54.321964]]}},{"type":"Feature","properties":{"countryId":"IRN","mapLabelKo":"이란","nameEn":"Iran","fontSizeWorldUnits":9.963548,"targetTextWidthWorld":18.930742,"letterSpacing":0.06,"priority":30,"minZoom":1,"placementMode":"curved-line","angle":-43.622789,"insideRatio":0.889354,"baselineInsideRatio":1,"geometryHash":"e9d32355"},"geometry":{"type":"LineString","coordinates":[[45.678711,37.675917],[46.847925,37.122278],[47.993823,36.547985],[49.116405,35.953039],[50.215672,35.337439],[51.291622,34.701186],[52.344256,34.044279],[53.373574,33.366719],[54.379576,32.668504],[55.362262,31.949637],[56.321633,31.210115],[57.257687,30.449941],[58.170425,29.669112],[59.059847,28.86763],[59.925954,28.045494],[60.768744,27.202705],[61.588218,26.339262]]}},{"type":"Feature","properties":{"countryId":"IRQ","mapLabelKo":"이라크","nameEn":"Iraq","fontSizeWorldUnits":2.875725,"targetTextWidthWorld":8.282088,"letterSpacing":0.06,"priority":40,"minZoom":1,"placementMode":"curved-line","angle":-58.835324,"insideRatio":0.994003,"baselineInsideRatio":0.987654,"geometryHash":"9eb7952b"},"geometry":{"type":"LineString","coordinates":[[41.921938,36.71946],[42.033884,36.201397],[42.170736,35.695826],[42.332497,35.202749],[42.519164,34.722165],[42.730739,34.254074],[42.967221,33.798477],[43.228611,33.355372],[43.514907,32.92476],[43.826112,32.506641],[44.162223,32.101015],[44.523242,31.707883],[44.909168,31.327243],[45.320001,30.959097],[45.755742,30.603443],[46.21639,30.260283],[46.701945,29.929615]]}},{"type":"Feature","properties":{"countryId":"ISL","mapLabelKo":"아이슬란드","nameEn":"Iceland","fontSizeWorldUnits":0.745285,"targetTextWidthWorld":3.607178,"letterSpacing":0.06,"priority":40,"minZoom":1.14913,"placementMode":"curved-line","angle":6.129357,"insideRatio":0.999976,"baselineInsideRatio":1,"geometryHash":"cc84d75c"},"geometry":{"type":"LineString","coordinates":[[-22.670095,64.869833],[-22.145345,64.82607],[-21.623315,64.792923],[-21.104006,64.770393],[-20.587417,64.75848],[-20.073548,64.757183],[-19.562399,64.766502],[-19.05397,64.786438],[-18.548262,64.81699],[-18.045273,64.858159],[-17.545005,64.909944],[-17.047458,64.972346],[-16.55263,65.045364],[-16.060523,65.128999],[-15.571135,65.22325],[-15.084468,65.328118],[-14.600522,65.443602]]}},{"type":"Feature","properties":{"countryId":"ISR","mapLabelKo":"이스라엘","nameEn":"Israel","fontSizeWorldUnits":0.566939,"targetTextWidthWorld":2.188383,"letterSpacing":0.06,"priority":50,"minZoom":1.87013,"placementMode":"curved-line","angle":-86.727738,"insideRatio":0.945554,"baselineInsideRatio":1,"geometryHash":"d52f7842"},"geometry":{"type":"LineString","coordinates":[[34.77889,31.831596],[34.788281,31.702011],[34.797516,31.572419],[34.806593,31.442819],[34.815514,31.313212],[34.824277,31.183597],[34.832884,31.053974],[34.841333,30.924344],[34.849626,30.794706],[34.857761,30.66506],[34.865739,30.535407],[34.873561,30.405746],[34.881225,30.276078],[34.888733,30.146402],[34.896083,30.016718],[34.903277,29.887027],[34.910313,29.757328]]}},{"type":"Feature","properties":{"countryId":"ITA","mapLabelKo":"이탈리아","nameEn":"Italy","fontSizeWorldUnits":1.962502,"targetTextWidthWorld":7.575259,"letterSpacing":0.06,"priority":30,"minZoom":1,"placementMode":"curved-line","angle":-52.892695,"insideRatio":0.972833,"baselineInsideRatio":1,"geometryHash":"3e0862dd"},"geometry":{"type":"LineString","coordinates":[[8.412957,45.923799],[8.908514,45.639046],[9.395192,45.349299],[9.872994,45.054558],[10.341918,44.754823],[10.801964,44.450095],[11.253133,44.140372],[11.695425,43.825656],[12.128838,43.505945],[12.553375,43.181241],[12.969034,42.851543],[13.375815,42.516851],[13.773719,42.177165],[14.162745,41.832485],[14.542894,41.482811],[14.914166,41.128144],[15.27656,40.768482]]}},{"type":"Feature","properties":{"countryId":"JAM","mapLabelKo":"자메이카","nameEn":"Jamaica","fontSizeWorldUnits":0.42736,"targetTextWidthWorld":1.649608,"letterSpacing":0.06,"priority":50,"minZoom":2.27788,"placementMode":"curved-line","angle":-7.243086,"insideRatio":0.989553,"baselineInsideRatio":1,"geometryHash":"a29b28e4"},"geometry":{"type":"LineString","coordinates":[[-78.127625,18.312715],[-78.02717,18.287753],[-77.926545,18.264056],[-77.825751,18.241624],[-77.724788,18.220458],[-77.623656,18.200556],[-77.522354,18.181919],[-77.420884,18.164547],[-77.319244,18.14844],[-77.217435,18.133598],[-77.115458,18.120021],[-77.01331,18.107709],[-76.910994,18.096662],[-76.808509,18.08688],[-76.705854,18.078363],[-76.603031,18.071111],[-76.500038,18.065124]]}},{"type":"Feature","properties":{"countryId":"JOR","mapLabelKo":"요르단","nameEn":"Jordan","fontSizeWorldUnits":1.607079,"targetTextWidthWorld":4.628388,"letterSpacing":0.06,"priority":50,"minZoom":1,"placementMode":"curved-line","angle":50.12529,"insideRatio":0.907117,"baselineInsideRatio":1,"geometryHash":"3eaba184"},"geometry":{"type":"LineString","coordinates":[[35.438598,29.329859],[35.541191,29.614648],[35.656854,29.890138],[35.785585,30.156328],[35.927386,30.413219],[36.082255,30.660811],[36.250194,30.899103],[36.431202,31.128096],[36.625279,31.34779],[36.832425,31.558185],[37.052641,31.75928],[37.285925,31.951075],[37.532279,32.133572],[37.791701,32.306769],[38.064193,32.470667],[38.349754,32.625265],[38.648384,32.770564]]}},{"type":"Feature","properties":{"countryId":"JPN","mapLabelKo":"일본","nameEn":"Japan","fontSizeWorldUnits":2.880953,"targetTextWidthWorld":5.473811,"letterSpacing":0.06,"priority":30,"minZoom":1,"placementMode":"curved-line","angle":49.140219,"insideRatio":0.736573,"baselineInsideRatio":1,"geometryHash":"e6915e2f"},"geometry":{"type":"LineString","coordinates":[[135.481221,34.987485],[135.947311,35.085454],[136.392371,35.198376],[136.816398,35.326253],[137.219395,35.469083],[137.601359,35.626867],[137.962293,35.799606],[138.302195,35.987298],[138.621065,36.189944],[138.918904,36.407545],[139.195712,36.640099],[139.451488,36.887607],[139.686233,37.15007],[139.899946,37.427486],[140.092628,37.719856],[140.264278,38.027181],[140.414897,38.349459]]}},{"type":"Feature","properties":{"countryId":"KAZ","mapLabelKo":"카자흐스탄","nameEn":"Kazakhstan","fontSizeWorldUnits":5.695112,"targetTextWidthWorld":27.564343,"letterSpacing":0.06,"priority":40,"minZoom":1,"placementMode":"curved-line","angle":-1.567118,"insideRatio":0.998315,"baselineInsideRatio":1,"geometryHash":"69cf4d42"},"geometry":{"type":"LineString","coordinates":[[48.559195,48.013375],[50.89931,48.003864],[53.23972,48.001597],[55.580428,48.006574],[57.921432,48.018795],[60.262732,48.038261],[62.60433,48.06497],[64.946224,48.098924],[67.288414,48.140122],[69.630902,48.188564],[71.973685,48.24425],[74.316766,48.307181],[76.660143,48.377355],[79.003817,48.454774],[81.347788,48.539436],[83.692055,48.631343],[86.036619,48.730494]]}},{"type":"Feature","properties":{"countryId":"KEN","mapLabelKo":"케냐","nameEn":"Kenya","fontSizeWorldUnits":4.964697,"targetTextWidthWorld":9.432925,"letterSpacing":0.06,"priority":30,"minZoom":1,"placementMode":"curved-line","angle":-44.844639,"insideRatio":0.973788,"baselineInsideRatio":0.987654,"geometryHash":"91aeb75f"},"geometry":{"type":"LineString","coordinates":[[35.08466,3.639662],[35.447169,3.274051],[35.806333,2.905076],[36.162151,2.532737],[36.514623,2.157035],[36.863749,1.777968],[37.20953,1.395538],[37.551965,1.009744],[37.891054,0.620585],[38.226798,0.228064],[38.559196,-0.167822],[38.888249,-0.567072],[39.213955,-0.969685],[39.536316,-1.375662],[39.855332,-1.785003],[40.171002,-2.197708],[40.483326,-2.613777]]}},{"type":"Feature","properties":{"countryId":"KGZ","mapLabelKo":"키르기스스탄","nameEn":"Kyrgyzstan","fontSizeWorldUnits":1.00887,"targetTextWidthWorld":5.871621,"letterSpacing":0.06,"priority":50,"minZoom":1,"placementMode":"curved-line","angle":-0.848108,"insideRatio":0.991625,"baselineInsideRatio":1,"geometryHash":"9d542a0c"},"geometry":{"type":"LineString","coordinates":[[70.84722,41.80709],[71.307298,41.740528],[71.767592,41.685031],[72.228104,41.640598],[72.688832,41.60723],[73.149778,41.584926],[73.61094,41.573687],[74.072319,41.573513],[74.533915,41.584404],[74.995729,41.606359],[75.457759,41.639379],[75.920006,41.683464],[76.382469,41.738613],[76.84515,41.804827],[77.308048,41.882106],[77.771163,41.970449],[78.234494,42.069858]]}},{"type":"Feature","properties":{"countryId":"KHM","mapLabelKo":"캄보디아","nameEn":"Cambodia","fontSizeWorldUnits":1.280737,"targetTextWidthWorld":4.943645,"letterSpacing":0.06,"priority":40,"minZoom":1,"placementMode":"curved-line","angle":37.008853,"insideRatio":0.989862,"baselineInsideRatio":0.987654,"geometryHash":"60dfddd0"},"geometry":{"type":"LineString","coordinates":[[103.059479,11.211855],[103.248152,11.454663],[103.446373,11.685101],[103.654142,11.90317],[103.871459,12.108868],[104.098325,12.302196],[104.334738,12.483155],[104.5807,12.651744],[104.83621,12.807963],[105.101268,12.951812],[105.375874,13.083291],[105.660029,13.2024],[105.953731,13.309139],[106.256982,13.403508],[106.569781,13.485508],[106.892128,13.555138],[107.224024,13.612397]]}},{"type":"Feature","properties":{"countryId":"KOR","mapLabelKo":"대한민국","nameEn":"South Korea","fontSizeWorldUnits":0.791648,"targetTextWidthWorld":3.055761,"letterSpacing":0.06,"priority":30,"minZoom":1.38847,"placementMode":"curved-line","angle":-61.602223,"insideRatio":1,"baselineInsideRatio":1,"geometryHash":"61667b66"},"geometry":{"type":"LineString","coordinates":[[127.736067,38.050361],[127.717839,37.836254],[127.709687,37.62658],[127.711608,37.421341],[127.723605,37.220535],[127.745675,37.024163],[127.777821,36.832225],[127.820041,36.644721],[127.872335,36.46165],[127.934705,36.283014],[128.007148,36.108812],[128.089667,35.939043],[128.182259,35.773708],[128.284927,35.612808],[128.397669,35.456341],[128.520486,35.304308],[128.653377,35.156709]]}},{"type":"Feature","properties":{"countryId":"KWT","mapLabelKo":"쿠웨이트","nameEn":"Kuwait","fontSizeWorldUnits":0.374252,"targetTextWidthWorld":1.444614,"letterSpacing":0.06,"priority":70,"minZoom":2.46932,"placementMode":"curved-line","angle":-48.377506,"insideRatio":0.999716,"baselineInsideRatio":1,"geometryHash":"24817941"},"geometry":{"type":"LineString","coordinates":[[47.158573,29.922476],[47.205547,29.844186],[47.253245,29.766456],[47.301665,29.689286],[47.350809,29.612675],[47.400675,29.536624],[47.451265,29.461133],[47.502578,29.386201],[47.554613,29.311829],[47.607372,29.238016],[47.660854,29.164763],[47.715059,29.09207],[47.769986,29.019937],[47.825637,28.948363],[47.882011,28.877348],[47.939108,28.806894],[47.996928,28.736998]]}},{"type":"Feature","properties":{"countryId":"LAO","mapLabelKo":"라오스","nameEn":"Laos","fontSizeWorldUnits":0.951147,"targetTextWidthWorld":2.739304,"letterSpacing":0.06,"priority":50,"minZoom":1.54619,"placementMode":"curved-line","angle":-32.767082,"insideRatio":0.831159,"baselineInsideRatio":1,"geometryHash":"fe1d0c1d"},"geometry":{"type":"LineString","coordinates":[[102.804744,19.529214],[102.953638,19.448579],[103.100651,19.365172],[103.245785,19.278991],[103.389039,19.190038],[103.530414,19.098312],[103.669908,19.003813],[103.807523,18.906541],[103.943258,18.806497],[104.077113,18.703679],[104.209089,18.598089],[104.339185,18.489726],[104.467401,18.37859],[104.593737,18.264682],[104.718194,18.148],[104.84077,18.028546],[104.961467,17.906319]]}},{"type":"Feature","properties":{"countryId":"LBN","mapLabelKo":"레바논","nameEn":"Lebanon","fontSizeWorldUnits":0.438398,"targetTextWidthWorld":1.262585,"letterSpacing":0.06,"priority":60,"minZoom":2.66362,"placementMode":"curved-line","angle":53.911137,"insideRatio":1,"baselineInsideRatio":1,"geometryHash":"b3b5682e"},"geometry":{"type":"LineString","coordinates":[[35.524781,33.39321],[35.563037,33.462753],[35.602546,33.531539],[35.643306,33.599568],[35.685317,33.66684],[35.728581,33.733354],[35.773096,33.79911],[35.818863,33.86411],[35.865881,33.928352],[35.914152,33.991837],[35.963673,34.054564],[36.014447,34.116534],[36.066472,34.177746],[36.119749,34.238202],[36.174278,34.297899],[36.230058,34.35684],[36.28709,34.415023]]}},{"type":"Feature","properties":{"countryId":"LBR","mapLabelKo":"라이베리아","nameEn":"Liberia","fontSizeWorldUnits":0.863286,"targetTextWidthWorld":4.178303,"letterSpacing":0.06,"priority":50,"minZoom":1,"placementMode":"curved-line","angle":-48.677904,"insideRatio":1,"baselineInsideRatio":0.987654,"geometryHash":"d38d7e3"},"geometry":{"type":"LineString","coordinates":[[-10.619755,7.95783],[-10.474082,7.754988],[-10.324875,7.555232],[-10.172134,7.358563],[-10.015858,7.16498],[-9.856048,6.974484],[-9.692703,6.787075],[-9.525825,6.602752],[-9.355412,6.421516],[-9.181465,6.243367],[-9.003984,6.068304],[-8.822968,5.896328],[-8.638418,5.727438],[-8.450334,5.561636],[-8.258716,5.398919],[-8.063563,5.23929],[-7.864876,5.082747]]}},{"type":"Feature","properties":{"countryId":"LBY","mapLabelKo":"리비아","nameEn":"Libya","fontSizeWorldUnits":4.831638,"targetTextWidthWorld":13.915116,"letterSpacing":0.06,"priority":40,"minZoom":1,"placementMode":"curved-line","angle":31.10564,"insideRatio":1,"baselineInsideRatio":1,"geometryHash":"4cdcc642"},"geometry":{"type":"LineString","coordinates":[[10.301411,26.739205],[11.450316,26.506234],[12.559897,26.330396],[13.630154,26.21169],[14.661087,26.150116],[15.652695,26.145674],[16.604979,26.198365],[17.517939,26.308188],[18.391575,26.475144],[19.225887,26.699231],[20.020875,26.980451],[20.776538,27.318803],[21.492877,27.714288],[22.169892,28.166905],[22.807583,28.676654],[23.40595,29.243535],[23.964992,29.867549]]}},{"type":"Feature","properties":{"countryId":"LKA","mapLabelKo":"스리랑카","nameEn":"Sri Lanka","fontSizeWorldUnits":0.704714,"targetTextWidthWorld":2.720194,"letterSpacing":0.06,"priority":40,"minZoom":1.55629,"placementMode":"curved-line","angle":-59.440731,"insideRatio":1,"baselineInsideRatio":1,"geometryHash":"ee0e379d"},"geometry":{"type":"LineString","coordinates":[[80.395954,8.926838],[80.417754,8.752167],[80.442906,8.579454],[80.471408,8.408698],[80.503262,8.239901],[80.538466,8.073061],[80.577021,7.90818],[80.618928,7.745256],[80.664185,7.58429],[80.712794,7.425283],[80.764753,7.268233],[80.820063,7.113141],[80.878725,6.960007],[80.940737,6.808832],[81.0061,6.659614],[81.074814,6.512354],[81.14688,6.367052]]}},{"type":"Feature","properties":{"countryId":"LSO","mapLabelKo":"레소토","nameEn":"Lesotho","fontSizeWorldUnits":0.607981,"targetTextWidthWorld":1.750986,"letterSpacing":0.06,"priority":70,"minZoom":2.19183,"placementMode":"curved-line","angle":22.798679,"insideRatio":1,"baselineInsideRatio":1,"geometryHash":"4cdc67d8"},"geometry":{"type":"LineString","coordinates":[[27.454803,-30.123466],[27.543198,-30.038269],[27.633308,-29.956623],[27.725135,-29.878526],[27.818677,-29.803979],[27.913935,-29.732981],[28.010909,-29.665534],[28.109599,-29.601636],[28.210005,-29.541289],[28.312126,-29.484491],[28.415963,-29.431243],[28.521516,-29.381545],[28.628785,-29.335397],[28.737769,-29.292798],[28.848469,-29.25375],[28.960885,-29.218251],[29.075017,-29.186302]]}},{"type":"Feature","properties":{"countryId":"LTU","mapLabelKo":"리투아니아","nameEn":"Lithuania","fontSizeWorldUnits":0.561042,"targetTextWidthWorld":2.715444,"letterSpacing":0.06,"priority":60,"minZoom":1.55881,"placementMode":"curved-line","angle":-47.603079,"insideRatio":1,"baselineInsideRatio":1,"geometryHash":"623baf6d"},"geometry":{"type":"LineString","coordinates":[[21.763216,55.958253],[22.106967,55.919824],[22.43396,55.872634],[22.744195,55.816683],[23.037674,55.751971],[23.314395,55.678499],[23.574359,55.596266],[23.817566,55.505272],[24.044015,55.405517],[24.253707,55.297002],[24.446642,55.179725],[24.622819,55.053688],[24.782239,54.918891],[24.924902,54.775332],[25.050808,54.623013],[25.159956,54.461933],[25.252347,54.292092]]}},{"type":"Feature","properties":{"countryId":"LUX","mapLabelKo":"룩셈부르크","nameEn":"Luxembourg","fontSizeWorldUnits":0.111712,"targetTextWidthWorld":0.540685,"letterSpacing":0.06,"priority":70,"minZoom":3,"placementMode":"curved-line","angle":-61.997242,"insideRatio":1,"baselineInsideRatio":1,"geometryHash":"80e42df1"},"geometry":{"type":"LineString","coordinates":[[5.901481,49.998517],[5.925606,49.970466],[5.948915,49.942135],[5.971408,49.913524],[5.993085,49.884633],[6.013947,49.855462],[6.033992,49.826011],[6.053221,49.79628],[6.071635,49.766269],[6.089233,49.735978],[6.106015,49.705406],[6.12198,49.674555],[6.13713,49.643424],[6.151465,49.612013],[6.164983,49.580322],[6.177685,49.548351],[6.189572,49.516101]]}},{"type":"Feature","properties":{"countryId":"LVA","mapLabelKo":"라트비아","nameEn":"Latvia","fontSizeWorldUnits":0.890362,"targetTextWidthWorld":3.436799,"letterSpacing":0.06,"priority":60,"minZoom":1.21893,"placementMode":"curved-line","angle":12.569214,"insideRatio":0.983776,"baselineInsideRatio":1,"geometryHash":"c3704cc0"},"geometry":{"type":"LineString","coordinates":[[22.032909,56.994532],[22.403026,56.950098],[22.770581,56.911941],[23.135573,56.88006],[23.498002,56.854456],[23.857869,56.835127],[24.215172,56.822075],[24.569913,56.815299],[24.922091,56.8148],[25.271706,56.820576],[25.618758,56.832629],[25.963248,56.850958],[26.305174,56.875563],[26.644538,56.906445],[26.981339,56.943603],[27.315577,56.987037],[27.647252,57.036747]]}},{"type":"Feature","properties":{"countryId":"MAR","mapLabelKo":"모로코","nameEn":"Morocco","fontSizeWorldUnits":2.692297,"targetTextWidthWorld":7.753815,"letterSpacing":0.06,"priority":40,"minZoom":1,"placementMode":"curved-line","angle":41.992276,"insideRatio":0.929733,"baselineInsideRatio":1,"geometryHash":"7fc69c05"},"geometry":{"type":"LineString","coordinates":[[-11.360188,27.204873],[-11.029441,27.572799],[-10.693766,27.935961],[-10.353161,28.294359],[-10.007626,28.647993],[-9.657163,28.996863],[-9.30177,29.34097],[-8.941447,29.680313],[-8.576195,30.014891],[-8.206014,30.344706],[-7.830904,30.669757],[-7.450864,30.990045],[-7.065895,31.305568],[-6.675997,31.616328],[-6.281169,31.922323],[-5.881412,32.223555],[-5.476726,32.520023]]}},{"type":"Feature","properties":{"countryId":"MDA","mapLabelKo":"몰도바","nameEn":"Moldova","fontSizeWorldUnits":0.83389,"targetTextWidthWorld":2.401602,"letterSpacing":0.06,"priority":70,"minZoom":1.736,"placementMode":"curved-line","angle":-46.68241,"insideRatio":0.980649,"baselineInsideRatio":1,"geometryHash":"f809f854"},"geometry":{"type":"LineString","coordinates":[[27.675327,48.132726],[27.78211,48.021054],[27.890408,47.910353],[28.000221,47.800624],[28.111549,47.691867],[28.224391,47.584081],[28.338749,47.477267],[28.454621,47.371425],[28.572009,47.266554],[28.690911,47.162655],[28.811328,47.059728],[28.93326,46.957772],[29.056707,46.856788],[29.181669,46.756775],[29.308146,46.657735],[29.436137,46.559665],[29.565644,46.462568]]}},{"type":"Feature","properties":{"countryId":"MDG","mapLabelKo":"마다가스카르","nameEn":"Madagascar","fontSizeWorldUnits":2.030229,"targetTextWidthWorld":11.815931,"letterSpacing":0.06,"priority":40,"minZoom":1,"placementMode":"curved-line","angle":58.46533,"insideRatio":1,"baselineInsideRatio":1,"geometryHash":"2d5e7227"},"geometry":{"type":"LineString","coordinates":[[44.899727,-24.895977],[45.053767,-24.164125],[45.223565,-23.441541],[45.409119,-22.728223],[45.61043,-22.024174],[45.827498,-21.329391],[46.060323,-20.643876],[46.308906,-19.967629],[46.573245,-19.300649],[46.853341,-18.642936],[47.149194,-17.994491],[47.460804,-17.355313],[47.788171,-16.725403],[48.131295,-16.10476],[48.490177,-15.493384],[48.864815,-14.891276],[49.25521,-14.298435]]}},{"type":"Feature","properties":{"countryId":"MEX","mapLabelKo":"멕시코","nameEn":"Mexico","fontSizeWorldUnits":7.661479,"targetTextWidthWorld":22.065059,"letterSpacing":0.06,"priority":30,"minZoom":1,"placementMode":"curved-line","angle":-45.596672,"insideRatio":0.933246,"baselineInsideRatio":1,"geometryHash":"841d038f"},"geometry":{"type":"LineString","coordinates":[[-110.65795,30.887001],[-109.60182,30.052216],[-108.556214,29.208059],[-107.521132,28.354529],[-106.496574,27.491626],[-105.482539,26.619351],[-104.479029,25.737703],[-103.486043,24.846682],[-102.503581,23.946289],[-101.531642,23.036522],[-100.570228,22.117383],[-99.619338,21.188871],[-98.678972,20.250987],[-97.749129,19.30373],[-96.829811,18.3471],[-95.921017,17.381097],[-95.022746,16.405721]]}},{"type":"Feature","properties":{"countryId":"MKD","mapLabelKo":"북마케도니아","nameEn":"North Macedonia","fontSizeWorldUnits":0.281296,"targetTextWidthWorld":1.637141,"letterSpacing":0.06,"priority":70,"minZoom":2.28882,"placementMode":"curved-line","angle":7.211201,"insideRatio":1,"baselineInsideRatio":1,"geometryHash":"a8e49c58"},"geometry":{"type":"LineString","coordinates":[[20.676585,41.365896],[20.800235,41.408651],[20.924345,41.448684],[21.048915,41.485993],[21.173946,41.52058],[21.299438,41.552445],[21.425391,41.581586],[21.551803,41.608005],[21.678677,41.631701],[21.806011,41.652674],[21.933805,41.670925],[22.062061,41.686453],[22.190776,41.699258],[22.319952,41.70934],[22.449589,41.7167],[22.579687,41.721337],[22.710245,41.723251]]}},{"type":"Feature","properties":{"countryId":"MLI","mapLabelKo":"말리","nameEn":"Mali","fontSizeWorldUnits":4.478602,"targetTextWidthWorld":8.509344,"letterSpacing":0.06,"priority":40,"minZoom":1,"placementMode":"curved-line","angle":40.070665,"insideRatio":0.908818,"baselineInsideRatio":1,"geometryHash":"13ce33de"},"geometry":{"type":"LineString","coordinates":[[-5.545991,13.466244],[-5.340495,14.002949],[-5.124859,14.527972],[-4.899084,15.041314],[-4.663169,15.542975],[-4.417114,16.032954],[-4.160921,16.511252],[-3.894587,16.977868],[-3.618114,17.432803],[-3.331502,17.876056],[-3.03475,18.307628],[-2.727859,18.727518],[-2.410828,19.135727],[-2.083657,19.532255],[-1.746347,19.917101],[-1.398898,20.290265],[-1.041309,20.651748]]}},{"type":"Feature","properties":{"countryId":"MMR","mapLabelKo":"미얀마","nameEn":"Myanmar","fontSizeWorldUnits":4.370936,"targetTextWidthWorld":12.588295,"letterSpacing":0.06,"priority":40,"minZoom":1,"placementMode":"curved-line","angle":77.270349,"insideRatio":0.914628,"baselineInsideRatio":1,"geometryHash":"c1139802"},"geometry":{"type":"LineString","coordinates":[[95.344931,15.825286],[95.449786,16.507086],[95.554153,17.188992],[95.658034,17.871001],[95.761429,18.553116],[95.864336,19.235336],[95.966757,19.91766],[96.06869,20.600089],[96.170138,21.282623],[96.271098,21.965262],[96.371571,22.648006],[96.471558,23.330855],[96.571058,24.013808],[96.670072,24.696866],[96.768598,25.380029],[96.866638,26.063297],[96.964191,26.74667]]}},{"type":"Feature","properties":{"countryId":"MNE","mapLabelKo":"몬테네그로","nameEn":"Montenegro","fontSizeWorldUnits":0.234431,"targetTextWidthWorld":1.134647,"letterSpacing":0.06,"priority":70,"minZoom":2.81776,"placementMode":"curved-line","angle":4,"insideRatio":1,"baselineInsideRatio":1,"geometryHash":"e7665dc5"},"geometry":{"type":"LineString","coordinates":[[18.50524,42.784338],[18.596798,42.786659],[18.688332,42.789225],[18.779843,42.792036],[18.871331,42.795092],[18.962795,42.798393],[19.054237,42.801938],[19.145655,42.805729],[19.237049,42.809764],[19.328421,42.814044],[19.419769,42.818569],[19.511094,42.823338],[19.602395,42.828353],[19.693674,42.833612],[19.784929,42.839116],[19.87616,42.844865],[19.967369,42.850859]]}},{"type":"Feature","properties":{"countryId":"MNG","mapLabelKo":"몽골","nameEn":"Mongolia","fontSizeWorldUnits":9.24752,"targetTextWidthWorld":17.570288,"letterSpacing":0.06,"priority":40,"minZoom":1,"placementMode":"curved-line","angle":9.642607,"insideRatio":0.923033,"baselineInsideRatio":0.987654,"geometryHash":"b264dc8"},"geometry":{"type":"LineString","coordinates":[[90.806036,46.377523],[92.359324,46.346634],[93.909407,46.328379],[95.456285,46.322759],[96.999958,46.329772],[98.540425,46.34942],[100.077687,46.381702],[101.611744,46.426618],[103.142595,46.484169],[104.670241,46.554354],[106.194682,46.637173],[107.715917,46.732626],[109.233948,46.840713],[110.748773,46.961435],[112.260392,47.094791],[113.768807,47.240781],[115.274016,47.399405]]}},{"type":"Feature","properties":{"countryId":"MOZ","mapLabelKo":"모잠비크","nameEn":"Mozambique","fontSizeWorldUnits":3.789678,"targetTextWidthWorld":14.628157,"letterSpacing":0.06,"priority":40,"minZoom":1,"placementMode":"curved-line","angle":72.783041,"insideRatio":0.818544,"baselineInsideRatio":1,"geometryHash":"5d88c1ef"},"geometry":{"type":"LineString","coordinates":[[33.259271,-23.86195],[33.450417,-23.009955],[33.6709,-22.166637],[33.920718,-21.331998],[34.199871,-20.506038],[34.50836,-19.688756],[34.846185,-18.880153],[35.213346,-18.080228],[35.609842,-17.288982],[36.035674,-16.506414],[36.490842,-15.732525],[36.975345,-14.967314],[37.489184,-14.210782],[38.032359,-13.462928],[38.604869,-12.723753],[39.206715,-11.993256],[39.837897,-11.271438]]}},{"type":"Feature","properties":{"countryId":"MRT","mapLabelKo":"모리타니","nameEn":"Mauritania","fontSizeWorldUnits":2.681439,"targetTextWidthWorld":10.350356,"letterSpacing":0.06,"priority":40,"minZoom":1,"placementMode":"curved-line","angle":-47.745675,"insideRatio":0.9753,"baselineInsideRatio":1,"geometryHash":"de179e28"},"geometry":{"type":"LineString","coordinates":[[-11.693437,25.690832],[-11.686533,24.871852],[-11.640988,24.086213],[-11.556805,23.333915],[-11.433982,22.614958],[-11.27252,21.929342],[-11.072418,21.277067],[-10.833677,20.658133],[-10.556296,20.072541],[-10.240277,19.520289],[-9.885617,19.001378],[-9.492319,18.515809],[-9.060381,18.06358],[-8.589804,17.644693],[-8.080587,17.259146],[-7.532731,16.906941],[-6.946235,16.588077]]}},{"type":"Feature","properties":{"countryId":"MUS","mapLabelKo":"모리셔스","nameEn":"Mauritius","fontSizeWorldUnits":0.112051,"targetTextWidthWorld":0.432518,"letterSpacing":0.06,"priority":60,"minZoom":3,"placementMode":"curved-line","angle":45.862094,"insideRatio":1,"baselineInsideRatio":1,"geometryHash":"8e9e7666"},"geometry":{"type":"LineString","coordinates":[[57.43426,-20.439956],[57.455957,-20.424095],[57.476771,-20.407425],[57.496702,-20.389946],[57.51575,-20.371657],[57.533916,-20.352558],[57.551198,-20.332649],[57.567597,-20.311931],[57.583113,-20.290404],[57.597746,-20.268066],[57.611496,-20.244919],[57.624363,-20.220963],[57.636347,-20.196197],[57.647448,-20.170621],[57.657666,-20.144235],[57.667001,-20.11704],[57.675453,-20.089036]]}},{"type":"Feature","properties":{"countryId":"MWI","mapLabelKo":"말라위","nameEn":"Malawi","fontSizeWorldUnits":1.704687,"targetTextWidthWorld":4.909499,"letterSpacing":0.06,"priority":70,"minZoom":1,"placementMode":"curved-line","angle":-63.601612,"insideRatio":0.831651,"baselineInsideRatio":1,"geometryHash":"a04f7bea"},"geometry":{"type":"LineString","coordinates":[[34.025451,-10.746755],[33.947854,-11.10947],[33.891575,-11.461871],[33.856614,-11.803957],[33.84297,-12.135727],[33.850644,-12.457183],[33.879635,-12.768324],[33.929945,-13.06915],[34.001572,-13.359662],[34.094516,-13.639858],[34.208779,-13.909739],[34.344359,-14.169306],[34.501257,-14.418557],[34.679472,-14.657494],[34.879005,-14.886115],[35.099856,-15.104422],[35.342025,-15.312414]]}},{"type":"Feature","properties":{"countryId":"MYS","mapLabelKo":"말레이시아","nameEn":"Malaysia","fontSizeWorldUnits":1.651509,"targetTextWidthWorld":7.993303,"letterSpacing":0.06,"priority":40,"minZoom":1,"placementMode":"curved-line","angle":35.648659,"insideRatio":0.912278,"baselineInsideRatio":1,"geometryHash":"8a809172"},"geometry":{"type":"LineString","coordinates":[[111.622421,1.413992],[112.005967,1.694278],[112.390584,1.973076],[112.776271,2.250385],[113.163028,2.526206],[113.550856,2.800538],[113.939755,3.073381],[114.329723,3.344736],[114.720763,3.614603],[115.112872,3.882981],[115.506052,4.14987],[115.900303,4.415271],[116.295623,4.679183],[116.692015,4.941606],[117.089476,5.202541],[117.488008,5.461988],[117.887611,5.719946]]}},{"type":"Feature","properties":{"countryId":"NAM","mapLabelKo":"나미비아","nameEn":"Namibia","fontSizeWorldUnits":2.367749,"targetTextWidthWorld":9.139512,"letterSpacing":0.06,"priority":40,"minZoom":1,"placementMode":"curved-line","angle":47.91832,"insideRatio":0.994841,"baselineInsideRatio":1,"geometryHash":"7354f460"},"geometry":{"type":"LineString","coordinates":[[17.361215,-28.098689],[17.035906,-27.09535],[16.775852,-26.146728],[16.581052,-25.252824],[16.451506,-24.413638],[16.387214,-23.62917],[16.388176,-22.89942],[16.454392,-22.224387],[16.585863,-21.604073],[16.782587,-21.038476],[17.044565,-20.527597],[17.371798,-20.071436],[17.764284,-19.669993],[18.222025,-19.323268],[18.745019,-19.03126],[19.333268,-18.793971],[19.986771,-18.611399]]}},{"type":"Feature","properties":{"countryId":"NCL","mapLabelKo":"누벨칼레도니","nameEn":"New Caledonia","fontSizeWorldUnits":0.454963,"targetTextWidthWorld":2.647887,"letterSpacing":0.06,"priority":40,"minZoom":1.59516,"placementMode":"curved-line","angle":-38.480627,"insideRatio":0.985386,"baselineInsideRatio":1,"geometryHash":"c8dbfad1"},"geometry":{"type":"LineString","coordinates":[[164.454002,-20.516869],[164.575666,-20.626765],[164.698747,-20.735],[164.823245,-20.841575],[164.949161,-20.946489],[165.076493,-21.049743],[165.205242,-21.151336],[165.335408,-21.25127],[165.466992,-21.349542],[165.599992,-21.446155],[165.73441,-21.541106],[165.870244,-21.634398],[166.007496,-21.726029],[166.146165,-21.816],[166.28625,-21.90431],[166.427753,-21.99096],[166.570673,-22.075949]]}},{"type":"Feature","properties":{"countryId":"NER","mapLabelKo":"니제르","nameEn":"Niger","fontSizeWorldUnits":5.703831,"targetTextWidthWorld":16.427032,"letterSpacing":0.06,"priority":40,"minZoom":1,"placementMode":"curved-line","angle":28.271647,"insideRatio":0.965502,"baselineInsideRatio":1,"geometryHash":"59c30446"},"geometry":{"type":"LineString","coordinates":[[2.731213,14.36115],[3.646197,14.594493],[4.542342,14.861578],[5.419649,15.162402],[6.278116,15.496967],[7.117744,15.865273],[7.938534,16.267319],[8.740484,16.703105],[9.523595,17.172632],[10.287867,17.675899],[11.0333,18.212907],[11.759894,18.783655],[12.467649,19.388144],[13.156565,20.026373],[13.826642,20.698342],[14.47788,21.404052],[15.110279,22.143502]]}},{"type":"Feature","properties":{"countryId":"NGA","mapLabelKo":"나이지리아","nameEn":"Nigeria","fontSizeWorldUnits":2.698246,"targetTextWidthWorld":13.059509,"letterSpacing":0.06,"priority":30,"minZoom":1,"placementMode":"curved-line","angle":29.37669,"insideRatio":1,"baselineInsideRatio":0.987654,"geometryHash":"f1088098"},"geometry":{"type":"LineString","coordinates":[[2.70091,6.454499],[3.35073,6.889603],[4.006304,7.314576],[4.667631,7.729416],[5.334713,8.134124],[6.007549,8.528699],[6.686138,8.913142],[7.370482,9.287453],[8.060579,9.651632],[8.75643,10.005678],[9.458036,10.349592],[10.165395,10.683374],[10.878508,11.007023],[11.597375,11.32054],[12.321996,11.623925],[13.052371,11.917177],[13.7885,12.200297]]}},{"type":"Feature","properties":{"countryId":"NIC","mapLabelKo":"니카라과","nameEn":"Nicaragua","fontSizeWorldUnits":0.955491,"targetTextWidthWorld":3.688194,"letterSpacing":0.06,"priority":60,"minZoom":1.11709,"placementMode":"curved-line","angle":0,"insideRatio":0.99824,"baselineInsideRatio":1,"geometryHash":"5d200c27"},"geometry":{"type":"LineString","coordinates":[[-86.831571,12.919701],[-86.606878,12.788625],[-86.382185,12.685928],[-86.157492,12.61161],[-85.932799,12.565671],[-85.708107,12.548111],[-85.483414,12.55893],[-85.258721,12.598128],[-85.034028,12.665704],[-84.809335,12.76166],[-84.584643,12.885995],[-84.35995,13.038709],[-84.135257,13.219802],[-83.910564,13.429274],[-83.685871,13.667125],[-83.461178,13.933355],[-83.236486,14.227964]]}},{"type":"Feature","properties":{"countryId":"NLD","mapLabelKo":"네덜란드","nameEn":"Netherlands","fontSizeWorldUnits":0.601577,"targetTextWidthWorld":2.322089,"letterSpacing":0.06,"priority":60,"minZoom":1.78458,"placementMode":"curved-line","angle":44.440694,"insideRatio":1,"baselineInsideRatio":1,"geometryHash":"42ebbe7c"},"geometry":{"type":"LineString","coordinates":[[4.41232,51.526923],[4.580814,51.61125],[4.745316,51.69824],[4.905824,51.787895],[5.06234,51.880214],[5.214862,51.975198],[5.363392,52.072845],[5.507929,52.173157],[5.648473,52.276134],[5.785024,52.381774],[5.917581,52.490079],[6.046146,52.601048],[6.170718,52.714681],[6.291298,52.830978],[6.407884,52.94994],[6.520477,53.071566],[6.629077,53.195856]]}},{"type":"Feature","properties":{"countryId":"NOR","mapLabelKo":"노르웨이","nameEn":"Norway","fontSizeWorldUnits":1.560609,"targetTextWidthWorld":6.023952,"letterSpacing":0.06,"priority":40,"minZoom":1,"placementMode":"curved-line","angle":67.140637,"insideRatio":0.929874,"baselineInsideRatio":1,"geometryHash":"5f676f9a"},"geometry":{"type":"LineString","coordinates":[[6.955878,58.267583],[7.181812,58.495722],[7.397389,58.725493],[7.602607,58.956896],[7.797467,59.18993],[7.981968,59.424596],[8.156111,59.660894],[8.319896,59.898824],[8.473322,60.138385],[8.616391,60.379578],[8.7491,60.622402],[8.871452,60.866859],[8.983445,61.112947],[9.08508,61.360667],[9.176357,61.610018],[9.257275,61.861002],[9.327835,62.113617]]}},{"type":"Feature","properties":{"countryId":"NPL","mapLabelKo":"네팔","nameEn":"Nepal","fontSizeWorldUnits":1.966502,"targetTextWidthWorld":3.736355,"letterSpacing":0.06,"priority":40,"minZoom":1.09837,"placementMode":"curved-line","angle":-3.86118,"insideRatio":0.904267,"baselineInsideRatio":1,"geometryHash":"6d6f6a8c"},"geometry":{"type":"LineString","coordinates":[[81.957514,29.0314],[82.202503,28.935097],[82.447396,28.837549],[82.692193,28.738755],[82.936895,28.638715],[83.181502,28.53743],[83.426013,28.434899],[83.670429,28.331123],[83.914749,28.226101],[84.158974,28.119833],[84.403103,28.01232],[84.647136,27.903561],[84.891075,27.793557],[85.134917,27.682307],[85.378664,27.569812],[85.622316,27.456071],[85.865872,27.341084]]}},{"type":"Feature","properties":{"countryId":"NZL","mapLabelKo":"뉴질랜드","nameEn":"New Zealand","fontSizeWorldUnits":1.566159,"targetTextWidthWorld":6.045372,"letterSpacing":0.06,"priority":30,"minZoom":1,"placementMode":"curved-line","angle":40.957446,"insideRatio":0.998887,"baselineInsideRatio":1,"geometryHash":"2997538e"},"geometry":{"type":"LineString","coordinates":[[167.812549,-46.001608],[168.195156,-45.787773],[168.569579,-45.56681],[168.935819,-45.338717],[169.293875,-45.103495],[169.643746,-44.861143],[169.985434,-44.611663],[170.318939,-44.355053],[170.644259,-44.091313],[170.961395,-43.820445],[171.270348,-43.542447],[171.571116,-43.257319],[171.863701,-42.965063],[172.148102,-42.665677],[172.424319,-42.359162],[172.692352,-42.045518],[172.952202,-41.724744]]}},{"type":"Feature","properties":{"countryId":"OMN","mapLabelKo":"오만","nameEn":"Oman","fontSizeWorldUnits":2.825164,"targetTextWidthWorld":5.367812,"letterSpacing":0.06,"priority":50,"minZoom":1,"placementMode":"curved-line","angle":54.13992,"insideRatio":0.926853,"baselineInsideRatio":1,"geometryHash":"5a37cafa"},"geometry":{"type":"LineString","coordinates":[[54.425013,18.543206],[54.750868,18.717612],[55.05707,18.905198],[55.343619,19.105965],[55.610514,19.319911],[55.857755,19.547037],[56.085344,19.787343],[56.293279,20.040829],[56.48156,20.307495],[56.650188,20.587341],[56.799163,20.880367],[56.928485,21.186573],[57.038153,21.505959],[57.128168,21.838525],[57.198529,22.184271],[57.249237,22.543197],[57.280292,22.915303]]}},{"type":"Feature","properties":{"countryId":"PAK","mapLabelKo":"파키스탄","nameEn":"Pakistan","fontSizeWorldUnits":3.831526,"targetTextWidthWorld":14.789691,"letterSpacing":0.06,"priority":30,"minZoom":1,"placementMode":"curved-line","angle":51.423471,"insideRatio":0.995,"baselineInsideRatio":1,"geometryHash":"44888e2b"},"geometry":{"type":"LineString","coordinates":[[62.571032,25.673622],[63.618255,26.068276],[64.619882,26.494614],[65.575914,26.952634],[66.48635,27.442337],[67.351191,27.963723],[68.170437,28.516791],[68.944087,29.101543],[69.672142,29.717977],[70.354602,30.366093],[70.991466,31.045893],[71.582735,31.757375],[72.128409,32.50054],[72.628487,33.275388],[73.08297,34.081919],[73.491858,34.920132],[73.85515,35.790028]]}},{"type":"Feature","properties":{"countryId":"PAN","mapLabelKo":"파나마","nameEn":"Panama","fontSizeWorldUnits":0.92513,"targetTextWidthWorld":2.664375,"letterSpacing":0.06,"priority":50,"minZoom":1.5862,"placementMode":"curved-line","angle":-5.570466,"insideRatio":0.563541,"baselineInsideRatio":1,"geometryHash":"6e145746"},"geometry":{"type":"LineString","coordinates":[[-81.436158,8.068132],[-81.265254,8.172985],[-81.094702,8.274262],[-80.924503,8.371962],[-80.754656,8.466086],[-80.585163,8.556633],[-80.416021,8.643604],[-80.247233,8.726999],[-80.078797,8.806817],[-79.910713,8.883059],[-79.742983,8.955725],[-79.575605,9.024814],[-79.408579,9.090327],[-79.241907,9.152264],[-79.075587,9.210624],[-78.909619,9.265408],[-78.744004,9.316615]]}},{"type":"Feature","properties":{"countryId":"PER","mapLabelKo":"페루","nameEn":"Peru","fontSizeWorldUnits":5.110596,"targetTextWidthWorld":9.710133,"letterSpacing":0.06,"priority":30,"minZoom":1,"placementMode":"curved-line","angle":-54.341579,"insideRatio":0.921074,"baselineInsideRatio":1,"geometryHash":"ffeb72f3"},"geometry":{"type":"LineString","coordinates":[[-75.592232,-4.345246],[-75.677863,-5.115101],[-75.724147,-5.856991],[-75.731081,-6.570916],[-75.698667,-7.256877],[-75.626904,-7.914873],[-75.515792,-8.544904],[-75.365331,-9.146971],[-75.175522,-9.721073],[-74.946364,-10.26721],[-74.677858,-10.785383],[-74.370002,-11.27559],[-74.022798,-11.737834],[-73.636246,-12.172112],[-73.210344,-12.578426],[-72.745094,-12.956775],[-72.240496,-13.30716]]}},{"type":"Feature","properties":{"countryId":"PHL","mapLabelKo":"필리핀","nameEn":"Philippines","fontSizeWorldUnits":0.887169,"targetTextWidthWorld":2.555047,"letterSpacing":0.06,"priority":30,"minZoom":1.64665,"placementMode":"curved-line","angle":-68.380006,"insideRatio":0.695521,"baselineInsideRatio":1,"geometryHash":"4894874b"},"geometry":{"type":"LineString","coordinates":[[121.468258,17.277447],[121.37181,17.076922],[121.286112,16.880574],[121.211165,16.688402],[121.146967,16.500407],[121.09352,16.316589],[121.050823,16.136948],[121.018877,15.961484],[120.99768,15.790196],[120.987234,15.623085],[120.987538,15.460151],[120.998592,15.301394],[121.020397,15.146813],[121.052952,14.99641],[121.096257,14.850183],[121.150312,14.708132],[121.215117,14.570259]]}},{"type":"Feature","properties":{"countryId":"PNG","mapLabelKo":"파푸아뉴기니","nameEn":"Papua New Guinea","fontSizeWorldUnits":1.831466,"targetTextWidthWorld":10.65913,"letterSpacing":0.06,"priority":30,"minZoom":1,"placementMode":"curved-line","angle":-31.202252,"insideRatio":0.958913,"baselineInsideRatio":1,"geometryHash":"e3f8d766"},"geometry":{"type":"LineString","coordinates":[[141.002368,-3.737631],[141.386227,-4.13353],[141.777792,-4.51679],[142.177064,-4.887414],[142.584043,-5.245399],[142.998729,-5.590748],[143.421122,-5.923458],[143.851221,-6.243532],[144.289028,-6.550967],[144.734541,-6.845766],[145.187762,-7.127926],[145.648689,-7.397449],[146.117323,-7.654335],[146.593664,-7.898583],[147.077712,-8.130194],[147.569467,-8.349167],[148.068928,-8.555502]]}},{"type":"Feature","properties":{"countryId":"POL","mapLabelKo":"폴란드","nameEn":"Poland","fontSizeWorldUnits":2.300185,"targetTextWidthWorld":6.624533,"letterSpacing":0.06,"priority":40,"minZoom":1,"placementMode":"curved-line","angle":-31.290714,"insideRatio":1,"baselineInsideRatio":1,"geometryHash":"24b47d40"},"geometry":{"type":"LineString","coordinates":[[14.776635,53.452303],[15.399495,53.333117],[16.01237,53.20371],[16.615258,53.064081],[17.208159,52.914231],[17.791074,52.754161],[18.364003,52.583868],[18.926945,52.403355],[19.4799,52.212621],[20.022869,52.011665],[20.555852,51.800488],[21.078848,51.57909],[21.591858,51.347471],[22.094881,51.105631],[22.587918,50.853569],[23.070968,50.591286],[23.544032,50.318782]]}},{"type":"Feature","properties":{"countryId":"PRI","mapLabelKo":"푸에르토리코","nameEn":"Puerto Rico","fontSizeWorldUnits":0.210263,"targetTextWidthWorld":1.223732,"letterSpacing":0.06,"priority":60,"minZoom":2.70871,"placementMode":"curved-line","angle":6.50039,"insideRatio":1,"baselineInsideRatio":1,"geometryHash":"9f04a096"},"geometry":{"type":"LineString","coordinates":[[-67.099063,18.251226],[-67.021543,18.246126],[-66.944076,18.241464],[-66.866661,18.237238],[-66.789299,18.233449],[-66.711989,18.230097],[-66.634731,18.227181],[-66.557526,18.224703],[-66.480373,18.222661],[-66.403273,18.221057],[-66.326225,18.219889],[-66.249229,18.219158],[-66.172286,18.218864],[-66.095395,18.219007],[-66.018557,18.219586],[-65.941771,18.220603],[-65.865037,18.222056]]}},{"type":"Feature","properties":{"countryId":"PRK","mapLabelKo":"북한","nameEn":"North Korea","fontSizeWorldUnits":1.799256,"targetTextWidthWorld":3.418587,"letterSpacing":0.06,"priority":40,"minZoom":1.2266,"placementMode":"curved-line","angle":53.603858,"insideRatio":0.975205,"baselineInsideRatio":1,"geometryHash":"62b245"},"geometry":{"type":"LineString","coordinates":[[126.224586,38.680836],[126.221424,38.934583],[126.241304,39.175313],[126.284228,39.403024],[126.350194,39.617717],[126.439203,39.819393],[126.551255,40.00805],[126.68635,40.18369],[126.844487,40.346312],[127.025668,40.495916],[127.229891,40.632502],[127.457156,40.75607],[127.707465,40.86662],[127.980816,40.964153],[128.277211,41.048667],[128.596648,41.120164],[128.939127,41.178642]]}},{"type":"Feature","properties":{"countryId":"PRT","mapLabelKo":"포르투갈","nameEn":"Portugal","fontSizeWorldUnits":1.024011,"targetTextWidthWorld":3.952684,"letterSpacing":0.06,"priority":30,"minZoom":1.01717,"placementMode":"curved-line","angle":68.582728,"insideRatio":0.993505,"baselineInsideRatio":1,"geometryHash":"760206d7"},"geometry":{"type":"LineString","coordinates":[[-8.165072,37.72248],[-8.171958,37.976475],[-8.173341,38.228789],[-8.169222,38.479423],[-8.159599,38.728375],[-8.144473,38.975647],[-8.123845,39.221238],[-8.097713,39.465148],[-8.066079,39.707377],[-8.028941,39.947926],[-7.986301,40.186793],[-7.938157,40.42398],[-7.884511,40.659486],[-7.825362,40.893311],[-7.760709,41.125455],[-7.690554,41.355919],[-7.614896,41.584701]]}},{"type":"Feature","properties":{"countryId":"PRY","mapLabelKo":"파라과이","nameEn":"Paraguay","fontSizeWorldUnits":2.368356,"targetTextWidthWorld":9.141853,"letterSpacing":0.06,"priority":50,"minZoom":1,"placementMode":"curved-line","angle":-50.325986,"insideRatio":0.999136,"baselineInsideRatio":1,"geometryHash":"fcff5da6"},"geometry":{"type":"LineString","coordinates":[[-61.689235,-20.085816],[-61.238269,-20.448457],[-60.795197,-20.817085],[-60.360019,-21.1917],[-59.932736,-21.572302],[-59.513347,-21.95889],[-59.101852,-22.351466],[-58.698251,-22.750028],[-58.302545,-23.154576],[-57.914733,-23.565112],[-57.534816,-23.981634],[-57.162793,-24.404143],[-56.798664,-24.832639],[-56.442429,-25.267121],[-56.094089,-25.70759],[-55.753643,-26.154046],[-55.421092,-26.606489]]}},{"type":"Feature","properties":{"countryId":"PSX","mapLabelKo":"팔레스타인","nameEn":"Palestine","fontSizeWorldUnits":0.108696,"targetTextWidthWorld":0.526089,"letterSpacing":0.06,"priority":60,"minZoom":3,"placementMode":"curved-line","angle":57.742603,"insideRatio":0.889791,"baselineInsideRatio":1,"geometryHash":"da0d631c"},"geometry":{"type":"LineString","coordinates":[[34.991832,31.839132],[35.035417,31.84678],[35.075365,31.856377],[35.111676,31.867923],[35.144351,31.881417],[35.173389,31.89686],[35.19879,31.914251],[35.220555,31.933592],[35.238682,31.95488],[35.253174,31.978117],[35.264028,32.003303],[35.271246,32.030438],[35.274827,32.059521],[35.274772,32.090553],[35.271079,32.123533],[35.263751,32.158462],[35.252785,32.19534]]}},{"type":"Feature","properties":{"countryId":"QAT","mapLabelKo":"카타르","nameEn":"Qatar","fontSizeWorldUnits":0.406235,"targetTextWidthWorld":1.169958,"letterSpacing":0.06,"priority":60,"minZoom":2.77354,"placementMode":"curved-line","angle":68.446528,"insideRatio":1,"baselineInsideRatio":1,"geometryHash":"f383ecac"},"geometry":{"type":"LineString","coordinates":[[51.128354,24.736439],[51.134225,24.808973],[51.140557,24.881342],[51.14735,24.953547],[51.154604,25.025588],[51.162319,25.097464],[51.170495,25.169175],[51.179131,25.240723],[51.188229,25.312106],[51.197788,25.383324],[51.207807,25.454378],[51.218288,25.525268],[51.229229,25.595993],[51.240632,25.666554],[51.252495,25.736951],[51.26482,25.807183],[51.277605,25.877251]]}},{"type":"Feature","properties":{"countryId":"ROU","mapLabelKo":"루마니아","nameEn":"Romania","fontSizeWorldUnits":1.484381,"targetTextWidthWorld":5.729712,"letterSpacing":0.06,"priority":40,"minZoom":1,"placementMode":"curved-line","angle":-14.41146,"insideRatio":1,"baselineInsideRatio":1,"geometryHash":"a5b7d688"},"geometry":{"type":"LineString","coordinates":[[20.968833,45.937216],[21.506134,46.026476],[22.03502,46.092946],[22.555491,46.136629],[23.067547,46.157522],[23.571188,46.155627],[24.066414,46.130943],[24.553225,46.083471],[25.03162,46.01321],[25.501601,45.92016],[25.963166,45.804322],[26.416317,45.665695],[26.861052,45.50428],[27.297372,45.320076],[27.725277,45.113083],[28.144767,44.883302],[28.555842,44.630732]]}},{"type":"Feature","properties":{"countryId":"RUS","mapLabelKo":"러시아","nameEn":"Russia","fontSizeWorldUnits":24.934018,"targetTextWidthWorld":71.809972,"letterSpacing":0.06,"priority":1,"minZoom":1,"placementMode":"curved-line","angle":2.462657,"insideRatio":0.912269,"baselineInsideRatio":1,"geometryHash":"604bb490"},"geometry":{"type":"LineString","coordinates":[[32.689633,59.780503],[40.982664,60.064137],[49.27502,60.354722],[57.566701,60.652256],[65.857707,60.956741],[74.148039,61.268177],[82.437696,61.586562],[90.726679,61.911898],[99.014986,62.244183],[107.302619,62.583419],[115.589577,62.929606],[123.875861,63.282742],[132.16147,63.642829],[140.446404,64.009866],[148.730663,64.383853],[157.014248,64.76479],[165.297157,65.152678]]}},{"type":"Feature","properties":{"countryId":"RWA","mapLabelKo":"르완다","nameEn":"Rwanda","fontSizeWorldUnits":0.653896,"targetTextWidthWorld":1.88322,"letterSpacing":0.06,"priority":40,"minZoom":2.0868,"placementMode":"curved-line","angle":35.027811,"insideRatio":1,"baselineInsideRatio":1,"geometryHash":"50154f90"},"geometry":{"type":"LineString","coordinates":[[29.158261,-2.465851],[29.250266,-2.402383],[29.342666,-2.33948],[29.435463,-2.277142],[29.528656,-2.215369],[29.622245,-2.154161],[29.716231,-2.093518],[29.810613,-2.03344],[29.905391,-1.973927],[30.000565,-1.914979],[30.096136,-1.856596],[30.192103,-1.798778],[30.288466,-1.741526],[30.385226,-1.684838],[30.482382,-1.628715],[30.579934,-1.573158],[30.677883,-1.518165]]}},{"type":"Feature","properties":{"countryId":"SAU","mapLabelKo":"사우디아라비아","nameEn":"Saudi Arabia","fontSizeWorldUnits":2.697409,"targetTextWidthWorld":18.342383,"letterSpacing":0.06,"priority":30,"minZoom":1,"placementMode":"curved-line","angle":-12.979224,"insideRatio":1,"baselineInsideRatio":1,"geometryHash":"71d65720"},"geometry":{"type":"LineString","coordinates":[[36.28092,28.944378],[37.266908,28.15834],[38.262624,27.410889],[39.26807,26.702024],[40.283243,26.031745],[41.308146,25.400053],[42.342777,24.806946],[43.387136,24.252425],[44.441225,23.736491],[45.505042,23.259143],[46.578587,22.820381],[47.661861,22.420205],[48.754864,22.058615],[49.857596,21.735611],[50.970056,21.451194],[52.092245,21.205362],[53.224162,20.998117]]}},{"type":"Feature","properties":{"countryId":"SDN","mapLabelKo":"수단","nameEn":"Sudan","fontSizeWorldUnits":9.521618,"targetTextWidthWorld":18.091074,"letterSpacing":0.06,"priority":40,"minZoom":1,"placementMode":"curved-line","angle":42.996207,"insideRatio":0.991,"baselineInsideRatio":1,"geometryHash":"44b42114"},"geometry":{"type":"LineString","coordinates":[[23.631579,10.313347],[24.36495,11.079732],[25.110023,11.833975],[25.866798,12.576075],[26.635274,13.306032],[27.415452,14.023847],[28.207332,14.729518],[29.010913,15.423047],[29.826196,16.104434],[30.653181,16.773677],[31.491867,17.430778],[32.342255,18.075736],[33.204345,18.708552],[34.078136,19.329224],[34.963629,19.937754],[35.860824,20.534141],[36.76972,21.118386]]}},{"type":"Feature","properties":{"countryId":"SDS","mapLabelKo":"남수단","nameEn":"South Sudan","fontSizeWorldUnits":4.079896,"targetTextWidthWorld":11.750102,"letterSpacing":0.06,"priority":40,"minZoom":1,"placementMode":"curved-line","angle":-22.97109,"insideRatio":0.96396,"baselineInsideRatio":1,"geometryHash":"e75a1c56"},"geometry":{"type":"LineString","coordinates":[[24.914735,8.958298],[25.595501,8.766475],[26.273349,8.567818],[26.94828,8.362329],[27.620293,8.150006],[28.289389,7.93085],[28.955567,7.704862],[29.618827,7.47204],[30.27917,7.232386],[30.936595,6.985898],[31.591103,6.732578],[32.242693,6.472424],[32.891366,6.205438],[33.53712,5.931619],[34.179958,5.650966],[34.819878,5.363481],[35.45688,5.069162]]}},{"type":"Feature","properties":{"countryId":"SEN","mapLabelKo":"세네갈","nameEn":"Senegal","fontSizeWorldUnits":1.692223,"targetTextWidthWorld":4.873603,"letterSpacing":0.06,"priority":40,"minZoom":1,"placementMode":"curved-line","angle":-20.48588,"insideRatio":0.999491,"baselineInsideRatio":1,"geometryHash":"5e4db720"},"geometry":{"type":"LineString","coordinates":[[-16.644193,15.333716],[-16.327594,15.329957],[-16.0175,15.309304],[-15.71391,15.271755],[-15.416825,15.217311],[-15.126243,15.145972],[-14.842166,15.057737],[-14.564593,14.952608],[-14.293525,14.830583],[-14.02896,14.691662],[-13.7709,14.535847],[-13.519344,14.363136],[-13.274292,14.17353],[-13.035745,13.967029],[-12.803701,13.743632],[-12.578162,13.503341],[-12.359127,13.246154]]}},{"type":"Feature","properties":{"countryId":"SGS","mapLabelKo":"사우스조지아 사우스샌드위치 제도","nameEn":"South Georgia and the South Sandwich Islands","fontSizeWorldUnits":0.063532,"targetTextWidthWorld":0.969492,"letterSpacing":0.06,"priority":50,"minZoom":3,"placementMode":"curved-line","angle":-35.065581,"insideRatio":1,"baselineInsideRatio":1,"geometryHash":"a4de233"},"geometry":{"type":"LineString","coordinates":[[-37.330036,-54.092348],[-37.238166,-54.117619],[-37.148173,-54.144419],[-37.060057,-54.172749],[-36.973817,-54.202607],[-36.889455,-54.233994],[-36.80697,-54.26691],[-36.726361,-54.301356],[-36.647629,-54.33733],[-36.570775,-54.374833],[-36.495797,-54.413865],[-36.422696,-54.454427],[-36.351472,-54.496517],[-36.282124,-54.540136],[-36.214654,-54.585285],[-36.149061,-54.631962],[-36.085344,-54.680168]]}},{"type":"Feature","properties":{"countryId":"SLB","mapLabelKo":"솔로몬 제도","nameEn":"Solomon Islands","fontSizeWorldUnits":0.204805,"targetTextWidthWorld":1.054746,"letterSpacing":0.06,"priority":40,"minZoom":2.9231,"placementMode":"curved-line","angle":-22.516944,"insideRatio":1,"baselineInsideRatio":1,"geometryHash":"f39857a"},"geometry":{"type":"LineString","coordinates":[[159.68346,-9.470558],[159.743656,-9.490498],[159.803924,-9.510263],[159.864266,-9.529853],[159.924681,-9.549269],[159.985169,-9.56851],[160.045731,-9.587576],[160.106366,-9.606467],[160.167074,-9.625184],[160.227856,-9.643726],[160.288711,-9.662094],[160.349639,-9.680286],[160.410641,-9.698305],[160.471716,-9.716148],[160.532864,-9.733816],[160.594085,-9.75131],[160.65538,-9.76863]]}},{"type":"Feature","properties":{"countryId":"SLE","mapLabelKo":"시에라리온","nameEn":"Sierra Leone","fontSizeWorldUnits":0.536836,"targetTextWidthWorld":2.598285,"letterSpacing":0.06,"priority":50,"minZoom":1.62244,"placementMode":"curved-line","angle":-18.749553,"insideRatio":1,"baselineInsideRatio":1,"geometryHash":"5e02578d"},"geometry":{"type":"LineString","coordinates":[[-12.954938,9.00389],[-12.800701,8.973817],[-12.648141,8.938856],[-12.497258,8.899009],[-12.348052,8.854274],[-12.200523,8.804653],[-12.05467,8.750145],[-11.910495,8.69075],[-11.767996,8.626468],[-11.627174,8.557299],[-11.488029,8.483243],[-11.350561,8.4043],[-11.21477,8.32047],[-11.080656,8.231753],[-10.948219,8.138149],[-10.817459,8.039658],[-10.688375,7.936281]]}},{"type":"Feature","properties":{"countryId":"SLV","mapLabelKo":"엘살바도르","nameEn":"El Salvador","fontSizeWorldUnits":0.399851,"targetTextWidthWorld":1.935281,"letterSpacing":0.06,"priority":70,"minZoom":2.04746,"placementMode":"curved-line","angle":-5.416247,"insideRatio":1,"baselineInsideRatio":1,"geometryHash":"8b6ca31f"},"geometry":{"type":"LineString","coordinates":[[-89.806208,13.906793],[-89.688768,13.893508],[-89.571507,13.878389],[-89.454426,13.861437],[-89.337523,13.842651],[-89.220799,13.822033],[-89.104254,13.799581],[-88.987889,13.775297],[-88.871702,13.749179],[-88.755694,13.721227],[-88.639865,13.691443],[-88.524215,13.659825],[-88.408743,13.626375],[-88.293451,13.591091],[-88.178338,13.553973],[-88.063404,13.515023],[-87.948648,13.47424]]}},{"type":"Feature","properties":{"countryId":"SOL","mapLabelKo":"소말릴란드","nameEn":"Somaliland","fontSizeWorldUnits":1.19082,"targetTextWidthWorld":5.763567,"letterSpacing":0.06,"priority":60,"minZoom":1,"placementMode":"curved-line","angle":-14.438626,"insideRatio":0.970276,"baselineInsideRatio":1,"geometryHash":"264f2255"},"geometry":{"type":"LineString","coordinates":[[43.670991,9.949944],[43.984608,9.886678],[44.299755,9.829259],[44.616431,9.777686],[44.934639,9.73196],[45.254376,9.692081],[45.575643,9.658048],[45.89844,9.629862],[46.222768,9.607523],[46.548626,9.591031],[46.876013,9.580385],[47.204931,9.575586],[47.535379,9.576634],[47.867357,9.583528],[48.200866,9.596269],[48.535904,9.614857],[48.872472,9.639292]]}},{"type":"Feature","properties":{"countryId":"SOM","mapLabelKo":"소말리아","nameEn":"Somalia","fontSizeWorldUnits":2.623679,"targetTextWidthWorld":10.1274,"letterSpacing":0.06,"priority":70,"minZoom":1,"placementMode":"curved-line","angle":37.022104,"insideRatio":0.971021,"baselineInsideRatio":1,"geometryHash":"b32b69dd"},"geometry":{"type":"LineString","coordinates":[[41.919222,1.762924],[42.466814,2.038596],[43.002188,2.330383],[43.525343,2.638284],[44.036279,2.9623],[44.534996,3.30243],[45.021493,3.658674],[45.495772,4.031033],[45.957831,4.419507],[46.407672,4.824095],[46.845293,5.244797],[47.270695,5.681614],[47.683879,6.134545],[48.084843,6.603591],[48.473588,7.088751],[48.850114,7.590026],[49.214421,8.107415]]}},{"type":"Feature","properties":{"countryId":"SRB","mapLabelKo":"세르비아","nameEn":"Serbia","fontSizeWorldUnits":1.01579,"targetTextWidthWorld":3.920951,"letterSpacing":0.06,"priority":60,"minZoom":1.0288,"placementMode":"curved-line","angle":-55.003597,"insideRatio":0.999441,"baselineInsideRatio":1,"geometryHash":"b9819c0e"},"geometry":{"type":"LineString","coordinates":[[19.534383,45.86395],[19.67195,45.648995],[19.813585,45.436081],[19.959288,45.225207],[20.109059,45.016374],[20.262898,44.809581],[20.420804,44.604829],[20.582778,44.402117],[20.74882,44.201445],[20.91893,44.002814],[21.093108,43.806223],[21.271354,43.611673],[21.453667,43.419163],[21.640048,43.228693],[21.830497,43.040264],[22.025014,42.853875],[22.223599,42.669527]]}},{"type":"Feature","properties":{"countryId":"SUR","mapLabelKo":"수리남","nameEn":"Suriname","fontSizeWorldUnits":1.335955,"targetTextWidthWorld":3.847552,"letterSpacing":0.06,"priority":50,"minZoom":1.05606,"placementMode":"curved-line","angle":-19,"insideRatio":1,"baselineInsideRatio":1,"geometryHash":"9710585e"},"geometry":{"type":"LineString","coordinates":[[-57.731513,4.465697],[-57.485231,4.478062],[-57.243327,4.477742],[-57.005803,4.464736],[-56.772657,4.439044],[-56.54389,4.400667],[-56.319502,4.349604],[-56.099493,4.285855],[-55.883863,4.20942],[-55.672612,4.1203],[-55.46574,4.018494],[-55.263247,3.904002],[-55.065132,3.776824],[-54.871397,3.636961],[-54.68204,3.484412],[-54.497063,3.319177],[-54.316464,3.141257]]}},{"type":"Feature","properties":{"countryId":"SVK","mapLabelKo":"슬로바키아","nameEn":"Slovakia","fontSizeWorldUnits":0.687478,"targetTextWidthWorld":3.327396,"letterSpacing":0.06,"priority":70,"minZoom":1.26561,"placementMode":"curved-line","angle":8.267683,"insideRatio":1,"baselineInsideRatio":1,"geometryHash":"7cfd7660"},"geometry":{"type":"LineString","coordinates":[[17.150376,48.286976],[17.435622,48.366261],[17.722054,48.440168],[18.009672,48.508697],[18.298476,48.57185],[18.588466,48.629624],[18.879642,48.682021],[19.172003,48.729041],[19.465551,48.770683],[19.760284,48.806948],[20.056203,48.837835],[20.353308,48.863345],[20.651599,48.883477],[20.951076,48.898232],[21.251739,48.90761],[21.553587,48.91161],[21.856622,48.910232]]}},{"type":"Feature","properties":{"countryId":"SVN","mapLabelKo":"슬로베니아","nameEn":"Slovenia","fontSizeWorldUnits":0.36377,"targetTextWidthWorld":1.760646,"letterSpacing":0.06,"priority":70,"minZoom":2.1839,"placementMode":"curved-line","angle":22.837844,"insideRatio":1,"baselineInsideRatio":1,"geometryHash":"61fbb0a9"},"geometry":{"type":"LineString","coordinates":[[13.631132,45.901875],[13.793334,45.904156],[13.952513,45.91141],[14.108668,45.923638],[14.2618,45.94084],[14.411909,45.963016],[14.558994,45.990166],[14.703056,46.022289],[14.844094,46.059387],[14.982109,46.101458],[15.1171,46.148503],[15.249069,46.200522],[15.378013,46.257514],[15.503934,46.319481],[15.626832,46.386421],[15.746707,46.458336],[15.863558,46.535224]]}},{"type":"Feature","properties":{"countryId":"SWE","mapLabelKo":"스웨덴","nameEn":"Sweden","fontSizeWorldUnits":2.774037,"targetTextWidthWorld":7.989226,"letterSpacing":0.06,"priority":40,"minZoom":1,"placementMode":"curved-line","angle":54.162341,"insideRatio":0.906184,"baselineInsideRatio":1,"geometryHash":"11ae2c92"},"geometry":{"type":"LineString","coordinates":[[14.61747,58.904018],[14.629471,59.484442],[14.681297,60.050814],[14.772949,60.603133],[14.904426,61.1414],[15.075728,61.665616],[15.286856,62.175779],[15.53781,62.671889],[15.828588,63.153948],[16.159192,63.621955],[16.529622,64.075909],[16.939877,64.515811],[17.389957,64.941662],[17.879862,65.35346],[18.409593,65.751205],[18.97915,66.134899],[19.588532,66.504541]]}},{"type":"Feature","properties":{"countryId":"SWZ","mapLabelKo":"에스와티니","nameEn":"Eswatini","fontSizeWorldUnits":0.206341,"targetTextWidthWorld":0.99869,"letterSpacing":0.06,"priority":50,"minZoom":3,"placementMode":"curved-line","angle":19,"insideRatio":1,"baselineInsideRatio":1,"geometryHash":"77a4430c"},"geometry":{"type":"LineString","coordinates":[[31.01031,-26.797976],[31.069831,-26.770545],[31.129231,-26.7428],[31.18851,-26.714741],[31.247669,-26.686367],[31.306706,-26.65768],[31.365622,-26.628678],[31.424417,-26.599362],[31.483091,-26.569732],[31.541645,-26.539788],[31.600077,-26.509529],[31.658388,-26.478957],[31.716578,-26.44807],[31.774648,-26.416869],[31.832596,-26.385354],[31.890423,-26.353525],[31.94813,-26.321382]]}},{"type":"Feature","properties":{"countryId":"SYR","mapLabelKo":"시리아","nameEn":"Syria","fontSizeWorldUnits":2.051985,"targetTextWidthWorld":5.909716,"letterSpacing":0.06,"priority":40,"minZoom":1,"placementMode":"curved-line","angle":38.020849,"insideRatio":0.97084,"baselineInsideRatio":1,"geometryHash":"41ae3688"},"geometry":{"type":"LineString","coordinates":[[36.230791,32.851812],[36.464983,33.175588],[36.710523,33.487471],[36.967411,33.787462],[37.235646,34.07556],[37.51523,34.351766],[37.806161,34.61608],[38.10844,34.868502],[38.422067,35.109031],[38.747041,35.337668],[39.083364,35.554412],[39.431034,35.759264],[39.790052,35.952224],[40.160418,36.133291],[40.542132,36.302466],[40.935194,36.459749],[41.339603,36.60514]]}},{"type":"Feature","properties":{"countryId":"TCD","mapLabelKo":"차드","nameEn":"Chad","fontSizeWorldUnits":5.751021,"targetTextWidthWorld":10.92694,"letterSpacing":0.06,"priority":40,"minZoom":1,"placementMode":"curved-line","angle":19,"insideRatio":0.992002,"baselineInsideRatio":1,"geometryHash":"1c9271bc"},"geometry":{"type":"LineString","coordinates":[[15.526045,10.974346],[15.855241,11.691343],[16.196405,12.374454],[16.549537,13.02368],[16.914636,13.63902],[17.291702,14.220476],[17.680736,14.768046],[18.081738,15.281731],[18.494707,15.761531],[18.919643,16.207445],[19.356548,16.619475],[19.805419,16.997619],[20.266259,17.341878],[20.739066,17.652252],[21.22384,17.92874],[21.720582,18.171344],[22.229292,18.380062]]}},{"type":"Feature","properties":{"countryId":"TGO","mapLabelKo":"토고","nameEn":"Togo","fontSizeWorldUnits":1.007194,"targetTextWidthWorld":1.913669,"letterSpacing":0.06,"priority":70,"minZoom":2.06366,"placementMode":"curved-line","angle":-59.180317,"insideRatio":0.96312,"baselineInsideRatio":1,"geometryHash":"e8780948"},"geometry":{"type":"LineString","coordinates":[[0.875185,9.533564],[0.906439,9.41979],[0.935498,9.304724],[0.962363,9.188363],[0.987034,9.070709],[1.009511,8.951761],[1.029793,8.831519],[1.047881,8.709984],[1.063774,8.587155],[1.077474,8.463032],[1.088978,8.337616],[1.098289,8.210906],[1.105405,8.082902],[1.110327,7.953605],[1.113055,7.823014],[1.113588,7.691129],[1.111927,7.55795]]}},{"type":"Feature","properties":{"countryId":"THA","mapLabelKo":"태국","nameEn":"Thailand","fontSizeWorldUnits":3.593259,"targetTextWidthWorld":6.827191,"letterSpacing":0.06,"priority":40,"minZoom":1,"placementMode":"curved-line","angle":-83.268885,"insideRatio":0.930589,"baselineInsideRatio":1,"geometryHash":"6532c260"},"geometry":{"type":"LineString","coordinates":[[100.221492,17.524989],[100.552217,17.253119],[100.847911,16.977215],[101.108574,16.697276],[101.334208,16.413303],[101.524811,16.125295],[101.680384,15.833253],[101.800927,15.537176],[101.886439,15.237065],[101.936921,14.932919],[101.952373,14.624738],[101.932795,14.312523],[101.878186,13.996274],[101.788548,13.675989],[101.663879,13.351671],[101.504179,13.023317],[101.30945,12.69093]]}},{"type":"Feature","properties":{"countryId":"TJK","mapLabelKo":"타지키스탄","nameEn":"Tajikistan","fontSizeWorldUnits":1.213439,"targetTextWidthWorld":5.873047,"letterSpacing":0.06,"priority":50,"minZoom":1,"placementMode":"curved-line","angle":-18.618567,"insideRatio":0.949431,"baselineInsideRatio":1,"geometryHash":"b118acf"},"geometry":{"type":"LineString","coordinates":[[67.558156,39.250634],[67.986668,39.151424],[68.416155,39.054471],[68.846617,38.959776],[69.278055,38.867338],[69.710467,38.777159],[70.143855,38.689236],[70.578218,38.603572],[71.013556,38.520164],[71.449868,38.439015],[71.887156,38.360123],[72.325419,38.283488],[72.764657,38.209112],[73.204871,38.136992],[73.646059,38.067131],[74.088222,37.999527],[74.531361,37.93418]]}},{"type":"Feature","properties":{"countryId":"TKM","mapLabelKo":"투르크메니스탄","nameEn":"Turkmenistan","fontSizeWorldUnits":1.584167,"targetTextWidthWorld":10.772333,"letterSpacing":0.06,"priority":50,"minZoom":1,"placementMode":"curved-line","angle":-11.928348,"insideRatio":1,"baselineInsideRatio":0.987654,"geometryHash":"b43de3af"},"geometry":{"type":"LineString","coordinates":[[52.933653,40.2785],[53.758944,40.205601],[54.580023,40.117293],[55.39689,40.013576],[56.209546,39.894452],[57.017989,39.759919],[57.82222,39.609977],[58.62224,39.444627],[59.418047,39.263869],[60.209643,39.067703],[60.997026,38.856128],[61.780197,38.629144],[62.559157,38.386753],[63.333904,38.128952],[64.10444,37.855744],[64.870763,37.567127],[65.632875,37.263102]]}},{"type":"Feature","properties":{"countryId":"TLS","mapLabelKo":"동티모르","nameEn":"East Timor","fontSizeWorldUnits":0.470369,"targetTextWidthWorld":1.815624,"letterSpacing":0.06,"priority":60,"minZoom":2.13953,"placementMode":"curved-line","angle":18.112241,"insideRatio":0.99999,"baselineInsideRatio":1,"geometryHash":"559b34fd"},"geometry":{"type":"LineString","coordinates":[[125.064798,-8.938578],[125.175334,-8.925962],[125.285428,-8.912009],[125.395079,-8.89672],[125.504287,-8.880093],[125.613053,-8.86213],[125.721376,-8.84283],[125.829257,-8.822193],[125.936694,-8.800219],[126.04369,-8.776908],[126.150242,-8.75226],[126.256353,-8.726276],[126.36202,-8.698955],[126.467245,-8.670297],[126.572027,-8.640302],[126.676367,-8.60897],[126.780264,-8.576302]]}},{"type":"Feature","properties":{"countryId":"TTO","mapLabelKo":"트리니다드 토바고","nameEn":"Trinidad and Tobago","fontSizeWorldUnits":0.106845,"targetTextWidthWorld":0.864372,"letterSpacing":0.06,"priority":60,"minZoom":3,"placementMode":"curved-line","angle":48.203747,"insideRatio":0.990558,"baselineInsideRatio":1,"geometryHash":"f47c30a5"},"geometry":{"type":"LineString","coordinates":[[-61.54897,10.095123],[-61.50668,10.126747],[-61.466331,10.160076],[-61.427924,10.195112],[-61.391459,10.231854],[-61.356936,10.270303],[-61.324354,10.310458],[-61.293715,10.352319],[-61.265017,10.395886],[-61.23826,10.441159],[-61.213446,10.488139],[-61.190574,10.536825],[-61.169643,10.587217],[-61.150654,10.639316],[-61.133607,10.693121],[-61.118502,10.748632],[-61.105338,10.805849]]}},{"type":"Feature","properties":{"countryId":"TUN","mapLabelKo":"튀니지","nameEn":"Tunisia","fontSizeWorldUnits":1.630106,"targetTextWidthWorld":4.694706,"letterSpacing":0.06,"priority":40,"minZoom":1,"placementMode":"curved-line","angle":-66.62251,"insideRatio":0.950723,"baselineInsideRatio":1,"geometryHash":"593cb718"},"geometry":{"type":"LineString","coordinates":[[9.549469,36.548736],[9.440826,36.206795],[9.353767,35.872505],[9.288294,35.545868],[9.244406,35.226882],[9.222104,34.915549],[9.221387,34.611867],[9.242255,34.315838],[9.284708,34.027461],[9.348747,33.746735],[9.43437,33.473662],[9.541579,33.208241],[9.670374,32.950472],[9.820753,32.700355],[9.992718,32.457889],[10.186268,32.223076],[10.401404,31.995915]]}},{"type":"Feature","properties":{"countryId":"TUR","mapLabelKo":"터키","nameEn":"Turkey","fontSizeWorldUnits":5.842295,"targetTextWidthWorld":11.10036,"letterSpacing":0.06,"priority":30,"minZoom":1,"placementMode":"curved-line","angle":21.004341,"insideRatio":0.912611,"baselineInsideRatio":1,"geometryHash":"dd2f0d35"},"geometry":{"type":"LineString","coordinates":[[28.525161,38.287177],[29.356823,38.436964],[30.1949,38.573733],[31.039392,38.697486],[31.8903,38.808221],[32.747623,38.90594],[33.611362,38.990641],[34.481515,39.062326],[35.358085,39.120994],[36.241069,39.166644],[37.130469,39.199278],[38.026285,39.218895],[38.928515,39.225494],[39.837161,39.219077],[40.752223,39.199643],[41.6737,39.167192],[42.601592,39.121724]]}},{"type":"Feature","properties":{"countryId":"TWN","mapLabelKo":"중화민국","nameEn":"Taiwan","fontSizeWorldUnits":0.624479,"targetTextWidthWorld":2.410488,"letterSpacing":0.06,"priority":40,"minZoom":1.73067,"placementMode":"curved-line","angle":56.189106,"insideRatio":1,"baselineInsideRatio":1,"geometryHash":"9f8db81e"},"geometry":{"type":"LineString","coordinates":[[120.531049,22.641528],[120.571938,22.788562],[120.615305,22.934076],[120.661148,23.078071],[120.709469,23.220547],[120.760266,23.361504],[120.813541,23.500941],[120.869292,23.638859],[120.927521,23.775258],[120.988226,23.910138],[121.051409,24.043498],[121.117068,24.175339],[121.185205,24.305661],[121.255818,24.434464],[121.328909,24.561747],[121.404476,24.687512],[121.48252,24.811757]]}},{"type":"Feature","properties":{"countryId":"TZA","mapLabelKo":"탄자니아","nameEn":"Tanzania","fontSizeWorldUnits":3.430837,"targetTextWidthWorld":13.243031,"letterSpacing":0.06,"priority":40,"minZoom":1,"placementMode":"curved-line","angle":-50.672409,"insideRatio":1,"baselineInsideRatio":1,"geometryHash":"a935808f"},"geometry":{"type":"LineString","coordinates":[[30.930565,-1.301078],[31.386666,-1.94516],[31.850187,-2.583212],[32.321128,-3.215232],[32.799489,-3.841222],[33.28527,-4.461181],[33.77847,-5.075109],[34.27909,-5.683007],[34.787131,-6.284873],[35.30259,-6.880709],[35.82547,-7.470514],[36.35577,-8.054288],[36.893489,-8.632032],[37.438628,-9.203744],[37.991187,-9.769426],[38.551166,-10.329077],[39.118565,-10.882697]]}},{"type":"Feature","properties":{"countryId":"UGA","mapLabelKo":"우간다","nameEn":"Uganda","fontSizeWorldUnits":2.21448,"targetTextWidthWorld":6.377701,"letterSpacing":0.06,"priority":40,"minZoom":1,"placementMode":"curved-line","angle":44.276291,"insideRatio":1,"baselineInsideRatio":1,"geometryHash":"52d99bf8"},"geometry":{"type":"LineString","coordinates":[[30.086097,-0.721734],[30.416546,-0.518525],[30.737148,-0.305221],[31.047901,-0.08182],[31.348807,0.151676],[31.639865,0.395268],[31.921075,0.648956],[32.192437,0.912739],[32.453952,1.186618],[32.705619,1.470593],[32.947437,1.764664],[33.179409,2.06883],[33.401532,2.383092],[33.613807,2.70745],[33.816235,3.041903],[34.008815,3.386452],[34.191547,3.741097]]}},{"type":"Feature","properties":{"countryId":"UKR","mapLabelKo":"우크라이나","nameEn":"Ukraine","fontSizeWorldUnits":2.422925,"targetTextWidthWorld":11.726957,"letterSpacing":0.06,"priority":40,"minZoom":1,"placementMode":"curved-line","angle":4.154168,"insideRatio":0.977464,"baselineInsideRatio":0.987654,"geometryHash":"6e312859"},"geometry":{"type":"LineString","coordinates":[[22.826481,49.403422],[23.87631,49.406732],[24.926791,49.404074],[25.977925,49.39545],[27.029712,49.380858],[28.082151,49.360299],[29.135242,49.333773],[30.188986,49.30128],[31.243383,49.262819],[32.298432,49.218392],[33.354133,49.167997],[34.410487,49.111634],[35.467494,49.049305],[36.525153,48.981008],[37.583464,48.906744],[38.642428,48.826513],[39.702045,48.740315]]}},{"type":"Feature","properties":{"countryId":"URY","mapLabelKo":"우루과이","nameEn":"Uruguay","fontSizeWorldUnits":1.250545,"targetTextWidthWorld":4.827105,"letterSpacing":0.06,"priority":50,"minZoom":1,"placementMode":"curved-line","angle":-55.571117,"insideRatio":1,"baselineInsideRatio":1,"geometryHash":"41ad8452"},"geometry":{"type":"LineString","coordinates":[[-57.327562,-30.778006],[-57.201112,-31.05219],[-57.066872,-31.321876],[-56.924841,-31.587064],[-56.775019,-31.847754],[-56.617406,-32.103946],[-56.452002,-32.355639],[-56.278808,-32.602835],[-56.097823,-32.845532],[-55.909047,-33.083732],[-55.712481,-33.317433],[-55.508123,-33.546636],[-55.295975,-33.771341],[-55.076036,-33.991548],[-54.848307,-34.207257],[-54.612786,-34.418467],[-54.369475,-34.62518]]}},{"type":"Feature","properties":{"countryId":"USA","mapLabelKo":"미합중국","nameEn":"United States of America","fontSizeWorldUnits":9.842503,"targetTextWidthWorld":37.992063,"letterSpacing":0.06,"priority":1,"minZoom":1,"placementMode":"curved-line","angle":9.749868,"insideRatio":0.972809,"baselineInsideRatio":1,"geometryHash":"af8bc630"},"geometry":{"type":"LineString","coordinates":[[-122.8392,41.448295],[-119.804388,40.924221],[-116.78597,40.463886],[-113.783945,40.06729],[-110.798313,39.734432],[-107.829075,39.465312],[-104.876231,39.259931],[-101.93978,39.118288],[-99.019722,39.040384],[-96.116057,39.026219],[-93.228786,39.075792],[-90.357908,39.189103],[-87.503424,39.366153],[-84.665333,39.606942],[-81.843636,39.911469],[-79.038331,40.279735],[-76.249421,40.711739]]}},{"type":"Feature","properties":{"countryId":"UZB","mapLabelKo":"우즈베키스탄","nameEn":"Uzbekistan","fontSizeWorldUnits":1.809343,"targetTextWidthWorld":10.530374,"letterSpacing":0.06,"priority":40,"minZoom":1,"placementMode":"curved-line","angle":-28.003989,"insideRatio":1,"baselineInsideRatio":1,"geometryHash":"84d07a2"},"geometry":{"type":"LineString","coordinates":[[57.113827,43.850608],[57.947555,43.704245],[58.761876,43.530319],[59.556792,43.328831],[60.332301,43.099781],[61.088405,42.843168],[61.825104,42.558992],[62.542396,42.247254],[63.240283,41.907953],[63.918764,41.541089],[64.577839,41.146663],[65.217508,40.724675],[65.837771,40.275123],[66.438629,39.79801],[67.020081,39.293333],[67.582127,38.761095],[68.124767,38.201293]]}},{"type":"Feature","properties":{"countryId":"VEN","mapLabelKo":"베네수엘라","nameEn":"Venezuela","fontSizeWorldUnits":2.696056,"targetTextWidthWorld":13.048909,"letterSpacing":0.06,"priority":40,"minZoom":1,"placementMode":"curved-line","angle":-18.827313,"insideRatio":1,"baselineInsideRatio":1,"geometryHash":"8d7e3633"},"geometry":{"type":"LineString","coordinates":[[-71.659309,8.888491],[-70.953676,8.72873],[-70.251925,8.557704],[-69.554058,8.375413],[-68.860074,8.181855],[-68.169974,7.977033],[-67.483756,7.760944],[-66.801421,7.53359],[-66.12297,7.294971],[-65.448401,7.045086],[-64.777716,6.783935],[-64.110914,6.511519],[-63.447995,6.227837],[-62.788959,5.93289],[-62.133807,5.626677],[-61.482537,5.309198],[-60.83515,4.980454]]}},{"type":"Feature","properties":{"countryId":"VNM","mapLabelKo":"베트남","nameEn":"Vietnam","fontSizeWorldUnits":1.632352,"targetTextWidthWorld":4.701173,"letterSpacing":0.06,"priority":30,"minZoom":1,"placementMode":"curved-line","angle":81.026568,"insideRatio":0.929793,"baselineInsideRatio":1,"geometryHash":"5373c6fb"},"geometry":{"type":"LineString","coordinates":[[105.282685,18.718339],[105.245249,19.00637],[105.213834,19.293489],[105.18844,19.579695],[105.169067,19.864989],[105.155714,20.149371],[105.148383,20.43284],[105.147073,20.715397],[105.151784,20.997042],[105.162515,21.277774],[105.179268,21.557594],[105.202042,21.836502],[105.230836,22.114497],[105.265652,22.39158],[105.306489,22.667751],[105.353346,22.943009],[105.406225,23.217355]]}},{"type":"Feature","properties":{"countryId":"VUT","mapLabelKo":"바누아투","nameEn":"Vanuatu","fontSizeWorldUnits":0.201122,"targetTextWidthWorld":0.77633,"letterSpacing":0.06,"priority":50,"minZoom":3,"placementMode":"curved-line","angle":-53.344656,"insideRatio":0.928426,"baselineInsideRatio":1,"geometryHash":"70733b1d"},"geometry":{"type":"LineString","coordinates":[[166.646363,-14.920566],[166.661343,-14.96727],[166.678115,-15.012693],[166.696679,-15.056835],[166.717036,-15.099696],[166.739185,-15.141277],[166.763126,-15.181576],[166.788859,-15.220594],[166.816385,-15.258332],[166.845702,-15.294789],[166.876812,-15.329964],[166.909714,-15.363859],[166.944409,-15.396473],[166.980895,-15.427806],[167.019174,-15.457858],[167.059245,-15.48663],[167.101108,-15.51412]]}},{"type":"Feature","properties":{"countryId":"WSM","mapLabelKo":"사모아","nameEn":"Samoa","fontSizeWorldUnits":0.169275,"targetTextWidthWorld":0.487512,"letterSpacing":0.06,"priority":50,"minZoom":3,"placementMode":"curved-line","angle":-15.701874,"insideRatio":1,"baselineInsideRatio":1,"geometryHash":"5bc1a18f"},"geometry":{"type":"LineString","coordinates":[[-172.67304,-13.584111],[-172.643262,-13.588101],[-172.613603,-13.592499],[-172.584061,-13.597305],[-172.554638,-13.602519],[-172.525332,-13.608141],[-172.496145,-13.61417],[-172.467075,-13.620608],[-172.438124,-13.627453],[-172.409291,-13.634706],[-172.380575,-13.642367],[-172.351978,-13.650436],[-172.323499,-13.658912],[-172.295138,-13.667797],[-172.266895,-13.677089],[-172.23877,-13.68679],[-172.210763,-13.696898]]}},{"type":"Feature","properties":{"countryId":"XKX","mapLabelKo":"코소보","nameEn":"Kosovo","fontSizeWorldUnits":0.346763,"targetTextWidthWorld":0.998679,"letterSpacing":0.06,"priority":70,"minZoom":3,"placementMode":"curved-line","angle":-15,"insideRatio":1,"baselineInsideRatio":1,"geometryHash":"d619e1bd"},"geometry":{"type":"LineString","coordinates":[[20.243404,42.673269],[20.323198,42.663709],[20.402735,42.65344],[20.482014,42.642461],[20.561035,42.630774],[20.639797,42.618377],[20.718302,42.605271],[20.796549,42.591455],[20.874538,42.576931],[20.952268,42.561697],[21.029741,42.545754],[21.106956,42.529102],[21.183913,42.51174],[21.260612,42.49367],[21.337053,42.47489],[21.413235,42.455401],[21.48916,42.435202]]}},{"type":"Feature","properties":{"countryId":"YEM","mapLabelKo":"예멘","nameEn":"Yemen","fontSizeWorldUnits":4.100674,"targetTextWidthWorld":7.79128,"letterSpacing":0.06,"priority":40,"minZoom":1,"placementMode":"curved-line","angle":-5.682705,"insideRatio":0.921196,"baselineInsideRatio":1,"geometryHash":"635ccca8"},"geometry":{"type":"LineString","coordinates":[[43.607545,15.020627],[44.09185,15.06198],[44.577558,15.116965],[45.064668,15.185583],[45.55318,15.267833],[46.043093,15.363715],[46.534409,15.473229],[47.027126,15.596376],[47.521245,15.733155],[48.016766,15.883567],[48.51369,16.04761],[49.012015,16.225286],[49.511742,16.416594],[50.012871,16.621535],[50.515401,16.840108],[51.019334,17.072313],[51.524669,17.31815]]}},{"type":"Feature","properties":{"countryId":"ZAF","mapLabelKo":"남아프리카 공화국","nameEn":"South Africa","fontSizeWorldUnits":2.002845,"targetTextWidthWorld":16.203013,"letterSpacing":0.06,"priority":30,"minZoom":1,"placementMode":"curved-line","angle":49.203366,"insideRatio":1,"baselineInsideRatio":1,"geometryHash":"3656c6bf"},"geometry":{"type":"LineString","coordinates":[[18.808697,-33.453008],[19.650829,-32.93389],[20.479253,-32.404449],[21.293967,-31.864685],[22.094972,-31.314598],[22.882268,-30.754188],[23.655854,-30.183455],[24.415731,-29.602399],[25.161899,-29.011021],[25.894358,-28.409319],[26.613107,-27.797294],[27.318147,-27.174946],[28.009478,-26.542275],[28.687099,-25.899281],[29.351012,-25.245964],[30.001215,-24.582324],[30.637708,-23.908361]]}},{"type":"Feature","properties":{"countryId":"ZMB","mapLabelKo":"잠비아","nameEn":"Zambia","fontSizeWorldUnits":2.574586,"targetTextWidthWorld":7.414808,"letterSpacing":0.06,"priority":40,"minZoom":1,"placementMode":"curved-line","angle":29.205944,"insideRatio":0.849741,"baselineInsideRatio":1,"geometryHash":"9a3bc1cc"},"geometry":{"type":"LineString","coordinates":[[26.629181,-14.206317],[26.7931,-14.149364],[26.960044,-14.097685],[27.130015,-14.051278],[27.303011,-14.010145],[27.479034,-13.974284],[27.658083,-13.943697],[27.840158,-13.918382],[28.025259,-13.89834],[28.213387,-13.883571],[28.40454,-13.874076],[28.59872,-13.869853],[28.795926,-13.870903],[28.996158,-13.877226],[29.199416,-13.888822],[29.405701,-13.905691],[29.615011,-13.927833]]}},{"type":"Feature","properties":{"countryId":"ZWE","mapLabelKo":"짐바브웨","nameEn":"Zimbabwe","fontSizeWorldUnits":1.854943,"targetTextWidthWorld":7.160081,"letterSpacing":0.06,"priority":40,"minZoom":1,"placementMode":"curved-line","angle":-13.31996,"insideRatio":1,"baselineInsideRatio":0.987654,"geometryHash":"1c0ecaba"},"geometry":{"type":"LineString","coordinates":[[26.526903,-18.708761],[26.958979,-18.679752],[27.387132,-18.666413],[27.81136,-18.668743],[28.231663,-18.686742],[28.648043,-18.720411],[29.060498,-18.769749],[29.469028,-18.834756],[29.873635,-18.915434],[30.274317,-19.01178],[30.671075,-19.123796],[31.063909,-19.251481],[31.452819,-19.394836],[31.837804,-19.553861],[32.218865,-19.728554],[32.596001,-19.918917],[32.969214,-20.12495]]}}]}
