{"features":[{"geometry":{"coordinates":[[[17.907375643225,45.647482014388],[17.946084724005,45.647482014388],[18.061749571184,45.647482014388],[18.061749571184,45.651254827225],[18.02782,45.663983],[18.016606,45.669719],[18.00994,45.674783],[18.008545,45.682277],[18.006839,45.688271],[18.003429,45.695816],[17.995057,45.70765],[17.988236,45.713902],[17.98188,45.718088],[17.975988,45.72],[17.948031,45.724186],[17.943691,45.726615],[17.93904,45.732351],[17.934544,45.741343],[17.923745180238,45.755395683453],[17.907375643225,45.755395683453],[17.907375643225,45.647482014388]]],"type":"Polygon"},"id":1,"properties":{"parentKey":"HRV:1159312547","sourceCountryId":"HRV","syntheticOperational":true,"territoryId":"territory:catalog:e7863d74e7a1a7ec390ce1810bfa425270f55289970776a2376c2dd08ad4e2f6"},"type":"Feature"},{"geometry":{"coordinates":[[[16.697872340426,45.215827338129],[16.738853503185,45.215827338129],[16.83018375858,45.215827338129],[16.830734,45.216983],[16.84076,45.224011],[16.851063829787,45.227158828308],[16.851063829787,45.323741007194],[16.726342710997,45.323741007194],[16.697872340426,45.323741007194],[16.697872340426,45.215827338129]]],"type":"Polygon"},"id":2,"properties":{"parentKey":"HRV:1159312529","sourceCountryId":"HRV","syntheticOperational":true,"territoryId":"territory:catalog:60b849bf1cbf59f6cb9f72b41a94b7d229ceabaf0503bb4c5caf3dea62682284"},"type":"Feature"},{"geometry":{"coordinates":[[[15.884631941455,45.965751630474],[15.911877,45.960244],[15.919628,45.957092],[15.925829,45.952906],[15.935286,45.940969],[15.939472,45.933837],[15.950376,45.926913],[15.951926,45.924226],[15.952236,45.918645],[15.955802,45.9142],[15.965568,45.911048],[16.039603960396,45.938876291607],[16.039603960396,45.971223021583],[15.912031047865,45.971223021583],[15.884631941455,45.971223021583],[15.884631941455,45.965751630474]]],"type":"Polygon"},"id":3,"properties":{"parentKey":"HRV:1159312523","sourceCountryId":"HRV","syntheticOperational":true,"territoryId":"territory:catalog:3d07d61c76e6eb37e58f01fddbf4f125c0b8ec34d0791209f90b4056382b09a3"},"type":"Feature"},{"geometry":{"coordinates":[[[13.634042553191,45.215827338129],[13.68152866242,45.215827338129],[13.787234042553,45.215827338129],[13.787234042553,45.323741007194],[13.657289002558,45.323741007194],[13.634042553191,45.323741007194],[13.634042553191,45.215827338129]]],"type":"Polygon"},"id":4,"properties":{"parentKey":"HRV:1159312535","sourceCountryId":"HRV","syntheticOperational":true,"territoryId":"territory:catalog:2a6a02f51d1f103e3719c270591b8e3a0a03faa06b85776c4077c496cfcc7e93"},"type":"Feature"},{"geometry":{"coordinates":[[[16.860309045326,46.079136690647],[16.865875,46.077446],[16.869441,46.074966],[16.872076,46.071555],[16.874402,46.064992],[16.875332,46.060806],[16.876727,46.058171],[16.879828,46.053727],[16.884634,46.049593],[16.89099,46.045975],[16.90763,46.039464],[16.912901,46.03657],[16.915846,46.032798],[16.915381,46.02825],[16.904633,46.008768],[16.91073,46.000707],[16.924993,45.993524],[16.965817,45.978848],[16.981706642161,45.971223021583],[16.998706338939,45.971223021583],[16.998706338939,46.079136690647],[16.957649092481,46.079136690647],[16.860309045326,46.079136690647]]],"type":"Polygon"},"id":5,"properties":{"parentKey":"HRV:1159312551","sourceCountryId":"HRV","syntheticOperational":true,"territoryId":"territory:catalog:6e2b8c51ca0b954ccfc7aca71ee2ead1e3bd927eb553803cfda46b6579bcb790"},"type":"Feature"},{"geometry":{"coordinates":[[[16.794385810356,46.294964028777],[16.79513,46.294281],[16.800556,46.288286],[16.808618,46.280948],[16.811873,46.281878],[16.814974,46.28441],[16.821667098812,46.294964028777],[16.794385810356,46.294964028777]]],"type":"Polygon"},"id":6,"properties":{"parentKey":"HRV:1159312553","sourceCountryId":"HRV","syntheticOperational":true,"territoryId":"territory:catalog:e3a282aa4645ae896a03af0825f04ae26141acf8a5c8a4fe98ed71854d403313"},"type":"Feature"},{"geometry":{"coordinates":[[[15.22086663862,44.568345323741],[15.346493070139,44.568345323741],[15.37231804796,44.568345323741],[15.37231804796,44.676258992806],[15.246523388116,44.676258992806],[15.22086663862,44.676258992806],[15.22086663862,44.568345323741]]],"type":"Polygon"},"id":7,"properties":{"parentKey":"HRV:1159312507","sourceCountryId":"HRV","syntheticOperational":true,"territoryId":"territory:catalog:ae74cc00ad9aa108d33a22838debd2d74305896041de9c115569951f37bcd7f5"},"type":"Feature"},{"geometry":{"coordinates":[[[15.927835051546,45.755395683453],[16.05055733807,45.755395683453],[16.082474226804,45.770024268295],[16.082474226804,45.863309352518],[16.039603960396,45.863309352518],[15.927835051546,45.863309352518],[15.927835051546,45.755395683453]]],"type":"Polygon"},"id":8,"properties":{"parentKey":"HRV:1159312533","sourceCountryId":"HRV","syntheticOperational":true,"territoryId":"territory:catalog:ef465d2b5fbe168678d871be52ee9f15e78397c1c3c0d6333aea52eb59677d94"},"type":"Feature"},{"geometry":{"coordinates":[[[16.348482499681,43.920863309353],[16.376828864138,43.920863309353],[16.350868,43.926208],[16.348482499681,43.920863309353]]],"type":"Polygon"},"id":9,"properties":{"parentKey":"HRV:1159312433","sourceCountryId":"HRV","syntheticOperational":true,"territoryId":"territory:catalog:bb886b73abbc172e3a573982caf47c3746a803d643dedea1d4e86f57697c06e0"},"type":"Feature"},{"geometry":{"coordinates":[[[15.290469002639,45.539568345324],[15.296668,45.522959],[15.301153353268,45.517634711452],[15.301153353268,45.539568345324],[15.290469002639,45.539568345324]]],"type":"Polygon"},"id":10,"properties":{"parentKey":"HRV:1159312525","sourceCountryId":"HRV","syntheticOperational":true,"territoryId":"territory:catalog:b8f16d0cc87b54ec4ca40df93f716636170461712c1c778d0a4c7ada9b4068d5"},"type":"Feature"},{"geometry":{"coordinates":[[[17.157446808511,45.283517614251],[17.165495,45.285918],[17.171386,45.286745],[17.180068,45.287055],[17.192367,45.288605],[17.198878,45.292223],[17.200584,45.2946],[17.199653,45.297649],[17.196553,45.300181],[17.182548,45.309173],[17.178053,45.314134],[17.179345,45.317544],[17.182755,45.320438],[17.188181,45.323539],[17.188289589078,45.323741007194],[17.186700767263,45.323741007194],[17.157446808511,45.323741007194],[17.157446808511,45.283517614251]]],"type":"Polygon"},"id":11,"properties":{"parentKey":"HRV:1159312529","sourceCountryId":"HRV","syntheticOperational":true,"territoryId":"territory:catalog:3cef1a97599a80b35c3304e8b0acb30bf632f450c443eb4855160af9c3329a3f"},"type":"Feature"},{"geometry":{"coordinates":[[[14.479888266118,45.539568345324],[14.532251174712,45.539568345324],[14.557124518614,45.539568345324],[14.557124518614,45.647482014388],[14.550455973488,45.647482014388],[14.543639,45.63644],[14.533097,45.625692],[14.507879,45.605848],[14.498577,45.596184],[14.492273,45.58342],[14.491502,45.579165],[14.487415,45.5566],[14.482144,45.542441],[14.479888266118,45.539568345324]]],"type":"Polygon"},"id":12,"properties":{"parentKey":"HRV:1159312505","sourceCountryId":"HRV","syntheticOperational":true,"territoryId":"territory:catalog:dcf3907908af16d28e73497cd13e9a1d8c6ca5c2eca851add98698ef0654f20f"},"type":"Feature"},{"geometry":{"coordinates":[[[15.057324840764,45.116169426553],[15.108876035828,45.107913669065],[15.160991753493,45.107913669065],[15.184272,45.124119],[15.190319,45.126858],[15.194194,45.125773],[15.199155,45.121277],[15.202721,45.116781],[15.207527,45.111769],[15.210191082803,45.109434367909],[15.210191082803,45.215827338129],[15.165957446809,45.215827338129],[15.057324840764,45.215827338129],[15.057324840764,45.116169426553]]],"type":"Polygon"},"id":13,"properties":{"parentKey":"HRV:1159312525","sourceCountryId":"HRV","syntheticOperational":true,"territoryId":"territory:catalog:eaa39c4586235164a9297f02589bc3d4385045a6fa988d62d9c7146ccbefb12f"},"type":"Feature"},{"geometry":{"coordinates":[[[16.252649427724,45.015424616675],[16.279347,45.007176],[16.316244,45.001234],[16.340635,45.005936],[16.346019,45.02001],[16.356965,45.048621],[16.377325,45.075596],[16.381976,45.083709],[16.384043,45.09544],[16.381976,45.101951],[16.38177,45.107584],[16.382035196488,45.107913669065],[16.28025477707,45.107913669065],[16.252649427724,45.107913669065],[16.252649427724,45.015424616675]]],"type":"Polygon"},"id":14,"properties":{"parentKey":"HRV:1159312529","sourceCountryId":"HRV","syntheticOperational":true,"territoryId":"territory:catalog:7092208c14874138b8db462e54678bfb586a109cc84e0413e2e9fdabb977c6a5"},"type":"Feature"},{"geometry":{"coordinates":[[[14.070909867578,45.431654676259],[14.117647058824,45.431654676259],[14.145260217199,45.431654676259],[14.138858,45.434281],[14.129867,45.440948],[14.120875,45.451024],[14.117309,45.459034],[14.116224,45.464202],[14.117321,45.472976],[14.116747,45.472998],[14.092917,45.473918],[14.070909867578,45.479246254368],[14.070909867578,45.431654676259]]],"type":"Polygon"},"id":15,"properties":{"parentKey":"HRV:1159312535","sourceCountryId":"HRV","syntheticOperational":true,"territoryId":"territory:catalog:7a2ecbba663265d18a85eb24664f74f8402eb40c95c9546ec5a71dd161f67591"},"type":"Feature"},{"geometry":{"coordinates":[[[18.343558224361,45.755395683453],[18.370280724366,45.755395683453],[18.367178,45.75819],[18.351158,45.758397],[18.343558224361,45.755395683453]]],"type":"Polygon"},"id":16,"properties":{"parentKey":"HRV:1159312539","sourceCountryId":"HRV","syntheticOperational":true,"territoryId":"territory:catalog:70f5726ed2e8ecc41cefae1dbc7d0ba76e042db99b4cd51c093d83556afbb956"},"type":"Feature"},{"geometry":{"coordinates":[[[13.501475,45.498603],[13.504568,45.483873],[13.520763,45.457261],[13.517833,45.449774],[13.515636,45.448147],[13.515961,45.447455],[13.520763,45.44302],[13.518565,45.440334],[13.515391,45.438137],[13.513357,45.436225],[13.515623556097,45.431654676259],[13.609568560444,45.431654676259],[13.609568560444,45.47371547154],[13.589529,45.488837],[13.585139,45.489247],[13.568614,45.49079],[13.523123,45.506252],[13.513357,45.511908],[13.507091,45.511908],[13.501475,45.498603]]],"type":"Polygon"},"id":17,"properties":{"parentKey":"HRV:1159312535","sourceCountryId":"HRV","syntheticOperational":true,"territoryId":"territory:catalog:b27727f3d069b1d37101bab0b2053066282d9006bcce1a0e476aa33a39394670"},"type":"Feature"},{"geometry":{"coordinates":[[[17.154612503157,45.863309352518],[17.164948453608,45.858250749232],[17.164948453608,45.863309352518],[17.154612503157,45.863309352518]]],"type":"Polygon"},"id":18,"properties":{"parentKey":"HRV:1159312547","sourceCountryId":"HRV","syntheticOperational":true,"territoryId":"territory:catalog:770343db22e7e644578faf75b367bd8a6d729cba2b2e0e92104fc78f02c5195e"},"type":"Feature"},{"geometry":{"coordinates":[[[18.567774936061,45.323741007194],[18.633021400349,45.323741007194],[18.634191,45.327673],[18.634346,45.33284],[18.634036,45.337595],[18.634346,45.341522],[18.635276,45.344933],[18.637137,45.347413],[18.639617,45.349429],[18.64649,45.353098],[18.648816,45.356302],[18.650366,45.361107],[18.652846,45.384775],[18.653621,45.388496],[18.655017,45.391648],[18.661373,45.395576],[18.67145,45.399916],[18.695014,45.407616],[18.714135,45.416143],[18.721227621483,45.415891112508],[18.721227621483,45.431654676259],[18.684322938915,45.431654676259],[18.567774936061,45.431654676259],[18.567774936061,45.323741007194]]],"type":"Polygon"},"id":19,"properties":{"parentKey":"HRV:1159312539","sourceCountryId":"HRV","syntheticOperational":true,"territoryId":"territory:catalog:5e5556b5d37003b6445cb08db272dc6123de4fd0a7c4b8bcebc45a215f22151a"},"type":"Feature"},{"geometry":{"coordinates":[[[15.389773679799,44.389219675295],[15.4009,44.380134],[15.405241,44.377447],[15.410977,44.375431],[15.417798,44.374191],[15.494124,44.368765],[15.501928,44.367421],[15.51278,44.359567],[15.520818018194,44.352517985612],[15.540653813915,44.352517985612],[15.540653813915,44.460431654676],[15.497690046199,44.460431654676],[15.389773679799,44.460431654676],[15.389773679799,44.389219675295]]],"type":"Polygon"},"id":20,"properties":{"parentKey":"HRV:1159312507","sourceCountryId":"HRV","syntheticOperational":true,"territoryId":"territory:catalog:10ca5e33602b284ae1e1ae09fdc329c6365c2c7c1493a97ed5a5b9be5a7f4e6d"},"type":"Feature"},{"geometry":{"coordinates":[[[15.821656050955,45.208934701359],[15.824801,45.210988],[15.866634613182,45.215827338129],[15.821656050955,45.215827338129],[15.821656050955,45.208934701359]]],"type":"Polygon"},"id":21,"properties":{"parentKey":"HRV:1159312529","sourceCountryId":"HRV","syntheticOperational":true,"territoryId":"territory:catalog:95bd6372dde2496e47c4db8b4ea675bbcb69ac377509b071901dfa73012f2080"},"type":"Feature"},{"geometry":{"coordinates":[[[14.292491,44.940334],[14.301524,44.922309],[14.296235,44.91592],[14.295177,44.913072],[14.2942,44.908637],[14.314138,44.893785],[14.314583760505,44.892086330935],[14.314720812183,44.892086330935],[14.314720812183,44.939572496585],[14.301524,44.943427],[14.292491,44.940334]]],"type":"Polygon"},"id":22,"properties":{"parentKey":"HRV:1159312505","sourceCountryId":"HRV","syntheticOperational":true,"territoryId":"territory:catalog:640ab0f065a65600d9ba5924df3a263b59bbd1b84d4d68212514181771625e33"},"type":"Feature"},{"geometry":{"coordinates":[[[16.572890025575,45.323741007194],[16.697872340426,45.323741007194],[16.726342710997,45.323741007194],[16.726342710997,45.431654676259],[16.685177274669,45.431654676259],[16.572890025575,45.431654676259],[16.572890025575,45.323741007194]]],"type":"Polygon"},"id":23,"properties":{"parentKey":"HRV:1159312529","sourceCountryId":"HRV","syntheticOperational":true,"territoryId":"territory:catalog:186024276ce52566e391f8796d588eb19061613f8e187bb7ed4e027042f2c2f3"},"type":"Feature"},{"geometry":{"coordinates":[[[15.707724425887,44.136690647482],[15.831596498541,44.136690647482],[15.858037578288,44.136690647482],[15.858037578288,44.244604316547],[15.81589958159,44.244604316547],[15.707724425887,44.244604316547],[15.707724425887,44.136690647482]]],"type":"Polygon"},"id":24,"properties":{"parentKey":"HRV:1159312443","sourceCountryId":"HRV","syntheticOperational":true,"territoryId":"territory:catalog:a35bc526779a95ad507abcf503b298ea9064388a3017ed47eb695bf2dd10d3e9"},"type":"Feature"},{"geometry":{"coordinates":[[[17.778719796524,45.09912149744],[17.797497,45.081952],[17.815584,45.07017],[17.835738,45.064434],[17.84566,45.065261],[17.875219,45.073994],[17.902607,45.077766],[17.911185,45.081074],[17.927722,45.092029],[17.931326833404,45.095100502422],[17.931326833404,45.107913669065],[17.808917197452,45.107913669065],[17.778719796524,45.107913669065],[17.778719796524,45.09912149744]]],"type":"Polygon"},"id":25,"properties":{"parentKey":"HRV:1159312537","sourceCountryId":"HRV","syntheticOperational":true,"territoryId":"territory:catalog:f7b8e202aab7637907af45ffe6534d345e2fe5f46cf15e391042c755500aaaec"},"type":"Feature"},{"geometry":{"coordinates":[[[17.656050955414,45.165169288347],[17.684739,45.163963],[17.714505,45.152025],[17.741377,45.133267],[17.765737292524,45.110992438152],[17.769104349353,45.107913669065],[17.778719796524,45.107913669065],[17.808917197452,45.107913669065],[17.808917197452,45.215827338129],[17.782132747702,45.215827338129],[17.781995,45.212796],[17.781065,45.203649],[17.780135,45.200342],[17.778739,45.196931],[17.777189,45.193934],[17.775639,45.192022],[17.773623,45.190472],[17.770058,45.18887],[17.765252,45.187526],[17.759206,45.186389],[17.745408,45.185563],[17.728458,45.187475],[17.71156,45.191247],[17.70877,45.193521],[17.711095,45.198275],[17.721482,45.211608],[17.721637,45.212744],[17.719858592372,45.215827338129],[17.656050955414,45.215827338129],[17.656050955414,45.165169288347]]],"type":"Polygon"},"id":26,"properties":{"parentKey":"HRV:1159312537","sourceCountryId":"HRV","syntheticOperational":true,"territoryId":"territory:catalog:e43c6a647bc07f51cce968b96b2cfdb87f34c231f31ba6af5fa0269846bc7dab"},"type":"Feature"},{"geometry":{"coordinates":[[[17.124408092983,45.863309352518],[17.154612503157,45.863309352518],[17.14038,45.870275],[17.124408092983,45.880931051484],[17.124408092983,45.863309352518]]],"type":"Polygon"},"id":27,"properties":{"parentKey":"HRV:1159312549","sourceCountryId":"HRV","syntheticOperational":true,"territoryId":"territory:catalog:8a7ccb9e146069c49989e916a528225038885ebf393abe46e732c1c4307adcfe"},"type":"Feature"},{"geometry":{"coordinates":[[[16.363636363636,45.647482014388],[16.405648267009,45.647482014388],[16.518010291595,45.647482014388],[16.518010291595,45.713218132295],[16.512408,45.714678],[16.50507,45.715453],[16.50166,45.71752],[16.50073,45.721964],[16.50414,45.734366],[16.507551,45.741601],[16.511478,45.747699],[16.511478,45.754003],[16.509616849014,45.755395683453],[16.39175257732,45.755395683453],[16.374377184286,45.755395683453],[16.373192,45.749042],[16.372572,45.747389],[16.370247,45.745115],[16.366371,45.743616],[16.363636363636,45.743027933691],[16.363636363636,45.647482014388]]],"type":"Polygon"},"id":28,"properties":{"parentKey":"HRV:1159312529","sourceCountryId":"HRV","syntheticOperational":true,"territoryId":"territory:catalog:31b2cdd5a081e1e1f0d02ae9ed4ac294ed96936313875128db21bd6a48f52af9"},"type":"Feature"},{"geometry":{"coordinates":[[[18.419669994912,45.107913669065],[18.429293,45.102209],[18.45183,45.084959],[18.466087,45.074046],[18.481708,45.066921],[18.490788,45.06278],[18.51704,45.055856],[18.541121,45.055287],[18.539261,45.069343],[18.534403,45.081539],[18.534803,45.088412],[18.534456,45.088566],[18.533991,45.088773],[18.516831193477,45.107913669065],[18.420382165605,45.107913669065],[18.419669994912,45.107913669065]]],"type":"Polygon"},"id":29,"properties":{"parentKey":"HRV:1159312537","sourceCountryId":"HRV","syntheticOperational":true,"territoryId":"territory:catalog:a053fce0f6f6a673bad9ea31802ed1374466039e743571aeaa9da8aa87a11074"},"type":"Feature"},{"geometry":{"coordinates":[[[16.133828996283,43.52475677046],[16.239594,43.526557],[16.281098,43.536038],[16.282527881041,43.536203900401],[16.282527881041,43.597122302158],[16.241721854305,43.597122302158],[16.133828996283,43.597122302158],[16.133828996283,43.52475677046]]],"type":"Polygon"},"id":30,"properties":{"parentKey":"HRV:1159312433","sourceCountryId":"HRV","syntheticOperational":true,"territoryId":"territory:catalog:e0383bb19473ec26f5762d4a38cfcd392937d78f9ba2fe78aa663d8681ed6b8a"},"type":"Feature"},{"geometry":{"coordinates":[[[15.498721227622,45.323741007194],[15.625531914894,45.323741007194],[15.652173913043,45.323741007194],[15.652173913043,45.431654676259],[15.60871422469,45.431654676259],[15.498721227622,45.431654676259],[15.498721227622,45.323741007194]]],"type":"Polygon"},"id":31,"properties":{"parentKey":"HRV:1159312525","sourceCountryId":"HRV","syntheticOperational":true,"territoryId":"territory:catalog:2fd41a8eb3171d320fa23d624545ff73d5518564f0aa2c20aa79e2716a9b864d"},"type":"Feature"},{"geometry":{"coordinates":[[[17.647058823529,45.323741007194],[17.770212765957,45.323741007194],[17.800511508951,45.323741007194],[17.800511508951,45.431654676259],[17.761640324648,45.431654676259],[17.647058823529,45.431654676259],[17.647058823529,45.323741007194]]],"type":"Polygon"},"id":32,"properties":{"parentKey":"HRV:1159312541","sourceCountryId":"HRV","syntheticOperational":true,"territoryId":"territory:catalog:a44e50e4e185d1fd68baa091336449f57629d7b3f2c1de1b6926649ced173e75"},"type":"Feature"},{"geometry":{"coordinates":[[[15.959483,43.503974],[15.964366,43.503892],[15.965587,43.506171],[15.965505,43.509101],[15.966319,43.51081],[15.973481,43.503119],[15.985130111524,43.503246472563],[15.985130111524,43.523819474749],[15.983653,43.521064],[15.974376,43.51675],[15.966563,43.516913],[15.961274,43.515041],[15.959483,43.503974]]],"type":"Polygon"},"id":33,"properties":{"parentKey":"HRV:1159312439","sourceCountryId":"HRV","syntheticOperational":true,"territoryId":"territory:catalog:fb29f78eea8a9b2e6a264ca2f1c19dac667ba3b6e94b1a3e90a782b2ef0076aa"},"type":"Feature"},{"geometry":{"coordinates":[[[16.518010291595,45.647482014388],[16.559691912709,45.647482014388],[16.672384219554,45.647482014388],[16.672384219554,45.654348903521],[16.656069,45.659746],[16.63545,45.663001],[16.616795,45.662846],[16.611679,45.66512],[16.602377,45.671218],[16.587184,45.685015],[16.564705,45.697314],[16.551941,45.700983],[16.540779,45.702844],[16.532252,45.706254],[16.520935,45.712456],[16.518010291595,45.713218132295],[16.518010291595,45.647482014388]]],"type":"Polygon"},"id":34,"properties":{"parentKey":"HRV:1159312529","sourceCountryId":"HRV","syntheticOperational":true,"territoryId":"territory:catalog:41c24994397bc5f9a1c1516de1b3643c23358efe1619306fe42afb4d7304907a"},"type":"Feature"},{"geometry":{"coordinates":[[[18.874680306905,45.323741007194],[18.995744680851,45.323741007194],[19.028132992327,45.323741007194],[19.028132992327,45.346222872968],[19.014162,45.353423],[19.007523,45.359534],[18.996434,45.362088],[18.995688,45.36226],[18.977491,45.371209],[18.975527,45.39113],[18.997352,45.399775],[19.02262,45.402392],[19.028132992327,45.41114345546],[19.028132992327,45.419915868681],[19.020973264941,45.428264074259],[19.01806536027,45.431654676259],[18.991883810337,45.431654676259],[18.961951154765,45.431654676259],[18.952776,45.430302],[18.94363,45.430612],[18.940763620773,45.431654676259],[18.874680306905,45.431654676259],[18.874680306905,45.323741007194]]],"type":"Polygon"},"id":35,"properties":{"parentKey":"HRV:1159312543","sourceCountryId":"HRV","syntheticOperational":true,"territoryId":"territory:catalog:9e00f60f9120a6c68b1948f7a489ba80496229d84ee7119ac424f70686f36e7e"},"type":"Feature"},{"geometry":{"coordinates":[[[15.668789808917,45.206267970798],[15.704861,45.200859],[15.707341,45.201117],[15.710132,45.201996],[15.715713,45.205923],[15.718814,45.20737],[15.722276,45.2083],[15.736539,45.208559],[15.742895,45.207525],[15.746615,45.20644],[15.750336,45.20644],[15.759328,45.209799],[15.761653,45.209954],[15.763979,45.209437],[15.766459,45.208197],[15.769095,45.207318],[15.772505,45.206802],[15.777053,45.206853],[15.781187,45.20644],[15.784959,45.205251],[15.802064,45.196725],[15.802569,45.196473],[15.821656050955,45.208934701359],[15.821656050955,45.215827338129],[15.778723404255,45.215827338129],[15.668789808917,45.215827338129],[15.668789808917,45.206267970798]]],"type":"Polygon"},"id":36,"properties":{"parentKey":"HRV:1159312529","sourceCountryId":"HRV","syntheticOperational":true,"territoryId":"territory:catalog:d67ab09caf62e1b7d9a530297aba4fa043870e6c811181242350099a49e1a2ac"},"type":"Feature"},{"geometry":{"coordinates":[[[14.116224,45.464202],[14.117309,45.459034],[14.120875,45.451024],[14.129867,45.440948],[14.138858,45.434281],[14.145260217199,45.431654676259],[14.224690303289,45.431654676259],[14.224690303289,45.496126150261],[14.218698,45.497172],[14.193066,45.491901],[14.145524,45.476243],[14.119686,45.472884],[14.117321,45.472976],[14.116224,45.464202]]],"type":"Polygon"},"id":37,"properties":{"parentKey":"HRV:1159312505","sourceCountryId":"HRV","syntheticOperational":true,"territoryId":"territory:catalog:945d1f679d2342f3bc1639864a7ea52177267f1958cac53f6fa3e657271fdea1"},"type":"Feature"},{"geometry":{"coordinates":[[[16.20045,43.40705],[16.20338,43.39997],[16.213227,43.39411],[16.210297,43.393215],[16.207774,43.393134],[16.206391,43.391791],[16.207042,43.387274],[16.23227,43.384467],[16.242666738726,43.381294964029],[16.255670103093,43.381294964029],[16.255670103093,43.413168805993],[16.220063,43.415229],[16.205577,43.412909],[16.20045,43.40705]]],"type":"Polygon"},"id":38,"properties":{"parentKey":"HRV:1159312433","sourceCountryId":"HRV","syntheticOperational":true,"territoryId":"territory:catalog:041f88361675ad219b61c76e19e3ab4f8f28d0316073cc5dc35bafecdedf603c"},"type":"Feature"},{"geometry":{"coordinates":[[[16.405648267009,45.539568345324],[16.531396838958,45.539568345324],[16.559691912709,45.539568345324],[16.559691912709,45.647482014388],[16.518010291595,45.647482014388],[16.405648267009,45.647482014388],[16.405648267009,45.539568345324]]],"type":"Polygon"},"id":39,"properties":{"parentKey":"HRV:1159312529","sourceCountryId":"HRV","syntheticOperational":true,"territoryId":"territory:catalog:e111ab2b30138b5ea9d155dbea93199019bad7c1df0642a2a964c0e92d459d36"},"type":"Feature"},{"geometry":{"coordinates":[[[14.232595,44.626044],[14.239757,44.619859],[14.252208,44.616848],[14.264008,44.611558],[14.271169,44.612535],[14.265798,44.625393],[14.259044,44.634101],[14.256684,44.63703],[14.256358,44.642401],[14.258474,44.647854],[14.256847,44.653062],[14.257335,44.656724],[14.259451,44.658189],[14.260916,44.659491],[14.274181,44.661689],[14.28004,44.667792],[14.280392863616,44.676258992806],[14.26190160327,44.676258992806],[14.244151,44.661444],[14.235606,44.642239],[14.233572,44.634833],[14.232595,44.626044]]],"type":"Polygon"},"id":40,"properties":{"parentKey":"HRV:1159312505","sourceCountryId":"HRV","syntheticOperational":true,"territoryId":"territory:catalog:0eaf2bad78097de22b146108fe2225001b24e9fad739218c9c05fb57d85c24f8"},"type":"Feature"},{"geometry":{"coordinates":[[[14.774127923304,44.352517985612],[14.774181,44.352484],[14.785167,44.346869],[14.801036,44.343085],[14.811209,44.350043],[14.81043875085,44.352517985612],[14.786253143336,44.352517985612],[14.774127923304,44.352517985612]]],"type":"Polygon"},"id":41,"properties":{"parentKey":"HRV:1159312443","sourceCountryId":"HRV","syntheticOperational":true,"territoryId":"territory:catalog:ef3e75d8c8cb7b1a5f1b4b07608182d8910f193e56d453fe39f2545c1bc03328"},"type":"Feature"},{"geometry":{"coordinates":[[[17.562942868215,42.94964028777],[17.580089,42.942328],[17.580658,42.942084],[17.629572678326,42.94964028777],[17.562942868215,42.94964028777]]],"type":"Polygon"},"id":42,"properties":{"parentKey":"HRV:1159312431","sourceCountryId":"HRV","syntheticOperational":true,"territoryId":"territory:catalog:40864d6e3c1af95a2ee0194055c6de31a424ad9cd0eefbbd9e800a8fbaec6c70"},"type":"Feature"},{"geometry":{"coordinates":[[[16.237113402062,45.755395683453],[16.363636363636,45.755395683453],[16.374377184286,45.755395683453],[16.376913,45.76899],[16.384199,45.789453],[16.385129,45.795448],[16.384974,45.799944],[16.384199,45.804388],[16.381564,45.812036],[16.39175257732,45.811971117417],[16.39175257732,45.863309352518],[16.349547998278,45.863309352518],[16.237113402062,45.863309352518],[16.237113402062,45.755395683453]]],"type":"Polygon"},"id":43,"properties":{"parentKey":"HRV:1159312531","sourceCountryId":"HRV","syntheticOperational":true,"territoryId":"territory:catalog:5d10dae6322ac7ecbd07e7eab3136826837819fead4e06f20a21421f0037f012"},"type":"Feature"},{"geometry":{"coordinates":[[[16.658476658477,42.976781336112],[16.687755,42.973944],[16.706798,42.96955],[16.706798,42.962104],[16.675638719425,42.94964028777],[16.778413736713,42.94964028777],[16.805896805897,42.94964028777],[16.805896805897,42.965420677533],[16.768565,42.972235],[16.741384,42.980618],[16.72047,42.990058],[16.69752,42.99018],[16.674815,42.992906],[16.658476658477,42.992515533198],[16.658476658477,42.976781336112]]],"type":"Polygon"},"id":44,"properties":{"parentKey":"HRV:1159312431","sourceCountryId":"HRV","syntheticOperational":true,"territoryId":"territory:catalog:cd23178ee039ab7dd439d57f6ca083444886bce1fffd6437fd3cdead9bda61e9"},"type":"Feature"},{"geometry":{"coordinates":[[[17.045779470917,45.215827338129],[17.055734,45.200446],[17.098418,45.177657],[17.124628,45.169058],[17.124464,45.169336],[17.110563,45.192901],[17.097231,45.203029],[17.087309,45.207628],[17.082968,45.211918],[17.08166488729,45.215827338129],[17.045779470917,45.215827338129]]],"type":"Polygon"},"id":45,"properties":{"parentKey":"HRV:1159312529","sourceCountryId":"HRV","syntheticOperational":true,"territoryId":"territory:catalog:7522122d8edebb27748ade74928299e8313a74548a9ce36499d6ee3b238c5a25"},"type":"Feature"},{"geometry":{"coordinates":[[[16.691622,45.913839],[16.691777,45.904123],[16.695963,45.872652],[16.695653,45.8664],[16.695163134927,45.863309352518],[16.701030927835,45.863309352518],[16.814464055101,45.863309352518],[16.814464055101,45.971223021583],[16.694775514267,45.971223021583],[16.693483,45.96598],[16.692553,45.924226],[16.691622,45.913839]]],"type":"Polygon"},"id":46,"properties":{"parentKey":"HRV:1159312549","sourceCountryId":"HRV","syntheticOperational":true,"territoryId":"territory:catalog:e29f24aff0c2052e3bb8659dba435a3f559b1358ae081b7a66ffa830da1c4dd8"},"type":"Feature"},{"geometry":{"coordinates":[[[16.490924805532,46.146798533326],[16.494218,46.15124],[16.497009,46.158423],[16.500109,46.161782],[16.558732132404,46.187050359712],[16.519480519481,46.187050359712],[16.490924805532,46.187050359712],[16.490924805532,46.146798533326]]],"type":"Polygon"},"id":47,"properties":{"parentKey":"HRV:1159312555","sourceCountryId":"HRV","syntheticOperational":true,"territoryId":"territory:catalog:a1b6e27f0fca1f9831e26100494098fc0215a2598f062c0874d96a0b51004eed"},"type":"Feature"},{"geometry":{"coordinates":[[[15.773195876289,45.841235918856],[15.774004,45.840768],[15.810074,45.840975],[15.82258,45.832965],[15.846919,45.809401],[15.835912,45.798032],[15.813241,45.775717],[15.833562316547,45.755395683453],[15.90051457976,45.755395683453],[15.927835051546,45.755395683453],[15.927835051546,45.863309352518],[15.884631941455,45.863309352518],[15.773195876289,45.863309352518],[15.773195876289,45.841235918856]]],"type":"Polygon"},"id":48,"properties":{"parentKey":"HRV:1159312533","sourceCountryId":"HRV","syntheticOperational":true,"territoryId":"territory:catalog:455bf8e07b6cf2a60db30e72ff981d5d14bd7488e146abcecfa98ea1d607dc8c"},"type":"Feature"},{"geometry":{"coordinates":[[[18.940763620773,45.431654676259],[18.94363,45.430612],[18.952776,45.430302],[18.961951154765,45.431654676259],[18.940763620773,45.431654676259]]],"type":"Polygon"},"id":49,"properties":{"parentKey":"HRV:1159312539","sourceCountryId":"HRV","syntheticOperational":true,"territoryId":"territory:catalog:fae3f2b3420ab96aa91f2abbd59d40f9e881351c5fb341c2a3926ef8f68777fa"},"type":"Feature"},{"geometry":{"coordinates":[[[13.797693997761,44.892086330935],[13.804861,44.885403],[13.815278,44.883531],[13.834459459459,44.886795355267],[13.834459459459,44.892086330935],[13.797693997761,44.892086330935]]],"type":"Polygon"},"id":50,"properties":{"parentKey":"HRV:1159312535","sourceCountryId":"HRV","syntheticOperational":true,"territoryId":"territory:catalog:35aa2ce78232a3a3eaaa3ebdc36cb7e3332985082b0c4889c91ee49a47ba8508"},"type":"Feature"},{"geometry":{"coordinates":[[[14.224690303289,45.431654676259],[14.271099744246,45.431654676259],[14.378470739,45.431654676259],[14.378470739,45.480109950352],[14.372797,45.477845],[14.326805,45.4749],[14.280399,45.481101],[14.240608,45.493348],[14.224690303289,45.496126150261],[14.224690303289,45.431654676259]]],"type":"Polygon"},"id":51,"properties":{"parentKey":"HRV:1159312505","sourceCountryId":"HRV","syntheticOperational":true,"territoryId":"territory:catalog:99502f0ce1643853adaccbd86706c1e2d5041bb88700ff4e943e16108f987346"},"type":"Feature"},{"geometry":{"coordinates":[[[17.146518581803,45.431654676259],[17.186700767263,45.431654676259],[17.300299017514,45.431654676259],[17.300299017514,45.513510201882],[17.233605,45.505802],[17.222908,45.50668],[17.212521,45.511072],[17.198723,45.519082],[17.190042,45.52549],[17.185029,45.528281],[17.180378,45.528332],[17.173712,45.524198],[17.169061,45.520013],[17.159759,45.516343],[17.146737,45.514173],[17.146518581803,45.514166224219],[17.146518581803,45.431654676259]]],"type":"Polygon"},"id":52,"properties":{"parentKey":"HRV:1159312541","sourceCountryId":"HRV","syntheticOperational":true,"territoryId":"territory:catalog:5f908c378f5c2b838dc13ddb1b808e83af8a38e2a83385a4e823ad0a6d6a33d1"},"type":"Feature"},{"geometry":{"coordinates":[[[16.981132075472,45.647482014388],[17.021822849807,45.647482014388],[17.135506003431,45.647482014388],[17.135506003431,45.755395683453],[17.010309278351,45.755395683453],[16.981132075472,45.755395683453],[16.981132075472,45.647482014388]]],"type":"Polygon"},"id":53,"properties":{"parentKey":"HRV:1159312549","sourceCountryId":"HRV","syntheticOperational":true,"territoryId":"territory:catalog:9a323aa1c9e263ab06bd6b2f47f9bc4548568149020f08ab5acfffad57027059"},"type":"Feature"},{"geometry":{"coordinates":[[[15.671641791045,43.800685959686],[15.68214,43.797187],[15.692638,43.774604],[15.706309,43.763414],[15.771007,43.759955],[15.792166,43.754462],[15.803477,43.746405],[15.820895522388,43.739322493327],[15.820895522388,43.812949640288],[15.697674418605,43.812949640288],[15.678884,43.812949640288],[15.678884,43.811835],[15.671641791045,43.812357510673],[15.671641791045,43.800685959686]]],"type":"Polygon"},"id":54,"properties":{"parentKey":"HRV:1159312439","sourceCountryId":"HRV","syntheticOperational":true,"territoryId":"territory:catalog:d14843c84a50a539149d6e3627389494493e1dd03fc73e9fc9574169fb849c0a"},"type":"Feature"},{"geometry":{"coordinates":[[[17.424118129614,43.06390473564],[17.426117,43.065172],[17.427419,43.060858],[17.429602747272,43.057553956835],[17.542997542998,43.057553956835],[17.571780147662,43.057553956835],[17.571780147662,43.08967401035],[17.450913,43.148152],[17.449457,43.146307],[17.444496,43.143827],[17.437365,43.141191],[17.424118129614,43.140134200935],[17.424118129614,43.06390473564]]],"type":"Polygon"},"id":55,"properties":{"parentKey":"HRV:1159312431","sourceCountryId":"HRV","syntheticOperational":true,"territoryId":"territory:catalog:c5c5af999d34e795de3c67b8109649df93d1988decc95a07193fc594e2ba7720"},"type":"Feature"},{"geometry":{"coordinates":[[[19.035532994924,44.919845646198],[19.052098,44.906976],[19.06667,44.905684],[19.078659,44.910852],[19.087858,44.919326],[19.103567,44.93824],[19.113076,44.942426],[19.124548,44.94594],[19.131679,44.953175],[19.127649,44.968419],[19.118554,44.97555],[19.09809,44.970021],[19.087238,44.977101],[19.085171,44.987281],[19.088478,44.999477],[19.088684506811,45],[19.035532994924,45],[19.035532994924,44.919845646198]]],"type":"Polygon"},"id":56,"properties":{"parentKey":"HRV:1159312543","sourceCountryId":"HRV","syntheticOperational":true,"territoryId":"territory:catalog:848daf587680e03253c4e85e1ee3e2e1c6d18757930ab5c66d52a0556ef9672c"},"type":"Feature"},{"geometry":{"coordinates":[[[15.062511,44.161933],[15.071462,44.146389],[15.075531,44.140815],[15.072032,44.138821],[15.071137,44.138495],[15.070811,44.137641],[15.070262120815,44.136690647482],[15.081283868278,44.136690647482],[15.10556883062,44.136690647482],[15.062511,44.161933]]],"type":"Polygon"},"id":57,"properties":{"parentKey":"HRV:1159312443","sourceCountryId":"HRV","syntheticOperational":true,"territoryId":"territory:catalog:600c60902dc55cbfff134144c13c126620028efeb9479cd15544309932085de6"},"type":"Feature"},{"geometry":{"coordinates":[[[16.242399,46.16943],[16.246895,46.162041],[16.253716,46.153152],[16.254491,46.151912],[16.255112,46.148191],[16.255112,46.143024],[16.250926,46.129484],[16.250306,46.120648],[16.2486,46.112586],[16.253330985758,46.079136690647],[16.335350043215,46.079136690647],[16.335350043215,46.187050359712],[16.247134011558,46.187050359712],[16.242399,46.175115],[16.242399,46.16943]]],"type":"Polygon"},"id":58,"properties":{"parentKey":"HRV:1159312555","sourceCountryId":"HRV","syntheticOperational":true,"territoryId":"territory:catalog:2efe574010c04ac8eeb5319fb3f29f71be7579309e4abd058746ec4ae24db46b"},"type":"Feature"},{"geometry":{"coordinates":[[[15.858037578288,44.136690647482],[15.981659024594,44.136690647482],[16.008350730689,44.136690647482],[16.008350730689,44.244604316547],[15.966527196653,44.244604316547],[15.858037578288,44.244604316547],[15.858037578288,44.136690647482]]],"type":"Polygon"},"id":59,"properties":{"parentKey":"HRV:1159312443","sourceCountryId":"HRV","syntheticOperational":true,"territoryId":"territory:catalog:43c153c32959fef0de4474fb008bc19897f0b71f309c0ecdcd58379810926903"},"type":"Feature"},{"geometry":{"coordinates":[[[16.817625458996,42.74005787051],[16.820811,42.73607],[16.82675848398,42.73381294964],[16.847918252401,42.73381294964],[16.858165,42.742987],[16.874034,42.737616],[16.882172,42.736396],[16.883193188791,42.73381294964],[16.909541842765,42.73381294964],[16.924653,42.7414],[16.936371,42.75552],[16.93393,42.770941],[16.921072,42.777167],[16.858165,42.784003],[16.828136,42.780951],[16.817625458996,42.777654714939],[16.817625458996,42.768555410685],[16.818858,42.769355],[16.824067,42.764065],[16.822276,42.755113],[16.817625458996,42.753137145698],[16.817625458996,42.74005787051]]],"type":"Polygon"},"id":60,"properties":{"parentKey":"HRV:1159312431","sourceCountryId":"HRV","syntheticOperational":true,"territoryId":"territory:catalog:019046f5f78f94a56966015c93522bd318ff0d14114d981318ef28c080ae2384"},"type":"Feature"},{"geometry":{"coordinates":[[[14.786253143336,44.352517985612],[14.81043875085,44.352517985612],[14.805675,44.367825],[14.797862,44.377672],[14.796723,44.381293],[14.799653,44.387641],[14.805024,44.395738],[14.803233,44.405504],[14.79477,44.414496],[14.786253143336,44.41767494793],[14.786253143336,44.352517985612]]],"type":"Polygon"},"id":61,"properties":{"parentKey":"HRV:1159312443","sourceCountryId":"HRV","syntheticOperational":true,"territoryId":"territory:catalog:e12925dfc97884f3d2b7b59620022daa466540ec6d18bb40812b9927a1b3e59c"},"type":"Feature"},{"geometry":{"coordinates":[[[17.426117,43.044623],[17.432302,43.0362],[17.440684,43.032294],[17.45045,43.031155],[17.460216,43.030992],[17.440684,43.019965],[17.433604,43.017401],[17.45338,43.022773],[17.47169,43.030463],[17.487966,43.03498],[17.501964,43.030992],[17.479177,43.022406],[17.470876,43.013414],[17.47462,43.001166],[17.488292,42.982611],[17.498546,42.972154],[17.515636,42.958889],[17.534516,42.950629],[17.542997542998,42.953250730838],[17.542997542998,43.057553956835],[17.429602747272,43.057553956835],[17.433604,43.0515],[17.426117,43.044623]]],"type":"Polygon"},"id":62,"properties":{"parentKey":"HRV:1159312431","sourceCountryId":"HRV","syntheticOperational":true,"territoryId":"territory:catalog:aabb0d16e9c876bb030d5de7468a8a56b5975d258a3599b186b359d8f63cbcdf"},"type":"Feature"},{"geometry":{"coordinates":[[[18.061749571184,45.651254827225],[18.071806782377,45.647482014388],[18.100128369705,45.647482014388],[18.216123499142,45.647482014388],[18.216123499142,45.755395683453],[18.092783505155,45.755395683453],[18.061749571184,45.755395683453],[18.061749571184,45.651254827225]]],"type":"Polygon"},"id":63,"properties":{"parentKey":"HRV:1159312539","sourceCountryId":"HRV","syntheticOperational":true,"territoryId":"territory:catalog:83a4fc743280c4a40e9a8e96f116b0a68f357ebf88befa2ceb8db363dc628846"},"type":"Feature"},{"geometry":{"coordinates":[[[15.94351732991,45.539568345324],[16.070055531824,45.539568345324],[16.09756097561,45.539568345324],[16.09756097561,45.540455170139],[16.093571,45.54399],[16.076518,45.553602],[16.072797,45.556444],[16.070317,45.559855],[16.069231,45.563834],[16.068921,45.571172],[16.066751,45.574635],[16.0621,45.577218],[16.053367,45.57944],[16.049491,45.581042],[16.047011,45.583833],[16.04577,45.589156],[16.04639,45.594013],[16.049181,45.597475],[16.054297,45.599129],[16.075898,45.59732],[16.085509,45.598251],[16.092796,45.600628],[16.09756097561,45.603327577926],[16.09756097561,45.647482014388],[16.054888507719,45.647482014388],[15.94351732991,45.647482014388],[15.94351732991,45.539568345324]]],"type":"Polygon"},"id":64,"properties":{"parentKey":"HRV:1159312531","sourceCountryId":"HRV","syntheticOperational":true,"territoryId":"territory:catalog:2c2776d840b73257eb8ef12bb85408080b92c622e9e7f5418eb34446e5ba7d23"},"type":"Feature"},{"geometry":{"coordinates":[[[15.468539665945,43.920863309353],[15.473643,43.919135],[15.482432,43.917141],[15.497732,43.915513],[15.512218,43.911078],[15.524913,43.900458],[15.545177,43.877631],[15.546886,43.876573],[15.54689098969,43.876569870269],[15.547041,43.87665],[15.548172757475,43.877455137228],[15.548172757475,43.920863309353],[15.505617977528,43.920863309353],[15.468539665945,43.920863309353]]],"type":"Polygon"},"id":65,"properties":{"parentKey":"HRV:1159312443","sourceCountryId":"HRV","syntheticOperational":true,"territoryId":"territory:catalog:4718be10d6c169d7dcf80bec86965f8192562efb5fa8b6376cba19d729319629"},"type":"Feature"},{"geometry":{"coordinates":[[[15.896103896104,46.227769530136],[15.937922,46.218058],[15.944123,46.215061],[15.948825,46.21103],[15.951306,46.204105],[15.952546,46.198937],[15.955337,46.19563],[15.959987,46.193666],[15.969444,46.192995],[15.983242,46.19346],[15.991458,46.19253],[16.013056941079,46.187050359712],[16.024200518583,46.187050359712],[16.047483445141,46.187050359712],[16.051196,46.188189],[16.051948051948,46.188338135521],[16.051948051948,46.294964028777],[16.008676789588,46.294964028777],[16.008189623139,46.294964028777],[15.998434,46.291542],[15.993668,46.290613],[15.982001,46.288339],[15.948721,46.284204],[15.918903,46.272827],[15.896103896104,46.264128083572],[15.896103896104,46.227769530136]]],"type":"Polygon"},"id":66,"properties":{"parentKey":"HRV:1159312555","sourceCountryId":"HRV","syntheticOperational":true,"territoryId":"territory:catalog:86a5b8ff00a2954326b044fb96e81fba0c90d04efc5a48b2054dd1d303586163"},"type":"Feature"},{"geometry":{"coordinates":[[[15.050675675676,44.78417266187],[15.094816687737,44.78417266187],[15.202702702703,44.78417266187],[15.202702702703,44.892086330935],[15.07614213198,44.892086330935],[15.050675675676,44.892086330935],[15.050675675676,44.78417266187]]],"type":"Polygon"},"id":67,"properties":{"parentKey":"HRV:1159312507","sourceCountryId":"HRV","syntheticOperational":true,"territoryId":"territory:catalog:7a3e570f99faf316503534a046ebef667b54fe697f21b30eb78799ddcce30b81"},"type":"Feature"},{"geometry":{"coordinates":[[[17.598627787307,45.647482014388],[17.637997432606,45.647482014388],[17.753001715266,45.647482014388],[17.753001715266,45.755395683453],[17.628865979381,45.755395683453],[17.598627787307,45.755395683453],[17.598627787307,45.647482014388]]],"type":"Polygon"},"id":68,"properties":{"parentKey":"HRV:1159312547","sourceCountryId":"HRV","syntheticOperational":true,"territoryId":"territory:catalog:311712e50cd97360e6a52bf6221575e61c7491d4907d3817f75c6b905aa152e3"},"type":"Feature"},{"geometry":{"coordinates":[[[15.012765957447,45.320711634155],[15.019133195494,45.323741007194],[15.012765957447,45.323741007194],[15.012765957447,45.320711634155]]],"type":"Polygon"},"id":69,"properties":{"parentKey":"HRV:1159312505","sourceCountryId":"HRV","syntheticOperational":true,"territoryId":"territory:catalog:c44ef304845c4cb7bc12246a3e12e2f11361122a1ee45aae3a1b0cc893c0a6f3"},"type":"Feature"},{"geometry":{"coordinates":[[[15.765839,45.846298],[15.768113,45.844179],[15.773195876289,45.841235918856],[15.773195876289,45.863309352518],[15.7708,45.863309352518],[15.7708,45.861129],[15.765839,45.846298]]],"type":"Polygon"},"id":70,"properties":{"parentKey":"HRV:1159312533","sourceCountryId":"HRV","syntheticOperational":true,"territoryId":"territory:catalog:28769ac4fcb327ae86ced88f70e73cb0e2c4e4c6bc5746ea574da7f38e766690"},"type":"Feature"},{"geometry":{"coordinates":[[[15.916275096113,45.431654676259],[15.959079283887,45.431654676259],[16.070055531824,45.431654676259],[16.070055531824,45.495871301248],[16.046545,45.475881],[16.037244,45.48203],[16.032903,45.483891],[16.025306,45.485648],[16.01523,45.486113],[16.007426,45.485234],[15.999985,45.481152],[15.992078,45.475312],[15.977816,45.472729],[15.935906,45.474796],[15.92769,45.484201],[15.92831,45.496396],[15.928775,45.500014],[15.928465,45.503114],[15.922884,45.511279],[15.916275096113,45.516543115499],[15.916275096113,45.431654676259]]],"type":"Polygon"},"id":71,"properties":{"parentKey":"HRV:1159312529","sourceCountryId":"HRV","syntheticOperational":true,"territoryId":"territory:catalog:fe880fa3d1569b9a9d46216b32274abcfed0045f0e11e67c9758cc00e05ee041"},"type":"Feature"},{"geometry":{"coordinates":[[[16.419437340153,45.323741007194],[16.544680851064,45.323741007194],[16.572890025575,45.323741007194],[16.572890025575,45.431654676259],[16.531396838958,45.431654676259],[16.419437340153,45.431654676259],[16.419437340153,45.323741007194]]],"type":"Polygon"},"id":72,"properties":{"parentKey":"HRV:1159312529","sourceCountryId":"HRV","syntheticOperational":true,"territoryId":"territory:catalog:f1dc1dca34298342cdb507af7922621187cdaae2075a20a5c5cc08303fdc0e22"},"type":"Feature"},{"geometry":{"coordinates":[[[15.685279187817,44.937724887616],[15.688738,44.936069],[15.703621,44.933227],[15.707031,44.932038],[15.711372,44.929661],[15.718814,44.929093],[15.725376,44.929403],[15.733438,44.934053],[15.734108,44.93444],[15.738811,44.944855],[15.763616,44.97555],[15.76744,44.993224],[15.764785132195,45],[15.685279187817,45],[15.685279187817,44.937724887616]]],"type":"Polygon"},"id":73,"properties":{"parentKey":"HRV:1159312525","sourceCountryId":"HRV","syntheticOperational":true,"territoryId":"territory:catalog:ece212646d6a3e5f129a114abd62bb8aecab49ed548181bb87f1d221d0b88489"},"type":"Feature"},{"geometry":{"coordinates":[[[14.573972022043,45.025117034376],[14.590668,45.023261],[14.616954,45.024644],[14.603282,45.032172],[14.603282,45.038967],[14.62086,45.0456],[14.626313,45.037258],[14.62379,45.00141],[14.623854872407,45],[14.726579058923,45],[14.726579058923,45.073179679285],[14.695974,45.073432],[14.678071,45.07746],[14.665294,45.087348],[14.659076107676,45.107913669065],[14.59872611465,45.107913669065],[14.573972022043,45.107913669065],[14.573972022043,45.025117034376]]],"type":"Polygon"},"id":74,"properties":{"parentKey":"HRV:1159312505","sourceCountryId":"HRV","syntheticOperational":true,"territoryId":"territory:catalog:42d5f730c7d07fdb8fddd97ff12bdbab605ffa049382afba74b93fcad2a2940d"},"type":"Feature"},{"geometry":{"coordinates":[[[16.466933,45.960812],[16.469414,45.958849],[16.475305,45.958125],[16.488792,45.960709],[16.495924,45.96412],[16.499644,45.96629],[16.502745,45.970993],[16.502928054301,45.971223021583],[16.470821498061,45.971223021583],[16.468794,45.966807],[16.466933,45.960812]]],"type":"Polygon"},"id":75,"properties":{"parentKey":"HRV:1159312551","sourceCountryId":"HRV","syntheticOperational":true,"territoryId":"territory:catalog:53d7806e94434549d3051d1603572e50aefb474b3a15de5b2d1249121e1a3dc4"},"type":"Feature"},{"geometry":{"coordinates":[[[18.081615,45.271501],[18.120734,45.250572],[18.121509,45.249951],[18.122439,45.24897],[18.12554,45.246696],[18.134222,45.242923],[18.200988,45.225405],[18.223777,45.223028],[18.229787234043,45.223339578375],[18.229787234043,45.323741007194],[18.107416879795,45.323741007194],[18.103070990006,45.323741007194],[18.104456,45.319715],[18.107092,45.315426],[18.109572,45.312273],[18.108177,45.302351],[18.081615,45.271501]]],"type":"Polygon"},"id":76,"properties":{"parentKey":"HRV:1159312539","sourceCountryId":"HRV","syntheticOperational":true,"territoryId":"territory:catalog:0e347a6a05724417292a5c5a37fb51be1d113bc96f12b14b0228cd7ce895b9d5"},"type":"Feature"},{"geometry":{"coordinates":[[[16.831168831169,46.187050359712],[16.957649092481,46.187050359712],[16.987012987013,46.187050359712],[16.987012987013,46.203668782208],[16.974808,46.210565],[16.9653,46.219454],[16.940702,46.251493],[16.903288,46.281931],[16.896054,46.286271],[16.889232,46.292163],[16.887835638099,46.294964028777],[16.831168831169,46.294964028777],[16.831168831169,46.187050359712]]],"type":"Polygon"},"id":77,"properties":{"parentKey":"HRV:1159312551","sourceCountryId":"HRV","syntheticOperational":true,"territoryId":"territory:catalog:befacddc0d9d9167f6e6c7c93d12918a41aee7652f2c26a4999a0898bb9b03f0"},"type":"Feature"},{"geometry":{"coordinates":[[[16.404494382022,43.920863309353],[16.445182724253,43.920863309353],[16.554307116105,43.920863309353],[16.554307116105,43.939090110443],[16.52744707157,43.967858923344],[16.527446,43.967859],[16.494218,43.970236],[16.484452,43.968376],[16.470344,43.964294],[16.436651,43.948222],[16.418357,43.93551],[16.416497,43.930239],[16.414327,43.92595],[16.410451,43.922591],[16.404494382022,43.921065789507],[16.404494382022,43.920863309353]]],"type":"Polygon"},"id":78,"properties":{"parentKey":"HRV:1159312433","sourceCountryId":"HRV","syntheticOperational":true,"territoryId":"territory:catalog:e4b31a3f53af89e1ae7a92ffda807462cc147b884463cacd63f2cd6cf21b84f9"},"type":"Feature"},{"geometry":{"coordinates":[[[15.951280974381,44.460431654676],[15.993294216262,44.460431654676],[16.102477950441,44.460431654676],[16.102477950441,44.532660898876],[16.0837,44.534905],[16.04732,44.52333],[16.026649,44.52519],[16.006082,44.541003],[16.013937,44.557023],[16.026260171551,44.568345323741],[15.978123685318,44.568345323741],[15.951280974381,44.568345323741],[15.951280974381,44.460431654676]]],"type":"Polygon"},"id":79,"properties":{"parentKey":"HRV:1159312443","sourceCountryId":"HRV","syntheticOperational":true,"territoryId":"territory:catalog:3d7e56958a67a80e41972735008499a15bafd8b837d2cb951db82d2ef693f58f"},"type":"Feature"},{"geometry":{"coordinates":[[[16.855974545182,43.165467625899],[16.861133935908,43.165467625899],[16.861133935908,43.167531255392],[16.855974545182,43.165467625899]]],"type":"Polygon"},"id":80,"properties":{"parentKey":"HRV:1159312433","sourceCountryId":"HRV","syntheticOperational":true,"territoryId":"territory:catalog:203c020134ef906b156d8a996d69ad282b62f8f36af70b7b442c2ae33edf1842"},"type":"Feature"},{"geometry":{"coordinates":[[[14.791403286979,44.745235393612],[14.821462,44.720649],[14.84962,44.703192],[14.85906,44.717353],[14.851248,44.737291],[14.822439,44.77143],[14.811534,44.779202],[14.799579681851,44.78417266187],[14.791403286979,44.78417266187],[14.791403286979,44.745235393612]]],"type":"Polygon"},"id":81,"properties":{"parentKey":"HRV:1159312505","sourceCountryId":"HRV","syntheticOperational":true,"territoryId":"territory:catalog:b868621e35d4a11a7722b492706105e3849d3270c0dd91c3e2c0e5030501977a"},"type":"Feature"},{"geometry":{"coordinates":[[[17.186700767263,45.351152185518],[17.224923,45.373562],[17.237325,45.378781],[17.25071,45.38059],[17.267143,45.377024],[17.277685,45.372321],[17.290087,45.369789],[17.304246,45.370771],[17.340153452685,45.38232191379],[17.340153452685,45.431654676259],[17.300299017514,45.431654676259],[17.186700767263,45.431654676259],[17.186700767263,45.351152185518]]],"type":"Polygon"},"id":82,"properties":{"parentKey":"HRV:1159312541","sourceCountryId":"HRV","syntheticOperational":true,"territoryId":"territory:catalog:7bdc9111db4db810fd5a7cc75bd0ad58b17746075394363126cbf1866e73b6a2"},"type":"Feature"},{"geometry":{"coordinates":[[[16.525319061342,43.278743504482],[16.540951480642,43.27524282354],[16.549264204861,43.273381294964],[16.565324568611,43.273381294964],[16.673528200906,43.273381294964],[16.673528200906,43.377407093754],[16.535958718847,43.381162164255],[16.53109351162,43.381294964029],[16.525319061342,43.381294964029],[16.525319061342,43.278743504482]]],"type":"Polygon"},"id":83,"properties":{"parentKey":"HRV:1159312433","sourceCountryId":"HRV","syntheticOperational":true,"territoryId":"territory:catalog:fd2e15ae440177eb80c600291e8b279f6cfba5885f302204faa0d042e7579834"},"type":"Feature"},{"geometry":{"coordinates":[[[16.23829787234,45.215827338129],[16.28025477707,45.215827338129],[16.391489361702,45.215827338129],[16.391489361702,45.323741007194],[16.265984654731,45.323741007194],[16.23829787234,45.323741007194],[16.23829787234,45.215827338129]]],"type":"Polygon"},"id":84,"properties":{"parentKey":"HRV:1159312529","sourceCountryId":"HRV","syntheticOperational":true,"territoryId":"territory:catalog:49d292f218d41b02f687344286b6c12bf4c6bbd3347405b93895a00dad2cf9f6"},"type":"Feature"},{"geometry":{"coordinates":[[[14.443735604311,45.323741007194],[14.510509,45.29975],[14.524425,45.288764],[14.533051,45.283881],[14.543305,45.28384],[14.551931,45.288072],[14.553191489362,45.290885772396],[14.553191489362,45.297147988041],[14.552257,45.297675],[14.534353,45.31269],[14.553191489362,45.302850147213],[14.553191489362,45.323741007194],[14.443735604311,45.323741007194]]],"type":"Polygon"},"id":85,"properties":{"parentKey":"HRV:1159312505","sourceCountryId":"HRV","syntheticOperational":true,"territoryId":"territory:catalog:495b4a984c6103cd36a90d06001524216b4ca488f76420e1fd0e45ec0370dd75"},"type":"Feature"},{"geometry":{"coordinates":[[[16.25468164794,43.92331485724],[16.303377,43.933598],[16.313764,43.93923],[16.318725,43.940884],[16.324616,43.941194],[16.330973,43.940884],[16.340119,43.938197],[16.344512,43.936337],[16.350868,43.926208],[16.376828864138,43.920863309353],[16.403703607941,43.920863309353],[16.404494382022,43.921065789507],[16.404494382022,44.028776978417],[16.281784076699,44.028776978417],[16.25468164794,44.028776978417],[16.25468164794,43.92331485724]]],"type":"Polygon"},"id":86,"properties":{"parentKey":"HRV:1159312443","sourceCountryId":"HRV","syntheticOperational":true,"territoryId":"territory:catalog:91d33c688b15dfac4d3e5f4c8b2a2ebd6946694fcba1cbce2c59c30f2416dbef"},"type":"Feature"},{"geometry":{"coordinates":[[[15.540653813915,44.352517985612],[15.573088533837,44.352517985612],[15.576238,44.352797],[15.589106,44.356621],[15.599958,44.364217],[15.615977,44.379307],[15.624504,44.390056],[15.63086,44.401528],[15.634736,44.411346],[15.635511,44.418064],[15.633961,44.421682],[15.630395,44.423749],[15.626674,44.425506],[15.622954,44.427624],[15.620318,44.430467],[15.619078,44.434084],[15.618148,44.437856],[15.615822,44.440388],[15.611482,44.442249],[15.606159,44.443851],[15.601818,44.445763],[15.598097,44.447985],[15.593757,44.452067],[15.591121,44.457235],[15.593252332219,44.460431654676],[15.540653813915,44.460431654676],[15.540653813915,44.352517985612]]],"type":"Polygon"},"id":87,"properties":{"parentKey":"HRV:1159312507","sourceCountryId":"HRV","syntheticOperational":true,"territoryId":"territory:catalog:61d8ac445c9fe538026ad4f979e93aac99be42389bc42b8603bb8bb54f6cf10e"},"type":"Feature"},{"geometry":{"coordinates":[[[16.216216216216,43.036830566476],[16.221934,43.040269],[16.233735,43.0515],[16.245056459654,43.057553956835],[16.242821985234,43.057553956835],[16.216216216216,43.057553956835],[16.216216216216,43.036830566476]]],"type":"Polygon"},"id":88,"properties":{"parentKey":"HRV:1159312433","sourceCountryId":"HRV","syntheticOperational":true,"territoryId":"territory:catalog:563802632c74c0ea8e71c46181d7df6e3e74e32da4bd018d2ef9ac673d62fc5e"},"type":"Feature"},{"geometry":{"coordinates":[[[14.271099744246,45.323741007194],[14.293644930288,45.323741007194],[14.311534,45.34398],[14.329763,45.35399],[14.345876,45.35163],[14.363617,45.344631],[14.402354,45.338609],[14.424552429668,45.330633328247],[14.424552429668,45.431654676259],[14.378470739,45.431654676259],[14.271099744246,45.431654676259],[14.271099744246,45.323741007194]]],"type":"Polygon"},"id":89,"properties":{"parentKey":"HRV:1159312505","sourceCountryId":"HRV","syntheticOperational":true,"territoryId":"territory:catalog:59dbdc43d997b3b2c4a68b9a2a78281875e2e2bb61cd5151738046f7adc8dbbd"},"type":"Feature"},{"geometry":{"coordinates":[[[14.363897097916,44.78417266187],[14.364268,44.7744],[14.368175,44.761054],[14.374522,44.753852],[14.383556,44.757758],[14.38738,44.755805],[14.389903,44.754055],[14.392751,44.752509],[14.397227,44.751614],[14.394542,44.707587],[14.415027845919,44.676258992806],[14.463609591923,44.676258992806],[14.48798988622,44.676258992806],[14.48798988622,44.689971937822],[14.485606,44.692084],[14.472179,44.707953],[14.466075,44.729804],[14.467621,44.742133],[14.473888,44.754543],[14.472911,44.765204],[14.469249,44.773098],[14.460019863091,44.78417266187],[14.442567567568,44.78417266187],[14.363897097916,44.78417266187]]],"type":"Polygon"},"id":90,"properties":{"parentKey":"HRV:1159312505","sourceCountryId":"HRV","syntheticOperational":true,"territoryId":"territory:catalog:6ea2b1378fa2ed6c77c246175de684451a460d8126a7c9b368cb453b73eb5bdf"},"type":"Feature"},{"geometry":{"coordinates":[[[14.875500148256,44.136690647482],[14.914209151983,44.106972633498],[14.931221342226,44.093911886414],[14.931221342226,44.131644733675],[14.92234770028,44.136690647482],[14.875500148256,44.136690647482]]],"type":"Polygon"},"id":91,"properties":{"parentKey":"HRV:1159312443","sourceCountryId":"HRV","syntheticOperational":true,"territoryId":"territory:catalog:64dde4fdb06a4e68c39732f2685c4c84b0aaf5a01b3d6a3ff873d6267409e841"},"type":"Feature"},{"geometry":{"coordinates":[[[14.431833404346,44.568345323741],[14.437999,44.564643],[14.439311213776,44.563427767403],[14.439311213776,44.568345323741],[14.431833404346,44.568345323741]]],"type":"Polygon"},"id":92,"properties":{"parentKey":"HRV:1159312505","sourceCountryId":"HRV","syntheticOperational":true,"territoryId":"territory:catalog:516370bc2fca08ad0319fd860814e39ae645c614a8854d47fad23b90c1a6f8a8"},"type":"Feature"},{"geometry":{"coordinates":[[[15.381408920383,44.028776978417],[15.505617977528,44.028776978417],[15.531471446436,44.028776978417],[15.531471446436,44.136690647482],[15.407098121086,44.136690647482],[15.381408920383,44.136690647482],[15.381408920383,44.028776978417]]],"type":"Polygon"},"id":93,"properties":{"parentKey":"HRV:1159312443","sourceCountryId":"HRV","syntheticOperational":true,"territoryId":"territory:catalog:6f1fad4d3d142cec53266b947d9f392ba308edf74d5bf7624c4c4791d52e11d2"},"type":"Feature"},{"geometry":{"coordinates":[[[16.405772,43.332709],[16.421886,43.317572],[16.500743,43.284247],[16.525319061342,43.278743504482],[16.525319061342,43.381294964029],[16.433699493081,43.381294964029],[16.439708,43.370917],[16.453461,43.353176],[16.441661,43.351223],[16.434906,43.346422],[16.434255,43.339911],[16.439789,43.332709],[16.434337,43.331732],[16.429698,43.332465],[16.426768,43.331488],[16.42628,43.325181],[16.419444,43.325181],[16.413829,43.328843],[16.405772,43.332709]]],"type":"Polygon"},"id":94,"properties":{"parentKey":"HRV:1159312433","sourceCountryId":"HRV","syntheticOperational":true,"territoryId":"territory:catalog:33f0da1510211b308621d66c3200f2ee3b59660bf0abab968875f4d6d43f3eab"},"type":"Feature"},{"geometry":{"coordinates":[[[14.884910485934,45.323741007194],[15.012765957447,45.323741007194],[15.019133195494,45.323741007194],[15.029243,45.328551],[15.033584,45.328603],[15.038363171356,45.327871460172],[15.038363171356,45.431654676259],[14.993592481845,45.431654676259],[14.884910485934,45.431654676259],[14.884910485934,45.323741007194]]],"type":"Polygon"},"id":95,"properties":{"parentKey":"HRV:1159312505","sourceCountryId":"HRV","syntheticOperational":true,"territoryId":"territory:catalog:655771c906ade72ad0999d1f8a1e82c747edbaddf615d606bfe63142d1f5784f"},"type":"Feature"},{"geometry":{"coordinates":[[[17.493606138107,45.33264496357],[17.495553,45.331239],[17.504233458428,45.323741007194],[17.617021276596,45.323741007194],[17.647058823529,45.323741007194],[17.647058823529,45.431654676259],[17.607859888936,45.431654676259],[17.493606138107,45.431654676259],[17.493606138107,45.33264496357]]],"type":"Polygon"},"id":96,"properties":{"parentKey":"HRV:1159312541","sourceCountryId":"HRV","syntheticOperational":true,"territoryId":"territory:catalog:b5b6d5a0f86ebe6176e2208a2bedf22c851c36794bd04020b99daba8db38a1bd"},"type":"Feature"},{"geometry":{"coordinates":[[[16.42628,43.39411],[16.433699493081,43.381294964029],[16.525319061342,43.381294964029],[16.53109351162,43.381294964029],[16.493907,43.38231],[16.453461,43.39411],[16.447032,43.394843],[16.42628,43.39411]]],"type":"Polygon"},"id":97,"properties":{"parentKey":"HRV:1159312433","sourceCountryId":"HRV","syntheticOperational":true,"territoryId":"territory:catalog:b3d8b5142c663feb7f09031e059d738cd6f8d4dc84146097525efbb8f27c20d5"},"type":"Feature"},{"geometry":{"coordinates":[[[15.805243445693,43.920863309353],[15.847176079734,43.920863309353],[15.886453248195,43.920863309353],[15.877874,43.927758],[15.874153,43.929825],[15.838651,43.939127],[15.826197,43.939541],[15.805888,43.937008],[15.805243445693,43.937127417515],[15.805243445693,43.920863309353]]],"type":"Polygon"},"id":98,"properties":{"parentKey":"HRV:1159312439","sourceCountryId":"HRV","syntheticOperational":true,"territoryId":"territory:catalog:7ade4ad5a8cfc380788d4b742d9a620a82f9c50c324e852819da88f48de83c19"},"type":"Feature"},{"geometry":{"coordinates":[[[16.377616403246,45.431654676259],[16.419437340153,45.431654676259],[16.531396838958,45.431654676259],[16.531396838958,45.539568345324],[16.405648267009,45.539568345324],[16.377616403246,45.539568345324],[16.377616403246,45.431654676259]]],"type":"Polygon"},"id":99,"properties":{"parentKey":"HRV:1159312529","sourceCountryId":"HRV","syntheticOperational":true,"territoryId":"territory:catalog:bcb0cd29f242359bd0f6ace29a39909ecc2b92f152727bf78d1e5780d3876a17"},"type":"Feature"},{"geometry":{"coordinates":[[[14.201542,45.177966],[14.202627,45.171558],[14.207019,45.165202],[14.211154,45.161533],[14.233995,45.15466],[14.234682,45.154574],[14.234711920228,45.154570254527],[14.247732,45.186469],[14.252283082592,45.215827338129],[14.246808510638,45.215827338129],[14.202309547445,45.215827338129],[14.203092,45.196001],[14.201697,45.186751],[14.201542,45.177966]]],"type":"Polygon"},"id":100,"properties":{"parentKey":"HRV:1159312505","sourceCountryId":"HRV","syntheticOperational":true,"territoryId":"territory:catalog:9800187570b22d3d69865407bfe6ea1ebf25a263e16754df5f6ee398ca4f9330"},"type":"Feature"},{"geometry":{"coordinates":[[[16.789587852495,46.298406840997],[16.791358,46.297743],[16.794385810356,46.294964028777],[16.821667098812,46.294964028777],[16.844895,46.331591],[16.846032,46.334226],[16.847375,46.339084],[16.855643,46.357843],[16.859411,46.364758],[16.850475,46.373062],[16.837659,46.381873],[16.832388,46.381925],[16.830218,46.377351],[16.827531,46.374018],[16.820916,46.3781],[16.816575,46.381976],[16.812338,46.385025],[16.807894,46.387351],[16.803449,46.388694],[16.789587852495,46.39084498289],[16.789587852495,46.298406840997]]],"type":"Polygon"},"id":101,"properties":{"parentKey":"HRV:1159312553","sourceCountryId":"HRV","syntheticOperational":true,"territoryId":"territory:catalog:287184c982cdc199915bab49af114d4c42e738151315b8bef3b1ba83fcaaf333"},"type":"Feature"},{"geometry":{"coordinates":[[[16.015090617222,45.215827338129],[16.020448,45.213934],[16.029233,45.205045],[16.028716,45.19626],[16.024996,45.188922],[16.024375,45.184323],[16.033057,45.179724],[16.054968,45.176417],[16.067474,45.169595],[16.08277,45.151612],[16.104061,45.112545],[16.108998786968,45.107913669065],[16.127388535032,45.107913669065],[16.127388535032,45.215827338129],[16.085106382979,45.215827338129],[16.015090617222,45.215827338129]]],"type":"Polygon"},"id":102,"properties":{"parentKey":"HRV:1159312529","sourceCountryId":"HRV","syntheticOperational":true,"territoryId":"territory:catalog:c2d6d1d07060dd7e237204bdc68ee6de570e290cd2bc09fad9e53a32968e871f"},"type":"Feature"},{"geometry":{"coordinates":[[[16.25468164794,43.920863309353],[16.295681063123,43.920863309353],[16.348482499681,43.920863309353],[16.350868,43.926208],[16.344512,43.936337],[16.340119,43.938197],[16.330973,43.940884],[16.324616,43.941194],[16.318725,43.940884],[16.313764,43.93923],[16.303377,43.933598],[16.25468164794,43.92331485724],[16.25468164794,43.920863309353]]],"type":"Polygon"},"id":103,"properties":{"parentKey":"HRV:1159312439","sourceCountryId":"HRV","syntheticOperational":true,"territoryId":"territory:catalog:fa666a7c7168f7b0b2e5f74d7c30ef0d2ec6e87adf1f061a6cc58893879ab706"},"type":"Feature"},{"geometry":{"coordinates":[[[18.109979633401,42.647176061133],[18.124848,42.644599],[18.166026,42.626939],[18.173861006789,42.625899280576],[18.22692151281,42.625899280576],[18.229571253733,42.625899280576],[18.224138,42.628071],[18.109979633401,42.68469425528],[18.109979633401,42.647176061133]]],"type":"Polygon"},"id":104,"properties":{"parentKey":"HRV:1159312431","sourceCountryId":"HRV","syntheticOperational":true,"territoryId":"territory:catalog:f588b1cd95f8fdf5b224b28166f8175507e0b3762c74c7e5fc5906e357d64b1a"},"type":"Feature"},{"geometry":{"coordinates":[[[16.675324675325,46.187050359712],[16.802074330164,46.187050359712],[16.831168831169,46.187050359712],[16.831168831169,46.294964028777],[16.821667098812,46.294964028777],[16.814974,46.28441],[16.811873,46.281878],[16.808618,46.280948],[16.800556,46.288286],[16.79513,46.294281],[16.794385810356,46.294964028777],[16.789587852495,46.294964028777],[16.759303940052,46.294964028777],[16.768103,46.290973],[16.770429,46.289578],[16.772289,46.287356],[16.773529,46.283997],[16.774305,46.279863],[16.773219,46.27454],[16.770584,46.268907],[16.763453,46.259141],[16.757872,46.247048],[16.74888,46.237902],[16.73224,46.227204],[16.695498,46.210203],[16.676429,46.203692],[16.675324675325,46.203439993357],[16.675324675325,46.187050359712]]],"type":"Polygon"},"id":105,"properties":{"parentKey":"HRV:1159312551","sourceCountryId":"HRV","syntheticOperational":true,"territoryId":"territory:catalog:9862a7dc3a95b81c8b8c71a518efe5f2c4f58c792cc1a560e5cba1564f069fdf"},"type":"Feature"},{"geometry":{"coordinates":[[[15.884631941455,45.863309352518],[15.927835051546,45.863309352518],[16.039603960396,45.863309352518],[16.039603960396,45.938876291607],[15.965568,45.911048],[15.955802,45.9142],[15.952236,45.918645],[15.951926,45.924226],[15.950376,45.926913],[15.939472,45.933837],[15.913582,45.923502],[15.884631941455,45.919026406008],[15.884631941455,45.863309352518]]],"type":"Polygon"},"id":106,"properties":{"parentKey":"HRV:1159312533","sourceCountryId":"HRV","syntheticOperational":true,"territoryId":"territory:catalog:b3c3a1d6a4d40844f14b44f391feb05c44ecbade94abcc7bf03086c4513b568b"},"type":"Feature"},{"geometry":{"coordinates":[[[17.70877,45.193521],[17.71156,45.191247],[17.728458,45.187475],[17.745408,45.185563],[17.759206,45.186389],[17.765252,45.187526],[17.770058,45.18887],[17.773623,45.190472],[17.775639,45.192022],[17.777189,45.193934],[17.778739,45.196931],[17.780135,45.200342],[17.781065,45.203649],[17.781995,45.212796],[17.782132747702,45.215827338129],[17.770212765957,45.215827338129],[17.719858592372,45.215827338129],[17.721637,45.212744],[17.721482,45.211608],[17.711095,45.198275],[17.70877,45.193521]]],"type":"Polygon"},"id":107,"properties":{"parentKey":"HRV:1159312541","sourceCountryId":"HRV","syntheticOperational":true,"territoryId":"territory:catalog:f2a08b3af71630688c43e9dfc8e16617635cbb6caa0011647643b16e100ed83e"},"type":"Feature"},{"geometry":{"coordinates":[[[17.961519008291,45.539568345324],[18.06920119607,45.539568345324],[18.100128369705,45.539568345324],[18.100128369705,45.627812120998],[18.083217,45.63029],[18.057896,45.623779],[17.963379,45.542905],[17.961519008291,45.539568345324]]],"type":"Polygon"},"id":108,"properties":{"parentKey":"HRV:1159312541","sourceCountryId":"HRV","syntheticOperational":true,"territoryId":"territory:catalog:cf23cc09abb31d44ba3af97e7318d26790166cf16e5a9945127aef454f28348a"},"type":"Feature"},{"geometry":{"coordinates":[[[15.165957446809,45.215827338129],[15.210191082803,45.215827338129],[15.31914893617,45.215827338129],[15.31914893617,45.323741007194],[15.191815856778,45.323741007194],[15.17121124474,45.323741007194],[15.165957446809,45.322186753872],[15.165957446809,45.215827338129]]],"type":"Polygon"},"id":109,"properties":{"parentKey":"HRV:1159312525","sourceCountryId":"HRV","syntheticOperational":true,"territoryId":"territory:catalog:67338a2c33f644a487bc4160ddc30e61410d66e62245cc8eb55c2de60dc03b43"},"type":"Feature"},{"geometry":{"coordinates":[[[15.09669,44.340033],[15.111176,44.324612],[15.128754,44.311998],[15.149262,44.303168],[15.172374,44.29914],[15.172374,44.305325],[15.13087,44.326361],[15.13087,44.332587],[15.154552,44.331],[15.198904,44.317043],[15.213389121339,44.31411282185],[15.213389121339,44.31588756443],[15.210948,44.317328],[15.208263,44.320746],[15.206554,44.326361],[15.213389121339,44.326361],[15.213389121339,44.339929746088],[15.20045,44.349514],[15.19412009601,44.352517985612],[15.110362,44.352517985612],[15.110362,44.346259],[15.09669,44.346259],[15.09669,44.340033]]],"type":"Polygon"},"id":110,"properties":{"parentKey":"HRV:1159312507","sourceCountryId":"HRV","syntheticOperational":true,"territoryId":"territory:catalog:84a302de1c6e4506890a4f1d24f132319ace6b9f85394ad68829edd466f5a9fa"},"type":"Feature"},{"geometry":{"coordinates":[[[16.531396838958,45.431654676259],[16.572890025575,45.431654676259],[16.685177274669,45.431654676259],[16.685177274669,45.539568345324],[16.559691912709,45.539568345324],[16.531396838958,45.539568345324],[16.531396838958,45.431654676259]]],"type":"Polygon"},"id":111,"properties":{"parentKey":"HRV:1159312529","sourceCountryId":"HRV","syntheticOperational":true,"territoryId":"territory:catalog:68821de360aa4ff27091010a69d63cef9a3a88513e6261b91af190553e1ab9e4"},"type":"Feature"},{"geometry":{"coordinates":[[[14.917963819941,44.671641223598],[15.001313,44.578518],[15.007335,44.569729],[15.01531,44.569078],[15.016584178736,44.568345323741],[15.044099118018,44.568345323741],[15.069415229281,44.568345323741],[15.069415229281,44.676258992806],[14.943109987358,44.676258992806],[14.917963819941,44.676258992806],[14.917963819941,44.671641223598]]],"type":"Polygon"},"id":112,"properties":{"parentKey":"HRV:1159312507","sourceCountryId":"HRV","syntheticOperational":true,"territoryId":"territory:catalog:b87f52bdd451373056d38564a69e63acfe677cae1dc6eb750f257f45db4015c1"},"type":"Feature"},{"geometry":{"coordinates":[[[16.082474226804,45.770024268295],[16.089318,45.773161],[16.138116,45.808315],[16.141527,45.807695],[16.169794,45.795241],[16.187157,45.790229],[16.189793,45.791159],[16.191963,45.794001],[16.195064,45.802321],[16.20173,45.812708],[16.20235,45.813948],[16.204675,45.820769],[16.206536,45.830123],[16.207466,45.832603],[16.209016,45.835032],[16.224519,45.846969],[16.226845,45.849605],[16.224674,45.855289],[16.219122013359,45.863309352518],[16.194575979337,45.863309352518],[16.082474226804,45.863309352518],[16.082474226804,45.770024268295]]],"type":"Polygon"},"id":113,"properties":{"parentKey":"HRV:1159312533","sourceCountryId":"HRV","syntheticOperational":true,"territoryId":"territory:catalog:ec9e6baecdbd57ab611bc1b8b3ce600075dcfc64f2fa582c11fef04ac6fd2f77"},"type":"Feature"},{"geometry":{"coordinates":[[[15.057324840764,45.107913669065],[15.108876035828,45.107913669065],[15.057324840764,45.116169426553],[15.057324840764,45.107913669065]]],"type":"Polygon"},"id":114,"properties":{"parentKey":"HRV:1159312507","sourceCountryId":"HRV","syntheticOperational":true,"territoryId":"territory:catalog:19026bd9e161c601ca4d6f39b23f0bc9056560ab7d852f3906e3cf4c4026d342"},"type":"Feature"},{"geometry":{"coordinates":[[[16.821667098812,46.294964028777],[16.831168831169,46.294964028777],[16.887835638099,46.294964028777],[16.879312,46.312062],[16.871766,46.327199],[16.875073,46.342857],[16.865461,46.359135],[16.859411,46.364758],[16.855643,46.357843],[16.847375,46.339084],[16.846032,46.334226],[16.844895,46.331591],[16.821667098812,46.294964028777]]],"type":"Polygon"},"id":115,"properties":{"parentKey":"HRV:1159312551","sourceCountryId":"HRV","syntheticOperational":true,"territoryId":"territory:catalog:68b4a61dfada5f1534a4fc606290798db1bfa72bc301871c3f8c598b2347c82f"},"type":"Feature"},{"geometry":{"coordinates":[[[13.72769809838,45],[13.732758,44.99494],[13.774099,44.963813],[13.796723,44.924872],[13.808116,44.915432],[13.803477,44.910631],[13.798676,44.903957],[13.794607,44.901109],[13.794607,44.894965],[13.797693997761,44.892086330935],[13.834459459459,44.892086330935],[13.857868020305,44.892086330935],[13.857868020305,45],[13.810936837643,45],[13.72769809838,45]]],"type":"Polygon"},"id":116,"properties":{"parentKey":"HRV:1159312535","sourceCountryId":"HRV","syntheticOperational":true,"territoryId":"territory:catalog:18213fd319589b6c50e8eca95e45d79365e68161ddecb9b457f188d12697d4d5"},"type":"Feature"},{"geometry":{"coordinates":[[[17.792041078306,45.539568345324],[17.915420760359,45.539568345324],[17.946084724005,45.539568345324],[17.946084724005,45.647482014388],[17.907375643225,45.647482014388],[17.792041078306,45.647482014388],[17.792041078306,45.539568345324]]],"type":"Polygon"},"id":117,"properties":{"parentKey":"HRV:1159312547","sourceCountryId":"HRV","syntheticOperational":true,"territoryId":"territory:catalog:3e34161171b127ef26d83f9a90e9d77da0afaa49f032cf0bde1e0e840cf83051"},"type":"Feature"},{"geometry":{"coordinates":[[[17.770212765957,45.215827338129],[17.782132747702,45.215827338129],[17.78215,45.216207],[17.785096,45.218119],[17.790987,45.218946],[17.815223,45.217447],[17.822664,45.218015],[17.844524,45.224217],[17.854652,45.229384],[17.865504,45.237963],[17.869535,45.243389],[17.871705,45.247006],[17.873566,45.24959],[17.874961,45.250985],[17.877441,45.252845],[17.879767,45.253724],[17.888604,45.254706],[17.890464,45.255636],[17.891549,45.257186],[17.891549,45.259305],[17.890619,45.26101],[17.886743,45.264731],[17.885038,45.266901],[17.883643,45.269382],[17.883488,45.271862],[17.884883,45.274446],[17.887518,45.277443],[17.891549,45.280751],[17.896355,45.283748],[17.902091,45.286332],[17.909429,45.287882],[17.918576,45.288605],[17.923404255319,45.288098480217],[17.923404255319,45.323741007194],[17.800511508951,45.323741007194],[17.770212765957,45.323741007194],[17.770212765957,45.215827338129]]],"type":"Polygon"},"id":118,"properties":{"parentKey":"HRV:1159312541","sourceCountryId":"HRV","syntheticOperational":true,"territoryId":"territory:catalog:40ff1383b02004af3840b6b18cf77b80ecbf2599aae951edde7db8d63eeb9f37"},"type":"Feature"},{"geometry":{"coordinates":[[[16.117154811715,44.244604316547],[16.15866388309,44.244604316547],[16.199926007916,44.244604316547],[16.197078,44.25115],[16.18757,44.282414],[16.186639,44.297607],[16.189533,44.308511],[16.199662,44.324686],[16.203176,44.333057],[16.205863,44.349801],[16.205644,44.350531],[16.20504680796,44.352517985612],[16.144174350377,44.352517985612],[16.117154811715,44.352517985612],[16.117154811715,44.244604316547]]],"type":"Polygon"},"id":119,"properties":{"parentKey":"HRV:1159312443","sourceCountryId":"HRV","syntheticOperational":true,"territoryId":"territory:catalog:0c8986edaea952a19d680306d198923710c5f016c60d7885829a2dc85168f729"},"type":"Feature"},{"geometry":{"coordinates":[[[17.424118129614,43.140134200935],[17.437365,43.141191],[17.444496,43.143827],[17.449457,43.146307],[17.450913,43.148152],[17.442067,43.152432],[17.427052620859,43.165467625899],[17.424118129614,43.165467625899],[17.424118129614,43.140134200935]]],"type":"Polygon"},"id":120,"properties":{"parentKey":"HRV:1159312433","sourceCountryId":"HRV","syntheticOperational":true,"territoryId":"territory:catalog:9228e52452302fb1ac85829965d3c0c09c920749e924abda5a02ac58f2998117"},"type":"Feature"},{"geometry":{"coordinates":[[[19.337579617834,45.167622295114],[19.390682,45.169337],[19.393929,45.171624],[19.405358,45.179672],[19.407838,45.203133],[19.401197942813,45.215827338129],[19.337579617834,45.215827338129],[19.337579617834,45.167622295114]]],"type":"Polygon"},"id":121,"properties":{"parentKey":"HRV:1159312543","sourceCountryId":"HRV","syntheticOperational":true,"territoryId":"territory:catalog:b719ce8c4078d8c65fdd38d7da99e94443d5a4ad0806de8c7a7744001a3874c3"},"type":"Feature"},{"geometry":{"coordinates":[[[18.674128282393,45.863309352518],[18.711340206186,45.863309352518],[18.829100301334,45.863309352518],[18.829100301334,45.906092833581],[18.828339,45.905726],[18.822451,45.905582],[18.817797,45.905468],[18.804878,45.913633],[18.794852,45.903039],[18.790408,45.893892],[18.785964,45.886916],[18.775525,45.882834],[18.76333,45.88397],[18.723849,45.89844],[18.674343,45.910377],[18.674128282393,45.91034497658],[18.674128282393,45.863309352518]]],"type":"Polygon"},"id":122,"properties":{"parentKey":"HRV:1159312539","sourceCountryId":"HRV","syntheticOperational":true,"territoryId":"territory:catalog:973423cd050023a0a7a6ab03df1da7492106a9b4eaa88385aaf49f6bf1ba2d77"},"type":"Feature"},{"geometry":{"coordinates":[[[15.762494660402,45.431654676259],[15.805626598465,45.431654676259],[15.834903193977,45.431654676259],[15.837204,45.436348],[15.83462,45.44441],[15.836274,45.451283],[15.838031,45.455572],[15.841752,45.461205],[15.842527,45.465907],[15.837411,45.471643],[15.832398,45.478723],[15.827127,45.484304],[15.812865,45.523423],[15.799842,45.520943],[15.7893,45.519857],[15.784029,45.520633],[15.779947,45.522545],[15.762494660402,45.539287128495],[15.762494660402,45.431654676259]]],"type":"Polygon"},"id":123,"properties":{"parentKey":"HRV:1159312525","sourceCountryId":"HRV","syntheticOperational":true,"territoryId":"territory:catalog:34474fbcba3ad99e204bf0da82fc78ba16b8974238a6e602d98721d26744e32b"},"type":"Feature"},{"geometry":{"coordinates":[[[17.395577395577,42.94964028777],[17.442914538874,42.94964028777],[17.425792,42.960883],[17.395577395577,42.97529437139],[17.395577395577,42.94964028777]]],"type":"Polygon"},"id":124,"properties":{"parentKey":"HRV:1159312431","sourceCountryId":"HRV","syntheticOperational":true,"territoryId":"territory:catalog:1a277ebda6dc65378535299dbf114a5594b9a3e54509dc1dd3ceb9b8e887976f"},"type":"Feature"},{"geometry":{"coordinates":[[[15.98227,43.537299],[15.984223,43.53205],[15.985130111524,43.530489191194],[15.985130111524,43.541612694467],[15.98227,43.537299]]],"type":"Polygon"},"id":125,"properties":{"parentKey":"HRV:1159312439","sourceCountryId":"HRV","syntheticOperational":true,"territoryId":"territory:catalog:021aa900469b3050d2db43b1638636042a064e254db7b7dc25e19ea45f5fa5c5"},"type":"Feature"},{"geometry":{"coordinates":[[[15.248919,45.711836],[15.250883,45.70765],[15.258221,45.705118],[15.267832,45.698452],[15.277754,45.685016],[15.283018867925,45.680112710938],[15.283018867925,45.738023471887],[15.263492,45.730388],[15.255017,45.723463],[15.249913,45.713732],[15.248919,45.711836]]],"type":"Polygon"},"id":126,"properties":{"parentKey":"HRV:1159312531","sourceCountryId":"HRV","syntheticOperational":true,"territoryId":"territory:catalog:c9b3551a834aa8875b76e2d4e7fe47eb31b477ebe733fbaebe4ff9c9562ae36e"},"type":"Feature"},{"geometry":{"coordinates":[[[16.99793814433,43.381294964029],[17.118155619597,43.381294964029],[17.146391752577,43.381294964029],[17.146391752577,43.488925362909],[17.143884387662,43.489208633094],[17.026022304833,43.489208633094],[16.99793814433,43.489208633094],[16.99793814433,43.381294964029]]],"type":"Polygon"},"id":127,"properties":{"parentKey":"HRV:1159312433","sourceCountryId":"HRV","syntheticOperational":true,"territoryId":"territory:catalog:3a4498729e50af594667eb1a510f99ee6fc7e77b0f00bd1679f50014e420b9c5"},"type":"Feature"},{"geometry":{"coordinates":[[[15.044099118018,44.47083208706],[15.044689545112,44.469507362389],[15.048734569602,44.460431654676],[15.085151325509,44.460431654676],[15.083263,44.461859],[15.044099118018,44.475715704531],[15.044099118018,44.47083208706]]],"type":"Polygon"},"id":128,"properties":{"parentKey":"HRV:1159312507","sourceCountryId":"HRV","syntheticOperational":true,"territoryId":"territory:catalog:2f63ee185066a26835d6001bed71262a1a0c3d57f7532c0c3025170537dc7afe"},"type":"Feature"},{"geometry":{"coordinates":[[[15.916275096113,45.516543115499],[15.922884,45.511279],[15.928465,45.503114],[15.928775,45.500014],[15.92831,45.496396],[15.92769,45.484201],[15.935906,45.474796],[15.977816,45.472729],[15.992078,45.475312],[15.999985,45.481152],[16.007426,45.485234],[16.01523,45.486113],[16.025306,45.485648],[16.032903,45.483891],[16.037244,45.48203],[16.046545,45.475881],[16.070055531824,45.495871301248],[16.070055531824,45.539568345324],[15.94351732991,45.539568345324],[15.916275096113,45.539568345324],[15.916275096113,45.516543115499]]],"type":"Polygon"},"id":129,"properties":{"parentKey":"HRV:1159312531","sourceCountryId":"HRV","syntheticOperational":true,"territoryId":"territory:catalog:ca9343453b5c6225a0a926393d880384701dca66bf681d268eb3b8538d516f50"},"type":"Feature"},{"geometry":{"coordinates":[[[14.881358,44.844062],[14.8838,44.788764],[14.884624756217,44.78417266187],[14.898648648649,44.78417266187],[14.898648648649,44.892086330935],[14.894213308828,44.892086330935],[14.8838,44.861477],[14.881358,44.844062]]],"type":"Polygon"},"id":130,"properties":{"parentKey":"HRV:1159312507","sourceCountryId":"HRV","syntheticOperational":true,"territoryId":"territory:catalog:86270dcb70752af83e669b507bc1654d6ed506d4136880bca04c652b9015d863"},"type":"Feature"},{"geometry":{"coordinates":[[[16.013056941079,46.187050359712],[16.01957,46.185398],[16.024200518583,46.184926319331],[16.024200518583,46.187050359712],[16.013056941079,46.187050359712]]],"type":"Polygon"},"id":131,"properties":{"parentKey":"HRV:1159312555","sourceCountryId":"HRV","syntheticOperational":true,"territoryId":"territory:catalog:18351ced352d96d3f9d147207a3d468ee19698d143936887f6547b5c3dd077b8"},"type":"Feature"},{"geometry":{"coordinates":[[[15.71305099395,46.079136690647],[15.756791720569,46.079136690647],[15.868625756266,46.079136690647],[15.868625756266,46.187050359712],[15.74025974026,46.187050359712],[15.71305099395,46.187050359712],[15.71305099395,46.079136690647]]],"type":"Polygon"},"id":132,"properties":{"parentKey":"HRV:1159312523","sourceCountryId":"HRV","syntheticOperational":true,"territoryId":"territory:catalog:2a2e6560dea892a2ad45bfdf178f2107fbcdc57f21e4c60700b65ef7788acff7"},"type":"Feature"},{"geometry":{"coordinates":[[[17.96178343949,45.121051088443],[17.988493,45.143809],[18.003479,45.149338],[18.019086,45.149442],[18.035002,45.143344],[18.090296,45.107997],[18.090545395168,45.107913669065],[18.114649681529,45.107913669065],[18.114649681529,45.215827338129],[18.076595744681,45.215827338129],[17.96178343949,45.215827338129],[17.96178343949,45.121051088443]]],"type":"Polygon"},"id":133,"properties":{"parentKey":"HRV:1159312537","sourceCountryId":"HRV","syntheticOperational":true,"territoryId":"territory:catalog:663620306040b783e09cb4eb25a5ca0986555624a55170eb4648ee9cf3e0c7c0"},"type":"Feature"},{"geometry":{"coordinates":[[[17.340153452685,45.323741007194],[17.463829787234,45.323741007194],[17.493606138107,45.323741007194],[17.493606138107,45.33264496357],[17.478809,45.343331],[17.39158,45.387256],[17.354528,45.386946],[17.340153452685,45.38232191379],[17.340153452685,45.323741007194]]],"type":"Polygon"},"id":134,"properties":{"parentKey":"HRV:1159312537","sourceCountryId":"HRV","syntheticOperational":true,"territoryId":"territory:catalog:61fadc6f7adef976d9f86de420666d607fd09a200b784a2dd6f72a7132694053"},"type":"Feature"},{"geometry":{"coordinates":[[[15.89094235521,45.647482014388],[15.891568,45.64693],[15.894462,45.642641],[15.896684,45.638197],[15.899784,45.633649],[15.90397,45.630187],[15.921488,45.622384],[15.938498,45.642791],[15.939201675097,45.647482014388],[15.90051457976,45.647482014388],[15.89094235521,45.647482014388]]],"type":"Polygon"},"id":135,"properties":{"parentKey":"HRV:1159312533","sourceCountryId":"HRV","syntheticOperational":true,"territoryId":"territory:catalog:55ab617aa1a05007d4b3a639bd622e6c0d76bfb0b0c4a0945b0284280d61784b"},"type":"Feature"},{"geometry":{"coordinates":[[[16.83895771038,45.431654676259],[16.879795396419,45.431654676259],[16.992738146091,45.431654676259],[16.992738146091,45.445561937307],[16.964887,45.455314],[16.929179,45.475881],[16.912281,45.468543],[16.90701,45.467664],[16.903702,45.469421],[16.898638,45.476501],[16.894711,45.480325],[16.887579,45.482547],[16.867581,45.481772],[16.858899,45.482599],[16.851303,45.484614],[16.843241,45.489058],[16.83895771038,45.4922935742],[16.83895771038,45.431654676259]]],"type":"Polygon"},"id":136,"properties":{"parentKey":"HRV:1159312529","sourceCountryId":"HRV","syntheticOperational":true,"territoryId":"territory:catalog:c43ea10d0ac011c8ac8cb23d2c812da019656639e90815030da47f2125fafab1"},"type":"Feature"},{"geometry":{"coordinates":[[[16.50073,45.721964],[16.50166,45.71752],[16.50507,45.715453],[16.512408,45.714678],[16.518010291595,45.713218132295],[16.518010291595,45.755395683453],[16.509616849014,45.755395683453],[16.511478,45.754003],[16.511478,45.747699],[16.507551,45.741601],[16.50414,45.734366],[16.50073,45.721964]]],"type":"Polygon"},"id":137,"properties":{"parentKey":"HRV:1159312549","sourceCountryId":"HRV","syntheticOperational":true,"territoryId":"territory:catalog:8191adb8815b95a51a9a357159548a0d3c8196485df5bdb1aaa005aed6e4100b"},"type":"Feature"},{"geometry":{"coordinates":[[[14.819835,44.153022],[14.835216,44.141669],[14.85613,44.136868],[14.869151,44.14053],[14.86378,44.148139],[14.85727,44.152045],[14.850434,44.152248],[14.842784,44.148261],[14.83546,44.151028],[14.827403,44.157904],[14.822439,44.168687],[14.819835,44.153022]]],"type":"Polygon"},"id":138,"properties":{"parentKey":"HRV:1159312443","sourceCountryId":"HRV","syntheticOperational":true,"territoryId":"territory:catalog:fd5467af00a8f78e587da3d20f35f2bfbfce1c810eeed1afa4c0544970601a03"},"type":"Feature"},{"geometry":{"coordinates":[[[16.190337094062,43.920863309353],[16.191653,43.920472],[16.209946,43.91794],[16.231185,43.918353],[16.243072455088,43.920863309353],[16.190337094062,43.920863309353]]],"type":"Polygon"},"id":139,"properties":{"parentKey":"HRV:1159312443","sourceCountryId":"HRV","syntheticOperational":true,"territoryId":"territory:catalog:958e5b799ad61c31e5076b81c609312b4533111105a06c8bc236bd9e3c90c578"},"type":"Feature"},{"geometry":{"coordinates":[[[15.634732357314,45.215827338129],[15.636441,45.212744],[15.639387,45.210677],[15.668789808917,45.206267970798],[15.668789808917,45.215827338129],[15.634732357314,45.215827338129]]],"type":"Polygon"},"id":140,"properties":{"parentKey":"HRV:1159312529","sourceCountryId":"HRV","syntheticOperational":true,"territoryId":"territory:catalog:22a8cfcb79c77d46bc3a3aa8500b7e150cc014b9ad46fc50445b32fe86eccef9"},"type":"Feature"},{"geometry":{"coordinates":[[[15.437392795883,45.690619602279],[15.440639,45.688271],[15.448236,45.679021],[15.463274,45.668117],[15.473816,45.661813],[15.507664,45.649824],[15.51268280487,45.647482014388],[15.591766723842,45.647482014388],[15.591766723842,45.755395683453],[15.463917525773,45.755395683453],[15.437392795883,45.755395683453],[15.437392795883,45.690619602279]]],"type":"Polygon"},"id":141,"properties":{"parentKey":"HRV:1159312531","sourceCountryId":"HRV","syntheticOperational":true,"territoryId":"territory:catalog:87807c15ae0285f8baa7a97c5e1fec5dea83ffa04cdd910f1337fcf9742ec2c0"},"type":"Feature"},{"geometry":{"coordinates":[[[15.018206397563,44.028776978417],[15.042817,43.990424],[15.056179775281,43.978844185519],[15.056179775281,44.0147992691],[15.041352,44.026435],[15.039125138975,44.028776978417],[15.018206397563,44.028776978417]]],"type":"Polygon"},"id":142,"properties":{"parentKey":"HRV:1159312443","sourceCountryId":"HRV","syntheticOperational":true,"territoryId":"territory:catalog:0cdb8440e04c2fec3d7219acfff995742fe0f4f37542f4d34c2d44f40ec2dedc"},"type":"Feature"},{"geometry":{"coordinates":[[[16.789587852495,46.294964028777],[16.794385810356,46.294964028777],[16.791358,46.297743],[16.789587852495,46.298406840997],[16.789587852495,46.294964028777]]],"type":"Polygon"},"id":143,"properties":{"parentKey":"HRV:1159312551","sourceCountryId":"HRV","syntheticOperational":true,"territoryId":"territory:catalog:172752a21d92e16acb21094eb5f2c88f593dcc72f4604fcdafaa7c36f18a9110"},"type":"Feature"},{"geometry":{"coordinates":[[[18.536170212766,45.215827338129],[18.56726315887,45.215827338129],[18.567942,45.226645],[18.566702,45.232588],[18.564221,45.236671],[18.55926,45.239771],[18.553214,45.24127],[18.536170212766,45.242958398418],[18.536170212766,45.215827338129]]],"type":"Polygon"},"id":144,"properties":{"parentKey":"HRV:1159312539","sourceCountryId":"HRV","syntheticOperational":true,"territoryId":"territory:catalog:031a586dd4253afe2eb05902b717b0f23e0e0c4f526f82771b2fb1f7c768f3e5"},"type":"Feature"},{"geometry":{"coordinates":[[[14.968265,45.158019],[14.968885,45.15311],[14.970901,45.149803],[15.008004,45.124068],[15.057324840764,45.116169426553],[15.057324840764,45.215827338129],[15.012765957447,45.215827338129],[14.982259916611,45.215827338129],[14.981287,45.16944],[14.979427,45.164892],[14.976172,45.161998],[14.973071,45.160034],[14.968265,45.158019]]],"type":"Polygon"},"id":145,"properties":{"parentKey":"HRV:1159312525","sourceCountryId":"HRV","syntheticOperational":true,"territoryId":"territory:catalog:50b432a29015d3490f61373fcad44c99896680ff8181f9d3afa754b187ede1ac"},"type":"Feature"},{"geometry":{"coordinates":[[[16.82675848398,42.73381294964],[16.834321,42.730943],[16.847667,42.733588],[16.847918252401,42.73381294964],[16.82675848398,42.73381294964]]],"type":"Polygon"},"id":146,"properties":{"parentKey":"HRV:1159312431","sourceCountryId":"HRV","syntheticOperational":true,"territoryId":"territory:catalog:26ce6f921c3d8213ac264d002b2512f8378a2830f410db1d9318881b9a3a0b6b"},"type":"Feature"},{"geometry":{"coordinates":[[[16.961045698233,45.539568345324],[16.962407,45.534999],[16.961787,45.530555],[16.962252,45.52518],[16.965197,45.52239],[16.969073,45.520374],[16.992738146091,45.51243423438],[16.992738146091,45.539568345324],[16.961045698233,45.539568345324]]],"type":"Polygon"},"id":147,"properties":{"parentKey":"HRV:1159312549","sourceCountryId":"HRV","syntheticOperational":true,"territoryId":"territory:catalog:9f10dd831c00942f0527a366e58970bf25c8af8cee931959641e70bdbd21f2ab"},"type":"Feature"},{"geometry":{"coordinates":[[[15.773195876289,45.755395683453],[15.833562316547,45.755395683453],[15.813241,45.775717],[15.835912,45.798032],[15.846919,45.809401],[15.82258,45.832965],[15.810074,45.840975],[15.774004,45.840768],[15.773195876289,45.841235918856],[15.773195876289,45.755395683453]]],"type":"Polygon"},"id":148,"properties":{"parentKey":"HRV:1159312531","sourceCountryId":"HRV","syntheticOperational":true,"territoryId":"territory:catalog:657e46a7859576eaf3be48a8796e4bbc213753d6e39696936d10e1419d885067"},"type":"Feature"},{"geometry":{"coordinates":[[[14.726579058923,45],[14.771573604061,45],[14.80265229982,45],[14.799815,45.005194],[14.740001,45.044338],[14.740489,45.073065],[14.726579058923,45.073179679285],[14.726579058923,45]]],"type":"Polygon"},"id":149,"properties":{"parentKey":"HRV:1159312505","sourceCountryId":"HRV","syntheticOperational":true,"territoryId":"territory:catalog:4c420ca9c15da8a4af16a03fdafa12911f4ad22432a8b91457db9a030169e828"},"type":"Feature"},{"geometry":{"coordinates":[[[14.162436548223,44.993817037675],[14.163748,44.995754],[14.164194860654,45],[14.162436548223,45],[14.162436548223,44.993817037675]]],"type":"Polygon"},"id":150,"properties":{"parentKey":"HRV:1159312535","sourceCountryId":"HRV","syntheticOperational":true,"territoryId":"territory:catalog:1077fd18b59afff8165b1029704406b6c1467a9220ac8800207ab8450373872d"},"type":"Feature"},{"geometry":{"coordinates":[[[17.761640324648,45.431654676259],[17.800511508951,45.431654676259],[17.915420760359,45.431654676259],[17.915420760359,45.486991589737],[17.890774,45.473917],[17.884418,45.471385],[17.879147,45.470713],[17.875581,45.471902],[17.867675,45.473555],[17.85119,45.474589],[17.817548,45.470506],[17.807782,45.470196],[17.799255,45.471385],[17.793932,45.474072],[17.791142,45.47769],[17.789126,45.482082],[17.785406,45.486733],[17.77936,45.49066],[17.769593,45.493399],[17.761640324648,45.494079704267],[17.761640324648,45.431654676259]]],"type":"Polygon"},"id":151,"properties":{"parentKey":"HRV:1159312541","sourceCountryId":"HRV","syntheticOperational":true,"territoryId":"territory:catalog:664a49356f54648affc836dbe5847361d7501aaa7ce217550d34b7393967f17c"},"type":"Feature"},{"geometry":{"coordinates":[[[16.242821985234,43.057553956835],[16.245056459654,43.057553956835],[16.245453,43.057766],[16.252126,43.062405],[16.254893,43.068549],[16.253429,43.077867],[16.249848,43.079413],[16.245453,43.076361],[16.242821985234,43.073628624939],[16.242821985234,43.057553956835]]],"type":"Polygon"},"id":152,"properties":{"parentKey":"HRV:1159312433","sourceCountryId":"HRV","syntheticOperational":true,"territoryId":"territory:catalog:93681cfadd2327f79e04fe7f366c0e64c09c0ff2705a00ae02f170a4dfac5743"},"type":"Feature"},{"geometry":{"coordinates":[[[16.104868913858,43.920863309353],[16.146179401993,43.920863309353],[16.190337094062,43.920863309353],[16.170104,43.92688],[16.159665,43.935716],[16.154084,43.944501],[16.153309,43.952356],[16.153774,43.972303],[16.155169,43.982225],[16.155479,43.986669],[16.154084,43.999899],[16.153309,44.002276],[16.151139,44.006668],[16.150518,44.007237],[16.149898,44.008322],[16.149123,44.009924],[16.148503,44.012714],[16.148503,44.015505],[16.149433,44.017934],[16.149743,44.021964],[16.148658,44.026409],[16.146584311208,44.028776978417],[16.131721550646,44.028776978417],[16.123494710786,44.028776978417],[16.104868913858,44.016011153198],[16.104868913858,43.920863309353]]],"type":"Polygon"},"id":153,"properties":{"parentKey":"HRV:1159312439","sourceCountryId":"HRV","syntheticOperational":true,"territoryId":"territory:catalog:618117f0c89439ba132b1aa153f7318de7718668132193ff073bc89986b5a3ea"},"type":"Feature"},{"geometry":{"coordinates":[[[15.523769457299,44.568345323741],[15.582655766664,44.568345323741],[15.562751,44.581672],[15.558668,44.588286],[15.558048,44.592524],[15.5612,44.596193],[15.563681,44.599655],[15.564301,44.602136],[15.563681,44.605133],[15.561355,44.610197],[15.555774,44.630868],[15.551227,44.636139],[15.535724,44.648076],[15.533398,44.654846],[15.532003,44.673553],[15.531264921816,44.676258992806],[15.523769457299,44.676258992806],[15.523769457299,44.568345323741]]],"type":"Polygon"},"id":154,"properties":{"parentKey":"HRV:1159312507","sourceCountryId":"HRV","syntheticOperational":true,"territoryId":"territory:catalog:fa00c0ac8981a30a1c731cc72ee3c57987ff91187b99e283278e9386e018087e"},"type":"Feature"},{"geometry":{"coordinates":[[[18.090545395168,45.107913669065],[18.112413,45.100607],[18.131844,45.097869],[18.143698,45.0977],[18.153651,45.097558],[18.174942,45.100762],[18.191151342811,45.107913669065],[18.114649681529,45.107913669065],[18.090545395168,45.107913669065]]],"type":"Polygon"},"id":155,"properties":{"parentKey":"HRV:1159312537","sourceCountryId":"HRV","syntheticOperational":true,"territoryId":"territory:catalog:cecad570ca7f129d67282f81c7431451f37e9de99b41b106182534e5b9e892ee"},"type":"Feature"},{"geometry":{"coordinates":[[[17.395437655584,43.057553956835],[17.395577395577,43.057461138323],[17.395577395577,43.057553956835],[17.395437655584,43.057553956835]]],"type":"Polygon"},"id":156,"properties":{"parentKey":"HRV:1159312431","sourceCountryId":"HRV","syntheticOperational":true,"territoryId":"territory:catalog:8008bde7651ea3b86f6684ca1f6f70874d629cf4c75e9d5e15d44f6b3f2d886d"},"type":"Feature"},{"geometry":{"coordinates":[[[16.265984654731,45.323741007194],[16.391489361702,45.323741007194],[16.419437340153,45.323741007194],[16.419437340153,45.431654676259],[16.377616403246,45.431654676259],[16.265984654731,45.431654676259],[16.265984654731,45.323741007194]]],"type":"Polygon"},"id":157,"properties":{"parentKey":"HRV:1159312529","sourceCountryId":"HRV","syntheticOperational":true,"territoryId":"territory:catalog:431b4981e74fc82f9d5f0352818217ca82d1f728d6950eaf9e47690b57384a16"},"type":"Feature"},{"geometry":{"coordinates":[[[17.670061099796,42.711149615402],[17.748871,42.694566],[17.730479,42.713446],[17.679373,42.729885],[17.67324903211,42.73381294964],[17.670061099796,42.73381294964],[17.670061099796,42.711149615402]]],"type":"Polygon"},"id":158,"properties":{"parentKey":"HRV:1159312431","sourceCountryId":"HRV","syntheticOperational":true,"territoryId":"territory:catalog:a12ad98bd4c2ad2ef5c70c4f86317802f267ce9a3ac222b590c3ae24baf513a5"},"type":"Feature"},{"geometry":{"coordinates":[[[14.859574468085,45.215827338129],[14.904458598726,45.215827338129],[14.982259916611,45.215827338129],[14.982373,45.221219],[14.986248,45.241063],[14.983923,45.246437],[14.980822,45.251915],[14.976327,45.258168],[14.970901,45.268297],[14.97059,45.273516],[14.972916,45.277443],[14.976327,45.279304],[14.978962,45.281164],[14.980357,45.282921],[14.982063,45.286383],[14.983148,45.291913],[14.988574,45.304212],[14.994052,45.311808],[15.012765957447,45.320711634155],[15.012765957447,45.323741007194],[14.884910485934,45.323741007194],[14.859574468085,45.323741007194],[14.859574468085,45.215827338129]]],"type":"Polygon"},"id":159,"properties":{"parentKey":"HRV:1159312505","sourceCountryId":"HRV","syntheticOperational":true,"territoryId":"territory:catalog:f21f8468301776c998c338f5b7b64c302c2ab0b9811f97b611b53584c703c5ac"},"type":"Feature"},{"geometry":{"coordinates":[[[14.747111583259,44.676258992806],[14.761485,44.658637],[14.766512410602,44.654193458731],[14.766512410602,44.676258992806],[14.747111583259,44.676258992806]]],"type":"Polygon"},"id":160,"properties":{"parentKey":"HRV:1159312507","sourceCountryId":"HRV","syntheticOperational":true,"territoryId":"territory:catalog:adfc8a431b56d5c3555373495b3f21bf8fd9eeef3f0da5fa64f5b50c4ad96750"},"type":"Feature"},{"geometry":{"coordinates":[[[17.542997542998,42.953250730838],[17.549653,42.955308],[17.562942868215,42.94964028777],[17.629572678326,42.94964028777],[17.63451,42.950403],[17.662725,42.965699],[17.659314,42.993398],[17.659211,42.993449],[17.659108,42.99363],[17.659004,42.993656],[17.628412,43.046573],[17.615739002378,43.057553956835],[17.571780147662,43.057553956835],[17.542997542998,43.057553956835],[17.542997542998,42.953250730838]]],"type":"Polygon"},"id":161,"properties":{"parentKey":"HRV:1159312431","sourceCountryId":"HRV","syntheticOperational":true,"territoryId":"territory:catalog:830d81dfbeddbcab34d12793e634e77028122d878a815e7de7f7920b2da693cf"},"type":"Feature"},{"geometry":{"coordinates":[[[16.738853503185,45.188847897675],[16.786293,45.178846],[16.811718,45.181223],[16.824223,45.189077],[16.825774,45.196364],[16.82505,45.205045],[16.83018375858,45.215827338129],[16.738853503185,45.215827338129],[16.738853503185,45.188847897675]]],"type":"Polygon"},"id":162,"properties":{"parentKey":"HRV:1159312529","sourceCountryId":"HRV","syntheticOperational":true,"territoryId":"territory:catalog:921d5c2837342399e35fb1d1a91ce5c827bb98daf9322a1652667328a670896a"},"type":"Feature"},{"geometry":{"coordinates":[[[16.05055733807,45.755395683453],[16.054888507719,45.755395683453],[16.082474226804,45.755395683453],[16.082474226804,45.770024268295],[16.05055733807,45.755395683453]]],"type":"Polygon"},"id":163,"properties":{"parentKey":"HRV:1159312531","sourceCountryId":"HRV","syntheticOperational":true,"territoryId":"territory:catalog:aa16af15edeb9dfdf5eaa02e7728bc3f45474fcde1029cfd25318fab4cd6c051"},"type":"Feature"},{"geometry":{"coordinates":[[[16.565324568611,43.269953745555],[16.628266,43.263739],[16.71322925226,43.265590402644],[16.71322925226,43.273381294964],[16.673528200906,43.273381294964],[16.565324568611,43.273381294964],[16.565324568611,43.269953745555]]],"type":"Polygon"},"id":164,"properties":{"parentKey":"HRV:1159312433","sourceCountryId":"HRV","syntheticOperational":true,"territoryId":"territory:catalog:4955c5f9a9f0efc6aabac43c6e02d0b948e504631f2d81fe8b23dc0c40d0fcdb"},"type":"Feature"},{"geometry":{"coordinates":[[[13.609568560444,45.431654676259],[13.657289002558,45.431654676259],[13.763348996155,45.431654676259],[13.763348996155,45.461363345377],[13.759294,45.463169],[13.65997,45.459978],[13.64292,45.45943],[13.64282,45.459448],[13.624107,45.462745],[13.609568560444,45.47371547154],[13.609568560444,45.431654676259]]],"type":"Polygon"},"id":165,"properties":{"parentKey":"HRV:1159312535","sourceCountryId":"HRV","syntheticOperational":true,"territoryId":"territory:catalog:2e994880bb9241ac88cfef7b3936818858565adfc3c7abbb241ed1f4a7003a6a"},"type":"Feature"},{"geometry":{"coordinates":[[[15.515923566879,45.107913669065],[15.642221280203,45.107913669065],[15.668789808917,45.107913669065],[15.668789808917,45.206267970798],[15.639387,45.210677],[15.636441,45.212744],[15.634732357314,45.215827338129],[15.625531914894,45.215827338129],[15.515923566879,45.215827338129],[15.515923566879,45.107913669065]]],"type":"Polygon"},"id":166,"properties":{"parentKey":"HRV:1159312525","sourceCountryId":"HRV","syntheticOperational":true,"territoryId":"territory:catalog:094cf4b15082d985e3df889be32801aa3934a688f30f61e956f79272de971880"},"type":"Feature"},{"geometry":{"coordinates":[[[16.693142566993,45.647482014388],[16.713735558408,45.640669825249],[16.713735558408,45.647482014388],[16.693142566993,45.647482014388]]],"type":"Polygon"},"id":167,"properties":{"parentKey":"HRV:1159312549","sourceCountryId":"HRV","syntheticOperational":true,"territoryId":"territory:catalog:e16e5e96b46b1a568ede58c8a8abe3fa227b8445fb56235164212b16f2d3ac1e"},"type":"Feature"},{"geometry":{"coordinates":[[[17.309184993532,45.971223021583],[17.342425691557,45.971223021583],[17.337887,45.984636],[17.327138,45.972027],[17.316596,45.973784],[17.309184993532,45.978334683126],[17.309184993532,45.971223021583]]],"type":"Polygon"},"id":168,"properties":{"parentKey":"HRV:1159312547","sourceCountryId":"HRV","syntheticOperational":true,"territoryId":"territory:catalog:206a75a82341bd3b9128a8ced173fc8f97907b464d4e50283eb7409c6f585ed8"},"type":"Feature"},{"geometry":{"coordinates":[[[15.261241,44.011054],[15.270193,44.000312],[15.29713,43.978095],[15.302745,43.966376],[15.309581,43.958441],[15.32545,43.948432],[15.343516,43.939643],[15.355805243446,43.935684316453],[15.355805243446,43.975355311883],[15.349946,43.976304],[15.296397,44.005601],[15.280284,44.01081],[15.261241,44.011054]]],"type":"Polygon"},"id":169,"properties":{"parentKey":"HRV:1159312443","sourceCountryId":"HRV","syntheticOperational":true,"territoryId":"territory:catalog:90342ba2cf1c06bc34f25f0484b6aa50b54e1a4fbe78094dea6b145d01886520"},"type":"Feature"},{"geometry":{"coordinates":[[[17.514309076043,42.851807408332],[17.525238,42.848619],[17.576569161767,42.841726618705],[17.661488143908,42.841726618705],[17.661488143908,42.87365294392],[17.658946,42.873358],[17.65268,42.873358],[17.641612,42.884467],[17.622895,42.891303],[17.583751,42.900702],[17.568126,42.909084],[17.55893,42.912828],[17.54656,42.914293],[17.541515,42.915473],[17.532074,42.9206],[17.526134,42.92178],[17.522146,42.919623],[17.522634,42.910224],[17.518891,42.908149],[17.514309076043,42.908530453023],[17.514309076043,42.851807408332]]],"type":"Polygon"},"id":170,"properties":{"parentKey":"HRV:1159312431","sourceCountryId":"HRV","syntheticOperational":true,"territoryId":"territory:catalog:a2a7513de294d3411b8793e6116d40922c78b0c28bc557b043fc59fb426f4c25"},"type":"Feature"},{"geometry":{"coordinates":[[[17.026022304833,43.489208633094],[17.143884387662,43.489208633094],[17.142757,43.489336],[17.084569,43.513237],[17.062314,43.527747],[17.030516,43.54848],[17.026022304833,43.552292462229],[17.026022304833,43.489208633094]]],"type":"Polygon"},"id":171,"properties":{"parentKey":"HRV:1159312433","sourceCountryId":"HRV","syntheticOperational":true,"territoryId":"territory:catalog:4bcafb5a47091d70fa49da5d72de662aef1b6fec096e8cbae4517da8c228a4a0"},"type":"Feature"},{"geometry":{"coordinates":[[[14.292993630573,45.107913669065],[14.361543446272,45.107913669065],[14.360525,45.117621],[14.364106,45.15762],[14.356212,45.169257],[14.331879,45.175849],[14.31365,45.172431],[14.299571,45.16234],[14.292993630573,45.154251500004],[14.292993630573,45.107913669065]]],"type":"Polygon"},"id":172,"properties":{"parentKey":"HRV:1159312505","sourceCountryId":"HRV","syntheticOperational":true,"territoryId":"territory:catalog:679b03de029dd44cd318d94dd11f6fab1b6907bffa9122f22bbabc6b73c39c1c"},"type":"Feature"},{"geometry":{"coordinates":[[[18.726114649682,45.107913669065],[18.846969054684,45.107913669065],[18.87898089172,45.107913669065],[18.87898089172,45.215827338129],[18.842553191489,45.215827338129],[18.726114649682,45.215827338129],[18.726114649682,45.107913669065]]],"type":"Polygon"},"id":173,"properties":{"parentKey":"HRV:1159312543","sourceCountryId":"HRV","syntheticOperational":true,"territoryId":"territory:catalog:bcef476b6d5a59dd4f42a17d2a9ef4bc1f049318ead61b03c81979048814c3bb"},"type":"Feature"},{"geometry":{"coordinates":[[[16.39175257732,45.755395683453],[16.509616849014,45.755395683453],[16.496699,45.765062],[16.454014,45.800616],[16.442387,45.814258],[16.440061,45.820459],[16.437116,45.822526],[16.433705,45.823095],[16.43107,45.822475],[16.429209,45.821493],[16.428124,45.820149],[16.423783,45.813225],[16.422078,45.811778],[16.39175257732,45.811971117417],[16.39175257732,45.755395683453]]],"type":"Polygon"},"id":174,"properties":{"parentKey":"HRV:1159312529","sourceCountryId":"HRV","syntheticOperational":true,"territoryId":"territory:catalog:5c1a56488d0dcf5e2696d8cf4343d0c0d0d6e154ed016a88214058e91eaf23c9"},"type":"Feature"},{"geometry":{"coordinates":[[[16.374377184286,45.755395683453],[16.39175257732,45.755395683453],[16.39175257732,45.811971117417],[16.381564,45.812036],[16.384199,45.804388],[16.384974,45.799944],[16.385129,45.795448],[16.384199,45.789453],[16.376913,45.76899],[16.374377184286,45.755395683453]]],"type":"Polygon"},"id":175,"properties":{"parentKey":"HRV:1159312529","sourceCountryId":"HRV","syntheticOperational":true,"territoryId":"territory:catalog:d088c7e95c585970a77b2f6d51ad3c9476a5a2f7e9bd123b88b33a3cb2c39140"},"type":"Feature"},{"geometry":{"coordinates":[[[16.673528200906,43.273381294964],[16.71322925226,43.273381294964],[16.821737340469,43.273381294964],[16.821737340469,43.340768488675],[16.816254,43.340237],[16.806814,43.342475],[16.796153,43.346381],[16.809825,43.346381],[16.809825,43.353176],[16.687673,43.377021],[16.673528200906,43.377407093754],[16.673528200906,43.273381294964]]],"type":"Polygon"},"id":176,"properties":{"parentKey":"HRV:1159312433","sourceCountryId":"HRV","syntheticOperational":true,"territoryId":"territory:catalog:cb483994d2bdb9646640f0b8f3ca1ec94eaa3665559e86c95cbfc3e45342b216"},"type":"Feature"},{"geometry":{"coordinates":[[[14.761506276151,44.261188425804],[14.765961,44.265041],[14.775401,44.266588],[14.789724,44.266913],[14.791677,44.272528],[14.773448,44.285142],[14.761506276151,44.291184484317],[14.761506276151,44.261188425804]]],"type":"Polygon"},"id":177,"properties":{"parentKey":"HRV:1159312443","sourceCountryId":"HRV","syntheticOperational":true,"territoryId":"territory:catalog:4c940808199fc67ba8b7fb339d50e358f0af10d3b630bc891b5b22db5c2a31c1"},"type":"Feature"},{"geometry":{"coordinates":[[[14.117647058824,45.323741007194],[14.208975132496,45.323741007194],[14.210533,45.327776],[14.210844,45.335321],[14.208983,45.345605],[14.199526,45.375577],[14.197666,45.385705],[14.198131,45.393199],[14.201077,45.398108],[14.203557,45.403947],[14.201232,45.407565],[14.192395,45.412319],[14.145260217199,45.431654676259],[14.117647058824,45.431654676259],[14.117647058824,45.323741007194]]],"type":"Polygon"},"id":178,"properties":{"parentKey":"HRV:1159312535","sourceCountryId":"HRV","syntheticOperational":true,"territoryId":"territory:catalog:52ba1b5f86f4a01f003fc5e73c54f2ddf462caa67f41c4b5ce28e5282eb8069c"},"type":"Feature"},{"geometry":{"coordinates":[[[15.3452685422,45.323741007194],[15.472340425532,45.323741007194],[15.498721227622,45.323741007194],[15.498721227622,45.431654676259],[15.454933788979,45.431654676259],[15.3452685422,45.431654676259],[15.3452685422,45.323741007194]]],"type":"Polygon"},"id":179,"properties":{"parentKey":"HRV:1159312525","sourceCountryId":"HRV","syntheticOperational":true,"territoryId":"territory:catalog:5d41705d441e68bf60dbe40ff86b74484c8d8f6a1c58c166e6ef159678f5f7f8"},"type":"Feature"},{"geometry":{"coordinates":[[[14.467005076142,44.945371918385],[14.471039,44.953925],[14.473481,44.971422],[14.467005076142,44.982166822086],[14.467005076142,44.945371918385]]],"type":"Polygon"},"id":180,"properties":{"parentKey":"HRV:1159312505","sourceCountryId":"HRV","syntheticOperational":true,"territoryId":"territory:catalog:0c96a9b37adc33d7ebe7c296cfb2878b526d45a9018c0ba26310b1f40e0e9e40"},"type":"Feature"},{"geometry":{"coordinates":[[[18.541754980924,45.092448712469],[18.549596,45.094768],[18.557658,45.094406],[18.573781,45.091564],[18.581842,45.091357],[18.58856,45.093218],[18.602513,45.099264],[18.609127,45.100091],[18.616672,45.097662],[18.621116,45.093114],[18.627937,45.08004],[18.633622,45.071979],[18.640547,45.065364],[18.648711,45.062677],[18.658116,45.066294],[18.661217,45.0711],[18.663284,45.077146],[18.666075,45.082986],[18.671346,45.086861],[18.678167,45.087378],[18.684058,45.084794],[18.689019,45.080247],[18.694362017804,45.072498836551],[18.694362017804,45.107913669065],[18.573248407643,45.107913669065],[18.541754980924,45.107913669065],[18.541754980924,45.092448712469]]],"type":"Polygon"},"id":181,"properties":{"parentKey":"HRV:1159312543","sourceCountryId":"HRV","syntheticOperational":true,"territoryId":"territory:catalog:c14b0f25d96f991b55b8937e7e987e88d95b934b8d1cb0a59004660df002456e"},"type":"Feature"},{"geometry":{"coordinates":[[[18.633021400349,45.323741007194],[18.689361702128,45.323741007194],[18.721227621483,45.323741007194],[18.721227621483,45.415891112508],[18.714135,45.416143],[18.695014,45.407616],[18.67145,45.399916],[18.661373,45.395576],[18.655017,45.391648],[18.653621,45.388496],[18.652846,45.384775],[18.650366,45.361107],[18.648816,45.356302],[18.64649,45.353098],[18.639617,45.349429],[18.637137,45.347413],[18.635276,45.344933],[18.634346,45.341522],[18.634036,45.337595],[18.634346,45.33284],[18.634191,45.327673],[18.633021400349,45.323741007194]]],"type":"Polygon"},"id":182,"properties":{"parentKey":"HRV:1159312543","sourceCountryId":"HRV","syntheticOperational":true,"territoryId":"territory:catalog:4c5281fad194673a346d5e474f3248165f9f463ddb3f83b9742570ed95298d36"},"type":"Feature"},{"geometry":{"coordinates":[[[15.357329645347,43.920863309353],[15.358653,43.919379],[15.372081,43.913886],[15.397716,43.908108],[15.398671096346,43.907274756469],[15.398671096346,43.920863309353],[15.357329645347,43.920863309353]]],"type":"Polygon"},"id":183,"properties":{"parentKey":"HRV:1159312443","sourceCountryId":"HRV","syntheticOperational":true,"territoryId":"territory:catalog:2672b56094ce3b214239680ac8d74fe0609716c2f1d19990ccc4195d2fa16f0e"},"type":"Feature"},{"geometry":{"coordinates":[[[16.633405639913,46.314793555724],[16.720458,46.311385],[16.745159,46.305701],[16.778956,46.302394],[16.789587852495,46.298406840997],[16.789587852495,46.39084498289],[16.776474,46.39288],[16.769343,46.39611],[16.761901,46.381873],[16.75508,46.381873],[16.742885,46.399624],[16.735281900122,46.402877697842],[16.662320730117,46.402877697842],[16.633405639913,46.402877697842],[16.633405639913,46.314793555724]]],"type":"Polygon"},"id":184,"properties":{"parentKey":"HRV:1159312553","sourceCountryId":"HRV","syntheticOperational":true,"territoryId":"territory:catalog:96bbc13a0ce5501eba5fc9fced6395894673ebb7a3be7985289a338cebab3711"},"type":"Feature"},{"geometry":{"coordinates":[[[16.048839,43.065172],[16.056819780592,43.057553956835],[16.068796068796,43.057553956835],[16.095159967186,43.057553956835],[16.095159967186,43.083146064999],[16.09254,43.08275],[16.069347,43.071967],[16.062266,43.071275],[16.057302,43.070217],[16.052989,43.068305],[16.048839,43.065172]]],"type":"Polygon"},"id":185,"properties":{"parentKey":"HRV:1159312433","sourceCountryId":"HRV","syntheticOperational":true,"territoryId":"territory:catalog:36adbd63f9940eb45ea1794f7ecffb8e392ff961b19d3c89a3fd31893af6a1b6"},"type":"Feature"},{"geometry":{"coordinates":[[[15.355805243446,43.922573118583],[15.357329645347,43.920863309353],[15.398671096346,43.920863309353],[15.427729419383,43.920863309353],[15.426768,43.922065],[15.418793,43.929145],[15.411143,43.932929],[15.397634,43.937201],[15.391612,43.942206],[15.389415,43.947659],[15.386567,43.964423],[15.384044,43.97016],[15.378591,43.971666],[15.355805243446,43.975355311883],[15.355805243446,43.935684316453],[15.356781,43.93537],[15.355805243446,43.933808629619],[15.355805243446,43.922573118583]]],"type":"Polygon"},"id":186,"properties":{"parentKey":"HRV:1159312443","sourceCountryId":"HRV","syntheticOperational":true,"territoryId":"territory:catalog:7fcc594e7b220f97024773ad277c58c95b9f411a940519bff3abb8ccd4ac94d9"},"type":"Feature"},{"geometry":{"coordinates":[[[14.931221342226,44.093911886414],[14.955089,44.075588],[14.983084,44.066311],[15.003103,44.052314],[15.018206397563,44.028776978417],[15.039125138975,44.028776978417],[15.031912,44.036363],[15.027843,44.048651],[15.026703,44.062323],[15.022716,44.072211],[15.014415,44.077948],[15.000499,44.079413],[15.002778,44.083157],[15.007335,44.093004],[14.993826,44.087836],[14.985118,44.090969],[14.976329,44.096666],[14.962657,44.09984],[14.954438,44.103217],[14.948741,44.111151],[14.944184,44.120266],[14.939138,44.127143],[14.931221342226,44.131644733675],[14.931221342226,44.093911886414]]],"type":"Polygon"},"id":187,"properties":{"parentKey":"HRV:1159312443","sourceCountryId":"HRV","syntheticOperational":true,"territoryId":"territory:catalog:ebc031a7b7130406aa591ea870f1c2eb06b2baec08aa86f54b9f026185fb71af"},"type":"Feature"},{"geometry":{"coordinates":[[[17.157446808511,45.215827338129],[17.197452229299,45.215827338129],[17.310638297872,45.215827338129],[17.310638297872,45.323741007194],[17.188289589078,45.323741007194],[17.188181,45.323539],[17.182755,45.320438],[17.179345,45.317544],[17.178053,45.314134],[17.182548,45.309173],[17.196553,45.300181],[17.199653,45.297649],[17.200584,45.2946],[17.198878,45.292223],[17.192367,45.288605],[17.180068,45.287055],[17.171386,45.286745],[17.165495,45.285918],[17.157446808511,45.283517614251],[17.157446808511,45.215827338129]]],"type":"Polygon"},"id":188,"properties":{"parentKey":"HRV:1159312537","sourceCountryId":"HRV","syntheticOperational":true,"territoryId":"territory:catalog:ee0130081ef797e775bfc8714a39b8609b283b0fe3bd4560147fe12752066422"},"type":"Feature"},{"geometry":{"coordinates":[[[16.821737340469,43.273381294964],[16.846191967161,43.273381294964],[16.846202,43.273383],[16.864431,43.291693],[16.872325,43.287991],[16.879568,43.293931],[16.892345,43.312201],[16.885102,43.321967],[16.877696,43.323432],[16.868988,43.322577],[16.858165,43.325181],[16.839366,43.340888],[16.830333,43.346381],[16.824229,43.34101],[16.821737340469,43.340768488675],[16.821737340469,43.273381294964]]],"type":"Polygon"},"id":189,"properties":{"parentKey":"HRV:1159312433","sourceCountryId":"HRV","syntheticOperational":true,"territoryId":"territory:catalog:6ba3db2b223b6e025de7049378b50245eef51e6a869f0d30544c96b023508fe3"},"type":"Feature"},{"geometry":{"coordinates":[[[14.438162,44.538642],[14.439311213776,44.538077545768],[14.439311213776,44.545242781125],[14.438162,44.545478],[14.438162,44.538642]]],"type":"Polygon"},"id":190,"properties":{"parentKey":"HRV:1159312505","sourceCountryId":"HRV","syntheticOperational":true,"territoryId":"territory:catalog:f5d721b02b9bfce2daa3054272cae995c25626cc97dc3d67707f471553256809"},"type":"Feature"},{"geometry":{"coordinates":[[[18.173861006789,42.625899280576],[18.21754,42.620103],[18.223481,42.614691],[18.223155,42.602118],[18.220876,42.588324],[18.220551,42.579169],[18.22692151281,42.572206533819],[18.22692151281,42.625899280576],[18.173861006789,42.625899280576]]],"type":"Polygon"},"id":191,"properties":{"parentKey":"HRV:1159312431","sourceCountryId":"HRV","syntheticOperational":true,"territoryId":"territory:catalog:66846e92e08894a491a65ec9b17011700e098b7c062c1db1073098cc281b8a12"},"type":"Feature"},{"geometry":{"coordinates":[[[15.981659024594,44.028776978417],[16.104868913858,44.028776978417],[16.123494710786,44.028776978417],[16.13052,44.033592],[16.131721550646,44.033717890443],[16.131721550646,44.136690647482],[16.008350730689,44.136690647482],[15.981659024594,44.136690647482],[15.981659024594,44.028776978417]]],"type":"Polygon"},"id":192,"properties":{"parentKey":"HRV:1159312443","sourceCountryId":"HRV","syntheticOperational":true,"territoryId":"territory:catalog:7600fac6b89ba369413ec3e68dc74af3ac351ed7f3c9f59447efce665e5711b0"},"type":"Feature"},{"geometry":{"coordinates":[[[15.337007206443,45.043518969408],[15.376509,45.026296],[15.379764,45.023815],[15.38364,45.020095],[15.396261065724,45],[15.489614243323,45],[15.489614243323,45.107913669065],[15.363057324841,45.107913669065],[15.337007206443,45.107913669065],[15.337007206443,45.043518969408]]],"type":"Polygon"},"id":193,"properties":{"parentKey":"HRV:1159312525","sourceCountryId":"HRV","syntheticOperational":true,"territoryId":"territory:catalog:d48dce9c90cb2c473b34433dbcb32e4074f5eeaed56ce3251cb0ef40fc16448a"},"type":"Feature"},{"geometry":{"coordinates":[[[16.552577319588,43.487762116298],[16.625824,43.449042],[16.693858,43.4383],[16.701030927835,43.435998674431],[16.701030927835,43.489208633094],[16.579925650558,43.489208633094],[16.552577319588,43.489208633094],[16.552577319588,43.487762116298]]],"type":"Polygon"},"id":194,"properties":{"parentKey":"HRV:1159312433","sourceCountryId":"HRV","syntheticOperational":true,"territoryId":"territory:catalog:a693259b8e9f2dbd6dd04d36e7fb7b4f1c0239fa132413c027143e928c662beb"},"type":"Feature"},{"geometry":{"coordinates":[[[17.033248081841,45.420279271147],[17.035167,45.420587],[17.04881,45.424825],[17.053306,45.425755],[17.057491,45.425186],[17.060902,45.422757],[17.062607,45.417021],[17.061522,45.411595],[17.059507,45.407823],[17.054701,45.4025],[17.05005,45.395834],[17.049275,45.392062],[17.049275,45.387979],[17.051445,45.384724],[17.061987,45.378161],[17.143791,45.341936],[17.181205,45.34793],[17.186700767263,45.351152185518],[17.186700767263,45.431654676259],[17.146518581803,45.431654676259],[17.033248081841,45.431654676259],[17.033248081841,45.420279271147]]],"type":"Polygon"},"id":195,"properties":{"parentKey":"HRV:1159312541","sourceCountryId":"HRV","syntheticOperational":true,"territoryId":"territory:catalog:cb9915b10576216f132fe275f0fc2ee44552e75f6ceb0cf96fd1cc3c0c56edb2"},"type":"Feature"},{"geometry":{"coordinates":[[[16.778413736713,42.911476259706],[16.85141,42.900702],[16.898692,42.905829],[16.925592804579,42.913394817308],[16.925592804579,42.94964028777],[16.805896805897,42.94964028777],[16.778413736713,42.94964028777],[16.778413736713,42.911476259706]]],"type":"Polygon"},"id":196,"properties":{"parentKey":"HRV:1159312431","sourceCountryId":"HRV","syntheticOperational":true,"territoryId":"territory:catalog:91b29df3161a9685026f16e399be37b18f31741005db81f754e8e9dbe0677813"},"type":"Feature"},{"geometry":{"coordinates":[[[16.849484536082,43.409243140653],[16.880626,43.405951],[16.88852,43.40119],[16.895763,43.394599],[16.906016,43.387274],[16.918224237151,43.381294964029],[16.969946480033,43.381294964029],[16.99793814433,43.381294964029],[16.99793814433,43.489208633094],[16.877323420074,43.489208633094],[16.849484536082,43.489208633094],[16.849484536082,43.409243140653]]],"type":"Polygon"},"id":197,"properties":{"parentKey":"HRV:1159312433","sourceCountryId":"HRV","syntheticOperational":true,"territoryId":"territory:catalog:1f80f324f33fe4a1f29ed078991bc90dadb692002c038c736453d721b75beca0"},"type":"Feature"},{"geometry":{"coordinates":[[[16.525745662404,45.971223021583],[16.545275,45.957092],[16.551166,45.953629],[16.58951,45.937972],[16.595711,45.933837],[16.599587,45.930065],[16.601137,45.926964],[16.603772,45.925724],[16.607648,45.925414],[16.616175,45.927171],[16.622273,45.927119],[16.630334,45.923812],[16.63452,45.921022],[16.640876,45.919626],[16.648473,45.92035],[16.65949203616,45.923599889996],[16.65949203616,45.971223021583],[16.53298835705,45.971223021583],[16.525745662404,45.971223021583]]],"type":"Polygon"},"id":198,"properties":{"parentKey":"HRV:1159312551","sourceCountryId":"HRV","syntheticOperational":true,"territoryId":"territory:catalog:74faf619eed227cce411dc1e5103d1eb091fe135c42c65d8541c1e5c0c139cc2"},"type":"Feature"},{"geometry":{"coordinates":[[[15.959079283887,45.323741007194],[16.085106382979,45.323741007194],[16.112531969309,45.323741007194],[16.112531969309,45.431654676259],[16.070055531824,45.431654676259],[15.959079283887,45.431654676259],[15.959079283887,45.323741007194]]],"type":"Polygon"},"id":199,"properties":{"parentKey":"HRV:1159312529","sourceCountryId":"HRV","syntheticOperational":true,"territoryId":"territory:catalog:74cc080934b7e3a7e0280a11e0a6d6c0df8d17ee167a19c39a3c9b1fff0a00b0"},"type":"Feature"},{"geometry":{"coordinates":[[[14.415027845919,44.676258992806],[14.427908,44.656562],[14.463609591923,44.627819541912],[14.463609591923,44.676258992806],[14.415027845919,44.676258992806]]],"type":"Polygon"},"id":200,"properties":{"parentKey":"HRV:1159312505","sourceCountryId":"HRV","syntheticOperational":true,"territoryId":"territory:catalog:fc1c57c5203f20f9209faf96babf26cd77c75e56a265a117ffbd0043350bbee9"},"type":"Feature"},{"geometry":{"coordinates":[[[16.133828996283,43.489691],[16.172374,43.489691],[16.164887,43.504096],[16.150727,43.511379],[16.133828996283,43.514584102427],[16.133828996283,43.489691]]],"type":"Polygon"},"id":201,"properties":{"parentKey":"HRV:1159312433","sourceCountryId":"HRV","syntheticOperational":true,"territoryId":"territory:catalog:5665c84c6c8baa9b80edd9bcdca0cc76ae71ac2fe6f773c2ea0b54d779a76f16"},"type":"Feature"},{"geometry":{"coordinates":[[[16.520518,43.22899],[16.529307,43.221625],[16.555919,43.209784],[16.565324568611,43.202520000661],[16.565324568611,43.2273585219],[16.562755,43.22899],[16.535004,43.227729],[16.520518,43.22899]]],"type":"Polygon"},"id":202,"properties":{"parentKey":"HRV:1159312433","sourceCountryId":"HRV","syntheticOperational":true,"territoryId":"territory:catalog:847dd2b2bb2f59bbda18e3fdd8c88b6b422ba34d89e60e007db7eac25e965137"},"type":"Feature"},{"geometry":{"coordinates":[[[16.981132075472,43.127265],[17.128794093519,43.127265],[17.128794093519,43.142343806354],[17.109874,43.143785],[17.018565,43.140855],[16.981132075472,43.148087000466],[16.981132075472,43.127265]]],"type":"Polygon"},"id":203,"properties":{"parentKey":"HRV:1159312433","sourceCountryId":"HRV","syntheticOperational":true,"territoryId":"territory:catalog:8e59ebf26bcabb43f618c2e6a994ea4bf877fd658b28040c6ce14738adc096eb"},"type":"Feature"},{"geometry":{"coordinates":[[[16.139435302892,45.971223021583],[16.194575979337,45.971223021583],[16.222509702458,45.971223021583],[16.222509702458,46.057770950938],[16.220643,46.057034],[16.217233,46.056672],[16.213202,46.056879],[16.198629,46.059876],[16.194133,46.05998],[16.190413,46.058533],[16.187932,46.055277],[16.188242,46.049386],[16.190413,46.046285],[16.193358,46.04427],[16.198939,46.042461],[16.20266,46.040704],[16.20545,46.038947],[16.208396,46.036363],[16.208086,46.033366],[16.20483,46.030214],[16.189793,46.024323],[16.186227,46.022049],[16.188087,46.01807],[16.189793,46.01621],[16.198939,46.011455],[16.20173,46.009337],[16.204675,46.006598],[16.204675,46.004221],[16.20173,46.00236],[16.192118,46.000707],[16.187622,46.000448],[16.184366,46.000655],[16.17832,46.002722],[16.174238,46.003601],[16.170207,46.004014],[16.166952,46.003962],[16.165091,46.003807],[16.164006,46.002412],[16.162766,46.000035],[16.162301,45.994092],[16.163076,45.990992],[16.164471,45.988666],[16.169897,45.985204],[16.171447,45.984067],[16.172067,45.982878],[16.169122,45.980398],[16.166021,45.978331],[16.139435302892,45.971223021583]]],"type":"Polygon"},"id":204,"properties":{"parentKey":"HRV:1159312531","sourceCountryId":"HRV","syntheticOperational":true,"territoryId":"territory:catalog:60bd071195fd0bb57f34146dc28e5eface3450e1d9ace74eb5f8946bfd24c66f"},"type":"Feature"},{"geometry":{"coordinates":[[[16.403703607941,43.920863309353],[16.404494382022,43.920863309353],[16.404494382022,43.921065789507],[16.403703607941,43.920863309353]]],"type":"Polygon"},"id":205,"properties":{"parentKey":"HRV:1159312433","sourceCountryId":"HRV","syntheticOperational":true,"territoryId":"territory:catalog:67bb336fc7a2668fbe665b7ad16c3398cbd357fae5765a9da89d400f12a1ea79"},"type":"Feature"},{"geometry":{"coordinates":[[[17.761640324648,45.494079704267],[17.769593,45.493399],[17.77936,45.49066],[17.785406,45.486733],[17.789126,45.482082],[17.791142,45.47769],[17.793932,45.474072],[17.799255,45.471385],[17.807782,45.470196],[17.817548,45.470506],[17.85119,45.474589],[17.867675,45.473555],[17.875581,45.471902],[17.879147,45.470713],[17.884418,45.471385],[17.890774,45.473917],[17.915420760359,45.486991589737],[17.915420760359,45.539568345324],[17.792041078306,45.539568345324],[17.761640324648,45.539568345324],[17.761640324648,45.494079704267]]],"type":"Polygon"},"id":206,"properties":{"parentKey":"HRV:1159312547","sourceCountryId":"HRV","syntheticOperational":true,"territoryId":"territory:catalog:b8c134ae6651c492b564c8593051aab470de0ed4b02ab2de00f1e958342d9462"},"type":"Feature"},{"geometry":{"coordinates":[[[15.64888702226,44.492507165119],[15.653494,44.494959],[15.64888702226,44.504143804558],[15.64888702226,44.492507165119]]],"type":"Polygon"},"id":207,"properties":{"parentKey":"HRV:1159312507","sourceCountryId":"HRV","syntheticOperational":true,"territoryId":"territory:catalog:ccf01acf599bda8c78bb475cd4033012a96b829b419b1b9de64db1362039346e"},"type":"Feature"},{"geometry":{"coordinates":[[[15.970149253731,43.705035971223],[16.092715231788,43.705035971223],[16.119402985075,43.705035971223],[16.119402985075,43.812949640288],[15.996677740864,43.812949640288],[15.970149253731,43.812949640288],[15.970149253731,43.705035971223]]],"type":"Polygon"},"id":208,"properties":{"parentKey":"HRV:1159312439","sourceCountryId":"HRV","syntheticOperational":true,"territoryId":"territory:catalog:dff55b40f135e585d839073c98475b28ad05fd784439b324f61b21b2f65547ab"},"type":"Feature"},{"geometry":{"coordinates":[[[15.645695364238,43.655000670417],[15.663097,43.645697],[15.672048,43.637437],[15.681326,43.640326],[15.740408,43.627509],[15.678884,43.648017],[15.669688,43.655748],[15.661632,43.665473],[15.650157,43.673041],[15.645695364238,43.673392030162],[15.645695364238,43.655000670417]]],"type":"Polygon"},"id":209,"properties":{"parentKey":"HRV:1159312439","sourceCountryId":"HRV","syntheticOperational":true,"territoryId":"territory:catalog:77d6c9d8e8f1099c23b40f4587e9dc5adc681ed552d73697a259a44c480e872c"},"type":"Feature"},{"geometry":{"coordinates":[[[17.289879931389,45.647482014388],[17.329910141207,45.647482014388],[17.444253859348,45.647482014388],[17.444253859348,45.71537304845],[17.441241,45.716538],[17.432249,45.718605],[17.426358,45.718967],[17.422637,45.71814],[17.416126,45.713644],[17.410855,45.711319],[17.402277,45.705221],[17.397316,45.702844],[17.385223,45.702534],[17.36631,45.713696],[17.362279,45.717623],[17.359644,45.721396],[17.361039,45.72491],[17.36631,45.732248],[17.367085,45.73695],[17.365845,45.742428],[17.362279,45.750283],[17.357938,45.75359],[17.353287,45.75483],[17.323625,45.750541],[17.321765,45.750541],[17.320525,45.75235],[17.316316729459,45.755395683453],[17.289879931389,45.755395683453],[17.289879931389,45.647482014388]]],"type":"Polygon"},"id":210,"properties":{"parentKey":"HRV:1159312549","sourceCountryId":"HRV","syntheticOperational":true,"territoryId":"territory:catalog:b6b4cafffdbc8f62d78624a3013da7a6b3fb12f144d3266091afb3c107c54518"},"type":"Feature"},{"geometry":{"coordinates":[[[15.37231804796,44.568345323741],[15.497690046199,44.568345323741],[15.523769457299,44.568345323741],[15.523769457299,44.676258992806],[15.398230088496,44.676258992806],[15.37231804796,44.676258992806],[15.37231804796,44.568345323741]]],"type":"Polygon"},"id":211,"properties":{"parentKey":"HRV:1159312507","sourceCountryId":"HRV","syntheticOperational":true,"territoryId":"territory:catalog:178fa7d58b4f377eae08f30c61a6d254ed29345f13f7162ad5fcc0074ec65287"},"type":"Feature"},{"geometry":{"coordinates":[[[15.012765957447,45.215827338129],[15.057324840764,45.215827338129],[15.165957446809,45.215827338129],[15.165957446809,45.322186753872],[15.142053,45.315115],[15.138797,45.3131],[15.135077,45.309379],[15.122364,45.293308],[15.119884,45.293205],[15.116318,45.29429],[15.107946,45.299044],[15.105569,45.302972],[15.098593,45.307364],[15.087896,45.311601],[15.059371,45.318164],[15.047227,45.323177],[15.046246436042,45.323741007194],[15.038363171356,45.323741007194],[15.019133195494,45.323741007194],[15.012765957447,45.320711634155],[15.012765957447,45.215827338129]]],"type":"Polygon"},"id":212,"properties":{"parentKey":"HRV:1159312525","sourceCountryId":"HRV","syntheticOperational":true,"territoryId":"territory:catalog:f66016a1aad66dfc0ffd88c737c153eec88e0a6bc18f8ff897e6879088209b09"},"type":"Feature"},{"geometry":{"coordinates":[[[16.179775280899,46.079136690647],[16.222509702458,46.079136690647],[16.253330985758,46.079136690647],[16.2486,46.112586],[16.250306,46.120648],[16.250926,46.129484],[16.255112,46.143024],[16.255112,46.148191],[16.254491,46.151912],[16.253716,46.153152],[16.246895,46.162041],[16.242399,46.16943],[16.242399,46.175115],[16.247134011558,46.187050359712],[16.207792207792,46.187050359712],[16.179775280899,46.187050359712],[16.179775280899,46.079136690647]]],"type":"Polygon"},"id":213,"properties":{"parentKey":"HRV:1159312523","sourceCountryId":"HRV","syntheticOperational":true,"territoryId":"territory:catalog:392f86b3508bba3616b90c8091e2f4694fa2ce31d16bb08c93f04ce869293061"},"type":"Feature"},{"geometry":{"coordinates":[[[15.966527196653,44.244604316547],[16.008350730689,44.244604316547],[16.117154811715,44.244604316547],[16.117154811715,44.352517985612],[15.993294216262,44.352517985612],[15.966527196653,44.352517985612],[15.966527196653,44.244604316547]]],"type":"Polygon"},"id":214,"properties":{"parentKey":"HRV:1159312443","sourceCountryId":"HRV","syntheticOperational":true,"territoryId":"territory:catalog:1b0fb011c2fe3f7dd8a1f9f56fc94d06b2ba9b04f1a21e67f8c4910b69ac8c7b"},"type":"Feature"},{"geometry":{"coordinates":[[[15.665271966527,44.244604316547],[15.707724425887,44.244604316547],[15.81589958159,44.244604316547],[15.81589958159,44.352517985612],[15.69153394803,44.352517985612],[15.665271966527,44.352517985612],[15.665271966527,44.244604316547]]],"type":"Polygon"},"id":215,"properties":{"parentKey":"HRV:1159312443","sourceCountryId":"HRV","syntheticOperational":true,"territoryId":"territory:catalog:a456df52062636693fec785fb751385a6dddfb084fbe7851bf089e43e8ba95e1"},"type":"Feature"},{"geometry":{"coordinates":[[[15.619911824002,46.079136690647],[15.623605,46.076415],[15.631531,46.070574],[15.643727,46.06551],[15.671735,46.057397],[15.683931,46.051144],[15.69288,46.041636],[15.697987,46.036209],[15.693646,46.025771],[15.681967,46.013523],[15.674319,45.993318],[15.674216,45.993163],[15.675381,45.972486],[15.692924,45.972181],[15.710413595641,45.971223021583],[15.729659922514,45.971223021583],[15.756791720569,45.971223021583],[15.756791720569,46.079136690647],[15.71305099395,46.079136690647],[15.619911824002,46.079136690647]]],"type":"Polygon"},"id":216,"properties":{"parentKey":"HRV:1159312523","sourceCountryId":"HRV","syntheticOperational":true,"territoryId":"territory:catalog:2d4ba930920c06f17d7fd45ea1dea936bb39e4425311e5b203fa8a1e598e283f"},"type":"Feature"},{"geometry":{"coordinates":[[[18.22692151281,42.572206533819],[18.238943,42.559068],[18.32448992092,42.517985611511],[18.343483556638,42.517985611511],[18.373322488817,42.517985611511],[18.373322488817,42.572265778381],[18.370485,42.57363],[18.369783,42.574393],[18.349608,42.59629],[18.338653,42.602517],[18.311574,42.601225],[18.257107,42.614893],[18.229571253733,42.625899280576],[18.22692151281,42.625899280576],[18.22692151281,42.572206533819]]],"type":"Polygon"},"id":217,"properties":{"parentKey":"HRV:1159312431","sourceCountryId":"HRV","syntheticOperational":true,"territoryId":"territory:catalog:1e34b062fafc4392106e0f3f6710ddd86e74646099a44de8f0bb8c17cd0eac8c"},"type":"Feature"},{"geometry":{"coordinates":[[[16.024200518583,46.079136690647],[16.067270375162,46.079136690647],[16.179775280899,46.079136690647],[16.179775280899,46.187050359712],[16.051948051948,46.187050359712],[16.047483445141,46.187050359712],[16.039569,46.184623],[16.030732,46.184261],[16.024200518583,46.184926319331],[16.024200518583,46.079136690647]]],"type":"Polygon"},"id":218,"properties":{"parentKey":"HRV:1159312523","sourceCountryId":"HRV","syntheticOperational":true,"territoryId":"territory:catalog:4bf28bbf4841de1c822b6369204552c30198b5bacaebc643e42ae801c1ce159d"},"type":"Feature"},{"geometry":{"coordinates":[[[17.483953786906,45.563174034921],[17.485786,45.562387],[17.488886,45.559752],[17.491987,45.557685],[17.496173,45.555669],[17.500359,45.555359],[17.504389,45.556341],[17.50966,45.560113],[17.512141,45.563524],[17.513381,45.566883],[17.513226,45.574066],[17.514156,45.57634],[17.517102,45.57634],[17.586193,45.548796],[17.592394,45.547504],[17.59627,45.545644],[17.603933541555,45.539568345324],[17.607859888936,45.539568345324],[17.637997432606,45.539568345324],[17.637997432606,45.647482014388],[17.598627787307,45.647482014388],[17.483953786906,45.647482014388],[17.483953786906,45.563174034921]]],"type":"Polygon"},"id":219,"properties":{"parentKey":"HRV:1159312547","sourceCountryId":"HRV","syntheticOperational":true,"territoryId":"territory:catalog:3bec099a48d1f5cba945381d6d85e71fbc859296f18129cd48407c49b9b4f3f0"},"type":"Feature"},{"geometry":{"coordinates":[[[16.546391752577,45.78855209094],[16.560313,45.788678],[16.59323,45.779842],[16.599277,45.78165],[16.601757,45.786766],[16.598656,45.801856],[16.598036,45.810227],[16.600517,45.817307],[16.622066,45.841853],[16.628629,45.844747],[16.63421,45.844437],[16.637155,45.84082],[16.63669,45.836014],[16.63452,45.831053],[16.6339,45.82635],[16.637465,45.822526],[16.644907,45.820149],[16.657929,45.820149],[16.666456,45.82232],[16.674052,45.826144],[16.688367,45.839166],[16.693638,45.853687],[16.695163134927,45.863309352518],[16.65949203616,45.863309352518],[16.546391752577,45.863309352518],[16.546391752577,45.78855209094]]],"type":"Polygon"},"id":220,"properties":{"parentKey":"HRV:1159312531","sourceCountryId":"HRV","syntheticOperational":true,"territoryId":"territory:catalog:35d777eb4e200b59d6297d02cf065e475b4ad9a025f2796c815e7d044bae9759"},"type":"Feature"},{"geometry":{"coordinates":[[[17.215519210037,43.165467625899],[17.240691395605,43.155921335202],[17.276456111567,43.142357937047],[17.276456111567,43.165467625899],[17.215519210037,43.165467625899]]],"type":"Polygon"},"id":221,"properties":{"parentKey":"HRV:1159312433","sourceCountryId":"HRV","syntheticOperational":true,"territoryId":"territory:catalog:6e669544916c7ac9b229206fdfdd869c33716cee60a097c79abc0126237a8bb4"},"type":"Feature"},{"geometry":{"coordinates":[[[15.256784968685,44.136690647482],[15.381408920383,44.136690647482],[15.407098121086,44.136690647482],[15.407098121086,44.244604316547],[15.364016736402,44.244604316547],[15.256784968685,44.244604316547],[15.256784968685,44.136690647482]]],"type":"Polygon"},"id":222,"properties":{"parentKey":"HRV:1159312443","sourceCountryId":"HRV","syntheticOperational":true,"territoryId":"territory:catalog:d552b132730139a0d5a6be4c20f886faee668f8d12e10438cbcf1afecd0e5344"},"type":"Feature"},{"geometry":{"coordinates":[[[15.489614243323,45],[15.532994923858,45],[15.642221280203,45],[15.642221280203,45.107913669065],[15.515923566879,45.107913669065],[15.489614243323,45.107913669065],[15.489614243323,45]]],"type":"Polygon"},"id":223,"properties":{"parentKey":"HRV:1159312525","sourceCountryId":"HRV","syntheticOperational":true,"territoryId":"territory:catalog:e8d05ca66863c9ad04b6bf8dae5b035c0b03c48fd524365cb1e8b5a242408ffb"},"type":"Feature"},{"geometry":{"coordinates":[[[17.26636475916,43.273381294964],[17.304847986853,43.273381294964],[17.316970090588,43.273381294964],[17.289931,43.30343],[17.267607,43.353324],[17.273866623012,43.381294964029],[17.26636475916,43.381294964029],[17.26636475916,43.273381294964]]],"type":"Polygon"},"id":224,"properties":{"parentKey":"HRV:1159312433","sourceCountryId":"HRV","syntheticOperational":true,"territoryId":"territory:catalog:e6641619e197d2cfeb2b6dc6ba2680149e890f78b9289d2acdee413756fc6a7f"},"type":"Feature"},{"geometry":{"coordinates":[[[17.297599881361,42.94964028777],[17.350922,42.92178],[17.367130008177,42.919194538613],[17.367130008177,42.94964028777],[17.297599881361,42.94964028777]]],"type":"Polygon"},"id":225,"properties":{"parentKey":"HRV:1159312431","sourceCountryId":"HRV","syntheticOperational":true,"territoryId":"territory:catalog:af565de115101a42c5634525156072ca4fcd5ce0c077a4f8fe6a0830691cb9f0"},"type":"Feature"},{"geometry":{"coordinates":[[[16.102477950441,44.460431654676],[16.14027680643,44.460431654676],[16.128348,44.484314],[16.123077,44.5039],[16.116463,44.52147],[16.104887,44.532373],[16.102477950441,44.532660898876],[16.102477950441,44.460431654676]]],"type":"Polygon"},"id":226,"properties":{"parentKey":"HRV:1159312443","sourceCountryId":"HRV","syntheticOperational":true,"territoryId":"territory:catalog:e9d313483ec7b2ac4e76cdd0468ff82a210ee52f011c0459f51b7a9c645f7edb"},"type":"Feature"},{"geometry":{"coordinates":[[[14.771573604061,44.971694916864],[14.772227,44.97134],[14.784679,44.969306],[14.797211,44.97134],[14.808767,44.977484],[14.814952,44.977484],[14.80265229982,45],[14.771573604061,45],[14.771573604061,44.971694916864]]],"type":"Polygon"},"id":227,"properties":{"parentKey":"HRV:1159312505","sourceCountryId":"HRV","syntheticOperational":true,"territoryId":"territory:catalog:948406704b30f990285f879ae0f79238f371b8542f625058a21220cbfa0d5099"},"type":"Feature"},{"geometry":{"coordinates":[[[18.530542503204,45.431654676259],[18.567774936061,45.431654676259],[18.684322938915,45.431654676259],[18.684322938915,45.539568345324],[18.562259306804,45.539568345324],[18.530542503204,45.539568345324],[18.530542503204,45.431654676259]]],"type":"Polygon"},"id":228,"properties":{"parentKey":"HRV:1159312539","sourceCountryId":"HRV","syntheticOperational":true,"territoryId":"territory:catalog:28c12c0d505032a8cc7c675d41616bdf9e45bfccaa9bcfdc05110b3bd0db4b32"},"type":"Feature"},{"geometry":{"coordinates":[[[16.83895771038,45.510767543256],[16.839934,45.510659],[16.842931,45.509884],[16.846342,45.509729],[16.850992,45.510039],[16.868666,45.522803],[16.867271,45.526524],[16.86231,45.532415],[16.85461242989,45.539568345324],[16.83895771038,45.539568345324],[16.83895771038,45.510767543256]]],"type":"Polygon"},"id":229,"properties":{"parentKey":"HRV:1159312529","sourceCountryId":"HRV","syntheticOperational":true,"territoryId":"territory:catalog:385d321f3c150be9df984ac2668810883b07f41443f07437bd75b426669d599b"},"type":"Feature"},{"geometry":{"coordinates":[[[15.532994923858,44.892086330935],[15.544115944223,44.892086330935],[15.532994923858,44.898726705016],[15.532994923858,44.892086330935]]],"type":"Polygon"},"id":230,"properties":{"parentKey":"HRV:1159312507","sourceCountryId":"HRV","syntheticOperational":true,"territoryId":"territory:catalog:e196b48f82e6853fbe3016c8496720ad347f1a5efa0e9bdb5790d1e2cca2154c"},"type":"Feature"},{"geometry":{"coordinates":[[[16.701030927835,43.435998674431],[16.752452,43.419501],[16.849484536082,43.409243140653],[16.849484536082,43.489208633094],[16.728624535316,43.489208633094],[16.701030927835,43.489208633094],[16.701030927835,43.435998674431]]],"type":"Polygon"},"id":231,"properties":{"parentKey":"HRV:1159312433","sourceCountryId":"HRV","syntheticOperational":true,"territoryId":"territory:catalog:4e75c191dd7202f8e9e94b3406b31e323d5214c2d36b471b3e5d591854bbb1a2"},"type":"Feature"},{"geometry":{"coordinates":[[[18.373322488817,42.517985611511],[18.437674673856,42.517985611511],[18.442006,42.543012],[18.437355,42.559212],[18.421025,42.56363],[18.385265,42.566524],[18.373322488817,42.572265778381],[18.373322488817,42.517985611511]]],"type":"Polygon"},"id":232,"properties":{"parentKey":"HRV:1159312431","sourceCountryId":"HRV","syntheticOperational":true,"territoryId":"territory:catalog:aa33184bbb00795856cdb999eeec7b671057c4bd419c49161b1ac9a3d5323601"},"type":"Feature"},{"geometry":{"coordinates":[[[17.276456111567,43.142357937047],[17.316254,43.127265],[17.365369212768,43.079247112793],[17.365535,43.079335],[17.393595,43.094114],[17.400261,43.096801],[17.406307,43.100522],[17.405584,43.103726],[17.402122,43.106103],[17.391735,43.111477],[17.386929,43.114888],[17.383983,43.11866],[17.378867,43.1276],[17.375147,43.132096],[17.370496,43.135869],[17.364915,43.137729],[17.353391,43.138711],[17.34843,43.139899],[17.345949,43.141966],[17.345329,43.14486],[17.347086,43.153749],[17.34936,43.156229],[17.353081,43.156849],[17.370341,43.153077],[17.391115,43.1507],[17.39592,43.149408],[17.398556,43.148168],[17.402277,43.144292],[17.406307,43.14176],[17.411785,43.140209],[17.419227,43.139744],[17.424118129614,43.140134200935],[17.424118129614,43.165467625899],[17.304847986853,43.165467625899],[17.276456111567,43.165467625899],[17.276456111567,43.142357937047]]],"type":"Polygon"},"id":233,"properties":{"parentKey":"HRV:1159312433","sourceCountryId":"HRV","syntheticOperational":true,"territoryId":"territory:catalog:90224a69c60e4a3b8c0bab870e6b44ca19577a62edb3de014699e19c0b66516b"},"type":"Feature"},{"geometry":{"coordinates":[[[15.202702702703,44.78417266187],[15.246523388116,44.78417266187],[15.35472972973,44.78417266187],[15.35472972973,44.892086330935],[15.228426395939,44.892086330935],[15.202702702703,44.892086330935],[15.202702702703,44.78417266187]]],"type":"Polygon"},"id":234,"properties":{"parentKey":"HRV:1159312507","sourceCountryId":"HRV","syntheticOperational":true,"territoryId":"territory:catalog:5cc50ad51c7a3205ae905364e4a9ff1c480e3018f5d077ed1a70bc395d2e29c5"},"type":"Feature"},{"geometry":{"coordinates":[[[14.282453401296,45.107913669065],[14.287446,45.10106],[14.340831,45.055609],[14.34669,45.047553],[14.370227829699,45],[14.415747181047,45],[14.412283,45.003648],[14.387706,45.039049],[14.36964,45.075507],[14.363048,45.093573],[14.361543446272,45.107913669065],[14.292993630573,45.107913669065],[14.282453401296,45.107913669065]]],"type":"Polygon"},"id":235,"properties":{"parentKey":"HRV:1159312505","sourceCountryId":"HRV","syntheticOperational":true,"territoryId":"territory:catalog:d4ee0919033fa9f517a67b34743f518e285e14d797cc61b91cd35aa4aa8b66c2"},"type":"Feature"},{"geometry":{"coordinates":[[[17.808667211774,42.841726618705],[17.837031130149,42.841726618705],[17.827159,42.853122],[17.825092,42.864542],[17.826229,42.888649],[17.823335,42.898365],[17.81176,42.909863],[17.808667211774,42.909783767492],[17.808667211774,42.841726618705]]],"type":"Polygon"},"id":236,"properties":{"parentKey":"HRV:1159312431","sourceCountryId":"HRV","syntheticOperational":true,"territoryId":"territory:catalog:2fd498dafab9fc0de9c7564d65a1f302cb72cbe68d59c0aed13f761b748d217b"},"type":"Feature"},{"geometry":{"coordinates":[[[18.502313,45.139261],[18.504018,45.128925],[18.511615,45.113732],[18.516831193477,45.107913669065],[18.541754980924,45.107913669065],[18.573248407643,45.107913669065],[18.573248407643,45.215827338129],[18.56726315887,45.215827338129],[18.567167,45.214295],[18.565616,45.20799],[18.563446,45.202306],[18.558485,45.195433],[18.553834,45.192022],[18.548253,45.190524],[18.544222,45.19073],[18.536936,45.193521],[18.51239,45.173109],[18.508049,45.167476],[18.505258,45.161688],[18.503398,45.155487],[18.502468,45.147477],[18.502313,45.139261]]],"type":"Polygon"},"id":237,"properties":{"parentKey":"HRV:1159312543","sourceCountryId":"HRV","syntheticOperational":true,"territoryId":"territory:catalog:422f6f0986c57a156f67bea4b939e8a5804cfcd955d654fd7c76245bc4ad3ed4"},"type":"Feature"},{"geometry":{"coordinates":[[[15.985130111524,43.503246472563],[15.995779,43.503363],[16.007823,43.497138],[16.007823,43.503974],[16.012796,43.503974],[16.012904,43.504063],[16.018795,43.508921],[16.029647,43.510419],[16.051196,43.511091],[16.056157,43.51321],[16.055847,43.515794],[16.052902,43.517292],[16.047941,43.518791],[16.04298,43.521168],[16.039724,43.524579],[16.039569,43.530987],[16.0436,43.533984],[16.051506,43.536413],[16.060963,43.538118],[16.077913,43.543131],[16.082719,43.545663],[16.083494,43.54804],[16.078688,43.549022],[16.075278,43.551037],[16.069852,43.559305],[16.056002,43.571346],[16.051196,43.578116],[16.047631,43.585815],[16.045305,43.596926],[16.045414072387,43.597122302158],[15.985130111524,43.597122302158],[15.985130111524,43.544723132014],[15.987315,43.544908],[15.985130111524,43.541612694467],[15.985130111524,43.530489191194],[15.98699,43.527289],[15.985130111524,43.523819474749],[15.985130111524,43.503246472563]]],"type":"Polygon"},"id":238,"properties":{"parentKey":"HRV:1159312439","sourceCountryId":"HRV","syntheticOperational":true,"territoryId":"territory:catalog:ba9c4f6c8c79aa0e916222164eb839a5ea471501f9838468444de8bce2a1199a"},"type":"Feature"},{"geometry":{"coordinates":[[[14.425059,45.087348],[14.438731,45.070502],[14.460134,45.052395],[14.485362,45.038031],[14.510509,45.032172],[14.573972022043,45.025117034376],[14.573972022043,45.107913669065],[14.466300416155,45.107913669065],[14.466482,45.105292],[14.462657,45.10102],[14.451182,45.10102],[14.44158,45.099799],[14.433116,45.095852],[14.425059,45.087348]]],"type":"Polygon"},"id":239,"properties":{"parentKey":"HRV:1159312505","sourceCountryId":"HRV","syntheticOperational":true,"territoryId":"territory:catalog:b8b4ecfeb4fc7205510ddec54e1baa1714916bc2e19ed57b3d0191df91859009"},"type":"Feature"},{"geometry":{"coordinates":[[[17.992656058752,42.73381294964],[18.009264538843,42.73381294964],[17.995315,42.740441],[17.992656058752,42.742086660466],[17.992656058752,42.73381294964]]],"type":"Polygon"},"id":240,"properties":{"parentKey":"HRV:1159312431","sourceCountryId":"HRV","syntheticOperational":true,"territoryId":"territory:catalog:9aeca8889ccb8b86c64807c46755f4a5b4b6ee64eae72ac8e6f1de224760ffc3"},"type":"Feature"},{"geometry":{"coordinates":[[[16.255670103093,43.381294964029],[16.343739376739,43.381294964029],[16.329845,43.389716],[16.302745,43.387274],[16.298188,43.403632],[16.277029,43.411933],[16.255670103093,43.413168805993],[16.255670103093,43.381294964029]]],"type":"Polygon"},"id":241,"properties":{"parentKey":"HRV:1159312433","sourceCountryId":"HRV","syntheticOperational":true,"territoryId":"territory:catalog:9cc0dea93916be9d5f743d4dd70eb4fc78dadfed86a140c122efdb9c7c314142"},"type":"Feature"},{"geometry":{"coordinates":[[[15.532778,44.927491],[15.532994923858,44.926864624591],[15.532994923858,44.929768700509],[15.532778,44.927491]]],"type":"Polygon"},"id":242,"properties":{"parentKey":"HRV:1159312443","sourceCountryId":"HRV","syntheticOperational":true,"territoryId":"territory:catalog:c4a6eba40274754170701e445b8f0d10caabe5802d2bf7837b626da6e5a49eb5"},"type":"Feature"},{"geometry":{"coordinates":[[[15.857566151224,45.971223021583],[15.884631941455,45.965751630474],[15.884631941455,45.971223021583],[15.857566151224,45.971223021583]]],"type":"Polygon"},"id":243,"properties":{"parentKey":"HRV:1159312523","sourceCountryId":"HRV","syntheticOperational":true,"territoryId":"territory:catalog:582823b465fa20394fdabef15c2357b34d15a81d766e56d71e4ec2501b800682"},"type":"Feature"},{"geometry":{"coordinates":[[[15.93214,43.668443],[15.942638,43.664293],[15.943708609272,43.663455296056],[15.943708609272,43.671675922036],[15.93214,43.668443]]],"type":"Polygon"},"id":244,"properties":{"parentKey":"HRV:1159312439","sourceCountryId":"HRV","syntheticOperational":true,"territoryId":"territory:catalog:af968f055468cf87cbdd55e551ccb75a0bbdd9c6052018973da93d435763f3c1"},"type":"Feature"},{"geometry":{"coordinates":[[[17.661488143908,42.887224505218],[17.678722,42.879381],[17.707367,42.88703],[17.713634,42.880805],[17.701915,42.868476],[17.710948,42.856635],[17.737133552827,42.841726618705],[17.808667211774,42.841726618705],[17.808667211774,42.909783767492],[17.802665,42.90963],[17.794707,42.904592],[17.786748,42.901388],[17.765458,42.904126],[17.7236,42.916245],[17.701586,42.9195],[17.679468,42.915676],[17.665929,42.90516],[17.661488143908,42.900146323528],[17.661488143908,42.887224505218]]],"type":"Polygon"},"id":245,"properties":{"parentKey":"HRV:1159312431","sourceCountryId":"HRV","syntheticOperational":true,"territoryId":"territory:catalog:ece57d337d213d2468332818e2d7103098f87838d7b8bd9acfa7e57b37293b0e"},"type":"Feature"},{"geometry":{"coordinates":[[[15.038363171356,45.327871460172],[15.03932,45.327725],[15.046246436042,45.323741007194],[15.165957446809,45.323741007194],[15.17121124474,45.323741007194],[15.174196,45.324624],[15.180862,45.32912],[15.183807,45.334081],[15.182877,45.342659],[15.183497,45.345708],[15.185513,45.34917],[15.190939,45.353408],[15.191815856778,45.353938783879],[15.191815856778,45.4275797508],[15.18422,45.4256],[15.139262,45.430045],[15.136579731925,45.431654676259],[15.038363171356,45.431654676259],[15.038363171356,45.327871460172]]],"type":"Polygon"},"id":246,"properties":{"parentKey":"HRV:1159312505","sourceCountryId":"HRV","syntheticOperational":true,"territoryId":"territory:catalog:f5eeda28803c31bddaf31f38ff6940ebbb94e85f8ad884fbd885f21f6efd4d00"},"type":"Feature"},{"geometry":{"coordinates":[[[15.184400169563,45],[15.228426395939,45],[15.337007206443,45],[15.337007206443,45.043518969408],[15.24246,45.084742],[15.236414,45.088153],[15.231763,45.091977],[15.225562,45.098488],[15.221531,45.101588],[15.212953,45.107014],[15.21192637448,45.107913669065],[15.210191082803,45.107913669065],[15.184400169563,45.107913669065],[15.184400169563,45]]],"type":"Polygon"},"id":247,"properties":{"parentKey":"HRV:1159312507","sourceCountryId":"HRV","syntheticOperational":true,"territoryId":"territory:catalog:9edbf64c4796d3d4611e165742e2e184d5615eb8a0f1321bdb33c2e29b924831"},"type":"Feature"},{"geometry":{"coordinates":[[[17.100737100737,42.984435873945],[17.201915,42.98432],[17.213878,42.982611],[17.221528,42.979804],[17.237478,42.971381],[17.248157248157,42.968852351887],[17.248157248157,43.020400610659],[17.240245,43.022773],[17.158702,43.030992],[17.100737100737,43.02635475379],[17.100737100737,42.984435873945]]],"type":"Polygon"},"id":248,"properties":{"parentKey":"HRV:1159312431","sourceCountryId":"HRV","syntheticOperational":true,"territoryId":"territory:catalog:6dc765a4432f241df3410574c9d6ca29677c5b81bf34aca441d65c0cd6af80c3"},"type":"Feature"},{"geometry":{"coordinates":[[[16.71322925226,43.265590402644],[16.813162,43.267768],[16.846191967161,43.273381294964],[16.821737340469,43.273381294964],[16.71322925226,43.273381294964],[16.71322925226,43.265590402644]]],"type":"Polygon"},"id":249,"properties":{"parentKey":"HRV:1159312433","sourceCountryId":"HRV","syntheticOperational":true,"territoryId":"territory:catalog:267b07e4e239a92107994122290300a2c6aaa37b3162bcbf7666af91b41177b0"},"type":"Feature"},{"geometry":{"coordinates":[[[15.31914893617,45.215827338129],[15.363057324841,45.215827338129],[15.472340425532,45.215827338129],[15.472340425532,45.323741007194],[15.3452685422,45.323741007194],[15.31914893617,45.323741007194],[15.31914893617,45.215827338129]]],"type":"Polygon"},"id":250,"properties":{"parentKey":"HRV:1159312525","sourceCountryId":"HRV","syntheticOperational":true,"territoryId":"territory:catalog:3a66122f2829d943c4457561f2ed074df244ec7b6a76f8b781d2765cf212c381"},"type":"Feature"},{"geometry":{"coordinates":[[[16.335350043215,46.079136690647],[16.355266970887,46.079136690647],[16.352883,46.09021],[16.345442,46.110054],[16.346372,46.11765],[16.349628,46.122508],[16.364821,46.125764],[16.368541,46.12597],[16.382804,46.124833],[16.387455,46.125454],[16.392571,46.127004],[16.427504,46.145039],[16.431225,46.145969],[16.433395,46.145246],[16.434946,46.143747],[16.437271,46.1392],[16.439131,46.136977],[16.441922,46.135789],[16.446573,46.135375],[16.472824,46.139303],[16.485072,46.142869],[16.490808,46.146641],[16.490924805532,46.146798533326],[16.490924805532,46.187050359712],[16.363636363636,46.187050359712],[16.335350043215,46.187050359712],[16.335350043215,46.079136690647]]],"type":"Polygon"},"id":251,"properties":{"parentKey":"HRV:1159312555","sourceCountryId":"HRV","syntheticOperational":true,"territoryId":"territory:catalog:841d603dabc19f7b6af4f9146a3845a31a3e557e3033f7c7fd8d0fe266437b19"},"type":"Feature"},{"geometry":{"coordinates":[[[15.238893545683,44.405127330893],[15.293793,44.364814],[15.29379662477,44.364811333388],[15.293982,44.364941],[15.315841,44.399978],[15.320337,44.404938],[15.328088,44.411708],[15.336666,44.413723],[15.344263,44.413362],[15.351549,44.411811],[15.363641,44.406437],[15.385966,44.392329],[15.389773679799,44.389219675295],[15.389773679799,44.460431654676],[15.346493070139,44.460431654676],[15.238893545683,44.460431654676],[15.238893545683,44.405127330893]]],"type":"Polygon"},"id":252,"properties":{"parentKey":"HRV:1159312507","sourceCountryId":"HRV","syntheticOperational":true,"territoryId":"territory:catalog:0aef4a3c9ec1f9b82050b0c0c2ef6fe88def60d089cb3c5ded3e4d1a4650c505"},"type":"Feature"},{"geometry":{"coordinates":[[[18.615716085604,45.863309352518],[18.674128282393,45.863309352518],[18.674128282393,45.91034497658],[18.655636,45.907587],[18.633002,45.891929],[18.629281,45.886864],[18.626284,45.874824],[18.623597,45.868674],[18.62215,45.868416],[18.615716085604,45.863309352518]]],"type":"Polygon"},"id":253,"properties":{"parentKey":"HRV:1159312539","sourceCountryId":"HRV","syntheticOperational":true,"territoryId":"territory:catalog:0cef5004e96adf2edf7d334fcea140c45d086ab22711451cd0ab518e5895af7d"},"type":"Feature"},{"geometry":{"coordinates":[[[15.69153394803,44.352517985612],[15.81589958159,44.352517985612],[15.842414082146,44.352517985612],[15.842414082146,44.460431654676],[15.80008399832,44.460431654676],[15.69153394803,44.460431654676],[15.69153394803,44.352517985612]]],"type":"Polygon"},"id":254,"properties":{"parentKey":"HRV:1159312443","sourceCountryId":"HRV","syntheticOperational":true,"territoryId":"territory:catalog:c3363e14d6a084e20d5e1922d156b0e40f51bb076fdf4179e93306f4a0c3faac"},"type":"Feature"},{"geometry":{"coordinates":[[[16.987012987013,46.187050359712],[17.016424417576,46.187050359712],[16.989500828147,46.202263070406],[16.987012987013,46.203668782208],[16.987012987013,46.187050359712]]],"type":"Polygon"},"id":255,"properties":{"parentKey":"HRV:1159312551","sourceCountryId":"HRV","syntheticOperational":true,"territoryId":"territory:catalog:cda6196bb234b1dd120b4d09893550ed75191ee488465340b0c74250a4066f92"},"type":"Feature"},{"geometry":{"coordinates":[[[16.633405639913,46.294964028777],[16.675324675325,46.294964028777],[16.759303940052,46.294964028777],[16.758647,46.295262],[16.745159,46.305701],[16.720458,46.311385],[16.633405639913,46.314793555724],[16.633405639913,46.294964028777]]],"type":"Polygon"},"id":256,"properties":{"parentKey":"HRV:1159312555","sourceCountryId":"HRV","syntheticOperational":true,"territoryId":"territory:catalog:0d6f4bd649fb1f58ea41c2e11bfd7b2b752090534d1f406535c1eb6d28783773"},"type":"Feature"},{"geometry":{"coordinates":[[[15.283018867925,45.680112710938],[15.283025,45.680107],[15.291914,45.675559],[15.304936,45.672149],[15.30907,45.674164],[15.310414,45.678195],[15.314961,45.680882],[15.327054,45.683156],[15.330774,45.684551],[15.333875,45.682639],[15.350034,45.669619],[15.350154,45.669667],[15.364572,45.675507],[15.382865,45.690441],[15.420899,45.695299],[15.430511,45.69411],[15.435782,45.691785],[15.437392795883,45.690619602279],[15.437392795883,45.755395683453],[15.343536681453,45.755395683453],[15.331031,45.752486],[15.303799,45.746149],[15.283018867925,45.738023471887],[15.283018867925,45.680112710938]]],"type":"Polygon"},"id":257,"properties":{"parentKey":"HRV:1159312531","sourceCountryId":"HRV","syntheticOperational":true,"territoryId":"territory:catalog:6da3922d6e155a64597eb194d3fedb5edce787c2750b9b6abb7b61e3188129b8"},"type":"Feature"},{"geometry":{"coordinates":[[[16.253465196966,46.402877697842],[16.257023,46.399908],[16.274076,46.392105],[16.278727,46.387351],[16.279936,46.378661],[16.281622,46.3781],[16.298106,46.370193],[16.31826,46.368695],[16.321041214751,46.367379492933],[16.321041214751,46.402877697842],[16.253465196966,46.402877697842]]],"type":"Polygon"},"id":258,"properties":{"parentKey":"HRV:1159312553","sourceCountryId":"HRV","syntheticOperational":true,"territoryId":"territory:catalog:732653b1464d901f1995c6488395e656a020c6df797c710516059d4fb3e44861"},"type":"Feature"},{"geometry":{"coordinates":[[[16.09756097561,45.540455170139],[16.098561988254,45.539568345324],[16.223835967535,45.539568345324],[16.251604621309,45.539568345324],[16.251604621309,45.600689025645],[16.237903,45.596752],[16.227051,45.598354],[16.218628,45.603005],[16.211807,45.607966],[16.20421,45.61148],[16.197544,45.61334],[16.187312,45.61427],[16.183126,45.615717],[16.179716,45.619025],[16.171654,45.62874],[16.16137,45.633184],[16.153619,45.634372],[16.147883,45.634114],[16.141682,45.632305],[16.137961,45.629928],[16.121528,45.616906],[16.09756097561,45.603327577926],[16.09756097561,45.540455170139]]],"type":"Polygon"},"id":259,"properties":{"parentKey":"HRV:1159312529","sourceCountryId":"HRV","syntheticOperational":true,"territoryId":"territory:catalog:42ca3031bf3052b0264694307a3c0c4fa5a758995d634d3eac43019702dbd779"},"type":"Feature"},{"geometry":{"coordinates":[[[16.479024052699,43.165467625899],[16.538146021329,43.149006868258],[16.538146021329,43.165467625899],[16.479024052699,43.165467625899]]],"type":"Polygon"},"id":260,"properties":{"parentKey":"HRV:1159312433","sourceCountryId":"HRV","syntheticOperational":true,"territoryId":"territory:catalog:0f27a90041e56b961344d42d140c32226d6b6e17e17ca7dc9baa14d5ad10bccf"},"type":"Feature"},{"geometry":{"coordinates":[[[15.710413595641,45.971223021583],[15.729659922514,45.970168819638],[15.729659922514,45.971223021583],[15.710413595641,45.971223021583]]],"type":"Polygon"},"id":261,"properties":{"parentKey":"HRV:1159312523","sourceCountryId":"HRV","syntheticOperational":true,"territoryId":"territory:catalog:4dacf672075afc0b0a92a2fc3233117ecd7eebd635548ab57bc82e628d6341dc"},"type":"Feature"},{"geometry":{"coordinates":[[[15.389773679799,44.352517985612],[15.514644351464,44.352517985612],[15.520818018194,44.352517985612],[15.51278,44.359567],[15.501928,44.367421],[15.494124,44.368765],[15.417798,44.374191],[15.410977,44.375431],[15.405241,44.377447],[15.4009,44.380134],[15.389773679799,44.389219675295],[15.389773679799,44.352517985612]]],"type":"Polygon"},"id":262,"properties":{"parentKey":"HRV:1159312443","sourceCountryId":"HRV","syntheticOperational":true,"territoryId":"territory:catalog:75da831e7aeaffcdf36f52fbfa15ecd6babc00b996e21a0e9686a008b0b52f93"},"type":"Feature"},{"geometry":{"coordinates":[[[16.829237,45.507817],[16.830012,45.503786],[16.836058,45.494484],[16.83895771038,45.4922935742],[16.83895771038,45.510767543256],[16.836678,45.511021],[16.833733,45.510866],[16.830942,45.510401],[16.829237,45.507817]]],"type":"Polygon"},"id":263,"properties":{"parentKey":"HRV:1159312549","sourceCountryId":"HRV","syntheticOperational":true,"territoryId":"territory:catalog:7d6e7d8fa5becdb947e26cd647fc7272ebab0195c31ef0b55a6fa666dd875136"},"type":"Feature"},{"geometry":{"coordinates":[[[16.131721550646,44.028776978417],[16.146584311208,44.028776978417],[16.141372,44.034729],[16.131721550646,44.033717890443],[16.131721550646,44.028776978417]]],"type":"Polygon"},"id":264,"properties":{"parentKey":"HRV:1159312439","sourceCountryId":"HRV","syntheticOperational":true,"territoryId":"territory:catalog:048e5b9e852cf7347aa42071162e821596eeae66c8fc216b255e121d49a11e18"},"type":"Feature"},{"geometry":{"coordinates":[[[15.668789808917,45.107913669065],[15.783331537201,45.107913669065],[15.780049,45.160294],[15.780979,45.167993],[15.792348,45.189801],[15.802569,45.196473],[15.802064,45.196725],[15.784959,45.205251],[15.781187,45.20644],[15.777053,45.206853],[15.772505,45.206802],[15.769095,45.207318],[15.766459,45.208197],[15.763979,45.209437],[15.761653,45.209954],[15.759328,45.209799],[15.750336,45.20644],[15.746615,45.20644],[15.742895,45.207525],[15.736539,45.208559],[15.722276,45.2083],[15.718814,45.20737],[15.715713,45.205923],[15.710132,45.201996],[15.707341,45.201117],[15.704861,45.200859],[15.668789808917,45.206267970798],[15.668789808917,45.107913669065]]],"type":"Polygon"},"id":265,"properties":{"parentKey":"HRV:1159312525","sourceCountryId":"HRV","syntheticOperational":true,"territoryId":"territory:catalog:c667b111df43ec6dd5336bfd5311b85651ae2c06fbb2f195c95a484ac689d029"},"type":"Feature"},{"geometry":{"coordinates":[[[13.964194373402,45.323741007194],[14.093617021277,45.323741007194],[14.117647058824,45.323741007194],[14.117647058824,45.431654676259],[14.070909867578,45.431654676259],[13.964194373402,45.431654676259],[13.964194373402,45.323741007194]]],"type":"Polygon"},"id":266,"properties":{"parentKey":"HRV:1159312535","sourceCountryId":"HRV","syntheticOperational":true,"territoryId":"territory:catalog:490f83841532d737b7fef2072af438abaa1cced94a4607c7a3fd16cfc753ca43"},"type":"Feature"},{"geometry":{"coordinates":[[[19.031847133758,45.107913669065],[19.070560396788,45.107913669065],[19.064087,45.113578],[19.054165,45.120606],[19.046207,45.128358],[19.044863,45.137246],[19.060056,45.146858],[19.116073,45.142879],[19.137674,45.146031],[19.141705,45.162154],[19.128785,45.181068],[19.121861,45.195795],[19.143875,45.199516],[19.155761,45.194969],[19.174571,45.175797],[19.184713375796,45.168481806739],[19.184713375796,45.215827338129],[19.148936170213,45.215827338129],[19.031847133758,45.215827338129],[19.031847133758,45.107913669065]]],"type":"Polygon"},"id":267,"properties":{"parentKey":"HRV:1159312543","sourceCountryId":"HRV","syntheticOperational":true,"territoryId":"territory:catalog:94e34c1f258759dd739837a074df7e5e2de9101c9f2f05371dc06937ec4be8a3"},"type":"Feature"},{"geometry":{"coordinates":[[[16.223835967535,45.431654676259],[16.265984654731,45.431654676259],[16.377616403246,45.431654676259],[16.377616403246,45.539568345324],[16.251604621309,45.539568345324],[16.223835967535,45.539568345324],[16.223835967535,45.431654676259]]],"type":"Polygon"},"id":268,"properties":{"parentKey":"HRV:1159312529","sourceCountryId":"HRV","syntheticOperational":true,"territoryId":"territory:catalog:cb8fd4bb740c503cdd5ffedb931772d32c6d93a453834c66115fc51afc05c065"},"type":"Feature"},{"geometry":{"coordinates":[[[15.635430038511,45.539568345324],[15.762201514187,45.539568345324],[15.760878,45.540838],[15.755297,45.545127],[15.740879,45.554222],[15.739174,45.558925],[15.74243,45.563111],[15.748011,45.566883],[15.751576,45.571276],[15.752352,45.57634],[15.747391,45.595202],[15.745995,45.596907],[15.74398,45.597424],[15.734213,45.589982],[15.731578,45.588587],[15.72672,45.588742],[15.720519,45.590396],[15.709047,45.595667],[15.69959,45.598871],[15.689668,45.601248],[15.663261,45.604865],[15.635430038511,45.61733865938],[15.635430038511,45.539568345324]]],"type":"Polygon"},"id":269,"properties":{"parentKey":"HRV:1159312525","sourceCountryId":"HRV","syntheticOperational":true,"territoryId":"territory:catalog:aa7473e3ac5b191ced9bf47df86fdec2b8ade1e2baffae4b07b80440f20a00d4"},"type":"Feature"},{"geometry":{"coordinates":[[[16.981706642161,45.971223021583],[16.983801,45.970218],[16.994343,45.961019],[16.994343,45.952648],[16.992328,45.942829],[16.992017,45.934664],[16.996203,45.927119],[17.000699,45.925104],[17.006435,45.925466],[17.02292,45.934044],[17.029586,45.935594],[17.037183,45.935956],[17.050515,45.934768],[17.058577,45.930892],[17.06669,45.924381],[17.080177,45.909653],[17.086069,45.904537],[17.09165,45.900868],[17.105602,45.893478],[17.124408092983,45.880931051484],[17.124408092983,45.971223021583],[16.998706338939,45.971223021583],[16.981706642161,45.971223021583]]],"type":"Polygon"},"id":270,"properties":{"parentKey":"HRV:1159312551","sourceCountryId":"HRV","syntheticOperational":true,"territoryId":"territory:catalog:7a26cc855c5e8b15d8de994279bac05bd3fda628e70ca85dc560bdaea6cdeee7"},"type":"Feature"},{"geometry":{"coordinates":[[[17.100737100737,42.94964028777],[17.152829941447,42.94964028777],[17.148692,42.952582],[17.131847,42.96955],[17.111095,42.964301],[17.100737100737,42.966701034617],[17.100737100737,42.94964028777]]],"type":"Polygon"},"id":271,"properties":{"parentKey":"HRV:1159312431","sourceCountryId":"HRV","syntheticOperational":true,"territoryId":"territory:catalog:cc0d2dce7785101a6725ee834d2f45a0120f4da6a3528cfdff355810e8c5af7a"},"type":"Feature"},{"geometry":{"coordinates":[[[17.753001715266,45.647482014388],[17.792041078306,45.647482014388],[17.907375643225,45.647482014388],[17.907375643225,45.755395683453],[17.783505154639,45.755395683453],[17.753001715266,45.755395683453],[17.753001715266,45.647482014388]]],"type":"Polygon"},"id":272,"properties":{"parentKey":"HRV:1159312547","sourceCountryId":"HRV","syntheticOperational":true,"territoryId":"territory:catalog:366f62111231a7eba9f263eb9a362941d7ed8705add63e23a3ae798716233671"},"type":"Feature"},{"geometry":{"coordinates":[[[16.295681063123,43.812949640288],[16.417910447761,43.812949640288],[16.426177534539,43.812949640288],[16.432,43.818773],[16.432,43.825439],[16.426729,43.831537],[16.38668,43.865798],[16.377843,43.871224],[16.370402,43.874945],[16.34291,43.884815],[16.339706,43.890603],[16.337329,43.895874],[16.348482499681,43.920863309353],[16.295681063123,43.920863309353],[16.295681063123,43.812949640288]]],"type":"Polygon"},"id":273,"properties":{"parentKey":"HRV:1159312439","sourceCountryId":"HRV","syntheticOperational":true,"territoryId":"territory:catalog:34d105f09253fd2c7a6de56a7e339a9cc60f3b9f25b3c84802e615455f490d33"},"type":"Feature"},{"geometry":{"coordinates":[[[15.812865,45.523423],[15.827127,45.484304],[15.832398,45.478723],[15.837411,45.471643],[15.842527,45.465907],[15.841752,45.461205],[15.838031,45.455572],[15.836274,45.451283],[15.83462,45.44441],[15.837204,45.436348],[15.834903193977,45.431654676259],[15.916275096113,45.431654676259],[15.916275096113,45.516543115499],[15.902317,45.527661],[15.902265,45.527712],[15.874773,45.531071],[15.871827,45.532415],[15.868262,45.534792],[15.868882,45.537944],[15.868813378162,45.539568345324],[15.83207598057,45.539568345324],[15.812865,45.523423]]],"type":"Polygon"},"id":274,"properties":{"parentKey":"HRV:1159312529","sourceCountryId":"HRV","syntheticOperational":true,"territoryId":"territory:catalog:03cee60ed9dfeaa6822820c6a8038043a1c50fa458ac6499f0c83e3162488f05"},"type":"Feature"},{"geometry":{"coordinates":[[[16.505867014342,46.402877697842],[16.633405639913,46.402877697842],[16.662320730117,46.402877697842],[16.662320730117,46.461594623804],[16.659272,46.464193],[16.637671,46.474477],[16.61111,46.478069],[16.602118,46.482048],[16.594263,46.482978],[16.588062,46.479567],[16.583721,46.470653],[16.577623,46.470653],[16.564291,46.479929],[16.521089,46.498532],[16.515302,46.501711],[16.505867014342,46.506952225235],[16.505867014342,46.402877697842]]],"type":"Polygon"},"id":275,"properties":{"parentKey":"HRV:1159312553","sourceCountryId":"HRV","syntheticOperational":true,"territoryId":"territory:catalog:1167d2a7ace734169a568fea19398e186e9172ea118837967332cb13fe3eb5c5"},"type":"Feature"},{"geometry":{"coordinates":[[[17.483953786906,45.539568345324],[17.603933541555,45.539568345324],[17.59627,45.545644],[17.592394,45.547504],[17.586193,45.548796],[17.517102,45.57634],[17.514156,45.57634],[17.513226,45.574066],[17.513381,45.566883],[17.512141,45.563524],[17.50966,45.560113],[17.504389,45.556341],[17.500359,45.555359],[17.496173,45.555669],[17.491987,45.557685],[17.488886,45.559752],[17.485786,45.562387],[17.483953786906,45.563174034921],[17.483953786906,45.539568345324]]],"type":"Polygon"},"id":276,"properties":{"parentKey":"HRV:1159312541","sourceCountryId":"HRV","syntheticOperational":true,"territoryId":"territory:catalog:572e91a0d36f2b3e7174dac8e869afc4bc4228ab351c5451ade4e2d43215b9d8"},"type":"Feature"},{"geometry":{"coordinates":[[[15.044099118018,44.552523726497],[15.047862,44.55036],[15.052013,44.545478],[15.080089,44.536078],[15.108084,44.513861],[15.15504,44.466702],[15.16357907452,44.460431654676],[15.195296094078,44.460431654676],[15.195296094078,44.568345323741],[15.069415229281,44.568345323741],[15.044099118018,44.568345323741],[15.044099118018,44.552523726497]]],"type":"Polygon"},"id":277,"properties":{"parentKey":"HRV:1159312507","sourceCountryId":"HRV","syntheticOperational":true,"territoryId":"territory:catalog:30c9589b6789ed380d335e331bda3b2d6a2eae1bef5d9e365dd4af3f9c5730cf"},"type":"Feature"},{"geometry":{"coordinates":[[[13.986486486486,44.812598982011],[14.000011,44.813056],[13.993988,44.820502],[13.989431,44.8251],[13.986486486486,44.826029771203],[13.986486486486,44.812598982011]]],"type":"Polygon"},"id":278,"properties":{"parentKey":"HRV:1159312535","sourceCountryId":"HRV","syntheticOperational":true,"territoryId":"territory:catalog:6a1995490fe884c9f622f614c78001fdad4cfb0a72295f3e7a78a02a803db8f5"},"type":"Feature"},{"geometry":{"coordinates":[[[15.675220866639,44.568345323741],[15.80008399832,44.568345323741],[15.826672275978,44.568345323741],[15.826672275978,44.676258992806],[15.701643489254,44.676258992806],[15.675220866639,44.676258992806],[15.675220866639,44.568345323741]]],"type":"Polygon"},"id":279,"properties":{"parentKey":"HRV:1159312443","sourceCountryId":"HRV","syntheticOperational":true,"territoryId":"territory:catalog:ac0bb2e377c1e18a6db0a9e0d56cb74870fac8cb7f6827d186c6a1bfae82b451"},"type":"Feature"},{"geometry":{"coordinates":[[[17.186700767263,45.323741007194],[17.188289589078,45.323741007194],[17.190042,45.327001],[17.189576,45.330825],[17.186700767263,45.336700147051],[17.186700767263,45.323741007194]]],"type":"Polygon"},"id":280,"properties":{"parentKey":"HRV:1159312529","sourceCountryId":"HRV","syntheticOperational":true,"territoryId":"territory:catalog:feb2df588c501262bc3f037cb007afaa616d40254b1497bd049ece02c1fdb0a0"},"type":"Feature"},{"geometry":{"coordinates":[[[14.532251174712,45.431654676259],[14.57800511509,45.431654676259],[14.686031610423,45.431654676259],[14.686031610423,45.523413382553],[14.668489,45.533966],[14.668179,45.539134],[14.668265362783,45.539568345324],[14.557124518614,45.539568345324],[14.532251174712,45.539568345324],[14.532251174712,45.431654676259]]],"type":"Polygon"},"id":281,"properties":{"parentKey":"HRV:1159312505","sourceCountryId":"HRV","syntheticOperational":true,"territoryId":"territory:catalog:e0ba978a713b2ea1c86d9463c3dd3f4c2d1ff0f6f0c935b3298f4d35017fa73a"},"type":"Feature"},{"geometry":{"coordinates":[[[17.915420760359,45.431654676259],[17.953964194373,45.431654676259],[18.06920119607,45.431654676259],[18.06920119607,45.539568345324],[17.961519008291,45.539568345324],[17.948342,45.51593],[17.93966,45.5042],[17.932373,45.497223],[17.925552,45.492366],[17.915420760359,45.486991589737],[17.915420760359,45.431654676259]]],"type":"Polygon"},"id":282,"properties":{"parentKey":"HRV:1159312541","sourceCountryId":"HRV","syntheticOperational":true,"territoryId":"territory:catalog:908de3ec034dcaae18a95663b141b5f8d018f05bc6be13572059abe70fd0cfd9"},"type":"Feature"},{"geometry":{"coordinates":[[[17.135506003431,45.647482014388],[17.175866495507,45.647482014388],[17.289879931389,45.647482014388],[17.289879931389,45.755395683453],[17.164948453608,45.755395683453],[17.135506003431,45.755395683453],[17.135506003431,45.647482014388]]],"type":"Polygon"},"id":283,"properties":{"parentKey":"HRV:1159312549","sourceCountryId":"HRV","syntheticOperational":true,"territoryId":"territory:catalog:6ed26552895153b0cf157ddf258be4127370f41eeeffd38d651e1d9b66ca8848"},"type":"Feature"},{"geometry":{"coordinates":[[[14.657888,44.798774],[14.67597591324,44.78417266187],[14.746621621622,44.78417266187],[14.746621621622,44.817501326392],[14.740489,44.820502],[14.740489,44.826646],[14.746621621622,44.830191342151],[14.746621621622,44.849382729923],[14.739024,44.85342],[14.719981,44.854641],[14.724132,44.844428],[14.726817,44.840277],[14.706798,44.844957],[14.685802,44.847154],[14.689789,44.836737],[14.692068,44.833482],[14.705821,44.82685],[14.714122,44.818427],[14.726817,44.798774],[14.719981,44.798774],[14.715831,44.803168],[14.699474,44.813056],[14.701345,44.807318],[14.701427,44.804348],[14.702322,44.802151],[14.70574,44.798774],[14.70574,44.792548],[14.694835,44.796454],[14.682872,44.798774],[14.670421,44.799506],[14.657888,44.798774]]],"type":"Polygon"},"id":284,"properties":{"parentKey":"HRV:1159312505","sourceCountryId":"HRV","syntheticOperational":true,"territoryId":"territory:catalog:12b3f3cbf7f86137a0fd7f372949cf72f6ab877221b5961bc4beb3bfc66bb8e0"},"type":"Feature"},{"geometry":{"coordinates":[[[16.092715231788,43.61921046229],[16.160595,43.682915],[16.169277,43.68798],[16.173824,43.687411],[16.228705,43.67072],[16.238678,43.67165],[16.241721854305,43.673561140561],[16.241721854305,43.705035971223],[16.119402985075,43.705035971223],[16.092715231788,43.705035971223],[16.092715231788,43.61921046229]]],"type":"Polygon"},"id":285,"properties":{"parentKey":"HRV:1159312439","sourceCountryId":"HRV","syntheticOperational":true,"territoryId":"territory:catalog:f955de5d3148caee11226209a02bdb7fecda4056c2019aefc4c17af48f4ccab4"},"type":"Feature"},{"geometry":{"coordinates":[[[18.562259306804,45.539568345324],[18.684322938915,45.539568345324],[18.716302952503,45.539568345324],[18.716302952503,45.647482014388],[18.679245283019,45.647482014388],[18.562259306804,45.647482014388],[18.562259306804,45.539568345324]]],"type":"Polygon"},"id":286,"properties":{"parentKey":"HRV:1159312539","sourceCountryId":"HRV","syntheticOperational":true,"territoryId":"territory:catalog:36d4ed0dba71f3c8b0a9826b49e66353f53b2ecbd74f28750297976432e37265"},"type":"Feature"},{"geometry":{"coordinates":[[[14.943109987358,44.676258992806],[15.069415229281,44.676258992806],[15.094816687737,44.676258992806],[15.094816687737,44.78417266187],[15.050675675676,44.78417266187],[14.943109987358,44.78417266187],[14.943109987358,44.676258992806]]],"type":"Polygon"},"id":287,"properties":{"parentKey":"HRV:1159312507","sourceCountryId":"HRV","syntheticOperational":true,"territoryId":"territory:catalog:9aed472bf52ad653215c0ab372075e48d72677c63e5c6c2c477a02d4db98a727"},"type":"Feature"},{"geometry":{"coordinates":[[[14.623854872407,45],[14.624522,44.9855],[14.628917,44.978176],[14.657888,44.970038],[14.706391,44.946723],[14.723399,44.943345],[14.742035,44.944729],[14.756847,44.948717],[14.760753,44.955146],[14.747244,44.963813],[14.747244,44.970038],[14.760916,44.977484],[14.771573604061,44.971694916864],[14.771573604061,45],[14.726579058923,45],[14.623854872407,45]]],"type":"Polygon"},"id":288,"properties":{"parentKey":"HRV:1159312505","sourceCountryId":"HRV","syntheticOperational":true,"territoryId":"territory:catalog:ac7096b47fc39673c4325c5045a465975e7e1bd6202868393fb7500565a54cab"},"type":"Feature"},{"geometry":{"coordinates":[[[13.515623556097,45.431654676259],[13.543142,45.376166],[13.554942,45.367336],[13.554942,45.36107],[13.540538,45.356757],[13.54127,45.346137],[13.550629,45.334296],[13.561778,45.326361],[13.571056,45.325019],[13.597911,45.324368],[13.599635082061,45.323741007194],[13.634042553191,45.323741007194],[13.657289002558,45.323741007194],[13.657289002558,45.431654676259],[13.609568560444,45.431654676259],[13.515623556097,45.431654676259]]],"type":"Polygon"},"id":289,"properties":{"parentKey":"HRV:1159312535","sourceCountryId":"HRV","syntheticOperational":true,"territoryId":"territory:catalog:874b3ff5f955306d79862638441a8b338d06d5b751acc6cd497d18fcf6f66549"},"type":"Feature"},{"geometry":{"coordinates":[[[13.940425531915,45.215827338129],[13.987261146497,45.215827338129],[14.093617021277,45.215827338129],[14.093617021277,45.323741007194],[13.964194373402,45.323741007194],[13.940425531915,45.323741007194],[13.940425531915,45.215827338129]]],"type":"Polygon"},"id":290,"properties":{"parentKey":"HRV:1159312535","sourceCountryId":"HRV","syntheticOperational":true,"territoryId":"territory:catalog:d163a241f41e722b619fe87f02d197950f076159f54bdecf25c6cdafee1451c9"},"type":"Feature"},{"geometry":{"coordinates":[[[16.805896805897,42.94964028777],[16.925592804579,42.94964028777],[16.953316953317,42.94964028777],[16.953316953317,42.977138907196],[16.915538,42.974514],[16.892589,42.965318],[16.878673,42.962104],[16.824067,42.962104],[16.805896805897,42.965420677533],[16.805896805897,42.94964028777]]],"type":"Polygon"},"id":291,"properties":{"parentKey":"HRV:1159312431","sourceCountryId":"HRV","syntheticOperational":true,"territoryId":"territory:catalog:bfa20c2fc162d97a0184bdea72f088c23e4136df81eb7f35f2a855edfd74901f"},"type":"Feature"},{"geometry":{"coordinates":[[[16.579925650558,43.489208633094],[16.701030927835,43.489208633094],[16.728624535316,43.489208633094],[16.728624535316,43.597122302158],[16.688741721854,43.597122302158],[16.579925650558,43.597122302158],[16.579925650558,43.489208633094]]],"type":"Polygon"},"id":292,"properties":{"parentKey":"HRV:1159312433","sourceCountryId":"HRV","syntheticOperational":true,"territoryId":"territory:catalog:934fb91ee874f772bb31b5f0dd9ab464551a3d612eba91f5a478a4f336e5bbcd"},"type":"Feature"},{"geometry":{"coordinates":[[[14.48798988622,44.676258992806],[14.502818860593,44.676258992806],[14.501313,44.678168],[14.48798988622,44.689971937822],[14.48798988622,44.676258992806]]],"type":"Polygon"},"id":293,"properties":{"parentKey":"HRV:1159312505","sourceCountryId":"HRV","syntheticOperational":true,"territoryId":"territory:catalog:536e0afa6ef868da40c035bd5d27d28f493a758b4d3fae552a7824f9cc635b4d"},"type":"Feature"},{"geometry":{"coordinates":[[[17.132319,45.893633],[17.133714,45.888517],[17.14038,45.870275],[17.154612503157,45.863309352518],[17.164948453608,45.863309352518],[17.279380111924,45.863309352518],[17.279380111924,45.971223021583],[17.195285869643,45.971223021583],[17.192522,45.969597],[17.187096,45.96536],[17.157744,45.933631],[17.141621,45.921642],[17.135109,45.915854],[17.133094,45.911565],[17.137435,45.906242],[17.137745,45.903865],[17.133094,45.896992],[17.132319,45.893633]]],"type":"Polygon"},"id":294,"properties":{"parentKey":"HRV:1159312547","sourceCountryId":"HRV","syntheticOperational":true,"territoryId":"territory:catalog:88dbeec8ee16dc043243f8d7e6d110be8a1448d2fc0f8ea7a99eeb58fd45827b"},"type":"Feature"},{"geometry":{"coordinates":[[[16.047483445141,46.187050359712],[16.051948051948,46.187050359712],[16.051948051948,46.188338135521],[16.051196,46.188189],[16.047483445141,46.187050359712]]],"type":"Polygon"},"id":295,"properties":{"parentKey":"HRV:1159312523","sourceCountryId":"HRV","syntheticOperational":true,"territoryId":"territory:catalog:5d14e5e397b93dac67f9d0de5dffcb3043674105dc57d30fb9c57440827fe1e3"},"type":"Feature"},{"geometry":{"coordinates":[[[16.349413298566,46.402877697842],[16.477223427332,46.402877697842],[16.505867014342,46.402877697842],[16.505867014342,46.506952225235],[16.498955987821,46.510791366906],[16.463414634146,46.510791366906],[16.349413298566,46.510791366906],[16.349413298566,46.402877697842]]],"type":"Polygon"},"id":296,"properties":{"parentKey":"HRV:1159312553","sourceCountryId":"HRV","syntheticOperational":true,"territoryId":"territory:catalog:3c8660e8aa4919f127ce002328f2d49700da89ea9a16852926b9c55ec2ea9d86"},"type":"Feature"},{"geometry":{"coordinates":[[[15.847176079734,43.812949640288],[15.970149253731,43.812949640288],[15.996677740864,43.812949640288],[15.996677740864,43.920863309353],[15.955056179775,43.920863309353],[15.92444289365,43.920863309353],[15.916838,43.914632],[15.910481,43.910602],[15.906451,43.909361],[15.90366,43.909103],[15.90118,43.910033],[15.897614,43.911894],[15.886453248195,43.920863309353],[15.847176079734,43.920863309353],[15.847176079734,43.812949640288]]],"type":"Polygon"},"id":297,"properties":{"parentKey":"HRV:1159312439","sourceCountryId":"HRV","syntheticOperational":true,"territoryId":"territory:catalog:0b446aede69c1c7ad3873a82f982b9b294c36f9901511932327616511314353b"},"type":"Feature"},{"geometry":{"coordinates":[[[16.345442,46.110054],[16.352883,46.09021],[16.355266970887,46.079136690647],[16.377749029754,46.079136690647],[16.490924805532,46.079136690647],[16.490924805532,46.146798533326],[16.490808,46.146641],[16.485072,46.142869],[16.472824,46.139303],[16.446573,46.135375],[16.441922,46.135789],[16.439131,46.136977],[16.437271,46.1392],[16.434946,46.143747],[16.433395,46.145246],[16.431225,46.145969],[16.427504,46.145039],[16.392571,46.127004],[16.387455,46.125454],[16.382804,46.124833],[16.368541,46.12597],[16.364821,46.125764],[16.349628,46.122508],[16.346372,46.11765],[16.345442,46.110054]]],"type":"Polygon"},"id":298,"properties":{"parentKey":"HRV:1159312551","sourceCountryId":"HRV","syntheticOperational":true,"territoryId":"territory:catalog:0b5950a0ac887037d0dcd5b0073d588734c48178b1996205bacc64f617bee3fe"},"type":"Feature"},{"geometry":{"coordinates":[[[15.472340425532,45.215827338129],[15.515923566879,45.215827338129],[15.625531914894,45.215827338129],[15.625531914894,45.323741007194],[15.498721227622,45.323741007194],[15.472340425532,45.323741007194],[15.472340425532,45.215827338129]]],"type":"Polygon"},"id":299,"properties":{"parentKey":"HRV:1159312525","sourceCountryId":"HRV","syntheticOperational":true,"territoryId":"territory:catalog:896617297d5e17f2305782558c4328c87d12f1d23b081cea97095320ab93bb3f"},"type":"Feature"},{"geometry":{"coordinates":[[[16.241721854305,43.597122302158],[16.282527881041,43.597122302158],[16.390728476821,43.597122302158],[16.390728476821,43.705035971223],[16.326082930074,43.705035971223],[16.31795,43.702449],[16.29051,43.697695],[16.268754,43.691184],[16.260848,43.68798],[16.253716,43.683742],[16.245345,43.675836],[16.241721854305,43.673561140561],[16.241721854305,43.597122302158]]],"type":"Polygon"},"id":300,"properties":{"parentKey":"HRV:1159312433","sourceCountryId":"HRV","syntheticOperational":true,"territoryId":"territory:catalog:e25bf3bdfc81869dcfacc2c469b271e3bf45490f72311b6981be8280f9c352ac"},"type":"Feature"},{"geometry":{"coordinates":[[[16.675324675325,46.203439993357],[16.676429,46.203692],[16.695498,46.210203],[16.73224,46.227204],[16.74888,46.237902],[16.757872,46.247048],[16.763453,46.259141],[16.770584,46.268907],[16.773219,46.27454],[16.774305,46.279863],[16.773529,46.283997],[16.772289,46.287356],[16.770429,46.289578],[16.768103,46.290973],[16.759303940052,46.294964028777],[16.675324675325,46.294964028777],[16.675324675325,46.203439993357]]],"type":"Polygon"},"id":301,"properties":{"parentKey":"HRV:1159312555","sourceCountryId":"HRV","syntheticOperational":true,"territoryId":"territory:catalog:929e30dc7376907e3b701d961392278fc0e5c750f6b837e373bafb30bcb2df24"},"type":"Feature"},{"geometry":{"coordinates":[[[13.622527126776,45.107913669065],[13.636892,45.093573],[13.633067,45.089423],[13.627696,45.079413],[13.62322,45.073065],[13.643809,45.070502],[13.658329800763,45.062582106492],[13.658329800763,45.107913669065],[13.622527126776,45.107913669065]]],"type":"Polygon"},"id":302,"properties":{"parentKey":"HRV:1159312535","sourceCountryId":"HRV","syntheticOperational":true,"territoryId":"territory:catalog:915212baca59e3cc56780764457c6c9d8a534f50f71af634fe18631f07d97caf"},"type":"Feature"},{"geometry":{"coordinates":[[[15.917979,43.606391],[15.925304,43.599555],[15.922441887618,43.597122302158],[15.943708609272,43.597122302158],[15.943708609272,43.634034578541],[15.929535,43.634223],[15.918956,43.62873],[15.925304,43.613837],[15.917979,43.606391]]],"type":"Polygon"},"id":303,"properties":{"parentKey":"HRV:1159312439","sourceCountryId":"HRV","syntheticOperational":true,"territoryId":"territory:catalog:fa52f7900390ec4db0adf588c1d4d0ecf3778f45c00d2c3a607acb8129207c2e"},"type":"Feature"},{"geometry":{"coordinates":[[[16.39175257732,45.811971117417],[16.422078,45.811778],[16.423783,45.813225],[16.428124,45.820149],[16.429209,45.821493],[16.43107,45.822475],[16.433705,45.823095],[16.437116,45.822526],[16.440061,45.820459],[16.442387,45.814258],[16.454014,45.800616],[16.496699,45.765062],[16.512719,45.772452],[16.523571,45.785578],[16.531787,45.78842],[16.546391752577,45.78855209094],[16.546391752577,45.863309352518],[16.504520017219,45.863309352518],[16.39175257732,45.863309352518],[16.39175257732,45.811971117417]]],"type":"Polygon"},"id":304,"properties":{"parentKey":"HRV:1159312531","sourceCountryId":"HRV","syntheticOperational":true,"territoryId":"territory:catalog:bf18539e336949ed3938a78206a4c89c6970382e75548776aa4988ab37d67c57"},"type":"Feature"},{"geometry":{"coordinates":[[[16.638438,42.93476],[16.655447,42.926256],[16.672618,42.92178],[16.672862,42.926744],[16.691417,42.928209],[16.739757,42.917182],[16.778413736713,42.911476259706],[16.778413736713,42.94964028777],[16.675638719425,42.94964028777],[16.638438,42.93476]]],"type":"Polygon"},"id":305,"properties":{"parentKey":"HRV:1159312431","sourceCountryId":"HRV","syntheticOperational":true,"territoryId":"territory:catalog:2fb8818ecb0b246fb3ae9f18eac252eb43216168b689c78cddd3a89074634b94"},"type":"Feature"},{"geometry":{"coordinates":[[[15.398230088496,44.676258992806],[15.523769457299,44.676258992806],[15.531264921816,44.676258992806],[15.527817,44.6889],[15.522236,44.698357],[15.516655,44.704662],[15.510299,44.708589],[15.493039,44.716806],[15.486063,44.721198],[15.476296,44.729621],[15.47273,44.737838],[15.472575,44.746881],[15.475366,44.75055],[15.482807,44.751997],[15.518361,44.751739],[15.526267,44.752669],[15.533088,44.754995],[15.538824,44.758664],[15.544871,44.761351],[15.549936788875,44.762961589257],[15.549936788875,44.78417266187],[15.506756756757,44.78417266187],[15.398230088496,44.78417266187],[15.398230088496,44.676258992806]]],"type":"Polygon"},"id":306,"properties":{"parentKey":"HRV:1159312507","sourceCountryId":"HRV","syntheticOperational":true,"territoryId":"territory:catalog:8177c35ed5fcefc83a8bbf5aae8c817441b2de4b4e7d411d5c963b0f279c4063"},"type":"Feature"},{"geometry":{"coordinates":[[[16.417910447761,43.705035971223],[16.539735099338,43.705035971223],[16.567164179104,43.705035971223],[16.567164179104,43.812949640288],[16.445182724253,43.812949640288],[16.426177534539,43.812949640288],[16.425489,43.812261],[16.417910447761,43.80850316534],[16.417910447761,43.705035971223]]],"type":"Polygon"},"id":307,"properties":{"parentKey":"HRV:1159312433","sourceCountryId":"HRV","syntheticOperational":true,"territoryId":"territory:catalog:d948fed6ae0787a9971624b683950aece86813612bda361a53ed80683b6771c4"},"type":"Feature"},{"geometry":{"coordinates":[[[18.229787234043,45.215827338129],[18.267515923567,45.215827338129],[18.382978723404,45.215827338129],[18.382978723404,45.237374501576],[18.363148,45.242303],[18.326665,45.246386],[18.299793,45.244215],[18.287701,45.241942],[18.280414,45.238273],[18.275763,45.233105],[18.267857,45.228092],[18.254679,45.22463],[18.229787234043,45.223339578375],[18.229787234043,45.215827338129]]],"type":"Polygon"},"id":308,"properties":{"parentKey":"HRV:1159312537","sourceCountryId":"HRV","syntheticOperational":true,"territoryId":"territory:catalog:a49b9ba793beb3ae83970ba857cf6b98a04acce8b4e064ab4e8db2df023c92ed"},"type":"Feature"},{"geometry":{"coordinates":[[[15.227794,43.874457],[15.233409,43.862209],[15.247895,43.849026],[15.249169435216,43.848143941099],[15.249169435216,43.875139709856],[15.240733,43.880764],[15.227794,43.874457]]],"type":"Polygon"},"id":309,"properties":{"parentKey":"HRV:1159312439","sourceCountryId":"HRV","syntheticOperational":true,"territoryId":"territory:catalog:4ca584b344a8a7a574f940c5db54278cb7183da3c7144e2e4ee889e9b7ed9a10"},"type":"Feature"},{"geometry":{"coordinates":[[[17.310638297872,45.215827338129],[17.350318471338,45.215827338129],[17.463829787234,45.215827338129],[17.463829787234,45.323741007194],[17.340153452685,45.323741007194],[17.310638297872,45.323741007194],[17.310638297872,45.215827338129]]],"type":"Polygon"},"id":310,"properties":{"parentKey":"HRV:1159312537","sourceCountryId":"HRV","syntheticOperational":true,"territoryId":"territory:catalog:1108279b1b35e2980d254b9d699ab77ee933c93ad9228b7493c01aa624c2572f"},"type":"Feature"},{"geometry":{"coordinates":[[[17.304847986853,43.165467625899],[17.424118129614,43.165467625899],[17.427052620859,43.165467625899],[17.42677,43.165713],[17.415195,43.184962],[17.406823,43.205426],[17.400209,43.216045],[17.389667,43.223099],[17.36941,43.232556],[17.328689,43.260358],[17.316970090588,43.273381294964],[17.304847986853,43.273381294964],[17.304847986853,43.165467625899]]],"type":"Polygon"},"id":311,"properties":{"parentKey":"HRV:1159312433","sourceCountryId":"HRV","syntheticOperational":true,"territoryId":"territory:catalog:c208b2c4a4c1c5ead7961996efa72bf805a1200a2603043d5bed6371ccd45f14"},"type":"Feature"},{"geometry":{"coordinates":[[[15.842414082146,44.352517985612],[15.966527196653,44.352517985612],[15.993294216262,44.352517985612],[15.993294216262,44.460431654676],[15.951280974381,44.460431654676],[15.842414082146,44.460431654676],[15.842414082146,44.352517985612]]],"type":"Polygon"},"id":312,"properties":{"parentKey":"HRV:1159312443","sourceCountryId":"HRV","syntheticOperational":true,"territoryId":"territory:catalog:1d2b267adde831c65bb9f01eeb0a18d5f37af4c62ea6013d3210fc47e45ae8c4"},"type":"Feature"},{"geometry":{"coordinates":[[[16.417419884963,43.181587612204],[16.427257,43.179877],[16.44516,43.170803],[16.475352,43.16649],[16.479024052699,43.165467625899],[16.538146021329,43.165467625899],[16.565324568611,43.165467625899],[16.565324568611,43.188202353526],[16.554942,43.187934],[16.527029,43.204291],[16.49643,43.218085],[16.460297,43.209784],[16.460297,43.215969],[16.449067,43.206488],[16.446056,43.202338],[16.439789,43.209784],[16.417419884963,43.199453751815],[16.417419884963,43.181587612204]]],"type":"Polygon"},"id":313,"properties":{"parentKey":"HRV:1159312433","sourceCountryId":"HRV","syntheticOperational":true,"territoryId":"territory:catalog:316bc0b984a7ddf1f82c78cf44fbfcd31deec77dfe2eb819c063f2cb2692f671"},"type":"Feature"},{"geometry":{"coordinates":[[[16.953316953317,42.94964028777],[17.072771872445,42.94964028777],[17.100737100737,42.94964028777],[17.100737100737,42.966701034617],[17.032074,42.982611],[16.953316953317,42.977138907196],[16.953316953317,42.94964028777]]],"type":"Polygon"},"id":314,"properties":{"parentKey":"HRV:1159312431","sourceCountryId":"HRV","syntheticOperational":true,"territoryId":"territory:catalog:838e8dd1fc4ed58c94c590773df834a1b026b8fd654e24759f13a021d2098f10"},"type":"Feature"},{"geometry":{"coordinates":[[[15.904796,43.648017],[15.921397,43.648139],[15.943708609272,43.644683139234],[15.943708609272,43.648371145105],[15.942393,43.648017],[15.934825,43.649848],[15.926606,43.653022],[15.916759,43.653632],[15.904796,43.648017]]],"type":"Polygon"},"id":315,"properties":{"parentKey":"HRV:1159312439","sourceCountryId":"HRV","syntheticOperational":true,"territoryId":"territory:catalog:23088dafd21ae913618e322ed9350819da375371ad0e8cee825e00d6935fbbfe"},"type":"Feature"},{"geometry":{"coordinates":[[[16.713735558408,45.640669825249],[16.723868,45.637318],[16.729139,45.634062],[16.740043,45.624037],[16.747019,45.620678],[16.756476,45.618508],[16.780506,45.616286],[16.786707,45.613185],[16.790738,45.609051],[16.805052,45.582696],[16.809393,45.576185],[16.817299,45.566625],[16.823346,45.563059],[16.832027,45.560579],[16.835593,45.559132],[16.837918,45.557323],[16.847685,45.546006],[16.85461242989,45.539568345324],[16.867779204108,45.539568345324],[16.867779204108,45.647482014388],[16.826758147513,45.647482014388],[16.713735558408,45.647482014388],[16.713735558408,45.640669825249]]],"type":"Polygon"},"id":316,"properties":{"parentKey":"HRV:1159312549","sourceCountryId":"HRV","syntheticOperational":true,"territoryId":"territory:catalog:90551de8aff95ea863782aab5a143cfd6a81225204beecbf4a136b2a6725c71d"},"type":"Feature"},{"geometry":{"coordinates":[[[18.076595744681,45.215827338129],[18.114649681529,45.215827338129],[18.229787234043,45.215827338129],[18.229787234043,45.223339578375],[18.223777,45.223028],[18.200988,45.225405],[18.134222,45.242923],[18.12554,45.246696],[18.122439,45.24897],[18.121509,45.249951],[18.120734,45.250572],[18.081615,45.271501],[18.076595744681,45.2720275571],[18.076595744681,45.215827338129]]],"type":"Polygon"},"id":317,"properties":{"parentKey":"HRV:1159312537","sourceCountryId":"HRV","syntheticOperational":true,"territoryId":"territory:catalog:852fd10d018b0e4ac7b55b6635a09f8c40feafb399402d5d38b588b349df6353"},"type":"Feature"},{"geometry":{"coordinates":[[[15.74025974026,46.187050359712],[15.868625756266,46.187050359712],[15.896103896104,46.187050359712],[15.896103896104,46.227769530136],[15.894978,46.228031],[15.887485,46.232682],[15.883765,46.238315],[15.88361,46.24617],[15.881904,46.255006],[15.879323,46.259308],[15.834206,46.258366],[15.81829,46.255524],[15.803097,46.250511],[15.799526,46.248607],[15.789144,46.24307],[15.768887,46.21935],[15.749767,46.210772],[15.74025974026,46.211260658742],[15.74025974026,46.187050359712]]],"type":"Polygon"},"id":318,"properties":{"parentKey":"HRV:1159312523","sourceCountryId":"HRV","syntheticOperational":true,"territoryId":"territory:catalog:da5ccd73cddc76cfc91a44054cf32f451bee9d9c3313af86665d5bd3cc00db00"},"type":"Feature"},{"geometry":{"coordinates":[[[17.195285869643,45.971223021583],[17.279380111924,45.971223021583],[17.309184993532,45.971223021583],[17.309184993532,45.978334683126],[17.306613,45.979914],[17.305642,45.979313],[17.29882,45.978279],[17.289002,45.977762],[17.236705,45.98324],[17.227094,45.982982],[17.216862,45.980966],[17.197793,45.972698],[17.195285869643,45.971223021583]]],"type":"Polygon"},"id":319,"properties":{"parentKey":"HRV:1159312547","sourceCountryId":"HRV","syntheticOperational":true,"territoryId":"territory:catalog:091b942930e5c6dffc6a92000915972ee0de85c59f6454715690bd706dcb225c"},"type":"Feature"},{"geometry":{"coordinates":[[[16.321041214751,46.367379492933],[16.324926,46.365542],[16.330197,46.361822],[16.340946,46.351951],[16.342806,46.348902],[16.34322,46.346887],[16.343737,46.343528],[16.344822,46.338981],[16.346837,46.334175],[16.351643,46.32632],[16.355829,46.322754],[16.358774,46.320635],[16.361255,46.319964],[16.477223427332,46.302754548777],[16.477223427332,46.402877697842],[16.349413298566,46.402877697842],[16.321041214751,46.402877697842],[16.321041214751,46.367379492933]]],"type":"Polygon"},"id":320,"properties":{"parentKey":"HRV:1159312553","sourceCountryId":"HRV","syntheticOperational":true,"territoryId":"territory:catalog:fb1ac8c26bbfb2993b148a1d83f1de9994f4fc58743096460db4b1c63b307457"},"type":"Feature"},{"geometry":{"coordinates":[[[18.100128369705,45.539568345324],[18.193861566586,45.539568345324],[18.192616,45.553189],[18.192926,45.556858],[18.193856,45.559132],[18.195562,45.560165],[18.209359,45.563731],[18.215715,45.566521],[18.223002,45.573239],[18.223932,45.577838],[18.220676,45.583006],[18.217266,45.587709],[18.207654,45.597734],[18.200057,45.600731],[18.181092,45.60471],[18.174891,45.607139],[18.163264,45.615614],[18.158148,45.618301],[18.151637,45.620265],[18.100128369705,45.627812120998],[18.100128369705,45.539568345324]]],"type":"Polygon"},"id":321,"properties":{"parentKey":"HRV:1159312541","sourceCountryId":"HRV","syntheticOperational":true,"territoryId":"territory:catalog:b7f58c46730c6f9084c32d98e083cccf6de84b1ecbc8cf87494e798d85e91dad"},"type":"Feature"},{"geometry":{"coordinates":[[[15.896103896104,46.187050359712],[16.013056941079,46.187050359712],[15.991458,46.19253],[15.983242,46.19346],[15.969444,46.192995],[15.959987,46.193666],[15.955337,46.19563],[15.952546,46.198937],[15.951306,46.204105],[15.948825,46.21103],[15.944123,46.215061],[15.937922,46.218058],[15.896103896104,46.227769530136],[15.896103896104,46.187050359712]]],"type":"Polygon"},"id":322,"properties":{"parentKey":"HRV:1159312523","sourceCountryId":"HRV","syntheticOperational":true,"territoryId":"territory:catalog:ef317c977a1089b89643dd73afa08820f107ba49480acc1aa76d367804cce89b"},"type":"Feature"},{"geometry":{"coordinates":[[[18.370497427101,45.647482014388],[18.408215661104,45.647482014388],[18.52487135506,45.647482014388],[18.52487135506,45.755395683453],[18.432764875824,45.755395683453],[18.43074,45.753642],[18.411723,45.743204],[18.404385,45.741809],[18.397564,45.741343],[18.390743,45.741809],[18.384128,45.7431],[18.383818,45.743204],[18.370497427101,45.755200520761],[18.370497427101,45.647482014388]]],"type":"Polygon"},"id":323,"properties":{"parentKey":"HRV:1159312539","sourceCountryId":"HRV","syntheticOperational":true,"territoryId":"territory:catalog:f397b0d7f61c7f7f7a4cf8f82cd93e9420b0e01d528a8cdf3298af2cfa7adfc4"},"type":"Feature"},{"geometry":{"coordinates":[[[15.593252332219,44.460431654676],[15.64888702226,44.460431654676],[15.64888702226,44.492507165119],[15.602128,44.467622],[15.594222,44.461886],[15.593252332219,44.460431654676]]],"type":"Polygon"},"id":324,"properties":{"parentKey":"HRV:1159312443","sourceCountryId":"HRV","syntheticOperational":true,"territoryId":"territory:catalog:8436875d92fecd11c23ec27692733ca81a393cb7e3d078a1b7776f718e7d1e22"},"type":"Feature"},{"geometry":{"coordinates":[[[16.65949203616,45.863309352518],[16.695163134927,45.863309352518],[16.695653,45.8664],[16.695963,45.872652],[16.691777,45.904123],[16.691622,45.913839],[16.692553,45.924226],[16.678083,45.929083],[16.65949203616,45.923599889996],[16.65949203616,45.863309352518]]],"type":"Polygon"},"id":325,"properties":{"parentKey":"HRV:1159312531","sourceCountryId":"HRV","syntheticOperational":true,"territoryId":"territory:catalog:09fadc4e20d57484cca95752ca3415304d4eed56ee0d6b88ff0af90a726a4841"},"type":"Feature"},{"geometry":{"coordinates":[[[17.552019583843,42.73598856453],[17.562358704005,42.73381294964],[17.670061099796,42.73381294964],[17.67324903211,42.73381294964],[17.658946,42.742987],[17.648204,42.738511],[17.590668,42.742987],[17.593516,42.747219],[17.594412,42.747748],[17.597504,42.749823],[17.574474,42.757514],[17.552019583843,42.760752473158],[17.552019583843,42.73598856453]]],"type":"Polygon"},"id":326,"properties":{"parentKey":"HRV:1159312431","sourceCountryId":"HRV","syntheticOperational":true,"territoryId":"territory:catalog:c57b27fd842d57aacfd0aa86c6896d6fcbe18af64f3df967a667608c7c9c5ade"},"type":"Feature"},{"geometry":{"coordinates":[[[16.672384219554,45.647482014388],[16.693142566993,45.647482014388],[16.672384219554,45.654348903521],[16.672384219554,45.647482014388]]],"type":"Polygon"},"id":327,"properties":{"parentKey":"HRV:1159312529","sourceCountryId":"HRV","syntheticOperational":true,"territoryId":"territory:catalog:2d09064443655f6aefa7f86cdde3ce8185ce408fedbad30244037b5efd2971cd"},"type":"Feature"},{"geometry":{"coordinates":[[[15.497690046199,44.460431654676],[15.540653813915,44.460431654676],[15.593252332219,44.460431654676],[15.594222,44.461886],[15.602128,44.467622],[15.64888702226,44.492507165119],[15.64888702226,44.504143804558],[15.637216,44.527412],[15.623109,44.541261],[15.582655766664,44.568345323741],[15.523769457299,44.568345323741],[15.497690046199,44.568345323741],[15.497690046199,44.460431654676]]],"type":"Polygon"},"id":328,"properties":{"parentKey":"HRV:1159312507","sourceCountryId":"HRV","syntheticOperational":true,"territoryId":"territory:catalog:0844183981dc170817c1df7f909af3223ebdaac24265c7675675978a1eec3f38"},"type":"Feature"},{"geometry":{"coordinates":[[[15.213389121339,44.326361],[15.227061,44.326361],[15.215831,44.338121],[15.213389121339,44.339929746088],[15.213389121339,44.326361]]],"type":"Polygon"},"id":329,"properties":{"parentKey":"HRV:1159312507","sourceCountryId":"HRV","syntheticOperational":true,"territoryId":"territory:catalog:2dc9254a28432b285873ece2b2618e7eac3a0c1bf7edca32ecfde17533954102"},"type":"Feature"},{"geometry":{"coordinates":[[[13.986486486486,44.864470312241],[13.993012,44.867621],[13.993012,44.875067],[13.986486486486,44.875067],[13.986486486486,44.864470312241]]],"type":"Polygon"},"id":330,"properties":{"parentKey":"HRV:1159312535","sourceCountryId":"HRV","syntheticOperational":true,"territoryId":"territory:catalog:225586100f5658fcb6bc2d2af355e363d2dedda196343f612a51229a21f098b9"},"type":"Feature"},{"geometry":{"coordinates":[[[18.193861566586,45.539568345324],[18.19427,45.535102],[18.197267,45.533138],[18.200212,45.532312],[18.204398,45.531743],[18.208584,45.529934],[18.21246,45.526885],[18.221141,45.516705],[18.222981631781,45.515346468734],[18.222981631781,45.539568345324],[18.193861566586,45.539568345324]]],"type":"Polygon"},"id":331,"properties":{"parentKey":"HRV:1159312539","sourceCountryId":"HRV","syntheticOperational":true,"territoryId":"territory:catalog:7f726620c6f403f1cdf6b426453d6f6fbff820ccf935843662f9dde4657f1bd3"},"type":"Feature"},{"geometry":{"coordinates":[[[16.012796,43.503974],[16.014008,43.503974],[16.028331,43.49494],[16.039561,43.49079],[16.066173,43.489691],[16.067789126724,43.489208633094],[16.107216494845,43.489208633094],[16.11095195828,43.489208633094],[16.11085,43.489691],[16.133828996283,43.489691],[16.133828996283,43.514584102427],[16.117686,43.517646],[16.117686,43.524482],[16.133828996283,43.52475677046],[16.133828996283,43.597122302158],[16.092715231788,43.597122302158],[16.045414072387,43.597122302158],[16.045305,43.596926],[16.047631,43.585815],[16.051196,43.578116],[16.056002,43.571346],[16.069852,43.559305],[16.075278,43.551037],[16.078688,43.549022],[16.083494,43.54804],[16.082719,43.545663],[16.077913,43.543131],[16.060963,43.538118],[16.051506,43.536413],[16.0436,43.533984],[16.039569,43.530987],[16.039724,43.524579],[16.04298,43.521168],[16.047941,43.518791],[16.052902,43.517292],[16.055847,43.515794],[16.056157,43.51321],[16.051196,43.511091],[16.029647,43.510419],[16.018795,43.508921],[16.012904,43.504063],[16.012796,43.503974]]],"type":"Polygon"},"id":332,"properties":{"parentKey":"HRV:1159312433","sourceCountryId":"HRV","syntheticOperational":true,"territoryId":"territory:catalog:5d42b65560d37b8fa264b9cf0b9d49dd364125f0bf793015690f2c1fa020acbf"},"type":"Feature"},{"geometry":{"coordinates":[[[15.697674418605,43.882332260917],[15.707651,43.876495],[15.727547,43.869054],[15.733438,43.868382],[15.739949,43.869209],[15.746925,43.874222],[15.750956,43.879182],[15.752972,43.884608],[15.753902,43.890138],[15.754677,43.892877],[15.757623,43.896029],[15.762583,43.898613],[15.77142,43.90192],[15.777466,43.905951],[15.782634,43.910602],[15.78589,43.915098],[15.78775,43.91887],[15.78760762076,43.920863309353],[15.697674418605,43.920863309353],[15.697674418605,43.882332260917]]],"type":"Polygon"},"id":333,"properties":{"parentKey":"HRV:1159312443","sourceCountryId":"HRV","syntheticOperational":true,"territoryId":"territory:catalog:b2bd010a2a49ae8bb7af447f58122a9ccb0cb218f9d1f3dd4de4242230e73803"},"type":"Feature"},{"geometry":{"coordinates":[[[15.729659922514,45.970168819638],[15.763669,45.968306],[15.784339,45.970993],[15.784784902214,45.971223021583],[15.756791720569,45.971223021583],[15.729659922514,45.971223021583],[15.729659922514,45.970168819638]]],"type":"Polygon"},"id":334,"properties":{"parentKey":"HRV:1159312523","sourceCountryId":"HRV","syntheticOperational":true,"territoryId":"territory:catalog:951915208568a862b8efb66643bb88d1fd45e6f3507bba3b4cee6a906d06eb9a"},"type":"Feature"},{"geometry":{"coordinates":[[[15.805626598465,45.396638538238],[15.814105,45.398676],[15.820926,45.402139],[15.824337,45.407203],[15.824492,45.41666],[15.83462,45.431077],[15.834903193977,45.431654676259],[15.805626598465,45.431654676259],[15.805626598465,45.396638538238]]],"type":"Polygon"},"id":335,"properties":{"parentKey":"HRV:1159312525","sourceCountryId":"HRV","syntheticOperational":true,"territoryId":"territory:catalog:7f28dbafb38417caaa7da6f60cee768ce47a211e19d08d580d41522958d75c23"},"type":"Feature"},{"geometry":{"coordinates":[[[15.238893545683,44.352517985612],[15.239121904955,44.352517985612],[15.239111258036,44.352524847859],[15.238893545683,44.35266516976],[15.238893545683,44.352517985612]]],"type":"Polygon"},"id":336,"properties":{"parentKey":"HRV:1159312507","sourceCountryId":"HRV","syntheticOperational":true,"territoryId":"territory:catalog:dcf03ee1c6ec245a9b030e67fa26e76ce581ae20effff40b685ad865f77204ab"},"type":"Feature"},{"geometry":{"coordinates":[[[16.925923,45.483942],[16.929179,45.475881],[16.964887,45.455314],[16.992738146091,45.445561937307],[16.992738146091,45.51243423438],[16.969073,45.520374],[16.965197,45.52239],[16.962252,45.52518],[16.961787,45.530555],[16.962407,45.534999],[16.961045698233,45.539568345324],[16.940673092661,45.539568345324],[16.930419,45.5181],[16.927629,45.503114],[16.927629,45.500065],[16.927319,45.497792],[16.927164,45.493347],[16.925923,45.483942]]],"type":"Polygon"},"id":337,"properties":{"parentKey":"HRV:1159312541","sourceCountryId":"HRV","syntheticOperational":true,"territoryId":"territory:catalog:85c83cd92dfa51d18f112d9dcb63fb09bb687bd6c972193a2ec12a94a9e9114a"},"type":"Feature"},{"geometry":{"coordinates":[[[14.463609591923,44.627819541912],[14.472992,44.620266],[14.502289,44.620266],[14.513357,44.618842],[14.520356,44.621527],[14.527354,44.627143],[14.534353,44.634263],[14.527517,44.647895],[14.514985,44.642157],[14.508556,44.645331],[14.508067,44.653306],[14.513927,44.662177],[14.502818860593,44.676258992806],[14.48798988622,44.676258992806],[14.463609591923,44.676258992806],[14.463609591923,44.627819541912]]],"type":"Polygon"},"id":338,"properties":{"parentKey":"HRV:1159312505","sourceCountryId":"HRV","syntheticOperational":true,"territoryId":"territory:catalog:c5b350597cf8da43b1953d23193d97db7ce6a766487e5d7d933e40ce3f0d581b"},"type":"Feature"},{"geometry":{"coordinates":[[[16.391449,43.51081],[16.431226765799,43.51081],[16.431226765799,43.521338149912],[16.411388,43.517808],[16.391449,43.517646],[16.391449,43.51081]]],"type":"Polygon"},"id":339,"properties":{"parentKey":"HRV:1159312433","sourceCountryId":"HRV","syntheticOperational":true,"territoryId":"territory:catalog:a9f1ea6905b946655cc3576e15846bade7b2194b91fc6744fb5d7320c9c1aced"},"type":"Feature"},{"geometry":{"coordinates":[[[18.689361702128,45.215827338129],[18.726114649682,45.215827338129],[18.842553191489,45.215827338129],[18.842553191489,45.323741007194],[18.721227621483,45.323741007194],[18.689361702128,45.323741007194],[18.689361702128,45.215827338129]]],"type":"Polygon"},"id":340,"properties":{"parentKey":"HRV:1159312543","sourceCountryId":"HRV","syntheticOperational":true,"territoryId":"territory:catalog:aaaf94330d0616d928308df8e447ab4001d6c62dec45fed300446d303b38cffd"},"type":"Feature"},{"geometry":{"coordinates":[[[17.001638,43.0515],[17.008067,43.045315],[17.01295,43.039211],[17.018809,43.034084],[17.028168,43.030992],[17.028168,43.024156],[17.017914,43.013821],[17.027517,43.003567],[17.046153,42.995063],[17.062511,42.990058],[17.095388,42.984442],[17.100737100737,42.984435873945],[17.100737100737,43.02635475379],[17.073253,43.024156],[17.055675,43.028957],[17.023123,43.048651],[17.001638,43.0515]]],"type":"Polygon"},"id":341,"properties":{"parentKey":"HRV:1159312431","sourceCountryId":"HRV","syntheticOperational":true,"territoryId":"territory:catalog:43b44773194f250829316b5a6fdba4737253d8dba066fe825a7801b170e56467"},"type":"Feature"},{"geometry":{"coordinates":[[[16.502928054301,45.971223021583],[16.504520017219,45.971223021583],[16.525745662404,45.971223021583],[16.51985,45.975489],[16.514114,45.977659],[16.510238,45.977607],[16.507551,45.975954],[16.50476,45.973525],[16.502928054301,45.971223021583]]],"type":"Polygon"},"id":342,"properties":{"parentKey":"HRV:1159312531","sourceCountryId":"HRV","syntheticOperational":true,"territoryId":"territory:catalog:0c4260a37f6286346e7e5f70ea14f1f4d0abc953c26ed2f48dd501dfc7414005"},"type":"Feature"},{"geometry":{"coordinates":[[[15.044099118018,44.493442655231],[15.055919,44.486233],[15.075531,44.484076],[15.061697,44.500718],[15.051768,44.516181],[15.044099118018,44.524381245106],[15.044099118018,44.493442655231]]],"type":"Polygon"},"id":343,"properties":{"parentKey":"HRV:1159312507","sourceCountryId":"HRV","syntheticOperational":true,"territoryId":"territory:catalog:ebaabd34ab8df961d19836768e1cd48b2a7f474f2a37b960cd751e96bdecf038"},"type":"Feature"},{"geometry":{"coordinates":[[[17.454079453225,45.431654676259],[17.493606138107,45.431654676259],[17.607859888936,45.431654676259],[17.607859888936,45.536473691749],[17.607742,45.536549],[17.603933541555,45.539568345324],[17.483953786906,45.539568345324],[17.454079453225,45.539568345324],[17.454079453225,45.431654676259]]],"type":"Polygon"},"id":344,"properties":{"parentKey":"HRV:1159312541","sourceCountryId":"HRV","syntheticOperational":true,"territoryId":"territory:catalog:de30714eb679389387505cdebc22dcfba8d5461f20d17eda2700404a2d3f76b1"},"type":"Feature"},{"geometry":{"coordinates":[[[15.83207598057,45.539568345324],[15.868813378162,45.539568345324],[15.868727,45.541613],[15.867487,45.544869],[15.864386,45.547349],[15.85989,45.548951],[15.854309,45.549881],[15.839736,45.546006],[15.83207598057,45.539568345324]]],"type":"Polygon"},"id":345,"properties":{"parentKey":"HRV:1159312529","sourceCountryId":"HRV","syntheticOperational":true,"territoryId":"territory:catalog:45426f7b9f70cc5170e13f2eab50af109a8553102b68cf2c3a421461ea63936c"},"type":"Feature"},{"geometry":{"coordinates":[[[17.782132747702,45.215827338129],[17.808917197452,45.215827338129],[17.923404255319,45.215827338129],[17.923404255319,45.288098480217],[17.918576,45.288605],[17.909429,45.287882],[17.902091,45.286332],[17.896355,45.283748],[17.891549,45.280751],[17.887518,45.277443],[17.884883,45.274446],[17.883488,45.271862],[17.883643,45.269382],[17.885038,45.266901],[17.886743,45.264731],[17.890619,45.26101],[17.891549,45.259305],[17.891549,45.257186],[17.890464,45.255636],[17.888604,45.254706],[17.879767,45.253724],[17.877441,45.252845],[17.874961,45.250985],[17.873566,45.24959],[17.871705,45.247006],[17.869535,45.243389],[17.865504,45.237963],[17.854652,45.229384],[17.844524,45.224217],[17.822664,45.218015],[17.815223,45.217447],[17.790987,45.218946],[17.785096,45.218119],[17.78215,45.216207],[17.782132747702,45.215827338129]]],"type":"Polygon"},"id":346,"properties":{"parentKey":"HRV:1159312537","sourceCountryId":"HRV","syntheticOperational":true,"territoryId":"territory:catalog:144a08b04bcef09a56a30fdea90be28d0bdcd18280706904120ea0b4278cb1b4"},"type":"Feature"},{"geometry":{"coordinates":[[[14.913830723359,44.676258992806],[14.917963819941,44.671641223598],[14.917963819941,44.676258992806],[14.913830723359,44.676258992806]]],"type":"Polygon"},"id":347,"properties":{"parentKey":"HRV:1159312507","sourceCountryId":"HRV","syntheticOperational":true,"territoryId":"territory:catalog:cdb5cf485c20a7b82b891823cb1c7e3d8761a724ca8956704132a07ba32f48c3"},"type":"Feature"},{"geometry":{"coordinates":[[[18.376762067493,45.431654676259],[18.414322250639,45.431654676259],[18.530542503204,45.431654676259],[18.530542503204,45.539568345324],[18.408215661104,45.539568345324],[18.376762067493,45.539568345324],[18.376762067493,45.498321642054],[18.378186,45.50022],[18.378961,45.503476],[18.379581,45.514483],[18.380977,45.518721],[18.382527,45.521149],[18.384852,45.5227],[18.386868,45.52332],[18.390278,45.523475],[18.394309,45.522958],[18.398185,45.521201],[18.408262,45.513656],[18.427847,45.50451],[18.430793,45.501616],[18.431878,45.498205],[18.431413,45.492211],[18.433583,45.48787],[18.436839,45.483942],[18.44397,45.477431],[18.44397,45.475209],[18.44118,45.473659],[18.430638,45.472419],[18.408572,45.471798],[18.392604,45.468853],[18.376762067493,45.463804796519],[18.376762067493,45.431654676259]]],"type":"Polygon"},"id":348,"properties":{"parentKey":"HRV:1159312539","sourceCountryId":"HRV","syntheticOperational":true,"territoryId":"territory:catalog:3d359cd5e60987c260db926395d1b3ae1dde381f429ae9135289fda1be15e5a9"},"type":"Feature"},{"geometry":{"coordinates":[[[18.865979381443,45.858066975599],[18.887146,45.859476],[18.899755,45.861388],[18.901873084027,45.863309352518],[18.865979381443,45.863309352518],[18.865979381443,45.858066975599]]],"type":"Polygon"},"id":349,"properties":{"parentKey":"HRV:1159312539","sourceCountryId":"HRV","syntheticOperational":true,"territoryId":"territory:catalog:9b6dad76d39a609879dcacd35808a336724b7e2612c090a97ab47ce51996c491"},"type":"Feature"},{"geometry":{"coordinates":[[[13.658329800763,45.062582106492],[13.660818,45.061225],[13.67335,45.051093],[13.681326,45.046373],[13.72769809838,45],[13.810936837643,45],[13.810936837643,45.107913669065],[13.68152866242,45.107913669065],[13.658329800763,45.107913669065],[13.658329800763,45.062582106492]]],"type":"Polygon"},"id":350,"properties":{"parentKey":"HRV:1159312535","sourceCountryId":"HRV","syntheticOperational":true,"territoryId":"territory:catalog:9dc4df3433846b07112f4ff5323876b6e6ee9ded97e7bc72e5312949ca2f39cc"},"type":"Feature"},{"geometry":{"coordinates":[[[16.112531969309,45.323741007194],[16.23829787234,45.323741007194],[16.265984654731,45.323741007194],[16.265984654731,45.431654676259],[16.223835967535,45.431654676259],[16.112531969309,45.431654676259],[16.112531969309,45.323741007194]]],"type":"Polygon"},"id":351,"properties":{"parentKey":"HRV:1159312529","sourceCountryId":"HRV","syntheticOperational":true,"territoryId":"territory:catalog:50a069353fc43826d464f6e82879dd2715aae637b0b6b6edcab1db940d7e7144"},"type":"Feature"},{"geometry":{"coordinates":[[[15.868625756266,46.079136690647],[15.912031047865,46.079136690647],[16.024200518583,46.079136690647],[16.024200518583,46.184926319331],[16.01957,46.185398],[16.013056941079,46.187050359712],[15.896103896104,46.187050359712],[15.868625756266,46.187050359712],[15.868625756266,46.079136690647]]],"type":"Polygon"},"id":352,"properties":{"parentKey":"HRV:1159312523","sourceCountryId":"HRV","syntheticOperational":true,"territoryId":"territory:catalog:35b44d6cd6a3928a8deb79e92142893350f4b071c479e479ca0e812270ba54e7"},"type":"Feature"},{"geometry":{"coordinates":[[[15.398671096346,43.907274756469],[15.401541,43.904771],[15.403575,43.900214],[15.407074,43.896145],[15.41505,43.894436],[15.423676,43.893988],[15.431407,43.892768],[15.438731,43.890692],[15.446056,43.887519],[15.442719,43.899075],[15.435395,43.911282],[15.427729419383,43.920863309353],[15.398671096346,43.920863309353],[15.398671096346,43.907274756469]]],"type":"Polygon"},"id":353,"properties":{"parentKey":"HRV:1159312443","sourceCountryId":"HRV","syntheticOperational":true,"territoryId":"territory:catalog:5eb7f9827ff0b6ffe076693f97921e5d1d38d61c199d80976dc9ad04528c8a69"},"type":"Feature"},{"geometry":{"coordinates":[[[15.635430038511,45.61733865938],[15.663261,45.604865],[15.689668,45.601248],[15.69959,45.598871],[15.709047,45.595667],[15.720519,45.590396],[15.72672,45.588742],[15.731578,45.588587],[15.734213,45.589982],[15.74398,45.597424],[15.745995,45.596907],[15.747391,45.595202],[15.752352,45.57634],[15.751576,45.571276],[15.748011,45.566883],[15.74243,45.563111],[15.739174,45.558925],[15.740879,45.554222],[15.755297,45.545127],[15.760878,45.540838],[15.762201514187,45.539568345324],[15.762494660402,45.539568345324],[15.789473684211,45.539568345324],[15.789473684211,45.647482014388],[15.746140651801,45.647482014388],[15.635430038511,45.647482014388],[15.635430038511,45.61733865938]]],"type":"Polygon"},"id":354,"properties":{"parentKey":"HRV:1159312531","sourceCountryId":"HRV","syntheticOperational":true,"territoryId":"territory:catalog:1f7a2b03434c8d57d083457d8414ce8b717c6d789de80dccfdd0eb347f6e3f52"},"type":"Feature"},{"geometry":{"coordinates":[[[17.118155619597,43.273381294964],[17.156943303205,43.273381294964],[17.26636475916,43.273381294964],[17.26636475916,43.381294964029],[17.146391752577,43.381294964029],[17.118155619597,43.381294964029],[17.118155619597,43.273381294964]]],"type":"Polygon"},"id":355,"properties":{"parentKey":"HRV:1159312433","sourceCountryId":"HRV","syntheticOperational":true,"territoryId":"territory:catalog:a2bf9b73ffa7513cd2a13213f0bce37b1d5b8ec2e1734754a4d080f1ea65f08a"},"type":"Feature"},{"geometry":{"coordinates":[[[15.191815856778,45.323741007194],[15.31914893617,45.323741007194],[15.3452685422,45.323741007194],[15.3452685422,45.431654676259],[15.301153353268,45.431654676259],[15.229313228877,45.431654676259],[15.232538,45.425548],[15.234399,45.418107],[15.234399,45.413249],[15.233934,45.40896],[15.232848,45.403741],[15.229593,45.394284],[15.221014,45.374802],[15.216674,45.369841],[15.210317,45.365138],[15.191815856778,45.353938783879],[15.191815856778,45.323741007194]]],"type":"Polygon"},"id":356,"properties":{"parentKey":"HRV:1159312525","sourceCountryId":"HRV","syntheticOperational":true,"territoryId":"territory:catalog:1d46f56f56a4a9537b6d7de818fe097cf8ccbf9997e0b3f791d2b0a5af0cec48"},"type":"Feature"},{"geometry":{"coordinates":[[[18.247422680412,45.755395683453],[18.295813945816,45.755395683453],[18.283256,45.764908],[18.260518,45.765115],[18.247422680412,45.771993285044],[18.247422680412,45.755395683453]]],"type":"Polygon"},"id":357,"properties":{"parentKey":"HRV:1159312539","sourceCountryId":"HRV","syntheticOperational":true,"territoryId":"territory:catalog:04c204592a5f3edf22d1ca9f1cae53946f9ca7b9d4152b1ce63d9c8edc145611"},"type":"Feature"},{"geometry":{"coordinates":[[[15.213389121339,44.31411282185],[15.220225,44.31273],[15.215017,44.314927],[15.213389121339,44.31588756443],[15.213389121339,44.31411282185]]],"type":"Polygon"},"id":358,"properties":{"parentKey":"HRV:1159312507","sourceCountryId":"HRV","syntheticOperational":true,"territoryId":"territory:catalog:4fe4ef0feff1dbe352340cdfc4188692f044e3c3dd6ec78e9df326e97ae03343"},"type":"Feature"},{"geometry":{"coordinates":[[[14.738129,44.272121],[14.748546,44.261664],[14.759939,44.259833],[14.761506276151,44.261188425804],[14.761506276151,44.291184484317],[14.759776,44.29206],[14.753184,44.291002],[14.753184,44.283515],[14.749685,44.280219],[14.739594,44.280178],[14.738129,44.272121]]],"type":"Polygon"},"id":359,"properties":{"parentKey":"HRV:1159312443","sourceCountryId":"HRV","syntheticOperational":true,"territoryId":"territory:catalog:d0566227e224c598889c2ad2da32dd7fdbc17c80668c5cdcbc18a80c2bcd0404"},"type":"Feature"},{"geometry":{"coordinates":[[[18.865979381443,45.755395683453],[18.903090985619,45.755395683453],[18.900169,45.764908],[18.871127,45.789971],[18.865979381443,45.796162288837],[18.865979381443,45.755395683453]]],"type":"Polygon"},"id":360,"properties":{"parentKey":"HRV:1159312539","sourceCountryId":"HRV","syntheticOperational":true,"territoryId":"territory:catalog:9c91ce92e1548df8b41e99105e5484e69c6e50b0c7fae5695be49b8a5adab7ca"},"type":"Feature"},{"geometry":{"coordinates":[[[15.532994923858,44.926864624591],[15.534174,44.92346],[15.537739,44.918551],[15.563371,44.892299],[15.563423757276,44.892086330935],[15.658783783784,44.892086330935],[15.685279187817,44.892086330935],[15.685279187817,44.937724887616],[15.665638,44.947128],[15.660316,44.948058],[15.65613,44.947644],[15.637837,44.935604],[15.63179,44.932968],[15.618303,44.928782],[15.610345,44.929816],[15.588796,44.94289],[15.567402,44.948781],[15.558565,44.950125],[15.552467,44.949143],[15.542545,44.938549],[15.539445,44.936224],[15.536964,44.934674],[15.534484,44.932813],[15.533088,44.930746],[15.532994923858,44.929768700509],[15.532994923858,44.926864624591]]],"type":"Polygon"},"id":361,"properties":{"parentKey":"HRV:1159312443","sourceCountryId":"HRV","syntheticOperational":true,"territoryId":"territory:catalog:c89a31e12af8afcb033c325fbc228952ebc47fe052ac8731470801aeff5f9817"},"type":"Feature"},{"geometry":{"coordinates":[[[16.855670103093,45.755395683453],[16.981132075472,45.755395683453],[17.010309278351,45.755395683453],[17.010309278351,45.863309352518],[16.969436074042,45.863309352518],[16.855670103093,45.863309352518],[16.855670103093,45.755395683453]]],"type":"Polygon"},"id":362,"properties":{"parentKey":"HRV:1159312549","sourceCountryId":"HRV","syntheticOperational":true,"territoryId":"territory:catalog:88f92268725cde6d1f54adb81d1519aebea3ff638152a0105c62188bc2611a9b"},"type":"Feature"},{"geometry":{"coordinates":[[[15.21192637448,45.107913669065],[15.212953,45.107014],[15.221531,45.101588],[15.225562,45.098488],[15.231763,45.091977],[15.236414,45.088153],[15.24246,45.084742],[15.337007206443,45.043518969408],[15.337007206443,45.107913669065],[15.21192637448,45.107913669065]]],"type":"Polygon"},"id":363,"properties":{"parentKey":"HRV:1159312525","sourceCountryId":"HRV","syntheticOperational":true,"territoryId":"territory:catalog:5cce2fca4a261bba743b7107836d59763abeb681ede80f04ad3901e37448b739"},"type":"Feature"},{"geometry":{"coordinates":[[[14.610878661088,44.331268649341],[14.640798,44.311835],[14.6574,44.305243],[14.661388,44.308661],[14.643565,44.325751],[14.613455,44.340806],[14.610878661088,44.341689480291],[14.610878661088,44.331268649341]]],"type":"Polygon"},"id":364,"properties":{"parentKey":"HRV:1159312443","sourceCountryId":"HRV","syntheticOperational":true,"territoryId":"territory:catalog:fe3628cee3bc14cacd0d139c7073c8a9fe280adf5334e5b299ab074a90791b9b"},"type":"Feature"},{"geometry":{"coordinates":[[[16.136256,45.970373],[16.163231,45.933372],[16.176615,45.906242],[16.182196,45.898956],[16.194575979337,45.887085396734],[16.194575979337,45.971223021583],[16.139435302892,45.971223021583],[16.136256,45.970373]]],"type":"Polygon"},"id":365,"properties":{"parentKey":"HRV:1159312531","sourceCountryId":"HRV","syntheticOperational":true,"territoryId":"territory:catalog:a302f7b092da939638ff6441a7c3b8bb94e69ec2ea264f3ba7cf3531a7ee2916"},"type":"Feature"},{"geometry":{"coordinates":[[[16.194575979337,45.887085396734],[16.218628,45.864023],[16.219122013359,45.863309352518],[16.237113402062,45.863309352518],[16.349547998278,45.863309352518],[16.349547998278,45.971223021583],[16.222509702458,45.971223021583],[16.194575979337,45.971223021583],[16.194575979337,45.887085396734]]],"type":"Polygon"},"id":366,"properties":{"parentKey":"HRV:1159312531","sourceCountryId":"HRV","syntheticOperational":true,"territoryId":"territory:catalog:58956e45b5e56daec2de0fee315cbc1ebaf28832d3d5c74722db2bc596ffb020"},"type":"Feature"},{"geometry":{"coordinates":[[[16.694775514267,45.971223021583],[16.814464055101,45.971223021583],[16.843467011643,45.971223021583],[16.843467011643,46.079136690647],[16.836005174582,46.079136690647],[16.834663,46.078376],[16.830632,46.072744],[16.826911,46.062253],[16.824896,46.059566],[16.820865,46.056259],[16.811408,46.050678],[16.808618,46.048456],[16.805207,46.046389],[16.800866,46.046079],[16.79358,46.050626],[16.790118,46.055794],[16.784071,46.058688],[16.776165,46.058378],[16.758027,46.052952],[16.741128,46.045717],[16.731,46.033366],[16.719218,46.018742],[16.710846,46.00143],[16.697203,45.98107],[16.694775514267,45.971223021583]]],"type":"Polygon"},"id":367,"properties":{"parentKey":"HRV:1159312549","sourceCountryId":"HRV","syntheticOperational":true,"territoryId":"territory:catalog:3b228c01b5c15de009eea6f86e410f6f8834eabaa6f24bb3b000c4856e6f930f"},"type":"Feature"},{"geometry":{"coordinates":[[[18.679245283019,45.647482014388],[18.716302952503,45.647482014388],[18.833619210978,45.647482014388],[18.833619210978,45.755395683453],[18.711340206186,45.755395683453],[18.679245283019,45.755395683453],[18.679245283019,45.647482014388]]],"type":"Polygon"},"id":368,"properties":{"parentKey":"HRV:1159312539","sourceCountryId":"HRV","syntheticOperational":true,"territoryId":"territory:catalog:af76d354ea0c6fed379557a0e451cca543706947ad61321b285ad651582088b2"},"type":"Feature"},{"geometry":{"coordinates":[[[14.84962,44.175605],[14.862966,44.161038],[14.867849,44.152045],[14.870128,44.140815],[14.875500148256,44.136690647482],[14.92234770028,44.136690647482],[14.882823,44.159166],[14.863292,44.175605],[14.85963,44.176011],[14.855235,44.1765],[14.84962,44.175605]]],"type":"Polygon"},"id":369,"properties":{"parentKey":"HRV:1159312443","sourceCountryId":"HRV","syntheticOperational":true,"territoryId":"territory:catalog:e6d489039708f91532f24190ea9f7daac56ba203f145876eb45391195c4135a6"},"type":"Feature"},{"geometry":{"coordinates":[[[17.946084724005,45.539568345324],[17.961519008291,45.539568345324],[17.963379,45.542905],[18.057896,45.623779],[18.083217,45.63029],[18.080892,45.642176],[18.079445,45.643623],[18.076861,45.645586],[18.071806782377,45.647482014388],[18.061749571184,45.647482014388],[17.946084724005,45.647482014388],[17.946084724005,45.539568345324]]],"type":"Polygon"},"id":370,"properties":{"parentKey":"HRV:1159312547","sourceCountryId":"HRV","syntheticOperational":true,"territoryId":"territory:catalog:dc92c4b39df9960375736e4c6a59a47eb6b4e0a34e57091dfd40f645d85c1518"},"type":"Feature"},{"geometry":{"coordinates":[[[16.554307116105,43.920863309353],[16.578167841018,43.920863309353],[16.555816,43.937474],[16.554307116105,43.939090110443],[16.554307116105,43.920863309353]]],"type":"Polygon"},"id":371,"properties":{"parentKey":"HRV:1159312433","sourceCountryId":"HRV","syntheticOperational":true,"territoryId":"territory:catalog:b1b030915bdddacc05bd0107d31bd2e27c62f037269adf734f209ae74f1f9187"},"type":"Feature"},{"geometry":{"coordinates":[[[13.834459459459,44.853267000411],[13.842296,44.854641],[13.849132,44.847154],[13.842296,44.840277],[13.845551,44.840155],[13.852794,44.840766],[13.855968,44.840277],[13.853852,44.837063],[13.851248,44.830024],[13.849132,44.826646],[13.860037,44.82567],[13.889659,44.817084],[13.896983,44.813056],[13.89975,44.798285],[13.899468912184,44.78417266187],[13.912460657717,44.78417266187],[13.90447,44.798774],[13.909353,44.808987],[13.904307,44.817288],[13.893891,44.823391],[13.883149,44.826646],[13.890147,44.833482],[13.899587,44.829047],[13.909679,44.830959],[13.918712,44.829047],[13.924815,44.813056],[13.929535,44.815253],[13.929698,44.816352],[13.931651,44.820502],[13.9463,44.813788],[13.963878,44.811835],[13.986486486486,44.812598982011],[13.986486486486,44.826029771203],[13.983246,44.827053],[13.972667,44.826646],[13.976248,44.834906],[13.976329,44.83747],[13.97462,44.839667],[13.972667,44.847154],[13.981293,44.859809],[13.98585,44.864163],[13.986486486486,44.864470312241],[13.986486486486,44.875067],[13.986176,44.875067],[13.986176,44.881293],[13.986486486486,44.881293],[13.986486486486,44.891117715474],[13.98585,44.892076],[13.985838168818,44.892086330935],[13.857868020305,44.892086330935],[13.834459459459,44.892086330935],[13.834459459459,44.886795355267],[13.842296,44.888129],[13.834459459459,44.87458265239],[13.834459459459,44.853267000411]]],"type":"Polygon"},"id":372,"properties":{"parentKey":"HRV:1159312535","sourceCountryId":"HRV","syntheticOperational":true,"territoryId":"territory:catalog:1e06b4a33e39c0c289aa4e1ea00b58be018f598620e7246260fd163a7d6244aa"},"type":"Feature"},{"geometry":{"coordinates":[[[18.516831193477,45.107913669065],[18.533991,45.088773],[18.534456,45.088566],[18.534803,45.088412],[18.53492,45.090427],[18.541754980924,45.092448712469],[18.541754980924,45.107913669065],[18.516831193477,45.107913669065]]],"type":"Polygon"},"id":373,"properties":{"parentKey":"HRV:1159312543","sourceCountryId":"HRV","syntheticOperational":true,"territoryId":"territory:catalog:57e07f9d98e45337cfa6208d2e36a6cc3cde6199e3f26071a44774eb7e10cae7"},"type":"Feature"},{"geometry":{"coordinates":[[[15.951593223496,45.215827338129],[15.974522292994,45.215381713398],[15.974522292994,45.215827338129],[15.951593223496,45.215827338129]]],"type":"Polygon"},"id":374,"properties":{"parentKey":"HRV:1159312529","sourceCountryId":"HRV","syntheticOperational":true,"territoryId":"territory:catalog:b6a5dc4c16ef7d1be60fb93dbbdb28d6a5ce6aefaf3efe8d169b40206f255e2a"},"type":"Feature"},{"geometry":{"coordinates":[[[15.231346394331,44.04236001855],[15.23227,44.041449],[15.241170630724,44.028776978417],[15.251637149753,44.028776978417],[15.247081,44.046698],[15.231346394331,44.061111672166],[15.231346394331,44.04236001855]]],"type":"Polygon"},"id":375,"properties":{"parentKey":"HRV:1159312443","sourceCountryId":"HRV","syntheticOperational":true,"territoryId":"territory:catalog:d3c15b0ad86bbdccf364bfdaa728f90c842c04fdf00325cd44dcfdd100c733db"},"type":"Feature"},{"geometry":{"coordinates":[[[14.59872611465,45.107913669065],[14.659076107676,45.107913669065],[14.658946,45.108344],[14.670909,45.143459],[14.665294,45.161811],[14.643728,45.156806],[14.612559,45.159247],[14.59872611465,45.165828952979],[14.59872611465,45.107913669065]]],"type":"Polygon"},"id":376,"properties":{"parentKey":"HRV:1159312505","sourceCountryId":"HRV","syntheticOperational":true,"territoryId":"territory:catalog:2b12cf766d8140f6dd6f702fee73287b13328b99987984d0fe60b35a913a8e34"},"type":"Feature"},{"geometry":{"coordinates":[[[14.92385786802,44.892086330935],[15.050675675676,44.892086330935],[15.07614213198,44.892086330935],[15.07614213198,45],[15.031793132683,45],[14.92385786802,45],[14.92385786802,44.892086330935]]],"type":"Polygon"},"id":377,"properties":{"parentKey":"HRV:1159312507","sourceCountryId":"HRV","syntheticOperational":true,"territoryId":"territory:catalog:9ce85f209040185e3f98c10029b27d01775d6f8c767e59a3539ac15190b1c13a"},"type":"Feature"},{"geometry":{"coordinates":[[[15.17121124474,45.323741007194],[15.191815856778,45.323741007194],[15.191815856778,45.353938783879],[15.190939,45.353408],[15.185513,45.34917],[15.183497,45.345708],[15.182877,45.342659],[15.183807,45.334081],[15.180862,45.32912],[15.174196,45.324624],[15.17121124474,45.323741007194]]],"type":"Polygon"},"id":378,"properties":{"parentKey":"HRV:1159312525","sourceCountryId":"HRV","syntheticOperational":true,"territoryId":"territory:catalog:c9e31912d35f4a8cd07af78a5165fe4af4431f189106100f2de90d46029c0d3d"},"type":"Feature"},{"geometry":{"coordinates":[[[14.553191489362,45.302850147213],[14.570811,45.293647],[14.582205,45.285346],[14.568614,45.275946],[14.57602,45.262274],[14.592784,45.249823],[14.6067,45.244371],[14.637285994638,45.215827338129],[14.706382978723,45.215827338129],[14.706382978723,45.323741007194],[14.57800511509,45.323741007194],[14.553191489362,45.323741007194],[14.553191489362,45.302850147213]]],"type":"Polygon"},"id":379,"properties":{"parentKey":"HRV:1159312505","sourceCountryId":"HRV","syntheticOperational":true,"territoryId":"territory:catalog:68f3aa9cb0e8a514971d3fb090b92eb0ccc73326fbdaf100e4c34720646d13cd"},"type":"Feature"},{"geometry":{"coordinates":[[[13.901862274856,45.431654676259],[13.917129431867,45.431654676259],[13.917129431867,45.444895137166],[13.908432,45.438881],[13.901862274856,45.431654676259]]],"type":"Polygon"},"id":380,"properties":{"parentKey":"HRV:1159312535","sourceCountryId":"HRV","syntheticOperational":true,"territoryId":"territory:catalog:c3dbb48ddae362d3c18ae9dce1463fbab87bcdb14066f38ab57260a7d8beee7d"},"type":"Feature"},{"geometry":{"coordinates":[[[15.697674418605,43.812949640288],[15.820895522388,43.812949640288],[15.847176079734,43.812949640288],[15.847176079734,43.920863309353],[15.805243445693,43.920863309353],[15.78760762076,43.920863309353],[15.78775,43.91887],[15.78589,43.915098],[15.782634,43.910602],[15.777466,43.905951],[15.77142,43.90192],[15.762583,43.898613],[15.757623,43.896029],[15.754677,43.892877],[15.753902,43.890138],[15.752972,43.884608],[15.750956,43.879182],[15.746925,43.874222],[15.739949,43.869209],[15.733438,43.868382],[15.727547,43.869054],[15.707651,43.876495],[15.697674418605,43.882332260917],[15.697674418605,43.812949640288]]],"type":"Polygon"},"id":381,"properties":{"parentKey":"HRV:1159312439","sourceCountryId":"HRV","syntheticOperational":true,"territoryId":"territory:catalog:6c75dbc91e3c62a63a0eab704ca36c0b49d99a7476754ef754eb446a5ac2fbef"},"type":"Feature"},{"geometry":{"coordinates":[[[15.07614213198,44.892086330935],[15.202702702703,44.892086330935],[15.228426395939,44.892086330935],[15.228426395939,45],[15.184400169563,45],[15.07614213198,45],[15.07614213198,44.892086330935]]],"type":"Polygon"},"id":382,"properties":{"parentKey":"HRV:1159312507","sourceCountryId":"HRV","syntheticOperational":true,"territoryId":"territory:catalog:4105097b6ebbbb4a8fefd4231956682b6bed08c5b9136a6647b65d3b4f5bfccf"},"type":"Feature"},{"geometry":{"coordinates":[[[15.532994923858,44.929768700509],[15.533088,44.930746],[15.534484,44.932813],[15.536964,44.934674],[15.539445,44.936224],[15.542545,44.938549],[15.552467,44.949143],[15.558565,44.950125],[15.567402,44.948781],[15.588796,44.94289],[15.610345,44.929816],[15.618303,44.928782],[15.63179,44.932968],[15.637837,44.935604],[15.65613,44.947644],[15.660316,44.948058],[15.665638,44.947128],[15.685279187817,44.937724887616],[15.685279187817,45],[15.642221280203,45],[15.532994923858,45],[15.532994923858,44.929768700509]]],"type":"Polygon"},"id":383,"properties":{"parentKey":"HRV:1159312525","sourceCountryId":"HRV","syntheticOperational":true,"territoryId":"territory:catalog:4facb8d538702f63ad080cc3c46a82fbc3ac07df5041b311d9404eb13e2d84cd"},"type":"Feature"},{"geometry":{"coordinates":[[[17.923404255319,45.215827338129],[17.96178343949,45.215827338129],[18.076595744681,45.215827338129],[18.076595744681,45.2720275571],[17.923404255319,45.288098480217],[17.923404255319,45.215827338129]]],"type":"Polygon"},"id":384,"properties":{"parentKey":"HRV:1159312537","sourceCountryId":"HRV","syntheticOperational":true,"territoryId":"territory:catalog:8a1afd0a5020087fd190c592a06da251efd318a7e5dcaaa1366c94496d396794"},"type":"Feature"},{"geometry":{"coordinates":[[[18.408215661104,45.539568345324],[18.530542503204,45.539568345324],[18.562259306804,45.539568345324],[18.562259306804,45.647482014388],[18.52487135506,45.647482014388],[18.408215661104,45.647482014388],[18.408215661104,45.539568345324]]],"type":"Polygon"},"id":385,"properties":{"parentKey":"HRV:1159312539","sourceCountryId":"HRV","syntheticOperational":true,"territoryId":"territory:catalog:3271f391459d4e091dc1d3e77a0c8bc48eed50fc0c12a3549ea28c9cb898f793"},"type":"Feature"},{"geometry":{"coordinates":[[[15.831596498541,44.028776978417],[15.955056179775,44.028776978417],[15.981659024594,44.028776978417],[15.981659024594,44.136690647482],[15.858037578288,44.136690647482],[15.831596498541,44.136690647482],[15.831596498541,44.028776978417]]],"type":"Polygon"},"id":386,"properties":{"parentKey":"HRV:1159312443","sourceCountryId":"HRV","syntheticOperational":true,"territoryId":"territory:catalog:e1f83089bc75dc69d12531f9cfff720de4286121824438212063fdff523c88c3"},"type":"Feature"},{"geometry":{"coordinates":[[[17.931326833404,45.095100502422],[17.946364858705,45.107913669065],[17.931326833404,45.107913669065],[17.931326833404,45.095100502422]]],"type":"Polygon"},"id":387,"properties":{"parentKey":"HRV:1159312537","sourceCountryId":"HRV","syntheticOperational":true,"territoryId":"territory:catalog:e7decfb0b6303cbacc44d73eec8fc78853a767578342e7d232fa59bb6ebf0f09"},"type":"Feature"},{"geometry":{"coordinates":[[[16.363636363636,45.743027933691],[16.366371,45.743616],[16.370247,45.745115],[16.372572,45.747389],[16.373192,45.749042],[16.374377184286,45.755395683453],[16.363636363636,45.755395683453],[16.363636363636,45.743027933691]]],"type":"Polygon"},"id":388,"properties":{"parentKey":"HRV:1159312531","sourceCountryId":"HRV","syntheticOperational":true,"territoryId":"territory:catalog:c70726507a5823d3a76343f513acdcfacddafd791a0bfc77bbef36c443ac80c6"},"type":"Feature"},{"geometry":{"coordinates":[[[16.610888678799,45.215827338129],[16.682272954825,45.200777047288],[16.738853503185,45.188847897675],[16.738853503185,45.215827338129],[16.697872340426,45.215827338129],[16.610888678799,45.215827338129]]],"type":"Polygon"},"id":389,"properties":{"parentKey":"HRV:1159312529","sourceCountryId":"HRV","syntheticOperational":true,"territoryId":"territory:catalog:c313768a418a674f0739b7a9a3c4043f98f79963fbb2671eed965cbdc0fc6521"},"type":"Feature"},{"geometry":{"coordinates":[[[16.802074330164,46.079136690647],[16.836005174582,46.079136690647],[16.839314,46.081012],[16.844895,46.081632],[16.851768,46.08096],[16.858899,46.079565],[16.860309045326,46.079136690647],[16.957649092481,46.079136690647],[16.957649092481,46.187050359712],[16.831168831169,46.187050359712],[16.802074330164,46.187050359712],[16.802074330164,46.079136690647]]],"type":"Polygon"},"id":390,"properties":{"parentKey":"HRV:1159312551","sourceCountryId":"HRV","syntheticOperational":true,"territoryId":"territory:catalog:03194f8aef93a361ead6f53e443bac167ec4de8c45b2c98529bdc2114918a800"},"type":"Feature"},{"geometry":{"coordinates":[[[16.463414634146,46.510791366906],[16.498955987821,46.510791366906],[16.491117,46.515146],[16.481298,46.519022],[16.470756,46.520262],[16.463414634146,46.51961526707],[16.463414634146,46.510791366906]]],"type":"Polygon"},"id":391,"properties":{"parentKey":"HRV:1159312553","sourceCountryId":"HRV","syntheticOperational":true,"territoryId":"territory:catalog:7e6e61c5e491d006e8de9d6fa45c8983c32623b254a1a297e8fc411cc2a00174"},"type":"Feature"},{"geometry":{"coordinates":[[[18.107416879795,45.364193410562],[18.111587,45.367464],[18.124455,45.384259],[18.128951,45.388858],[18.162954,45.412526],[18.174271,45.418468],[18.185898,45.421362],[18.211375,45.421621],[18.231683,45.424825],[18.237574,45.426323],[18.247043937725,45.431654676259],[18.222981631781,45.431654676259],[18.107416879795,45.431654676259],[18.107416879795,45.364193410562]]],"type":"Polygon"},"id":392,"properties":{"parentKey":"HRV:1159312541","sourceCountryId":"HRV","syntheticOperational":true,"territoryId":"territory:catalog:9cbabd8691b9d2f22522c45d013904510c934c19d48cb2835987852dedb505de"},"type":"Feature"},{"geometry":{"coordinates":[[[15.92444289365,43.920863309353],[15.955056179775,43.920863309353],[15.955056179775,43.93994124664],[15.953166,43.939437],[15.944433,43.93551],[15.937146,43.931272],[15.92444289365,43.920863309353]]],"type":"Polygon"},"id":393,"properties":{"parentKey":"HRV:1159312439","sourceCountryId":"HRV","syntheticOperational":true,"territoryId":"territory:catalog:700a60e448729d0e96727c8f97080c95c8335b263a0b09c601b1f8aadcd9dd7e"},"type":"Feature"},{"geometry":{"coordinates":[[[17.021822849807,45.539568345324],[17.146518581803,45.539568345324],[17.175866495507,45.539568345324],[17.175866495507,45.647482014388],[17.135506003431,45.647482014388],[17.021822849807,45.647482014388],[17.021822849807,45.539568345324]]],"type":"Polygon"},"id":394,"properties":{"parentKey":"HRV:1159312549","sourceCountryId":"HRV","syntheticOperational":true,"territoryId":"territory:catalog:40f8d1f9c50e024c84837fa8ccdd5ca5ed46209fa310b1f97bf467ae1a50d2b2"},"type":"Feature"},{"geometry":{"coordinates":[[[16.646499567848,46.079136690647],[16.688227684347,46.079136690647],[16.802074330164,46.079136690647],[16.802074330164,46.187050359712],[16.675324675325,46.187050359712],[16.646499567848,46.187050359712],[16.646499567848,46.079136690647]]],"type":"Polygon"},"id":395,"properties":{"parentKey":"HRV:1159312551","sourceCountryId":"HRV","syntheticOperational":true,"territoryId":"territory:catalog:30a3e0e4bf189f57f3848ace8b45889dfa116603aee02c7b49370f03a70e455e"},"type":"Feature"},{"geometry":{"coordinates":[[[16.251604621309,45.539568345324],[16.377616403246,45.539568345324],[16.405648267009,45.539568345324],[16.405648267009,45.647482014388],[16.363636363636,45.647482014388],[16.296399947283,45.647482014388],[16.297331,45.642279],[16.278211,45.61303],[16.264878,45.604503],[16.251604621309,45.600689025645],[16.251604621309,45.539568345324]]],"type":"Polygon"},"id":396,"properties":{"parentKey":"HRV:1159312529","sourceCountryId":"HRV","syntheticOperational":true,"territoryId":"territory:catalog:22776e17fc294847e6d5903155d7b02f4395544fdeaea1667fe34b3c98dcd150"},"type":"Feature"},{"geometry":{"coordinates":[[[16.391489361702,45.215827338129],[16.433121019108,45.215827338129],[16.515652867337,45.215827338129],[16.528944,45.222254],[16.544680851064,45.221875778044],[16.544680851064,45.323741007194],[16.419437340153,45.323741007194],[16.391489361702,45.323741007194],[16.391489361702,45.215827338129]]],"type":"Polygon"},"id":397,"properties":{"parentKey":"HRV:1159312529","sourceCountryId":"HRV","syntheticOperational":true,"territoryId":"territory:catalog:520313c9e8128fccb9466fe3ed22256d67e3edafc9f34af307a9b806c26af53f"},"type":"Feature"},{"geometry":{"coordinates":[[[16.349547998278,45.863309352518],[16.39175257732,45.863309352518],[16.504520017219,45.863309352518],[16.504520017219,45.971223021583],[16.502928054301,45.971223021583],[16.502745,45.970993],[16.499644,45.96629],[16.495924,45.96412],[16.488792,45.960709],[16.475305,45.958125],[16.469414,45.958849],[16.466933,45.960812],[16.468794,45.966807],[16.470821498061,45.971223021583],[16.377749029754,45.971223021583],[16.349547998278,45.971223021583],[16.349547998278,45.863309352518]]],"type":"Polygon"},"id":398,"properties":{"parentKey":"HRV:1159312531","sourceCountryId":"HRV","syntheticOperational":true,"territoryId":"territory:catalog:2ce2d6a07e3947f6a14e132a7eaee22a33e29f8701f11d66c7b7e8055af1f96b"},"type":"Feature"},{"geometry":{"coordinates":[[[17.340153452685,45.38232191379],[17.354528,45.386946],[17.39158,45.387256],[17.478809,45.343331],[17.493606138107,45.33264496357],[17.493606138107,45.431654676259],[17.454079453225,45.431654676259],[17.340153452685,45.431654676259],[17.340153452685,45.38232191379]]],"type":"Polygon"},"id":399,"properties":{"parentKey":"HRV:1159312541","sourceCountryId":"HRV","syntheticOperational":true,"territoryId":"territory:catalog:156461d3bba0520c7da75b9ba7e6d95b44fdcf75efb9e4e65f9c180a6cd90d6a"},"type":"Feature"},{"geometry":{"coordinates":[[[18.216123499142,45.647482014388],[18.254172015404,45.647482014388],[18.370497427101,45.647482014388],[18.370497427101,45.755200520761],[18.370462252897,45.755232198683],[18.370280724366,45.755395683453],[18.343558224361,45.755395683453],[18.334932,45.751989],[18.317672,45.747286],[18.300516,45.751834],[18.295813945816,45.755395683453],[18.247422680412,45.755395683453],[18.216123499142,45.755395683453],[18.216123499142,45.647482014388]]],"type":"Polygon"},"id":400,"properties":{"parentKey":"HRV:1159312539","sourceCountryId":"HRV","syntheticOperational":true,"territoryId":"territory:catalog:59c4ec2a6865193769a68a471982aa655d83c0f508d0f7d2112588ee09122e98"},"type":"Feature"},{"geometry":{"coordinates":[[[15.343536681453,45.755395683453],[15.437392795883,45.755395683453],[15.463917525773,45.755395683453],[15.463917525773,45.813889815955],[15.462549,45.814207],[15.451284,45.815137],[15.440328,45.811468],[15.435574,45.802115],[15.439502,45.791676],[15.441052,45.782168],[15.429755,45.775691],[15.429063,45.775295],[15.343536681453,45.755395683453]]],"type":"Polygon"},"id":401,"properties":{"parentKey":"HRV:1159312531","sourceCountryId":"HRV","syntheticOperational":true,"territoryId":"territory:catalog:d0eefda40ac6ab9508aa564e2ee06092df0ed4a6e4f848f3862463a99464be7c"},"type":"Feature"},{"geometry":{"coordinates":[[[16.662320730117,46.402877697842],[16.735281900122,46.402877697842],[16.712395,46.412672],[16.693585,46.429622],[16.677462,46.44869],[16.662320730117,46.461594623804],[16.662320730117,46.402877697842]]],"type":"Polygon"},"id":402,"properties":{"parentKey":"HRV:1159312553","sourceCountryId":"HRV","syntheticOperational":true,"territoryId":"territory:catalog:7fec230e92b5b5fa6f1e47add232d964db8705ab22096990ae65511060f08a94"},"type":"Feature"},{"geometry":{"coordinates":[[[15.762494660402,45.539287128495],[15.779947,45.522545],[15.784029,45.520633],[15.7893,45.519857],[15.799842,45.520943],[15.812865,45.523423],[15.83207598057,45.539568345324],[15.789473684211,45.539568345324],[15.762494660402,45.539568345324],[15.762494660402,45.539287128495]]],"type":"Polygon"},"id":403,"properties":{"parentKey":"HRV:1159312531","sourceCountryId":"HRV","syntheticOperational":true,"territoryId":"territory:catalog:a65f574e2b89995d0b09b9b31af6825dfeb37ec526d266e04155934bcbdfa902"},"type":"Feature"},{"geometry":{"coordinates":[[[16.837748344371,43.597122302158],[16.877323420074,43.597122302158],[16.97195017149,43.597122302158],[16.888213391327,43.659404610378],[16.837748344371,43.696939844032],[16.837748344371,43.597122302158]]],"type":"Polygon"},"id":404,"properties":{"parentKey":"HRV:1159312433","sourceCountryId":"HRV","syntheticOperational":true,"territoryId":"territory:catalog:a4a3efa73db71756ed942163c5e08e6f2f7ae081e7f708057b81fead3680621c"},"type":"Feature"},{"geometry":{"coordinates":[[[18.376762067493,45.463804796519],[18.392604,45.468853],[18.408572,45.471798],[18.430638,45.472419],[18.44118,45.473659],[18.44397,45.475209],[18.44397,45.477431],[18.436839,45.483942],[18.433583,45.48787],[18.431413,45.492211],[18.431878,45.498205],[18.430793,45.501616],[18.427847,45.50451],[18.408262,45.513656],[18.398185,45.521201],[18.394309,45.522958],[18.390278,45.523475],[18.386868,45.52332],[18.384852,45.5227],[18.382527,45.521149],[18.380977,45.518721],[18.379581,45.514483],[18.378961,45.503476],[18.378186,45.50022],[18.376762067493,45.498321642054],[18.376762067493,45.463804796519]]],"type":"Polygon"},"id":405,"properties":{"parentKey":"HRV:1159312541","sourceCountryId":"HRV","syntheticOperational":true,"territoryId":"territory:catalog:700da6a6ac9f406363ad95ecc5096f12bc35a117eb86907280abc6a746edc3b6"},"type":"Feature"},{"geometry":{"coordinates":[[[17.589324149806,45.863309352518],[17.628865979381,45.863309352518],[17.652627057112,45.863309352518],[17.65208,45.868829],[17.646912,45.883712],[17.645775,45.891825],[17.638437,45.901334],[17.591102,45.936215],[17.589324149806,45.93677434103],[17.589324149806,45.863309352518]]],"type":"Polygon"},"id":406,"properties":{"parentKey":"HRV:1159312547","sourceCountryId":"HRV","syntheticOperational":true,"territoryId":"territory:catalog:d49d1e524dc750f3da0e18df0640cd39fc086355dc2324d37f97d5b8b3285df5"},"type":"Feature"},{"geometry":{"coordinates":[[[16.490924805532,46.079136690647],[16.53298835705,46.079136690647],[16.646499567848,46.079136690647],[16.646499567848,46.187050359712],[16.558732132404,46.187050359712],[16.500109,46.161782],[16.497009,46.158423],[16.494218,46.15124],[16.490924805532,46.146798533326],[16.490924805532,46.079136690647]]],"type":"Polygon"},"id":407,"properties":{"parentKey":"HRV:1159312551","sourceCountryId":"HRV","syntheticOperational":true,"territoryId":"territory:catalog:4db0b537bdcbe10b27cade7942d9e7db73a10661411d5a901390822c67f8d93f"},"type":"Feature"},{"geometry":{"coordinates":[[[16.688741721854,43.597122302158],[16.728624535316,43.597122302158],[16.837748344371,43.597122302158],[16.837748344371,43.696939844032],[16.833999783821,43.69972797373],[16.826863333168,43.705035971223],[16.716417910448,43.705035971223],[16.688741721854,43.705035971223],[16.688741721854,43.597122302158]]],"type":"Polygon"},"id":408,"properties":{"parentKey":"HRV:1159312433","sourceCountryId":"HRV","syntheticOperational":true,"territoryId":"territory:catalog:6e660bd2e756fa927c5505b099851233a3d49869ebd640f167767fec394bfd65"},"type":"Feature"},{"geometry":{"coordinates":[[[16.431226765799,43.51081],[16.466563,43.51081],[16.504405,43.503974],[16.509532,43.505072],[16.518565,43.509711],[16.524669,43.51081],[16.53004,43.508775],[16.532563,43.50434],[16.533458,43.499701],[16.534841,43.497138],[16.549840949875,43.489208633094],[16.552577319588,43.489208633094],[16.579925650558,43.489208633094],[16.579925650558,43.597122302158],[16.539735099338,43.597122302158],[16.431226765799,43.597122302158],[16.431226765799,43.549788460983],[16.433849,43.54975],[16.456798,43.545885],[16.473399,43.538153],[16.455903,43.528957],[16.434255,43.521877],[16.431226765799,43.521338149912],[16.431226765799,43.51081]]],"type":"Polygon"},"id":409,"properties":{"parentKey":"HRV:1159312433","sourceCountryId":"HRV","syntheticOperational":true,"territoryId":"territory:catalog:2f1b8f0662051227bac25c28479ad98de68083199ae585de7089974f33017f77"},"type":"Feature"},{"geometry":{"coordinates":[[[17.197452229299,45.152795887553],[17.197844,45.152956],[17.24549,45.155384],[17.249727,45.15988],[17.268951,45.189543],[17.307811,45.171404],[17.326518,45.165926],[17.350318471338,45.154886798848],[17.350318471338,45.215827338129],[17.310638297872,45.215827338129],[17.197452229299,45.215827338129],[17.197452229299,45.152795887553]]],"type":"Polygon"},"id":410,"properties":{"parentKey":"HRV:1159312537","sourceCountryId":"HRV","syntheticOperational":true,"territoryId":"territory:catalog:e9ac3b9148c8f8e6d106c5e01368b9fcc560b4eb9e9ebb3702534bb57a5943c5"},"type":"Feature"},{"geometry":{"coordinates":[[[14.424552429668,45.330633328247],[14.43738914623,45.326021225534],[14.443735604311,45.323741007194],[14.553191489362,45.323741007194],[14.57800511509,45.323741007194],[14.57800511509,45.431654676259],[14.532251174712,45.431654676259],[14.424552429668,45.431654676259],[14.424552429668,45.330633328247]]],"type":"Polygon"},"id":411,"properties":{"parentKey":"HRV:1159312505","sourceCountryId":"HRV","syntheticOperational":true,"territoryId":"territory:catalog:06e0dddfba71ab66925173e506e7185354e8fefb535f6220dcdbc63081b082d3"},"type":"Feature"},{"geometry":{"coordinates":[[[17.562358704005,42.73381294964],[17.581805235496,42.72972090285],[17.670061099796,42.711149615402],[17.670061099796,42.73381294964],[17.562358704005,42.73381294964]]],"type":"Polygon"},"id":412,"properties":{"parentKey":"HRV:1159312431","sourceCountryId":"HRV","syntheticOperational":true,"territoryId":"territory:catalog:13766778cc328662137ea78360ac49a84fa7502163d864d91b15acb4f9daf80d"},"type":"Feature"},{"geometry":{"coordinates":[[[16.861133935908,43.165467625899],[16.869160917349,43.165467625899],[16.864431,43.16885],[16.861133935908,43.167531255392],[16.861133935908,43.165467625899]]],"type":"Polygon"},"id":413,"properties":{"parentKey":"HRV:1159312433","sourceCountryId":"HRV","syntheticOperational":true,"territoryId":"territory:catalog:da6629b44b7f4c03297b38d9836501de176f81e192f210f849633e07315e5f58"},"type":"Feature"},{"geometry":{"coordinates":[[[16.802989,42.763495],[16.809825,42.763495],[16.817625458996,42.768555410685],[16.817625458996,42.777654714939],[16.810232,42.775336],[16.802989,42.763495]]],"type":"Polygon"},"id":414,"properties":{"parentKey":"HRV:1159312431","sourceCountryId":"HRV","syntheticOperational":true,"territoryId":"territory:catalog:6ef286cb4f722a746136e059a21ae4cacd98fdda64ea98fea960b736f4391f7e"},"type":"Feature"},{"geometry":{"coordinates":[[[15.160991753493,45.107913669065],[15.184400169563,45.107913669065],[15.210191082803,45.107913669065],[15.210191082803,45.109434367909],[15.207527,45.111769],[15.202721,45.116781],[15.199155,45.121277],[15.194194,45.125773],[15.190319,45.126858],[15.184272,45.124119],[15.160991753493,45.107913669065]]],"type":"Polygon"},"id":415,"properties":{"parentKey":"HRV:1159312507","sourceCountryId":"HRV","syntheticOperational":true,"territoryId":"territory:catalog:e380093715ab2d9987aaebc26d2ee094e06ce236ffa0497d22245b0be6aacc38"},"type":"Feature"},{"geometry":{"coordinates":[[[16.068796068796,43.016006974564],[16.087169,43.011461],[16.121349,43.013373],[16.210297,43.033271],[16.216216216216,43.036830566476],[16.216216216216,43.057553956835],[16.095159967186,43.057553956835],[16.068796068796,43.057553956835],[16.068796068796,43.0515],[16.069347,43.0515],[16.079112,43.05329],[16.087087,43.041409],[16.084483,43.025946],[16.068796068796,43.019659014064],[16.068796068796,43.016006974564]]],"type":"Polygon"},"id":416,"properties":{"parentKey":"HRV:1159312433","sourceCountryId":"HRV","syntheticOperational":true,"territoryId":"territory:catalog:23f885760afac49a50ba42ce52049ce26463cd339b1555f680caaad8aa7037d3"},"type":"Feature"},{"geometry":{"coordinates":[[[18.96100388925,45.539568345324],[18.991883810337,45.539568345324],[19.024390243902,45.539568345324],[19.024390243902,45.564074453305],[19.018095,45.567401],[19.009206,45.565489],[19.000628,45.561199],[18.983161,45.55474],[18.973136,45.546265],[18.96100388925,45.539568345324]]],"type":"Polygon"},"id":417,"properties":{"parentKey":"HRV:1159312539","sourceCountryId":"HRV","syntheticOperational":true,"territoryId":"territory:catalog:a4664c0876384ce7cd23d14b7d46c01d0bde7f3ffd891280b1de5a5969a70865"},"type":"Feature"},{"geometry":{"coordinates":[[[16.008350730689,44.136690647482],[16.131721550646,44.136690647482],[16.15866388309,44.136690647482],[16.15866388309,44.244604316547],[16.117154811715,44.244604316547],[16.008350730689,44.244604316547],[16.008350730689,44.136690647482]]],"type":"Polygon"},"id":418,"properties":{"parentKey":"HRV:1159312443","sourceCountryId":"HRV","syntheticOperational":true,"territoryId":"territory:catalog:0834f8c80687737de2f7f1303cf95c5fa36eb178438e64ac8b4787e641e01b9f"},"type":"Feature"},{"geometry":{"coordinates":[[[16.063162,43.017401],[16.068796068796,43.016006974564],[16.068796068796,43.019659014064],[16.063162,43.017401]]],"type":"Polygon"},"id":419,"properties":{"parentKey":"HRV:1159312433","sourceCountryId":"HRV","syntheticOperational":true,"territoryId":"territory:catalog:a8d1fb06d75b1debee81331e00178f247ed2b066fda417d10f1138b9ddb69e9f"},"type":"Feature"},{"geometry":{"coordinates":[[[17.316316729459,45.755395683453],[17.320525,45.75235],[17.321765,45.750541],[17.323625,45.750541],[17.353287,45.75483],[17.357938,45.75359],[17.362279,45.750283],[17.365845,45.742428],[17.367085,45.73695],[17.36631,45.732248],[17.361039,45.72491],[17.359644,45.721396],[17.362279,45.717623],[17.36631,45.713696],[17.385223,45.702534],[17.397316,45.702844],[17.402277,45.705221],[17.410855,45.711319],[17.416126,45.713644],[17.422637,45.71814],[17.426358,45.718967],[17.432249,45.718605],[17.441241,45.716538],[17.444253859348,45.71537304845],[17.444253859348,45.755395683453],[17.319587628866,45.755395683453],[17.316316729459,45.755395683453]]],"type":"Polygon"},"id":420,"properties":{"parentKey":"HRV:1159312547","sourceCountryId":"HRV","syntheticOperational":true,"territoryId":"territory:catalog:b874b8c702d2916c15f94633c7f5bc2c0d076f816b76af7f2966fe8678abe941"},"type":"Feature"},{"geometry":{"coordinates":[[[17.345329,43.14486],[17.345949,43.141966],[17.34843,43.139899],[17.353391,43.138711],[17.364915,43.137729],[17.370496,43.135869],[17.375147,43.132096],[17.378867,43.1276],[17.383983,43.11866],[17.386929,43.114888],[17.391735,43.111477],[17.402122,43.106103],[17.405584,43.103726],[17.406307,43.100522],[17.400261,43.096801],[17.393595,43.094114],[17.365535,43.079335],[17.365369212768,43.079247112793],[17.37086,43.073879],[17.395437655584,43.057553956835],[17.395577395577,43.057553956835],[17.414100974484,43.057553956835],[17.4162381864,43.058908928378],[17.424118129614,43.06390473564],[17.424118129614,43.140134200935],[17.419227,43.139744],[17.411785,43.140209],[17.406307,43.14176],[17.402277,43.144292],[17.398556,43.148168],[17.39592,43.149408],[17.391115,43.1507],[17.370341,43.153077],[17.353081,43.156849],[17.34936,43.156229],[17.347086,43.153749],[17.345329,43.14486]]],"type":"Polygon"},"id":421,"properties":{"parentKey":"HRV:1159312431","sourceCountryId":"HRV","syntheticOperational":true,"territoryId":"territory:catalog:87fef264ef946e3745df769c259216f6554d59700142b20b3663a48789105ce2"},"type":"Feature"},{"geometry":{"coordinates":[[[16.04577,45.589156],[16.047011,45.583833],[16.049491,45.581042],[16.053367,45.57944],[16.0621,45.577218],[16.066751,45.574635],[16.068921,45.571172],[16.069231,45.563834],[16.070317,45.559855],[16.072797,45.556444],[16.076518,45.553602],[16.093571,45.54399],[16.09756097561,45.540455170139],[16.09756097561,45.603327577926],[16.092796,45.600628],[16.085509,45.598251],[16.075898,45.59732],[16.054297,45.599129],[16.049181,45.597475],[16.04639,45.594013],[16.04577,45.589156]]],"type":"Polygon"},"id":422,"properties":{"parentKey":"HRV:1159312529","sourceCountryId":"HRV","syntheticOperational":true,"territoryId":"territory:catalog:e7eed16ce039333acd84af0e8a156373bbf9881dc2d8cd2213eadfef0b60d631"},"type":"Feature"},{"geometry":{"coordinates":[[[17.953964194373,45.323741007194],[18.076595744681,45.323741007194],[18.103070990006,45.323741007194],[18.101665,45.327828],[18.09934,45.332685],[18.096705,45.336561],[18.093914,45.33899],[18.085232,45.342607],[18.076964,45.345139],[18.075724,45.34824],[18.075879,45.350565],[18.078101,45.352581],[18.080581,45.354648],[18.083372,45.356353],[18.086628,45.358007],[18.090038,45.359299],[18.094069,45.360281],[18.101045,45.361211],[18.106316,45.36333],[18.107416879795,45.364193410562],[18.107416879795,45.431654676259],[18.06920119607,45.431654676259],[17.953964194373,45.431654676259],[17.953964194373,45.323741007194]]],"type":"Polygon"},"id":423,"properties":{"parentKey":"HRV:1159312541","sourceCountryId":"HRV","syntheticOperational":true,"territoryId":"territory:catalog:10c8f976a93a7292277fd4843a0674972bbb0df1d4d5e7aa8b26279effcace0c"},"type":"Feature"},{"geometry":{"coordinates":[[[15.353929000638,44.028776978417],[15.355805243446,44.027388432803],[15.355805243446,44.028776978417],[15.353929000638,44.028776978417]]],"type":"Polygon"},"id":424,"properties":{"parentKey":"HRV:1159312443","sourceCountryId":"HRV","syntheticOperational":true,"territoryId":"territory:catalog:d27e732eacfe80ccdc006443261b9f2683ab9bcd0fa619b804ca85c4189a6af2"},"type":"Feature"},{"geometry":{"coordinates":[[[15.701643489254,44.676258992806],[15.826672275978,44.676258992806],[15.853350189633,44.676258992806],[15.853350189633,44.70283559559],[15.847849,44.70151],[15.829969,44.700528],[15.820357,44.698255],[15.805681,44.696653],[15.796999,44.703267],[15.790488,44.713396],[15.78284,44.722594],[15.759275,44.73417],[15.753694,44.739286],[15.728476,44.769103],[15.718788298232,44.78417266187],[15.701643489254,44.78417266187],[15.701643489254,44.676258992806]]],"type":"Polygon"},"id":425,"properties":{"parentKey":"HRV:1159312443","sourceCountryId":"HRV","syntheticOperational":true,"territoryId":"territory:catalog:a8f75ee04688b6b4932dbc4c31329208cff006c9b4c301fb47a2f1562e262176"},"type":"Feature"},{"geometry":{"coordinates":[[[15.762201514187,45.539568345324],[15.762494660402,45.539287128495],[15.762494660402,45.539568345324],[15.762201514187,45.539568345324]]],"type":"Polygon"},"id":426,"properties":{"parentKey":"HRV:1159312531","sourceCountryId":"HRV","syntheticOperational":true,"territoryId":"territory:catalog:479db8817815abab4806186f351968d0069ab11f014927b0ab0584731ce5bcd5"},"type":"Feature"},{"geometry":{"coordinates":[[[16.518010291595,45.713218132295],[16.520935,45.712456],[16.532252,45.706254],[16.540779,45.702844],[16.551941,45.700983],[16.564705,45.697314],[16.587184,45.685015],[16.602377,45.671218],[16.611679,45.66512],[16.616795,45.662846],[16.63545,45.663001],[16.656069,45.659746],[16.672384219554,45.654348903521],[16.672384219554,45.755395683453],[16.546391752577,45.755395683453],[16.518010291595,45.755395683453],[16.518010291595,45.713218132295]]],"type":"Polygon"},"id":427,"properties":{"parentKey":"HRV:1159312549","sourceCountryId":"HRV","syntheticOperational":true,"territoryId":"territory:catalog:ad4e1b8b675797a3742d86b0da732f9f92f4656a3c63642ea2c8d51357b90b2e"},"type":"Feature"},{"geometry":{"coordinates":[[[15.642221280203,45],[15.685279187817,45],[15.764785132195,45],[15.755555,45.023558],[15.755968,45.042213],[15.779429,45.085363],[15.78377,45.100917],[15.783331537201,45.107913669065],[15.668789808917,45.107913669065],[15.642221280203,45.107913669065],[15.642221280203,45]]],"type":"Polygon"},"id":428,"properties":{"parentKey":"HRV:1159312525","sourceCountryId":"HRV","syntheticOperational":true,"territoryId":"territory:catalog:5c0ba8284e483bd9e80acc0715a8e381055f16fb7064272190724856c1a1ed7d"},"type":"Feature"},{"geometry":{"coordinates":[[[17.661488143908,42.841726618705],[17.698898408813,42.841726618705],[17.7287061073,42.841726618705],[17.715994,42.844184],[17.673676,42.875067],[17.661488143908,42.87365294392],[17.661488143908,42.841726618705]]],"type":"Polygon"},"id":429,"properties":{"parentKey":"HRV:1159312431","sourceCountryId":"HRV","syntheticOperational":true,"territoryId":"territory:catalog:543c5cc0297f337c9e3a0bc6a76b884c429b5cb920e6108389ddcbe996004f6e"},"type":"Feature"},{"geometry":{"coordinates":[[[16.164859002169,46.294964028777],[16.207792207792,46.294964028777],[16.321041214751,46.294964028777],[16.321041214751,46.367379492933],[16.31826,46.368695],[16.298106,46.370193],[16.281622,46.3781],[16.279936,46.378661],[16.280277,46.376214],[16.275626,46.373165],[16.252785,46.373424],[16.217129,46.367352],[16.208654,46.367093],[16.191807,46.369781],[16.177544,46.375594],[16.164859002169,46.383973600477],[16.164859002169,46.294964028777]]],"type":"Polygon"},"id":430,"properties":{"parentKey":"HRV:1159312555","sourceCountryId":"HRV","syntheticOperational":true,"territoryId":"territory:catalog:4d374a0578aa1d4a02b8039d7dd74eab6578c4d5676c7d0f3399c4e673df5a31"},"type":"Feature"},{"geometry":{"coordinates":[[[16.253330985758,46.079136690647],[16.255887,46.061065],[16.27139,46.043081],[16.274335,46.038999],[16.278676,46.026338],[16.281622,46.022204],[16.285239,46.018432],[16.290975,46.014246],[16.293765,46.012799],[16.300432,46.012592],[16.311904,46.013626],[16.328492,46.020085],[16.35924,46.024633],[16.352728,46.042358],[16.355364,46.078686],[16.355266970887,46.079136690647],[16.335350043215,46.079136690647],[16.253330985758,46.079136690647]]],"type":"Polygon"},"id":431,"properties":{"parentKey":"HRV:1159312555","sourceCountryId":"HRV","syntheticOperational":true,"territoryId":"territory:catalog:5ffd7155bd17e1e8f6f3e54dc086dd818c87607a8ff1e073e3b530a7e5676f97"},"type":"Feature"},{"geometry":{"coordinates":[[[14.27768,45.127997],[14.278494,45.113349],[14.282453401296,45.107913669065],[14.292993630573,45.107913669065],[14.292993630573,45.154251500004],[14.288585,45.14883],[14.27768,45.127997]]],"type":"Polygon"},"id":432,"properties":{"parentKey":"HRV:1159312505","sourceCountryId":"HRV","syntheticOperational":true,"territoryId":"territory:catalog:46966a9e5afdf2286f5d675c7247f363eb652cb8ee303cb139723774ebe282fa"},"type":"Feature"},{"geometry":{"coordinates":[[[17.08166488729,45.215827338129],[17.082968,45.211918],[17.087309,45.207628],[17.097231,45.203029],[17.110563,45.192901],[17.124464,45.169336],[17.124628,45.169058],[17.187095,45.148563],[17.197452229299,45.152795887553],[17.197452229299,45.215827338129],[17.157446808511,45.215827338129],[17.08166488729,45.215827338129]]],"type":"Polygon"},"id":433,"properties":{"parentKey":"HRV:1159312537","sourceCountryId":"HRV","syntheticOperational":true,"territoryId":"territory:catalog:804e35a5b0aef1361f1880e87e0fe9337076aaa659cfb062b990c7c66ba421c1"},"type":"Feature"},{"geometry":{"coordinates":[[[15.081283868278,44.126960566999],[15.087087,44.123725],[15.121837,44.092231],[15.148774,44.076361],[15.169688,44.058661],[15.189138,44.047797],[15.199067,44.058824],[15.201427,44.054999],[15.20338,44.052476],[15.205333,44.04975],[15.206554,44.045233],[15.212738,44.045233],[15.223318,44.050279],[15.231346394331,44.04236001855],[15.231346394331,44.061111672166],[15.225759,44.06623],[15.10556883062,44.136690647482],[15.081283868278,44.136690647482],[15.081283868278,44.126960566999]]],"type":"Polygon"},"id":434,"properties":{"parentKey":"HRV:1159312443","sourceCountryId":"HRV","syntheticOperational":true,"territoryId":"territory:catalog:c17ca95f2a14204680a2ce97fa3aaf02af8812571a5d425d93bf998ca1e8e7c7"},"type":"Feature"},{"geometry":{"coordinates":[[[15.81589958159,44.244604316547],[15.858037578288,44.244604316547],[15.966527196653,44.244604316547],[15.966527196653,44.352517985612],[15.842414082146,44.352517985612],[15.81589958159,44.352517985612],[15.81589958159,44.244604316547]]],"type":"Polygon"},"id":435,"properties":{"parentKey":"HRV:1159312443","sourceCountryId":"HRV","syntheticOperational":true,"territoryId":"territory:catalog:600c9fe9453a742d90b1d971fd4b29fc1a0c59952f82b00eaded1a04e321b872"},"type":"Feature"},{"geometry":{"coordinates":[[[16.051948051948,46.187050359712],[16.179775280899,46.187050359712],[16.207792207792,46.187050359712],[16.207792207792,46.206855994779],[16.207001,46.207774],[16.200645,46.21227],[16.194908,46.212425],[16.187932,46.20979],[16.182971,46.205449],[16.174755,46.196147],[16.169794,46.191961],[16.163851,46.189222],[16.158115,46.187569],[16.139821,46.187879],[16.125404,46.192116],[16.11636,46.19284],[16.108919,46.192685],[16.094656,46.190204],[16.079153,46.189429],[16.064581,46.190049],[16.057449,46.189429],[16.051948051948,46.188338135521],[16.051948051948,46.187050359712]]],"type":"Polygon"},"id":436,"properties":{"parentKey":"HRV:1159312523","sourceCountryId":"HRV","syntheticOperational":true,"territoryId":"territory:catalog:a833dca1544636bb8a171386519381185848329567e01e35dfb3a528c62a9d41"},"type":"Feature"},{"geometry":{"coordinates":[[[19.003378378378,44.863279784177],[19.004969,44.863309],[19.015821,44.865635],[19.003378378378,44.88253365213],[19.003378378378,44.863279784177]]],"type":"Polygon"},"id":437,"properties":{"parentKey":"HRV:1159312543","sourceCountryId":"HRV","syntheticOperational":true,"territoryId":"territory:catalog:f916d99eafd48a74a0503d7462ab7d307cc1aa43c5ae7617b32c8ddd649b1e9b"},"type":"Feature"},{"geometry":{"coordinates":[[[17.906234,45.792141],[17.906432,45.791417],[17.91377,45.772659],[17.923227,45.75607],[17.923745180238,45.755395683453],[17.938144329897,45.755395683453],[17.938144329897,45.792141],[17.906234,45.792141]]],"type":"Polygon"},"id":438,"properties":{"parentKey":"HRV:1159312539","sourceCountryId":"HRV","syntheticOperational":true,"territoryId":"territory:catalog:07353e8c598368f2e2338498ea69a3267a3bd329479e952b70b0bd34bb17c2fa"},"type":"Feature"},{"geometry":{"coordinates":[[[15.35472972973,44.78417266187],[15.398230088496,44.78417266187],[15.506756756757,44.78417266187],[15.506756756757,44.892086330935],[15.380710659898,44.892086330935],[15.35472972973,44.892086330935],[15.35472972973,44.78417266187]]],"type":"Polygon"},"id":439,"properties":{"parentKey":"HRV:1159312507","sourceCountryId":"HRV","syntheticOperational":true,"territoryId":"territory:catalog:7a1e4500a99fe73da24e79051d5f7542fe8a727fd91af774548af30eb66686a0"},"type":"Feature"},{"geometry":{"coordinates":[[[16.544680851064,45.221875778044],[16.587028,45.220858],[16.610888678799,45.215827338129],[16.697872340426,45.215827338129],[16.697872340426,45.323741007194],[16.572890025575,45.323741007194],[16.544680851064,45.323741007194],[16.544680851064,45.221875778044]]],"type":"Polygon"},"id":440,"properties":{"parentKey":"HRV:1159312529","sourceCountryId":"HRV","syntheticOperational":true,"territoryId":"territory:catalog:0f165c3aa2cbc3365a03d4c67959670d1f67cb2feae38d5cc85fc1c645d73fc6"},"type":"Feature"},{"geometry":{"coordinates":[[[18.684322938915,45.431654676259],[18.721227621483,45.431654676259],[18.803173,45.431654676259],[18.803173,45.434591],[18.802088,45.441774],[18.800538,45.4441],[18.798677,45.446167],[18.790926,45.45273],[18.7886,45.455365],[18.78798,45.457794],[18.78829,45.460275],[18.790616,45.462342],[18.796352,45.463685],[18.824464,45.466992],[18.83361,45.469576],[18.838103374626,45.471522742602],[18.838103374626,45.539568345324],[18.716302952503,45.539568345324],[18.684322938915,45.539568345324],[18.684322938915,45.431654676259]]],"type":"Polygon"},"id":441,"properties":{"parentKey":"HRV:1159312539","sourceCountryId":"HRV","syntheticOperational":true,"territoryId":"territory:catalog:4bd63e2c4c40c8264cdb2e9899c3e4969a6e6783e8880dd713e9ee336fee9d19"},"type":"Feature"},{"geometry":{"coordinates":[[[16.039603960396,45.938876291607],[16.091091,45.958229],[16.109849,45.962001],[16.121683,45.969391],[16.136256,45.970373],[16.139435302892,45.971223021583],[16.067270375162,45.971223021583],[16.039603960396,45.971223021583],[16.039603960396,45.938876291607]]],"type":"Polygon"},"id":442,"properties":{"parentKey":"HRV:1159312523","sourceCountryId":"HRV","syntheticOperational":true,"territoryId":"territory:catalog:2b75eb69c033969f229219a973aec8153c4aae4719063404d1a3ab9eb0b64f5c"},"type":"Feature"},{"geometry":{"coordinates":[[[14.553191489362,45.290885772396],[14.555431,45.295885],[14.553191489362,45.297147988041],[14.553191489362,45.290885772396]]],"type":"Polygon"},"id":443,"properties":{"parentKey":"HRV:1159312505","sourceCountryId":"HRV","syntheticOperational":true,"territoryId":"territory:catalog:7cc4f0cc31bc027e8339cfe714d586b0a2b19385f59539eee97279ca15f7d779"},"type":"Feature"},{"geometry":{"coordinates":[[[15.463917525773,45.755395683453],[15.591766723842,45.755395683453],[15.618556701031,45.755395683453],[15.618556701031,45.82001204315],[15.587296,45.81922],[15.549748,45.823693],[15.523527,45.826816],[15.513916,45.823406],[15.495312,45.812657],[15.48539,45.810176],[15.473918,45.811572],[15.463917525773,45.813889815955],[15.463917525773,45.755395683453]]],"type":"Polygon"},"id":444,"properties":{"parentKey":"HRV:1159312531","sourceCountryId":"HRV","syntheticOperational":true,"territoryId":"territory:catalog:1af06fb85e88f56b0d36c9c0df4259b5665128636dbd7ec70fbbfd81ad4692ad"},"type":"Feature"},{"geometry":{"coordinates":[[[17.164948453608,45.858250749232],[17.27722,45.803303],[17.279235,45.79798],[17.279235,45.793588],[17.278305,45.785888],[17.27877,45.782529],[17.282956,45.777258],[17.290397,45.771005],[17.305642,45.764545],[17.315099,45.756277],[17.316316729459,45.755395683453],[17.319587628866,45.755395683453],[17.319587628866,45.863309352518],[17.279380111924,45.863309352518],[17.164948453608,45.863309352518],[17.164948453608,45.858250749232]]],"type":"Polygon"},"id":445,"properties":{"parentKey":"HRV:1159312547","sourceCountryId":"HRV","syntheticOperational":true,"territoryId":"territory:catalog:b9a513a269340acb3798a86c5d4059d473747f0e8633da639e7ea4b8761049d5"},"type":"Feature"},{"geometry":{"coordinates":[[[15.996677740864,43.812949640288],[16.119402985075,43.812949640288],[16.146179401993,43.812949640288],[16.146179401993,43.920863309353],[16.104868913858,43.920863309353],[15.996677740864,43.920863309353],[15.996677740864,43.812949640288]]],"type":"Polygon"},"id":446,"properties":{"parentKey":"HRV:1159312439","sourceCountryId":"HRV","syntheticOperational":true,"territoryId":"territory:catalog:6f81bd91525bb1f45926f92d969608eef8f3a29a7a6a660c1c1482fcbd2edb00"},"type":"Feature"},{"geometry":{"coordinates":[[[17.617021276596,45.215827338129],[17.656050955414,45.215827338129],[17.719858592372,45.215827338129],[17.719312,45.216775],[17.705979,45.232795],[17.704894,45.234862],[17.704739,45.236774],[17.706134,45.242613],[17.706444,45.245921],[17.706134,45.248815],[17.705824,45.250468],[17.705204,45.252432],[17.703033,45.256618],[17.701638,45.258736],[17.696832,45.261217],[17.687841,45.264111],[17.66686,45.268193],[17.651977,45.268452],[17.621695,45.266333],[17.617021276596,45.266881240624],[17.617021276596,45.215827338129]]],"type":"Polygon"},"id":447,"properties":{"parentKey":"HRV:1159312537","sourceCountryId":"HRV","syntheticOperational":true,"territoryId":"territory:catalog:cc79093ae1d01d641b30a9a5edf4f9141c9b64ba3818307e7e1f922f9e5a1caf"},"type":"Feature"},{"geometry":{"coordinates":[[[13.834394904459,45.107913669065],[13.963543874523,45.107913669065],[13.987261146497,45.107913669065],[13.987261146497,45.215827338129],[13.940425531915,45.215827338129],[13.834394904459,45.215827338129],[13.834394904459,45.107913669065]]],"type":"Polygon"},"id":448,"properties":{"parentKey":"HRV:1159312535","sourceCountryId":"HRV","syntheticOperational":true,"territoryId":"territory:catalog:bd8d347a07d6b45e11dfda278482631bf14fcbd100a56828e54900f5f5d1a7f0"},"type":"Feature"},{"geometry":{"coordinates":[[[17.9633401222,42.727930319712],[18.003266,42.70067],[18.028331,42.691311],[18.043224,42.702053],[18.047862,42.690619],[18.055919,42.68301],[18.077322,42.667914],[18.057384,42.667914],[18.063975,42.65762],[18.07602,42.651313],[18.091645,42.648261],[18.108653,42.647406],[18.109979633401,42.647176061133],[18.109979633401,42.68469425528],[18.049368,42.714758],[18.009264538843,42.73381294964],[17.992656058752,42.73381294964],[17.9633401222,42.73381294964],[17.9633401222,42.727930319712]]],"type":"Polygon"},"id":449,"properties":{"parentKey":"HRV:1159312431","sourceCountryId":"HRV","syntheticOperational":true,"territoryId":"territory:catalog:765b0490aef616302e5b48e46a86374549eed09d96a7705f8df367ff00a80954"},"type":"Feature"},{"geometry":{"coordinates":[[[14.439311213776,44.538077545768],[14.451915,44.531887],[14.485037,44.500637],[14.511974,44.482245],[14.534353,44.484076],[14.526622,44.50373],[14.445567,44.565985],[14.44316829756,44.568345323741],[14.439311213776,44.568345323741],[14.439311213776,44.563427767403],[14.466075,44.538642],[14.459239,44.541164],[14.439311213776,44.545242781125],[14.439311213776,44.538077545768]]],"type":"Polygon"},"id":450,"properties":{"parentKey":"HRV:1159312505","sourceCountryId":"HRV","syntheticOperational":true,"territoryId":"territory:catalog:798915d031fed2cef9cf45638d34bcef1c73171c914f901052f1d70a8a8c9fa6"},"type":"Feature"},{"geometry":{"coordinates":[[[14.733653,44.703192],[14.743663,44.680487],[14.747111583259,44.676258992806],[14.766512410602,44.676258992806],[14.771804993854,44.676258992806],[14.741222,44.701606],[14.738129,44.703111],[14.733653,44.703192]]],"type":"Polygon"},"id":451,"properties":{"parentKey":"HRV:1159312507","sourceCountryId":"HRV","syntheticOperational":true,"territoryId":"territory:catalog:3233b2ad489fd8ef9c344dcf81cdc2117dd4da4f3d931bd01aec4d02287056e1"},"type":"Feature"},{"geometry":{"coordinates":[[[15.60871422469,45.431654676259],[15.652173913043,45.431654676259],[15.762494660402,45.431654676259],[15.762494660402,45.539287128495],[15.762201514187,45.539568345324],[15.635430038511,45.539568345324],[15.60871422469,45.539568345324],[15.60871422469,45.431654676259]]],"type":"Polygon"},"id":452,"properties":{"parentKey":"HRV:1159312525","sourceCountryId":"HRV","syntheticOperational":true,"territoryId":"territory:catalog:49710deb70528c4afe322cbba05243b09d5af3a7c5d1d19a2ff354463117790e"},"type":"Feature"},{"geometry":{"coordinates":[[[17.653331,42.890937],[17.661488143908,42.887224505218],[17.661488143908,42.900146323528],[17.653331,42.890937]]],"type":"Polygon"},"id":453,"properties":{"parentKey":"HRV:1159312431","sourceCountryId":"HRV","syntheticOperational":true,"territoryId":"territory:catalog:bf6fa9aba484f517850b9f5afa33291ca98041728174533068e88b6c38b4101a"},"type":"Feature"},{"geometry":{"coordinates":[[[15.729659922514,45.863309352518],[15.7708,45.863309352518],[15.7708,45.864384],[15.77142,45.867537],[15.774521,45.869345],[15.781394,45.871722],[15.806353,45.874823],[15.81426,45.877975],[15.819531,45.885262],[15.820461,45.892031],[15.819376,45.899059],[15.817515,45.905054],[15.81674,45.91017],[15.820616,45.913684],[15.828678,45.915544],[15.847023,45.91482],[15.86144,45.915441],[15.884631941455,45.919026406008],[15.884631941455,45.965751630474],[15.857566151224,45.971223021583],[15.784784902214,45.971223021583],[15.784339,45.970993],[15.763669,45.968306],[15.729659922514,45.970168819638],[15.729659922514,45.863309352518]]],"type":"Polygon"},"id":454,"properties":{"parentKey":"HRV:1159312531","sourceCountryId":"HRV","syntheticOperational":true,"territoryId":"territory:catalog:11d71974189031275dadef6decf7c46018a832020b6c7fb05cb8c8499cfc8b66"},"type":"Feature"},{"geometry":{"coordinates":[[[15.80008399832,44.460431654676],[15.842414082146,44.460431654676],[15.951280974381,44.460431654676],[15.951280974381,44.568345323741],[15.826672275978,44.568345323741],[15.80008399832,44.568345323741],[15.80008399832,44.460431654676]]],"type":"Polygon"},"id":455,"properties":{"parentKey":"HRV:1159312443","sourceCountryId":"HRV","syntheticOperational":true,"territoryId":"territory:catalog:9377cb57069fa50f37bcd979ae03beed2f7b2bfcc421d2c39e58082703fde59a"},"type":"Feature"},{"geometry":{"coordinates":[[[14.894213308828,44.892086330935],[14.898648648649,44.892086330935],[14.92385786802,44.892086330935],[14.92385786802,45],[14.903013493403,45],[14.914317,44.981431],[14.921641,44.958808],[14.914887,44.939927],[14.905284,44.924628],[14.894213308828,44.892086330935]]],"type":"Polygon"},"id":456,"properties":{"parentKey":"HRV:1159312507","sourceCountryId":"HRV","syntheticOperational":true,"territoryId":"territory:catalog:1cf202b5a79db68ea59a4fd1b3e99f9d43cb449abd936c94c988282fb4714fe0"},"type":"Feature"},{"geometry":{"coordinates":[[[15.853350189633,44.676258992806],[15.948658971105,44.676258992806],[15.948101,44.678101],[15.937352,44.688953],[15.929808,44.68947],[15.921539,44.686111],[15.913064,44.684509],[15.905416,44.690141],[15.902006,44.698823],[15.899318,44.70921],[15.895598,44.718564],[15.888776,44.724248],[15.876271,44.724816],[15.869243,44.718564],[15.863868,44.709985],[15.856427,44.703577],[15.853350189633,44.70283559559],[15.853350189633,44.676258992806]]],"type":"Polygon"},"id":457,"properties":{"parentKey":"HRV:1159312443","sourceCountryId":"HRV","syntheticOperational":true,"territoryId":"territory:catalog:e8eec87bc6c4dac251dea40e9cf0416f468b46a42418654581d2a8623b1ee7e6"},"type":"Feature"},{"geometry":{"coordinates":[[[16.688227684347,45.971223021583],[16.694775514267,45.971223021583],[16.697203,45.98107],[16.710846,46.00143],[16.719218,46.018742],[16.731,46.033366],[16.741128,46.045717],[16.758027,46.052952],[16.776165,46.058378],[16.784071,46.058688],[16.790118,46.055794],[16.79358,46.050626],[16.800866,46.046079],[16.805207,46.046389],[16.808618,46.048456],[16.811408,46.050678],[16.820865,46.056259],[16.824896,46.059566],[16.826911,46.062253],[16.830632,46.072744],[16.834663,46.078376],[16.836005174582,46.079136690647],[16.802074330164,46.079136690647],[16.688227684347,46.079136690647],[16.688227684347,45.971223021583]]],"type":"Polygon"},"id":458,"properties":{"parentKey":"HRV:1159312551","sourceCountryId":"HRV","syntheticOperational":true,"territoryId":"territory:catalog:3f6083e7f30b32e17d514a952b0e9af31933b38b77a88ee571e259743f878837"},"type":"Feature"},{"geometry":{"coordinates":[[[13.657289002558,45.323741007194],[13.787234042553,45.323741007194],[13.81074168798,45.323741007194],[13.81074168798,45.431654676259],[13.763348996155,45.431654676259],[13.657289002558,45.431654676259],[13.657289002558,45.323741007194]]],"type":"Polygon"},"id":459,"properties":{"parentKey":"HRV:1159312535","sourceCountryId":"HRV","syntheticOperational":true,"territoryId":"territory:catalog:1fecd4e7ec156470c9f0cdcbf56637738263974c6cee8b73d2726b0d3d22e700"},"type":"Feature"},{"geometry":{"coordinates":[[[17.444253859348,45.647482014388],[17.469435242605,45.647482014388],[17.491987,45.675145],[17.492917,45.688323],[17.489817,45.693025],[17.448992,45.713541],[17.444253859348,45.71537304845],[17.444253859348,45.647482014388]]],"type":"Polygon"},"id":460,"properties":{"parentKey":"HRV:1159312549","sourceCountryId":"HRV","syntheticOperational":true,"territoryId":"territory:catalog:b2601db3ce043841973f0207e08849cce718c03e798dc38156326865afe33c7a"},"type":"Feature"},{"geometry":{"coordinates":[[[16.83895771038,45.4922935742],[16.843241,45.489058],[16.851303,45.484614],[16.858899,45.482599],[16.867581,45.481772],[16.887579,45.482547],[16.894711,45.480325],[16.898638,45.476501],[16.903702,45.469421],[16.90701,45.467664],[16.912281,45.468543],[16.929179,45.475881],[16.925923,45.483942],[16.927164,45.493347],[16.927319,45.497792],[16.927629,45.500065],[16.927629,45.503114],[16.930419,45.5181],[16.940673092661,45.539568345324],[16.867779204108,45.539568345324],[16.85461242989,45.539568345324],[16.86231,45.532415],[16.867271,45.526524],[16.868666,45.522803],[16.850992,45.510039],[16.846342,45.509729],[16.842931,45.509884],[16.839934,45.510659],[16.83895771038,45.510767543256],[16.83895771038,45.4922935742]]],"type":"Polygon"},"id":461,"properties":{"parentKey":"HRV:1159312549","sourceCountryId":"HRV","syntheticOperational":true,"territoryId":"territory:catalog:8dab9aeef52abfb5915a299516b6b518f2bc6fb69768f151c60bdeebe64c2e7d"},"type":"Feature"},{"geometry":{"coordinates":[[[15.069415229281,44.568345323741],[15.195296094078,44.568345323741],[15.22086663862,44.568345323741],[15.22086663862,44.676258992806],[15.094816687737,44.676258992806],[15.069415229281,44.676258992806],[15.069415229281,44.568345323741]]],"type":"Polygon"},"id":462,"properties":{"parentKey":"HRV:1159312507","sourceCountryId":"HRV","syntheticOperational":true,"territoryId":"territory:catalog:7f59c0deecd01ca219000f207dacd14fd325c79be96b4746db76fd8b8cebb0ac"},"type":"Feature"},{"geometry":{"coordinates":[[[14.8838,44.723619],[14.901378,44.690172],[14.913830723359,44.676258992806],[14.917963819941,44.676258992806],[14.943109987358,44.676258992806],[14.943109987358,44.78417266187],[14.898648648649,44.78417266187],[14.884624756217,44.78417266187],[14.887462,44.768378],[14.893891,44.750963],[14.895193,44.736151],[14.8838,44.723619]]],"type":"Polygon"},"id":463,"properties":{"parentKey":"HRV:1159312507","sourceCountryId":"HRV","syntheticOperational":true,"territoryId":"territory:catalog:078bbaacc9983550941ca557961ebcf505613cfc8906cdfadfffc3a57e507555"},"type":"Feature"},{"geometry":{"coordinates":[[[16.559691912709,45.539568345324],[16.685177274669,45.539568345324],[16.713735558408,45.539568345324],[16.713735558408,45.640669825249],[16.693142566993,45.647482014388],[16.672384219554,45.647482014388],[16.559691912709,45.647482014388],[16.559691912709,45.539568345324]]],"type":"Polygon"},"id":464,"properties":{"parentKey":"HRV:1159312529","sourceCountryId":"HRV","syntheticOperational":true,"territoryId":"territory:catalog:3e26aa3f56f4474c1143ef85d40b7b5314f3377ff3f0faafd76d2ca560f91c46"},"type":"Feature"},{"geometry":{"coordinates":[[[15.772505,43.93489],[15.774521,43.931582],[15.786045,43.922746],[15.787595,43.92104],[15.78760762076,43.920863309353],[15.805243445693,43.920863309353],[15.805243445693,43.937127417515],[15.800307,43.938042],[15.786355,43.943675],[15.781704,43.943881],[15.778293,43.942641],[15.77297,43.93737],[15.772505,43.93489]]],"type":"Polygon"},"id":465,"properties":{"parentKey":"HRV:1159312439","sourceCountryId":"HRV","syntheticOperational":true,"territoryId":"territory:catalog:9f0672c0c67059ee267c21721c8a793f9679a08d39d217c5bc80ef26b570771f"},"type":"Feature"},{"geometry":{"coordinates":[[[16.826758147513,45.647482014388],[16.867779204108,45.647482014388],[16.981132075472,45.647482014388],[16.981132075472,45.755395683453],[16.855670103093,45.755395683453],[16.826758147513,45.755395683453],[16.826758147513,45.647482014388]]],"type":"Polygon"},"id":466,"properties":{"parentKey":"HRV:1159312549","sourceCountryId":"HRV","syntheticOperational":true,"territoryId":"territory:catalog:55dabfbe3cde28ef0228f5446eac89952f1f6cfe05a94ad7422f37c761584a2e"},"type":"Feature"},{"geometry":{"coordinates":[[[14.342713556311,44.676258992806],[14.344574,44.668524],[14.349376,44.655341],[14.375987,44.623033],[14.382579,44.603258],[14.364757,44.587226],[14.368663,44.582017],[14.369884,44.57982],[14.369884,44.579657],[14.363048,44.579657],[14.363048,44.573432],[14.373149305738,44.568345323741],[14.394588861041,44.568345323741],[14.396983,44.569159],[14.404063,44.579657],[14.422618,44.573879],[14.431833404346,44.568345323741],[14.439311213776,44.568345323741],[14.44316829756,44.568345323741],[14.410004,44.600979],[14.404063,44.610338],[14.399587,44.637519],[14.395193,44.653388],[14.390391,44.662177],[14.394645579983,44.676258992806],[14.342713556311,44.676258992806]]],"type":"Polygon"},"id":467,"properties":{"parentKey":"HRV:1159312505","sourceCountryId":"HRV","syntheticOperational":true,"territoryId":"territory:catalog:41eb3e35413350516bb309057e80598833ad3a6eeeef966512d02d61e3fff991"},"type":"Feature"},{"geometry":{"coordinates":[[[16.131721550646,44.033717890443],[16.141372,44.034729],[16.146584311208,44.028776978417],[16.25468164794,44.028776978417],[16.281784076699,44.028776978417],[16.281784076699,44.136690647482],[16.15866388309,44.136690647482],[16.131721550646,44.136690647482],[16.131721550646,44.033717890443]]],"type":"Polygon"},"id":468,"properties":{"parentKey":"HRV:1159312443","sourceCountryId":"HRV","syntheticOperational":true,"territoryId":"territory:catalog:7d330ec48fc243cf0163f615e57067af5c811407e6a54d0462d594d53a2cdb01"},"type":"Feature"},{"geometry":{"coordinates":[[[18.78798,45.457794],[18.7886,45.455365],[18.790926,45.45273],[18.798677,45.446167],[18.800538,45.4441],[18.802088,45.441774],[18.803173,45.434591],[18.803173,45.431654676259],[18.838103374626,45.431654676259],[18.838103374626,45.471522742602],[18.83361,45.469576],[18.824464,45.466992],[18.796352,45.463685],[18.790616,45.462342],[18.78829,45.460275],[18.78798,45.457794]]],"type":"Polygon"},"id":469,"properties":{"parentKey":"HRV:1159312543","sourceCountryId":"HRV","syntheticOperational":true,"territoryId":"territory:catalog:0abcb435947fe0b27edb65f4bd583a176f7071a0a60e23befe953a08ee9befbf"},"type":"Feature"},{"geometry":{"coordinates":[[[15.108876035828,45.107913669065],[15.125465,45.105257],[15.159106,45.106601],[15.160991753493,45.107913669065],[15.108876035828,45.107913669065]]],"type":"Polygon"},"id":470,"properties":{"parentKey":"HRV:1159312525","sourceCountryId":"HRV","syntheticOperational":true,"territoryId":"territory:catalog:e4cf2f31ba5be066cbb9e64cc53cc67dca5e4e31cc0247c1910af9e068416931"},"type":"Feature"},{"geometry":{"coordinates":[[[14.010152284264,44.905171487886],[14.01059,44.90526],[14.020518,44.901109],[14.021739,44.905097],[14.021495,44.907375],[14.022716,44.908271],[14.027843,44.908637],[14.027843,44.915432],[14.022634,44.9206],[14.022472,44.923489],[14.026622,44.924058],[14.034679,44.922309],[14.039073,44.93183],[14.040212,44.941067],[14.038748,44.949408],[14.034679,44.956366],[14.040294,44.956366],[14.044444,44.951402],[14.050792,44.956488],[14.064789,44.976142],[14.075694,44.98371],[14.071544,44.993354],[14.064138,44.995754],[14.054698,44.996527],[14.04728898075,45],[14.010152284264,45],[14.010152284264,44.905171487886]]],"type":"Polygon"},"id":471,"properties":{"parentKey":"HRV:1159312535","sourceCountryId":"HRV","syntheticOperational":true,"territoryId":"territory:catalog:a895767b6bd7f84ee0ca44c551969b862901f43db39d9d9d883a2893ac09cb7d"},"type":"Feature"},{"geometry":{"coordinates":[[[17.186700767263,45.336700147051],[17.189576,45.330825],[17.190042,45.327001],[17.188289589078,45.323741007194],[17.310638297872,45.323741007194],[17.340153452685,45.323741007194],[17.340153452685,45.38232191379],[17.304246,45.370771],[17.290087,45.369789],[17.277685,45.372321],[17.267143,45.377024],[17.25071,45.38059],[17.237325,45.378781],[17.224923,45.373562],[17.186700767263,45.351152185518],[17.186700767263,45.336700147051]]],"type":"Polygon"},"id":472,"properties":{"parentKey":"HRV:1159312537","sourceCountryId":"HRV","syntheticOperational":true,"territoryId":"territory:catalog:1c4435b21230c4ce8345541f31d4ce32ebab4c8e685f0260eb24446c1a4c2d0b"},"type":"Feature"},{"geometry":{"coordinates":[[[17.923404255319,45.288098480217],[18.076595744681,45.2720275571],[18.076595744681,45.323741007194],[17.953964194373,45.323741007194],[17.923404255319,45.323741007194],[17.923404255319,45.288098480217]]],"type":"Polygon"},"id":473,"properties":{"parentKey":"HRV:1159312541","sourceCountryId":"HRV","syntheticOperational":true,"territoryId":"territory:catalog:b0ac99350dcc1e92951a41065b3319fc33ee91a1c3c6e59c2d20f01ae96b3810"},"type":"Feature"},{"geometry":{"coordinates":[[[15.364016736402,44.244604316547],[15.407098121086,44.244604316547],[15.514644351464,44.244604316547],[15.514644351464,44.259971055615],[15.503591,44.259223],[15.42449,44.267971],[15.408539,44.272284],[15.364016736402,44.290548858579],[15.364016736402,44.244604316547]]],"type":"Polygon"},"id":474,"properties":{"parentKey":"HRV:1159312443","sourceCountryId":"HRV","syntheticOperational":true,"territoryId":"territory:catalog:49f8869306a74df1e41f3520aaf0bd3141510946fdd61f8843dac506888f1b84"},"type":"Feature"},{"geometry":{"coordinates":[[[16.726342710997,45.323741007194],[16.851063829787,45.323741007194],[16.879795396419,45.323741007194],[16.879795396419,45.431654676259],[16.83895771038,45.431654676259],[16.726342710997,45.431654676259],[16.726342710997,45.323741007194]]],"type":"Polygon"},"id":475,"properties":{"parentKey":"HRV:1159312529","sourceCountryId":"HRV","syntheticOperational":true,"territoryId":"territory:catalog:150c98aa55d0815d20a2da6fcfe655d26c4e28a48ae1631c6cc6ff75873bb29a"},"type":"Feature"},{"geometry":{"coordinates":[[[15.016584178736,44.568345323741],[15.044099118018,44.552523726497],[15.044099118018,44.568345323741],[15.016584178736,44.568345323741]]],"type":"Polygon"},"id":476,"properties":{"parentKey":"HRV:1159312507","sourceCountryId":"HRV","syntheticOperational":true,"territoryId":"territory:catalog:5bbf7381c18b1a82cb5c3f70b9c7a7cde05f176030f9ee3336b7362f0c232df4"},"type":"Feature"},{"geometry":{"coordinates":[[[18.838103374626,45.431654676259],[18.874680306905,45.431654676259],[18.940763620773,45.431654676259],[18.938514,45.432473],[18.937428,45.434695],[18.935878,45.436917],[18.934173,45.438984],[18.929212,45.443221],[18.926111,45.445133],[18.914742,45.450043],[18.911642,45.451903],[18.909316,45.454177],[18.907766,45.456657],[18.906061,45.46136],[18.904976,45.463582],[18.90141,45.466889],[18.895519,45.471075],[18.882186,45.478103],[18.873195,45.480635],[18.861051,45.481307],[18.854849,45.480377],[18.849423,45.478878],[18.845393,45.476811],[18.839812,45.472263],[18.838103374626,45.471522742602],[18.838103374626,45.431654676259]]],"type":"Polygon"},"id":477,"properties":{"parentKey":"HRV:1159312543","sourceCountryId":"HRV","syntheticOperational":true,"territoryId":"territory:catalog:5bc1144aa868a2b41e91944e7deb6a710653a0f213d54af0dcc30ab9e396ec09"},"type":"Feature"},{"geometry":{"coordinates":[[[16.390728476821,43.597122302158],[16.431226765799,43.597122302158],[16.539735099338,43.597122302158],[16.539735099338,43.705035971223],[16.417910447761,43.705035971223],[16.390728476821,43.705035971223],[16.390728476821,43.597122302158]]],"type":"Polygon"},"id":478,"properties":{"parentKey":"HRV:1159312433","sourceCountryId":"HRV","syntheticOperational":true,"territoryId":"territory:catalog:8f191b5fa6e8bf08ee01d050564448301134bd3e732c7c56cc34d6df9e55c09a"},"type":"Feature"},{"geometry":{"coordinates":[[[15.355805243446,44.027388432803],[15.358084,44.025702],[15.384044,43.997382],[15.438731,43.949652],[15.445649,43.941352],[15.449718,43.934394],[15.455089,43.928046],[15.466075,43.921698],[15.468539665945,43.920863309353],[15.505617977528,43.920863309353],[15.505617977528,44.028776978417],[15.381408920383,44.028776978417],[15.355805243446,44.028776978417],[15.355805243446,44.027388432803]]],"type":"Polygon"},"id":479,"properties":{"parentKey":"HRV:1159312443","sourceCountryId":"HRV","syntheticOperational":true,"territoryId":"territory:catalog:14d83de32fa994b77651796b5cfcd73eb7256cc96186f4ee40171a73530fa946"},"type":"Feature"},{"geometry":{"coordinates":[[[15.524872,44.836385],[15.525492,44.833284],[15.531228,44.828789],[15.547196,44.820469],[15.563216,44.815146],[15.574688,44.808583],[15.580889,44.806464],[15.597012,44.803829],[15.600888,44.801297],[15.601973,44.796697],[15.599493,44.789359],[15.596857,44.785845],[15.594804284038,44.78417266187],[15.658783783784,44.78417266187],[15.658783783784,44.892086330935],[15.563423757276,44.892086330935],[15.566781,44.878553],[15.559495,44.859071],[15.547041,44.849511],[15.527197,44.83902],[15.524872,44.836385]]],"type":"Polygon"},"id":480,"properties":{"parentKey":"HRV:1159312443","sourceCountryId":"HRV","syntheticOperational":true,"territoryId":"territory:catalog:64d1ba4259b97aa22733f6a73d7361e9c9e488dfb5c1dd03e12b001129aaaafd"},"type":"Feature"},{"geometry":{"coordinates":[[[18.694362017804,45.072498836551],[18.726329,45.026142],[18.738318,45.01591],[18.750101,45.012241],[18.778006,45.010329],[18.78493,45.008468],[18.788961,45.005729],[18.791752,45.001544],[18.792484754346,45],[18.846969054684,45],[18.846969054684,45.107913669065],[18.726114649682,45.107913669065],[18.694362017804,45.107913669065],[18.694362017804,45.072498836551]]],"type":"Polygon"},"id":481,"properties":{"parentKey":"HRV:1159312543","sourceCountryId":"HRV","syntheticOperational":true,"territoryId":"territory:catalog:4e324d96bdd6c18170a8da6d4645089b496e4d4032692d18abd2047d50fcb5e7"},"type":"Feature"},{"geometry":{"coordinates":[[[16.918224237151,43.381294964029],[16.93393,43.373603],[16.969946480033,43.339452353872],[16.969946480033,43.381294964029],[16.918224237151,43.381294964029]]],"type":"Polygon"},"id":482,"properties":{"parentKey":"HRV:1159312433","sourceCountryId":"HRV","syntheticOperational":true,"territoryId":"territory:catalog:d7287c88ee30d7ee9695b775eb6c5a12444864671b869600c79d1881cd0083ac"},"type":"Feature"},{"geometry":{"coordinates":[[[17.769104349353,45.107913669065],[17.773747479465,45.103668084216],[17.778719796524,45.09912149744],[17.778719796524,45.107913669065],[17.769104349353,45.107913669065]]],"type":"Polygon"},"id":483,"properties":{"parentKey":"HRV:1159312537","sourceCountryId":"HRV","syntheticOperational":true,"territoryId":"territory:catalog:3172ac949eed5b121c89dccc782b9e537fa38e15f5e00c3659499ce79d547aa6"},"type":"Feature"},{"geometry":{"coordinates":[[[15.511384,45.638558],[15.511694,45.636078],[15.51371,45.632357],[15.531073,45.619283],[15.557428,45.605434],[15.568022,45.602023],[15.575618,45.602385],[15.585075,45.613857],[15.588331,45.617009],[15.593602,45.620472],[15.600578,45.622952],[15.612205,45.624089],[15.620163,45.623055],[15.626364,45.621402],[15.635430038511,45.61733865938],[15.635430038511,45.647482014388],[15.591766723842,45.647482014388],[15.51268280487,45.647482014388],[15.51309,45.647292],[15.5134,45.644966],[15.512159,45.641814],[15.511384,45.638558]]],"type":"Polygon"},"id":484,"properties":{"parentKey":"HRV:1159312531","sourceCountryId":"HRV","syntheticOperational":true,"territoryId":"territory:catalog:c71a752030b371cc868b55fb978dcc1ee47a2e8b9ded1e779fca8eee725ec530"},"type":"Feature"},{"geometry":{"coordinates":[[[16.851063829787,45.227158828308],[16.851922,45.227421],[16.86174,45.232227],[16.867321,45.243389],[16.875383,45.246955],[16.885822,45.255223],[16.893986,45.263543],[16.896984,45.268142],[16.924372,45.284524],[16.93264,45.278788],[16.940702,45.257755],[16.942149,45.249849],[16.941529,45.241219],[16.947317,45.23569],[16.967987,45.237292],[16.9653,45.244216],[16.961166,45.250934],[16.975945,45.247162],[16.988141,45.236516],[16.998683,45.2314],[17.004255319149,45.238800192877],[17.004255319149,45.323741007194],[16.879795396419,45.323741007194],[16.851063829787,45.323741007194],[16.851063829787,45.227158828308]]],"type":"Polygon"},"id":485,"properties":{"parentKey":"HRV:1159312529","sourceCountryId":"HRV","syntheticOperational":true,"territoryId":"territory:catalog:bf3f5f6227fca885dc8693d76798e21681ac76d0f1856d17e175c651b491ae8c"},"type":"Feature"},{"geometry":{"coordinates":[[[16.496699,45.765062],[16.509616849014,45.755395683453],[16.518010291595,45.755395683453],[16.546391752577,45.755395683453],[16.546391752577,45.78855209094],[16.531787,45.78842],[16.523571,45.785578],[16.512719,45.772452],[16.496699,45.765062]]],"type":"Polygon"},"id":486,"properties":{"parentKey":"HRV:1159312549","sourceCountryId":"HRV","syntheticOperational":true,"territoryId":"territory:catalog:0d58a7e1db10f77f1df71fe17691d7cb8adfcd2058a32009aff47488b63bb598"},"type":"Feature"},{"geometry":{"coordinates":[[[15.364016736402,44.335088590411],[15.406016,44.320624],[15.414073,44.316555],[15.444184,44.288479],[15.449229,44.285386],[15.514644351464,44.278528622587],[15.514644351464,44.352517985612],[15.389773679799,44.352517985612],[15.364016736402,44.352517985612],[15.364016736402,44.335088590411]]],"type":"Polygon"},"id":487,"properties":{"parentKey":"HRV:1159312443","sourceCountryId":"HRV","syntheticOperational":true,"territoryId":"territory:catalog:d5fd629e00be8338343c2f7cf4295052b1a7011385c00ae2c59cdcd73bd098cd"},"type":"Feature"},{"geometry":{"coordinates":[[[13.899425,44.781968],[13.903168,44.772406],[13.917979,44.778266],[13.913422,44.782416],[13.912460657717,44.78417266187],[13.899468912184,44.78417266187],[13.899425,44.781968]]],"type":"Polygon"},"id":488,"properties":{"parentKey":"HRV:1159312535","sourceCountryId":"HRV","syntheticOperational":true,"territoryId":"territory:catalog:5d9c79c75405d582010b82014ac91d1face48d01dbec3836e610f6102b210618"},"type":"Feature"},{"geometry":{"coordinates":[[[15.557411273486,44.136690647482],[15.681533972489,44.136690647482],[15.707724425887,44.136690647482],[15.707724425887,44.244604316547],[15.665271966527,44.244604316547],[15.557411273486,44.244604316547],[15.557411273486,44.136690647482]]],"type":"Polygon"},"id":489,"properties":{"parentKey":"HRV:1159312443","sourceCountryId":"HRV","syntheticOperational":true,"territoryId":"territory:catalog:0c06f16c6c4e52cbeeae1e39cf94733519aa675657405adccbbd8d5e691ab80d"},"type":"Feature"},{"geometry":{"coordinates":[[[14.839812046134,45.431654676259],[14.884910485934,45.431654676259],[14.993592481845,45.431654676259],[14.993592481845,45.488470599454],[14.986299,45.490868],[14.977341,45.491728],[14.962631,45.493142],[14.945372,45.50451],[14.922634,45.514949],[14.904444,45.514432],[14.900826,45.493142],[14.881603,45.469784],[14.839812046134,45.459234684942],[14.839812046134,45.431654676259]]],"type":"Polygon"},"id":490,"properties":{"parentKey":"HRV:1159312505","sourceCountryId":"HRV","syntheticOperational":true,"territoryId":"territory:catalog:0e42d0d6449abc0387ca4811ff1f635d4225f9ffa307782dc7ceeac06b6711ac"},"type":"Feature"},{"geometry":{"coordinates":[[[15.228426395939,44.892086330935],[15.35472972973,44.892086330935],[15.380710659898,44.892086330935],[15.380710659898,45],[15.337007206443,45],[15.228426395939,45],[15.228426395939,44.892086330935]]],"type":"Polygon"},"id":491,"properties":{"parentKey":"HRV:1159312507","sourceCountryId":"HRV","syntheticOperational":true,"territoryId":"territory:catalog:131aecc394701821d8553c824be8c82fb2e4f6ac2d6dfcaa07f2b8dd598bb731"},"type":"Feature"},{"geometry":{"coordinates":[[[16.107216494845,43.479368744905],[16.113129,43.478909],[16.11095195828,43.489208633094],[16.107216494845,43.489208633094],[16.107216494845,43.479368744905]]],"type":"Polygon"},"id":492,"properties":{"parentKey":"HRV:1159312433","sourceCountryId":"HRV","syntheticOperational":true,"territoryId":"territory:catalog:0b7b000ec2a6ab1bd5ffc5321b5f2bee11dc913b12a828a61fa091dbd85f2f39"},"type":"Feature"},{"geometry":{"coordinates":[[[15.63055,45.23574],[15.63117,45.231038],[15.633031,45.225509],[15.633806,45.217499],[15.634732357314,45.215827338129],[15.668789808917,45.215827338129],[15.778723404255,45.215827338129],[15.778723404255,45.323741007194],[15.664564501325,45.323741007194],[15.665328,45.320025],[15.665018,45.313927],[15.664036,45.307829],[15.662486,45.302041],[15.65768,45.290052],[15.65644,45.285091],[15.656905,45.280234],[15.658455,45.276048],[15.660316,45.272276],[15.661556,45.26809],[15.659696,45.265609],[15.646518,45.257496],[15.642642,45.25052],[15.635821,45.243027],[15.63117,45.239461],[15.63055,45.23574]]],"type":"Polygon"},"id":493,"properties":{"parentKey":"HRV:1159312529","sourceCountryId":"HRV","syntheticOperational":true,"territoryId":"territory:catalog:4051743dd544246383676bd8479ff50a29c828ce77a4f2eb4ccf0c1031a8f963"},"type":"Feature"},{"geometry":{"coordinates":[[[16.992738146091,45.431654676259],[17.011745052896,45.431654676259],[17.006435,45.437847],[17.00473,45.439397],[16.998684,45.44348],[16.992738146091,45.445561937307],[16.992738146091,45.431654676259]]],"type":"Polygon"},"id":494,"properties":{"parentKey":"HRV:1159312529","sourceCountryId":"HRV","syntheticOperational":true,"territoryId":"territory:catalog:a4323a7fca3051150d55775ea18dc0f9ac119cc288a4747de648d5dcf11cb0e0"},"type":"Feature"},{"geometry":{"coordinates":[[[18.721227621483,45.415891112508],[18.786895,45.413559],[18.795732,45.418158],[18.801933,45.422757],[18.803173,45.428597],[18.803173,45.431654676259],[18.721227621483,45.431654676259],[18.721227621483,45.415891112508]]],"type":"Polygon"},"id":495,"properties":{"parentKey":"HRV:1159312539","sourceCountryId":"HRV","syntheticOperational":true,"territoryId":"territory:catalog:ccd4e0c9e9f031bdd5724825c71cb0df296ab8419fb7ac8fae0ce23ffa1731a6"},"type":"Feature"},{"geometry":{"coordinates":[[[15.396261065724,45],[15.403536,44.988417],[15.408186,44.982319],[15.419659,44.973586],[15.439967,44.962475],[15.444773,44.9586],[15.447616,44.954207],[15.455367,44.935862],[15.458933,44.930281],[15.464204,44.924183],[15.468545,44.921703],[15.473195,44.920359],[15.477071,44.920256],[15.492419,44.921703],[15.504873,44.920618],[15.511849,44.918344],[15.51619,44.914985],[15.518206,44.911419],[15.520996,44.907285],[15.527662,44.901911],[15.532994923858,44.898726705016],[15.532994923858,44.926864624591],[15.532778,44.927491],[15.532994923858,44.929768700509],[15.532994923858,45],[15.489614243323,45],[15.396261065724,45]]],"type":"Polygon"},"id":496,"properties":{"parentKey":"HRV:1159312525","sourceCountryId":"HRV","syntheticOperational":true,"territoryId":"territory:catalog:823d847b720ae0b0bc0fdb81a2a98078fb3b4827241f80c79e7682071fbd1e8d"},"type":"Feature"},{"geometry":{"coordinates":[[[15.520818018194,44.352517985612],[15.545956,44.330473],[15.553707,44.347061],[15.558358,44.349386],[15.566316,44.351918],[15.573088533837,44.352517985612],[15.540653813915,44.352517985612],[15.520818018194,44.352517985612]]],"type":"Polygon"},"id":497,"properties":{"parentKey":"HRV:1159312507","sourceCountryId":"HRV","syntheticOperational":true,"territoryId":"territory:catalog:376a39add700e0f86b9496e1bed4cca79724d3610f748287c6f33df632ba46d8"},"type":"Feature"},{"geometry":{"coordinates":[[[16.445182724253,43.812949640288],[16.567164179104,43.812949640288],[16.594684385382,43.812949640288],[16.594684385382,43.908589098528],[16.585950447158,43.915079693457],[16.578167841018,43.920863309353],[16.554307116105,43.920863309353],[16.445182724253,43.920863309353],[16.445182724253,43.812949640288]]],"type":"Polygon"},"id":498,"properties":{"parentKey":"HRV:1159312433","sourceCountryId":"HRV","syntheticOperational":true,"territoryId":"territory:catalog:f80e1b37f9cb938bb82c23e3f7bb5220e1d7878e6b6584410a8b07b9952f4699"},"type":"Feature"},{"geometry":{"coordinates":[[[16.883193188791,42.73381294964],[16.884939,42.729397],[16.905447,42.731757],[16.909541842765,42.73381294964],[16.883193188791,42.73381294964]]],"type":"Polygon"},"id":499,"properties":{"parentKey":"HRV:1159312431","sourceCountryId":"HRV","syntheticOperational":true,"territoryId":"territory:catalog:c54fdbb997bb832b088e71bdd6afbd383f9381473d94065e49a8a1fe55849a18"},"type":"Feature"},{"geometry":{"coordinates":[[[15.955056179775,43.93994124664],[15.960142,43.941298],[15.996884,43.94693],[16.001535,43.949669],[16.001742,43.952821],[15.999675,43.960676],[15.99952,43.963828],[16.000605,43.967291],[16.002672,43.970443],[16.005463,43.97313],[16.008408,43.974887],[16.011664,43.975817],[16.021896,43.977161],[16.026082,43.978298],[16.028097,43.979486],[16.029647,43.982019],[16.030112,43.985222],[16.028872,43.988375],[16.024841,43.994214],[16.023601,43.996901],[16.023291,43.999072],[16.023291,43.999899],[16.023446,44.000725],[16.023911,44.002017],[16.025306,44.004653],[16.029492,44.010234],[16.032748,44.012714],[16.039724,44.014213],[16.06427,44.013955],[16.083959,44.010957],[16.088145,44.010699],[16.092331,44.011267],[16.097757,44.013024],[16.104733,44.015918],[16.104868913858,44.016011153198],[16.104868913858,44.028776978417],[15.981659024594,44.028776978417],[15.955056179775,44.028776978417],[15.955056179775,43.93994124664]]],"type":"Polygon"},"id":500,"properties":{"parentKey":"HRV:1159312443","sourceCountryId":"HRV","syntheticOperational":true,"territoryId":"territory:catalog:f2a6141d24f1b967d156e28880b538d6ebd3c89ab024cd3be142d1d96b663ee5"},"type":"Feature"},{"geometry":{"coordinates":[[[16.222509702458,45.971223021583],[16.349547998278,45.971223021583],[16.377749029754,45.971223021583],[16.377749029754,46.020457739436],[16.35924,46.024633],[16.328492,46.020085],[16.311904,46.013626],[16.300432,46.012592],[16.293765,46.012799],[16.290975,46.014246],[16.285239,46.018432],[16.281622,46.022204],[16.278676,46.026338],[16.274335,46.038999],[16.27139,46.043081],[16.255887,46.061065],[16.241779,46.0637],[16.240074,46.063752],[16.238678,46.063597],[16.234648,46.062563],[16.222509702458,46.057770950938],[16.222509702458,45.971223021583]]],"type":"Polygon"},"id":501,"properties":{"parentKey":"HRV:1159312531","sourceCountryId":"HRV","syntheticOperational":true,"territoryId":"territory:catalog:76ec2cae225e9bdc3fea909aae0988152f2fed368d3b67fc3ac0149ff6497d6b"},"type":"Feature"},{"geometry":{"coordinates":[[[16.326082930074,43.705035971223],[16.390728476821,43.705035971223],[16.417910447761,43.705035971223],[16.417910447761,43.80850316534],[16.356914,43.778258],[16.350403,43.773194],[16.348543,43.765081],[16.349318,43.760378],[16.350248,43.757174],[16.349628,43.754694],[16.339396,43.739863],[16.340946,43.734282],[16.343116,43.730664],[16.348387,43.726634],[16.352573,43.722138],[16.350558,43.715937],[16.34167,43.709994],[16.326082930074,43.705035971223]]],"type":"Polygon"},"id":502,"properties":{"parentKey":"HRV:1159312433","sourceCountryId":"HRV","syntheticOperational":true,"territoryId":"territory:catalog:59df9e30d6a21854fc5f272a1c995058dc2d8a7a5bada13ceb5c14187cab9ef3"},"type":"Feature"},{"geometry":{"coordinates":[[[17.395577395577,43.057461138323],[17.404552,43.0515],[17.414100974484,43.057553956835],[17.395577395577,43.057553956835],[17.395577395577,43.057461138323]]],"type":"Polygon"},"id":503,"properties":{"parentKey":"HRV:1159312431","sourceCountryId":"HRV","syntheticOperational":true,"territoryId":"territory:catalog:16a6cba5fc2cb838029da98a066f20b5c587db3889feb42b89b2fe20a600e536"},"type":"Feature"},{"geometry":{"coordinates":[[[14.993592481845,45.431654676259],[15.038363171356,45.431654676259],[15.136579731925,45.431654676259],[15.066128,45.473934],[15.056166,45.479912],[15.007383,45.480843],[14.997461,45.487199],[14.993592481845,45.488470599454],[14.993592481845,45.431654676259]]],"type":"Polygon"},"id":504,"properties":{"parentKey":"HRV:1159312505","sourceCountryId":"HRV","syntheticOperational":true,"territoryId":"territory:catalog:8f29b1f617274bc9736ff19157ce880643ca76310fe2e6f01cc9a7bafe3ad8ff"},"type":"Feature"},{"geometry":{"coordinates":[[[14.731457800512,45.323741007194],[14.859574468085,45.323741007194],[14.884910485934,45.323741007194],[14.884910485934,45.431654676259],[14.839812046134,45.431654676259],[14.731457800512,45.431654676259],[14.731457800512,45.323741007194]]],"type":"Polygon"},"id":505,"properties":{"parentKey":"HRV:1159312505","sourceCountryId":"HRV","syntheticOperational":true,"territoryId":"territory:catalog:d3fd7847563694f0a91be705ce0167db29da3092e037c5274bf0fccb87c9cf34"},"type":"Feature"},{"geometry":{"coordinates":[[[15.363057324841,45.107913669065],[15.489614243323,45.107913669065],[15.515923566879,45.107913669065],[15.515923566879,45.215827338129],[15.472340425532,45.215827338129],[15.363057324841,45.215827338129],[15.363057324841,45.107913669065]]],"type":"Polygon"},"id":506,"properties":{"parentKey":"HRV:1159312525","sourceCountryId":"HRV","syntheticOperational":true,"territoryId":"territory:catalog:1174460eb4c8f35abb743657e153243e791785546285f86f5d1236d7e833c374"},"type":"Feature"},{"geometry":{"coordinates":[[[15.041515,44.47663],[15.044099118018,44.47083208706],[15.044099118018,44.475715704531],[15.041515,44.47663]]],"type":"Polygon"},"id":507,"properties":{"parentKey":"HRV:1159312507","sourceCountryId":"HRV","syntheticOperational":true,"territoryId":"territory:catalog:3ee630ecf02cbbde1cb2297f6516563e0533a4a841974fb4b2bdc4b0d7f2d6d0"},"type":"Feature"},{"geometry":{"coordinates":[[[17.444253859348,45.71537304845],[17.448992,45.713541],[17.489817,45.693025],[17.492917,45.688323],[17.491987,45.675145],[17.469435242605,45.647482014388],[17.483953786906,45.647482014388],[17.598627787307,45.647482014388],[17.598627787307,45.755395683453],[17.474226804124,45.755395683453],[17.444253859348,45.755395683453],[17.444253859348,45.71537304845]]],"type":"Polygon"},"id":508,"properties":{"parentKey":"HRV:1159312547","sourceCountryId":"HRV","syntheticOperational":true,"territoryId":"territory:catalog:fb68d074c86097927da9d58ecc2675d7665c2c6a47d1ad66041aee77eecbe6e1"},"type":"Feature"},{"geometry":{"coordinates":[[[17.011745052896,45.431654676259],[17.02292,45.418623],[17.033248081841,45.420279271147],[17.033248081841,45.431654676259],[17.011745052896,45.431654676259]]],"type":"Polygon"},"id":509,"properties":{"parentKey":"HRV:1159312541","sourceCountryId":"HRV","syntheticOperational":true,"territoryId":"territory:catalog:94b4f4cc749ea2430bd0c4fc8dbea3c4b40ac07ad8f46e9614ee1017dd382351"},"type":"Feature"},{"geometry":{"coordinates":[[[18.833619210978,45.647482014388],[18.870346598203,45.647482014388],[18.949911762981,45.647482014388],[18.962904,45.660108],[18.968485,45.668738],[18.962697,45.683052],[18.948125,45.692044],[18.931071,45.698917],[18.917325,45.706565],[18.908954,45.719433],[18.90482,45.749767],[18.903090985619,45.755395683453],[18.865979381443,45.755395683453],[18.833619210978,45.755395683453],[18.833619210978,45.647482014388]]],"type":"Polygon"},"id":510,"properties":{"parentKey":"HRV:1159312539","sourceCountryId":"HRV","syntheticOperational":true,"territoryId":"territory:catalog:dc56c38114f88a8981648347c3248d047537f7f73d68f12b07b55e5c021fc22b"},"type":"Feature"},{"geometry":{"coordinates":[[[16.377109921779,43.334380762503],[16.391449,43.346381],[16.377109921779,43.354941903243],[16.377109921779,43.334380762503]]],"type":"Polygon"},"id":511,"properties":{"parentKey":"HRV:1159312433","sourceCountryId":"HRV","syntheticOperational":true,"territoryId":"territory:catalog:b04268204875e5c759fd5bb88a39b3e92575d800a9b2d2b57ae82d0b7e25eaf4"},"type":"Feature"},{"geometry":{"coordinates":[[[18.076595744681,45.2720275571],[18.081615,45.271501],[18.108177,45.302351],[18.109572,45.312273],[18.107092,45.315426],[18.104456,45.319715],[18.103070990006,45.323741007194],[18.076595744681,45.323741007194],[18.076595744681,45.2720275571]]],"type":"Polygon"},"id":512,"properties":{"parentKey":"HRV:1159312541","sourceCountryId":"HRV","syntheticOperational":true,"territoryId":"territory:catalog:45e03c24ff0fe8dc5e29366c65fe1fb16d8af0dfaf5d426f7592b020473f3b9e"},"type":"Feature"},{"geometry":{"coordinates":[[[16.255670103093,43.483011602922],[16.2588,43.483547],[16.267345,43.486884],[16.281993,43.487942],[16.333344,43.481391],[16.370779,43.48432],[16.374513048077,43.489208633094],[16.282527881041,43.489208633094],[16.255670103093,43.489208633094],[16.255670103093,43.483011602922]]],"type":"Polygon"},"id":513,"properties":{"parentKey":"HRV:1159312433","sourceCountryId":"HRV","syntheticOperational":true,"territoryId":"territory:catalog:108f1f1ad62d750df21000e2805b3a12f52aaea93e08ff9cfbd6d7b94d24ad62"},"type":"Feature"},{"geometry":{"coordinates":[[[14.534353,45.237535],[14.543793,45.235745],[14.548839,45.23017],[14.549815,45.221422],[14.548916762961,45.215827338129],[14.553191489362,45.215827338129],[14.553191489362,45.249030590727],[14.548839,45.248725],[14.534353,45.237535]]],"type":"Polygon"},"id":514,"properties":{"parentKey":"HRV:1159312505","sourceCountryId":"HRV","syntheticOperational":true,"territoryId":"territory:catalog:b9aa1490b6dd50759e7d0cc6a54262ab16bd41951728ddc3158d17a45fad741d"},"type":"Feature"},{"geometry":{"coordinates":[[[15.150800444531,43.920863309353],[15.195486,43.895209],[15.220225,43.90119],[15.216807,43.912787],[15.20097533052,43.920863309353],[15.150800444531,43.920863309353]]],"type":"Polygon"},"id":515,"properties":{"parentKey":"HRV:1159312443","sourceCountryId":"HRV","syntheticOperational":true,"territoryId":"territory:catalog:2e7771635b02c63c231fe0913fad1fb0d66ee21668070e0d9a6699afc8e79892"},"type":"Feature"},{"geometry":{"coordinates":[[[14.706382978723,45.215827338129],[14.751592356688,45.215827338129],[14.859574468085,45.215827338129],[14.859574468085,45.323741007194],[14.731457800512,45.323741007194],[14.706382978723,45.323741007194],[14.706382978723,45.215827338129]]],"type":"Polygon"},"id":516,"properties":{"parentKey":"HRV:1159312505","sourceCountryId":"HRV","syntheticOperational":true,"territoryId":"territory:catalog:65bc412a2ed6e5e6f3c37e76c8502077073164d090c28347407665866f425c81"},"type":"Feature"},{"geometry":{"coordinates":[[[15.805626598465,45.323741007194],[15.931914893617,45.323741007194],[15.959079283887,45.323741007194],[15.959079283887,45.431654676259],[15.916275096113,45.431654676259],[15.834903193977,45.431654676259],[15.83462,45.431077],[15.824492,45.41666],[15.824337,45.407203],[15.820926,45.402139],[15.814105,45.398676],[15.805626598465,45.396638538238],[15.805626598465,45.323741007194]]],"type":"Polygon"},"id":517,"properties":{"parentKey":"HRV:1159312529","sourceCountryId":"HRV","syntheticOperational":true,"territoryId":"territory:catalog:c5d601f8d911d3959ae0cd8a7817af28e9fa274b091022c03cd25bd6f17ed209"},"type":"Feature"},{"geometry":{"coordinates":[[[14.969412300146,44.460431654676],[15.020763,44.429999],[15.038341,44.403266],[15.049001,44.39468],[15.057791,44.394192],[15.073578,44.400458],[15.083018,44.401516],[15.088013411567,44.400267002347],[15.088013411567,44.419511763405],[15.048025,44.439439],[15.027629315239,44.460431654676],[14.969412300146,44.460431654676]]],"type":"Polygon"},"id":518,"properties":{"parentKey":"HRV:1159312507","sourceCountryId":"HRV","syntheticOperational":true,"territoryId":"territory:catalog:e9b3e21ea45fa62cc9b93256e85bd78677008d5ac51d697c8bcefb1f8258c70a"},"type":"Feature"},{"geometry":{"coordinates":[[[16.843467011643,45.971223021583],[16.969436074042,45.971223021583],[16.981706642161,45.971223021583],[16.965817,45.978848],[16.924993,45.993524],[16.91073,46.000707],[16.904633,46.008768],[16.915381,46.02825],[16.915846,46.032798],[16.912901,46.03657],[16.90763,46.039464],[16.89099,46.045975],[16.884634,46.049593],[16.879828,46.053727],[16.876727,46.058171],[16.875332,46.060806],[16.874402,46.064992],[16.872076,46.071555],[16.869441,46.074966],[16.865875,46.077446],[16.860309045326,46.079136690647],[16.843467011643,46.079136690647],[16.843467011643,45.971223021583]]],"type":"Polygon"},"id":519,"properties":{"parentKey":"HRV:1159312549","sourceCountryId":"HRV","syntheticOperational":true,"territoryId":"territory:catalog:148ded2ae28324056748be109f5ba8e5cce4c7b2f08bb6144ab520a86f2c49fc"},"type":"Feature"},{"geometry":{"coordinates":[[[16.212986820558,43.489208633094],[16.218272,43.486314],[16.230642,43.483222],[16.24643,43.481431],[16.255670103093,43.483011602922],[16.255670103093,43.489208633094],[16.212986820558,43.489208633094]]],"type":"Polygon"},"id":520,"properties":{"parentKey":"HRV:1159312433","sourceCountryId":"HRV","syntheticOperational":true,"territoryId":"territory:catalog:8f9a40ffdffc940e8f67e00566542785163e8d9d4a9f318f568b25871d87f802"},"type":"Feature"},{"geometry":{"coordinates":[[[16.879795396419,45.323741007194],[17.004255319149,45.323741007194],[17.033248081841,45.323741007194],[17.033248081841,45.420279271147],[17.02292,45.418623],[17.011745052896,45.431654676259],[16.992738146091,45.431654676259],[16.879795396419,45.431654676259],[16.879795396419,45.323741007194]]],"type":"Polygon"},"id":521,"properties":{"parentKey":"HRV:1159312529","sourceCountryId":"HRV","syntheticOperational":true,"territoryId":"territory:catalog:363985150dfc5cbe0141ac0d071cf9914eee875a59879f056b61ebdfb25c38f1"},"type":"Feature"},{"geometry":{"coordinates":[[[15.380710659898,44.892086330935],[15.506756756757,44.892086330935],[15.532994923858,44.892086330935],[15.532994923858,44.898726705016],[15.527662,44.901911],[15.520996,44.907285],[15.518206,44.911419],[15.51619,44.914985],[15.511849,44.918344],[15.504873,44.920618],[15.492419,44.921703],[15.477071,44.920256],[15.473195,44.920359],[15.468545,44.921703],[15.464204,44.924183],[15.458933,44.930281],[15.455367,44.935862],[15.447616,44.954207],[15.444773,44.9586],[15.439967,44.962475],[15.419659,44.973586],[15.408186,44.982319],[15.403536,44.988417],[15.396261065724,45],[15.380710659898,45],[15.380710659898,44.892086330935]]],"type":"Polygon"},"id":522,"properties":{"parentKey":"HRV:1159312507","sourceCountryId":"HRV","syntheticOperational":true,"territoryId":"territory:catalog:172d761db35b9c7132c03a0e7a5fd7465cf3fc68b421c919eb892b0a7285ba4f"},"type":"Feature"},{"geometry":{"coordinates":[[[14.97059,45.273516],[14.970901,45.268297],[14.976327,45.258168],[14.980822,45.251915],[14.983923,45.246437],[14.986248,45.241063],[14.982373,45.221219],[14.982259916611,45.215827338129],[15.012765957447,45.215827338129],[15.012765957447,45.320711634155],[14.994052,45.311808],[14.988574,45.304212],[14.983148,45.291913],[14.982063,45.286383],[14.980357,45.282921],[14.978962,45.281164],[14.976327,45.279304],[14.972916,45.277443],[14.97059,45.273516]]],"type":"Polygon"},"id":523,"properties":{"parentKey":"HRV:1159312525","sourceCountryId":"HRV","syntheticOperational":true,"territoryId":"territory:catalog:38daa96057678432dae69b6f327bba0c0746bc3b866569c29c758326ec651bb2"},"type":"Feature"},{"geometry":{"coordinates":[[[15.652173913043,45.323741007194],[15.664564501325,45.323741007194],[15.664192,45.325554],[15.662486,45.330463],[15.661866,45.335218],[15.663881,45.339558],[15.679591,45.348757],[15.680676,45.350565],[15.680521,45.353253],[15.677576,45.358782],[15.674165,45.363278],[15.668119,45.369841],[15.665949,45.373251],[15.665122,45.376559],[15.665949,45.381778],[15.672305,45.398211],[15.67246,45.40219],[15.669979,45.405498],[15.660626,45.411905],[15.65675,45.415213],[15.657525,45.418727],[15.662951,45.422292],[15.676491,45.425186],[15.702845,45.420535],[15.716023,45.420794],[15.720519,45.418417],[15.72703,45.411544],[15.731888,45.410614],[15.74212,45.411595],[15.748941,45.411234],[15.757467,45.408185],[15.766459,45.403327],[15.774986,45.397746],[15.779947,45.395059],[15.786355,45.393354],[15.794106,45.39387],[15.805626598465,45.396638538238],[15.805626598465,45.431654676259],[15.762494660402,45.431654676259],[15.652173913043,45.431654676259],[15.652173913043,45.323741007194]]],"type":"Polygon"},"id":524,"properties":{"parentKey":"HRV:1159312525","sourceCountryId":"HRV","syntheticOperational":true,"territoryId":"territory:catalog:0bad121f227c3db65231f4cfb250e360991554b025251322fa8358693f59dc5d"},"type":"Feature"},{"geometry":{"coordinates":[[[14.57800511509,45.323741007194],[14.706382978723,45.323741007194],[14.731457800512,45.323741007194],[14.731457800512,45.431654676259],[14.686031610423,45.431654676259],[14.57800511509,45.431654676259],[14.57800511509,45.323741007194]]],"type":"Polygon"},"id":525,"properties":{"parentKey":"HRV:1159312505","sourceCountryId":"HRV","syntheticOperational":true,"territoryId":"territory:catalog:790e443228a0f6fcd009558435fed587ac89d93b9f044afe89b05240a5665e71"},"type":"Feature"},{"geometry":{"coordinates":[[[16.241721854305,43.673561140561],[16.245345,43.675836],[16.253716,43.683742],[16.260848,43.68798],[16.268754,43.691184],[16.29051,43.697695],[16.31795,43.702449],[16.326082930074,43.705035971223],[16.268656716418,43.705035971223],[16.241721854305,43.705035971223],[16.241721854305,43.673561140561]]],"type":"Polygon"},"id":526,"properties":{"parentKey":"HRV:1159312439","sourceCountryId":"HRV","syntheticOperational":true,"territoryId":"territory:catalog:9e96bf31f4c098889877a0bd6f146050dafa5041a3a5ba0b7b7a4dad6691480c"},"type":"Feature"},{"geometry":{"coordinates":[[[16.282527881041,43.536203900401],[16.299327,43.538153],[16.306326,43.539944],[16.324962,43.548529],[16.336762,43.551174],[16.431226765799,43.549788460983],[16.431226765799,43.597122302158],[16.390728476821,43.597122302158],[16.282527881041,43.597122302158],[16.282527881041,43.536203900401]]],"type":"Polygon"},"id":527,"properties":{"parentKey":"HRV:1159312433","sourceCountryId":"HRV","syntheticOperational":true,"territoryId":"territory:catalog:2393fa2f1c634ee5c6a29540241000c750c1bf19845f55931b76becd06108b81"},"type":"Feature"},{"geometry":{"coordinates":[[[16.538146021329,43.149006868258],[16.559825,43.142971],[16.670177,43.125474],[16.685808039377,43.126693887207],[16.685808039377,43.165467625899],[16.565324568611,43.165467625899],[16.538146021329,43.165467625899],[16.538146021329,43.149006868258]]],"type":"Polygon"},"id":528,"properties":{"parentKey":"HRV:1159312433","sourceCountryId":"HRV","syntheticOperational":true,"territoryId":"territory:catalog:628d86eee687d00e32a59093601623c4f5b7eac01f0df0eecb9417ef0b2390a1"},"type":"Feature"},{"geometry":{"coordinates":[[[16.085106382979,45.215827338129],[16.127388535032,45.215827338129],[16.23829787234,45.215827338129],[16.23829787234,45.323741007194],[16.112531969309,45.323741007194],[16.085106382979,45.323741007194],[16.085106382979,45.215827338129]]],"type":"Polygon"},"id":529,"properties":{"parentKey":"HRV:1159312529","sourceCountryId":"HRV","syntheticOperational":true,"territoryId":"territory:catalog:c525baeced8c15f08b3b57138cdbe10b2709ffe6b5a2a8d103c14419dc8decf8"},"type":"Feature"},{"geometry":{"coordinates":[[[18.100128369705,45.627812120998],[18.151637,45.620265],[18.158148,45.618301],[18.163264,45.615614],[18.174891,45.607139],[18.181092,45.60471],[18.200057,45.600731],[18.207654,45.597734],[18.217266,45.587709],[18.220676,45.583006],[18.223932,45.577838],[18.223002,45.573239],[18.215715,45.566521],[18.209359,45.563731],[18.195562,45.560165],[18.193856,45.559132],[18.192926,45.556858],[18.192616,45.553189],[18.193861566586,45.539568345324],[18.222981631781,45.539568345324],[18.254172015404,45.539568345324],[18.254172015404,45.647482014388],[18.216123499142,45.647482014388],[18.100128369705,45.647482014388],[18.100128369705,45.627812120998]]],"type":"Polygon"},"id":530,"properties":{"parentKey":"HRV:1159312539","sourceCountryId":"HRV","syntheticOperational":true,"territoryId":"territory:catalog:1fdb046225cf982773a5d499bbba445daef3f132167ca9bd94a2081ca54d02f9"},"type":"Feature"},{"geometry":{"coordinates":[[[15.031793132683,45],[15.07614213198,45],[15.184400169563,45],[15.184400169563,45.107913669065],[15.160991753493,45.107913669065],[15.159106,45.106601],[15.125465,45.105257],[15.108876035828,45.107913669065],[15.057324840764,45.107913669065],[15.031793132683,45.107913669065],[15.031793132683,45]]],"type":"Polygon"},"id":531,"properties":{"parentKey":"HRV:1159312507","sourceCountryId":"HRV","syntheticOperational":true,"territoryId":"territory:catalog:583812c7a302f4815d37b0ef3c6076082b63c67adb50703799e2ae51250edfe1"},"type":"Feature"},{"geometry":{"coordinates":[[[15.826672275978,44.568345323741],[15.951280974381,44.568345323741],[15.978123685318,44.568345323741],[15.978123685318,44.634854513418],[15.968978,44.63924],[15.955646,44.653193],[15.948658971105,44.676258992806],[15.853350189633,44.676258992806],[15.826672275978,44.676258992806],[15.826672275978,44.568345323741]]],"type":"Polygon"},"id":532,"properties":{"parentKey":"HRV:1159312443","sourceCountryId":"HRV","syntheticOperational":true,"territoryId":"territory:catalog:ce9b8cf114309733fbc14ad99f44829e3394c40aefdbe3cefef46678d143d7e6"},"type":"Feature"},{"geometry":{"coordinates":[[[16.209262435678,45.647482014388],[16.251604621309,45.647482014388],[16.296399947283,45.647482014388],[16.29206,45.671735],[16.296246,45.684602],[16.28958,45.711319],[16.29113,45.720827],[16.293921,45.727855],[16.309889,45.744598],[16.315005,45.747802],[16.319965,45.748267],[16.337019,45.741084],[16.344047,45.739534],[16.347147,45.739482],[16.363636363636,45.743027933691],[16.363636363636,45.755395683453],[16.237113402062,45.755395683453],[16.209262435678,45.755395683453],[16.209262435678,45.647482014388]]],"type":"Polygon"},"id":533,"properties":{"parentKey":"HRV:1159312531","sourceCountryId":"HRV","syntheticOperational":true,"territoryId":"territory:catalog:a5a2e419dd4079a7ef8beda2cca9b2979b53803a6ded4b41c4652aa2976a6f71"},"type":"Feature"},{"geometry":{"coordinates":[[[14.863640758898,44.568345323741],[14.865896,44.566352],[14.876964,44.55976],[14.877615,44.551337],[14.892902141957,44.535094611792],[14.892902141957,44.568345323741],[14.863640758898,44.568345323741]]],"type":"Polygon"},"id":534,"properties":{"parentKey":"HRV:1159312507","sourceCountryId":"HRV","syntheticOperational":true,"territoryId":"territory:catalog:256e6c23443da11e202ba56274caf39211b430d276497d382ebdffd918283ee5"},"type":"Feature"},{"geometry":{"coordinates":[[[16.814464055101,45.863309352518],[16.855670103093,45.863309352518],[16.969436074042,45.863309352518],[16.969436074042,45.971223021583],[16.843467011643,45.971223021583],[16.814464055101,45.971223021583],[16.814464055101,45.863309352518]]],"type":"Polygon"},"id":535,"properties":{"parentKey":"HRV:1159312549","sourceCountryId":"HRV","syntheticOperational":true,"territoryId":"territory:catalog:dcaf6e301423640caab76fd3526e6c27976a6cdcb8ba9d2c022d237124954c94"},"type":"Feature"},{"geometry":{"coordinates":[[[13.787234042553,45.215827338129],[13.834394904459,45.215827338129],[13.940425531915,45.215827338129],[13.940425531915,45.323741007194],[13.81074168798,45.323741007194],[13.787234042553,45.323741007194],[13.787234042553,45.215827338129]]],"type":"Polygon"},"id":536,"properties":{"parentKey":"HRV:1159312535","sourceCountryId":"HRV","syntheticOperational":true,"territoryId":"territory:catalog:9dc9a361a96339b15b9749b234bf65d5c52f08e0c095c4830ff2db2966d9f7a6"},"type":"Feature"},{"geometry":{"coordinates":[[[15.16357907452,44.460431654676],[15.238893545683,44.405127330893],[15.238893545683,44.460431654676],[15.195296094078,44.460431654676],[15.16357907452,44.460431654676]]],"type":"Polygon"},"id":537,"properties":{"parentKey":"HRV:1159312507","sourceCountryId":"HRV","syntheticOperational":true,"territoryId":"territory:catalog:78ac3b7304bbee1ced4dd9eb07e33d162154b79b00d83e0e8ab44ec1429fdc6c"},"type":"Feature"},{"geometry":{"coordinates":[[[16.713735558408,45.539568345324],[16.83895771038,45.539568345324],[16.85461242989,45.539568345324],[16.847685,45.546006],[16.837918,45.557323],[16.835593,45.559132],[16.832027,45.560579],[16.823346,45.563059],[16.817299,45.566625],[16.809393,45.576185],[16.805052,45.582696],[16.790738,45.609051],[16.786707,45.613185],[16.780506,45.616286],[16.756476,45.618508],[16.747019,45.620678],[16.740043,45.624037],[16.729139,45.634062],[16.723868,45.637318],[16.713735558408,45.640669825249],[16.713735558408,45.539568345324]]],"type":"Polygon"},"id":538,"properties":{"parentKey":"HRV:1159312529","sourceCountryId":"HRV","syntheticOperational":true,"territoryId":"territory:catalog:5c8bef63838c4eb5b217e4e2acbc216c3ff4fd5236dca57d6be363dcd3ce050f"},"type":"Feature"},{"geometry":{"coordinates":[[[14.336283185841,44.710228144668],[14.337087,44.699652],[14.342713556311,44.676258992806],[14.394645579983,44.676258992806],[14.397472,44.685614],[14.381114,44.698635],[14.355724,44.707099],[14.336283185841,44.716541040439],[14.336283185841,44.710228144668]]],"type":"Polygon"},"id":539,"properties":{"parentKey":"HRV:1159312505","sourceCountryId":"HRV","syntheticOperational":true,"territoryId":"territory:catalog:368256c86c2a870fd2848e33e6abe0e92d436d5798b62b27413343340fb2f898"},"type":"Feature"},{"geometry":{"coordinates":[[[16.549840949875,43.489208633094],[16.550686677865,43.488761559098],[16.552577319588,43.487762116298],[16.552577319588,43.489208633094],[16.549840949875,43.489208633094]]],"type":"Polygon"},"id":540,"properties":{"parentKey":"HRV:1159312433","sourceCountryId":"HRV","syntheticOperational":true,"territoryId":"territory:catalog:d883ff4ac12a53ef8de0fb9486cac7733c7e9fa46c71e605908d7e83bc4c8d5c"},"type":"Feature"},{"geometry":{"coordinates":[[[15.591766723842,45.647482014388],[15.635430038511,45.647482014388],[15.746140651801,45.647482014388],[15.746140651801,45.755395683453],[15.618556701031,45.755395683453],[15.591766723842,45.755395683453],[15.591766723842,45.647482014388]]],"type":"Polygon"},"id":541,"properties":{"parentKey":"HRV:1159312531","sourceCountryId":"HRV","syntheticOperational":true,"territoryId":"territory:catalog:788f021b51092ff8724058d7dea77a65910716f5668a50e9a130d2ae0923e5d8"},"type":"Feature"},{"geometry":{"coordinates":[[[16.549264204861,43.273381294964],[16.563975,43.270087],[16.565324568611,43.269953745555],[16.565324568611,43.273381294964],[16.549264204861,43.273381294964]]],"type":"Polygon"},"id":542,"properties":{"parentKey":"HRV:1159312433","sourceCountryId":"HRV","syntheticOperational":true,"territoryId":"territory:catalog:ad92b27ee9d9e6ba702e46009d8d184c77818747655124ca26393353ab4c29e8"},"type":"Feature"},{"geometry":{"coordinates":[[[15.64888702226,44.460431654676],[15.69153394803,44.460431654676],[15.80008399832,44.460431654676],[15.80008399832,44.568345323741],[15.675220866639,44.568345323741],[15.64888702226,44.568345323741],[15.64888702226,44.504143804558],[15.653494,44.494959],[15.64888702226,44.492507165119],[15.64888702226,44.460431654676]]],"type":"Polygon"},"id":543,"properties":{"parentKey":"HRV:1159312443","sourceCountryId":"HRV","syntheticOperational":true,"territoryId":"territory:catalog:13ddbb0a6195a17128185bf3756474bbdd4c2973807ad5487b1cc57fcf15e64a"},"type":"Feature"},{"geometry":{"coordinates":[[[18.811831389817,44.892086330935],[18.817797,44.887545],[18.842129,44.876239],[18.851351351351,44.871954316124],[18.851351351351,44.892086330935],[18.811831389817,44.892086330935]]],"type":"Polygon"},"id":544,"properties":{"parentKey":"HRV:1159312543","sourceCountryId":"HRV","syntheticOperational":true,"territoryId":"territory:catalog:b504ee71c3d57e9937cfa88fadd6e75d12ab6d9e0aa6843642e2152c498294ab"},"type":"Feature"},{"geometry":{"coordinates":[[[15.094816687737,44.676258992806],[15.22086663862,44.676258992806],[15.246523388116,44.676258992806],[15.246523388116,44.78417266187],[15.202702702703,44.78417266187],[15.094816687737,44.78417266187],[15.094816687737,44.676258992806]]],"type":"Polygon"},"id":545,"properties":{"parentKey":"HRV:1159312507","sourceCountryId":"HRV","syntheticOperational":true,"territoryId":"territory:catalog:e72b0ea18c52db433e2090a0b0e60b87e9cc50551810d420b6b75ed82aff212d"},"type":"Feature"},{"geometry":{"coordinates":[[[18.961951154765,45.431654676259],[18.991883810337,45.431654676259],[18.991883810337,45.438071393429],[18.986779,45.435315],[18.961951154765,45.431654676259]]],"type":"Polygon"},"id":546,"properties":{"parentKey":"HRV:1159312543","sourceCountryId":"HRV","syntheticOperational":true,"territoryId":"territory:catalog:cfaa4c1369864c18805eea48003816b500cc8ea813baa5b26cbb5882daa79483"},"type":"Feature"},{"geometry":{"coordinates":[[[15.268556,45.601662],[15.269589,45.593446],[15.276721,45.582697],[15.282179,45.571494],[15.282612,45.570605],[15.288606,45.54456],[15.290469002639,45.539568345324],[15.301153353268,45.539568345324],[15.327342747112,45.539568345324],[15.327342747112,45.632479493958],[15.326744,45.632255],[15.297391,45.625692],[15.291604,45.61825],[15.287883,45.610344],[15.281062,45.606158],[15.268556,45.601662]]],"type":"Polygon"},"id":547,"properties":{"parentKey":"HRV:1159312525","sourceCountryId":"HRV","syntheticOperational":true,"territoryId":"territory:catalog:86027332e1e39f50b03d963d91d7f4840008254eb3e76b9ec9929b94312e0aae"},"type":"Feature"},{"geometry":{"coordinates":[[[16.28958,45.711319],[16.296246,45.684602],[16.29206,45.671735],[16.296399947283,45.647482014388],[16.363636363636,45.647482014388],[16.363636363636,45.743027933691],[16.347147,45.739482],[16.344047,45.739534],[16.337019,45.741084],[16.319965,45.748267],[16.315005,45.747802],[16.309889,45.744598],[16.293921,45.727855],[16.29113,45.720827],[16.28958,45.711319]]],"type":"Polygon"},"id":548,"properties":{"parentKey":"HRV:1159312529","sourceCountryId":"HRV","syntheticOperational":true,"territoryId":"territory:catalog:1d99c119dcff08f2c821e8dd11d9243c1fc60d5d46565fcaf1cedd628dc48837"},"type":"Feature"},{"geometry":{"coordinates":[[[15.514644351464,44.244604316547],[15.557411273486,44.244604316547],[15.665271966527,44.244604316547],[15.665271966527,44.352517985612],[15.573088533837,44.352517985612],[15.566316,44.351918],[15.558358,44.349386],[15.553707,44.347061],[15.545956,44.330473],[15.520818018194,44.352517985612],[15.514644351464,44.352517985612],[15.514644351464,44.278528622587],[15.514822,44.27851],[15.528656,44.271796],[15.525238,44.260688],[15.514644351464,44.259971055615],[15.514644351464,44.244604316547]]],"type":"Polygon"},"id":549,"properties":{"parentKey":"HRV:1159312443","sourceCountryId":"HRV","syntheticOperational":true,"territoryId":"territory:catalog:a039751fa6a28a3e64903f47492037ec721e704cd9e873e01c26206400b96db1"},"type":"Feature"},{"geometry":{"coordinates":[[[15.225849,45.43645],[15.228663,45.432886],[15.229313228877,45.431654676259],[15.301153353268,45.431654676259],[15.301153353268,45.450693516246],[15.281578,45.450974],[15.225849,45.43645]]],"type":"Polygon"},"id":550,"properties":{"parentKey":"HRV:1159312525","sourceCountryId":"HRV","syntheticOperational":true,"territoryId":"territory:catalog:373aa5d42f067f9e580540bd1b46d62cc6d48adad5a65a008cce336b5e700a2e"},"type":"Feature"},{"geometry":{"coordinates":[[[15.978123685318,44.568345323741],[16.026260171551,44.568345323741],[16.030473,44.572216],[16.034917,44.585393],[16.043186,44.588442],[16.044736,44.589372],[16.041119,44.602808],[16.036158,44.615314],[16.028303,44.624719],[16.016004,44.628957],[15.991613,44.631437],[15.979107,44.634383],[15.978123685318,44.634854513418],[15.978123685318,44.568345323741]]],"type":"Polygon"},"id":551,"properties":{"parentKey":"HRV:1159312443","sourceCountryId":"HRV","syntheticOperational":true,"territoryId":"territory:catalog:49eebfd32448ea9939c2027445d0d967fe6f911a7a42eb87403c9c0ce103d604"},"type":"Feature"},{"geometry":{"coordinates":[[[15.770025,45.710182],[15.770335,45.705531],[15.77204,45.70212],[15.773125,45.700363],[15.777363,45.696591],[15.784804,45.691372],[15.81271,45.676902],[15.874618,45.657265],[15.881284,45.654165],[15.887175,45.650806],[15.89094235521,45.647482014388],[15.90051457976,45.647482014388],[15.90051457976,45.755395683453],[15.833562316547,45.755395683453],[15.833691,45.755267],[15.813241,45.724592],[15.782427,45.738087],[15.774211,45.725736],[15.7708,45.715815],[15.770025,45.710182]]],"type":"Polygon"},"id":552,"properties":{"parentKey":"HRV:1159312533","sourceCountryId":"HRV","syntheticOperational":true,"territoryId":"territory:catalog:f97bd17a2f9e37fe2fd82adb646356e3c4781d3c673334c804831a8148226944"},"type":"Feature"},{"geometry":{"coordinates":[[[17.181205,45.34793],[17.186700767263,45.336700147051],[17.186700767263,45.351152185518],[17.181205,45.34793]]],"type":"Polygon"},"id":553,"properties":{"parentKey":"HRV:1159312537","sourceCountryId":"HRV","syntheticOperational":true,"territoryId":"territory:catalog:3aa326544512634a01ffa1e8fc71628c0c4c66b6fa97f2889510a9ca1cdf1fb9"},"type":"Feature"},{"geometry":{"coordinates":[[[15.548172757475,43.875765894736],[15.574067,43.859524],[15.638845,43.836127],[15.665782,43.819281],[15.666759,43.819973],[15.668956,43.82099],[15.673025,43.821234],[15.678884,43.819281],[15.678884,43.812949640288],[15.697674418605,43.812949640288],[15.697674418605,43.882332260917],[15.685482,43.889466],[15.681762,43.889414],[15.678041,43.887864],[15.644038,43.866263],[15.638457,43.863783],[15.633186,43.863731],[15.629,43.86585],[15.597477,43.886624],[15.575153,43.896649],[15.548172757475,43.877455137228],[15.548172757475,43.875765894736]]],"type":"Polygon"},"id":554,"properties":{"parentKey":"HRV:1159312439","sourceCountryId":"HRV","syntheticOperational":true,"territoryId":"territory:catalog:c23fd64e98d33ff2d24fabf4952e23b9e7cbcaea3759d84903cab91c0984ed79"},"type":"Feature"},{"geometry":{"coordinates":[[[17.156943303205,43.191044475435],[17.172374,43.18183],[17.215519210037,43.165467625899],[17.276456111567,43.165467625899],[17.304847986853,43.165467625899],[17.304847986853,43.273381294964],[17.26636475916,43.273381294964],[17.156943303205,43.273381294964],[17.156943303205,43.191044475435]]],"type":"Polygon"},"id":555,"properties":{"parentKey":"HRV:1159312433","sourceCountryId":"HRV","syntheticOperational":true,"territoryId":"territory:catalog:12a36d4ca523a914a366c1a3490e87f5a148dd60c5c8b790c15d61e05ccdd949"},"type":"Feature"},{"geometry":{"coordinates":[[[18.991883810337,45.431654676259],[19.01806536027,45.431654676259],[19.016433,45.433558],[19.002282,45.443686],[18.991883810337,45.438071393429],[18.991883810337,45.431654676259]]],"type":"Polygon"},"id":556,"properties":{"parentKey":"HRV:1159312543","sourceCountryId":"HRV","syntheticOperational":true,"territoryId":"territory:catalog:40508a62d5ab5a716b522aa695a5a10bee231cb17bba6e03cd85a4a00647f401"},"type":"Feature"},{"geometry":{"coordinates":[[[16.127388535032,45.107913669065],[16.252649427724,45.107913669065],[16.28025477707,45.107913669065],[16.28025477707,45.215827338129],[16.23829787234,45.215827338129],[16.127388535032,45.215827338129],[16.127388535032,45.107913669065]]],"type":"Polygon"},"id":557,"properties":{"parentKey":"HRV:1159312529","sourceCountryId":"HRV","syntheticOperational":true,"territoryId":"territory:catalog:92a3dc3c9ee721c8fe641c9ac4e464e910d7044c431529760d814aee964ea5a2"},"type":"Feature"},{"geometry":{"coordinates":[[[15.617442,43.825507],[15.630407234099,43.812949640288],[15.663434635446,43.812949640288],[15.663097,43.812974],[15.647309,43.815863],[15.617442,43.825507]]],"type":"Polygon"},"id":558,"properties":{"parentKey":"HRV:1159312439","sourceCountryId":"HRV","syntheticOperational":true,"territoryId":"territory:catalog:98d4133c4cd54021e5f91ed5e2bbd08349f45c43c7404cdc2dc54b305501f8d1"},"type":"Feature"},{"geometry":{"coordinates":[[[14.67597591324,44.78417266187],[14.699474,44.765204],[14.709972,44.76789],[14.724946,44.767646],[14.740896,44.76439],[14.75408,44.757758],[14.742931,44.765774],[14.740489,44.770494],[14.740489,44.778266],[14.77296,44.760321],[14.791403286979,44.745235393612],[14.791403286979,44.78417266187],[14.746621621622,44.78417266187],[14.67597591324,44.78417266187]]],"type":"Polygon"},"id":559,"properties":{"parentKey":"HRV:1159312505","sourceCountryId":"HRV","syntheticOperational":true,"territoryId":"territory:catalog:7b3a27ea64a63c5989b4b2bb9556d3bac008d389fa8e26e9ba5855735441388b"},"type":"Feature"},{"geometry":{"coordinates":[[[16.242666738726,43.381294964029],[16.281749,43.369371],[16.348643,43.33869],[16.375987,43.333441],[16.377109921779,43.334380762503],[16.377109921779,43.354941903243],[16.36671,43.361151],[16.348643,43.378323],[16.343739376739,43.381294964029],[16.255670103093,43.381294964029],[16.242666738726,43.381294964029]]],"type":"Polygon"},"id":560,"properties":{"parentKey":"HRV:1159312433","sourceCountryId":"HRV","syntheticOperational":true,"territoryId":"territory:catalog:93251847226cf5ca26f61a9e54ae3081f39746ddba28b5b02d46d37e7840f35f"},"type":"Feature"},{"geometry":{"coordinates":[[[16.282527881041,43.489208633094],[16.374513048077,43.489208633094],[16.375255,43.49018],[16.334158,43.501532],[16.310313,43.507758],[16.282527881041,43.510861714866],[16.282527881041,43.489208633094]]],"type":"Polygon"},"id":561,"properties":{"parentKey":"HRV:1159312433","sourceCountryId":"HRV","syntheticOperational":true,"territoryId":"territory:catalog:168792b279873191100e446ce2b3e6cf1f3378b1138e89ab8de497556ef48cd2"},"type":"Feature"},{"geometry":{"coordinates":[[[15.531471446436,44.028776978417],[15.655430711611,44.028776978417],[15.681533972489,44.028776978417],[15.681533972489,44.136690647482],[15.557411273486,44.136690647482],[15.531471446436,44.136690647482],[15.531471446436,44.028776978417]]],"type":"Polygon"},"id":562,"properties":{"parentKey":"HRV:1159312443","sourceCountryId":"HRV","syntheticOperational":true,"territoryId":"territory:catalog:4e8d3147f4a63766d0de1d82dc4e7dc87a3056c404cefaffd7471d7108b0867a"},"type":"Feature"},{"geometry":{"coordinates":[[[16.146584311208,44.028776978417],[16.148658,44.026409],[16.149743,44.021964],[16.149433,44.017934],[16.148503,44.015505],[16.148503,44.012714],[16.149123,44.009924],[16.149898,44.008322],[16.150518,44.007237],[16.151139,44.006668],[16.153309,44.002276],[16.154084,43.999899],[16.155479,43.986669],[16.155169,43.982225],[16.153774,43.972303],[16.153309,43.952356],[16.154084,43.944501],[16.159665,43.935716],[16.170104,43.92688],[16.190337094062,43.920863309353],[16.243072455088,43.920863309353],[16.25468164794,43.92331485724],[16.25468164794,44.028776978417],[16.146584311208,44.028776978417]]],"type":"Polygon"},"id":563,"properties":{"parentKey":"HRV:1159312443","sourceCountryId":"HRV","syntheticOperational":true,"territoryId":"territory:catalog:168e9c0146427be0668cd3988858f299667ad034596a96f111caa4dce251c369"},"type":"Feature"},{"geometry":{"coordinates":[[[15.630407234099,43.812949640288],[15.632986,43.810452],[15.658458,43.80508],[15.671641791045,43.800685959686],[15.671641791045,43.812357510673],[15.663434635446,43.812949640288],[15.630407234099,43.812949640288]]],"type":"Polygon"},"id":564,"properties":{"parentKey":"HRV:1159312439","sourceCountryId":"HRV","syntheticOperational":true,"territoryId":"territory:catalog:d2fc1890cf12238bba07221204023564fe3bad42089fa95b69521e2dfe9b1d3e"},"type":"Feature"},{"geometry":{"coordinates":[[[15.213389121339,44.244604316547],[15.256784968685,44.244604316547],[15.364016736402,44.244604316547],[15.364016736402,44.290548858579],[15.336925,44.301663],[15.308604,44.309272],[15.280528,44.327541],[15.261241,44.332587],[15.268891,44.320461],[15.278168,44.309801],[15.289317,44.302191],[15.302745,44.29914],[15.297862,44.294013],[15.294932,44.290229],[15.290538,44.287421],[15.281749,44.285386],[15.295258,44.250678],[15.279552,44.251776],[15.268403,44.25845],[15.247569,44.277981],[15.213389121339,44.294340422916],[15.213389121339,44.244604316547]]],"type":"Polygon"},"id":565,"properties":{"parentKey":"HRV:1159312443","sourceCountryId":"HRV","syntheticOperational":true,"territoryId":"territory:catalog:539fa5b9b194575d45756ac86c26b1294dbc332debf46b2889b08af49ef16652"},"type":"Feature"},{"geometry":{"coordinates":[[[14.686031610423,45.431654676259],[14.731457800512,45.431654676259],[14.839812046134,45.431654676259],[14.839812046134,45.459234684942],[14.838815,45.458983],[14.797164,45.465185],[14.781454,45.493142],[14.781351,45.493193],[14.781247,45.493348],[14.781144,45.493348],[14.688333,45.522029],[14.686031610423,45.523413382553],[14.686031610423,45.431654676259]]],"type":"Polygon"},"id":566,"properties":{"parentKey":"HRV:1159312505","sourceCountryId":"HRV","syntheticOperational":true,"territoryId":"territory:catalog:ecd8afac67106ab0270fb144b9b1a96cee81fbf9dbbd7eb03291599a77140844"},"type":"Feature"},{"geometry":{"coordinates":[[[17.617021276596,45.266881240624],[17.621695,45.266333],[17.651977,45.268452],[17.66686,45.268193],[17.687841,45.264111],[17.696832,45.261217],[17.701638,45.258736],[17.703033,45.256618],[17.705204,45.252432],[17.705824,45.250468],[17.706134,45.248815],[17.706444,45.245921],[17.706134,45.242613],[17.704739,45.236774],[17.704894,45.234862],[17.705979,45.232795],[17.719312,45.216775],[17.719858592372,45.215827338129],[17.770212765957,45.215827338129],[17.770212765957,45.323741007194],[17.647058823529,45.323741007194],[17.617021276596,45.323741007194],[17.617021276596,45.266881240624]]],"type":"Polygon"},"id":567,"properties":{"parentKey":"HRV:1159312541","sourceCountryId":"HRV","syntheticOperational":true,"territoryId":"territory:catalog:6a7c10b6694dccc2dc2e552f2ee7d3a60f9d5b74cfdd27f07798d1327cc5b49e"},"type":"Feature"},{"geometry":{"coordinates":[[[16.211436,43.490058],[16.212986820558,43.489208633094],[16.255670103093,43.489208633094],[16.282527881041,43.489208633094],[16.282527881041,43.510861714866],[16.264415,43.512885],[16.248057,43.508287],[16.252208,43.499945],[16.2435,43.49494],[16.229991,43.496161],[16.223318,43.497382],[16.218923,43.497748],[16.211762,43.495551],[16.211436,43.490058]]],"type":"Polygon"},"id":568,"properties":{"parentKey":"HRV:1159312433","sourceCountryId":"HRV","syntheticOperational":true,"territoryId":"territory:catalog:0dd52ea56a6309917392cc7fa22de98e7f19a3f5f4b715832bbb674abb30235b"},"type":"Feature"},{"geometry":{"coordinates":[[[16.404494382022,43.921065789507],[16.410451,43.922591],[16.414327,43.92595],[16.416497,43.930239],[16.418357,43.93551],[16.436651,43.948222],[16.470344,43.964294],[16.484452,43.968376],[16.494218,43.970236],[16.527446,43.967859],[16.52744707157,43.967858923344],[16.527447,43.967859],[16.516542,43.979539],[16.501039,43.992716],[16.483469,44.002535],[16.439647,44.014007],[16.431482,44.025789],[16.430559516441,44.028776978417],[16.404494382022,44.028776978417],[16.404494382022,43.921065789507]]],"type":"Polygon"},"id":569,"properties":{"parentKey":"HRV:1159312443","sourceCountryId":"HRV","syntheticOperational":true,"territoryId":"territory:catalog:e93afeb2fcda2a9563efe38b84ea85b35a93b30347a5eb038ff23fed7bd49651"},"type":"Feature"},{"geometry":{"coordinates":[[[16.867779204108,45.539568345324],[16.940673092661,45.539568345324],[16.944217,45.546988],[16.95941,45.542905],[16.96096,45.539856],[16.961045698233,45.539568345324],[16.992738146091,45.539568345324],[17.021822849807,45.539568345324],[17.021822849807,45.647482014388],[16.981132075472,45.647482014388],[16.867779204108,45.647482014388],[16.867779204108,45.539568345324]]],"type":"Polygon"},"id":570,"properties":{"parentKey":"HRV:1159312549","sourceCountryId":"HRV","syntheticOperational":true,"territoryId":"territory:catalog:fefa326c0ccd0f9d212a347319761478b9b9509493334721b6e95fc3cc16aff9"},"type":"Feature"},{"geometry":{"coordinates":[[[16.045414072387,43.597122302158],[16.092715231788,43.597122302158],[16.092715231788,43.61921046229],[16.091711,43.618268],[16.085354,43.616821],[16.080704,43.616563],[16.075278,43.618423],[16.070162,43.618371],[16.06427,43.616046],[16.052902,43.607106],[16.048406,43.602507],[16.045414072387,43.597122302158]]],"type":"Polygon"},"id":571,"properties":{"parentKey":"HRV:1159312433","sourceCountryId":"HRV","syntheticOperational":true,"territoryId":"territory:catalog:759ff266b3aac3a885b7dfced811ee113fede55fd4938e93ec9455574a8f74f2"},"type":"Feature"},{"geometry":{"coordinates":[[[18.107416879795,45.323741007194],[18.229787234043,45.323741007194],[18.260869565217,45.323741007194],[18.260869565217,45.431654676259],[18.247043937725,45.431654676259],[18.237574,45.426323],[18.231683,45.424825],[18.211375,45.421621],[18.185898,45.421362],[18.174271,45.418468],[18.162954,45.412526],[18.128951,45.388858],[18.124455,45.384259],[18.111587,45.367464],[18.107416879795,45.364193410562],[18.107416879795,45.323741007194]]],"type":"Polygon"},"id":572,"properties":{"parentKey":"HRV:1159312539","sourceCountryId":"HRV","syntheticOperational":true,"territoryId":"territory:catalog:29f3d24f2c28d8e9ae8a5b3bb2c7b648b0b778a3933ef0c77afb1a37fe3f94f6"},"type":"Feature"},{"geometry":{"coordinates":[[[15.820895522388,43.739322493327],[15.844005,43.729926],[15.850759,43.723944],[15.864513,43.708157],[15.86845184518,43.705035971223],[15.943708609272,43.705035971223],[15.970149253731,43.705035971223],[15.970149253731,43.812949640288],[15.847176079734,43.812949640288],[15.820895522388,43.812949640288],[15.820895522388,43.739322493327]]],"type":"Polygon"},"id":573,"properties":{"parentKey":"HRV:1159312439","sourceCountryId":"HRV","syntheticOperational":true,"territoryId":"territory:catalog:4402e305d35e9007f258a23901201cf8734376a0d8ff4b3fa84fb3df37b51ee1"},"type":"Feature"},{"geometry":{"coordinates":[[[17.146391752577,43.381294964029],[17.26636475916,43.381294964029],[17.273866623012,43.381294964029],[17.286417,43.437376],[17.270501,43.463214],[17.239495,43.478407],[17.146391752577,43.488925362909],[17.146391752577,43.381294964029]]],"type":"Polygon"},"id":574,"properties":{"parentKey":"HRV:1159312433","sourceCountryId":"HRV","syntheticOperational":true,"territoryId":"territory:catalog:9d75bdd8cace415fafb8bb467036581031cf16c708b9fc4cf6b266e0ab7f0096"},"type":"Feature"},{"geometry":{"coordinates":[[[14.557124518614,45.539568345324],[14.668265362783,45.539568345324],[14.671693,45.556807],[14.669833,45.564558],[14.664045,45.570036],[14.663675,45.570187],[14.657327,45.572775],[14.650299,45.574842],[14.615986,45.594066],[14.603067,45.603574],[14.593868,45.616183],[14.592938,45.629671],[14.594041904244,45.647482014388],[14.557124518614,45.647482014388],[14.557124518614,45.539568345324]]],"type":"Polygon"},"id":575,"properties":{"parentKey":"HRV:1159312505","sourceCountryId":"HRV","syntheticOperational":true,"territoryId":"territory:catalog:b13bbac77ef28525118584d1c0d64d4c4722fb68124b37d88166ea006b6b02c2"},"type":"Feature"},{"geometry":{"coordinates":[[[13.582286,45.196601],[13.590587,45.191799],[13.594412,45.187323],[13.593761,45.182278],[13.589122,45.175482],[13.599376,45.171291],[13.600597,45.164618],[13.597911,45.155951],[13.595958,45.145413],[13.600597,45.137274],[13.61199,45.136786],[13.636892,45.142035],[13.68152866242,45.143318332712],[13.68152866242,45.215827338129],[13.634042553191,45.215827338129],[13.594397224809,45.215827338129],[13.594493,45.212633],[13.590505,45.206488],[13.582286,45.202826],[13.582286,45.196601]]],"type":"Polygon"},"id":576,"properties":{"parentKey":"HRV:1159312535","sourceCountryId":"HRV","syntheticOperational":true,"territoryId":"territory:catalog:810b1a21a6ce8aaa54db66209510bdf907a1e6f55a7b069d5a2f7431bb86df79"},"type":"Feature"},{"geometry":{"coordinates":[[[14.756196,44.364],[14.774127923304,44.352517985612],[14.786253143336,44.352517985612],[14.786253143336,44.41767494793],[14.782888,44.418931],[14.771658,44.417873],[14.7671,44.416653],[14.763438,44.415351],[14.76824,44.384223],[14.757823,44.37226],[14.756196,44.364]]],"type":"Polygon"},"id":577,"properties":{"parentKey":"HRV:1159312443","sourceCountryId":"HRV","syntheticOperational":true,"territoryId":"territory:catalog:b43f9deba5266d2c9c314bdb95199c543d65115993ccbc811189037fc7714ee0"},"type":"Feature"},{"geometry":{"coordinates":[[[14.1941,45.292068],[14.194565,45.275015],[14.202162,45.219566],[14.202309547445,45.215827338129],[14.246808510638,45.215827338129],[14.246808510638,45.323741007194],[14.208975132496,45.323741007194],[14.206503,45.317338],[14.197511,45.303902],[14.195186,45.298321],[14.1941,45.292068]]],"type":"Polygon"},"id":578,"properties":{"parentKey":"HRV:1159312505","sourceCountryId":"HRV","syntheticOperational":true,"territoryId":"territory:catalog:f0eba76f297b17817cb26ea3755a6bd126af5ec3dd67e1301f698cf97a495842"},"type":"Feature"},{"geometry":{"coordinates":[[[13.857868020305,44.892086330935],[13.985838168818,44.892086330935],[13.980724,44.896552],[13.972667,44.901109],[13.988455,44.900784],[14.010152284264,44.905171487886],[14.010152284264,45],[13.963543874523,45],[13.857868020305,45],[13.857868020305,44.892086330935]]],"type":"Polygon"},"id":579,"properties":{"parentKey":"HRV:1159312535","sourceCountryId":"HRV","syntheticOperational":true,"territoryId":"territory:catalog:2d54a559d390dcaf6a210d633fc73288c0733b8a9ed133b36ec370a67bed87e1"},"type":"Feature"},{"geometry":{"coordinates":[[[18.071806782377,45.647482014388],[18.076861,45.645586],[18.079445,45.643623],[18.080892,45.642176],[18.083217,45.63029],[18.100128369705,45.627812120998],[18.100128369705,45.647482014388],[18.071806782377,45.647482014388]]],"type":"Polygon"},"id":580,"properties":{"parentKey":"HRV:1159312539","sourceCountryId":"HRV","syntheticOperational":true,"territoryId":"territory:catalog:6a455b848abbcb2d150eab94c557b3096037cc118797ebac34a5153fea84d5ee"},"type":"Feature"},{"geometry":{"coordinates":[[[16.321041214751,46.294964028777],[16.363636363636,46.294964028777],[16.477223427332,46.294964028777],[16.477223427332,46.302754548777],[16.361255,46.319964],[16.358774,46.320635],[16.355829,46.322754],[16.351643,46.32632],[16.346837,46.334175],[16.344822,46.338981],[16.343737,46.343528],[16.34322,46.346887],[16.342806,46.348902],[16.340946,46.351951],[16.330197,46.361822],[16.324926,46.365542],[16.321041214751,46.367379492933],[16.321041214751,46.294964028777]]],"type":"Polygon"},"id":581,"properties":{"parentKey":"HRV:1159312555","sourceCountryId":"HRV","syntheticOperational":true,"territoryId":"territory:catalog:25e97151cf58d9784da2723e3c295f7068fdb8a2ca2d684943ddfeb4dbe27e34"},"type":"Feature"},{"geometry":{"coordinates":[[[17.430544,45.574686],[17.43907,45.565694],[17.441241,45.562491],[17.442326,45.55815],[17.440931,45.55262],[17.435475141076,45.539568345324],[17.454079453225,45.539568345324],[17.483953786906,45.539568345324],[17.483953786906,45.563174034921],[17.478809,45.565384],[17.472298,45.56895],[17.430544,45.574686]]],"type":"Polygon"},"id":582,"properties":{"parentKey":"HRV:1159312541","sourceCountryId":"HRV","syntheticOperational":true,"territoryId":"territory:catalog:cc8e43f09a70cf9b8809fb1d87481bd5f9951cf99ca5184f15149f4b7ca38292"},"type":"Feature"},{"geometry":{"coordinates":[[[13.810936837643,45],[13.857868020305,45],[13.963543874523,45],[13.963543874523,45.107913669065],[13.834394904459,45.107913669065],[13.810936837643,45.107913669065],[13.810936837643,45]]],"type":"Polygon"},"id":583,"properties":{"parentKey":"HRV:1159312535","sourceCountryId":"HRV","syntheticOperational":true,"territoryId":"territory:catalog:987f2727408f009aa018541cfa95db5c192d20597364294498d5ca9a33efb8e4"},"type":"Feature"},{"geometry":{"coordinates":[[[18.536170212766,45.301560741464],[18.572748,45.305245],[18.577244,45.309379],[18.580034,45.313203],[18.58422,45.316821],[18.589698,45.318578],[18.625354,45.317854],[18.629385,45.318888],[18.632331,45.32142],[18.633021400349,45.323741007194],[18.567774936061,45.323741007194],[18.536170212766,45.323741007194],[18.536170212766,45.301560741464]]],"type":"Polygon"},"id":584,"properties":{"parentKey":"HRV:1159312539","sourceCountryId":"HRV","syntheticOperational":true,"territoryId":"territory:catalog:06b726c926e91d7c37dcbad14c54c164ab3d97060be119a94b5c190bea20f05d"},"type":"Feature"},{"geometry":{"coordinates":[[[15.008004,45.124068],[15.01965038507,45.107913669065],[15.031793132683,45.107913669065],[15.057324840764,45.107913669065],[15.057324840764,45.116169426553],[15.008004,45.124068]]],"type":"Polygon"},"id":585,"properties":{"parentKey":"HRV:1159312507","sourceCountryId":"HRV","syntheticOperational":true,"territoryId":"territory:catalog:2c3751c4581009699907f25c34d28119e5b7ede0c0d75db7d039e952a321f0c9"},"type":"Feature"},{"geometry":{"coordinates":[[[16.685808039377,43.126693887207],[16.693126,43.127265],[16.833470057424,43.127265],[16.833470057424,43.162278335483],[16.751231,43.161933],[16.727712,43.164618],[16.724704860056,43.165467625899],[16.71322925226,43.165467625899],[16.685808039377,43.165467625899],[16.685808039377,43.126693887207]]],"type":"Polygon"},"id":586,"properties":{"parentKey":"HRV:1159312433","sourceCountryId":"HRV","syntheticOperational":true,"territoryId":"territory:catalog:0b4ae73aecb696c60a83f2ffd48e24b99293dec4a5bdd9831bf29c3830feef6a"},"type":"Feature"},{"geometry":{"coordinates":[[[16.070055531824,45.495871301248],[16.074502,45.499652],[16.081324,45.502443],[16.093571,45.504613],[16.106128,45.503734],[16.109074,45.50451],[16.110779,45.50637],[16.108764,45.509315],[16.106904,45.511331],[16.103338,45.514483],[16.101788,45.518514],[16.101943,45.533293],[16.099462,45.538771],[16.098561988254,45.539568345324],[16.09756097561,45.539568345324],[16.070055531824,45.539568345324],[16.070055531824,45.495871301248]]],"type":"Polygon"},"id":587,"properties":{"parentKey":"HRV:1159312531","sourceCountryId":"HRV","syntheticOperational":true,"territoryId":"territory:catalog:8b486bca8d0b65540a8012300521a684eb01df34658884308e5f3ee3a5d4308b"},"type":"Feature"},{"geometry":{"coordinates":[[[17.845777233782,42.801004970667],[17.865082,42.789944],[17.892833,42.790839],[17.880707,42.768744],[17.901622,42.751899],[17.949501567147,42.73381294964],[17.9633401222,42.73381294964],[17.992656058752,42.73381294964],[17.992656058752,42.742086660466],[17.971853,42.754962],[17.928859,42.7908],[17.904467,42.804546],[17.869431,42.811807],[17.858475,42.816974],[17.845777233782,42.831631007704],[17.845777233782,42.801004970667]]],"type":"Polygon"},"id":588,"properties":{"parentKey":"HRV:1159312431","sourceCountryId":"HRV","syntheticOperational":true,"territoryId":"territory:catalog:043171e6a338cf7d1990cddf0dfac7f842ded6c624004fe32a8d7b1514509121"},"type":"Feature"},{"geometry":{"coordinates":[[[16.433121019108,45.131611056995],[16.435513,45.132853],[16.449156,45.148098],[16.481919,45.199516],[16.515652867337,45.215827338129],[16.433121019108,45.215827338129],[16.433121019108,45.131611056995]]],"type":"Polygon"},"id":589,"properties":{"parentKey":"HRV:1159312529","sourceCountryId":"HRV","syntheticOperational":true,"territoryId":"territory:catalog:0c91a7e44ae7828a28d5bd3022d3819522e5b7e9f2cd009ca7ec288b3a210399"},"type":"Feature"},{"geometry":{"coordinates":[[[15.231346394331,44.121715409506],[15.233246,44.120917],[15.278331,44.085598],[15.277599,44.082343],[15.319509,44.045233],[15.33961,44.039374],[15.353929000638,44.028776978417],[15.355805243446,44.028776978417],[15.381408920383,44.028776978417],[15.381408920383,44.136690647482],[15.256784968685,44.136690647482],[15.231346394331,44.136690647482],[15.231346394331,44.121715409506]]],"type":"Polygon"},"id":590,"properties":{"parentKey":"HRV:1159312443","sourceCountryId":"HRV","syntheticOperational":true,"territoryId":"territory:catalog:ae2fd1d57018dda1fa3fac88bbb36b3ee2bf5934f95a87042468668142726c0d"},"type":"Feature"},{"geometry":{"coordinates":[[[15.993294216262,44.352517985612],[16.117154811715,44.352517985612],[16.144174350377,44.352517985612],[16.144174350377,44.380694362245],[16.141991,44.380755],[16.13827,44.377602],[16.138787,44.385406],[16.144174350377,44.388814323708],[16.144174350377,44.452628485852],[16.143593085713,44.453792220339],[16.14027680643,44.460431654676],[16.102477950441,44.460431654676],[15.993294216262,44.460431654676],[15.993294216262,44.352517985612]]],"type":"Polygon"},"id":591,"properties":{"parentKey":"HRV:1159312443","sourceCountryId":"HRV","syntheticOperational":true,"territoryId":"territory:catalog:f5c23248e172c20a11e91b6b45decc844ad846153aeb7761ac072d8c77bd2283"},"type":"Feature"},{"geometry":{"coordinates":[[[14.550455973488,45.647482014388],[14.557124518614,45.647482014388],[14.594041904244,45.647482014388],[14.594075,45.648016],[14.591905,45.663364],[14.580949,45.667808],[14.569095,45.664252],[14.563896,45.662692],[14.556145,45.656697],[14.550455973488,45.647482014388]]],"type":"Polygon"},"id":592,"properties":{"parentKey":"HRV:1159312505","sourceCountryId":"HRV","syntheticOperational":true,"territoryId":"territory:catalog:6a9c1c42c636b65f04658a35b9f2eb4474ddd4eea9c3aff0f2498e8fd03f4dff"},"type":"Feature"},{"geometry":{"coordinates":[[[13.987261146497,45.107913669065],[14.116150911403,45.107913669065],[14.140127388535,45.107913669065],[14.140127388535,45.215827338129],[14.093617021277,45.215827338129],[13.987261146497,45.215827338129],[13.987261146497,45.107913669065]]],"type":"Polygon"},"id":593,"properties":{"parentKey":"HRV:1159312535","sourceCountryId":"HRV","syntheticOperational":true,"territoryId":"territory:catalog:797349dfd7023b6edf637830683e088fbafa9297a5ff78869cc8c289b27c5216"},"type":"Feature"},{"geometry":{"coordinates":[[[17.350318471338,45.154886798848],[17.359384,45.150682],[17.368583,45.145101],[17.382432,45.139623],[17.400829,45.141018],[17.434109,45.148563],[17.436176,45.151922],[17.438759,45.158123],[17.443307,45.162051],[17.451162,45.158485],[17.45695,45.151819],[17.458086,45.146134],[17.454986,45.140605],[17.447751,45.1343],[17.46036,45.131252],[17.472349,45.13275],[17.496224,45.14169],[17.487025,45.120865],[17.481858,45.114405],[17.489299,45.116265],[17.503184713376,45.117565135579],[17.503184713376,45.215827338129],[17.463829787234,45.215827338129],[17.350318471338,45.215827338129],[17.350318471338,45.154886798848]]],"type":"Polygon"},"id":594,"properties":{"parentKey":"HRV:1159312537","sourceCountryId":"HRV","syntheticOperational":true,"territoryId":"territory:catalog:c883a2281c859979907273ab591b441abb1d69e01e1bf4710a11bf444f1a587b"},"type":"Feature"},{"geometry":{"coordinates":[[[15.974522292994,45.215381713398],[15.974559,45.215381],[15.977808120676,45.215827338129],[15.974522292994,45.215827338129],[15.974522292994,45.215381713398]]],"type":"Polygon"},"id":595,"properties":{"parentKey":"HRV:1159312529","sourceCountryId":"HRV","syntheticOperational":true,"territoryId":"territory:catalog:3ec17298517bf6c1d93bb4bdcd5f134acec244696d70169b7504a8d569ca8a40"},"type":"Feature"},{"geometry":{"coordinates":[[[16.565324568611,43.165467625899],[16.685808039377,43.165467625899],[16.71322925226,43.165467625899],[16.71322925226,43.168709900542],[16.705821,43.170803],[16.68629,43.18183],[16.689464,43.182807],[16.692231,43.182807],[16.693614,43.184027],[16.693126,43.188666],[16.680675,43.19477],[16.672537,43.20303],[16.66627,43.210842],[16.659516,43.215969],[16.646007,43.219916],[16.616384,43.223538],[16.60377,43.223456],[16.596934,43.221747],[16.587087,43.216254],[16.583263,43.215969],[16.565324568611,43.2273585219],[16.565324568611,43.202520000661],[16.583263,43.188666],[16.565324568611,43.188202353526],[16.565324568611,43.165467625899]]],"type":"Polygon"},"id":596,"properties":{"parentKey":"HRV:1159312433","sourceCountryId":"HRV","syntheticOperational":true,"territoryId":"territory:catalog:51961ddb1724f0d2ea411d4ecf99275a44a3c2ab15fb57d99f2ec084299b0c4a"},"type":"Feature"},{"geometry":{"coordinates":[[[15.210191082803,45.109434367909],[15.21192637448,45.107913669065],[15.337007206443,45.107913669065],[15.363057324841,45.107913669065],[15.363057324841,45.215827338129],[15.31914893617,45.215827338129],[15.210191082803,45.215827338129],[15.210191082803,45.109434367909]]],"type":"Polygon"},"id":597,"properties":{"parentKey":"HRV:1159312525","sourceCountryId":"HRV","syntheticOperational":true,"territoryId":"territory:catalog:b9e280471b3e5ebd7ecbae384a2f1e0f5f72ef9c0561278f1d01e86168585ab3"},"type":"Feature"},{"geometry":{"coordinates":[[[14.838267083386,45.107913669065],[14.84254,45.105536],[14.852794,45.093655],[14.856456,45.076483],[14.879186095803,45.03914280425],[14.879186095803,45.107913669065],[14.838267083386,45.107913669065]]],"type":"Polygon"},"id":598,"properties":{"parentKey":"HRV:1159312505","sourceCountryId":"HRV","syntheticOperational":true,"territoryId":"territory:catalog:1a7a523cbdb9b9cf9552b9b788204050872403a6aead7155cf78c7ff1f2cd0e5"},"type":"Feature"},{"geometry":{"coordinates":[[[15.659436,45.888828],[15.663674,45.876064],[15.671149637083,45.863309352518],[15.729659922514,45.863309352518],[15.729659922514,45.970168819638],[15.710413595641,45.971223021583],[15.675452153134,45.971223021583],[15.67711,45.941796],[15.67556,45.925157],[15.670392,45.912651],[15.663364,45.900817],[15.659436,45.888828]]],"type":"Polygon"},"id":599,"properties":{"parentKey":"HRV:1159312531","sourceCountryId":"HRV","syntheticOperational":true,"territoryId":"territory:catalog:f99ae62d2032b31eda2958c635afa11bebe6323e9cf4ea0e384d09ea5ffd74f2"},"type":"Feature"},{"geometry":{"coordinates":[[[15.532994923858,44.898726705016],[15.544115944223,44.892086330935],[15.563423757276,44.892086330935],[15.563371,44.892299],[15.537739,44.918551],[15.534174,44.92346],[15.532994923858,44.926864624591],[15.532994923858,44.898726705016]]],"type":"Polygon"},"id":600,"properties":{"parentKey":"HRV:1159312525","sourceCountryId":"HRV","syntheticOperational":true,"territoryId":"territory:catalog:b9ab7fb3aeb1a70ce21aa52dab61fcd4793ef57a326a710eec35182f239c8b14"},"type":"Feature"},{"geometry":{"coordinates":[[[16.243072455088,43.920863309353],[16.25468164794,43.920863309353],[16.25468164794,43.92331485724],[16.243072455088,43.920863309353]]],"type":"Polygon"},"id":601,"properties":{"parentKey":"HRV:1159312439","sourceCountryId":"HRV","syntheticOperational":true,"territoryId":"territory:catalog:ce632e5f3356a208c9d5f02de13f72da2eedc3ca0ad78c742c19df23956537d4"},"type":"Feature"},{"geometry":{"coordinates":[[[14.335785,44.716783],[14.336283185841,44.710228144668],[14.336283185841,44.716541040439],[14.335785,44.716783]]],"type":"Polygon"},"id":602,"properties":{"parentKey":"HRV:1159312505","sourceCountryId":"HRV","syntheticOperational":true,"territoryId":"territory:catalog:a208cadccf85ec845f76b0d02d215839c40b9e89b2ca0a5d261f7a305f882441"},"type":"Feature"},{"geometry":{"coordinates":[[[15.675381,45.972486],[15.675452153134,45.971223021583],[15.710413595641,45.971223021583],[15.692924,45.972181],[15.675381,45.972486]]],"type":"Polygon"},"id":603,"properties":{"parentKey":"HRV:1159312531","sourceCountryId":"HRV","syntheticOperational":true,"territoryId":"territory:catalog:08db04ba7e05ac503fb4f7e4e17ce8aa226bbf177ea2d673718ad3d62c21f805"},"type":"Feature"},{"geometry":{"coordinates":[[[16.809825,42.749823],[16.817625458996,42.74005787051],[16.817625458996,42.753137145698],[16.809825,42.749823]]],"type":"Polygon"},"id":604,"properties":{"parentKey":"HRV:1159312431","sourceCountryId":"HRV","syntheticOperational":true,"territoryId":"territory:catalog:290a8cf55536b02ba599e4e5ca3fbedcd1f2d527ce359164a07695f8dd01d4e8"},"type":"Feature"},{"geometry":{"coordinates":[[[14.378470739,45.431654676259],[14.424552429668,45.431654676259],[14.532251174712,45.431654676259],[14.532251174712,45.539568345324],[14.479888266118,45.539568345324],[14.468915,45.525594],[14.429744,45.505389],[14.411244,45.493193],[14.378470739,45.480109950352],[14.378470739,45.431654676259]]],"type":"Polygon"},"id":605,"properties":{"parentKey":"HRV:1159312505","sourceCountryId":"HRV","syntheticOperational":true,"territoryId":"territory:catalog:ee387d7aac1d208541944ccb6675f4d948b225298524ac3c86387e65cb01b985"},"type":"Feature"},{"geometry":{"coordinates":[[[18.092783505155,45.755395683453],[18.216123499142,45.755395683453],[18.247422680412,45.755395683453],[18.247422680412,45.771993285044],[18.229822,45.781238],[18.211219,45.785372],[18.12895,45.785372],[18.120165,45.783408],[18.102905,45.774623],[18.092783505155,45.77192381035],[18.092783505155,45.755395683453]]],"type":"Polygon"},"id":606,"properties":{"parentKey":"HRV:1159312539","sourceCountryId":"HRV","syntheticOperational":true,"territoryId":"territory:catalog:66dc347b533f0f32e5cdf3e820c25199778ccf883efb47290d3ac6bb0fac1598"},"type":"Feature"},{"geometry":{"coordinates":[[[17.938144329897,45.755395683453],[18.061749571184,45.755395683453],[18.092783505155,45.755395683453],[18.092783505155,45.77192381035],[18.092053,45.771729],[18.080477,45.771729],[17.975367,45.792141],[17.938144329897,45.792141],[17.938144329897,45.755395683453]]],"type":"Polygon"},"id":607,"properties":{"parentKey":"HRV:1159312539","sourceCountryId":"HRV","syntheticOperational":true,"territoryId":"territory:catalog:48400c6d972f3ac4417c757ea83414999b03bdcaf97690decfa288e8aa3491f9"},"type":"Feature"},{"geometry":{"coordinates":[[[16.337329,43.895874],[16.339706,43.890603],[16.34291,43.884815],[16.370402,43.874945],[16.377843,43.871224],[16.38668,43.865798],[16.426729,43.831537],[16.432,43.825439],[16.432,43.818773],[16.426177534539,43.812949640288],[16.445182724253,43.812949640288],[16.445182724253,43.920863309353],[16.404494382022,43.920863309353],[16.403703607941,43.920863309353],[16.399754,43.919852],[16.382494,43.919697],[16.376828864138,43.920863309353],[16.348482499681,43.920863309353],[16.337329,43.895874]]],"type":"Polygon"},"id":608,"properties":{"parentKey":"HRV:1159312433","sourceCountryId":"HRV","syntheticOperational":true,"territoryId":"territory:catalog:8586f9ddf023bbdb988e72de31e056a441ccb1899ebe7f2db9c6c99160dcc865"},"type":"Feature"},{"geometry":{"coordinates":[[[15.582655766664,44.568345323741],[15.623109,44.541261],[15.637216,44.527412],[15.64888702226,44.504143804558],[15.64888702226,44.568345323741],[15.582655766664,44.568345323741]]],"type":"Polygon"},"id":609,"properties":{"parentKey":"HRV:1159312443","sourceCountryId":"HRV","syntheticOperational":true,"territoryId":"territory:catalog:6a6d77e1763d42b482ca131554457c6cf14c6103f49579d818b0ebee12c624ae"},"type":"Feature"},{"geometry":{"coordinates":[[[16.15866388309,44.136690647482],[16.281784076699,44.136690647482],[16.291369687525,44.136690647482],[16.289992,44.139116],[16.275523,44.157357],[16.232115,44.190999],[16.215785,44.208155],[16.199926007916,44.244604316547],[16.15866388309,44.244604316547],[16.15866388309,44.136690647482]]],"type":"Polygon"},"id":610,"properties":{"parentKey":"HRV:1159312443","sourceCountryId":"HRV","syntheticOperational":true,"territoryId":"territory:catalog:af96e1cf4e5b919efb315bf074990c7528ca54a0a830e6c28a3a0de413a2479c"},"type":"Feature"},{"geometry":{"coordinates":[[[16.877323420074,43.489208633094],[16.99793814433,43.489208633094],[17.026022304833,43.489208633094],[17.026022304833,43.552292462229],[16.98194,43.589692],[16.97195017149,43.597122302158],[16.877323420074,43.597122302158],[16.877323420074,43.489208633094]]],"type":"Polygon"},"id":611,"properties":{"parentKey":"HRV:1159312433","sourceCountryId":"HRV","syntheticOperational":true,"territoryId":"territory:catalog:52c259e96568405eaa356c96c71cea1c74ec1028e77a545ca0a0fdc7930a9bad"},"type":"Feature"},{"geometry":{"coordinates":[[[15.681533972489,44.028776978417],[15.805243445693,44.028776978417],[15.831596498541,44.028776978417],[15.831596498541,44.136690647482],[15.707724425887,44.136690647482],[15.681533972489,44.136690647482],[15.681533972489,44.028776978417]]],"type":"Polygon"},"id":612,"properties":{"parentKey":"HRV:1159312443","sourceCountryId":"HRV","syntheticOperational":true,"territoryId":"territory:catalog:c2f1ba3f7e0122faba0abe9f68345daf23ee6a7a5b0e8dadd4f6005a723a9010"},"type":"Feature"},{"geometry":{"coordinates":[[[16.233665,46.47874],[16.237489,46.465072],[16.249375,46.437528],[16.250098,46.429441],[16.248238,46.413344],[16.250925,46.404998],[16.253465196966,46.402877697842],[16.321041214751,46.402877697842],[16.349413298566,46.402877697842],[16.349413298566,46.510791366906],[16.306620209059,46.510791366906],[16.257349794243,46.510791366906],[16.234905,46.493339],[16.234188,46.484892],[16.233665,46.47874]]],"type":"Polygon"},"id":613,"properties":{"parentKey":"HRV:1159312553","sourceCountryId":"HRV","syntheticOperational":true,"territoryId":"territory:catalog:43ec0371e139f9d8391f727120f79c47e9483252ab0b26889658023045676232"},"type":"Feature"},{"geometry":{"coordinates":[[[17.010309278351,45.755395683453],[17.135506003431,45.755395683453],[17.164948453608,45.755395683453],[17.164948453608,45.858250749232],[17.154612503157,45.863309352518],[17.124408092983,45.863309352518],[17.010309278351,45.863309352518],[17.010309278351,45.755395683453]]],"type":"Polygon"},"id":614,"properties":{"parentKey":"HRV:1159312549","sourceCountryId":"HRV","syntheticOperational":true,"territoryId":"territory:catalog:2b09fbff9b70ead12664569005f6121c389ef4a8c25823919cbb681ef7e1113f"},"type":"Feature"},{"geometry":{"coordinates":[[[14.093617021277,45.215827338129],[14.140127388535,45.215827338129],[14.202309547445,45.215827338129],[14.202162,45.219566],[14.194565,45.275015],[14.1941,45.292068],[14.195186,45.298321],[14.197511,45.303902],[14.206503,45.317338],[14.208975132496,45.323741007194],[14.117647058824,45.323741007194],[14.093617021277,45.323741007194],[14.093617021277,45.215827338129]]],"type":"Polygon"},"id":615,"properties":{"parentKey":"HRV:1159312535","sourceCountryId":"HRV","syntheticOperational":true,"territoryId":"territory:catalog:07b84e04ba5c388479a090a1e646838ec162ac0c3e3aac07deb7d2131fff7a87"},"type":"Feature"},{"geometry":{"coordinates":[[[17.463829787234,45.215827338129],[17.503184713376,45.215827338129],[17.617021276596,45.215827338129],[17.617021276596,45.266881240624],[17.604952,45.268297],[17.57715,45.276823],[17.550795,45.288812],[17.532346,45.299458],[17.504233458428,45.323741007194],[17.493606138107,45.323741007194],[17.463829787234,45.323741007194],[17.463829787234,45.215827338129]]],"type":"Polygon"},"id":616,"properties":{"parentKey":"HRV:1159312537","sourceCountryId":"HRV","syntheticOperational":true,"territoryId":"territory:catalog:a803f4c62ff02d10fd3ba2dd26a799a388712743fa90ac824bb826a34a3dae79"},"type":"Feature"},{"geometry":{"coordinates":[[[18.995744680851,45.215827338129],[19.031847133758,45.215827338129],[19.148936170213,45.215827338129],[19.148936170213,45.280133569078],[19.104147,45.298726],[19.098813,45.319871],[19.097731908261,45.323741007194],[19.028132992327,45.323741007194],[18.995744680851,45.323741007194],[18.995744680851,45.215827338129]]],"type":"Polygon"},"id":617,"properties":{"parentKey":"HRV:1159312543","sourceCountryId":"HRV","syntheticOperational":true,"territoryId":"territory:catalog:96de056db54d7ba505c035953c66b17123f368b71dee281383bcd4ae420e95e0"},"type":"Feature"},{"geometry":{"coordinates":[[[16.558732132404,46.187050359712],[16.646499567848,46.187050359712],[16.675324675325,46.187050359712],[16.675324675325,46.203439993357],[16.663975,46.20085],[16.66041,46.2024],[16.657154,46.209118],[16.653899,46.211908],[16.648938,46.213097],[16.632349,46.21196],[16.596021,46.203123],[16.558732132404,46.187050359712]]],"type":"Polygon"},"id":618,"properties":{"parentKey":"HRV:1159312551","sourceCountryId":"HRV","syntheticOperational":true,"territoryId":"territory:catalog:eb73eadc630a74c36148d8a1a9153de583a07d6369843171c95c63fadcdc1572"},"type":"Feature"},{"geometry":{"coordinates":[[[15.544115944223,44.892086330935],[15.566781,44.878553],[15.563423757276,44.892086330935],[15.544115944223,44.892086330935]]],"type":"Polygon"},"id":619,"properties":{"parentKey":"HRV:1159312525","sourceCountryId":"HRV","syntheticOperational":true,"territoryId":"territory:catalog:6d4fa721236867e2f531d86dbb81b8ab98aa89b7e8476bdf95ef46c4cccf5f21"},"type":"Feature"},{"geometry":{"coordinates":[[[18.469677713983,45.215827338129],[18.486655,45.211608],[18.536936,45.193521],[18.544222,45.19073],[18.548253,45.190524],[18.553834,45.192022],[18.558485,45.195433],[18.563446,45.202306],[18.565616,45.20799],[18.567167,45.214295],[18.56726315887,45.215827338129],[18.536170212766,45.215827338129],[18.469677713983,45.215827338129]]],"type":"Polygon"},"id":620,"properties":{"parentKey":"HRV:1159312539","sourceCountryId":"HRV","syntheticOperational":true,"territoryId":"territory:catalog:40b42cc56e3f5ed41e314ecbf28b30d65443bc2d667becdfba65b146d0e06c0a"},"type":"Feature"},{"geometry":{"coordinates":[[[17.424498,45.59236],[17.430544,45.574686],[17.472298,45.56895],[17.478809,45.565384],[17.483953786906,45.563174034921],[17.483953786906,45.647482014388],[17.469435242605,45.647482014388],[17.424498,45.59236]]],"type":"Polygon"},"id":621,"properties":{"parentKey":"HRV:1159312547","sourceCountryId":"HRV","syntheticOperational":true,"territoryId":"territory:catalog:21eb3f89cf17bcf5488c27a0d4098a3344c09227b4561bb935e658b2a80c52b5"},"type":"Feature"},{"geometry":{"coordinates":[[[17.367130008177,42.919194538613],[17.417247,42.9112],[17.442719,42.898627],[17.44044,42.873358],[17.514309076043,42.851807408332],[17.514309076043,42.908530453023],[17.50766,42.909084],[17.499278,42.911851],[17.481456,42.92178],[17.476573,42.922431],[17.464854,42.920722],[17.460216,42.92178],[17.456798,42.926988],[17.455903,42.932929],[17.45574,42.938422],[17.454112,42.942288],[17.442914538874,42.94964028777],[17.395577395577,42.94964028777],[17.367130008177,42.94964028777],[17.367130008177,42.919194538613]]],"type":"Polygon"},"id":622,"properties":{"parentKey":"HRV:1159312431","sourceCountryId":"HRV","syntheticOperational":true,"territoryId":"territory:catalog:53b7eab197f327939213e282f7c35f9350522019470521880d9b5e4055901a69"},"type":"Feature"},{"geometry":{"coordinates":[[[17.434352130865,45.863309352518],[17.474226804124,45.863309352518],[17.589324149806,45.863309352518],[17.589324149806,45.93677434103],[17.554308,45.947791],[17.511933,45.95394],[17.434352130865,45.956479443691],[17.434352130865,45.863309352518]]],"type":"Polygon"},"id":623,"properties":{"parentKey":"HRV:1159312547","sourceCountryId":"HRV","syntheticOperational":true,"territoryId":"territory:catalog:339ab485092c68771154bed514552775731202336817336a69b3ed2203fa5875"},"type":"Feature"},{"geometry":{"coordinates":[[[17.637997432606,45.539568345324],[17.761640324648,45.539568345324],[17.792041078306,45.539568345324],[17.792041078306,45.647482014388],[17.753001715266,45.647482014388],[17.637997432606,45.647482014388],[17.637997432606,45.539568345324]]],"type":"Polygon"},"id":624,"properties":{"parentKey":"HRV:1159312547","sourceCountryId":"HRV","syntheticOperational":true,"territoryId":"territory:catalog:1ba4de0ced5e8e81456b905651a4dcae2f76f9a3120fd013a68b50b5641b5845"},"type":"Feature"},{"geometry":{"coordinates":[[[15.349946,43.929145],[15.355805243446,43.922573118583],[15.355805243446,43.933808629619],[15.35434,43.931464],[15.349946,43.929145]]],"type":"Polygon"},"id":625,"properties":{"parentKey":"HRV:1159312443","sourceCountryId":"HRV","syntheticOperational":true,"territoryId":"territory:catalog:ffcc696a94fc5c33b0150bee213488b8e104a80fd78d03104908c2349b031af8"},"type":"Feature"},{"geometry":{"coordinates":[[[15.241170630724,44.028776978417],[15.241873,44.027777],[15.254405,44.01789],[15.251637149753,44.028776978417],[15.241170630724,44.028776978417]]],"type":"Polygon"},"id":626,"properties":{"parentKey":"HRV:1159312443","sourceCountryId":"HRV","syntheticOperational":true,"territoryId":"territory:catalog:70b3675ad13f48d5b4ff2121b5089fdbeb6d1b21faba4c77addd91d32a5b33b5"},"type":"Feature"},{"geometry":{"coordinates":[[[16.65949203616,45.923599889996],[16.678083,45.929083],[16.692553,45.924226],[16.693483,45.96598],[16.694775514267,45.971223021583],[16.688227684347,45.971223021583],[16.65949203616,45.971223021583],[16.65949203616,45.923599889996]]],"type":"Polygon"},"id":627,"properties":{"parentKey":"HRV:1159312551","sourceCountryId":"HRV","syntheticOperational":true,"territoryId":"territory:catalog:a66a9e27658766f83c4bd76a50499b48470772819215e0bb2be1ac8140d43161"},"type":"Feature"},{"geometry":{"coordinates":[[[17.923745180238,45.755395683453],[17.934544,45.741343],[17.93904,45.732351],[17.943691,45.726615],[17.948031,45.724186],[17.975988,45.72],[17.98188,45.718088],[17.988236,45.713902],[17.995057,45.70765],[18.003429,45.695816],[18.006839,45.688271],[18.008545,45.682277],[18.00994,45.674783],[18.016606,45.669719],[18.02782,45.663983],[18.061749571184,45.651254827225],[18.061749571184,45.755395683453],[17.938144329897,45.755395683453],[17.923745180238,45.755395683453]]],"type":"Polygon"},"id":628,"properties":{"parentKey":"HRV:1159312539","sourceCountryId":"HRV","syntheticOperational":true,"territoryId":"territory:catalog:1d9fb727e70c9a3fa34c61630a4298139b196280788eee751b66faa2eaacb26f"},"type":"Feature"},{"geometry":{"coordinates":[[[18.842553191489,45.215827338129],[18.87898089172,45.215827338129],[18.995744680851,45.215827338129],[18.995744680851,45.323741007194],[18.874680306905,45.323741007194],[18.842553191489,45.323741007194],[18.842553191489,45.215827338129]]],"type":"Polygon"},"id":629,"properties":{"parentKey":"HRV:1159312543","sourceCountryId":"HRV","syntheticOperational":true,"territoryId":"territory:catalog:440ae9635a203bb52fd21b7285a1f135cc698ab6994213b387b14a92d92e4831"},"type":"Feature"},{"geometry":{"coordinates":[[[15.886453248195,43.920863309353],[15.897614,43.911894],[15.90118,43.910033],[15.90366,43.909103],[15.906451,43.909361],[15.910481,43.910602],[15.916838,43.914632],[15.92444289365,43.920863309353],[15.886453248195,43.920863309353]]],"type":"Polygon"},"id":630,"properties":{"parentKey":"HRV:1159312443","sourceCountryId":"HRV","syntheticOperational":true,"territoryId":"territory:catalog:551084e07a574d8dfca4f4b65f624b2281365c524eccf8b260601ebff3ae7871"},"type":"Feature"},{"geometry":{"coordinates":[[[16.728624535316,43.489208633094],[16.849484536082,43.489208633094],[16.877323420074,43.489208633094],[16.877323420074,43.597122302158],[16.837748344371,43.597122302158],[16.728624535316,43.597122302158],[16.728624535316,43.489208633094]]],"type":"Polygon"},"id":631,"properties":{"parentKey":"HRV:1159312433","sourceCountryId":"HRV","syntheticOperational":true,"territoryId":"territory:catalog:be95552f20dbb13969140f5e5c3f2294da8e40c7471d2437b7631b36dc45efcd"},"type":"Feature"},{"geometry":{"coordinates":[[[17.279380111924,45.863309352518],[17.319587628866,45.863309352518],[17.434352130865,45.863309352518],[17.434352130865,45.956479443691],[17.426667,45.956731],[17.418192,45.95301],[17.415402,45.949703],[17.411578,45.946602],[17.406203,45.943657],[17.399692,45.959935],[17.38915,45.963087],[17.365276,45.956731],[17.345328,45.955697],[17.342124,45.958643],[17.343675,45.967531],[17.342425691557,45.971223021583],[17.309184993532,45.971223021583],[17.279380111924,45.971223021583],[17.279380111924,45.863309352518]]],"type":"Polygon"},"id":632,"properties":{"parentKey":"HRV:1159312547","sourceCountryId":"HRV","syntheticOperational":true,"territoryId":"territory:catalog:5f3661a6853ac42f08ed7ec552f91dfe775b3c8c3cae9254b0ccc6afd4f70f55"},"type":"Feature"},{"geometry":{"coordinates":[[[16.070055531824,45.431654676259],[16.112531969309,45.431654676259],[16.223835967535,45.431654676259],[16.223835967535,45.539568345324],[16.098561988254,45.539568345324],[16.099462,45.538771],[16.101943,45.533293],[16.101788,45.518514],[16.103338,45.514483],[16.106904,45.511331],[16.108764,45.509315],[16.110779,45.50637],[16.109074,45.50451],[16.106128,45.503734],[16.093571,45.504613],[16.081324,45.502443],[16.074502,45.499652],[16.070055531824,45.495871301248],[16.070055531824,45.431654676259]]],"type":"Polygon"},"id":633,"properties":{"parentKey":"HRV:1159312529","sourceCountryId":"HRV","syntheticOperational":true,"territoryId":"territory:catalog:876c74df1ca475fb126f5a37a3143524d10390381f266e2cc55a356e2c6773fa"},"type":"Feature"},{"geometry":{"coordinates":[[[17.474226804124,45.755395683453],[17.598627787307,45.755395683453],[17.628865979381,45.755395683453],[17.628865979381,45.863309352518],[17.589324149806,45.863309352518],[17.474226804124,45.863309352518],[17.474226804124,45.755395683453]]],"type":"Polygon"},"id":634,"properties":{"parentKey":"HRV:1159312547","sourceCountryId":"HRV","syntheticOperational":true,"territoryId":"territory:catalog:9d125da29ac768de329347e13e5c81fa056cc75f8a6db9dd452a151e22f93248"},"type":"Feature"},{"geometry":{"coordinates":[[[16.104868913858,44.016011153198],[16.123494710786,44.028776978417],[16.104868913858,44.028776978417],[16.104868913858,44.016011153198]]],"type":"Polygon"},"id":635,"properties":{"parentKey":"HRV:1159312443","sourceCountryId":"HRV","syntheticOperational":true,"territoryId":"territory:catalog:d0ceac231c28be235537849739840588635c4682612e1cedb944d3fe4fb294b2"},"type":"Feature"},{"geometry":{"coordinates":[[[16.082474226804,45.755395683453],[16.209262435678,45.755395683453],[16.237113402062,45.755395683453],[16.237113402062,45.863309352518],[16.219122013359,45.863309352518],[16.224674,45.855289],[16.226845,45.849605],[16.224519,45.846969],[16.209016,45.835032],[16.207466,45.832603],[16.206536,45.830123],[16.204675,45.820769],[16.20235,45.813948],[16.20173,45.812708],[16.195064,45.802321],[16.191963,45.794001],[16.189793,45.791159],[16.187157,45.790229],[16.169794,45.795241],[16.141527,45.807695],[16.138116,45.808315],[16.089318,45.773161],[16.082474226804,45.770024268295],[16.082474226804,45.755395683453]]],"type":"Polygon"},"id":636,"properties":{"parentKey":"HRV:1159312531","sourceCountryId":"HRV","syntheticOperational":true,"territoryId":"territory:catalog:7c80d2883f63971b186bc40deeff8c59adc5092f536781a0597df60e4c658b99"},"type":"Feature"},{"geometry":{"coordinates":[[[16.28025477707,45.107913669065],[16.382035196488,45.107913669065],[16.389211,45.116834],[16.398513,45.121433],[16.424764,45.127272],[16.433121019108,45.131611056995],[16.433121019108,45.215827338129],[16.391489361702,45.215827338129],[16.28025477707,45.215827338129],[16.28025477707,45.107913669065]]],"type":"Polygon"},"id":637,"properties":{"parentKey":"HRV:1159312529","sourceCountryId":"HRV","syntheticOperational":true,"territoryId":"territory:catalog:913e9b97c7cd86c15dfef5a7ba5030e7035b514f94cb38380a3f8ce33a03cfb4"},"type":"Feature"},{"geometry":{"coordinates":[[[14.140127388535,45.107913669065],[14.193462822822,45.107913669065],[14.195323,45.120592],[14.179373,45.134508],[14.209239,45.12637],[14.232595,45.149359],[14.23406,45.153062],[14.234711,45.154568],[14.234711920228,45.154570254527],[14.234682,45.154574],[14.233995,45.15466],[14.211154,45.161533],[14.207019,45.165202],[14.202627,45.171558],[14.201542,45.177966],[14.201697,45.186751],[14.203092,45.196001],[14.202309547445,45.215827338129],[14.140127388535,45.215827338129],[14.140127388535,45.107913669065]]],"type":"Polygon"},"id":638,"properties":{"parentKey":"HRV:1159312535","sourceCountryId":"HRV","syntheticOperational":true,"territoryId":"territory:catalog:9724145a5cb86d5efc29a3291ff4e238e6f509428b56bf15dd9de8f033109176"},"type":"Feature"},{"geometry":{"coordinates":[[[13.57545,45.264879],[13.588227,45.259589],[13.595225,45.2508],[13.595714,45.240546],[13.589122,45.230699],[13.594249,45.220771],[13.594397224809,45.215827338129],[13.634042553191,45.215827338129],[13.634042553191,45.323741007194],[13.599635082061,45.323741007194],[13.609548,45.320136],[13.594493,45.311103],[13.585704,45.307807],[13.57545,45.306464],[13.578949,45.299018],[13.584646,45.293199],[13.59254,45.288804],[13.602712,45.285346],[13.602712,45.27912],[13.592052,45.27912],[13.584239,45.276068],[13.578787,45.270982],[13.57545,45.264879]]],"type":"Polygon"},"id":639,"properties":{"parentKey":"HRV:1159312535","sourceCountryId":"HRV","syntheticOperational":true,"territoryId":"territory:catalog:c0f4d49a2a8dcee7768c737c6387db0fb04f40733b97486d8aa7ef67d81b1402"},"type":"Feature"},{"geometry":{"coordinates":[[[13.81074168798,45.323741007194],[13.940425531915,45.323741007194],[13.964194373402,45.323741007194],[13.964194373402,45.431654676259],[13.917129431867,45.431654676259],[13.901862274856,45.431654676259],[13.899647,45.429218],[13.889002,45.423637],[13.835568,45.429114],[13.82421015044,45.431654676259],[13.81074168798,45.431654676259],[13.81074168798,45.323741007194]]],"type":"Polygon"},"id":640,"properties":{"parentKey":"HRV:1159312535","sourceCountryId":"HRV","syntheticOperational":true,"territoryId":"territory:catalog:028f78fbe7e96cfe5fdd53f6d444e6feaf70a413780deeefdcaeb65fb2840b2c"},"type":"Feature"},{"geometry":{"coordinates":[[[15.142237967491,44.244604316547],[15.152192,44.235297],[15.160411,44.213202],[15.144542,44.195461],[15.196951,44.15648],[15.212738,44.148261],[15.208832,44.13817],[15.209677314618,44.136690647482],[15.231346394331,44.136690647482],[15.256784968685,44.136690647482],[15.256784968685,44.244604316547],[15.213389121339,44.244604316547],[15.142237967491,44.244604316547]]],"type":"Polygon"},"id":641,"properties":{"parentKey":"HRV:1159312443","sourceCountryId":"HRV","syntheticOperational":true,"territoryId":"territory:catalog:aad75d19cbe1c648b8118bc355c9bc357084a3dfae9abf21e562d6e917043909"},"type":"Feature"},{"geometry":{"coordinates":[[[18.414322250639,45.323741007194],[18.536170212766,45.323741007194],[18.567774936061,45.323741007194],[18.567774936061,45.431654676259],[18.530542503204,45.431654676259],[18.414322250639,45.431654676259],[18.414322250639,45.323741007194]]],"type":"Polygon"},"id":642,"properties":{"parentKey":"HRV:1159312539","sourceCountryId":"HRV","syntheticOperational":true,"territoryId":"territory:catalog:c305af7e6d68d136671d28343aa91de2a6d76258176bf393172550f8a9d2582e"},"type":"Feature"},{"geometry":{"coordinates":[[[18.772631,44.942478],[18.78338,44.913745],[18.811831389817,44.892086330935],[18.851351351351,44.892086330935],[18.883248730964,44.892086330935],[18.883248730964,45],[18.846969054684,45],[18.792484754346,45],[18.794646,44.995446],[18.795162,44.993327],[18.795162,44.988004],[18.795783,44.985059],[18.797953,44.982217],[18.803017,44.977307],[18.804568,44.973845],[18.80157,44.963975],[18.779866,44.952244],[18.772631,44.942478]]],"type":"Polygon"},"id":643,"properties":{"parentKey":"HRV:1159312543","sourceCountryId":"HRV","syntheticOperational":true,"territoryId":"territory:catalog:caa1e2f863b0980bc6b611c2b02703ccf40106e89220de484c48df9f37f10466"},"type":"Feature"},{"geometry":{"coordinates":[[[16.054888507719,45.647482014388],[16.09756097561,45.647482014388],[16.209262435678,45.647482014388],[16.209262435678,45.755395683453],[16.082474226804,45.755395683453],[16.054888507719,45.755395683453],[16.054888507719,45.647482014388]]],"type":"Polygon"},"id":644,"properties":{"parentKey":"HRV:1159312531","sourceCountryId":"HRV","syntheticOperational":true,"territoryId":"territory:catalog:984b2cb5b9fc8ccf6a90c2a899a7aa62a6ab0d3f5223389e7403b8183ddd18ea"},"type":"Feature"},{"geometry":{"coordinates":[[[15.454933788979,45.431654676259],[15.498721227622,45.431654676259],[15.60871422469,45.431654676259],[15.60871422469,45.539568345324],[15.481386392811,45.539568345324],[15.454933788979,45.539568345324],[15.454933788979,45.431654676259]]],"type":"Polygon"},"id":645,"properties":{"parentKey":"HRV:1159312525","sourceCountryId":"HRV","syntheticOperational":true,"territoryId":"territory:catalog:d1cab4306ed8f140501344cd5393605b1a50a12bb47c54dff45619ea5a6f7f63"},"type":"Feature"},{"geometry":{"coordinates":[[[15.088013411567,44.400267002347],[15.091645,44.399359],[15.117198,44.387193],[15.112153,44.379584],[15.106944,44.37519],[15.099783,44.373603],[15.089203,44.374213],[15.097179,44.361314],[15.102306,44.357164],[15.110362,44.353705],[15.110362,44.352517985612],[15.19412009601,44.352517985612],[15.182872,44.357856],[15.16505,44.360541],[15.16505,44.367377],[15.187348,44.359809],[15.200367516184,44.352517985612],[15.213389121339,44.352517985612],[15.238893545683,44.352517985612],[15.238893545683,44.35266516976],[15.213227,44.369208],[15.199067,44.381049],[15.176606,44.391303],[15.088013411567,44.458268264342],[15.088013411567,44.420305158683],[15.09669,44.415188],[15.088013411567,44.419511763405],[15.088013411567,44.400267002347]]],"type":"Polygon"},"id":646,"properties":{"parentKey":"HRV:1159312507","sourceCountryId":"HRV","syntheticOperational":true,"territoryId":"territory:catalog:4495f16cf4e9de73229eb7b380b7244fd066e41a2f1dff3dbc955cf3fe3d65bf"},"type":"Feature"},{"geometry":{"coordinates":[[[16.194575979337,45.863309352518],[16.219122013359,45.863309352518],[16.218628,45.864023],[16.194575979337,45.887085396734],[16.194575979337,45.863309352518]]],"type":"Polygon"},"id":647,"properties":{"parentKey":"HRV:1159312533","sourceCountryId":"HRV","syntheticOperational":true,"territoryId":"territory:catalog:2caa0d19cad8b56b4fe6032ad386ce14dbe7f9aa8f0dd1f9f2545b98059c8052"},"type":"Feature"},{"geometry":{"coordinates":[[[14.116150911403,45],[14.162436548223,45],[14.164194860654,45],[14.166189,45.018948],[14.159434,45.040351],[14.143891,45.053209],[14.143891,45.059394],[14.147472,45.057278],[14.154307,45.054999],[14.158214,45.053209],[14.154063,45.071967],[14.154307,45.078925],[14.158214,45.087348],[14.164399,45.079901],[14.180431,45.091457],[14.193126,45.105618],[14.193462822822,45.107913669065],[14.140127388535,45.107913669065],[14.116150911403,45.107913669065],[14.116150911403,45]]],"type":"Polygon"},"id":648,"properties":{"parentKey":"HRV:1159312535","sourceCountryId":"HRV","syntheticOperational":true,"territoryId":"territory:catalog:80c24f63e827a31cc01d849a96d12f07853fc123d0f10e9543fa8a1e0053eb11"},"type":"Feature"},{"geometry":{"coordinates":[[[17.323741,42.790839],[17.334483,42.780341],[17.35377,42.766669],[17.37379,42.759996],[17.385916,42.770941],[17.405140758874,42.766895619832],[17.405140758874,42.787888193588],[17.403494,42.788764],[17.393321,42.791164],[17.38266,42.791653],[17.371593,42.790839],[17.382009,42.797838],[17.38738,42.800238],[17.392345,42.801703],[17.37379,42.802639],[17.341563,42.793402],[17.323741,42.790839]]],"type":"Polygon"},"id":649,"properties":{"parentKey":"HRV:1159312431","sourceCountryId":"HRV","syntheticOperational":true,"territoryId":"territory:catalog:52251b9456cc0f7d139b876d00976cb9afd987267a5f67f11e86e1fdf86dd56d"},"type":"Feature"},{"geometry":{"coordinates":[[[16.519480519481,46.187050359712],[16.558732132404,46.187050359712],[16.596021,46.203123],[16.632349,46.21196],[16.648938,46.213097],[16.653899,46.211908],[16.657154,46.209118],[16.66041,46.2024],[16.663975,46.20085],[16.675324675325,46.203439993357],[16.675324675325,46.294964028777],[16.633405639913,46.294964028777],[16.519480519481,46.294964028777],[16.519480519481,46.187050359712]]],"type":"Polygon"},"id":650,"properties":{"parentKey":"HRV:1159312555","sourceCountryId":"HRV","syntheticOperational":true,"territoryId":"territory:catalog:f12c7257fb292568b9143434d14283710aced9f7144c25d35733d0c81c5e15bf"},"type":"Feature"},{"geometry":{"coordinates":[[[17.319587628866,45.755395683453],[17.444253859348,45.755395683453],[17.474226804124,45.755395683453],[17.474226804124,45.863309352518],[17.434352130865,45.863309352518],[17.319587628866,45.863309352518],[17.319587628866,45.755395683453]]],"type":"Polygon"},"id":651,"properties":{"parentKey":"HRV:1159312547","sourceCountryId":"HRV","syntheticOperational":true,"territoryId":"territory:catalog:403df66f1d9c2c3d64249c5ca85a075042acae6cc63c01bc0c5d681c5a6a2333"},"type":"Feature"},{"geometry":{"coordinates":[[[16.477223427332,46.294964028777],[16.519480519481,46.294964028777],[16.633405639913,46.294964028777],[16.633405639913,46.314793555724],[16.605633,46.315881],[16.595091,46.317948],[16.585634,46.31676],[16.516129,46.301464],[16.483831,46.301774],[16.477223427332,46.302754548777],[16.477223427332,46.294964028777]]],"type":"Polygon"},"id":652,"properties":{"parentKey":"HRV:1159312555","sourceCountryId":"HRV","syntheticOperational":true,"territoryId":"territory:catalog:db7c065ca18933b34bb25f0847c821cd3c24ae942077b3bdc93cada71ef5e08c"},"type":"Feature"},{"geometry":{"coordinates":[[[15.437392795883,45.647482014388],[15.481386392811,45.647482014388],[15.51268280487,45.647482014388],[15.507664,45.649824],[15.473816,45.661813],[15.463274,45.668117],[15.448236,45.679021],[15.440639,45.688271],[15.437392795883,45.690619602279],[15.437392795883,45.647482014388]]],"type":"Polygon"},"id":653,"properties":{"parentKey":"HRV:1159312525","sourceCountryId":"HRV","syntheticOperational":true,"territoryId":"territory:catalog:10ab41191fbc0af006a5059ee2ed51ee1a6e805410f8e6023a3bb93ae3948891"},"type":"Feature"},{"geometry":{"coordinates":[[[19.028132992327,45.323741007194],[19.097731908261,45.323741007194],[19.096229,45.329121],[19.082956,45.339224],[19.067199,45.343425],[19.052943,45.345395],[19.03024,45.345137],[19.028132992327,45.346222872968],[19.028132992327,45.323741007194]]],"type":"Polygon"},"id":654,"properties":{"parentKey":"HRV:1159312543","sourceCountryId":"HRV","syntheticOperational":true,"territoryId":"territory:catalog:776c8bf16d3123675baf64430c416d76c12d81550700a78ec60a2b4368b86abd"},"type":"Feature"},{"geometry":{"coordinates":[[[18.838103374626,45.471522742602],[18.839812,45.472263],[18.845393,45.476811],[18.849423,45.478878],[18.854849,45.480377],[18.861051,45.481307],[18.873195,45.480635],[18.882186,45.478103],[18.895519,45.471075],[18.90141,45.466889],[18.904976,45.463582],[18.906061,45.46136],[18.907766,45.456657],[18.909316,45.454177],[18.911642,45.451903],[18.914742,45.450043],[18.926111,45.445133],[18.929212,45.443221],[18.934173,45.438984],[18.935878,45.436917],[18.937428,45.434695],[18.938514,45.432473],[18.940763620773,45.431654676259],[18.961951154765,45.431654676259],[18.986779,45.435315],[18.991883810337,45.438071393429],[18.991883810337,45.539568345324],[18.96100388925,45.539568345324],[18.960217,45.539134],[18.941717,45.538927],[18.94077495739,45.539568345324],[18.870346598203,45.539568345324],[18.838103374626,45.539568345324],[18.838103374626,45.471522742602]]],"type":"Polygon"},"id":655,"properties":{"parentKey":"HRV:1159312539","sourceCountryId":"HRV","syntheticOperational":true,"territoryId":"territory:catalog:1e93dee8a2e47ddd2a09ed215e50eb577f588f9db58096f60d95d300cc3a124d"},"type":"Feature"},{"geometry":{"coordinates":[[[18.260869565217,45.323741007194],[18.382978723404,45.323741007194],[18.414322250639,45.323741007194],[18.414322250639,45.431654676259],[18.376762067493,45.431654676259],[18.260869565217,45.431654676259],[18.260869565217,45.323741007194]]],"type":"Polygon"},"id":656,"properties":{"parentKey":"HRV:1159312539","sourceCountryId":"HRV","syntheticOperational":true,"territoryId":"territory:catalog:4ff74be36cbc9bfb93f38695fad1c4cb2861e1f2b8cabd17afcdf1e2db36f5c7"},"type":"Feature"},{"geometry":{"coordinates":[[[16.09756097561,45.539568345324],[16.098561988254,45.539568345324],[16.09756097561,45.540455170139],[16.09756097561,45.539568345324]]],"type":"Polygon"},"id":657,"properties":{"parentKey":"HRV:1159312531","sourceCountryId":"HRV","syntheticOperational":true,"territoryId":"territory:catalog:ede944e24f1999a60b9ff227191aabeff64e5a52223f43606e22ab40577d1fb9"},"type":"Feature"},{"geometry":{"coordinates":[[[16.71322925226,43.165467625899],[16.724704860056,43.165467625899],[16.722813242785,43.166002076259],[16.71322925226,43.168709900542],[16.71322925226,43.165467625899]]],"type":"Polygon"},"id":658,"properties":{"parentKey":"HRV:1159312433","sourceCountryId":"HRV","syntheticOperational":true,"territoryId":"territory:catalog:9acf8bd9f1271d5db50403805b77b18044c7dbd0b4a54c39bd04a197e37ce9b6"},"type":"Feature"},{"geometry":{"coordinates":[[[18.114649681529,45.107913669065],[18.191151342811,45.107913669065],[18.192512,45.108514],[18.199333,45.119004],[18.200057,45.131613],[18.20233,45.144067],[18.213286,45.153782],[18.237884,45.157451],[18.261965,45.150682],[18.267515923567,45.147856064178],[18.267515923567,45.215827338129],[18.229787234043,45.215827338129],[18.114649681529,45.215827338129],[18.114649681529,45.107913669065]]],"type":"Polygon"},"id":659,"properties":{"parentKey":"HRV:1159312537","sourceCountryId":"HRV","syntheticOperational":true,"territoryId":"territory:catalog:6092af0ff55ee62819df4b508928b7d34e8f4a832c88ba2aaf6eb902759c1611"},"type":"Feature"},{"geometry":{"coordinates":[[[15.549936788875,44.762961589257],[15.556084,44.764916],[15.565696,44.771221],[15.594067,44.783572],[15.594804284038,44.78417266187],[15.549936788875,44.78417266187],[15.549936788875,44.762961589257]]],"type":"Polygon"},"id":660,"properties":{"parentKey":"HRV:1159312507","sourceCountryId":"HRV","syntheticOperational":true,"territoryId":"territory:catalog:185d34967991e6083914f8c8bc93b540539d532e814353a2ef089ebe6c4c9aa2"},"type":"Feature"},{"geometry":{"coordinates":[[[16.095159967186,43.057553956835],[16.216216216216,43.057553956835],[16.242821985234,43.057553956835],[16.242821985234,43.073628624939],[16.241222,43.071967],[16.228201,43.078681],[16.215831,43.079169],[16.192882,43.071967],[16.194672,43.074408],[16.199718,43.079413],[16.170177,43.087714],[16.130219,43.088446],[16.095159967186,43.083146064999],[16.095159967186,43.057553956835]]],"type":"Polygon"},"id":661,"properties":{"parentKey":"HRV:1159312433","sourceCountryId":"HRV","syntheticOperational":true,"territoryId":"territory:catalog:4fc74c26a42cdcca6041e632139661f409762c8933cee69bbd9b3f375d4673c0"},"type":"Feature"},{"geometry":{"coordinates":[[[14.314583760505,44.892086330935],[14.329845,44.83393],[14.346039,44.820502],[14.356619,44.81977],[14.361583,44.815985],[14.363048,44.806545],[14.363897097916,44.78417266187],[14.442567567568,44.78417266187],[14.442567567568,44.892086330935],[14.314720812183,44.892086330935],[14.314583760505,44.892086330935]]],"type":"Polygon"},"id":662,"properties":{"parentKey":"HRV:1159312505","sourceCountryId":"HRV","syntheticOperational":true,"territoryId":"territory:catalog:8806db2532cb4f7a373640a6c51efdd97a523736bd408baf17db3d9f093e50e4"},"type":"Feature"},{"geometry":{"coordinates":[[[17.124408092983,45.880931051484],[17.14038,45.870275],[17.133714,45.888517],[17.132319,45.893633],[17.133094,45.896992],[17.137745,45.903865],[17.137435,45.906242],[17.133094,45.911565],[17.135109,45.915854],[17.141621,45.921642],[17.157744,45.933631],[17.187096,45.96536],[17.192522,45.969597],[17.195285869643,45.971223021583],[17.153945666235,45.971223021583],[17.124408092983,45.971223021583],[17.124408092983,45.880931051484]]],"type":"Polygon"},"id":663,"properties":{"parentKey":"HRV:1159312551","sourceCountryId":"HRV","syntheticOperational":true,"territoryId":"territory:catalog:63e439b6c81d12e6c0b76b7d000fdc3aa59e8263a01de5052a2cba83e49dadc0"},"type":"Feature"},{"geometry":{"coordinates":[[[13.78712,44.875067],[13.799327,44.864569],[13.815684,44.856594],[13.831391,44.852729],[13.834459459459,44.853267000411],[13.834459459459,44.87458265239],[13.833751,44.873358],[13.819591,44.867662],[13.804861,44.870592],[13.794607,44.881293],[13.78712,44.875067]]],"type":"Polygon"},"id":664,"properties":{"parentKey":"HRV:1159312535","sourceCountryId":"HRV","syntheticOperational":true,"territoryId":"territory:catalog:03ec3d07b9d7a0244a693872318d9c4a159c29f9925cb031bccc31812b9829b6"},"type":"Feature"},{"geometry":{"coordinates":[[[18.343483556638,42.5088642555],[18.411876,42.47602],[18.413097,42.461859],[18.427582,42.455268],[18.460948,42.447943],[18.474457,42.441352],[18.489646772229,42.424052402766],[18.489646772229,42.443746901966],[18.475492,42.449813],[18.467741,42.453379],[18.454925,42.464722],[18.444279,42.477925],[18.437148,42.493402],[18.436425,42.510765],[18.437674673856,42.517985611511],[18.373322488817,42.517985611511],[18.343483556638,42.517985611511],[18.343483556638,42.5088642555]]],"type":"Polygon"},"id":665,"properties":{"parentKey":"HRV:1159312431","sourceCountryId":"HRV","syntheticOperational":true,"territoryId":"territory:catalog:b654b73ea4c5484be31b28c1b28a14449f71cc0e616e8421f7f4fb0d1a898abb"},"type":"Feature"},{"geometry":{"coordinates":[[[16.09756097561,45.603327577926],[16.121528,45.616906],[16.137961,45.629928],[16.141682,45.632305],[16.147883,45.634114],[16.153619,45.634372],[16.16137,45.633184],[16.171654,45.62874],[16.179716,45.619025],[16.183126,45.615717],[16.187312,45.61427],[16.197544,45.61334],[16.20421,45.61148],[16.211807,45.607966],[16.218628,45.603005],[16.227051,45.598354],[16.237903,45.596752],[16.251604621309,45.600689025645],[16.251604621309,45.647482014388],[16.209262435678,45.647482014388],[16.09756097561,45.647482014388],[16.09756097561,45.603327577926]]],"type":"Polygon"},"id":666,"properties":{"parentKey":"HRV:1159312531","sourceCountryId":"HRV","syntheticOperational":true,"territoryId":"territory:catalog:d833aa4452f7b7897241a2a2cb632b4663a4e96bc0f781f033a9590fa9438b15"},"type":"Feature"},{"geometry":{"coordinates":[[[19.148936170213,45.215827338129],[19.184713375796,45.215827338129],[19.302127659574,45.215827338129],[19.302127659574,45.235368533825],[19.28975,45.23631],[19.259907,45.242973],[19.197179,45.264923],[19.158482,45.276171],[19.148936170213,45.280133569078],[19.148936170213,45.215827338129]]],"type":"Polygon"},"id":667,"properties":{"parentKey":"HRV:1159312543","sourceCountryId":"HRV","syntheticOperational":true,"territoryId":"territory:catalog:495b2b68369c251a65def472c4021758aedd9b3c5d0af17818040d0fc36593ec"},"type":"Feature"},{"geometry":{"coordinates":[[[17.915420760359,45.486991589737],[17.925552,45.492366],[17.932373,45.497223],[17.93966,45.5042],[17.948342,45.51593],[17.961519008291,45.539568345324],[17.946084724005,45.539568345324],[17.915420760359,45.539568345324],[17.915420760359,45.486991589737]]],"type":"Polygon"},"id":668,"properties":{"parentKey":"HRV:1159312547","sourceCountryId":"HRV","syntheticOperational":true,"territoryId":"territory:catalog:99ddcfaa541018f4bd31acd4c48cdcec1cc7a449d90995c0e9c4cd6d3eb86eea"},"type":"Feature"},{"geometry":{"coordinates":[[[15.58988,46.113517],[15.603833,46.090986],[15.619911824002,46.079136690647],[15.71305099395,46.079136690647],[15.71305099395,46.187050359712],[15.61936457376,46.187050359712],[15.604349,46.167002],[15.589983,46.138684],[15.58988,46.113517]]],"type":"Polygon"},"id":669,"properties":{"parentKey":"HRV:1159312523","sourceCountryId":"HRV","syntheticOperational":true,"territoryId":"territory:catalog:4dba3d1dca89116c4aef410bb73aee4670c34976ec7a10873fa21485ee1a1dd9"},"type":"Feature"},{"geometry":{"coordinates":[[[17.248157248157,42.968852351887],[17.271332,42.963365],[17.297599881361,42.94964028777],[17.367130008177,42.94964028777],[17.395577395577,42.94964028777],[17.395577395577,42.97529437139],[17.390473,42.977729],[17.248157248157,43.020400610659],[17.248157248157,42.968852351887]]],"type":"Polygon"},"id":670,"properties":{"parentKey":"HRV:1159312431","sourceCountryId":"HRV","syntheticOperational":true,"territoryId":"territory:catalog:c8be3ebe1acca631a0c276131211fe3c9994702a7c4b63d0d2e7cdce0d7fb00d"},"type":"Feature"},{"geometry":{"coordinates":[[[16.992738146091,45.51243423438],[17.016357,45.50451],[17.025866,45.503166],[17.031912,45.503321],[17.037338,45.505336],[17.044314,45.506577],[17.057802,45.507455],[17.070721,45.504406],[17.082503,45.505802],[17.108548,45.511641],[17.123431,45.51345],[17.146518581803,45.514166224219],[17.146518581803,45.539568345324],[17.021822849807,45.539568345324],[16.992738146091,45.539568345324],[16.992738146091,45.51243423438]]],"type":"Polygon"},"id":671,"properties":{"parentKey":"HRV:1159312549","sourceCountryId":"HRV","syntheticOperational":true,"territoryId":"territory:catalog:70b71fbf2eb586b99d9165c523fb277f475cdae29ad3d0818e2032a0ab77cf08"},"type":"Feature"},{"geometry":{"coordinates":[[[16.251604621309,45.600689025645],[16.264878,45.604503],[16.278211,45.61303],[16.297331,45.642279],[16.296399947283,45.647482014388],[16.251604621309,45.647482014388],[16.251604621309,45.600689025645]]],"type":"Polygon"},"id":672,"properties":{"parentKey":"HRV:1159312531","sourceCountryId":"HRV","syntheticOperational":true,"territoryId":"territory:catalog:679933ec4cc4ccf74f6773b9f90842bd02d3c7884572da34e588dfbe17205b04"},"type":"Feature"},{"geometry":{"coordinates":[[[15.207450425621,45.431654676259],[15.229313228877,45.431654676259],[15.228663,45.432886],[15.225849,45.43645],[15.207450425621,45.431654676259]]],"type":"Polygon"},"id":673,"properties":{"parentKey":"HRV:1159312505","sourceCountryId":"HRV","syntheticOperational":true,"territoryId":"territory:catalog:23501596e71f72e0c3d88142d30af41b9e2309fe416bf87071bcb405dd52a443"},"type":"Feature"},{"geometry":{"coordinates":[[[15.784784902214,45.971223021583],[15.857566151224,45.971223021583],[15.849503,45.972853],[15.836481,45.976729],[15.828213,45.980243],[15.822476,45.982052],[15.814415,45.982207],[15.797362,45.977711],[15.784784902214,45.971223021583]]],"type":"Polygon"},"id":674,"properties":{"parentKey":"HRV:1159312531","sourceCountryId":"HRV","syntheticOperational":true,"territoryId":"territory:catalog:fc33a58d588fe747f7416a25ad01de73042a93fb8819ae0d8df8e26188b34364"},"type":"Feature"},{"geometry":{"coordinates":[[[14.314720812183,44.892086330935],[14.442567567568,44.892086330935],[14.449353694309,44.892086330935],[14.449962,44.898017],[14.459239,44.915432],[14.451915,44.922309],[14.462576,44.935981],[14.467005076142,44.945371918385],[14.467005076142,44.982166822086],[14.466075,44.98371],[14.453868,44.987982],[14.430837,44.990302],[14.417654,44.997992],[14.415747181047,45],[14.370227829699,45],[14.37672,44.986884],[14.391449,44.969428],[14.411388,44.956366],[14.404063,44.94953],[14.39031,44.960395],[14.389008,44.950344],[14.393565,44.93476],[14.397227,44.929104],[14.39324,44.914781],[14.38738,44.909003],[14.377126,44.908149],[14.35963,44.908637],[14.350271,44.912909],[14.332286,44.932196],[14.325206,44.93651],[14.314720812183,44.939572496585],[14.314720812183,44.892086330935]]],"type":"Polygon"},"id":675,"properties":{"parentKey":"HRV:1159312505","sourceCountryId":"HRV","syntheticOperational":true,"territoryId":"territory:catalog:0a4502f4e25ad92d9291e0b3d8ae8f01a27e804db8b409d44086c252f7c9ff3c"},"type":"Feature"},{"geometry":{"coordinates":[[[16.067270375162,45.971223021583],[16.139435302892,45.971223021583],[16.166021,45.978331],[16.169122,45.980398],[16.172067,45.982878],[16.171447,45.984067],[16.169897,45.985204],[16.164471,45.988666],[16.163076,45.990992],[16.162301,45.994092],[16.162766,46.000035],[16.164006,46.002412],[16.165091,46.003807],[16.166952,46.003962],[16.170207,46.004014],[16.174238,46.003601],[16.17832,46.002722],[16.184366,46.000655],[16.187622,46.000448],[16.192118,46.000707],[16.20173,46.00236],[16.204675,46.004221],[16.204675,46.006598],[16.20173,46.009337],[16.198939,46.011455],[16.189793,46.01621],[16.188087,46.01807],[16.186227,46.022049],[16.189793,46.024323],[16.20483,46.030214],[16.208086,46.033366],[16.208396,46.036363],[16.20545,46.038947],[16.20266,46.040704],[16.198939,46.042461],[16.193358,46.04427],[16.190413,46.046285],[16.188242,46.049386],[16.187932,46.055277],[16.190413,46.058533],[16.194133,46.05998],[16.198629,46.059876],[16.213202,46.056879],[16.217233,46.056672],[16.220643,46.057034],[16.222509702458,46.057770950938],[16.222509702458,46.079136690647],[16.179775280899,46.079136690647],[16.067270375162,46.079136690647],[16.067270375162,45.971223021583]]],"type":"Polygon"},"id":676,"properties":{"parentKey":"HRV:1159312523","sourceCountryId":"HRV","syntheticOperational":true,"territoryId":"territory:catalog:a833d1cad054d945e454d21e2091a29c0b6a2d0d911eefd5dd2f1809c63ab285"},"type":"Feature"},{"geometry":{"coordinates":[[[13.612559,45.117865],[13.622527126776,45.107913669065],[13.658329800763,45.107913669065],[13.68152866242,45.107913669065],[13.68152866242,45.132226359532],[13.63852,45.130032],[13.612559,45.117865]]],"type":"Polygon"},"id":677,"properties":{"parentKey":"HRV:1159312535","sourceCountryId":"HRV","syntheticOperational":true,"territoryId":"territory:catalog:3398663ea1e7e362ca205ad70fa76e9db5f800a4192de766743d54515fc07ebe"},"type":"Feature"},{"geometry":{"coordinates":[[[17.309184993532,45.996568214647],[17.309362,45.996625],[17.316803,45.997659],[17.309184993532,46.005057582127],[17.309184993532,45.996568214647]]],"type":"Polygon"},"id":678,"properties":{"parentKey":"HRV:1159312551","sourceCountryId":"HRV","syntheticOperational":true,"territoryId":"territory:catalog:7565520ad8a87811aacc7e68da76596c0fb0419a8baa50aa3e9947ffeb4e9722"},"type":"Feature"},{"geometry":{"coordinates":[[[17.300299017514,45.513510201882],[17.335097,45.517532],[17.34967,45.516602],[17.383673,45.509677],[17.399331,45.509212],[17.410545,45.510556],[17.418451,45.513346],[17.423877,45.517325],[17.428683,45.52332],[17.435475141076,45.539568345324],[17.329910141207,45.539568345324],[17.300299017514,45.539568345324],[17.300299017514,45.513510201882]]],"type":"Polygon"},"id":679,"properties":{"parentKey":"HRV:1159312549","sourceCountryId":"HRV","syntheticOperational":true,"territoryId":"territory:catalog:685f291ba3c949a46385cc51c1daffff618008e36b83f0c418d4f87ecc64b695"},"type":"Feature"},{"geometry":{"coordinates":[[[15.625531914894,45.215827338129],[15.634732357314,45.215827338129],[15.633806,45.217499],[15.633031,45.225509],[15.63117,45.231038],[15.63055,45.23574],[15.63117,45.239461],[15.635821,45.243027],[15.642642,45.25052],[15.646518,45.257496],[15.659696,45.265609],[15.661556,45.26809],[15.660316,45.272276],[15.658455,45.276048],[15.656905,45.280234],[15.65644,45.285091],[15.65768,45.290052],[15.662486,45.302041],[15.664036,45.307829],[15.665018,45.313927],[15.665328,45.320025],[15.664564501325,45.323741007194],[15.652173913043,45.323741007194],[15.625531914894,45.323741007194],[15.625531914894,45.215827338129]]],"type":"Polygon"},"id":680,"properties":{"parentKey":"HRV:1159312525","sourceCountryId":"HRV","syntheticOperational":true,"territoryId":"territory:catalog:e954dd72e1791aa7c66c167ddb7fa286165786920049a71cc997f5c84b6bed32"},"type":"Feature"},{"geometry":{"coordinates":[[[17.571780147662,43.057553956835],[17.615739002378,43.057553956835],[17.598026,43.072902],[17.598025457228,43.072902470317],[17.587381,43.082126],[17.571780147662,43.08967401035],[17.571780147662,43.057553956835]]],"type":"Polygon"},"id":681,"properties":{"parentKey":"HRV:1159312431","sourceCountryId":"HRV","syntheticOperational":true,"territoryId":"territory:catalog:154a6dbebc6bdb45f9d24a773a4400610f6e670e3eb9be548b097865ed63ca75"},"type":"Feature"},{"geometry":{"coordinates":[[[16.631684,42.982611],[16.648285,42.977769],[16.658476658477,42.976781336112],[16.658476658477,42.992515533198],[16.65268,42.992377],[16.631684,42.982611]]],"type":"Polygon"},"id":682,"properties":{"parentKey":"HRV:1159312431","sourceCountryId":"HRV","syntheticOperational":true,"territoryId":"territory:catalog:26b500fdd4fb2e61b79a28775e718c4ce194c2f7096d96c49ebf966adef25eec"},"type":"Feature"},{"geometry":{"coordinates":[[[17.503184713376,45.117565135579],[17.539528,45.120968],[17.561439,45.119366],[17.572395,45.120399],[17.593065,45.129598],[17.629962,45.157348],[17.651563,45.165358],[17.656050955414,45.165169288347],[17.656050955414,45.215827338129],[17.617021276596,45.215827338129],[17.503184713376,45.215827338129],[17.503184713376,45.117565135579]]],"type":"Polygon"},"id":683,"properties":{"parentKey":"HRV:1159312537","sourceCountryId":"HRV","syntheticOperational":true,"territoryId":"territory:catalog:88e6d65bdd4d329b11178ccb7eee7af38dbf2be660b268730a67b1ab206c0aff"},"type":"Feature"},{"geometry":{"coordinates":[[[17.504233458428,45.323741007194],[17.532346,45.299458],[17.550795,45.288812],[17.57715,45.276823],[17.604952,45.268297],[17.617021276596,45.266881240624],[17.617021276596,45.323741007194],[17.504233458428,45.323741007194]]],"type":"Polygon"},"id":684,"properties":{"parentKey":"HRV:1159312541","sourceCountryId":"HRV","syntheticOperational":true,"territoryId":"territory:catalog:27d489aee13d2d5b7335ed0ad6e495fd6318a8316509a4205d7da52d0080a37e"},"type":"Feature"},{"geometry":{"coordinates":[[[17.808917197452,45.107913669065],[17.931326833404,45.107913669065],[17.946364858705,45.107913669065],[17.948827258356,45.110011759502],[17.96178343949,45.121051088443],[17.96178343949,45.215827338129],[17.923404255319,45.215827338129],[17.808917197452,45.215827338129],[17.808917197452,45.107913669065]]],"type":"Polygon"},"id":685,"properties":{"parentKey":"HRV:1159312537","sourceCountryId":"HRV","syntheticOperational":true,"territoryId":"territory:catalog:e96bb4a536cf3b667022ae319cb003c24e8025eb515724fe30ecb4e1cc40bb3f"},"type":"Feature"},{"geometry":{"coordinates":[[[15.373134328358,43.781413705569],[15.386974,43.776842],[15.395681,43.772406],[15.373134328358,43.786498465916],[15.373134328358,43.781413705569]]],"type":"Polygon"},"id":686,"properties":{"parentKey":"HRV:1159312439","sourceCountryId":"HRV","syntheticOperational":true,"territoryId":"territory:catalog:22293da6055a7a7a9ccc98c41d31fed5aaff08c9813be8f9bf20c29ead0dadfa"},"type":"Feature"},{"geometry":{"coordinates":[[[14.881342836337,45.035599787343],[14.903013493403,45],[14.92385786802,45],[15.031793132683,45],[15.031793132683,45.107913669065],[15.01965038507,45.107913669065],[15.027228,45.097403],[15.027383,45.091977],[15.026298,45.085],[15.022577,45.077042],[15.018856,45.07389],[15.012655,45.07234],[14.995395,45.071409],[14.96749,45.07327],[14.951677,45.071719],[14.947646,45.072701],[14.944701,45.07389],[14.939585,45.077921],[14.934262,45.078851],[14.92651,45.077559],[14.890234,45.061333],[14.887288,45.0588],[14.886151,45.055286],[14.886513,45.042316],[14.8815,45.035804],[14.881343,45.0356],[14.881342836337,45.035599787343]]],"type":"Polygon"},"id":687,"properties":{"parentKey":"HRV:1159312507","sourceCountryId":"HRV","syntheticOperational":true,"territoryId":"territory:catalog:c899dd5f1701aeb2c1dc6d3b15760905367d28dc78bfcfed13282ed1492c9fbe"},"type":"Feature"},{"geometry":{"coordinates":[[[15.327342747112,45.539568345324],[15.454933788979,45.539568345324],[15.481386392811,45.539568345324],[15.481386392811,45.647482014388],[15.437392795883,45.647482014388],[15.36926247433,45.647482014388],[15.373769,45.640213],[15.353099,45.640316],[15.339146,45.636905],[15.327342747112,45.632479493958],[15.327342747112,45.539568345324]]],"type":"Polygon"},"id":688,"properties":{"parentKey":"HRV:1159312525","sourceCountryId":"HRV","syntheticOperational":true,"territoryId":"territory:catalog:6ea051ebecb2d780b5b23ea41903f5e3bfc2b6253d3d28750d74f56ae4714101"},"type":"Feature"},{"geometry":{"coordinates":[[[16.376828864138,43.920863309353],[16.382494,43.919697],[16.399754,43.919852],[16.403703607941,43.920863309353],[16.376828864138,43.920863309353]]],"type":"Polygon"},"id":689,"properties":{"parentKey":"HRV:1159312443","sourceCountryId":"HRV","syntheticOperational":true,"territoryId":"territory:catalog:ff0c2cdf5281219a884ec86ebe0f65c75e0c9297c4b8c3c78ea41d192b57c06e"},"type":"Feature"},{"geometry":{"coordinates":[[[16.969946480033,43.339452353872],[17.028168,43.284247],[17.0324,43.282375],[17.045095,43.279771],[17.04949,43.278022],[17.051117,43.274237],[17.051336315492,43.273381294964],[17.118155619597,43.273381294964],[17.118155619597,43.381294964029],[16.99793814433,43.381294964029],[16.969946480033,43.381294964029],[16.969946480033,43.339452353872]]],"type":"Polygon"},"id":690,"properties":{"parentKey":"HRV:1159312433","sourceCountryId":"HRV","syntheticOperational":true,"territoryId":"territory:catalog:cec4ae0bb32e57760fc8a30a70414039c1b46920b0cff239578bc89adb8fc78d"},"type":"Feature"},{"geometry":{"coordinates":[[[18.991883810337,45.438071393429],[19.002282,45.443686],[18.997144,45.455517],[18.99639,45.473815],[19.00962,45.498671],[19.017926,45.497807],[19.077212,45.491643],[19.106255,45.511642],[19.095092,45.526059],[19.082277,45.531175],[19.067807,45.533398],[19.050961,45.538927],[19.049906640067,45.539568345324],[19.024390243902,45.539568345324],[18.991883810337,45.539568345324],[18.991883810337,45.438071393429]]],"type":"Polygon"},"id":691,"properties":{"parentKey":"HRV:1159312539","sourceCountryId":"HRV","syntheticOperational":true,"territoryId":"territory:catalog:9baf581ad3d8ecfd43763a5246efa81bc24813db8828c773cc23b262e9a24da9"},"type":"Feature"},{"geometry":{"coordinates":[[[18.999576091564,45],[19.035532994924,45],[19.088684506811,45],[19.093232,45.011517],[19.095402,45.020922],[19.094266,45.031413],[19.085997,45.06092],[19.082277,45.084949],[19.079176,45.094613],[19.071528,45.107067],[19.070560396788,45.107913669065],[19.031847133758,45.107913669065],[18.999576091564,45.107913669065],[18.999576091564,45]]],"type":"Polygon"},"id":692,"properties":{"parentKey":"HRV:1159312543","sourceCountryId":"HRV","syntheticOperational":true,"territoryId":"territory:catalog:ee2f8027cce1229b03cebcc7a05bf854931e2c747eb1cffd0426639b6b73f56d"},"type":"Feature"},{"geometry":{"coordinates":[[[18.87898089172,45.107913669065],[18.999576091564,45.107913669065],[19.031847133758,45.107913669065],[19.031847133758,45.215827338129],[18.995744680851,45.215827338129],[18.87898089172,45.215827338129],[18.87898089172,45.107913669065]]],"type":"Polygon"},"id":693,"properties":{"parentKey":"HRV:1159312543","sourceCountryId":"HRV","syntheticOperational":true,"territoryId":"territory:catalog:154fa0e2791e8d47706fda449974872072036389836962e47cca0501bac1688c"},"type":"Feature"},{"geometry":{"coordinates":[[[15.046246436042,45.323741007194],[15.047227,45.323177],[15.059371,45.318164],[15.087896,45.311601],[15.098593,45.307364],[15.105569,45.302972],[15.107946,45.299044],[15.116318,45.29429],[15.119884,45.293205],[15.122364,45.293308],[15.135077,45.309379],[15.138797,45.3131],[15.142053,45.315115],[15.165957446809,45.322186753872],[15.165957446809,45.323741007194],[15.046246436042,45.323741007194]]],"type":"Polygon"},"id":694,"properties":{"parentKey":"HRV:1159312505","sourceCountryId":"HRV","syntheticOperational":true,"territoryId":"territory:catalog:1f8fd117494dc854f4d45710245bb97ceafe5615398d85f91fb33878b2335761"},"type":"Feature"},{"geometry":{"coordinates":[[[17.405140758874,42.766895619832],[17.544731172622,42.737522232359],[17.552019583843,42.73598856453],[17.552019583843,42.760752473158],[17.523692,42.764838],[17.486013,42.782172],[17.43686,42.78262],[17.419932,42.790839],[17.412446,42.784003],[17.405140758874,42.787888193588],[17.405140758874,42.766895619832]]],"type":"Polygon"},"id":695,"properties":{"parentKey":"HRV:1159312431","sourceCountryId":"HRV","syntheticOperational":true,"territoryId":"territory:catalog:9443d0c04639a7dad28e7d0b53c37d635c58a318798de528f4eb658ea8c625d9"},"type":"Feature"},{"geometry":{"coordinates":[[[14.465831,45.114691],[14.466300416155,45.107913669065],[14.573972022043,45.107913669065],[14.59872611465,45.107913669065],[14.59872611465,45.165828952979],[14.597423,45.166449],[14.59872611465,45.166895430562],[14.59872611465,45.21295113507],[14.596414916272,45.215827338129],[14.553191489362,45.215827338129],[14.548916762961,45.215827338129],[14.548025,45.210273],[14.536876,45.201728],[14.535899,45.194159],[14.539399,45.186835],[14.541759,45.1789],[14.539561,45.170396],[14.53419,45.162177],[14.521251,45.14883],[14.530121,45.134833],[14.514008,45.129055],[14.476329,45.128363],[14.467052,45.124091],[14.465831,45.114691]]],"type":"Polygon"},"id":696,"properties":{"parentKey":"HRV:1159312505","sourceCountryId":"HRV","syntheticOperational":true,"territoryId":"territory:catalog:dcaeeac4a923f9798f54131ab8034d645f2be527db2daaeb711d197eaa0f75b8"},"type":"Feature"},{"geometry":{"coordinates":[[[16.008189623139,46.294964028777],[16.008676789588,46.294964028777],[16.008676789588,46.295134914592],[16.008219904629,46.294974650767],[16.008189623139,46.294964028777]]],"type":"Polygon"},"id":697,"properties":{"parentKey":"HRV:1159312555","sourceCountryId":"HRV","syntheticOperational":true,"territoryId":"territory:catalog:18750f7e189c717c893651b25d6e94d08cfb71a136f183f4dcb334c7ae4a5a4a"},"type":"Feature"},{"geometry":{"coordinates":[[[15.213389121339,44.345448141642],[15.235118,44.336249],[15.254405,44.340033],[15.241384,44.35106],[15.239121904955,44.352517985612],[15.238893545683,44.352517985612],[15.213389121339,44.352517985612],[15.213389121339,44.345448141642]]],"type":"Polygon"},"id":698,"properties":{"parentKey":"HRV:1159312507","sourceCountryId":"HRV","syntheticOperational":true,"territoryId":"territory:catalog:0b3afb10d2e8667705b6c3225d5f85f267553d772042211af945b392c2b9082c"},"type":"Feature"},{"geometry":{"coordinates":[[[17.081573,45.216103],[17.08166488729,45.215827338129],[17.157446808511,45.215827338129],[17.157446808511,45.283517614251],[17.153713,45.282404],[17.150767,45.281112],[17.147202,45.277702],[17.13542,45.263284],[17.119865,45.253052],[17.114749,45.250417],[17.088704,45.231865],[17.085914,45.228712],[17.084208,45.225715],[17.081573,45.216103]]],"type":"Polygon"},"id":699,"properties":{"parentKey":"HRV:1159312537","sourceCountryId":"HRV","syntheticOperational":true,"territoryId":"territory:catalog:5c0de6dc90033d43bc95d29a3e0c39ddc98be069f0434391d928e85af60bad85"},"type":"Feature"},{"geometry":{"coordinates":[[[17.164948453608,45.755395683453],[17.289879931389,45.755395683453],[17.316316729459,45.755395683453],[17.315099,45.756277],[17.305642,45.764545],[17.290397,45.771005],[17.282956,45.777258],[17.27877,45.782529],[17.278305,45.785888],[17.279235,45.793588],[17.279235,45.79798],[17.27722,45.803303],[17.164948453608,45.858250749232],[17.164948453608,45.755395683453]]],"type":"Polygon"},"id":700,"properties":{"parentKey":"HRV:1159312549","sourceCountryId":"HRV","syntheticOperational":true,"territoryId":"territory:catalog:cb981834d4ffe57ce556c152e03b90f58a21a0bb56194f4d2f19c1963052b663"},"type":"Feature"},{"geometry":{"coordinates":[[[15.407098121086,44.136690647482],[15.531471446436,44.136690647482],[15.557411273486,44.136690647482],[15.557411273486,44.244604316547],[15.514644351464,44.244604316547],[15.407098121086,44.244604316547],[15.407098121086,44.136690647482]]],"type":"Polygon"},"id":701,"properties":{"parentKey":"HRV:1159312443","sourceCountryId":"HRV","syntheticOperational":true,"territoryId":"territory:catalog:4adea6423b92d8b64dd838b895d9925cb259d79770a9a06876c91e1421bd64f2"},"type":"Feature"},{"geometry":{"coordinates":[[[16.833470057424,43.127265],[16.981132075472,43.127265],[16.981132075472,43.148087000466],[16.958751,43.152411],[16.896739,43.154771],[16.878429,43.15884],[16.869160917349,43.165467625899],[16.861133935908,43.165467625899],[16.855974545182,43.165467625899],[16.848155,43.16234],[16.833470057424,43.162278335483],[16.833470057424,43.127265]]],"type":"Polygon"},"id":702,"properties":{"parentKey":"HRV:1159312433","sourceCountryId":"HRV","syntheticOperational":true,"territoryId":"territory:catalog:696078b095b59e239a64306b0b71cf839d382e7f5347c331c5c00c2150f6be56"},"type":"Feature"},{"geometry":{"coordinates":[[[18.32448992092,42.517985611511],[18.325744852572,42.517382952887],[18.343483556638,42.5088642555],[18.343483556638,42.517985611511],[18.32448992092,42.517985611511]]],"type":"Polygon"},"id":703,"properties":{"parentKey":"HRV:1159312431","sourceCountryId":"HRV","syntheticOperational":true,"territoryId":"territory:catalog:4b4a82d9971508b7c3befdd426121448ae464e95aacdb6a0fe197cd7c8491859"},"type":"Feature"},{"geometry":{"coordinates":[[[16.363636363636,46.187050359712],[16.490924805532,46.187050359712],[16.519480519481,46.187050359712],[16.519480519481,46.294964028777],[16.477223427332,46.294964028777],[16.363636363636,46.294964028777],[16.363636363636,46.187050359712]]],"type":"Polygon"},"id":704,"properties":{"parentKey":"HRV:1159312555","sourceCountryId":"HRV","syntheticOperational":true,"territoryId":"territory:catalog:63e5285bedf359fe8d7838cd8b77460c2ea2a0a840610b47302c9a2acf475751"},"type":"Feature"},{"geometry":{"coordinates":[[[15.912031047865,45.971223021583],[16.039603960396,45.971223021583],[16.067270375162,45.971223021583],[16.067270375162,46.079136690647],[16.024200518583,46.079136690647],[15.912031047865,46.079136690647],[15.912031047865,45.971223021583]]],"type":"Polygon"},"id":705,"properties":{"parentKey":"HRV:1159312523","sourceCountryId":"HRV","syntheticOperational":true,"territoryId":"territory:catalog:a487c77ca4528e5d114149ccb0c5502d7414c7b4dd18bdb5ea476fefcec4a85c"},"type":"Feature"},{"geometry":{"coordinates":[[[17.146518581803,45.514166224219],[17.146737,45.514173],[17.159759,45.516343],[17.169061,45.520013],[17.173712,45.524198],[17.180378,45.528332],[17.185029,45.528281],[17.190042,45.52549],[17.198723,45.519082],[17.212521,45.511072],[17.222908,45.50668],[17.233605,45.505802],[17.300299017514,45.513510201882],[17.300299017514,45.539568345324],[17.175866495507,45.539568345324],[17.146518581803,45.539568345324],[17.146518581803,45.514166224219]]],"type":"Polygon"},"id":706,"properties":{"parentKey":"HRV:1159312549","sourceCountryId":"HRV","syntheticOperational":true,"territoryId":"territory:catalog:4d724b23f7ab6126143fa59477758567201f0f33ac757103d884eb31936f9eac"},"type":"Feature"},{"geometry":{"coordinates":[[[17.329910141207,45.539568345324],[17.435475141076,45.539568345324],[17.440931,45.55262],[17.442326,45.55815],[17.441241,45.562491],[17.43907,45.565694],[17.430544,45.574686],[17.424498,45.59236],[17.469435242605,45.647482014388],[17.444253859348,45.647482014388],[17.329910141207,45.647482014388],[17.329910141207,45.539568345324]]],"type":"Polygon"},"id":707,"properties":{"parentKey":"HRV:1159312549","sourceCountryId":"HRV","syntheticOperational":true,"territoryId":"territory:catalog:9ed11821959693f224be35220e50ca3692df1335ac03d235a1fb44edf2bfe815"},"type":"Feature"},{"geometry":{"coordinates":[[[16.716417910448,43.705035971223],[16.826863333168,43.705035971223],[16.82381,43.707307],[16.716417910448,43.769311813376],[16.716417910448,43.705035971223]]],"type":"Polygon"},"id":708,"properties":{"parentKey":"HRV:1159312433","sourceCountryId":"HRV","syntheticOperational":true,"territoryId":"territory:catalog:5913d9cdd9500b5eb173fe002582783e795fe3ab7d105a0269d7de2684e73946"},"type":"Feature"},{"geometry":{"coordinates":[[[13.986486486486,44.881293],[13.993012,44.881293],[13.986486486486,44.891117715474],[13.986486486486,44.881293]]],"type":"Polygon"},"id":709,"properties":{"parentKey":"HRV:1159312535","sourceCountryId":"HRV","syntheticOperational":true,"territoryId":"territory:catalog:27dd9736ded205d02a4fa7b7d134e123b9ec376e452580fca7427e81db3d7da9"},"type":"Feature"},{"geometry":{"coordinates":[[[15.7708,45.863309352518],[15.773195876289,45.863309352518],[15.884631941455,45.863309352518],[15.884631941455,45.919026406008],[15.86144,45.915441],[15.847023,45.91482],[15.828678,45.915544],[15.820616,45.913684],[15.81674,45.91017],[15.817515,45.905054],[15.819376,45.899059],[15.820461,45.892031],[15.819531,45.885262],[15.81426,45.877975],[15.806353,45.874823],[15.781394,45.871722],[15.774521,45.869345],[15.77142,45.867537],[15.7708,45.864384],[15.7708,45.863309352518]]],"type":"Polygon"},"id":710,"properties":{"parentKey":"HRV:1159312533","sourceCountryId":"HRV","syntheticOperational":true,"territoryId":"territory:catalog:e82a6662d7e7561fdedeb797ed44b8e3e019929b5653b80bdb72b60bc8adf553"},"type":"Feature"},{"geometry":{"coordinates":[[[15.943708609272,43.597122302158],[15.985130111524,43.597122302158],[16.045414072387,43.597122302158],[16.048406,43.602507],[16.052902,43.607106],[16.06427,43.616046],[16.070162,43.618371],[16.075278,43.618423],[16.080704,43.616563],[16.085354,43.616821],[16.091711,43.618268],[16.092715231788,43.61921046229],[16.092715231788,43.705035971223],[15.970149253731,43.705035971223],[15.943708609272,43.705035971223],[15.943708609272,43.693181606833],[15.95045,43.688544],[15.952403,43.679755],[15.945974,43.672309],[15.943708609272,43.671675922036],[15.943708609272,43.663455296056],[15.951427,43.657416],[15.952973,43.650865],[15.943708609272,43.648371145105],[15.943708609272,43.644683139234],[15.966319,43.641181],[15.966319,43.633734],[15.943708609272,43.634034578541],[15.943708609272,43.597122302158]]],"type":"Polygon"},"id":711,"properties":{"parentKey":"HRV:1159312439","sourceCountryId":"HRV","syntheticOperational":true,"territoryId":"territory:catalog:3c7ea6481aea4c47e3cdd5e0117b8e85dcca97a8c3e688c01cbffd1d83f811d6"},"type":"Feature"},{"geometry":{"coordinates":[[[15.939201675097,45.647482014388],[15.94351732991,45.647482014388],[16.054888507719,45.647482014388],[16.054888507719,45.755395683453],[16.05055733807,45.755395683453],[15.966617,45.716923],[15.946167,45.693916],[15.939201675097,45.647482014388]]],"type":"Polygon"},"id":712,"properties":{"parentKey":"HRV:1159312531","sourceCountryId":"HRV","syntheticOperational":true,"territoryId":"territory:catalog:664dec18451116bd20044404911f748f64e9a7e327bdd79273b356a26de80bbf"},"type":"Feature"},{"geometry":{"coordinates":[[[15.548172757475,43.877455137228],[15.575153,43.896649],[15.597477,43.886624],[15.629,43.86585],[15.633186,43.863731],[15.638457,43.863783],[15.644038,43.866263],[15.678041,43.887864],[15.681762,43.889414],[15.685482,43.889466],[15.697674418605,43.882332260917],[15.697674418605,43.920863309353],[15.655430711611,43.920863309353],[15.548172757475,43.920863309353],[15.548172757475,43.877455137228]]],"type":"Polygon"},"id":713,"properties":{"parentKey":"HRV:1159312443","sourceCountryId":"HRV","syntheticOperational":true,"territoryId":"territory:catalog:6386dee055294320085bf321fd71f567763e5dd57f8efdfe21fc1d525c225c3f"},"type":"Feature"},{"geometry":{"coordinates":[[[15.531264921816,44.676258992806],[15.532003,44.673553],[15.533398,44.654846],[15.535724,44.648076],[15.551227,44.636139],[15.555774,44.630868],[15.561355,44.610197],[15.563681,44.605133],[15.564301,44.602136],[15.563681,44.599655],[15.5612,44.596193],[15.558048,44.592524],[15.558668,44.588286],[15.562751,44.581672],[15.582655766664,44.568345323741],[15.64888702226,44.568345323741],[15.675220866639,44.568345323741],[15.675220866639,44.676258992806],[15.549936788875,44.676258992806],[15.531264921816,44.676258992806]]],"type":"Polygon"},"id":714,"properties":{"parentKey":"HRV:1159312443","sourceCountryId":"HRV","syntheticOperational":true,"territoryId":"territory:catalog:00ac12dbf03b2179a33fb3c99c2aee0e157bd5a6ef5ca65d85e4e1b34d1b789b"},"type":"Feature"},{"geometry":{"coordinates":[[[16.119402985075,43.705035971223],[16.241721854305,43.705035971223],[16.268656716418,43.705035971223],[16.268656716418,43.812949640288],[16.146179401993,43.812949640288],[16.119402985075,43.812949640288],[16.119402985075,43.705035971223]]],"type":"Polygon"},"id":715,"properties":{"parentKey":"HRV:1159312439","sourceCountryId":"HRV","syntheticOperational":true,"territoryId":"territory:catalog:bf3cc5d38e7633a7fea9b82c62b68d689cb0ddb1e67ce58ecca648944ec40916"},"type":"Feature"},{"geometry":{"coordinates":[[[15.346493070139,44.460431654676],[15.389773679799,44.460431654676],[15.497690046199,44.460431654676],[15.497690046199,44.568345323741],[15.37231804796,44.568345323741],[15.346493070139,44.568345323741],[15.346493070139,44.460431654676]]],"type":"Polygon"},"id":716,"properties":{"parentKey":"HRV:1159312507","sourceCountryId":"HRV","syntheticOperational":true,"territoryId":"territory:catalog:35f497063bd915d7d00cf9e9f49e3f4b1ffa6d1c397fb5fc95c110bff70cb023"},"type":"Feature"},{"geometry":{"coordinates":[[[19.302127659574,45.215827338129],[19.337579617834,45.215827338129],[19.401197942813,45.215827338129],[19.397296,45.223287],[19.378073,45.229592],[19.302127659574,45.235368533825],[19.302127659574,45.215827338129]]],"type":"Polygon"},"id":717,"properties":{"parentKey":"HRV:1159312543","sourceCountryId":"HRV","syntheticOperational":true,"territoryId":"territory:catalog:d84b217535420f58acec9130d5e818fda1dd8885b944b8597e1830d96edc447b"},"type":"Feature"},{"geometry":{"coordinates":[[[14.751592356688,45.145232808019],[14.765961,45.137356],[14.827403,45.113959],[14.838267083386,45.107913669065],[14.879186095803,45.107913669065],[14.904458598726,45.107913669065],[14.904458598726,45.215827338129],[14.859574468085,45.215827338129],[14.751592356688,45.215827338129],[14.751592356688,45.145232808019]]],"type":"Polygon"},"id":718,"properties":{"parentKey":"HRV:1159312505","sourceCountryId":"HRV","syntheticOperational":true,"territoryId":"territory:catalog:f9c5a31cc6242accb333225fa5909aecbf831c96e0ae7d3fcb870ba3c4e71155"},"type":"Feature"},{"geometry":{"coordinates":[[[16.371593,43.195502],[16.416026,43.18183],[16.417419884963,43.181587612204],[16.417419884963,43.199453751815],[16.415294,43.198472],[16.403982,43.19717],[16.391449,43.202338],[16.380382,43.201972],[16.375824,43.199937],[16.371593,43.195502]]],"type":"Polygon"},"id":719,"properties":{"parentKey":"HRV:1159312433","sourceCountryId":"HRV","syntheticOperational":true,"territoryId":"territory:catalog:e54ab4e926a8a0e22d622074c354b9213aa9c9397d88960459006a490d581874"},"type":"Feature"},{"geometry":{"coordinates":[[[17.607859888936,45.431654676259],[17.647058823529,45.431654676259],[17.761640324648,45.431654676259],[17.761640324648,45.494079704267],[17.725513,45.497172],[17.715591,45.499755],[17.706909,45.503166],[17.650427,45.515465],[17.615184,45.531795],[17.607859888936,45.536473691749],[17.607859888936,45.431654676259]]],"type":"Polygon"},"id":720,"properties":{"parentKey":"HRV:1159312541","sourceCountryId":"HRV","syntheticOperational":true,"territoryId":"territory:catalog:6ae6fdfc54668d1e3215e0cc6056d966fc7715d06ec6d21913fe43d260f2cf91"},"type":"Feature"},{"geometry":{"coordinates":[[[16.051948051948,46.188338135521],[16.057449,46.189429],[16.064581,46.190049],[16.079153,46.189429],[16.094656,46.190204],[16.108919,46.192685],[16.11636,46.19284],[16.125404,46.192116],[16.139821,46.187879],[16.158115,46.187569],[16.163851,46.189222],[16.169794,46.191961],[16.174755,46.196147],[16.182971,46.205449],[16.187932,46.20979],[16.194908,46.212425],[16.200645,46.21227],[16.207001,46.207774],[16.207792207792,46.206855994779],[16.207792207792,46.294964028777],[16.164859002169,46.294964028777],[16.051948051948,46.294964028777],[16.051948051948,46.188338135521]]],"type":"Polygon"},"id":721,"properties":{"parentKey":"HRV:1159312555","sourceCountryId":"HRV","syntheticOperational":true,"territoryId":"territory:catalog:8aac18caae4e34507b5a7ebc26b2dd382b8f6c2470298047eeaa397c93902816"},"type":"Feature"},{"geometry":{"coordinates":[[[18.420382165605,45.107913669065],[18.516831193477,45.107913669065],[18.511615,45.113732],[18.504018,45.128925],[18.502313,45.139261],[18.502468,45.147477],[18.503398,45.155487],[18.505258,45.161688],[18.508049,45.167476],[18.51239,45.173109],[18.536936,45.193521],[18.486655,45.211608],[18.469677713983,45.215827338129],[18.420382165605,45.215827338129],[18.420382165605,45.107913669065]]],"type":"Polygon"},"id":722,"properties":{"parentKey":"HRV:1159312537","sourceCountryId":"HRV","syntheticOperational":true,"territoryId":"territory:catalog:786714a1a006ce934c22090b40b09967882feeb3567f28f4144cad824c8bc5e4"},"type":"Feature"},{"geometry":{"coordinates":[[[18.247043937725,45.431654676259],[18.260869565217,45.431654676259],[18.376762067493,45.431654676259],[18.376762067493,45.463804796519],[18.349144,45.455004],[18.347284,45.454694],[18.337052,45.45552],[18.311937,45.461928],[18.304444,45.461825],[18.293747,45.457949],[18.247043937725,45.431654676259]]],"type":"Polygon"},"id":723,"properties":{"parentKey":"HRV:1159312539","sourceCountryId":"HRV","syntheticOperational":true,"territoryId":"territory:catalog:88965a67c50949e0569cccbf0866e673b44b0c9a2426d67086e026520fb983fb"},"type":"Feature"},{"geometry":{"coordinates":[[[15.068696,44.133979],[15.081283868278,44.126960566999],[15.081283868278,44.136690647482],[15.070262120815,44.136690647482],[15.068696,44.133979]]],"type":"Polygon"},"id":724,"properties":{"parentKey":"HRV:1159312443","sourceCountryId":"HRV","syntheticOperational":true,"territoryId":"territory:catalog:d5dab38565880d8e6033b1c4b51fc45a2aa37b5d6fcbbf5ced22e025a2d1f286"},"type":"Feature"},{"geometry":{"coordinates":[[[16.222509702458,46.057770950938],[16.234648,46.062563],[16.238678,46.063597],[16.240074,46.063752],[16.241779,46.0637],[16.255887,46.061065],[16.253330985758,46.079136690647],[16.222509702458,46.079136690647],[16.222509702458,46.057770950938]]],"type":"Polygon"},"id":725,"properties":{"parentKey":"HRV:1159312523","sourceCountryId":"HRV","syntheticOperational":true,"territoryId":"territory:catalog:60815aad9dde20c1b62dd7aef1dcf361480c8cfcac2d3d30e2385b75309a1a1a"},"type":"Feature"},{"geometry":{"coordinates":[[[14.595063,44.347113],[14.598888,44.339057],[14.610878661088,44.331268649341],[14.610878661088,44.341689480291],[14.595063,44.347113]]],"type":"Polygon"},"id":726,"properties":{"parentKey":"HRV:1159312443","sourceCountryId":"HRV","syntheticOperational":true,"territoryId":"territory:catalog:93f3a09c1f6e23901afc64558c114df4850d0518a40aaf8a0aa8a6f24b3e54cf"},"type":"Feature"},{"geometry":{"coordinates":[[[16.257349794243,46.510791366906],[16.306620209059,46.510791366906],[16.306620209059,46.529257246052],[16.295367,46.524448],[16.263947,46.515922],[16.260931,46.513576],[16.257349794243,46.510791366906]]],"type":"Polygon"},"id":727,"properties":{"parentKey":"HRV:1159312553","sourceCountryId":"HRV","syntheticOperational":true,"territoryId":"territory:catalog:192c202fd1e9556eeb7702bc1c1d75c5ec60dc776c33d2efddbeef995e9cb0ff"},"type":"Feature"},{"geometry":{"coordinates":[[[15.86845184518,43.705035971223],[15.870779,43.703192],[15.876801,43.701646],[15.885997,43.700344],[15.892914,43.700507],[15.906749,43.691474],[15.931163,43.6765],[15.939708,43.677639],[15.938975,43.696438],[15.943708609272,43.693181606833],[15.943708609272,43.705035971223],[15.86845184518,43.705035971223]]],"type":"Polygon"},"id":728,"properties":{"parentKey":"HRV:1159312439","sourceCountryId":"HRV","syntheticOperational":true,"territoryId":"territory:catalog:39bb993748fbd96ad716f293567c695bbd63826bb5bb73a6a09ff4777067cb9f"},"type":"Feature"},{"geometry":{"coordinates":[[[18.506654,45.250985],[18.507429,45.249641],[18.509754,45.247833],[18.514405,45.245972],[18.519831,45.244577],[18.536170212766,45.242958398418],[18.536170212766,45.301560741464],[18.52965,45.300904],[18.518746,45.297287],[18.511925,45.292585],[18.510064,45.287624],[18.509289,45.283851],[18.506654,45.255119],[18.506654,45.250985]]],"type":"Polygon"},"id":729,"properties":{"parentKey":"HRV:1159312543","sourceCountryId":"HRV","syntheticOperational":true,"territoryId":"territory:catalog:9ddfa950c91ee8f6139b3ef495e680a7856fa9f334ae7d8a0f511c9664a13148"},"type":"Feature"},{"geometry":{"coordinates":[[[16.144174350377,44.388814323708],[16.145402,44.389591],[16.153877,44.39357],[16.159871,44.400702],[16.159664,44.416101],[16.152946,44.435067],[16.144174350377,44.452628485852],[16.144174350377,44.388814323708]]],"type":"Polygon"},"id":730,"properties":{"parentKey":"HRV:1159312443","sourceCountryId":"HRV","syntheticOperational":true,"territoryId":"territory:catalog:8a9de3c27e3e008175b432291065d4605fda8a4bdf5dbd629782c97725eca424"},"type":"Feature"},{"geometry":{"coordinates":[[[15.038363171356,45.323741007194],[15.046246436042,45.323741007194],[15.03932,45.327725],[15.038363171356,45.327871460172],[15.038363171356,45.323741007194]]],"type":"Polygon"},"id":731,"properties":{"parentKey":"HRV:1159312525","sourceCountryId":"HRV","syntheticOperational":true,"territoryId":"territory:catalog:f28643b8a92f0b1b24f0e448a3349516b15e3f5c2984fb01b36a8168da4fd890"},"type":"Feature"},{"geometry":{"coordinates":[[[18.883248730964,44.892086330935],[18.996344659539,44.892086330935],[18.994323,44.894832],[18.991429,44.914934],[19.018405,44.925683],[19.031944,44.922634],[19.035532994924,44.919845646198],[19.035532994924,45],[18.999576091564,45],[18.883248730964,45],[18.883248730964,44.892086330935]]],"type":"Polygon"},"id":732,"properties":{"parentKey":"HRV:1159312543","sourceCountryId":"HRV","syntheticOperational":true,"territoryId":"territory:catalog:00ded4f127bcaf18cb32bfc6b515fa45d6ceb1ee291fa3220946c565a30027ab"},"type":"Feature"},{"geometry":{"coordinates":[[[17.576569161767,42.841726618705],[17.580089,42.841254],[17.633474,42.822943],[17.678559,42.81623],[17.698898408813,42.809966267382],[17.698898408813,42.841726618705],[17.661488143908,42.841726618705],[17.576569161767,42.841726618705]]],"type":"Polygon"},"id":733,"properties":{"parentKey":"HRV:1159312431","sourceCountryId":"HRV","syntheticOperational":true,"territoryId":"territory:catalog:48c40856028e1c408c26eefd290bc623fac8f13df2b9f3dd744e48fd3292d5a7"},"type":"Feature"},{"geometry":{"coordinates":[[[16.056819780592,43.057553956835],[16.063162,43.0515],[16.068796068796,43.0515],[16.068796068796,43.057553956835],[16.056819780592,43.057553956835]]],"type":"Polygon"},"id":734,"properties":{"parentKey":"HRV:1159312433","sourceCountryId":"HRV","syntheticOperational":true,"territoryId":"territory:catalog:5fc863a1fa73c9eace625f66cfed6ce7b212b9d61acbf2fe4c1a7109bb0412e3"},"type":"Feature"},{"geometry":{"coordinates":[[[14.553191489362,45.215827338129],[14.596414916272,45.215827338129],[14.595876,45.216498],[14.591319,45.219875],[14.587169,45.224351],[14.583995,45.23017],[14.582205,45.237535],[14.58546,45.23786],[14.595876,45.237535],[14.563324,45.249742],[14.553191489362,45.249030590727],[14.553191489362,45.215827338129]]],"type":"Polygon"},"id":735,"properties":{"parentKey":"HRV:1159312505","sourceCountryId":"HRV","syntheticOperational":true,"territoryId":"territory:catalog:eddb5dfb4d34ee94afd59bba6621e5825eb51cdb684b5c83190548e68b3e9112"},"type":"Feature"},{"geometry":{"coordinates":[[[14.879186095803,45.03914280425],[14.881342836337,45.035599787343],[14.881343,45.0356],[14.8815,45.035804],[14.886513,45.042316],[14.886151,45.055286],[14.887288,45.0588],[14.890234,45.061333],[14.92651,45.077559],[14.934262,45.078851],[14.939585,45.077921],[14.944701,45.07389],[14.947646,45.072701],[14.951677,45.071719],[14.96749,45.07327],[14.995395,45.071409],[15.012655,45.07234],[15.018856,45.07389],[15.022577,45.077042],[15.026298,45.085],[15.027383,45.091977],[15.027228,45.097403],[15.01965038507,45.107913669065],[14.904458598726,45.107913669065],[14.879186095803,45.107913669065],[14.879186095803,45.03914280425]]],"type":"Polygon"},"id":736,"properties":{"parentKey":"HRV:1159312505","sourceCountryId":"HRV","syntheticOperational":true,"territoryId":"territory:catalog:49fec3a115c80c32a4bbcd45543ad3e0fed3b0e0b14639bb9ff7bb301dabd6f3"},"type":"Feature"},{"geometry":{"coordinates":[[[16.146179401993,43.812949640288],[16.268656716418,43.812949640288],[16.295681063123,43.812949640288],[16.295681063123,43.920863309353],[16.25468164794,43.920863309353],[16.243072455088,43.920863309353],[16.231185,43.918353],[16.209946,43.91794],[16.191653,43.920472],[16.190337094062,43.920863309353],[16.146179401993,43.920863309353],[16.146179401993,43.812949640288]]],"type":"Polygon"},"id":737,"properties":{"parentKey":"HRV:1159312439","sourceCountryId":"HRV","syntheticOperational":true,"territoryId":"territory:catalog:a5731e1fff57789ab6cbf9521cd8e8f00ad39a1fec281f6f78c5c11d180112a0"},"type":"Feature"},{"geometry":{"coordinates":[[[18.229787234043,45.223339578375],[18.254679,45.22463],[18.267857,45.228092],[18.275763,45.233105],[18.280414,45.238273],[18.287701,45.241942],[18.299793,45.244215],[18.326665,45.246386],[18.363148,45.242303],[18.382978723404,45.237374501576],[18.382978723404,45.323741007194],[18.260869565217,45.323741007194],[18.229787234043,45.323741007194],[18.229787234043,45.223339578375]]],"type":"Polygon"},"id":738,"properties":{"parentKey":"HRV:1159312539","sourceCountryId":"HRV","syntheticOperational":true,"territoryId":"territory:catalog:7b3f5e852482e063739c5f04fad0864f258c5718580c839486078c397bad3390"},"type":"Feature"},{"geometry":{"coordinates":[[[16.567164179104,43.705035971223],[16.688741721854,43.705035971223],[16.716417910448,43.705035971223],[16.716417910448,43.769311813376],[16.712602,43.771515],[16.698236,43.788078],[16.689761,43.809317],[16.688979831158,43.812949640288],[16.594684385382,43.812949640288],[16.567164179104,43.812949640288],[16.567164179104,43.705035971223]]],"type":"Polygon"},"id":739,"properties":{"parentKey":"HRV:1159312433","sourceCountryId":"HRV","syntheticOperational":true,"territoryId":"territory:catalog:9cc2c518946c796e595c3fbc893395c7dd53a67088dbaf73842ff67bb2adb34d"},"type":"Feature"},{"geometry":{"coordinates":[[[15.931914893617,45.216209784982],[15.951593223496,45.215827338129],[15.974522292994,45.215827338129],[15.977808120676,45.215827338129],[15.997504,45.218533],[16.008459,45.218171],[16.015090617222,45.215827338129],[16.085106382979,45.215827338129],[16.085106382979,45.323741007194],[15.959079283887,45.323741007194],[15.931914893617,45.323741007194],[15.931914893617,45.216209784982]]],"type":"Polygon"},"id":740,"properties":{"parentKey":"HRV:1159312529","sourceCountryId":"HRV","syntheticOperational":true,"territoryId":"territory:catalog:1761b652ee3a03b26f39bf59b1b32f209ff9ecfd4cb3a2f45fee6cdc575947ef"},"type":"Feature"},{"geometry":{"coordinates":[[[15.200367516184,44.352517985612],[15.211762,44.346137],[15.213389121339,44.345448141642],[15.213389121339,44.352517985612],[15.200367516184,44.352517985612]]],"type":"Polygon"},"id":741,"properties":{"parentKey":"HRV:1159312507","sourceCountryId":"HRV","syntheticOperational":true,"territoryId":"territory:catalog:b28657a1dc7e60557dd9bdefef4cfdc75881703768bcc5b0c747a0b3f0714ee2"},"type":"Feature"},{"geometry":{"coordinates":[[[18.846969054684,45],[18.883248730964,45],[18.999576091564,45],[18.999576091564,45.107913669065],[18.87898089172,45.107913669065],[18.846969054684,45.107913669065],[18.846969054684,45]]],"type":"Polygon"},"id":742,"properties":{"parentKey":"HRV:1159312543","sourceCountryId":"HRV","syntheticOperational":true,"territoryId":"territory:catalog:69b856281afc8b72fdf6340ad065621b6d48062fc798a37cd1db4a4a38288b4c"},"type":"Feature"},{"geometry":{"coordinates":[[[17.113223854797,46.079136690647],[17.153945666235,46.079136690647],[17.249231396198,46.079136690647],[17.24859,46.080238],[17.208593,46.116566],[17.197327,46.121165],[17.116195,46.123129],[17.113223854797,46.124132995683],[17.113223854797,46.079136690647]]],"type":"Polygon"},"id":743,"properties":{"parentKey":"HRV:1159312551","sourceCountryId":"HRV","syntheticOperational":true,"territoryId":"territory:catalog:46bd30f22871e60a6ce08bf0c42f01451392e547b19e1d1d6f567237f19f0e42"},"type":"Feature"},{"geometry":{"coordinates":[[[17.783505154639,45.755395683453],[17.907375643225,45.755395683453],[17.923745180238,45.755395683453],[17.923227,45.75607],[17.91377,45.772659],[17.906432,45.791417],[17.906234,45.792141],[17.889791,45.792141],[17.88049,45.788524],[17.875735,45.780669],[17.870051,45.773486],[17.858062,45.771729],[17.857959,45.775863],[17.838218,45.799635],[17.809176,45.814414],[17.783505154639,45.819933569879],[17.783505154639,45.755395683453]]],"type":"Polygon"},"id":744,"properties":{"parentKey":"HRV:1159312547","sourceCountryId":"HRV","syntheticOperational":true,"territoryId":"territory:catalog:86adff41b242347f26088ca2852c71753f3f531fe3fd767acf4530efdb41573b"},"type":"Feature"},{"geometry":{"coordinates":[[[15.048734569602,44.460431654676],[15.051036,44.455268],[15.064952,44.437934],[15.080821,44.424547],[15.088013411567,44.420305158683],[15.088013411567,44.458268264342],[15.087789306396,44.458437660702],[15.085151325509,44.460431654676],[15.048734569602,44.460431654676]]],"type":"Polygon"},"id":745,"properties":{"parentKey":"HRV:1159312507","sourceCountryId":"HRV","syntheticOperational":true,"territoryId":"territory:catalog:e2c20c0e32ff1d40109eb6e712c3237e38dfc82d1099a4b8525ff736289cc41a"},"type":"Feature"},{"geometry":{"coordinates":[[[16.352728,46.042358],[16.35924,46.024633],[16.377749029754,46.020457739436],[16.377749029754,46.079136690647],[16.355266970887,46.079136690647],[16.355364,46.078686],[16.352728,46.042358]]],"type":"Polygon"},"id":746,"properties":{"parentKey":"HRV:1159312551","sourceCountryId":"HRV","syntheticOperational":true,"territoryId":"territory:catalog:a82efdde7a9998305640cda025c3404a2189dcace1d7d52ea46b5a0ba9d50cbe"},"type":"Feature"},{"geometry":{"coordinates":[[[18.382978723404,45.215827338129],[18.420382165605,45.215827338129],[18.469677713983,45.215827338129],[18.382978723404,45.237374501576],[18.382978723404,45.215827338129]]],"type":"Polygon"},"id":747,"properties":{"parentKey":"HRV:1159312537","sourceCountryId":"HRV","syntheticOperational":true,"territoryId":"territory:catalog:ade5c007ec58458b3e8f7865bc796365ad6119d745f19b0fdbd2fb06bc681c54"},"type":"Feature"},{"geometry":{"coordinates":[[[15.778723404255,45.215827338129],[15.821656050955,45.215827338129],[15.866634613182,45.215827338129],[15.878855,45.217241],[15.931914893617,45.216209784982],[15.931914893617,45.323741007194],[15.805626598465,45.323741007194],[15.778723404255,45.323741007194],[15.778723404255,45.215827338129]]],"type":"Polygon"},"id":748,"properties":{"parentKey":"HRV:1159312529","sourceCountryId":"HRV","syntheticOperational":true,"territoryId":"territory:catalog:3fd211b048addadede03b1daba709540771b25f0a966227fffeded94530da885"},"type":"Feature"},{"geometry":{"coordinates":[[[16.377749029754,45.971223021583],[16.470821498061,45.971223021583],[16.471119,45.971871],[16.471894,45.974197],[16.471584,45.976419],[16.470034,45.978641],[16.467863,45.98076],[16.459802,45.987478],[16.443627,46.004066],[16.432775,46.008045],[16.377749029754,46.020457739436],[16.377749029754,45.971223021583]]],"type":"Polygon"},"id":749,"properties":{"parentKey":"HRV:1159312531","sourceCountryId":"HRV","syntheticOperational":true,"territoryId":"territory:catalog:dd7c3aabe979b5af959e3a4de774c12235e0926eace93cd33924be88b0f38f86"},"type":"Feature"},{"geometry":{"coordinates":[[[14.373149305738,44.568345323741],[14.374685,44.567572],[14.386567,44.565619],[14.394588861041,44.568345323741],[14.373149305738,44.568345323741]]],"type":"Polygon"},"id":750,"properties":{"parentKey":"HRV:1159312505","sourceCountryId":"HRV","syntheticOperational":true,"territoryId":"territory:catalog:89ea93be3b96453b0385328e440a94d57abcbafcb472c54d78f4648de8c70430"},"type":"Feature"},{"geometry":{"coordinates":[[[16.594684385382,43.812949640288],[16.688979831158,43.812949640288],[16.686144,43.826137],[16.678599,43.840684],[16.637361,43.868409],[16.604805,43.901068],[16.594684385382,43.908589098528],[16.594684385382,43.812949640288]]],"type":"Polygon"},"id":751,"properties":{"parentKey":"HRV:1159312433","sourceCountryId":"HRV","syntheticOperational":true,"territoryId":"territory:catalog:9a779ae31fdfe372b211ca92e157cc117fedeb5fcf2db396e2a884cc9c4c22e6"},"type":"Feature"},{"geometry":{"coordinates":[[[18.222981631781,45.515346468734],[18.225482,45.513501],[18.230133,45.511744],[18.235094,45.511021],[18.277624,45.511641],[18.280414,45.510917],[18.28274,45.509574],[18.28553,45.507403],[18.296847,45.496551],[18.30062,45.494071],[18.304651,45.492779],[18.308991,45.492779],[18.317518,45.495001],[18.323254,45.49588],[18.364699,45.494174],[18.37121,45.495053],[18.376016,45.497327],[18.376762067493,45.498321642054],[18.376762067493,45.539568345324],[18.254172015404,45.539568345324],[18.222981631781,45.539568345324],[18.222981631781,45.515346468734]]],"type":"Polygon"},"id":752,"properties":{"parentKey":"HRV:1159312539","sourceCountryId":"HRV","syntheticOperational":true,"territoryId":"territory:catalog:df99889b842e1aa8379415325c7ab998571a6b9c6dec40dee487bbd494043e58"},"type":"Feature"},{"geometry":{"coordinates":[[[18.075724,45.34824],[18.076964,45.345139],[18.085232,45.342607],[18.093914,45.33899],[18.096705,45.336561],[18.09934,45.332685],[18.101665,45.327828],[18.103070990006,45.323741007194],[18.107416879795,45.323741007194],[18.107416879795,45.364193410562],[18.106316,45.36333],[18.101045,45.361211],[18.094069,45.360281],[18.090038,45.359299],[18.086628,45.358007],[18.083372,45.356353],[18.080581,45.354648],[18.078101,45.352581],[18.075879,45.350565],[18.075724,45.34824]]],"type":"Polygon"},"id":753,"properties":{"parentKey":"HRV:1159312539","sourceCountryId":"HRV","syntheticOperational":true,"territoryId":"territory:catalog:52c406031c81affd17451c9dcaaf79addeff515cf8afc535ee47d4a6f1e29990"},"type":"Feature"},{"geometry":{"coordinates":[[[15.249169435216,43.848143941099],[15.261241,43.839789],[15.288422,43.825507],[15.301364322493,43.812949640288],[15.34058116946,43.812949640288],[15.266368,43.857001],[15.261241,43.867092],[15.249169435216,43.875139709856],[15.249169435216,43.848143941099]]],"type":"Polygon"},"id":754,"properties":{"parentKey":"HRV:1159312439","sourceCountryId":"HRV","syntheticOperational":true,"territoryId":"territory:catalog:3f81308ca7109eb0271b3c9915e3080eb5d556ad9f54fc2bd42d59a75b7ffa64"},"type":"Feature"},{"geometry":{"coordinates":[[[18.536170212766,45.242958398418],[18.553214,45.24127],[18.55926,45.239771],[18.564221,45.236671],[18.566702,45.232588],[18.567942,45.226645],[18.56726315887,45.215827338129],[18.573248407643,45.215827338129],[18.689361702128,45.215827338129],[18.689361702128,45.323741007194],[18.633021400349,45.323741007194],[18.632331,45.32142],[18.629385,45.318888],[18.625354,45.317854],[18.589698,45.318578],[18.58422,45.316821],[18.580034,45.313203],[18.577244,45.309379],[18.572748,45.305245],[18.536170212766,45.301560741464],[18.536170212766,45.242958398418]]],"type":"Polygon"},"id":755,"properties":{"parentKey":"HRV:1159312543","sourceCountryId":"HRV","syntheticOperational":true,"territoryId":"territory:catalog:692675ceea23dca75f50cfa15a2295d10c5b58bbd9de65f58581c5945bdd871f"},"type":"Feature"},{"geometry":{"coordinates":[[[18.870346598203,45.539568345324],[18.94077495739,45.539568345324],[18.932002,45.545541],[18.912054,45.568227],[18.90358,45.573085],[18.90699,45.581663],[18.90823,45.600422],[18.912365,45.619232],[18.924457,45.627707],[18.935412,45.633391],[18.949911762981,45.647482014388],[18.870346598203,45.647482014388],[18.870346598203,45.539568345324]]],"type":"Polygon"},"id":756,"properties":{"parentKey":"HRV:1159312539","sourceCountryId":"HRV","syntheticOperational":true,"territoryId":"territory:catalog:f0edb5813cfd40c0dc7ec5ebfdd787c8982312b132431bdeb0076593f54254fc"},"type":"Feature"},{"geometry":{"coordinates":[[[14.068858,44.94953],[14.075694,44.94953],[14.080414,44.957261],[14.089692,44.966498],[14.101329,44.97427],[14.113292,44.977484],[14.124197,44.975409],[14.131847,44.972073],[14.139903,44.97134],[14.151378,44.977484],[14.162436548223,44.993817037675],[14.162436548223,45],[14.116150911403,45],[14.077825633247,45],[14.083832,44.986396],[14.0796,44.977932],[14.071625,44.969062],[14.068858,44.94953]]],"type":"Polygon"},"id":757,"properties":{"parentKey":"HRV:1159312535","sourceCountryId":"HRV","syntheticOperational":true,"territoryId":"territory:catalog:a460ef1d3d593c95e5d98cdd6f9c88253cd5c024be0bccaa8d374a055c46d79a"},"type":"Feature"},{"geometry":{"coordinates":[[[15.313408890443,44.352517985612],[15.316575855539,44.351427279513],[15.364016736402,44.335088590411],[15.364016736402,44.352517985612],[15.313408890443,44.352517985612]]],"type":"Polygon"},"id":758,"properties":{"parentKey":"HRV:1159312443","sourceCountryId":"HRV","syntheticOperational":true,"territoryId":"territory:catalog:6e409dbf385d7b1bd4e8b5994eaea438361aaaccabf428ae81cff581d95a9cfb"},"type":"Feature"},{"geometry":{"coordinates":[[[18.254172015404,45.539568345324],[18.376762067493,45.539568345324],[18.408215661104,45.539568345324],[18.408215661104,45.647482014388],[18.370497427101,45.647482014388],[18.254172015404,45.647482014388],[18.254172015404,45.539568345324]]],"type":"Polygon"},"id":759,"properties":{"parentKey":"HRV:1159312539","sourceCountryId":"HRV","syntheticOperational":true,"territoryId":"territory:catalog:d41bf77eff34a5e8d6d6a65fcfce6b5e72c77d48127c8dae36c13462c548c63c"},"type":"Feature"},{"geometry":{"coordinates":[[[16.940673092661,45.539568345324],[16.961045698233,45.539568345324],[16.96096,45.539856],[16.95941,45.542905],[16.944217,45.546988],[16.940673092661,45.539568345324]]],"type":"Polygon"},"id":760,"properties":{"parentKey":"HRV:1159312541","sourceCountryId":"HRV","syntheticOperational":true,"territoryId":"territory:catalog:8f20a67476009dfa5fe6c659af1d43f330679d73dd6e647a7901091e5f7a5533"},"type":"Feature"},{"geometry":{"coordinates":[[[19.024390243902,45.539568345324],[19.049906640067,45.539568345324],[19.040936,45.545025],[19.036491,45.549469],[19.033391,45.554637],[19.02719,45.562595],[19.024390243902,45.564074453305],[19.024390243902,45.539568345324]]],"type":"Polygon"},"id":761,"properties":{"parentKey":"HRV:1159312539","sourceCountryId":"HRV","syntheticOperational":true,"territoryId":"territory:catalog:a2e925fb868b52db1acaba695168acae923b66a89e68c21ae3172cb8b4994048"},"type":"Feature"},{"geometry":{"coordinates":[[[16.377749029754,46.020457739436],[16.432775,46.008045],[16.443627,46.004066],[16.459802,45.987478],[16.467863,45.98076],[16.470034,45.978641],[16.471584,45.976419],[16.471894,45.974197],[16.471119,45.971871],[16.470821498061,45.971223021583],[16.502928054301,45.971223021583],[16.50476,45.973525],[16.507551,45.975954],[16.510238,45.977607],[16.514114,45.977659],[16.51985,45.975489],[16.525745662404,45.971223021583],[16.53298835705,45.971223021583],[16.53298835705,46.079136690647],[16.490924805532,46.079136690647],[16.377749029754,46.079136690647],[16.377749029754,46.020457739436]]],"type":"Polygon"},"id":762,"properties":{"parentKey":"HRV:1159312551","sourceCountryId":"HRV","syntheticOperational":true,"territoryId":"territory:catalog:38f796eeccb679517a2a32ae30fa458fe35118d31160ee39ec72a313c5d741fc"},"type":"Feature"},{"geometry":{"coordinates":[[[16.53298835705,45.971223021583],[16.65949203616,45.971223021583],[16.688227684347,45.971223021583],[16.688227684347,46.079136690647],[16.646499567848,46.079136690647],[16.53298835705,46.079136690647],[16.53298835705,45.971223021583]]],"type":"Polygon"},"id":763,"properties":{"parentKey":"HRV:1159312551","sourceCountryId":"HRV","syntheticOperational":true,"territoryId":"territory:catalog:4819371b9c3f85b534e21358179c7b39974202913f3aa1956b4eda3ee5cb8613"},"type":"Feature"},{"geometry":{"coordinates":[[[16.546391752577,45.755395683453],[16.672384219554,45.755395683453],[16.701030927835,45.755395683453],[16.701030927835,45.863309352518],[16.695163134927,45.863309352518],[16.693638,45.853687],[16.688367,45.839166],[16.674052,45.826144],[16.666456,45.82232],[16.657929,45.820149],[16.644907,45.820149],[16.637465,45.822526],[16.6339,45.82635],[16.63452,45.831053],[16.63669,45.836014],[16.637155,45.84082],[16.63421,45.844437],[16.628629,45.844747],[16.622066,45.841853],[16.600517,45.817307],[16.598036,45.810227],[16.598656,45.801856],[16.601757,45.786766],[16.599277,45.78165],[16.59323,45.779842],[16.560313,45.788678],[16.546391752577,45.78855209094],[16.546391752577,45.755395683453]]],"type":"Polygon"},"id":764,"properties":{"parentKey":"HRV:1159312549","sourceCountryId":"HRV","syntheticOperational":true,"territoryId":"territory:catalog:985f51bbda6ef2812ce43185a36da233b73cae1a5227d6184010e919348bc738"},"type":"Feature"},{"geometry":{"coordinates":[[[14.59872611465,45.166895430562],[14.62379,45.175482],[14.610688,45.198065],[14.59872611465,45.21295113507],[14.59872611465,45.166895430562]]],"type":"Polygon"},"id":765,"properties":{"parentKey":"HRV:1159312505","sourceCountryId":"HRV","syntheticOperational":true,"territoryId":"territory:catalog:798f1d40cd4eb84aff15339e6236989affdfbf669c6e2c6f4b48f355cd613a83"},"type":"Feature"},{"geometry":{"coordinates":[[[16.477223427332,46.302754548777],[16.483831,46.301774],[16.516129,46.301464],[16.585634,46.31676],[16.595091,46.317948],[16.605633,46.315881],[16.633405639913,46.314793555724],[16.633405639913,46.402877697842],[16.505867014342,46.402877697842],[16.477223427332,46.402877697842],[16.477223427332,46.302754548777]]],"type":"Polygon"},"id":766,"properties":{"parentKey":"HRV:1159312553","sourceCountryId":"HRV","syntheticOperational":true,"territoryId":"territory:catalog:846453a5159e9e96fd8ce4a8cf72c0759e8c22bc757cccf9bd1cb19ec63faf01"},"type":"Feature"},{"geometry":{"coordinates":[[[17.004255319149,45.238800192877],[17.008295,45.244165],[17.012015,45.236465],[17.013566,45.230574],[17.012532,45.224476],[17.008295,45.216156],[17.014393,45.219773],[17.030206,45.226956],[17.036303,45.23047],[17.045779470917,45.215827338129],[17.08166488729,45.215827338129],[17.081573,45.216103],[17.084208,45.225715],[17.085914,45.228712],[17.088704,45.231865],[17.114749,45.250417],[17.119865,45.253052],[17.13542,45.263284],[17.147202,45.277702],[17.150767,45.281112],[17.153713,45.282404],[17.157446808511,45.283517614251],[17.157446808511,45.323741007194],[17.033248081841,45.323741007194],[17.004255319149,45.323741007194],[17.004255319149,45.238800192877]]],"type":"Polygon"},"id":767,"properties":{"parentKey":"HRV:1159312529","sourceCountryId":"HRV","syntheticOperational":true,"territoryId":"territory:catalog:138cf9c1844f9add2d013d828bab7dd1fc1dbb04f2115bb7776d67dbf237ca46"},"type":"Feature"},{"geometry":{"coordinates":[[[15.90051457976,45.647482014388],[15.939201675097,45.647482014388],[15.946167,45.693916],[15.966617,45.716923],[16.05055733807,45.755395683453],[15.927835051546,45.755395683453],[15.90051457976,45.755395683453],[15.90051457976,45.647482014388]]],"type":"Polygon"},"id":768,"properties":{"parentKey":"HRV:1159312533","sourceCountryId":"HRV","syntheticOperational":true,"territoryId":"territory:catalog:84cd674c13b5abddd1be9627c09498a5d4481dd21a26c33032a0685f301298eb"},"type":"Feature"},{"geometry":{"coordinates":[[[17.128794093519,43.127265],[17.19337,43.127265],[17.155284,43.140326],[17.128794093519,43.142343806354],[17.128794093519,43.127265]]],"type":"Polygon"},"id":769,"properties":{"parentKey":"HRV:1159312433","sourceCountryId":"HRV","syntheticOperational":true,"territoryId":"territory:catalog:1264084214a0bb18fbb301d0788a9b06dea03efed8cf132a6e930991b100bb27"},"type":"Feature"},{"geometry":{"coordinates":[[[18.061749571184,45.647482014388],[18.071806782377,45.647482014388],[18.061749571184,45.651254827225],[18.061749571184,45.647482014388]]],"type":"Polygon"},"id":770,"properties":{"parentKey":"HRV:1159312547","sourceCountryId":"HRV","syntheticOperational":true,"territoryId":"territory:catalog:cf0f11bec9ccbb3928ef96a27c2dbe5216274c92046e5bc752c25296514c46fe"},"type":"Feature"},{"geometry":{"coordinates":[[[19.028132992327,45.41114345546],[19.031319,45.416201],[19.028132992327,45.419915868681],[19.028132992327,45.41114345546]]],"type":"Polygon"},"id":771,"properties":{"parentKey":"HRV:1159312543","sourceCountryId":"HRV","syntheticOperational":true,"territoryId":"territory:catalog:b77a14e9c569d7f8506b093721487823519abad5724be359956abca39d773201"},"type":"Feature"},{"geometry":{"coordinates":[[[16.207792207792,46.187050359712],[16.247134011558,46.187050359712],[16.24736,46.18762],[16.245655,46.190979],[16.241934,46.19253],[16.229325,46.191806],[16.222039,46.192943],[16.216147,46.195837],[16.210876,46.203278],[16.207792207792,46.206855994779],[16.207792207792,46.187050359712]]],"type":"Polygon"},"id":772,"properties":{"parentKey":"HRV:1159312523","sourceCountryId":"HRV","syntheticOperational":true,"territoryId":"territory:catalog:603b3f1917ed19fa2bbb6c0ab538dc47e9a400aaef82882730a2b201a20ab179"},"type":"Feature"},{"geometry":{"coordinates":[[[17.800511508951,45.323741007194],[17.923404255319,45.323741007194],[17.953964194373,45.323741007194],[17.953964194373,45.431654676259],[17.915420760359,45.431654676259],[17.800511508951,45.431654676259],[17.800511508951,45.323741007194]]],"type":"Polygon"},"id":773,"properties":{"parentKey":"HRV:1159312541","sourceCountryId":"HRV","syntheticOperational":true,"territoryId":"territory:catalog:18f025901a7863e15b8ac7238cbfea7367848dbf31a8530a5ba86c06fddd9114"},"type":"Feature"},{"geometry":{"coordinates":[[[13.763348996155,45.431654676259],[13.81074168798,45.431654676259],[13.82421015044,45.431654676259],[13.819859,45.432628],[13.806526,45.442137],[13.763348996155,45.461363345377],[13.763348996155,45.431654676259]]],"type":"Polygon"},"id":774,"properties":{"parentKey":"HRV:1159312535","sourceCountryId":"HRV","syntheticOperational":true,"territoryId":"territory:catalog:2a1d3639fe282195cf964de47b587497e7d5a1a8cfb57b0a7ddd8e45e3f47ac3"},"type":"Feature"},{"geometry":{"coordinates":[[[16.281784076699,44.028776978417],[16.404494382022,44.028776978417],[16.430559516441,44.028776978417],[16.426935,44.040517],[16.414016,44.055813],[16.403991,44.058759],[16.377946,44.057364],[16.367197,44.058139],[16.357378,44.062169],[16.346113,44.068474],[16.326889,44.082375],[16.312213,44.099997],[16.291369687525,44.136690647482],[16.281784076699,44.136690647482],[16.281784076699,44.028776978417]]],"type":"Polygon"},"id":775,"properties":{"parentKey":"HRV:1159312443","sourceCountryId":"HRV","syntheticOperational":true,"territoryId":"territory:catalog:d21f3520a619fb2ad33c9ed5d7e6c397a91942bc7acc707592a0ab1d11a94924"},"type":"Feature"},{"geometry":{"coordinates":[[[15.246523388116,44.676258992806],[15.37231804796,44.676258992806],[15.398230088496,44.676258992806],[15.398230088496,44.78417266187],[15.35472972973,44.78417266187],[15.246523388116,44.78417266187],[15.246523388116,44.676258992806]]],"type":"Polygon"},"id":776,"properties":{"parentKey":"HRV:1159312507","sourceCountryId":"HRV","syntheticOperational":true,"territoryId":"territory:catalog:346c7d87f1430511c5f7451aa1a53a4c7562e7b32a74af666832ea19aed8b55e"},"type":"Feature"},{"geometry":{"coordinates":[[[15.301364322493,43.812949640288],[15.30893,43.805609],[15.327973,43.796332],[15.373134328358,43.781413705569],[15.373134328358,43.786498465916],[15.367361,43.790107],[15.35434,43.80036],[15.342459,43.811835],[15.34058116946,43.812949640288],[15.301364322493,43.812949640288]]],"type":"Polygon"},"id":777,"properties":{"parentKey":"HRV:1159312439","sourceCountryId":"HRV","syntheticOperational":true,"territoryId":"territory:catalog:b47daa27b0e978712f67b43c4e35876b4f18305632e00a755118cf8c6e13910b"},"type":"Feature"},{"geometry":{"coordinates":[[[16.024200518583,46.184926319331],[16.030732,46.184261],[16.039569,46.184623],[16.047483445141,46.187050359712],[16.024200518583,46.187050359712],[16.024200518583,46.184926319331]]],"type":"Polygon"},"id":778,"properties":{"parentKey":"HRV:1159312555","sourceCountryId":"HRV","syntheticOperational":true,"territoryId":"territory:catalog:a3cf2fd84d375390be20aa5fae316e0fe05b397023993c71dbeac680fde5fdb7"},"type":"Feature"},{"geometry":{"coordinates":[[[16.039603960396,45.863309352518],[16.082474226804,45.863309352518],[16.194575979337,45.863309352518],[16.194575979337,45.887085396734],[16.182196,45.898956],[16.176615,45.906242],[16.163231,45.933372],[16.136256,45.970373],[16.121683,45.969391],[16.109849,45.962001],[16.091091,45.958229],[16.039603960396,45.938876291607],[16.039603960396,45.863309352518]]],"type":"Polygon"},"id":779,"properties":{"parentKey":"HRV:1159312533","sourceCountryId":"HRV","syntheticOperational":true,"territoryId":"territory:catalog:78e645f2b7def3b428fef25816365061de446658c2c3a825182db4cd0f0cff6e"},"type":"Feature"},{"geometry":{"coordinates":[[[13.963543874523,45],[14.010152284264,45],[14.04728898075,45],[14.044281,45.00141],[14.039887,45.009426],[14.044119,45.027167],[14.040294,45.038967],[14.051931,45.038031],[14.053071,45.033149],[14.051524,45.026028],[14.054535,45.018459],[14.075694,45.004828],[14.077825633247,45],[14.116150911403,45],[14.116150911403,45.107913669065],[13.987261146497,45.107913669065],[13.963543874523,45.107913669065],[13.963543874523,45]]],"type":"Polygon"},"id":780,"properties":{"parentKey":"HRV:1159312535","sourceCountryId":"HRV","syntheticOperational":true,"territoryId":"territory:catalog:6c6ab5e4df6cb97243a890fa53f18e6ec6d460151163dfff72badb038a66e168"},"type":"Feature"},{"geometry":{"coordinates":[[[16.836005174582,46.079136690647],[16.843467011643,46.079136690647],[16.860309045326,46.079136690647],[16.858899,46.079565],[16.851768,46.08096],[16.844895,46.081632],[16.839314,46.081012],[16.836005174582,46.079136690647]]],"type":"Polygon"},"id":781,"properties":{"parentKey":"HRV:1159312549","sourceCountryId":"HRV","syntheticOperational":true,"territoryId":"territory:catalog:20becc0605a4f3239a90a8384b236203cb065ae40922684b15c17459ba99b339"},"type":"Feature"},{"geometry":{"coordinates":[[[18.489646772229,42.424052402766],[18.49643,42.416327],[18.497816,42.431158],[18.492855,42.442372],[18.489646772229,42.443746901966],[18.489646772229,42.424052402766]]],"type":"Polygon"},"id":782,"properties":{"parentKey":"HRV:1159312431","sourceCountryId":"HRV","syntheticOperational":true,"territoryId":"territory:catalog:ceef7372c8b6b45a02203d9a47d4550dd6be2679b17fed9ca7d813365c65b862"},"type":"Feature"},{"geometry":{"coordinates":[[[17.628865979381,45.755395683453],[17.753001715266,45.755395683453],[17.783505154639,45.755395683453],[17.783505154639,45.819933569879],[17.687323,45.840614],[17.664689,45.841647],[17.656524,45.84542],[17.654669,45.852113],[17.653217,45.857357],[17.652627057112,45.863309352518],[17.628865979381,45.863309352518],[17.628865979381,45.755395683453]]],"type":"Polygon"},"id":783,"properties":{"parentKey":"HRV:1159312547","sourceCountryId":"HRV","syntheticOperational":true,"territoryId":"territory:catalog:e69ad9b5c27e4c4dff2b26d6bdf3a0d8247a82d429b1d0455b6fe1b6e672506f"},"type":"Feature"},{"geometry":{"coordinates":[[[15.884631941455,45.919026406008],[15.913582,45.923502],[15.939472,45.933837],[15.935286,45.940969],[15.925829,45.952906],[15.919628,45.957092],[15.911877,45.960244],[15.884631941455,45.965751630474],[15.884631941455,45.919026406008]]],"type":"Polygon"},"id":784,"properties":{"parentKey":"HRV:1159312531","sourceCountryId":"HRV","syntheticOperational":true,"territoryId":"territory:catalog:774313c630eac40f780f0967bbb3fd13623615d55d1f645251cb5f0528711a5b"},"type":"Feature"},{"geometry":{"coordinates":[[[15.506756756757,44.78417266187],[15.549936788875,44.78417266187],[15.594804284038,44.78417266187],[15.596857,44.785845],[15.599493,44.789359],[15.601973,44.796697],[15.600888,44.801297],[15.597012,44.803829],[15.580889,44.806464],[15.574688,44.808583],[15.563216,44.815146],[15.547196,44.820469],[15.531228,44.828789],[15.525492,44.833284],[15.524872,44.836385],[15.527197,44.83902],[15.547041,44.849511],[15.559495,44.859071],[15.566781,44.878553],[15.544115944223,44.892086330935],[15.532994923858,44.892086330935],[15.506756756757,44.892086330935],[15.506756756757,44.78417266187]]],"type":"Polygon"},"id":785,"properties":{"parentKey":"HRV:1159312507","sourceCountryId":"HRV","syntheticOperational":true,"territoryId":"territory:catalog:25baeebf0b77ca14a68bbbe7829ca339a92777557dc158685203eeea3e58db1f"},"type":"Feature"},{"geometry":{"coordinates":[[[16.008676789588,46.294964028777],[16.051948051948,46.294964028777],[16.164859002169,46.294964028777],[16.164859002169,46.383973600477],[16.153567,46.391433],[16.143851,46.394714],[16.131552,46.393061],[16.123181,46.386885],[16.115533,46.379289],[16.106024,46.373734],[16.094345,46.372261],[16.088654,46.373086],[16.057965,46.377532],[16.057448,46.359652],[16.059722,46.345312],[16.059619,46.332315],[16.052384,46.318595],[16.049922,46.316735],[16.038948,46.308441],[16.019208,46.298829],[16.008676789588,46.295134914592],[16.008676789588,46.294964028777]]],"type":"Polygon"},"id":786,"properties":{"parentKey":"HRV:1159312555","sourceCountryId":"HRV","syntheticOperational":true,"territoryId":"territory:catalog:260c9ef9e08cbc5fc65697cc4c0273dc65f78dc98dd9ed53a82226b47e5084be"},"type":"Feature"},{"geometry":{"coordinates":[[[17.051336315492,43.273381294964],[17.054454,43.261217],[17.056326,43.256985],[17.066661,43.244859],[17.073497,43.238959],[17.080089,43.236518],[17.09018,43.235175],[17.100271,43.231676],[17.107758,43.226386],[17.113943,43.213202],[17.121349,43.208808],[17.138031,43.202338],[17.156943303205,43.191044475435],[17.156943303205,43.273381294964],[17.118155619597,43.273381294964],[17.051336315492,43.273381294964]]],"type":"Polygon"},"id":787,"properties":{"parentKey":"HRV:1159312433","sourceCountryId":"HRV","syntheticOperational":true,"territoryId":"territory:catalog:b1f7cd8a589a34ab80d98331aa5a09c3585fad3983b16dadb655d79b71f37d66"},"type":"Feature"},{"geometry":{"coordinates":[[[15.191815856778,45.353938783879],[15.210317,45.365138],[15.216674,45.369841],[15.221014,45.374802],[15.229593,45.394284],[15.232848,45.403741],[15.233934,45.40896],[15.234399,45.413249],[15.234399,45.418107],[15.232538,45.425548],[15.229313228877,45.431654676259],[15.207450425621,45.431654676259],[15.205212476577,45.431071387035],[15.191815856778,45.4275797508],[15.191815856778,45.353938783879]]],"type":"Polygon"},"id":788,"properties":{"parentKey":"HRV:1159312505","sourceCountryId":"HRV","syntheticOperational":true,"territoryId":"territory:catalog:372828c80e53da41cec836e08e86b6c1e247598543cac1379e7e2f1323e11ecb"},"type":"Feature"},{"geometry":{"coordinates":[[[16.207792207792,46.206855994779],[16.210876,46.203278],[16.216147,46.195837],[16.222039,46.192943],[16.229325,46.191806],[16.241934,46.19253],[16.245655,46.190979],[16.24736,46.18762],[16.247134011558,46.187050359712],[16.335350043215,46.187050359712],[16.363636363636,46.187050359712],[16.363636363636,46.294964028777],[16.321041214751,46.294964028777],[16.207792207792,46.294964028777],[16.207792207792,46.206855994779]]],"type":"Polygon"},"id":789,"properties":{"parentKey":"HRV:1159312555","sourceCountryId":"HRV","syntheticOperational":true,"territoryId":"territory:catalog:866560b6a48d959f993b101d1b53ae590d73b1e025d25faf3bca798c23f26715"},"type":"Feature"},{"geometry":{"coordinates":[[[16.992738146091,45.445561937307],[16.998684,45.44348],[17.00473,45.439397],[17.006435,45.437847],[17.011745052896,45.431654676259],[17.033248081841,45.431654676259],[17.146518581803,45.431654676259],[17.146518581803,45.514166224219],[17.123431,45.51345],[17.108548,45.511641],[17.082503,45.505802],[17.070721,45.504406],[17.057802,45.507455],[17.044314,45.506577],[17.037338,45.505336],[17.031912,45.503321],[17.025866,45.503166],[17.016357,45.50451],[16.992738146091,45.51243423438],[16.992738146091,45.445561937307]]],"type":"Polygon"},"id":790,"properties":{"parentKey":"HRV:1159312541","sourceCountryId":"HRV","syntheticOperational":true,"territoryId":"territory:catalog:2067309778bde3d19e5cc2d02035a71fb12f1cf964726851359fa631e386afd9"},"type":"Feature"},{"geometry":{"coordinates":[[[15.472575,44.746881],[15.47273,44.737838],[15.476296,44.729621],[15.486063,44.721198],[15.493039,44.716806],[15.510299,44.708589],[15.516655,44.704662],[15.522236,44.698357],[15.527817,44.6889],[15.531264921816,44.676258992806],[15.549936788875,44.676258992806],[15.549936788875,44.762961589257],[15.544871,44.761351],[15.538824,44.758664],[15.533088,44.754995],[15.526267,44.752669],[15.518361,44.751739],[15.482807,44.751997],[15.475366,44.75055],[15.472575,44.746881]]],"type":"Polygon"},"id":791,"properties":{"parentKey":"HRV:1159312443","sourceCountryId":"HRV","syntheticOperational":true,"territoryId":"territory:catalog:fd58ec55dc5afd182816154102e59fa4c89a6e4fce286aff0d55d99c0be4bbae"},"type":"Feature"},{"geometry":{"coordinates":[[[18.06920119607,45.431654676259],[18.107416879795,45.431654676259],[18.222981631781,45.431654676259],[18.222981631781,45.515346468734],[18.221141,45.516705],[18.21246,45.526885],[18.208584,45.529934],[18.204398,45.531743],[18.200212,45.532312],[18.197267,45.533138],[18.19427,45.535102],[18.193861566586,45.539568345324],[18.100128369705,45.539568345324],[18.06920119607,45.539568345324],[18.06920119607,45.431654676259]]],"type":"Polygon"},"id":792,"properties":{"parentKey":"HRV:1159312541","sourceCountryId":"HRV","syntheticOperational":true,"territoryId":"territory:catalog:a4e226412caf42b25bce7af7935e7d13ec0030c23b41e96e117bdfb4285bc628"},"type":"Feature"},{"geometry":{"coordinates":[[[15.165957446809,45.322186753872],[15.17121124474,45.323741007194],[15.165957446809,45.323741007194],[15.165957446809,45.322186753872]]],"type":"Polygon"},"id":793,"properties":{"parentKey":"HRV:1159312505","sourceCountryId":"HRV","syntheticOperational":true,"territoryId":"territory:catalog:2d5d63103ea2d79f4cb73b09dfefa74e21f087c33f9027b6387776dd4b8553f3"},"type":"Feature"},{"geometry":{"coordinates":[[[18.432764875824,45.755395683453],[18.52487135506,45.755395683453],[18.556701030928,45.755395683453],[18.556701030928,45.806658680705],[18.530269,45.79085],[18.504224,45.784028],[18.481797,45.791418],[18.465467,45.783718],[18.432764875824,45.755395683453]]],"type":"Polygon"},"id":794,"properties":{"parentKey":"HRV:1159312539","sourceCountryId":"HRV","syntheticOperational":true,"territoryId":"territory:catalog:d5c0b86587f0fc99a2cc04c15b89ee44cb58e282a41e0323417a83557bbd4d5f"},"type":"Feature"},{"geometry":{"coordinates":[[[15.756791720569,45.971223021583],[15.784784902214,45.971223021583],[15.797362,45.977711],[15.814415,45.982207],[15.822476,45.982052],[15.828213,45.980243],[15.836481,45.976729],[15.849503,45.972853],[15.857566151224,45.971223021583],[15.884631941455,45.971223021583],[15.912031047865,45.971223021583],[15.912031047865,46.079136690647],[15.868625756266,46.079136690647],[15.756791720569,46.079136690647],[15.756791720569,45.971223021583]]],"type":"Polygon"},"id":795,"properties":{"parentKey":"HRV:1159312523","sourceCountryId":"HRV","syntheticOperational":true,"territoryId":"territory:catalog:375d4da1781a0cc83619cb92a5501e2fa68ff9c206d156ed2085e342463cc0a1"},"type":"Feature"},{"geometry":{"coordinates":[[[16.745159,46.305701],[16.758647,46.295262],[16.759303940052,46.294964028777],[16.789587852495,46.294964028777],[16.789587852495,46.298406840997],[16.778956,46.302394],[16.745159,46.305701]]],"type":"Polygon"},"id":796,"properties":{"parentKey":"HRV:1159312551","sourceCountryId":"HRV","syntheticOperational":true,"territoryId":"territory:catalog:ed3c7494ec32eb70f23a51a2d1bdf0f4b2f3b50b1532beb6cb712478b4e54e68"},"type":"Feature"},{"geometry":{"coordinates":[[[16.925592804579,42.913394817308],[16.972911,42.926703],[17.01531,42.928616],[17.072771872445,42.919681908263],[17.072771872445,42.94964028777],[16.953316953317,42.94964028777],[16.925592804579,42.94964028777],[16.925592804579,42.913394817308]]],"type":"Polygon"},"id":797,"properties":{"parentKey":"HRV:1159312431","sourceCountryId":"HRV","syntheticOperational":true,"territoryId":"territory:catalog:c3e6842da50b72ab62370c4f1531f88b2be56bcd9aab981e2e02f2205fde8063"},"type":"Feature"},{"geometry":{"coordinates":[[[15.658783783784,44.78417266187],[15.701643489254,44.78417266187],[15.718788298232,44.78417266187],[15.717314,44.786466],[15.716074,44.80321],[15.730647,44.817007],[15.751214,44.821555],[15.76868,44.827342],[15.773435,44.845016],[15.76403,44.864033],[15.74801,44.882016],[15.741123781264,44.892086330935],[15.685279187817,44.892086330935],[15.658783783784,44.892086330935],[15.658783783784,44.78417266187]]],"type":"Polygon"},"id":798,"properties":{"parentKey":"HRV:1159312443","sourceCountryId":"HRV","syntheticOperational":true,"territoryId":"territory:catalog:dc92658949fb32608417d12143cd29c0a0b9660576773f0354f211729d5581b0"},"type":"Feature"},{"geometry":{"coordinates":[[[15.573088533837,44.352517985612],[15.665271966527,44.352517985612],[15.69153394803,44.352517985612],[15.69153394803,44.460431654676],[15.64888702226,44.460431654676],[15.593252332219,44.460431654676],[15.591121,44.457235],[15.593757,44.452067],[15.598097,44.447985],[15.601818,44.445763],[15.606159,44.443851],[15.611482,44.442249],[15.615822,44.440388],[15.618148,44.437856],[15.619078,44.434084],[15.620318,44.430467],[15.622954,44.427624],[15.626674,44.425506],[15.630395,44.423749],[15.633961,44.421682],[15.635511,44.418064],[15.634736,44.411346],[15.63086,44.401528],[15.624504,44.390056],[15.615977,44.379307],[15.599958,44.364217],[15.589106,44.356621],[15.576238,44.352797],[15.573088533837,44.352517985612]]],"type":"Polygon"},"id":799,"properties":{"parentKey":"HRV:1159312443","sourceCountryId":"HRV","syntheticOperational":true,"territoryId":"territory:catalog:ed1bbc199600a0cf32364839053cc1fd5fb727cc782b1ea98c25fd7f0fcfcc4d"},"type":"Feature"},{"geometry":{"coordinates":[[[16.108998786968,45.107913669065],[16.121527,45.096163],[16.212994,45.031464],[16.24121,45.018959],[16.252649427724,45.015424616675],[16.252649427724,45.107913669065],[16.127388535032,45.107913669065],[16.108998786968,45.107913669065]]],"type":"Polygon"},"id":800,"properties":{"parentKey":"HRV:1159312529","sourceCountryId":"HRV","syntheticOperational":true,"territoryId":"territory:catalog:4d8197f207766af3a6a1feffd7d796d526aafb97f83243b6de2a5fe4056e0eb4"},"type":"Feature"},{"geometry":{"coordinates":[[[18.267515923567,45.147856064178],[18.30744,45.127531],[18.322323,45.12288],[18.392913,45.118642],[18.412033,45.112441],[18.419669994912,45.107913669065],[18.420382165605,45.107913669065],[18.420382165605,45.215827338129],[18.382978723404,45.215827338129],[18.267515923567,45.215827338129],[18.267515923567,45.147856064178]]],"type":"Polygon"},"id":801,"properties":{"parentKey":"HRV:1159312537","sourceCountryId":"HRV","syntheticOperational":true,"territoryId":"territory:catalog:58f273df348c2de5dd9d73ed33f2882b839b723f0fcff7b08217ec3283b3aaa6"},"type":"Feature"},{"geometry":{"coordinates":[[[14.246808510638,45.215827338129],[14.252283082592,45.215827338129],[14.258474,45.255764],[14.271983,45.290107],[14.290782,45.320502],[14.293644930288,45.323741007194],[14.271099744246,45.323741007194],[14.246808510638,45.323741007194],[14.246808510638,45.215827338129]]],"type":"Polygon"},"id":802,"properties":{"parentKey":"HRV:1159312505","sourceCountryId":"HRV","syntheticOperational":true,"territoryId":"territory:catalog:1ab17d073920a7c536c28287d0e47131f46617a322ec8b63c881285149a9d6f8"},"type":"Feature"},{"geometry":{"coordinates":[[[17.033248081841,45.323741007194],[17.157446808511,45.323741007194],[17.186700767263,45.323741007194],[17.186700767263,45.336700147051],[17.181205,45.34793],[17.143791,45.341936],[17.061987,45.378161],[17.051445,45.384724],[17.049275,45.387979],[17.049275,45.392062],[17.05005,45.395834],[17.054701,45.4025],[17.059507,45.407823],[17.061522,45.411595],[17.062607,45.417021],[17.060902,45.422757],[17.057491,45.425186],[17.053306,45.425755],[17.04881,45.424825],[17.035167,45.420587],[17.033248081841,45.420279271147],[17.033248081841,45.323741007194]]],"type":"Polygon"},"id":803,"properties":{"parentKey":"HRV:1159312529","sourceCountryId":"HRV","syntheticOperational":true,"territoryId":"territory:catalog:6b8a6b68292c49e8ba597af2edc6748b6d93a4072ba9bd4977f1e3cb2fafb023"},"type":"Feature"},{"geometry":{"coordinates":[[[13.917129431867,45.431654676259],[13.964194373402,45.431654676259],[14.070909867578,45.431654676259],[14.070909867578,45.479246254368],[14.066665,45.480274],[14.041551,45.493193],[14.028322,45.50265],[14.013956,45.507973],[13.987476,45.511909],[13.971891,45.514226],[13.964966,45.51097],[13.961452,45.50389],[13.961452,45.493142],[13.98264,45.475313],[13.969824,45.462963],[13.923005,45.448958],[13.917129431867,45.444895137166],[13.917129431867,45.431654676259]]],"type":"Polygon"},"id":804,"properties":{"parentKey":"HRV:1159312535","sourceCountryId":"HRV","syntheticOperational":true,"territoryId":"territory:catalog:6353736edcfa4a563b529a80d41ca51bfbdff472ec5d5083cba39a4e5063d090"},"type":"Feature"},{"geometry":{"coordinates":[[[14.145260217199,45.431654676259],[14.192395,45.412319],[14.201232,45.407565],[14.203557,45.403947],[14.201077,45.398108],[14.198131,45.393199],[14.197666,45.385705],[14.199526,45.375577],[14.208983,45.345605],[14.210844,45.335321],[14.210533,45.327776],[14.208975132496,45.323741007194],[14.246808510638,45.323741007194],[14.271099744246,45.323741007194],[14.271099744246,45.431654676259],[14.224690303289,45.431654676259],[14.145260217199,45.431654676259]]],"type":"Polygon"},"id":805,"properties":{"parentKey":"HRV:1159312505","sourceCountryId":"HRV","syntheticOperational":true,"territoryId":"territory:catalog:97c6b6c1720bd995bb4f20faa604d2b89e52b1177b67a547ef98e963ccb4cea6"},"type":"Feature"},{"geometry":{"coordinates":[[[14.26190160327,44.676258992806],[14.280392863616,44.676258992806],[14.280447,44.677558],[14.265798,44.679511],[14.26190160327,44.676258992806]]],"type":"Polygon"},"id":806,"properties":{"parentKey":"HRV:1159312505","sourceCountryId":"HRV","syntheticOperational":true,"territoryId":"territory:catalog:a7434799034c6ba3b9f1d72c086b47427b63c7c683de2a2f6c2bca35d51ef2a0"},"type":"Feature"},{"geometry":{"coordinates":[[[15.350034,45.669619],[15.351962,45.668066],[15.368291,45.649049],[15.36926247433,45.647482014388],[15.437392795883,45.647482014388],[15.437392795883,45.690619602279],[15.435782,45.691785],[15.430511,45.69411],[15.420899,45.695299],[15.382865,45.690441],[15.364572,45.675507],[15.350154,45.669667],[15.350034,45.669619]]],"type":"Polygon"},"id":807,"properties":{"parentKey":"HRV:1159312525","sourceCountryId":"HRV","syntheticOperational":true,"territoryId":"territory:catalog:3beed80bc2755ffcbd58827295c25bccffb4a45c9f8387b6a3eefb81cac8f243"},"type":"Feature"},{"geometry":{"coordinates":[[[15.917979,43.572903],[15.935395,43.572943],[15.944184,43.566718],[15.941905,43.560004],[15.925304,43.55858],[15.94809,43.552883],[15.956228,43.547919],[15.959483,43.538153],[15.965099,43.541938],[15.970958,43.543524],[15.985130111524,43.544723132014],[15.985130111524,43.597122302158],[15.943708609272,43.597122302158],[15.922441887618,43.597122302158],[15.917979,43.593329],[15.92213,43.591986],[15.93214,43.586575],[15.927582,43.584296],[15.922618,43.581122],[15.917979,43.579088],[15.917979,43.572903]]],"type":"Polygon"},"id":808,"properties":{"parentKey":"HRV:1159312439","sourceCountryId":"HRV","syntheticOperational":true,"territoryId":"territory:catalog:d33c24948502a180942710c89929dda2dbe75101d64f101bbe64e789e8a08b9d"},"type":"Feature"},{"geometry":{"coordinates":[[[15.61936457376,46.187050359712],[15.71305099395,46.187050359712],[15.74025974026,46.187050359712],[15.74025974026,46.211260658742],[15.677975,46.214462],[15.661297,46.21532],[15.639799,46.207672],[15.626571,46.19521],[15.62285,46.191704],[15.61936457376,46.187050359712]]],"type":"Polygon"},"id":809,"properties":{"parentKey":"HRV:1159312523","sourceCountryId":"HRV","syntheticOperational":true,"territoryId":"territory:catalog:8fe3d47a1bc68d273581cffe4ef5eb8828700cd67171014c7dc0024337c93dff"},"type":"Feature"},{"geometry":{"coordinates":[[[18.382978723404,45.237374501576],[18.469677713983,45.215827338129],[18.536170212766,45.215827338129],[18.536170212766,45.242958398418],[18.519831,45.244577],[18.514405,45.245972],[18.509754,45.247833],[18.507429,45.249641],[18.506654,45.250985],[18.506654,45.255119],[18.509289,45.283851],[18.510064,45.287624],[18.511925,45.292585],[18.518746,45.297287],[18.52965,45.300904],[18.536170212766,45.301560741464],[18.536170212766,45.323741007194],[18.414322250639,45.323741007194],[18.382978723404,45.323741007194],[18.382978723404,45.237374501576]]],"type":"Polygon"},"id":810,"properties":{"parentKey":"HRV:1159312539","sourceCountryId":"HRV","syntheticOperational":true,"territoryId":"territory:catalog:0ee555a14ee0dd46d40a3e9ce54e79e3bdfd579309afcf7144066b1a90f4d67e"},"type":"Feature"},{"geometry":{"coordinates":[[[16.701030927835,45.755395683453],[16.826758147513,45.755395683453],[16.855670103093,45.755395683453],[16.855670103093,45.863309352518],[16.814464055101,45.863309352518],[16.701030927835,45.863309352518],[16.701030927835,45.755395683453]]],"type":"Polygon"},"id":811,"properties":{"parentKey":"HRV:1159312549","sourceCountryId":"HRV","syntheticOperational":true,"territoryId":"territory:catalog:c5f74624dfb79fd4d6984aa59478872a70388e552b003b34444e79d09f6f41f8"},"type":"Feature"},{"geometry":{"coordinates":[[[14.892902141957,44.535094611792],[14.906261,44.520901],[14.91863,44.504543],[14.912852,44.502753],[14.903168,44.498481],[14.897472,44.497056],[14.897472,44.490912],[14.949718,44.468085],[14.958832,44.466702],[14.969412300146,44.460431654676],[15.027629315239,44.460431654676],[14.965994,44.523871],[14.911143,44.545478],[14.911143,44.552314],[14.928559,44.552314],[14.942068,44.547431],[14.952891,44.54149],[14.972911,44.536119],[15.014171,44.518744],[15.011729,44.514879],[15.007335,44.504543],[15.028168,44.50316],[15.044099118018,44.493442655231],[15.044099118018,44.524381245106],[15.041189,44.527493],[15.003917,44.536078],[14.989106,44.546617],[14.970641584073,44.568345323741],[14.917963819941,44.568345323741],[14.892902141957,44.568345323741],[14.892902141957,44.535094611792]]],"type":"Polygon"},"id":812,"properties":{"parentKey":"HRV:1159312507","sourceCountryId":"HRV","syntheticOperational":true,"territoryId":"territory:catalog:caba6c6ebb878297051bdc9b54400f91ca029f164abeaff194f90fa6230b9b33"},"type":"Feature"},{"geometry":{"coordinates":[[[13.68152866242,45.107913669065],[13.810936837643,45.107913669065],[13.834394904459,45.107913669065],[13.834394904459,45.215827338129],[13.787234042553,45.215827338129],[13.68152866242,45.215827338129],[13.68152866242,45.143318332712],[13.683604,45.143378],[13.706716,45.141099],[13.726248,45.134508],[13.68152866242,45.132226359532],[13.68152866242,45.107913669065]]],"type":"Polygon"},"id":813,"properties":{"parentKey":"HRV:1159312535","sourceCountryId":"HRV","syntheticOperational":true,"territoryId":"territory:catalog:a7c8ab2b90260e6e2c424c6404abff2ef96c0adc7dc4d188c06fd2bf20302445"},"type":"Feature"},{"geometry":{"coordinates":[[[17.493606138107,45.323741007194],[17.504233458428,45.323741007194],[17.495553,45.331239],[17.493606138107,45.33264496357],[17.493606138107,45.323741007194]]],"type":"Polygon"},"id":814,"properties":{"parentKey":"HRV:1159312537","sourceCountryId":"HRV","syntheticOperational":true,"territoryId":"territory:catalog:aca6d0f0d97448c24cae85dd8e6eeee484f9718ba7c30edba8c1095418dc90a6"},"type":"Feature"},{"geometry":{"coordinates":[[[17.698898408813,42.809966267382],[17.72877,42.800767],[17.748871,42.790839],[17.750255,42.785712],[17.748709,42.778144],[17.748709,42.77204],[17.755138,42.770941],[17.761892,42.774319],[17.761892,42.778713],[17.748709,42.803412],[17.739594,42.813056],[17.720958,42.826239],[17.735118,42.821967],[17.7588,42.807603],[17.765391,42.804429],[17.767751,42.802314],[17.773774,42.79857],[17.780121,42.796942],[17.785655,42.805162],[17.792328,42.808539],[17.800059,42.810981],[17.806651,42.811916],[17.834972,42.807196],[17.845777233782,42.801004970667],[17.845777233782,42.831631007704],[17.840903643792,42.837256583478],[17.837031130149,42.841726618705],[17.808667211774,42.841726618705],[17.737133552827,42.841726618705],[17.741466,42.83926],[17.7287061073,42.841726618705],[17.698898408813,42.841726618705],[17.698898408813,42.809966267382]]],"type":"Polygon"},"id":815,"properties":{"parentKey":"HRV:1159312431","sourceCountryId":"HRV","syntheticOperational":true,"territoryId":"territory:catalog:deb9a0a5d9ac1699bf6601fd7af916b4a3558e7e028fc0cadbe6fab6c9ce88c0"},"type":"Feature"},{"geometry":{"coordinates":[[[14.766512410602,44.654193458731],[14.822615517439,44.604606008994],[14.863640758898,44.568345323741],[14.892902141957,44.568345323741],[14.917963819941,44.568345323741],[14.917963819941,44.603558164083],[14.904063,44.610012],[14.880138,44.609198],[14.8838,44.579657],[14.845225,44.600531],[14.779959,44.669501],[14.771804993854,44.676258992806],[14.766512410602,44.676258992806],[14.766512410602,44.654193458731]]],"type":"Polygon"},"id":816,"properties":{"parentKey":"HRV:1159312507","sourceCountryId":"HRV","syntheticOperational":true,"territoryId":"territory:catalog:61ec510e825389c0739e2824ee337face9711f2da079df5538825785fbcad659"},"type":"Feature"},{"geometry":{"coordinates":[[[16.417910447761,43.80850316534],[16.425489,43.812261],[16.426177534539,43.812949640288],[16.417910447761,43.812949640288],[16.417910447761,43.80850316534]]],"type":"Polygon"},"id":817,"properties":{"parentKey":"HRV:1159312439","sourceCountryId":"HRV","syntheticOperational":true,"territoryId":"territory:catalog:fd54b54574716bd643bdf52ccb63d1ac9576ac66e1d69ef48c6032eae1a10acd"},"type":"Feature"},{"geometry":{"coordinates":[[[15.60377,43.674709],[15.61964,43.668931],[15.645695364238,43.655000670417],[15.645695364238,43.673392030162],[15.61964,43.675442],[15.615489,43.676988],[15.611339,43.682115],[15.60377,43.674709]]],"type":"Polygon"},"id":818,"properties":{"parentKey":"HRV:1159312439","sourceCountryId":"HRV","syntheticOperational":true,"territoryId":"territory:catalog:c4e14e0a5cf7764aa4e70919c5b4cab1a2f243b83d1792d3f1746f009414e22c"},"type":"Feature"},{"geometry":{"coordinates":[[[14.442567567568,44.78417266187],[14.460019863091,44.78417266187],[14.457042,44.787746],[14.451915,44.798774],[14.466563,44.804836],[14.464854,44.821438],[14.451915,44.850898],[14.448497,44.883734],[14.449353694309,44.892086330935],[14.442567567568,44.892086330935],[14.442567567568,44.78417266187]]],"type":"Polygon"},"id":819,"properties":{"parentKey":"HRV:1159312505","sourceCountryId":"HRV","syntheticOperational":true,"territoryId":"territory:catalog:8159e13417bf897ae57ddc75a284e34dce6f27436135bc6c88c1878b64e3fee8"},"type":"Feature"},{"geometry":{"coordinates":[[[16.123494710786,44.028776978417],[16.131721550646,44.028776978417],[16.131721550646,44.033717890443],[16.13052,44.033592],[16.123494710786,44.028776978417]]],"type":"Polygon"},"id":820,"properties":{"parentKey":"HRV:1159312439","sourceCountryId":"HRV","syntheticOperational":true,"territoryId":"territory:catalog:071d3bb2a4658bcc822ba20bcbe43c77f9ebbafc937cbc558cc978c39d26bb8a"},"type":"Feature"},{"geometry":{"coordinates":[[[15.618556701031,45.755395683453],[15.746140651801,45.755395683453],[15.773195876289,45.755395683453],[15.773195876289,45.841235918856],[15.768113,45.844179],[15.765839,45.846298],[15.7708,45.861129],[15.7708,45.863309352518],[15.729659922514,45.863309352518],[15.671149637083,45.863309352518],[15.675456,45.855962],[15.676076,45.841699],[15.666051,45.831674],[15.645587,45.824129],[15.626054,45.820202],[15.618556701031,45.82001204315],[15.618556701031,45.755395683453]]],"type":"Polygon"},"id":821,"properties":{"parentKey":"HRV:1159312531","sourceCountryId":"HRV","syntheticOperational":true,"territoryId":"territory:catalog:68588370b02a0e461d00d9310d6feee81fff54a8f6d833227045f3743f5346f5"},"type":"Feature"},{"geometry":{"coordinates":[[[15.65675,45.415213],[15.660626,45.411905],[15.669979,45.405498],[15.67246,45.40219],[15.672305,45.398211],[15.665949,45.381778],[15.665122,45.376559],[15.665949,45.373251],[15.668119,45.369841],[15.674165,45.363278],[15.677576,45.358782],[15.680521,45.353253],[15.680676,45.350565],[15.679591,45.348757],[15.663881,45.339558],[15.661866,45.335218],[15.662486,45.330463],[15.664192,45.325554],[15.664564501325,45.323741007194],[15.778723404255,45.323741007194],[15.805626598465,45.323741007194],[15.805626598465,45.396638538238],[15.794106,45.39387],[15.786355,45.393354],[15.779947,45.395059],[15.774986,45.397746],[15.766459,45.403327],[15.757467,45.408185],[15.748941,45.411234],[15.74212,45.411595],[15.731888,45.410614],[15.72703,45.411544],[15.720519,45.418417],[15.716023,45.420794],[15.702845,45.420535],[15.676491,45.425186],[15.662951,45.422292],[15.657525,45.418727],[15.65675,45.415213]]],"type":"Polygon"},"id":822,"properties":{"parentKey":"HRV:1159312529","sourceCountryId":"HRV","syntheticOperational":true,"territoryId":"territory:catalog:8fa3d755a1eed4e8539fdbb22a18ca28f904a13049e353b7c78981d53937e23c"},"type":"Feature"},{"geometry":{"coordinates":[[[16.306620209059,46.510791366906],[16.349413298566,46.510791366906],[16.463414634146,46.510791366906],[16.463414634146,46.51961526707],[16.449052,46.51835],[16.440371,46.519022],[16.431999,46.523208],[16.415153,46.535559],[16.406264,46.539486],[16.394895,46.540106],[16.382183,46.539383],[16.369471,46.540571],[16.357895,46.546979],[16.351694,46.539486],[16.351254,46.539922],[16.344149,46.546979],[16.340276,46.543827],[16.32999,46.535455],[16.310663,46.530985],[16.306620209059,46.529257246052],[16.306620209059,46.510791366906]]],"type":"Polygon"},"id":823,"properties":{"parentKey":"HRV:1159312553","sourceCountryId":"HRV","syntheticOperational":true,"territoryId":"territory:catalog:8850a103c80556097c234a67d27c23e9133830a2e39aef10fffdc3aa127a341e"},"type":"Feature"},{"geometry":{"coordinates":[[[16.957649092481,46.079136690647],[16.998706338939,46.079136690647],[17.113223854797,46.079136690647],[17.113223854797,46.124132995683],[17.101209,46.128193],[17.052943,46.153463],[17.041264,46.162196],[17.036303,46.172997],[17.028035,46.18049],[17.016424417576,46.187050359712],[16.987012987013,46.187050359712],[16.957649092481,46.187050359712],[16.957649092481,46.079136690647]]],"type":"Polygon"},"id":824,"properties":{"parentKey":"HRV:1159312551","sourceCountryId":"HRV","syntheticOperational":true,"territoryId":"territory:catalog:e05ad17c3e64d12db07d97be246e2eee9471cdd9d50c4fcc7db21ac4aeb3198a"},"type":"Feature"},{"geometry":{"coordinates":[[[19.184713375796,45.168481806739],[19.185319,45.168045],[19.204543,45.162878],[19.225937,45.161947],[19.267795,45.165823],[19.272756,45.168355],[19.275753,45.172851],[19.279474,45.177244],[19.286709,45.179517],[19.291359,45.177709],[19.299421,45.168975],[19.304279,45.166547],[19.337579617834,45.167622295114],[19.337579617834,45.215827338129],[19.302127659574,45.215827338129],[19.184713375796,45.215827338129],[19.184713375796,45.168481806739]]],"type":"Polygon"},"id":825,"properties":{"parentKey":"HRV:1159312543","sourceCountryId":"HRV","syntheticOperational":true,"territoryId":"territory:catalog:8be00c4dfbc299ea02d0579a7928388e15d78e0579e4eea6b0ff9d0487b9b3d4"},"type":"Feature"},{"geometry":{"coordinates":[[[16.998706338939,45.971223021583],[17.124408092983,45.971223021583],[17.153945666235,45.971223021583],[17.153945666235,46.079136690647],[17.113223854797,46.079136690647],[16.998706338939,46.079136690647],[16.998706338939,45.971223021583]]],"type":"Polygon"},"id":826,"properties":{"parentKey":"HRV:1159312551","sourceCountryId":"HRV","syntheticOperational":true,"territoryId":"territory:catalog:af3e0771a55180bae78763c5d38ecc1f793731b42f5e2f0e43748c5ccccfae5d"},"type":"Feature"},{"geometry":{"coordinates":[[[18.721227621483,45.323741007194],[18.842553191489,45.323741007194],[18.874680306905,45.323741007194],[18.874680306905,45.431654676259],[18.838103374626,45.431654676259],[18.803173,45.431654676259],[18.803173,45.428597],[18.801933,45.422757],[18.795732,45.418158],[18.786895,45.413559],[18.721227621483,45.415891112508],[18.721227621483,45.323741007194]]],"type":"Polygon"},"id":827,"properties":{"parentKey":"HRV:1159312543","sourceCountryId":"HRV","syntheticOperational":true,"territoryId":"territory:catalog:2b5f2b07fe1d9d9c99841b48e67ee38b550831c714f6835fba9bdcad272f0797"},"type":"Feature"},{"geometry":{"coordinates":[[[18.573248407643,45.107913669065],[18.694362017804,45.107913669065],[18.726114649682,45.107913669065],[18.726114649682,45.215827338129],[18.689361702128,45.215827338129],[18.573248407643,45.215827338129],[18.573248407643,45.107913669065]]],"type":"Polygon"},"id":828,"properties":{"parentKey":"HRV:1159312543","sourceCountryId":"HRV","syntheticOperational":true,"territoryId":"territory:catalog:6f7049e4e08c0e247805609cfc60ad2bae35669a9be07b26e9769463ab1778a5"},"type":"Feature"},{"geometry":{"coordinates":[[[15.805243445693,43.937127417515],[15.805888,43.937008],[15.826197,43.939541],[15.838651,43.939127],[15.874153,43.929825],[15.877874,43.927758],[15.886453248195,43.920863309353],[15.92444289365,43.920863309353],[15.937146,43.931272],[15.944433,43.93551],[15.953166,43.939437],[15.955056179775,43.93994124664],[15.955056179775,44.028776978417],[15.831596498541,44.028776978417],[15.805243445693,44.028776978417],[15.805243445693,43.937127417515]]],"type":"Polygon"},"id":829,"properties":{"parentKey":"HRV:1159312443","sourceCountryId":"HRV","syntheticOperational":true,"territoryId":"territory:catalog:b76fccc428f9783f81f00757b5f6da30bdb787835b1c6f5b5aac62bedc93ecb1"},"type":"Feature"},{"geometry":{"coordinates":[[[15.54689098969,43.876569870269],[15.548172757475,43.875765894736],[15.548172757475,43.877455137228],[15.547041,43.87665],[15.54689098969,43.876569870269]]],"type":"Polygon"},"id":830,"properties":{"parentKey":"HRV:1159312439","sourceCountryId":"HRV","syntheticOperational":true,"territoryId":"territory:catalog:f2e185bb8ed6f2aa405a3c82ad7b24904acd41428e149eb0d961363846c18e7b"},"type":"Feature"},{"geometry":{"coordinates":[[[15.746140651801,45.647482014388],[15.789473684211,45.647482014388],[15.89094235521,45.647482014388],[15.887175,45.650806],[15.881284,45.654165],[15.874618,45.657265],[15.81271,45.676902],[15.784804,45.691372],[15.777363,45.696591],[15.773125,45.700363],[15.77204,45.70212],[15.770335,45.705531],[15.770025,45.710182],[15.7708,45.715815],[15.774211,45.725736],[15.782427,45.738087],[15.813241,45.724592],[15.833691,45.755267],[15.833562316547,45.755395683453],[15.773195876289,45.755395683453],[15.746140651801,45.755395683453],[15.746140651801,45.647482014388]]],"type":"Polygon"},"id":831,"properties":{"parentKey":"HRV:1159312531","sourceCountryId":"HRV","syntheticOperational":true,"territoryId":"territory:catalog:7c3fe3fd2dfcde94e6b64584cb792095eaa53def5e52d31b7df7adb94db73463"},"type":"Feature"},{"geometry":{"coordinates":[[[16.539735099338,43.597122302158],[16.579925650558,43.597122302158],[16.688741721854,43.597122302158],[16.688741721854,43.705035971223],[16.567164179104,43.705035971223],[16.539735099338,43.705035971223],[16.539735099338,43.597122302158]]],"type":"Polygon"},"id":832,"properties":{"parentKey":"HRV:1159312433","sourceCountryId":"HRV","syntheticOperational":true,"territoryId":"territory:catalog:1cc29aa9199d5d8be8891550474d7fd225959e90f120e14192390efa7b191a6d"},"type":"Feature"},{"geometry":{"coordinates":[[[14.917963819941,44.568345323741],[14.970641584073,44.568345323741],[14.966319,44.573432],[14.938243,44.594143],[14.917963819941,44.603558164083],[14.917963819941,44.568345323741]]],"type":"Polygon"},"id":833,"properties":{"parentKey":"HRV:1159312507","sourceCountryId":"HRV","syntheticOperational":true,"territoryId":"territory:catalog:eb2d77c227dfd7d3036875bec9ef895dd2dfb1ec86b8a66c0f00f2a396b60743"},"type":"Feature"},{"geometry":{"coordinates":[[[14.637285994638,45.215827338129],[14.657888,45.196601],[14.751592356688,45.145232808019],[14.751592356688,45.215827338129],[14.706382978723,45.215827338129],[14.637285994638,45.215827338129]]],"type":"Polygon"},"id":834,"properties":{"parentKey":"HRV:1159312505","sourceCountryId":"HRV","syntheticOperational":true,"territoryId":"territory:catalog:ffa4aa26c138da8292cacec6ced3bf99fa2fa6df1347a0e3a14bcc4609039ff7"},"type":"Feature"},{"geometry":{"coordinates":[[[15.210191082803,45.107913669065],[15.21192637448,45.107913669065],[15.210191082803,45.109434367909],[15.210191082803,45.107913669065]]],"type":"Polygon"},"id":835,"properties":{"parentKey":"HRV:1159312507","sourceCountryId":"HRV","syntheticOperational":true,"territoryId":"territory:catalog:f4edfd4f2dca51250283ee8d30bbaaefa3d168a6b03bca75ec9021129a5b5968"},"type":"Feature"},{"geometry":{"coordinates":[[[15.955056179775,43.920863309353],[15.996677740864,43.920863309353],[16.104868913858,43.920863309353],[16.104868913858,44.016011153198],[16.104733,44.015918],[16.097757,44.013024],[16.092331,44.011267],[16.088145,44.010699],[16.083959,44.010957],[16.06427,44.013955],[16.039724,44.014213],[16.032748,44.012714],[16.029492,44.010234],[16.025306,44.004653],[16.023911,44.002017],[16.023446,44.000725],[16.023291,43.999899],[16.023291,43.999072],[16.023601,43.996901],[16.024841,43.994214],[16.028872,43.988375],[16.030112,43.985222],[16.029647,43.982019],[16.028097,43.979486],[16.026082,43.978298],[16.021896,43.977161],[16.011664,43.975817],[16.008408,43.974887],[16.005463,43.97313],[16.002672,43.970443],[16.000605,43.967291],[15.99952,43.963828],[15.999675,43.960676],[16.001742,43.952821],[16.001535,43.949669],[15.996884,43.94693],[15.960142,43.941298],[15.955056179775,43.93994124664],[15.955056179775,43.920863309353]]],"type":"Polygon"},"id":836,"properties":{"parentKey":"HRV:1159312439","sourceCountryId":"HRV","syntheticOperational":true,"territoryId":"territory:catalog:6ee5a88406fe41e75693a44b16c313f9e43d52db13efc0c99240c66a8e9759cf"},"type":"Feature"},{"geometry":{"coordinates":[[[17.603933541555,45.539568345324],[17.607742,45.536549],[17.607859888936,45.536473691749],[17.607859888936,45.539568345324],[17.603933541555,45.539568345324]]],"type":"Polygon"},"id":837,"properties":{"parentKey":"HRV:1159312547","sourceCountryId":"HRV","syntheticOperational":true,"territoryId":"territory:catalog:785099fdef210b717c475f82cd69b59f3278f3c9a9691edb5af9ddde871ff35e"},"type":"Feature"},{"geometry":{"coordinates":[[[18.829100301334,45.863309352518],[18.865979381443,45.863309352518],[18.901873084027,45.863309352518],[18.90699,45.867951],[18.903993,45.875702],[18.893451,45.883867],[18.872884,45.895236],[18.881979,45.902626],[18.889834,45.907897],[18.90699,45.9157],[18.901306,45.931203],[18.886526,45.930428],[18.876604,45.922418],[18.865442,45.918077],[18.845392,45.913943],[18.829100301334,45.906092833581],[18.829100301334,45.863309352518]]],"type":"Polygon"},"id":838,"properties":{"parentKey":"HRV:1159312539","sourceCountryId":"HRV","syntheticOperational":true,"territoryId":"territory:catalog:d5c3d77dee6b24c0769488af6d7c08969e1ff06922bd1c07083e2925e300380d"},"type":"Feature"},{"geometry":{"coordinates":[[[14.898648648649,44.78417266187],[14.943109987358,44.78417266187],[15.050675675676,44.78417266187],[15.050675675676,44.892086330935],[14.92385786802,44.892086330935],[14.898648648649,44.892086330935],[14.898648648649,44.78417266187]]],"type":"Polygon"},"id":839,"properties":{"parentKey":"HRV:1159312507","sourceCountryId":"HRV","syntheticOperational":true,"territoryId":"territory:catalog:fc30ce81ca5f4099e3e65d4fe6ea35e1fa086a133f742dbb7af0e92a5e4fefce"},"type":"Feature"},{"geometry":{"coordinates":[[[16.092715231788,43.597122302158],[16.133828996283,43.597122302158],[16.241721854305,43.597122302158],[16.241721854305,43.673561140561],[16.238678,43.67165],[16.228705,43.67072],[16.173824,43.687411],[16.169277,43.68798],[16.160595,43.682915],[16.092715231788,43.61921046229],[16.092715231788,43.597122302158]]],"type":"Polygon"},"id":840,"properties":{"parentKey":"HRV:1159312433","sourceCountryId":"HRV","syntheticOperational":true,"territoryId":"territory:catalog:303ad3d24f5be1074eb4e9c2a17112c37f76c084258ab6e1dbfeecfb872eda8a"},"type":"Feature"},{"geometry":{"coordinates":[[[16.672384219554,45.654348903521],[16.693142566993,45.647482014388],[16.713735558408,45.647482014388],[16.826758147513,45.647482014388],[16.826758147513,45.755395683453],[16.701030927835,45.755395683453],[16.672384219554,45.755395683453],[16.672384219554,45.654348903521]]],"type":"Polygon"},"id":841,"properties":{"parentKey":"HRV:1159312549","sourceCountryId":"HRV","syntheticOperational":true,"territoryId":"territory:catalog:108cbc57bf5120a4c19835087604a7444f80444832e904e759f7dab0d4042b71"},"type":"Feature"},{"geometry":{"coordinates":[[[14.746621621622,44.830191342151],[14.756114,44.835679],[14.753266,44.845852],[14.746621621622,44.849382729923],[14.746621621622,44.830191342151]]],"type":"Polygon"},"id":842,"properties":{"parentKey":"HRV:1159312505","sourceCountryId":"HRV","syntheticOperational":true,"territoryId":"territory:catalog:2ee6153481e059af0041769546f6196e2d5953fe29351a7793d7d78cb34cd5bd"},"type":"Feature"},{"geometry":{"coordinates":[[[14.904458598726,45.107913669065],[15.01965038507,45.107913669065],[15.008004,45.124068],[14.970901,45.149803],[14.968885,45.15311],[14.968265,45.158019],[14.973071,45.160034],[14.976172,45.161998],[14.979427,45.164892],[14.981287,45.16944],[14.982259916611,45.215827338129],[14.904458598726,45.215827338129],[14.904458598726,45.107913669065]]],"type":"Polygon"},"id":843,"properties":{"parentKey":"HRV:1159312505","sourceCountryId":"HRV","syntheticOperational":true,"territoryId":"territory:catalog:d43a8a8beeea6f10594734d4aa15f1078007746d6a78ed60d0f59569de9bb4c1"},"type":"Feature"},{"geometry":{"coordinates":[[[16.685177274669,45.431654676259],[16.726342710997,45.431654676259],[16.83895771038,45.431654676259],[16.83895771038,45.4922935742],[16.836058,45.494484],[16.830012,45.503786],[16.829237,45.507817],[16.830942,45.510401],[16.833733,45.510866],[16.836678,45.511021],[16.83895771038,45.510767543256],[16.83895771038,45.539568345324],[16.713735558408,45.539568345324],[16.685177274669,45.539568345324],[16.685177274669,45.431654676259]]],"type":"Polygon"},"id":844,"properties":{"parentKey":"HRV:1159312529","sourceCountryId":"HRV","syntheticOperational":true,"territoryId":"territory:catalog:c905ef899cf16b6f4ceeec3da6c51a712049bbbf27b55dbd71a6fde28d7cd456"},"type":"Feature"},{"geometry":{"coordinates":[[[15.111864303564,43.920863309353],[15.121349,43.912584],[15.136485,43.903022],[15.172374,43.887519],[15.175141,43.884263],[15.184581,43.877102],[15.194509,43.872626],[15.199067,43.877631],[15.196788,43.886379],[15.191091,43.887519],[15.183442,43.886949],[15.175548,43.890937],[15.169688,43.894965],[15.144542,43.908108],[15.14031,43.913031],[15.137706,43.917873],[15.133767609348,43.920863309353],[15.111864303564,43.920863309353]]],"type":"Polygon"},"id":845,"properties":{"parentKey":"HRV:1159312443","sourceCountryId":"HRV","syntheticOperational":true,"territoryId":"territory:catalog:01c3561acf9bf8b3c3903058a913fc35fc76eea0b3c0d4edf38a21eb5c5a7de1"},"type":"Feature"},{"geometry":{"coordinates":[[[15.195296094078,44.460431654676],[15.238893545683,44.460431654676],[15.346493070139,44.460431654676],[15.346493070139,44.568345323741],[15.22086663862,44.568345323741],[15.195296094078,44.568345323741],[15.195296094078,44.460431654676]]],"type":"Polygon"},"id":846,"properties":{"parentKey":"HRV:1159312507","sourceCountryId":"HRV","syntheticOperational":true,"territoryId":"territory:catalog:bd22d9b3232457db80c6fa65d9ccf4b2c73f301988a189df92506480f62aa2d2"},"type":"Feature"},{"geometry":{"coordinates":[[[16.067789126724,43.489208633094],[16.098481,43.480048],[16.107216494845,43.479368744905],[16.107216494845,43.489208633094],[16.067789126724,43.489208633094]]],"type":"Polygon"},"id":847,"properties":{"parentKey":"HRV:1159312433","sourceCountryId":"HRV","syntheticOperational":true,"territoryId":"territory:catalog:d01b3a79d64823bc25bcb760d2f01f8562ecb6f9b060cbb7ee0db91c9d154346"},"type":"Feature"},{"geometry":{"coordinates":[[[14.746621621622,44.78417266187],[14.791403286979,44.78417266187],[14.799579681851,44.78417266187],[14.787364,44.789252],[14.748057,44.816799],[14.746621621622,44.817501326392],[14.746621621622,44.78417266187]]],"type":"Polygon"},"id":848,"properties":{"parentKey":"HRV:1159312505","sourceCountryId":"HRV","syntheticOperational":true,"territoryId":"territory:catalog:22fd87498a9b1296c78ab532a274a4d0763e1224fa8db71dd612800cb8fd5421"},"type":"Feature"},{"geometry":{"coordinates":[[[15.301153353268,45.431654676259],[15.3452685422,45.431654676259],[15.454933788979,45.431654676259],[15.454933788979,45.539568345324],[15.327342747112,45.539568345324],[15.301153353268,45.539568345324],[15.301153353268,45.517634711452],[15.311034,45.505906],[15.361367,45.482031],[15.351755,45.47614],[15.333875,45.458518],[15.325193,45.452834],[15.314031,45.450509],[15.301153353268,45.450693516246],[15.301153353268,45.431654676259]]],"type":"Polygon"},"id":849,"properties":{"parentKey":"HRV:1159312525","sourceCountryId":"HRV","syntheticOperational":true,"territoryId":"territory:catalog:04ce24acd08e912b2d00d8617d8e180cb73a043320155fa639a55b5d132bea62"},"type":"Feature"},{"geometry":{"coordinates":[[[15.209677314618,44.136690647482],[15.212901,44.131049],[15.222016,44.125637],[15.231346394331,44.121715409506],[15.231346394331,44.136690647482],[15.209677314618,44.136690647482]]],"type":"Polygon"},"id":850,"properties":{"parentKey":"HRV:1159312443","sourceCountryId":"HRV","syntheticOperational":true,"territoryId":"territory:catalog:ea2a6581c5230392fd3cca0fe2fda0c852ed31ad1437eef250ca77a06d5675a8"},"type":"Feature"},{"geometry":{"coordinates":[[[16.504520017219,45.863309352518],[16.546391752577,45.863309352518],[16.65949203616,45.863309352518],[16.65949203616,45.923599889996],[16.648473,45.92035],[16.640876,45.919626],[16.63452,45.921022],[16.630334,45.923812],[16.622273,45.927119],[16.616175,45.927171],[16.607648,45.925414],[16.603772,45.925724],[16.601137,45.926964],[16.599587,45.930065],[16.595711,45.933837],[16.58951,45.937972],[16.551166,45.953629],[16.545275,45.957092],[16.525745662404,45.971223021583],[16.504520017219,45.971223021583],[16.504520017219,45.863309352518]]],"type":"Polygon"},"id":851,"properties":{"parentKey":"HRV:1159312531","sourceCountryId":"HRV","syntheticOperational":true,"territoryId":"territory:catalog:8acd1b451308193b4b896a8582fa8edbd289533be4265f9fdf721ac7dd0aa581"},"type":"Feature"},{"geometry":{"coordinates":[[[17.607859888936,45.536473691749],[17.615184,45.531795],[17.650427,45.515465],[17.706909,45.503166],[17.715591,45.499755],[17.725513,45.497172],[17.761640324648,45.494079704267],[17.761640324648,45.539568345324],[17.637997432606,45.539568345324],[17.607859888936,45.539568345324],[17.607859888936,45.536473691749]]],"type":"Polygon"},"id":852,"properties":{"parentKey":"HRV:1159312547","sourceCountryId":"HRV","syntheticOperational":true,"territoryId":"territory:catalog:45fa13085c3cf4c2c5e65cd4b5864fa0cfb0123df9f846eda0957956ceb5ff9d"},"type":"Feature"},{"geometry":{"coordinates":[[[15.685279187817,44.892086330935],[15.741123781264,44.892086330935],[15.734264,44.902118],[15.730853,44.927233],[15.734108,44.93444],[15.733438,44.934053],[15.725376,44.929403],[15.718814,44.929093],[15.711372,44.929661],[15.707031,44.932038],[15.703621,44.933227],[15.688738,44.936069],[15.685279187817,44.937724887616],[15.685279187817,44.892086330935]]],"type":"Polygon"},"id":853,"properties":{"parentKey":"HRV:1159312443","sourceCountryId":"HRV","syntheticOperational":true,"territoryId":"territory:catalog:f90e8a0b458bc8bd6ac29d4d130113c44420ac5ebb0bda52897165e9dac1e3e1"},"type":"Feature"},{"geometry":{"coordinates":[[[18.851351351351,44.871954316124],[18.858724,44.868529],[18.889627,44.86119],[18.974916,44.862757],[19.003378378378,44.863279784177],[19.003378378378,44.88253365213],[18.997115858699,44.891038945045],[18.996344659539,44.892086330935],[18.883248730964,44.892086330935],[18.851351351351,44.892086330935],[18.851351351351,44.871954316124]]],"type":"Polygon"},"id":854,"properties":{"parentKey":"HRV:1159312543","sourceCountryId":"HRV","syntheticOperational":true,"territoryId":"territory:catalog:1cea7cfdc3973c4c90e861f41ae9a2d70d7a5fb1474e4f4da979616f87fcf3e8"},"type":"Feature"},{"geometry":{"coordinates":[[[15.29379662477,44.364811333388],[15.307953,44.354397],[15.313408890443,44.352517985612],[15.364016736402,44.352517985612],[15.389773679799,44.352517985612],[15.389773679799,44.389219675295],[15.385966,44.392329],[15.363641,44.406437],[15.351549,44.411811],[15.344263,44.413362],[15.336666,44.413723],[15.328088,44.411708],[15.320337,44.404938],[15.315841,44.399978],[15.293982,44.364941],[15.29379662477,44.364811333388]]],"type":"Polygon"},"id":855,"properties":{"parentKey":"HRV:1159312443","sourceCountryId":"HRV","syntheticOperational":true,"territoryId":"territory:catalog:0a5faf29181eac15b43b72f4333323fdc3306cddc61a40a0852d21fefeb0d432"},"type":"Feature"},{"geometry":{"coordinates":[[[17.949501567147,42.73381294964],[17.961192,42.729397],[17.9633401222,42.727930319712],[17.9633401222,42.73381294964],[17.949501567147,42.73381294964]]],"type":"Polygon"},"id":856,"properties":{"parentKey":"HRV:1159312431","sourceCountryId":"HRV","syntheticOperational":true,"territoryId":"territory:catalog:1c5b95a505388578da955bccf4a61b08fb8888f8f6a6eed9d3a340419c473a58"},"type":"Feature"},{"geometry":{"coordinates":[[[15.789473684211,45.539568345324],[15.83207598057,45.539568345324],[15.839736,45.546006],[15.854309,45.549881],[15.85989,45.548951],[15.864386,45.547349],[15.867487,45.544869],[15.868727,45.541613],[15.868813378162,45.539568345324],[15.916275096113,45.539568345324],[15.94351732991,45.539568345324],[15.94351732991,45.647482014388],[15.939201675097,45.647482014388],[15.938498,45.642791],[15.921488,45.622384],[15.90397,45.630187],[15.899784,45.633649],[15.896684,45.638197],[15.894462,45.642641],[15.891568,45.64693],[15.89094235521,45.647482014388],[15.789473684211,45.647482014388],[15.789473684211,45.539568345324]]],"type":"Polygon"},"id":857,"properties":{"parentKey":"HRV:1159312531","sourceCountryId":"HRV","syntheticOperational":true,"territoryId":"territory:catalog:9a1a5efc50d32aea33c77b9025dbf45f72d8049efe304fa9d1b4b0421e1b2341"},"type":"Feature"},{"geometry":{"coordinates":[[[17.300299017514,45.431654676259],[17.340153452685,45.431654676259],[17.454079453225,45.431654676259],[17.454079453225,45.539568345324],[17.435475141076,45.539568345324],[17.428683,45.52332],[17.423877,45.517325],[17.418451,45.513346],[17.410545,45.510556],[17.399331,45.509212],[17.383673,45.509677],[17.34967,45.516602],[17.335097,45.517532],[17.300299017514,45.513510201882],[17.300299017514,45.431654676259]]],"type":"Polygon"},"id":858,"properties":{"parentKey":"HRV:1159312541","sourceCountryId":"HRV","syntheticOperational":true,"territoryId":"territory:catalog:3e9a6e2fbc985c55fa9c18e1a9610ed76bd180fb50f05c1a883a1824fa1979ca"},"type":"Feature"},{"geometry":{"coordinates":[[[15.110362,44.26435],[15.131521,44.254625],[15.142237967491,44.244604316547],[15.213389121339,44.244604316547],[15.213389121339,44.294340422916],[15.19809,44.301663],[15.201182,44.297512],[15.206554,44.285386],[15.199067,44.285386],[15.194591,44.288804],[15.194184,44.288642],[15.193044,44.286851],[15.185395,44.285386],[15.207774,44.272773],[15.197927,44.25731],[15.176606,44.249945],[15.16505,44.261217],[15.157563,44.280341],[15.140636,44.282457],[15.122244,44.274807],[15.110362,44.26435]]],"type":"Polygon"},"id":859,"properties":{"parentKey":"HRV:1159312443","sourceCountryId":"HRV","syntheticOperational":true,"territoryId":"territory:catalog:c2a0f7078608d5c590af8aa4869f7cf74a5fa4c5ef2e8c7c18aabb51d9eb089c"},"type":"Feature"},{"geometry":{"coordinates":[[[18.556701030928,45.755395683453],[18.679245283019,45.755395683453],[18.711340206186,45.755395683453],[18.711340206186,45.863309352518],[18.674128282393,45.863309352518],[18.615716085604,45.863309352518],[18.60737,45.856685],[18.585459,45.82692],[18.57347,45.816688],[18.556701030928,45.806658680705],[18.556701030928,45.755395683453]]],"type":"Polygon"},"id":860,"properties":{"parentKey":"HRV:1159312539","sourceCountryId":"HRV","syntheticOperational":true,"territoryId":"territory:catalog:3303208223f12b0a599dfccde8adf68996032b7c18b5bfe1d57ea3d73380687b"},"type":"Feature"},{"geometry":{"coordinates":[[[17.072771872445,42.919681908263],[17.107432,42.914293],[17.153087,42.921129],[17.174327,42.922024],[17.19337,42.914293],[17.200206,42.92178],[17.164317,42.941474],[17.152829941447,42.94964028777],[17.100737100737,42.94964028777],[17.072771872445,42.94964028777],[17.072771872445,42.919681908263]]],"type":"Polygon"},"id":861,"properties":{"parentKey":"HRV:1159312431","sourceCountryId":"HRV","syntheticOperational":true,"territoryId":"territory:catalog:25c00d1a7b8813d4bcdcdf7113dd1dab78cd43cd0ab117e89aa368bbce067962"},"type":"Feature"},{"geometry":{"coordinates":[[[15.879323,46.259308],[15.881904,46.255006],[15.88361,46.24617],[15.883765,46.238315],[15.887485,46.232682],[15.894978,46.228031],[15.896103896104,46.227769530136],[15.896103896104,46.264128083572],[15.883712,46.2594],[15.880895,46.259341],[15.879323,46.259308]]],"type":"Polygon"},"id":862,"properties":{"parentKey":"HRV:1159312555","sourceCountryId":"HRV","syntheticOperational":true,"territoryId":"territory:catalog:e5a88555a778bda7de8b98b3479eaf22db921869196f798a994513f5d0edeec2"},"type":"Feature"},{"geometry":{"coordinates":[[[16.144174350377,44.352517985612],[16.20504680796,44.352517985612],[16.202866,44.359774],[16.192117,44.367422],[16.171343,44.377086],[16.153153,44.380445],[16.144174350377,44.380694362245],[16.144174350377,44.352517985612]]],"type":"Polygon"},"id":863,"properties":{"parentKey":"HRV:1159312443","sourceCountryId":"HRV","syntheticOperational":true,"territoryId":"territory:catalog:a222a57ade342d789ae27b59e2d6f2592fc65abbe31bdc8b1c6aecc4fbce124a"},"type":"Feature"},{"geometry":{"coordinates":[[[15.337007206443,45],[15.380710659898,45],[15.396261065724,45],[15.38364,45.020095],[15.379764,45.023815],[15.376509,45.026296],[15.337007206443,45.043518969408],[15.337007206443,45]]],"type":"Polygon"},"id":864,"properties":{"parentKey":"HRV:1159312507","sourceCountryId":"HRV","syntheticOperational":true,"territoryId":"territory:catalog:97d0aa0aaadb648f502706bcb8ac8e220ef9e8e701cc9491ffb80b77e539c3c0"},"type":"Feature"},{"geometry":{"coordinates":[[[15.505617977528,43.920863309353],[15.548172757475,43.920863309353],[15.655430711611,43.920863309353],[15.655430711611,44.028776978417],[15.531471446436,44.028776978417],[15.505617977528,44.028776978417],[15.505617977528,43.920863309353]]],"type":"Polygon"},"id":865,"properties":{"parentKey":"HRV:1159312443","sourceCountryId":"HRV","syntheticOperational":true,"territoryId":"territory:catalog:ebc369da5087ada46464c8339a9ac74d8f8b5873dbdfea274b451596ab18039f"},"type":"Feature"},{"geometry":{"coordinates":[[[15.868262,45.534792],[15.871827,45.532415],[15.874773,45.531071],[15.902265,45.527712],[15.902317,45.527661],[15.916275096113,45.516543115499],[15.916275096113,45.539568345324],[15.868813378162,45.539568345324],[15.868882,45.537944],[15.868262,45.534792]]],"type":"Polygon"},"id":866,"properties":{"parentKey":"HRV:1159312531","sourceCountryId":"HRV","syntheticOperational":true,"territoryId":"territory:catalog:28ff636594525801782ffe8f1c1c7e8afeead65e6976c2b5a7c3e23e44ad4c14"},"type":"Feature"},{"geometry":{"coordinates":[[[15.056179775281,43.978844185519],[15.066905,43.96955],[15.106619,43.925442],[15.111864303564,43.920863309353],[15.133767609348,43.920863309353],[15.133311,43.92121],[15.145518,43.923896],[15.150800444531,43.920863309353],[15.20097533052,43.920863309353],[15.144542,43.949652],[15.116954,43.978827],[15.11378,43.983791],[15.099132,43.985093],[15.088227,43.989651],[15.056179775281,44.0147992691],[15.056179775281,43.978844185519]]],"type":"Polygon"},"id":867,"properties":{"parentKey":"HRV:1159312443","sourceCountryId":"HRV","syntheticOperational":true,"territoryId":"territory:catalog:1a7a65cc8839afa2a5f81fc25735237dc7576a1b94db9d840e11998e6090a0fe"},"type":"Feature"},{"geometry":{"coordinates":[[[15.655430711611,43.920863309353],[15.697674418605,43.920863309353],[15.78760762076,43.920863309353],[15.787595,43.92104],[15.786045,43.922746],[15.774521,43.931582],[15.772505,43.93489],[15.77297,43.93737],[15.778293,43.942641],[15.781704,43.943881],[15.786355,43.943675],[15.800307,43.938042],[15.805243445693,43.937127417515],[15.805243445693,44.028776978417],[15.681533972489,44.028776978417],[15.655430711611,44.028776978417],[15.655430711611,43.920863309353]]],"type":"Polygon"},"id":868,"properties":{"parentKey":"HRV:1159312443","sourceCountryId":"HRV","syntheticOperational":true,"territoryId":"territory:catalog:88932680ef9fa5e606540c6f54a65d84f23a7b9a9d3c9ef4a0366f276ab1857d"},"type":"Feature"},{"geometry":{"coordinates":[[[15.481386392811,45.539568345324],[15.60871422469,45.539568345324],[15.635430038511,45.539568345324],[15.635430038511,45.61733865938],[15.626364,45.621402],[15.620163,45.623055],[15.612205,45.624089],[15.600578,45.622952],[15.593602,45.620472],[15.588331,45.617009],[15.585075,45.613857],[15.575618,45.602385],[15.568022,45.602023],[15.557428,45.605434],[15.531073,45.619283],[15.51371,45.632357],[15.511694,45.636078],[15.511384,45.638558],[15.512159,45.641814],[15.5134,45.644966],[15.51309,45.647292],[15.51268280487,45.647482014388],[15.481386392811,45.647482014388],[15.481386392811,45.539568345324]]],"type":"Polygon"},"id":869,"properties":{"parentKey":"HRV:1159312525","sourceCountryId":"HRV","syntheticOperational":true,"territoryId":"territory:catalog:7531ea49f38ea53d46b2f7c9cc22f4ac91aae76b431ed1a8c7490c7dee4d88ba"},"type":"Feature"},{"geometry":{"coordinates":[[[17.153945666235,45.971223021583],[17.195285869643,45.971223021583],[17.197793,45.972698],[17.216862,45.980966],[17.227094,45.982982],[17.236705,45.98324],[17.289002,45.977762],[17.29882,45.978279],[17.305642,45.979313],[17.306613,45.979914],[17.304814,45.981019],[17.290138,45.984636],[17.290138,45.991457],[17.296959,45.992646],[17.309184993532,45.996568214647],[17.309184993532,46.005057582127],[17.307811,46.006392],[17.291482,46.007942],[17.275875,46.012025],[17.268951,46.028716],[17.266574,46.038793],[17.254068,46.070832],[17.249231396198,46.079136690647],[17.153945666235,46.079136690647],[17.153945666235,45.971223021583]]],"type":"Polygon"},"id":870,"properties":{"parentKey":"HRV:1159312551","sourceCountryId":"HRV","syntheticOperational":true,"territoryId":"territory:catalog:279eb52a0f5e8ca44e9917e3cb3c5f0a4006cf7ab3e214b047a50b083f9aa456"},"type":"Feature"},{"geometry":{"coordinates":[[[18.716302952503,45.539568345324],[18.838103374626,45.539568345324],[18.870346598203,45.539568345324],[18.870346598203,45.647482014388],[18.833619210978,45.647482014388],[18.716302952503,45.647482014388],[18.716302952503,45.539568345324]]],"type":"Polygon"},"id":871,"properties":{"parentKey":"HRV:1159312539","sourceCountryId":"HRV","syntheticOperational":true,"territoryId":"territory:catalog:1469913d2a53b301fdb82b4609a8ed953585b723c5b9c0131d46da047e6d8ee0"},"type":"Feature"},{"geometry":{"coordinates":[[[18.52487135506,45.647482014388],[18.562259306804,45.647482014388],[18.679245283019,45.647482014388],[18.679245283019,45.755395683453],[18.556701030928,45.755395683453],[18.52487135506,45.755395683453],[18.52487135506,45.647482014388]]],"type":"Polygon"},"id":872,"properties":{"parentKey":"HRV:1159312539","sourceCountryId":"HRV","syntheticOperational":true,"territoryId":"territory:catalog:dcd94528ebdf8d36519fb7a6549a7ef08811c440a518149edb0873b9f998fe8e"},"type":"Feature"},{"geometry":{"coordinates":[[[18.222981631781,45.431654676259],[18.247043937725,45.431654676259],[18.293747,45.457949],[18.304444,45.461825],[18.311937,45.461928],[18.337052,45.45552],[18.347284,45.454694],[18.349144,45.455004],[18.376762067493,45.463804796519],[18.376762067493,45.498321642054],[18.376016,45.497327],[18.37121,45.495053],[18.364699,45.494174],[18.323254,45.49588],[18.317518,45.495001],[18.308991,45.492779],[18.304651,45.492779],[18.30062,45.494071],[18.296847,45.496551],[18.28553,45.507403],[18.28274,45.509574],[18.280414,45.510917],[18.277624,45.511641],[18.235094,45.511021],[18.230133,45.511744],[18.225482,45.513501],[18.222981631781,45.515346468734],[18.222981631781,45.431654676259]]],"type":"Polygon"},"id":873,"properties":{"parentKey":"HRV:1159312541","sourceCountryId":"HRV","syntheticOperational":true,"territoryId":"territory:catalog:c25baf2b38e80082a3509beb8ed398af21cf9ababcee3fd9eb44a73c9a0fe760"},"type":"Feature"},{"geometry":{"coordinates":[[[16.969436074042,45.863309352518],[17.010309278351,45.863309352518],[17.124408092983,45.863309352518],[17.124408092983,45.880931051484],[17.105602,45.893478],[17.09165,45.900868],[17.086069,45.904537],[17.080177,45.909653],[17.06669,45.924381],[17.058577,45.930892],[17.050515,45.934768],[17.037183,45.935956],[17.029586,45.935594],[17.02292,45.934044],[17.006435,45.925466],[17.000699,45.925104],[16.996203,45.927119],[16.992017,45.934664],[16.992328,45.942829],[16.994343,45.952648],[16.994343,45.961019],[16.983801,45.970218],[16.981706642161,45.971223021583],[16.969436074042,45.971223021583],[16.969436074042,45.863309352518]]],"type":"Polygon"},"id":874,"properties":{"parentKey":"HRV:1159312549","sourceCountryId":"HRV","syntheticOperational":true,"territoryId":"territory:catalog:7c5e6bb9beec246848cf7f89f7b9b8f0221300211bda6b8154f009d1eaf05877"},"type":"Feature"},{"geometry":{"coordinates":[[[15.549936788875,44.676258992806],[15.675220866639,44.676258992806],[15.701643489254,44.676258992806],[15.701643489254,44.78417266187],[15.658783783784,44.78417266187],[15.594804284038,44.78417266187],[15.594067,44.783572],[15.565696,44.771221],[15.556084,44.764916],[15.549936788875,44.762961589257],[15.549936788875,44.676258992806]]],"type":"Polygon"},"id":875,"properties":{"parentKey":"HRV:1159312443","sourceCountryId":"HRV","syntheticOperational":true,"territoryId":"territory:catalog:3a221d9b36a442e9d65d1cff845bd404cb50389abedeecc12da0ce107c2f8de2"},"type":"Feature"},{"geometry":{"coordinates":[[[17.175866495507,45.539568345324],[17.300299017514,45.539568345324],[17.329910141207,45.539568345324],[17.329910141207,45.647482014388],[17.289879931389,45.647482014388],[17.175866495507,45.647482014388],[17.175866495507,45.539568345324]]],"type":"Polygon"},"id":876,"properties":{"parentKey":"HRV:1159312549","sourceCountryId":"HRV","syntheticOperational":true,"territoryId":"territory:catalog:2b5d9ce9c1aa482733435a55da4df72c4dd1e7b9ee4198382df127b319a05b5d"},"type":"Feature"},{"geometry":{"coordinates":[[[16.268656716418,43.705035971223],[16.326082930074,43.705035971223],[16.34167,43.709994],[16.350558,43.715937],[16.352573,43.722138],[16.348387,43.726634],[16.343116,43.730664],[16.340946,43.734282],[16.339396,43.739863],[16.349628,43.754694],[16.350248,43.757174],[16.349318,43.760378],[16.348543,43.765081],[16.350403,43.773194],[16.356914,43.778258],[16.417910447761,43.80850316534],[16.417910447761,43.812949640288],[16.295681063123,43.812949640288],[16.268656716418,43.812949640288],[16.268656716418,43.705035971223]]],"type":"Polygon"},"id":877,"properties":{"parentKey":"HRV:1159312439","sourceCountryId":"HRV","syntheticOperational":true,"territoryId":"territory:catalog:77d9c5595d365ab3c634eadfbdd6e4dcc6ff1547c8326fd8ad2d933db4104b8d"},"type":"Feature"},{"geometry":{"coordinates":[[[15.019133195494,45.323741007194],[15.038363171356,45.323741007194],[15.038363171356,45.327871460172],[15.033584,45.328603],[15.029243,45.328551],[15.019133195494,45.323741007194]]],"type":"Polygon"},"id":878,"properties":{"parentKey":"HRV:1159312525","sourceCountryId":"HRV","syntheticOperational":true,"territoryId":"territory:catalog:571cf0497fd61a1199783d14e17800cec27ed87f4461304c022e4a07be78e92d"},"type":"Feature"},{"geometry":{"coordinates":[[[18.711340206186,45.755395683453],[18.833619210978,45.755395683453],[18.865979381443,45.755395683453],[18.865979381443,45.796162288837],[18.863995,45.798549],[18.848699,45.809556],[18.844978,45.815706],[18.846735,45.819995],[18.850353,45.824232],[18.85242,45.830072],[18.855314,45.857357],[18.865979381443,45.858066975599],[18.865979381443,45.863309352518],[18.829100301334,45.863309352518],[18.711340206186,45.863309352518],[18.711340206186,45.755395683453]]],"type":"Polygon"},"id":879,"properties":{"parentKey":"HRV:1159312539","sourceCountryId":"HRV","syntheticOperational":true,"territoryId":"territory:catalog:d6d5bcdd8aba833617afd79c441716ecd371bb3e780497c49bddb8091f9ee40c"},"type":"Feature"}],"type":"FeatureCollection"}
