{"features":[{"geometry":{"coordinates":[[[129.14798206278,36.882699136882],[129.151631,36.881315],[129.158969,36.860024],[129.168374,36.841628],[129.191319,36.833747],[129.212816,36.823954],[129.286093,36.819562],[129.282063,36.79685],[129.290641,36.790313],[129.298496,36.782871],[129.287747,36.757705],[129.274415,36.731143],[129.277102,36.703135],[129.281538381653,36.690647482014],[129.29955290611,36.690647482014],[129.417040358744,36.690647482014],[129.417040358744,36.906474820144],[129.265367316342,36.906474820144],[129.14798206278,36.906474820144],[129.14798206278,36.882699136882]]],"type":"Polygon"},"id":1,"properties":{"parentKey":"KOR:1159312111","sourceCountryId":"KOR","syntheticOperational":true,"territoryId":"territory:catalog:9f364832bd2497777034e23126a1f03fc79d797b08b79f57ee9f2aec1b6603d4"},"type":"Feature"},{"geometry":{"coordinates":[[[127.026615969582,37.985611510791],[127.050796057619,37.985611510791],[127.163498098859,37.985611510791],[127.163498098859,38.078751901314],[127.140074,38.087495],[127.131608409798,38.093525179856],[127.026615969582,38.093525179856],[127.026615969582,37.985611510791]]],"type":"Polygon"},"id":2,"properties":{"parentKey":"KOR:1159312027","sourceCountryId":"KOR","syntheticOperational":true,"territoryId":"territory:catalog:db9731d89597ecf8d48bccd3e295f0330b933b05aae7fa3ceb7b687ac2261e37"},"type":"Feature"},{"geometry":{"coordinates":[[[127.074829931973,37.553956834532],[127.098718914846,37.553956834532],[127.116988093719,37.553956834532],[127.125088,37.578895],[127.124468,37.603312],[127.11403,37.625559],[127.107415,37.657392],[127.104132600657,37.661870503597],[127.074829931973,37.661870503597],[127.074829931973,37.553956834532]]],"type":"Polygon"},"id":3,"properties":{"parentKey":"KOR:1159312115","sourceCountryId":"KOR","syntheticOperational":true,"territoryId":"territory:catalog:a1420f40136115191e4fa96d2b07034196b80f36ba52beb257753f1ad97075ef"},"type":"Feature"},{"geometry":{"coordinates":[[[128.071748878924,36.767979319867],[128.073144,36.767239],[128.093091,36.768609],[128.109524,36.78636],[128.126578,36.79517],[128.142701,36.786825],[128.173603,36.778117],[128.202439,36.776308],[128.209467,36.792793],[128.214428,36.808374],[128.224866,36.821577],[128.237889,36.831887],[128.250911,36.820182],[128.267551,36.810673],[128.291115,36.794318],[128.305998,36.770159],[128.340807174888,36.760977624959],[128.340807174888,36.906474820144],[128.185907046477,36.906474820144],[128.071748878924,36.906474820144],[128.071748878924,36.767979319867]]],"type":"Polygon"},"id":4,"properties":{"parentKey":"KOR:1159312109","sourceCountryId":"KOR","syntheticOperational":true,"territoryId":"territory:catalog:de1cd240a57e899808a95121d66a62825cc3ee5f1e4cedee12b5eb0a46098af8"},"type":"Feature"},{"geometry":{"coordinates":[[[129.453560881991,35.611510791367],[129.458176,35.610592],[129.459055900176,35.61078397822],[129.458307564459,35.611510791367],[129.453560881991,35.611510791367]]],"type":"Polygon"},"id":5,"properties":{"parentKey":"KOR:1159313537","sourceCountryId":"KOR","syntheticOperational":true,"territoryId":"territory:catalog:6d95bf382c5ae2c25ceda53019adac22bb1d54807159acbdd4a8f25e246ab0a5"},"type":"Feature"},{"geometry":{"coordinates":[[[127.555919,34.684556],[127.560802,34.662177],[127.572276,34.647406],[127.590099,34.639309],[127.614024,34.636868],[127.630382,34.622707],[127.636363636364,34.619975183489],[127.636363636364,34.674777983893],[127.632091,34.685045],[127.624278,34.698228],[127.629242,34.699286],[127.630626,34.701117],[127.632091,34.701402],[127.636363636364,34.699087381837],[127.636363636364,34.748201438849],[127.583945084604,34.748201438849],[127.584483,34.746243],[127.575043,34.726549],[127.562022,34.705715],[127.555919,34.684556]]],"type":"Polygon"},"id":6,"properties":{"parentKey":"KOR:1159313529","sourceCountryId":"KOR","syntheticOperational":true,"territoryId":"territory:catalog:76a132865a19d848f4eac312883b6b3542574daca5868e9fd0e5c72061d0367d"},"type":"Feature"},{"geometry":{"coordinates":[[[129.516909336374,36.043165467626],[129.562638991846,36.043165467626],[129.562638991846,36.077424672808],[129.554795,36.082478],[129.542572,36.065904],[129.516909336374,36.043165467626]]],"type":"Polygon"},"id":7,"properties":{"parentKey":"KOR:1159313537","sourceCountryId":"KOR","syntheticOperational":true,"territoryId":"territory:catalog:f0f2444bb7b5d044c83edabb2d218b62641f63f109756ef193221939a70042d5"},"type":"Feature"},{"geometry":{"coordinates":[[[126.433260393873,34.748201438849],[126.529213929537,34.748201438849],[126.527599,34.749254],[126.525157,34.751288],[126.521251,34.753485],[126.50587,34.751044],[126.460149,34.778755],[126.433260393873,34.768874651871],[126.433260393873,34.748201438849]]],"type":"Polygon"},"id":8,"properties":{"parentKey":"KOR:1159313529","sourceCountryId":"KOR","syntheticOperational":true,"territoryId":"territory:catalog:f971c5bf1110c45d8adea55a9d032e96b76b41c3f7c2c987091821f0292316fc"},"type":"Feature"},{"geometry":{"coordinates":[[[126.548839,34.194566],[126.549815,34.19123],[126.554535,34.190416],[126.558767,34.189154],[126.56072,34.185126],[126.568614,34.179023],[126.583832,34.175605],[126.588878,34.179104],[126.583995,34.186265],[126.592052,34.187649],[126.599131693198,34.187965391863],[126.599131693198,34.224754793638],[126.596202,34.22602],[126.575369,34.228949],[126.567638,34.232408],[126.559744,34.234524],[126.556407,34.232123],[126.561534,34.225165],[126.562185,34.222317],[126.559825,34.22016],[126.556163,34.218655],[126.555349,34.216457],[126.557302,34.214057],[126.556895,34.211005],[126.553966,34.206529],[126.548839,34.194566]]],"type":"Polygon"},"id":9,"properties":{"parentKey":"KOR:1159313529","sourceCountryId":"KOR","syntheticOperational":true,"territoryId":"territory:catalog:ecf29fa0091ee3f5aa15f0fddfd35c1e87fe5380ac66b50de622b207213b2b53"},"type":"Feature"},{"geometry":{"coordinates":[[[126.539317,37.198065],[126.562511,37.200385],[126.613536,37.232815],[126.618826,37.242011],[126.616384,37.250556],[126.613943,37.255194],[126.608653,37.259426],[126.58961,37.265774],[126.577891,37.271145],[126.573741,37.278998],[126.576671,37.287665],[126.573497,37.288479],[126.559418,37.278632],[126.542979,37.28498],[126.540782,37.282945],[126.548025,37.276313],[126.555431,37.266059],[126.560802,37.251288],[126.560395,37.239325],[126.547374,37.227484],[126.551931,37.221666],[126.550466,37.214911],[126.539561,37.203111],[126.539317,37.198065]]],"type":"Polygon"},"id":10,"properties":{"parentKey":"KOR:1159312027","sourceCountryId":"KOR","syntheticOperational":true,"territoryId":"territory:catalog:0978fdf19e2f994d3c2772c86aeff891807e14dd786323ffeb4835ddbaf40ef3"},"type":"Feature"},{"geometry":{"coordinates":[[[128.027210884354,37.553956834532],[128.183873398644,37.553956834532],[128.299319727891,37.553956834532],[128.299319727891,37.769784172662],[128.27899924185,37.769784172662],[128.14253222138,37.769784172662],[128.027210884354,37.769784172662],[128.027210884354,37.553956834532]]],"type":"Polygon"},"id":11,"properties":{"parentKey":"KOR:1159312111","sourceCountryId":"KOR","syntheticOperational":true,"territoryId":"territory:catalog:8a3422d9a0d6f7e29bf57e35c5be2a91ca304cba9ebbb68683b2ab4600bab087"},"type":"Feature"},{"geometry":{"coordinates":[[[127.296241,38.102481],[127.2964860007,38.093525179856],[127.300380228137,38.093525179856],[127.300380228137,38.11197382923],[127.296241,38.102481]]],"type":"Polygon"},"id":12,"properties":{"parentKey":"KOR:1159312111","sourceCountryId":"KOR","syntheticOperational":true,"territoryId":"territory:catalog:0b729a88bbc59dcd9e4e7a00148eb00b61210e1cab517c39e6e6bffb2714925b"},"type":"Feature"},{"geometry":{"coordinates":[[[127.984790874525,38.093525179856],[128.121673003802,38.093525179856],[128.121673003802,38.201438848921],[128.100686498856,38.201438848921],[127.984790874525,38.201438848921],[127.984790874525,38.093525179856]]],"type":"Polygon"},"id":13,"properties":{"parentKey":"KOR:1159312111","sourceCountryId":"KOR","syntheticOperational":true,"territoryId":"territory:catalog:b88ea515e89f2c106d6a1d655c45d204c16ebd6050d8b6c04c6057af2346591b"},"type":"Feature"},{"geometry":{"coordinates":[[[128.455162019593,37.338129496403],[128.571428571429,37.338129496403],[128.726450640543,37.338129496403],[128.726450640543,37.553956834532],[128.571428571429,37.553956834532],[128.455162019593,37.553956834532],[128.455162019593,37.338129496403]]],"type":"Polygon"},"id":14,"properties":{"parentKey":"KOR:1159312111","sourceCountryId":"KOR","syntheticOperational":true,"territoryId":"territory:catalog:ab962165a35f9a5068ead518e11f46633eac34fe167007075188d90030f206df"},"type":"Feature"},{"geometry":{"coordinates":[[[126.543955491369,35.395683453237],[126.566243485533,35.395683453237],[126.554891,35.398176],[126.543955491369,35.395683453237]]],"type":"Polygon"},"id":15,"properties":{"parentKey":"KOR:1159313529","sourceCountryId":"KOR","syntheticOperational":true,"territoryId":"territory:catalog:585423073f6b24e5f368af592849622586329bdc9174a42693f42d7e7a2f7a8e"},"type":"Feature"},{"geometry":{"coordinates":[[[127.646176911544,36.906474820144],[127.80269058296,36.906474820144],[127.916041979011,36.906474820144],[127.916041979011,37.122302158273],[127.898773384011,37.122302158273],[127.896204,37.119802],[127.888453,37.114402],[127.879874,37.117605],[127.871399,37.121817],[127.862694037016,37.122302158273],[127.834344986277,37.122302158273],[127.810421,37.117786],[127.811223627226,37.122302158273],[127.759398496241,37.122302158273],[127.646176911544,37.122302158273],[127.646176911544,36.906474820144]]],"type":"Polygon"},"id":16,"properties":{"parentKey":"KOR:1159312109","sourceCountryId":"KOR","syntheticOperational":true,"territoryId":"territory:catalog:6ac9b367d4fda3b7c288d23747a3137adaddad0ad574a492e7043c42005bfa83"},"type":"Feature"},{"geometry":{"coordinates":[[[125.392345,34.646308],[125.398774,34.631985],[125.408539,34.628607],[125.412608,34.63231],[125.417735,34.638129],[125.424327,34.647203],[125.427419,34.654242],[125.443207,34.66942],[125.445811,34.675116],[125.45045,34.679674],[125.459239,34.686835],[125.457286,34.690904],[125.445811,34.688463],[125.437266,34.6883],[125.43393,34.695543],[125.429454,34.698432],[125.421235,34.697089],[125.412852,34.691962],[125.40561,34.682563],[125.398936,34.67182],[125.393403,34.659654],[125.392345,34.646308]]],"type":"Polygon"},"id":17,"properties":{"parentKey":"KOR:1159313529","sourceCountryId":"KOR","syntheticOperational":true,"territoryId":"territory:catalog:4d355f4be6e3f404e1461bb5845a0c716208a7121dc816055db74cfd8561b60b"},"type":"Feature"},{"geometry":{"coordinates":[[[129.29955290611,36.474820143885],[129.412639405204,36.474820143885],[129.44577339005,36.474820143885],[129.447113,36.493313],[129.441661,36.534654],[129.427989,36.57567],[129.422862,36.614976],[129.422618,36.616645],[129.412597,36.61699],[129.379214,36.62314],[129.347175,36.611745],[129.29955290611,36.625871526162],[129.29955290611,36.474820143885]]],"type":"Polygon"},"id":18,"properties":{"parentKey":"KOR:1159313537","sourceCountryId":"KOR","syntheticOperational":true,"territoryId":"territory:catalog:6326fd79706b2262d488824428a675e4849d72f973854a7530ccceefa14e1428"},"type":"Feature"},{"geometry":{"coordinates":[[[128.68840030326,37.769784172662],[128.82486732373,37.769784172662],[128.82486732373,37.877697841727],[128.68840030326,37.877697841727],[128.68840030326,37.769784172662]]],"type":"Polygon"},"id":19,"properties":{"parentKey":"KOR:1159312111","sourceCountryId":"KOR","syntheticOperational":true,"territoryId":"territory:catalog:1c21d8fafcd0667880234b064919f7103bea7f234291ed8ade230c97035cb455"},"type":"Feature"},{"geometry":{"coordinates":[[[128.911764705882,35.395683453237],[129.061583577713,35.395683453237],[129.16503867619,35.395683453237],[129.133441,35.40988],[129.09024,35.450188],[129.064298,35.466259],[129.0027,35.473959],[128.987714,35.49866],[129.012725,35.539743],[129.008488,35.579508],[128.980479,35.571886],[128.951023,35.583177],[128.912576,35.590954],[128.911764705882,35.590682798594],[128.911764705882,35.395683453237]]],"type":"Polygon"},"id":20,"properties":{"parentKey":"KOR:1159313519","sourceCountryId":"KOR","syntheticOperational":true,"territoryId":"territory:catalog:d37abe0c7e6e9ea09b5d47a09f1fd5cace5b22695bdcc89ed062695823126acb"},"type":"Feature"},{"geometry":{"coordinates":[[[127.619047619048,37.661870503597],[127.755102040816,37.661870503597],[127.755102040816,37.769784172662],[127.73313115997,37.769784172662],[127.619047619048,37.769784172662],[127.619047619048,37.661870503597]]],"type":"Polygon"},"id":21,"properties":{"parentKey":"KOR:1159312111","sourceCountryId":"KOR","syntheticOperational":true,"territoryId":"territory:catalog:7392a120d2fe38b9a56c2af5e93659a08515ba6dccb53393aa166e00052cf343"},"type":"Feature"},{"geometry":{"coordinates":[[[126.328143,36.471089],[126.336804171464,36.474820143885],[126.3289921601,36.474820143885],[126.328143,36.471089]]],"type":"Polygon"},"id":22,"properties":{"parentKey":"KOR:1159313525","sourceCountryId":"KOR","syntheticOperational":true,"territoryId":"territory:catalog:6f47c7ad4accdf0d42115d80e33e82f4acbb9971c452d60685f6c16f3a4a4d91"},"type":"Feature"},{"geometry":{"coordinates":[[[128.512585812357,38.309352517986],[128.549628383114,38.309352517986],[128.537690520816,38.327891910785],[128.512585812357,38.366879297274],[128.512585812357,38.309352517986]]],"type":"Polygon"},"id":23,"properties":{"parentKey":"KOR:1159312111","sourceCountryId":"KOR","syntheticOperational":true,"territoryId":"territory:catalog:1953394b9000f5696d84b1a8310ac062db80697de0d7865d95fe10099c67c85f"},"type":"Feature"},{"geometry":{"coordinates":[[[127.699115044248,35.717367172382],[127.706552,35.734822],[127.729393,35.751281],[127.750993,35.769626],[127.769804,35.802673],[127.779622,35.807815],[127.793265,35.806626],[127.817863,35.81275],[127.851679978014,35.827338129496],[127.849223946785,35.827338129496],[127.699115044248,35.827338129496],[127.699115044248,35.717367172382]]],"type":"Polygon"},"id":24,"properties":{"parentKey":"KOR:1159313521","sourceCountryId":"KOR","syntheticOperational":true,"territoryId":"territory:catalog:cf9387d1a77e9f4bfadf85767ebb31f13745bcd84421647f9abf2c943cab7762"},"type":"Feature"},{"geometry":{"coordinates":[[[127.214076246334,35.296863912838],[127.22286,35.298052],[127.243634,35.29782],[127.261204,35.301489],[127.276397,35.291903],[127.29345,35.283764],[127.330244,35.283221],[127.366521,35.2872],[127.399697,35.287407],[127.431013,35.290973],[127.460158,35.316604],[127.478005865103,35.324727221345],[127.478005865103,35.395683453237],[127.323529411765,35.395683453237],[127.214076246334,35.395683453237],[127.214076246334,35.296863912838]]],"type":"Polygon"},"id":25,"properties":{"parentKey":"KOR:1159313521","sourceCountryId":"KOR","syntheticOperational":true,"territoryId":"territory:catalog:ff3dc0eff92e2c03a115c1c769ecc8aa04d6a4298357c718a69698f4bdb80c63"},"type":"Feature"},{"geometry":{"coordinates":[[[126.22047,37.771308],[126.221029180819,37.769784172662],[126.231993934799,37.769784172662],[126.231993934799,37.797151612449],[126.222667,37.774726],[126.22047,37.771308]]],"type":"Polygon"},"id":26,"properties":{"parentKey":"KOR:1159312027","sourceCountryId":"KOR","syntheticOperational":true,"territoryId":"territory:catalog:83fa9ba32e3c61b7c8367372a28256bb08ab49ab751b400ffdce394683f1f8bb"},"type":"Feature"},{"geometry":{"coordinates":[[[126.504927975739,37.769784172662],[126.51317102093,37.769784172662],[126.504927975739,37.776346609516],[126.504927975739,37.769784172662]]],"type":"Polygon"},"id":27,"properties":{"parentKey":"KOR:1159312027","sourceCountryId":"KOR","syntheticOperational":true,"territoryId":"territory:catalog:d67da973cf9c89fadd6faa7ec183537105c37c76e86342beeebe9dbcaa23a057"},"type":"Feature"},{"geometry":{"coordinates":[[[128.230088495575,35.612401627287],[128.256028258647,35.611510791367],[128.288859539897,35.611510791367],[128.311476,35.614106],[128.330527130584,35.611510791367],[128.382352941176,35.611510791367],[128.495575221239,35.611510791367],[128.495575221239,35.823211024443],[128.482541505688,35.827338129496],[128.381374722838,35.827338129496],[128.230088495575,35.827338129496],[128.230088495575,35.612401627287]]],"type":"Polygon"},"id":28,"properties":{"parentKey":"KOR:1159313537","sourceCountryId":"KOR","syntheticOperational":true,"territoryId":"territory:catalog:8c0d61bcf38f21bc57b4752a60526afe263dc1e6b0644204880927cdf3c7194d"},"type":"Feature"},{"geometry":{"coordinates":[[[126.366954,37.72724],[126.369151,37.719062],[126.394557823129,37.680662022745],[126.394557823129,37.769784172662],[126.369960672736,37.769784172662],[126.370616,37.737982],[126.366954,37.72724]]],"type":"Polygon"},"id":29,"properties":{"parentKey":"KOR:1159312027","sourceCountryId":"KOR","syntheticOperational":true,"territoryId":"territory:catalog:c98847e62fc362ef928ce3270d7d818f4e2cc7b97dde8fe20e427117610ebcfc"},"type":"Feature"},{"geometry":{"coordinates":[[[126.103282,34.402777],[126.124278,34.38231],[126.124278,34.403469],[126.153087,34.388495],[126.158458,34.38231],[126.15561,34.377183],[126.148204,34.37108],[126.142589,34.363756],[126.144786,34.355048],[126.156423,34.352607],[126.182873730044,34.354448379196],[126.182873730044,34.488763351432],[126.181163,34.486518],[126.17213,34.464911],[126.144216,34.463202],[126.115733,34.436184],[126.103282,34.402777]]],"type":"Polygon"},"id":30,"properties":{"parentKey":"KOR:1159313529","sourceCountryId":"KOR","syntheticOperational":true,"territoryId":"territory:catalog:3fe218805b9049f50c9fd43ec530bc3df5fc08c0885631f7fb2b0752274d393a"},"type":"Feature"},{"geometry":{"coordinates":[[[126.777862016679,37.877697841727],[126.914329037149,37.877697841727],[126.914329037149,37.985611510791],[126.889733840304,37.985611510791],[126.777862016679,37.985611510791],[126.777862016679,37.877697841727]]],"type":"Polygon"},"id":31,"properties":{"parentKey":"KOR:1159312027","sourceCountryId":"KOR","syntheticOperational":true,"territoryId":"territory:catalog:384e74bcb2433bfee64b834da086b1d45213b7d02d0af577b2e547cb0bb11cf9"},"type":"Feature"},{"geometry":{"coordinates":[[[127.23436322532,37.338129496403],[127.370007535795,37.338129496403],[127.370007535795,37.446043165468],[127.23436322532,37.446043165468],[127.23436322532,37.338129496403]]],"type":"Polygon"},"id":32,"properties":{"parentKey":"KOR:1159312027","sourceCountryId":"KOR","syntheticOperational":true,"territoryId":"territory:catalog:3cd7cebcade2d0f2bed26e931d76dfcc13e5c6137a58f1874c77597730880b47"},"type":"Feature"},{"geometry":{"coordinates":[[[127.759398496241,37.159550585387],[127.818999,37.166052],[127.811223627226,37.122302158273],[127.834344986277,37.122302158273],[127.840807,37.123522],[127.862694037016,37.122302158273],[127.898773384011,37.122302158273],[127.902922,37.126339],[127.923179,37.137423],[127.917701,37.186025],[127.936615,37.204525],[127.987568,37.218271],[128.025602,37.186154],[128.025602,37.164683],[128.03007518797,37.159678526279],[128.03007518797,37.338129496403],[127.912584777694,37.338129496403],[127.759398496241,37.338129496403],[127.759398496241,37.159550585387]]],"type":"Polygon"},"id":33,"properties":{"parentKey":"KOR:1159312111","sourceCountryId":"KOR","syntheticOperational":true,"territoryId":"territory:catalog:ef7353454b4ee908792b7ccc5d1e7b3ec039b7605bc12dabdf8021559fd29f0c"},"type":"Feature"},{"geometry":{"coordinates":[[[127.214076246334,35.179856115108],[127.329919531822,35.179856115108],[127.478005865103,35.179856115108],[127.478005865103,35.324727221345],[127.460158,35.316604],[127.431013,35.290973],[127.399697,35.287407],[127.366521,35.2872],[127.330244,35.283221],[127.29345,35.283764],[127.276397,35.291903],[127.261204,35.301489],[127.243634,35.29782],[127.22286,35.298052],[127.214076246334,35.296863912838],[127.214076246334,35.179856115108]]],"type":"Polygon"},"id":34,"properties":{"parentKey":"KOR:1159313529","sourceCountryId":"KOR","syntheticOperational":true,"territoryId":"territory:catalog:6e02ef875722044afa62f96f4086038069a0be091abfb46788313720d889b6e8"},"type":"Feature"},{"geometry":{"coordinates":[[[126.963074604371,37.428325629109],[126.963651,37.42831],[126.981945,37.430687],[126.999515,37.438697],[127.024319,37.444847],[127.030824433939,37.446043165468],[126.963074604371,37.446043165468],[126.963074604371,37.428325629109]]],"type":"Polygon"},"id":35,"properties":{"parentKey":"KOR:1159312115","sourceCountryId":"KOR","syntheticOperational":true,"territoryId":"territory:catalog:fc21a1da88343ec4bd2d1952b3cea599fa692b77ee309c3115ada2a3307c65bf"},"type":"Feature"},{"geometry":{"coordinates":[[[127.574144486692,38.093525179856],[127.71102661597,38.093525179856],[127.71102661597,38.201438848921],[127.688787185355,38.201438848921],[127.574144486692,38.201438848921],[127.574144486692,38.093525179856]]],"type":"Polygon"},"id":36,"properties":{"parentKey":"KOR:1159312111","sourceCountryId":"KOR","syntheticOperational":true,"territoryId":"territory:catalog:d6ad6a8d6de3b7c2a16771f0b2cae076bb9a935a3ac407080d4cc9c77afb551c"},"type":"Feature"},{"geometry":{"coordinates":[[[127.619047619048,37.591608358569],[127.641439,37.579929],[127.666761,37.571712],[127.707175008472,37.553956834532],[127.755102040816,37.553956834532],[127.755102040816,37.661870503597],[127.619047619048,37.661870503597],[127.619047619048,37.591608358569]]],"type":"Polygon"},"id":37,"properties":{"parentKey":"KOR:1159312111","sourceCountryId":"KOR","syntheticOperational":true,"territoryId":"territory:catalog:0f509956d13951c462a730295455df45026d4ee6cc0c9ce2b8e6a63742403321"},"type":"Feature"},{"geometry":{"coordinates":[[[127.112727272727,34.666127534228],[127.125255,34.679755],[127.136241,34.688056],[127.148041,34.691474],[127.173106,34.687201],[127.185313,34.686672],[127.199718,34.691474],[127.213715,34.705552],[127.233880658674,34.748201438849],[127.221006564551,34.748201438849],[127.112727272727,34.748201438849],[127.112727272727,34.666127534228]]],"type":"Polygon"},"id":38,"properties":{"parentKey":"KOR:1159313529","sourceCountryId":"KOR","syntheticOperational":true,"territoryId":"territory:catalog:eb080490eb1aee313eeadfdfefd2804f6ca4ad94f0f6b6b58cd50106c301f76b"},"type":"Feature"},{"geometry":{"coordinates":[[[129.29203539823,35.611510791367],[129.441176470588,35.611510791367],[129.453560881991,35.611510791367],[129.379008,35.626353],[129.29203539823,35.613572371588],[129.29203539823,35.611510791367]]],"type":"Polygon"},"id":39,"properties":{"parentKey":"KOR:1159313533","sourceCountryId":"KOR","syntheticOperational":true,"territoryId":"territory:catalog:dd07298ab25ee8c2cbc33b6384a83ebeca53aa8fd197f815d27aaa29483e46fb"},"type":"Feature"},{"geometry":{"coordinates":[[[129.445676274945,35.827338129496],[129.514632922363,35.827338129496],[129.522134,35.844552],[129.532839,35.913013],[129.53559,35.939036],[129.571644,35.997124],[129.58725,36.016913],[129.582042,36.036811],[129.579523406774,36.043165467626],[129.562638991846,36.043165467626],[129.516909336374,36.043165467626],[129.479015,36.009589],[129.453331,35.993287],[129.445676274945,35.994351791883],[129.445676274945,35.827338129496]]],"type":"Polygon"},"id":40,"properties":{"parentKey":"KOR:1159313537","sourceCountryId":"KOR","syntheticOperational":true,"territoryId":"territory:catalog:e930c9bd214cac6a18a97e265dbce75c7ff3b74f698f305dde8b9913e028af22"},"type":"Feature"},{"geometry":{"coordinates":[[[126.618911174785,33.249144012443],[126.640723,33.264666],[126.741793,33.280208],[126.780141,33.30555],[126.806407,33.303616],[126.815929,33.307807],[126.840587,33.310207],[126.847239,33.323218],[126.847956,33.332065],[126.862992,33.354141],[126.87353,33.373046],[126.876790830946,33.375222542515],[126.876790830946,33.453237410072],[126.724137931034,33.453237410072],[126.618911174785,33.453237410072],[126.618911174785,33.249144012443]]],"type":"Polygon"},"id":41,"properties":{"parentKey":"KOR:1159313515","sourceCountryId":"KOR","syntheticOperational":true,"territoryId":"territory:catalog:cd03a8f2bb9a2bed198bb05f9cb1e401da3e0872c96d52697a24c82bd63afa39"},"type":"Feature"},{"geometry":{"coordinates":[[[128.878923766816,36.690647482014],[129.03129657228,36.690647482014],[129.14798206278,36.690647482014],[129.14798206278,36.882699136882],[129.118662,36.893821],[129.108213504782,36.906474820144],[128.995502248876,36.906474820144],[128.878923766816,36.906474820144],[128.878923766816,36.690647482014]]],"type":"Polygon"},"id":42,"properties":{"parentKey":"KOR:1159313537","sourceCountryId":"KOR","syntheticOperational":true,"territoryId":"territory:catalog:2df1f15331a3dbdb30c19f76dfd713753cb3b2f7e0dfc9a70167df807bbd9034"},"type":"Feature"},{"geometry":{"coordinates":[[[128.910021945867,35.08140643217],[128.91842,35.081882],[128.948944,35.125975],[128.95801,35.136897],[128.962778,35.133386],[128.971074,35.145814],[128.986267,35.161265],[129.000529,35.179042],[129.000672882227,35.179856115108],[128.910021945867,35.179856115108],[128.910021945867,35.08140643217]]],"type":"Polygon"},"id":43,"properties":{"parentKey":"KOR:1159313519","sourceCountryId":"KOR","syntheticOperational":true,"territoryId":"territory:catalog:a0002286bdb3ca84a6e5b37bb9c65171e1ff09a743bf287d4ea545b36c72796e"},"type":"Feature"},{"geometry":{"coordinates":[[[126.156993,36.702053],[126.158539,36.692857],[126.159523300189,36.690647482014],[126.188340807175,36.690647482014],[126.188340807175,36.705994898518],[126.161876,36.706204],[126.156993,36.702053]]],"type":"Polygon"},"id":44,"properties":{"parentKey":"KOR:1159313525","sourceCountryId":"KOR","syntheticOperational":true,"territoryId":"territory:catalog:05b8fa653535c843903fc64da1b73b4649d1a5ce953d0fd008ec4c09765afa01"},"type":"Feature"},{"geometry":{"coordinates":[[[126.566243485533,35.395683453237],[126.583726,35.391845],[126.577938,35.355258],[126.57153,35.328335],[126.570083,35.301231],[126.594991,35.294383],[126.624757,35.300481],[126.656486,35.309886],[126.686217008798,35.313511039834],[126.686217008798,35.395683453237],[126.566243485533,35.395683453237]]],"type":"Polygon"},"id":45,"properties":{"parentKey":"KOR:1159313521","sourceCountryId":"KOR","syntheticOperational":true,"territoryId":"territory:catalog:92ae9b24d12849af5e23a4cd5f15a1294d8f6fd1289f2045eb17f42a3399267c"},"type":"Feature"},{"geometry":{"coordinates":[[[128.03007518797,37.122302158273],[128.185907046477,37.122302158273],[128.268829645534,37.122302158273],[128.281504,37.137992],[128.300751879699,37.148926611318],[128.300751879699,37.180146266799],[128.24688,37.186929],[128.19107,37.202794],[128.167919,37.188531],[128.148178,37.180263],[128.124304,37.184268],[128.104253,37.171917],[128.07118,37.157215],[128.038004,37.150808],[128.03007518797,37.159678526279],[128.03007518797,37.122302158273]]],"type":"Polygon"},"id":46,"properties":{"parentKey":"KOR:1159312109","sourceCountryId":"KOR","syntheticOperational":true,"territoryId":"territory:catalog:1c3e9deccc181a37ed2a6a9ac04497870149f94baa9b54e10dcd391d7954a18c"},"type":"Feature"},{"geometry":{"coordinates":[[[127.003717472119,36.258992805755],[127.160859896219,36.258992805755],[127.271375464684,36.258992805755],[127.271375464684,36.390087921283],[127.21899,36.456242],[127.150823,36.441239],[127.059769,36.45563],[127.068098007809,36.474820143885],[127.003717472119,36.474820143885],[127.003717472119,36.258992805755]]],"type":"Polygon"},"id":47,"properties":{"parentKey":"KOR:1159313525","sourceCountryId":"KOR","syntheticOperational":true,"territoryId":"territory:catalog:37654758a3f3b18aa8351d983605a7e637aa42bc28d486405cd1cace62e05e21"},"type":"Feature"},{"geometry":{"coordinates":[[[126.465912,34.472357],[126.481944,34.476752],[126.483735,34.47016],[126.479991,34.457831],[126.479584,34.445014],[126.477306,34.44359],[126.474376,34.438666],[126.475841,34.433254],[126.486583,34.430813],[126.501475,34.429348],[126.5088,34.427232],[126.513764,34.423977],[126.517589,34.413764],[126.514903,34.403551],[126.500743,34.38231],[126.49643,34.379869],[126.491954,34.38109],[126.488536,34.380561],[126.486583,34.364814],[126.484874,34.360826],[126.479584,34.355048],[126.479584,34.348822],[126.505707,34.349921],[126.518321,34.347846],[126.527436,34.341376],[126.529307,34.330024],[126.524016534217,34.31654676259],[126.599131693198,34.31654676259],[126.604237878962,34.31654676259],[126.605317,34.321682],[126.629649,34.389228],[126.633637,34.395697],[126.644786,34.403469],[126.674408,34.409654],[126.682221,34.414008],[126.687348,34.423896],[126.687511,34.431342],[126.690196,34.43594],[126.70338,34.437567],[126.705370101597,34.437119502242],[126.705370101597,34.532374100719],[126.589090909091,34.532374100719],[126.518917850731,34.532374100719],[126.523204,34.531155],[126.531016,34.527004],[126.537201,34.521064],[126.541759,34.513332],[126.516856,34.512844],[126.490245,34.508612],[126.470307,34.496487],[126.465912,34.472357]]],"type":"Polygon"},"id":48,"properties":{"parentKey":"KOR:1159313529","sourceCountryId":"KOR","syntheticOperational":true,"territoryId":"territory:catalog:53fd2ed1f77c7dde4f53b15e7abf144991f521708a28ceed5e1b469fa208aefd"},"type":"Feature"},{"geometry":{"coordinates":[[[125.986501,34.862738],[125.99879,34.862942],[126.031423,34.868964],[126.039887,34.866441],[126.046397,34.861802],[126.054698,34.859198],[126.069102,34.862738],[126.08074,34.870998],[126.08839,34.882961],[126.091482,34.896918],[126.089122,34.911322],[126.081228,34.922593],[126.070079,34.9289],[126.060313,34.926907],[126.056,34.913642],[126.052257,34.907538],[126.043956,34.907416],[126.034434,34.909573],[126.028005,34.909898],[126.014334,34.899644],[125.996349,34.876044],[125.986501,34.868964],[125.986501,34.862738]]],"type":"Polygon"},"id":49,"properties":{"parentKey":"KOR:1159313529","sourceCountryId":"KOR","syntheticOperational":true,"territoryId":"territory:catalog:db95c43bf71191d34cd3964c05962edff28d8d733c147dbf25fa813ff8a3d581"},"type":"Feature"},{"geometry":{"coordinates":[[[126.904901914026,37.446043165468],[126.92076,37.429473],[126.963074604371,37.428325629109],[126.963074604371,37.446043165468],[126.904901914026,37.446043165468]]],"type":"Polygon"},"id":50,"properties":{"parentKey":"KOR:1159312115","sourceCountryId":"KOR","syntheticOperational":true,"territoryId":"territory:catalog:ef4f07d6293ecd02f2ec9c33bdd674a27e71eb72f34e40c0193a6778b1dcfd3f"},"type":"Feature"},{"geometry":{"coordinates":[[[128.41546626232,37.769784172662],[128.55193328279,37.769784172662],[128.55193328279,37.877697841727],[128.41546626232,37.877697841727],[128.41546626232,37.769784172662]]],"type":"Polygon"},"id":51,"properties":{"parentKey":"KOR:1159312111","sourceCountryId":"KOR","syntheticOperational":true,"territoryId":"territory:catalog:863bd5e24bd18d2e2c5fa71920ad8b8a5be6cce6854ea75ef27690c49b76bf5f"},"type":"Feature"},{"geometry":{"coordinates":[[[127.707175008472,37.553956834532],[127.722985,37.547011],[127.756678,37.543419],[127.781069,37.536055],[127.80484,37.533963],[127.819723,37.52386],[127.831092,37.508486],[127.820653,37.490683],[127.800809,37.484146],[127.782309,37.466241],[127.769183,37.44805],[127.774971,37.425571],[127.767323,37.403118],[127.729058804734,37.338129496403],[127.759398496241,37.338129496403],[127.912584777694,37.338129496403],[127.912584777694,37.553956834532],[127.755102040816,37.553956834532],[127.707175008472,37.553956834532]]],"type":"Polygon"},"id":52,"properties":{"parentKey":"KOR:1159312111","sourceCountryId":"KOR","syntheticOperational":true,"territoryId":"territory:catalog:1ce7373a72082c9fa548b280e5e154e797e2bc44756303ad388e4aa1a56783b3"},"type":"Feature"},{"geometry":{"coordinates":[[[126.802621186599,36.906474820144],[126.831226540773,36.906474820144],[126.83017,36.910224],[126.823009,36.918443],[126.812755,36.916938],[126.802621186599,36.906474820144]]],"type":"Polygon"},"id":53,"properties":{"parentKey":"KOR:1159313525","sourceCountryId":"KOR","syntheticOperational":true,"territoryId":"territory:catalog:05fca78a63ecf17c1d624d76168986ee1a4726c853d48e7fe18b1f5eb2aaf8c7"},"type":"Feature"},{"geometry":{"coordinates":[[[130.896759608139,37.463154291433],[130.908376,37.48192],[130.919444,37.510199],[130.920665,37.53559],[130.903575,37.545844],[130.896759608139,37.544731364348],[130.896759608139,37.463154291433]]],"type":"Polygon"},"id":54,"properties":{"parentKey":"KOR:1159313537","sourceCountryId":"KOR","syntheticOperational":true,"territoryId":"territory:catalog:7a38b94fb6357083a6a6dcaa88d1fd2dfa5147d153330832d554d91f96aaf3ec"},"type":"Feature"},{"geometry":{"coordinates":[[[126.069591,34.76968],[126.073741,34.761379],[126.088926423599,34.748201438849],[126.17067833698,34.748201438849],[126.17067833698,34.749300232887],[126.170258,34.749945],[126.163585,34.75495],[126.153819,34.756903],[126.141938,34.757554],[126.133149,34.761217],[126.127208,34.766547],[126.117849,34.769965],[126.105235,34.771552],[126.094574,34.770657],[126.087169,34.767524],[126.079275,34.767564],[126.069591,34.76968]]],"type":"Polygon"},"id":55,"properties":{"parentKey":"KOR:1159313529","sourceCountryId":"KOR","syntheticOperational":true,"territoryId":"territory:catalog:70adafbd8612b6dc0ed31fe5fb99c846f75e48cfdf8995320dad3cd6ee8db222"},"type":"Feature"},{"geometry":{"coordinates":[[[126.963074604371,37.338129496403],[127.098718914846,37.338129496403],[127.098718914846,37.441829485369],[127.090155,37.440247],[127.060803,37.428517],[127.051196226134,37.446043165468],[127.030824433939,37.446043165468],[127.024319,37.444847],[126.999515,37.438697],[126.981945,37.430687],[126.963651,37.42831],[126.963074604371,37.428325629109],[126.963074604371,37.338129496403]]],"type":"Polygon"},"id":56,"properties":{"parentKey":"KOR:1159312027","sourceCountryId":"KOR","syntheticOperational":true,"territoryId":"territory:catalog:d74b9a3ccf773238d7d1424d976bac4176f0a1eb2212405cb4dfce1318029c6b"},"type":"Feature"},{"geometry":{"coordinates":[[[127.376311844078,36.906474820144],[127.533632286996,36.906474820144],[127.646176911544,36.906474820144],[127.646176911544,37.122302158273],[127.601048809332,37.122302158273],[127.599995,37.120706],[127.591933,37.111043],[127.583872,37.106547],[127.57612,37.10156],[127.570332,37.093757],[127.565475,37.085256],[127.517726,37.014278],[127.492611,37.000274],[127.486927,37.006294],[127.467393,37.009576],[127.45189,36.996398],[127.443622,36.979784],[127.43153,36.967253],[127.405898,36.95839],[127.389568,36.944231],[127.380577,36.914801],[127.376311844078,36.913655251985],[127.376311844078,36.906474820144]]],"type":"Polygon"},"id":57,"properties":{"parentKey":"KOR:1159312109","sourceCountryId":"KOR","syntheticOperational":true,"territoryId":"territory:catalog:df43991f5c968e39c2a3da6dd75b05e25d9c230831a7d37e74d7e8b1d36938ac"},"type":"Feature"},{"geometry":{"coordinates":[[[127.210884353742,37.553956834532],[127.23436322532,37.553956834532],[127.34693877551,37.553956834532],[127.34693877551,37.661870503597],[127.210884353742,37.661870503597],[127.210884353742,37.553956834532]]],"type":"Polygon"},"id":58,"properties":{"parentKey":"KOR:1159312027","sourceCountryId":"KOR","syntheticOperational":true,"territoryId":"territory:catalog:a9a66237dfd7a0302a6128df8ddcf369cb4f16a713385db498ea2cd3af713ef9"},"type":"Feature"},{"geometry":{"coordinates":[[[128.03007518797,37.159678526279],[128.038004,37.150808],[128.07118,37.157215],[128.104253,37.171917],[128.124304,37.184268],[128.148178,37.180263],[128.167919,37.188531],[128.19107,37.202794],[128.24688,37.186929],[128.300751879699,37.180146266799],[128.300751879699,37.338129496403],[128.183873398644,37.338129496403],[128.03007518797,37.338129496403],[128.03007518797,37.159678526279]]],"type":"Polygon"},"id":59,"properties":{"parentKey":"KOR:1159312111","sourceCountryId":"KOR","syntheticOperational":true,"territoryId":"territory:catalog:d27cc9d8eef324d998fd296d2f367beaa8641d20d32af824b06d0e366fbf7898"},"type":"Feature"},{"geometry":{"coordinates":[[[126.254242,35.12344],[126.257823,35.106838],[126.276517922458,35.086486298561],[126.276517922458,35.138014387372],[126.268647,35.137152],[126.254242,35.12344]]],"type":"Polygon"},"id":60,"properties":{"parentKey":"KOR:1159313529","sourceCountryId":"KOR","syntheticOperational":true,"territoryId":"territory:catalog:90810e185f21537aa0471dda381d5de7b85b82f532c1b9e2438afa34d6431c38"},"type":"Feature"},{"geometry":{"coordinates":[[[128.355011476664,38.525179856115],[128.428914991321,38.525179856115],[128.394784,38.578074],[128.364919,38.624335],[128.355011476664,38.62030593467],[128.355011476664,38.525179856115]]],"type":"Polygon"},"id":61,"properties":{"parentKey":"KOR:1159312111","sourceCountryId":"KOR","syntheticOperational":true,"territoryId":"territory:catalog:7b9c91613bbddb5c143200cc33567a591132e191a1ad2dda1ee625d8913fbcff"},"type":"Feature"},{"geometry":{"coordinates":[[[126.031261,34.556383],[126.053477,34.552314],[126.054454,34.548896],[126.048513,34.545152],[126.043468,34.540961],[126.037364,34.540717],[126.031586,34.539049],[126.035167,34.533922],[126.041631591287,34.532374100719],[126.056335648836,34.532374100719],[126.057628,34.532538],[126.065454545455,34.536370598983],[126.065454545455,34.564105680362],[126.064952,34.563788],[126.050466,34.563422],[126.036632,34.561672],[126.031261,34.556383]]],"type":"Polygon"},"id":62,"properties":{"parentKey":"KOR:1159313529","sourceCountryId":"KOR","syntheticOperational":true,"territoryId":"territory:catalog:3d67fcd0fedc0e1f95f601544a193373e1a5ad8ee4b4eb33c0a36efd0b52619b"},"type":"Feature"},{"geometry":{"coordinates":[[[127.862694037016,37.122302158273],[127.871399,37.121817],[127.879874,37.117605],[127.888453,37.114402],[127.896204,37.119802],[127.898773384011,37.122302158273],[127.862694037016,37.122302158273]]],"type":"Polygon"},"id":63,"properties":{"parentKey":"KOR:1159312111","sourceCountryId":"KOR","syntheticOperational":true,"territoryId":"territory:catalog:16265d16653338eb4575c7b7e403ea031881a9a67ec1f70377d62638d13631ef"},"type":"Feature"},{"geometry":{"coordinates":[[[126.161143,33.300767],[126.171397,33.269355],[126.200824,33.243552],[126.222410076279,33.237410071942],[126.331489674345,33.237410071942],[126.333427,33.238169],[126.361031518625,33.238500146165],[126.361031518625,33.453237410072],[126.30433667059,33.453237410072],[126.297949,33.441715],[126.270661,33.435874],[126.240977,33.392768],[126.206228,33.375556],[126.195811,33.366685],[126.178966,33.341457],[126.161143,33.300767]]],"type":"Polygon"},"id":64,"properties":{"parentKey":"KOR:1159313515","sourceCountryId":"KOR","syntheticOperational":true,"territoryId":"territory:catalog:e2a7203ed81cc6ea8f657935f11ae537cde3df8b1f8da71b4b0d1d702e50a129"},"type":"Feature"},{"geometry":{"coordinates":[[[126.836581709145,36.978510765033],[126.837901,36.975898],[126.873383,36.947984],[126.91269,36.929633],[126.945811,36.92593],[126.969086,36.932034],[126.976329,36.939032],[126.973155,36.969957],[126.982188,36.98017],[127.042003,36.993598],[127.039399,36.982001],[127.032807,36.978502],[127.023936,36.977444],[127.01002,36.971259],[127.004893,36.971422],[126.999522,36.970893],[126.994151,36.966864],[126.995942,36.964789],[127.005219,36.956936],[127.007172,36.952623],[127.000336,36.928371],[126.989513,36.918606],[126.974457,36.912909],[126.963921034603,36.906474820144],[126.995515695067,36.906474820144],[127.074402209677,36.906474820144],[127.106446776612,36.917444924549],[127.106446776612,37.122302158273],[126.947368421053,37.122302158273],[126.836581709145,37.122302158273],[126.836581709145,37.04435081369],[126.839692,37.044867],[126.849132,37.037299],[126.858653,37.041327],[126.863292,37.058783],[126.865082,37.074856],[126.870453,37.090766],[126.879161,37.100002],[126.890473,37.095933],[126.883149,37.069566],[126.893077,37.050116],[126.906749,37.033149],[126.910981,37.014106],[126.902354,37.019477],[126.892589,37.022162],[126.881928,37.02265],[126.870697,37.02147],[126.880138,37.015692],[126.884288,37.014106],[126.884288,37.00788],[126.836581709145,37.003686040364],[126.836581709145,36.978510765033]]],"type":"Polygon"},"id":65,"properties":{"parentKey":"KOR:1159312027","sourceCountryId":"KOR","syntheticOperational":true,"territoryId":"territory:catalog:1f7f69c84926184da2ac9a741f659c048d8f68b80166bd5b3ef7af24a54cd531"},"type":"Feature"},{"geometry":{"coordinates":[[[126.355511,37.466223],[126.358178,37.461012],[126.369115,37.452736],[126.371327,37.447311],[126.369722254857,37.446043165468],[126.420497362472,37.446043165468],[126.420497362472,37.497001203271],[126.418885,37.496861],[126.373568,37.471643],[126.365292,37.475064],[126.359342,37.47363],[126.355511,37.466223]]],"type":"Polygon"},"id":66,"properties":{"parentKey":"KOR:1159312029","sourceCountryId":"KOR","syntheticOperational":true,"territoryId":"territory:catalog:34f004cb09b61f7bba0884d34a6c5cfaa60b42919219826c511ab22bb1802734"},"type":"Feature"},{"geometry":{"coordinates":[[[127.370007535795,37.446043165468],[127.50565184627,37.446043165468],[127.50565184627,37.553956834532],[127.482993197279,37.553956834532],[127.370007535795,37.553956834532],[127.370007535795,37.446043165468]]],"type":"Polygon"},"id":67,"properties":{"parentKey":"KOR:1159312027","sourceCountryId":"KOR","syntheticOperational":true,"territoryId":"territory:catalog:f126f43f40ddc365cea1351a07cb8a87b273e2b9ebf3760d40957e10efea591b"},"type":"Feature"},{"geometry":{"coordinates":[[[126.589090909091,34.532374100719],[126.705370101597,34.532374100719],[126.76533657262,34.532374100719],[126.759288,34.54385],[126.755219,34.557685],[126.758556,34.567206],[126.766938,34.57803],[126.777843,34.586493],[126.788666,34.589057],[126.800059,34.582017],[126.806651,34.568549],[126.807872,34.553168],[126.802338,34.540676],[126.803957149743,34.532374100719],[126.850909090909,34.532374100719],[126.850909090909,34.748201438849],[126.695842450766,34.748201438849],[126.589090909091,34.748201438849],[126.589090909091,34.639897785786],[126.60255,34.63288],[126.623627,34.62995],[126.602701,34.625532],[126.589090909091,34.629110148987],[126.589090909091,34.532374100719]]],"type":"Polygon"},"id":68,"properties":{"parentKey":"KOR:1159313529","sourceCountryId":"KOR","syntheticOperational":true,"territoryId":"territory:catalog:39fdf5a9b25637102df4ad0c06f149f60c2e9315feceacb90d21900ab0fee65a"},"type":"Feature"},{"geometry":{"coordinates":[[[127.759398496241,37.122302158273],[127.811223627226,37.122302158273],[127.818999,37.166052],[127.759398496241,37.159550585387],[127.759398496241,37.122302158273]]],"type":"Polygon"},"id":69,"properties":{"parentKey":"KOR:1159312109","sourceCountryId":"KOR","syntheticOperational":true,"territoryId":"territory:catalog:fb1c7773f7d733ebffcf1b13bd2ef01f6cd14621d2ef9fe9711b213dbdc7ff5e"},"type":"Feature"},{"geometry":{"coordinates":[[[127.271375464684,36.467772588251],[127.303394658611,36.474820143885],[127.271375464684,36.474820143885],[127.271375464684,36.467772588251]]],"type":"Polygon"},"id":70,"properties":{"parentKey":"KOR:1159316481","sourceCountryId":"KOR","syntheticOperational":true,"territoryId":"territory:catalog:9175a66aeb4eaa5216c8c97c91b7bc9ca7d860e18a1831008daf45724acb0a08"},"type":"Feature"},{"geometry":{"coordinates":[[[128.49478390462,36.474820143885],[128.609665427509,36.474820143885],[128.76304023845,36.474820143885],[128.76304023845,36.690647482014],[128.609865470852,36.690647482014],[128.49478390462,36.690647482014],[128.49478390462,36.474820143885]]],"type":"Polygon"},"id":71,"properties":{"parentKey":"KOR:1159313537","sourceCountryId":"KOR","syntheticOperational":true,"territoryId":"territory:catalog:cd30b05ee44a7c14958e6fd988a15f938f4ecab00cec6e60584d5d40146c6a3d"},"type":"Feature"},{"geometry":{"coordinates":[[[128.646671543526,34.964028776978],[128.720142963316,34.964028776978],[128.719249,34.966295],[128.718761,34.972154],[128.725271,35.009263],[128.724946,35.018948],[128.720551,35.027248],[128.702891,35.032945],[128.687511,35.022854],[128.681895,35.004625],[128.693858,34.986274],[128.646671543526,34.964242474574],[128.646671543526,34.964028776978]]],"type":"Polygon"},"id":72,"properties":{"parentKey":"KOR:1159313519","sourceCountryId":"KOR","syntheticOperational":true,"territoryId":"territory:catalog:7cf5552e553211ac04996bfcbadeaee0bacdfd3aa2c37a0749194ee2e5aedbf4"},"type":"Feature"},{"geometry":{"coordinates":[[[127.329919531822,34.964028776978],[127.483588621444,34.964028776978],[127.593269934162,34.964028776978],[127.593269934162,35.179856115108],[127.478005865103,35.179856115108],[127.329919531822,35.179856115108],[127.329919531822,34.964028776978]]],"type":"Polygon"},"id":73,"properties":{"parentKey":"KOR:1159313529","sourceCountryId":"KOR","syntheticOperational":true,"territoryId":"territory:catalog:5a8f16b07e9690eb14349e0a51473a233f2aa45a3a3597782e312b9b316c9882"},"type":"Feature"},{"geometry":{"coordinates":[[[128.797653958944,35.179856115108],[128.910021945867,35.179856115108],[129.000672882227,35.179856115108],[129.010968,35.238108],[129.025231,35.252577],[129.044248,35.263843],[129.061583577713,35.269526132653],[129.061583577713,35.395683453237],[128.911764705882,35.395683453237],[128.797653958944,35.395683453237],[128.797653958944,35.179856115108]]],"type":"Polygon"},"id":74,"properties":{"parentKey":"KOR:1159313519","sourceCountryId":"KOR","syntheticOperational":true,"territoryId":"territory:catalog:31508007d45cd6b3562c82e90d23fd5ac9f777e0f6af73954fdf06929d95f6f1"},"type":"Feature"},{"geometry":{"coordinates":[[[127.038424727514,34.31654676259],[127.038829,34.312893],[127.048623949437,34.31654676259],[127.038424727514,34.31654676259]]],"type":"Polygon"},"id":75,"properties":{"parentKey":"KOR:1159313529","sourceCountryId":"KOR","syntheticOperational":true,"territoryId":"territory:catalog:c155c7defdd66edccf2f8bbadbc56203a2ef10b744d3798c2951707aa47d5261"},"type":"Feature"},{"geometry":{"coordinates":[[[127.830885,36.29223],[127.835078382989,36.258992805755],[127.961452928095,36.258992805755],[128.074349442379,36.258992805755],[128.074349442379,36.474820143885],[127.95827123696,36.474820143885],[127.882309943482,36.474820143885],[127.869952,36.465113],[127.860031,36.442246],[127.856,36.387753],[127.850005,36.363724],[127.85631,36.34649],[127.867369,36.330703],[127.853003,36.307655],[127.830885,36.29223]]],"type":"Polygon"},"id":76,"properties":{"parentKey":"KOR:1159313537","sourceCountryId":"KOR","syntheticOperational":true,"territoryId":"territory:catalog:b4393887db202b9f0c9cefa2f4b4ff280ebfd24261107699ce9792ee9428f5a7"},"type":"Feature"},{"geometry":{"coordinates":[[[128.00875273523,34.838496776778],[128.026541,34.843207],[128.071788,34.833401],[128.082367,34.835598],[128.076834,34.842475],[128.072765,34.84512],[128.066905,34.851752],[128.061209,34.868354],[128.05893,34.880357],[128.053966,34.882636],[128.048839,34.886623],[128.045909,34.893622],[128.036306,34.892279],[128.024587,34.877021],[128.018728,34.866156],[128.013438,34.869127],[128.012462,34.878323],[128.015961,34.88935],[128.02296,34.905504],[128.017833,34.916571],[128.00875273523,34.914545406876],[128.00875273523,34.838496776778]]],"type":"Polygon"},"id":77,"properties":{"parentKey":"KOR:1159313519","sourceCountryId":"KOR","syntheticOperational":true,"territoryId":"territory:catalog:47c3cee74d110902d2979e80fb00e8957e0d0305ea7e3cb67d58c45bdece7242"},"type":"Feature"},{"geometry":{"coordinates":[[[126.859623733719,34.161095951803],[126.860362,34.162177],[126.866954,34.162828],[126.875987,34.156073],[126.886974,34.151353],[126.901866,34.152411],[126.913585,34.15766],[126.919932,34.166978],[126.922374,34.172349],[126.924978,34.184882],[126.918956,34.190497],[126.909353,34.197699],[126.899262,34.209662],[126.882172,34.213284],[126.867931,34.207465],[126.86085,34.20185],[126.859623733719,34.199473755893],[126.859623733719,34.161095951803]]],"type":"Polygon"},"id":78,"properties":{"parentKey":"KOR:1159313529","sourceCountryId":"KOR","syntheticOperational":true,"territoryId":"territory:catalog:f38aad6b2580737dd1fe3f5699fe8daf86548f94fcfd12494f3c48f5f085f745"},"type":"Feature"},{"geometry":{"coordinates":[[[126.686217008798,35.313511039834],[126.689973,35.313969],[126.703409,35.322082],[126.717878,35.329265],[126.735035,35.333347],[126.751364,35.339781],[126.764594,35.34916],[126.772965,35.36332],[126.771001,35.373552],[126.770278,35.384223],[126.782887,35.391794],[126.786034008346,35.395683453237],[126.686217008798,35.395683453237],[126.686217008798,35.313511039834]]],"type":"Polygon"},"id":79,"properties":{"parentKey":"KOR:1159313521","sourceCountryId":"KOR","syntheticOperational":true,"territoryId":"territory:catalog:8762a9f436d8301842f57bbd5d2bca74ef124a4e58810a454eb1ef561b5ce4a0"},"type":"Feature"},{"geometry":{"coordinates":[[[127.964601769912,35.611510791367],[128.117647058824,35.611510791367],[128.230088495575,35.611510791367],[128.230088495575,35.612401627287],[128.219595,35.612762],[128.203886,35.658961],[128.215874,35.681517],[128.216495,35.705108],[128.203162,35.717846],[128.187762,35.725597],[128.184352,35.734202],[128.178771,35.743555],[128.156653,35.756267],[128.143321,35.776835],[128.124304,35.793629],[128.098466,35.800709],[128.070147,35.800502],[128.041415,35.802311],[128.025188,35.811199],[128.012063,35.820139],[127.98178,35.822052],[127.973615,35.824274],[127.965554,35.827245],[127.965507579201,35.827338129496],[127.964601769912,35.827338129496],[127.964601769912,35.611510791367]]],"type":"Polygon"},"id":80,"properties":{"parentKey":"KOR:1159313519","sourceCountryId":"KOR","syntheticOperational":true,"territoryId":"territory:catalog:e7b3b25d5b8f7d767e32ce40e10d0d26f36f0268c026e97827330faa377d619d"},"type":"Feature"},{"geometry":{"coordinates":[[[128.340807174888,36.760977624959],[128.341655,36.760754],[128.425371,36.788969],[128.44015,36.828217],[128.426921,36.837984],[128.419893,36.847777],[128.432605,36.866432],[128.443044,36.885242],[128.461597538787,36.906474820144],[128.455772113943,36.906474820144],[128.340807174888,36.906474820144],[128.340807174888,36.760977624959]]],"type":"Polygon"},"id":81,"properties":{"parentKey":"KOR:1159312109","sourceCountryId":"KOR","syntheticOperational":true,"territoryId":"territory:catalog:95b1875e1c1f2d53d1aa22c74b8a0b09fdc250c618f5fd6b7a0aeef22ad0dcdd"},"type":"Feature"},{"geometry":{"coordinates":[[[126.736059479554,36.258992805755],[126.893995552261,36.258992805755],[127.003717472119,36.258992805755],[127.003717472119,36.474820143885],[126.885245901639,36.474820143885],[126.736059479554,36.474820143885],[126.736059479554,36.258992805755]]],"type":"Polygon"},"id":82,"properties":{"parentKey":"KOR:1159313525","sourceCountryId":"KOR","syntheticOperational":true,"territoryId":"territory:catalog:bdc036a1b8dcab4cd9e45bba0ea6b1ef71a7c70717a1e4ed4e0c86cd225decb8"},"type":"Feature"},{"geometry":{"coordinates":[[[127.317073170732,35.827338129496],[127.433628318584,35.827338129496],[127.583148558758,35.827338129496],[127.583148558758,36.00160338878],[127.571056,35.992997],[127.541394,35.986331],[127.511938,35.98522],[127.490337,35.980931],[127.43246,35.98708],[127.428326,35.995116],[127.435354,36.006536],[127.429359,36.01651],[127.416543,36.019145],[127.383367,36.032659],[127.376161163758,36.043165467626],[127.317073170732,36.043165467626],[127.317073170732,35.827338129496]]],"type":"Polygon"},"id":83,"properties":{"parentKey":"KOR:1159313521","sourceCountryId":"KOR","syntheticOperational":true,"territoryId":"territory:catalog:8d73e4c9c1b1af2612c8e5c8b9fbbf5bc61b1b581c2736f307b4e2068239580d"},"type":"Feature"},{"geometry":{"coordinates":[[[126.364017,34.74916],[126.364324171607,34.748201438849],[126.433260393873,34.748201438849],[126.433260393873,34.768874651871],[126.422128,34.764784],[126.392328,34.768607],[126.378317,34.763888],[126.364017,34.74916]]],"type":"Polygon"},"id":84,"properties":{"parentKey":"KOR:1159313529","sourceCountryId":"KOR","syntheticOperational":true,"territoryId":"territory:catalog:16017c81f776459b67ff87cdbc789356d9ad34b5884bfc83dc65b25a336dce9b"},"type":"Feature"},{"geometry":{"coordinates":[[[128.071748878924,36.690647482014],[128.22652757079,36.690647482014],[128.340807174888,36.690647482014],[128.340807174888,36.760977624959],[128.305998,36.770159],[128.291115,36.794318],[128.267551,36.810673],[128.250911,36.820182],[128.237889,36.831887],[128.224866,36.821577],[128.214428,36.808374],[128.209467,36.792793],[128.202439,36.776308],[128.173603,36.778117],[128.142701,36.786825],[128.126578,36.79517],[128.109524,36.78636],[128.093091,36.768609],[128.073144,36.767239],[128.071748878924,36.767979319867],[128.071748878924,36.690647482014]]],"type":"Polygon"},"id":85,"properties":{"parentKey":"KOR:1159313537","sourceCountryId":"KOR","syntheticOperational":true,"territoryId":"territory:catalog:ae6b263822892a1894fcca7d6c7300c8ce6c1dc3c642eeabb684630a94e4954e"},"type":"Feature"},{"geometry":{"coordinates":[[[127.851679978014,35.827338129496],[127.964601769912,35.827338129496],[127.965507579201,35.827338129496],[127.961523,35.835332],[127.960696,35.843239],[127.951498,35.849595],[127.942196,35.855279],[127.921939,35.86484],[127.913877,35.88706],[127.87729,35.855202],[127.867575,35.834195],[127.851679978014,35.827338129496]]],"type":"Polygon"},"id":86,"properties":{"parentKey":"KOR:1159313519","sourceCountryId":"KOR","syntheticOperational":true,"territoryId":"territory:catalog:d99425efd9e277a5aac941997c430720fe9fcb9f7b13d887c276daa4a657b66b"},"type":"Feature"},{"geometry":{"coordinates":[[[125.916026,34.687649],[125.925059,34.670966],[125.929454,34.672309],[125.94516,34.666815],[125.959646,34.659817],[125.959727,34.656684],[125.969981,34.655911],[125.976899,34.656399],[125.983897,34.660631],[125.999034,34.677436],[126.003184,34.68476],[126.005382,34.692613],[126.00408,34.700263],[126.000987,34.704413],[125.989024,34.713324],[125.980479,34.726223],[125.976736,34.728258],[125.970551,34.725653],[125.952403,34.705146],[125.922862,34.69538],[125.916026,34.687649]]],"type":"Polygon"},"id":87,"properties":{"parentKey":"KOR:1159313529","sourceCountryId":"KOR","syntheticOperational":true,"territoryId":"territory:catalog:0d0be9c7a839e3fce47ebc4f9855a08d7165d67ed9bc40cfca295480a5529e56"},"type":"Feature"},{"geometry":{"coordinates":[[[126.476054324518,33.229571135329],[126.521209,33.236618],[126.565527,33.232908],[126.589721983358,33.237410071942],[126.476054324518,33.237410071942],[126.476054324518,33.229571135329]]],"type":"Polygon"},"id":88,"properties":{"parentKey":"KOR:1159313515","sourceCountryId":"KOR","syntheticOperational":true,"territoryId":"territory:catalog:71116fe619fa4baead84fb5e1a779098372304dc6fae781b419776c1a49b76d6"},"type":"Feature"},{"geometry":{"coordinates":[[[126.784922394678,36.038500423694],[126.791515,36.042182],[126.795464408027,36.043165467626],[126.784922394678,36.043165467626],[126.784922394678,36.038500423694]]],"type":"Polygon"},"id":89,"properties":{"parentKey":"KOR:1159313525","sourceCountryId":"KOR","syntheticOperational":true,"territoryId":"territory:catalog:96c531cd28514f1907f8a39436962cc2594f0d255aefecde958811b816db3a52"},"type":"Feature"},{"geometry":{"coordinates":[[[128.051036,34.939643],[128.055675,34.931627],[128.063975,34.927924],[128.087494,34.926256],[128.101899,34.923529],[128.113048,34.925198],[128.117686,34.924221],[128.118744,34.920356],[128.118988,34.905707],[128.121104,34.900295],[128.139415,34.891913],[128.185883,34.893622],[128.207042,34.890692],[128.206554,34.905504],[128.208588,34.920844],[128.214122,34.932929],[128.224132,34.937893],[128.246837,34.935981],[128.257904,34.930162],[128.271334792123,34.915336649992],[128.271334792123,34.964028776978],[128.119970738844,34.964028776978],[128.05562464691,34.964028776978],[128.055675,34.961737],[128.054047,34.955024],[128.051524,34.947496],[128.051036,34.939643]]],"type":"Polygon"},"id":90,"properties":{"parentKey":"KOR:1159313519","sourceCountryId":"KOR","syntheticOperational":true,"territoryId":"territory:catalog:97a887b944347682a1dda9b1927b5e49625978d0acffffe4d5d9f900858c8f9b"},"type":"Feature"},{"geometry":{"coordinates":[[[131.860148,37.242399],[131.861704,37.241606],[131.862522,37.243104],[131.861042,37.244006],[131.860148,37.242399]]],"type":"Polygon"},"id":91,"properties":{"parentKey":"KOR:P0-component:KOR:18f837e4555da9c064220864608c5f1909a000a04ec156e22a720738f0f50999","sourceCountryId":"KOR","syntheticOperational":true,"territoryId":"territory:catalog:dce23228fbafa19561562c472b70ddba0ec38fdef298896621940e828f6a461a"},"type":"Feature"},{"geometry":{"coordinates":[[[126.691785983421,37.386419111279],[126.717162,37.383839],[126.720045,37.377053],[126.751571,37.384385],[126.759011,37.388759],[126.772138,37.396477],[126.786401,37.418388],[126.795806,37.443038],[126.79350208827,37.446043165468],[126.691785983421,37.446043165468],[126.691785983421,37.386419111279]]],"type":"Polygon"},"id":92,"properties":{"parentKey":"KOR:1159312029","sourceCountryId":"KOR","syntheticOperational":true,"territoryId":"territory:catalog:541c5bfefb1676709e76770f0ec51d5e0ddae91447a414ef50abc723baba2cc1"},"type":"Feature"},{"geometry":{"coordinates":[[[126.827430293896,37.338129496403],[126.947368421053,37.338129496403],[126.963074604371,37.338129496403],[126.963074604371,37.428325629109],[126.92076,37.429473],[126.904901914026,37.446043165468],[126.827430293896,37.446043165468],[126.827430293896,37.338129496403]]],"type":"Polygon"},"id":93,"properties":{"parentKey":"KOR:1159312027","sourceCountryId":"KOR","syntheticOperational":true,"territoryId":"territory:catalog:4c15a3ec3fbc30230864d567b315e288f776958f78b79f1295b4bbf398bae388"},"type":"Feature"},{"geometry":{"coordinates":[[[126.539868324799,34.964028776978],[126.695842450766,34.964028776978],[126.80321872714,34.964028776978],[126.80321872714,35.179856115108],[126.686217008798,35.179856115108],[126.539868324799,35.179856115108],[126.539868324799,34.964028776978]]],"type":"Polygon"},"id":94,"properties":{"parentKey":"KOR:1159313529","sourceCountryId":"KOR","syntheticOperational":true,"territoryId":"territory:catalog:9b66feb63b6e915b7a0387b1436f21cf00155970389e21aebbb2f9b86cb3bf90"},"type":"Feature"},{"geometry":{"coordinates":[[[127.73585,34.62523],[127.740001,34.613674],[127.775401,34.58397],[127.786632,34.579006],[127.797862,34.579739],[127.807872,34.588202],[127.815115,34.601955],[127.818126,34.616156],[127.817231,34.630764],[127.808767,34.655829],[127.801606,34.670478],[127.792491,34.682359],[127.782074,34.684556],[127.7942,34.693793],[127.799327,34.70482],[127.796641,34.714179],[127.785899,34.718166],[127.773448,34.716986],[127.762543,34.712836],[127.760753,34.704739],[127.77589,34.691474],[127.768321,34.666083],[127.764985,34.660102],[127.746267,34.648424],[127.741873,34.643622],[127.73585,34.62523]]],"type":"Polygon"},"id":95,"properties":{"parentKey":"KOR:1159313529","sourceCountryId":"KOR","syntheticOperational":true,"territoryId":"territory:catalog:ba1adf122af7e124fc4b3f39a480671d44d30be80cad03a9d4d7194d1c81c02a"},"type":"Feature"},{"geometry":{"coordinates":[[[126.914329037149,37.769784172662],[126.938775510204,37.769784172662],[127.050796057619,37.769784172662],[127.050796057619,37.877697841727],[126.914329037149,37.877697841727],[126.914329037149,37.769784172662]]],"type":"Polygon"},"id":96,"properties":{"parentKey":"KOR:1159312027","sourceCountryId":"KOR","syntheticOperational":true,"territoryId":"territory:catalog:25081fa3fecdbe47319e7c08f2d5a5a12d19524836727acbfa637cd952f4c89f"},"type":"Feature"},{"geometry":{"coordinates":[[[128.683636363636,34.72875151655],[128.693858,34.736151],[128.685557,34.743842],[128.683636363636,34.744502854074],[128.683636363636,34.72875151655]]],"type":"Polygon"},"id":97,"properties":{"parentKey":"KOR:1159313519","sourceCountryId":"KOR","syntheticOperational":true,"territoryId":"territory:catalog:7068cb039a7086b8b7f26758df8604c8f4f758d87fe960305d42dce3c71627a6"},"type":"Feature"},{"geometry":{"coordinates":[[[126.342621,36.438381],[126.35377,36.434068],[126.377615,36.446194],[126.373556,36.437337],[126.365874,36.431645],[126.361053,36.426321],[126.36378,36.411363],[126.378184,36.409491],[126.422618,36.411526],[126.43214,36.407945],[126.426443,36.42357],[126.412934,36.440334],[126.405414,36.458836],[126.402687,36.468392],[126.403691,36.473344],[126.403950034301,36.474820143885],[126.36227227363,36.474820143885],[126.36378,36.473456],[126.345714,36.453315],[126.342621,36.438381]]],"type":"Polygon"},"id":98,"properties":{"parentKey":"KOR:1159313525","sourceCountryId":"KOR","syntheticOperational":true,"territoryId":"territory:catalog:92596aafd6638b12a77b8543f28324e1c060bfd323937e122f7dd7abb51496b7"},"type":"Feature"},{"geometry":{"coordinates":[[[126.658759804532,36.043165467626],[126.665294,36.034613],[126.670502,36.02204],[126.67213,36.012885],[126.677257,36.005927],[126.692475,35.999905],[126.71339,36.007392],[126.735688,36.010443],[126.754405,36.017727],[126.771332,36.030911],[126.784922394678,36.038500423694],[126.784922394678,36.043165467626],[126.658759804532,36.043165467626]]],"type":"Polygon"},"id":99,"properties":{"parentKey":"KOR:1159313525","sourceCountryId":"KOR","syntheticOperational":true,"territoryId":"territory:catalog:a0ffb42fb6564f4628a9befb04045c2867e8041200b4dd93a7c119586a0a6276"},"type":"Feature"},{"geometry":{"coordinates":[[[127.636363636364,34.619975183489],[127.640717,34.617987],[127.645274,34.626288],[127.63795,34.670966],[127.636363636364,34.674777983893],[127.636363636364,34.619975183489]]],"type":"Polygon"},"id":100,"properties":{"parentKey":"KOR:1159313529","sourceCountryId":"KOR","syntheticOperational":true,"territoryId":"territory:catalog:73cd54ac77260538a7498e38a0f7ea66684535a810d111d06503364ecf963574"},"type":"Feature"},{"geometry":{"coordinates":[[[126.637168141593,35.611510791367],[126.794117647059,35.611510791367],[126.902654867257,35.611510791367],[126.902654867257,35.827338129496],[126.784922394678,35.827338129496],[126.724232302451,35.827338129496],[126.727622,35.825278],[126.749344,35.813257],[126.768465,35.805555],[126.777668,35.800092],[126.791026,35.791449],[126.789561,35.77969],[126.786143,35.768378],[126.781993,35.76024],[126.771332,35.775214],[126.755382,35.778469],[126.733127,35.792415],[126.698023,35.795939],[126.662154,35.792998],[126.656117,35.788736],[126.644755,35.782902],[126.637168141593,35.779237931522],[126.637168141593,35.611510791367]]],"type":"Polygon"},"id":101,"properties":{"parentKey":"KOR:1159313521","sourceCountryId":"KOR","syntheticOperational":true,"territoryId":"territory:catalog:592f4881924d9dd5023463685066df8105b775643f9c38708eb0a700c3560a4e"},"type":"Feature"},{"geometry":{"coordinates":[[[126.767387390861,37.985611510791],[126.777862016679,37.985611510791],[126.889733840304,37.985611510791],[126.889733840304,38.093525179856],[126.861678928261,38.093525179856],[126.847327,38.082018],[126.767387390861,37.985611510791]]],"type":"Polygon"},"id":102,"properties":{"parentKey":"KOR:1159312027","sourceCountryId":"KOR","syntheticOperational":true,"territoryId":"territory:catalog:94a45bf38514d9ac2520b1660cb11d703b04df93bd234afd748f2542ace82af8"},"type":"Feature"},{"geometry":{"coordinates":[[[128.725637181409,36.998780633774],[128.730468,36.997949],[128.755997,36.996037],[128.761888,37.017405],[128.765092,37.040375],[128.758477,37.064973],[128.776667,37.082698],[128.803849,37.092878],[128.831134,37.091173],[128.84519,37.071458],[128.864517,37.067919],[128.88188,37.06102],[128.8794,37.043631],[128.881674,37.026112],[128.911646,37.035517],[128.940068,37.053217],[128.952264,37.04916],[128.960739,37.040091],[128.971694,37.039006],[128.984923,37.043321],[128.995502248876,37.041897415695],[128.995502248876,37.122302158273],[128.842105263158,37.122302158273],[128.725637181409,37.122302158273],[128.725637181409,36.998780633774]]],"type":"Polygon"},"id":103,"properties":{"parentKey":"KOR:1159312111","sourceCountryId":"KOR","syntheticOperational":true,"territoryId":"territory:catalog:6a023a9d9d111a0c0924379426b3779388330982980fd4e761c27bf3d2fa4c38"},"type":"Feature"},{"geometry":{"coordinates":[[[126.691785983421,37.338129496403],[126.827430293896,37.338129496403],[126.827430293896,37.446043165468],[126.79350208827,37.446043165468],[126.795806,37.443038],[126.786401,37.418388],[126.772138,37.396477],[126.759011,37.388759],[126.751571,37.384385],[126.720045,37.377053],[126.706865,37.366469],[126.691785983421,37.349005604683],[126.691785983421,37.338129496403]]],"type":"Polygon"},"id":104,"properties":{"parentKey":"KOR:1159312027","sourceCountryId":"KOR","syntheticOperational":true,"territoryId":"territory:catalog:b5df1508370258bfa00756502b632780e982f5fa14e0b5528a8b73d59e32dc5b"},"type":"Feature"},{"geometry":{"coordinates":[[[127.4217585693,36.474820143885],[127.539033457249,36.474820143885],[127.69001490313,36.474820143885],[127.69001490313,36.690647482014],[127.533632286996,36.690647482014],[127.4217585693,36.690647482014],[127.4217585693,36.474820143885]]],"type":"Polygon"},"id":105,"properties":{"parentKey":"KOR:1159312109","sourceCountryId":"KOR","syntheticOperational":true,"territoryId":"territory:catalog:0ce1ab81a025c598900fd182435c8600cf499523b988440b576e3caf31f6dc45"},"type":"Feature"},{"geometry":{"coordinates":[[[128.27899924185,37.877697841727],[128.41546626232,37.877697841727],[128.41546626232,37.985611510791],[128.395437262357,37.985611510791],[128.27899924185,37.985611510791],[128.27899924185,37.877697841727]]],"type":"Polygon"},"id":106,"properties":{"parentKey":"KOR:1159312111","sourceCountryId":"KOR","syntheticOperational":true,"territoryId":"territory:catalog:b00250537ae168f641575d6b398fae7fcfa464e017d4c31fc8880b61f419cdf5"},"type":"Feature"},{"geometry":{"coordinates":[[[128.00875273523,34.748201438849],[128.066012899558,34.748201438849],[128.066091,34.749335],[128.063324,34.769965],[128.066254,34.783026],[128.071788,34.793647],[128.074718,34.803656],[128.069591,34.815009],[128.062755,34.817125],[128.029063,34.821763],[128.00875273523,34.818199749565],[128.00875273523,34.748201438849]]],"type":"Polygon"},"id":107,"properties":{"parentKey":"KOR:1159313519","sourceCountryId":"KOR","syntheticOperational":true,"territoryId":"territory:catalog:934cfedb48f88d13381a17f7177895ee5d923dce1d816ef4712edec1534178ca"},"type":"Feature"},{"geometry":{"coordinates":[[[126.795084792842,37.553956834532],[126.802721088435,37.553956834532],[126.802721088435,37.56697818096],[126.795084792842,37.553956834532]]],"type":"Polygon"},"id":108,"properties":{"parentKey":"KOR:1159312115","sourceCountryId":"KOR","syntheticOperational":true,"territoryId":"territory:catalog:815548000a6f8a8115c70b27b1fa2bedb0318762fa1af28db272de404bc9c889"},"type":"Feature"},{"geometry":{"coordinates":[[[126.493419,36.130805],[126.500255,36.125718],[126.503579,36.13219],[126.509648,36.151025],[126.529172,36.153514],[126.551768,36.141823],[126.552282,36.130809],[126.558573,36.130764],[126.571869,36.136979],[126.589447,36.130805],[126.612328,36.098992],[126.624848,36.095608],[126.627131208303,36.094833292326],[126.627131208303,36.258992805755],[126.552645984144,36.258992805755],[126.534923,36.219631],[126.541108,36.212551],[126.548595,36.205959],[126.554291,36.203437],[126.562266,36.207221],[126.56894,36.205959],[126.580089,36.199368],[126.588471,36.191596],[126.603282,36.17182],[126.561341,36.181588],[126.531357,36.17394],[126.497401,36.160019],[126.493419,36.130805]]],"type":"Polygon"},"id":109,"properties":{"parentKey":"KOR:1159313525","sourceCountryId":"KOR","syntheticOperational":true,"territoryId":"territory:catalog:951f99553b6f07f8afb46eb72cffe4b49efde0d695fae9bd0963d29ec2fe39f0"},"type":"Feature"},{"geometry":{"coordinates":[[[127.129884739089,34.532374100719],[127.1338,34.526313],[127.147227,34.520494],[127.162934,34.517971],[127.17921,34.513332],[127.176362,34.51732],[127.172374,34.527574],[127.18350551502,34.532374100719],[127.129884739089,34.532374100719]]],"type":"Polygon"},"id":110,"properties":{"parentKey":"KOR:1159313529","sourceCountryId":"KOR","syntheticOperational":true,"territoryId":"territory:catalog:7ba4ef810c08b15f13f8a67596a2a8f24618854cc61230eedd6581a2a2de5ebe"},"type":"Feature"},{"geometry":{"coordinates":[[[127.961452928095,36.043165467626],[128.115299334811,36.043165467626],[128.228317272053,36.043165467626],[128.228317272053,36.258992805755],[128.074349442379,36.258992805755],[127.961452928095,36.258992805755],[127.961452928095,36.221853363798],[128.000074,36.229339],[128.022708,36.215852],[128.034077,36.16371],[128.012786,36.164744],[127.988808,36.168335],[127.964624,36.151592],[127.970205,36.12472],[127.970411,36.111026],[127.968241,36.094567],[127.961452928095,36.087906751754],[127.961452928095,36.043165467626]]],"type":"Polygon"},"id":111,"properties":{"parentKey":"KOR:1159313537","sourceCountryId":"KOR","syntheticOperational":true,"territoryId":"territory:catalog:ec6ddabbfa59a8499a4d43c7615aa632fa43ef204229d83b507d6d76355a91c0"},"type":"Feature"},{"geometry":{"coordinates":[[[126.995515695067,36.89954179027],[127.00861,36.897386],[127.04778,36.897361],[127.074402209677,36.906474820144],[126.995515695067,36.906474820144],[126.995515695067,36.89954179027]]],"type":"Polygon"},"id":112,"properties":{"parentKey":"KOR:1159312027","sourceCountryId":"KOR","syntheticOperational":true,"territoryId":"territory:catalog:0484caceb34a6c21dc0d9e1f1d750dcb975f76ca820ba8e3e40fa9a943a2c637"},"type":"Feature"},{"geometry":{"coordinates":[[[129.061583577713,35.179856115108],[129.173372348208,35.179856115108],[129.182188974561,35.179856115108],[129.177159,35.184054],[129.159073,35.203149],[129.136232,35.218264],[129.118352,35.238573],[129.112771,35.26051],[129.093134,35.270767],[129.067812,35.271568],[129.061583577713,35.269526132653],[129.061583577713,35.179856115108]]],"type":"Polygon"},"id":113,"properties":{"parentKey":"KOR:1159313531","sourceCountryId":"KOR","syntheticOperational":true,"territoryId":"territory:catalog:d3a63100265df99a3877d25b04b4730e7158d9e4745026384f8e043208e7a3e1"},"type":"Feature"},{"geometry":{"coordinates":[[[126.705370101597,34.31654676259],[126.754980898171,34.31654676259],[126.745616,34.324205],[126.742524,34.33275],[126.737071,34.338853],[126.733897,34.346177],[126.73113,34.362006],[126.721853,34.381293],[126.709972,34.39289],[126.705370101597,34.395469599012],[126.705370101597,34.31654676259]]],"type":"Polygon"},"id":114,"properties":{"parentKey":"KOR:1159313529","sourceCountryId":"KOR","syntheticOperational":true,"territoryId":"territory:catalog:e64285781972145e204217f463fc57e9cdbea19e7ba9e1f4a8be8b969025460b"},"type":"Feature"},{"geometry":{"coordinates":[[[126.627131208303,36.094833292326],[126.63852,36.090969],[126.64503,36.084703],[126.631114,36.075588],[126.640147,36.063422],[126.656993,36.045478],[126.658759804532,36.043165467626],[126.784922394678,36.043165467626],[126.795464408027,36.043165467626],[126.812084026269,36.047304026212],[126.857094,36.092216],[126.893995552261,36.095483336989],[126.893995552261,36.258992805755],[126.736059479554,36.258992805755],[126.627131208303,36.258992805755],[126.627131208303,36.094833292326]]],"type":"Polygon"},"id":115,"properties":{"parentKey":"KOR:1159313525","sourceCountryId":"KOR","syntheticOperational":true,"territoryId":"territory:catalog:2ee4618f0422a88be587ad9c6250b394fa18fa35ec3a3daf56d9a4739d86b8b2"},"type":"Feature"},{"geometry":{"coordinates":[[[127.32373009856,37.877697841727],[127.46019711903,37.877697841727],[127.46019711903,37.985611510791],[127.437262357414,37.985611510791],[127.32373009856,37.985611510791],[127.32373009856,37.877697841727]]],"type":"Polygon"},"id":116,"properties":{"parentKey":"KOR:1159312027","sourceCountryId":"KOR","syntheticOperational":true,"territoryId":"territory:catalog:beef9e050187ad651e1c4cf990d121ed71878494c0c9f0a8ce2e171005417b11"},"type":"Feature"},{"geometry":{"coordinates":[[[126.158702,35.094224],[126.169444,35.073676],[126.174815,35.068264],[126.180512,35.065904],[126.184825,35.06269],[126.189138,35.061957],[126.197927,35.061265],[126.203624,35.057196],[126.229259,35.053656],[126.236095,35.051947],[126.234223,35.047065],[126.23406,35.038316],[126.238048,35.032416],[126.242931,35.027289],[126.254568,35.025092],[126.257172,35.021959],[126.261078,35.024563],[126.264985,35.034247],[126.263194,35.041897],[126.258149,35.047512],[126.255138,35.056383],[126.249197,35.0633],[126.23878,35.06387],[126.229503,35.067328],[126.218516,35.076606],[126.218516,35.081936],[126.222423,35.085639],[126.231619,35.086127],[126.238536,35.091864],[126.236013,35.098375],[126.229828,35.09691],[126.224946,35.096747],[126.22283,35.101142],[126.216645,35.103664],[126.207042,35.099514],[126.198578,35.097113],[126.18922,35.10224],[126.177501,35.10578],[126.164806,35.102281],[126.158702,35.094224]]],"type":"Polygon"},"id":117,"properties":{"parentKey":"KOR:1159313529","sourceCountryId":"KOR","syntheticOperational":true,"territoryId":"territory:catalog:2067d38abe0423be93eeaba00a45509e73b556989b8681ff48f9b23744646546"},"type":"Feature"},{"geometry":{"coordinates":[[[128.25855513308,37.985611510791],[128.27899924185,37.985611510791],[128.395437262357,37.985611510791],[128.395437262357,38.093525179856],[128.25855513308,38.093525179856],[128.25855513308,37.985611510791]]],"type":"Polygon"},"id":118,"properties":{"parentKey":"KOR:1159312111","sourceCountryId":"KOR","syntheticOperational":true,"territoryId":"territory:catalog:16196f705eb00339583bf78246ac72c381b5f4559800879bb350107d78f425bd"},"type":"Feature"},{"geometry":{"coordinates":[[[126.30615794377,34.964028776978],[126.306407,34.963568],[126.312592,34.956122],[126.320079,34.949897],[126.328868,34.944729],[126.324718,34.943264],[126.315196,34.937893],[126.327729,34.931098],[126.345225,34.926418],[126.363292,34.927436],[126.377289,34.937893],[126.376964,34.947252],[126.372081,34.958726],[126.371285529155,34.964028776978],[126.30615794377,34.964028776978]]],"type":"Polygon"},"id":119,"properties":{"parentKey":"KOR:1159313529","sourceCountryId":"KOR","syntheticOperational":true,"territoryId":"territory:catalog:ef7256ec35cf6536a8be78871fc906a46a4da44b2331c84e4b12e940da487285"},"type":"Feature"},{"geometry":{"coordinates":[[[127.374545454545,34.532374100719],[127.428250095646,34.532374100719],[127.43922,34.540676],[127.418419,34.55528],[127.380408,34.547105],[127.374545454545,34.550309045863],[127.374545454545,34.532374100719]]],"type":"Polygon"},"id":120,"properties":{"parentKey":"KOR:1159313529","sourceCountryId":"KOR","syntheticOperational":true,"territoryId":"territory:catalog:1fa7055529a2f189089cac41a9ce02ff2093712f301a53a8cef7ef984a9a55ae"},"type":"Feature"},{"geometry":{"coordinates":[[[129.441176470588,35.493238660359],[129.444428,35.496812],[129.4546,35.513251],[129.461351,35.552061],[129.463488,35.577883],[129.467275,35.599668],[129.46059,35.609294],[129.459055900176,35.61078397822],[129.458176,35.610592],[129.453560881991,35.611510791367],[129.441176470588,35.611510791367],[129.441176470588,35.493238660359]]],"type":"Polygon"},"id":121,"properties":{"parentKey":"KOR:1159313533","sourceCountryId":"KOR","syntheticOperational":true,"territoryId":"territory:catalog:a6127d9a1c6d033a3e1f0f7e74a4b2fb2227f9ba461145ba90edd8c471ad4789"},"type":"Feature"},{"geometry":{"coordinates":[[[129.269027882442,37.338129496403],[129.276686964195,37.338129496403],[129.27589,37.339911],[129.272227,37.355862],[129.269027882442,37.360963982504],[129.269027882442,37.338129496403]]],"type":"Polygon"},"id":122,"properties":{"parentKey":"KOR:1159312111","sourceCountryId":"KOR","syntheticOperational":true,"territoryId":"territory:catalog:f768d025f6fa473d1362398ff1273a940b9b8cf6892f276828770956c31d23d4"},"type":"Feature"},{"geometry":{"coordinates":[[[127.452159,34.45303],[127.458832,34.44892],[127.469737,34.443183],[127.467052,34.439195],[127.47169,34.434027],[127.481781,34.431342],[127.488536,34.425482],[127.488943,34.416938],[127.489114658926,34.416857066899],[127.489114658926,34.461679406288],[127.487071,34.461249],[127.486827,34.463853],[127.47283,34.466783],[127.465343,34.470364],[127.458263,34.472886],[127.45338,34.470608],[127.455089,34.466132],[127.45574,34.460517],[127.452159,34.45303]]],"type":"Polygon"},"id":123,"properties":{"parentKey":"KOR:1159313529","sourceCountryId":"KOR","syntheticOperational":true,"territoryId":"territory:catalog:166bbf27df4701379ae2ef61f2ff6a6e82c46aeb9545b2b8b2ea281fcb8f3240"},"type":"Feature"},{"geometry":{"coordinates":[[[128.761061946903,35.611510791367],[128.911764705882,35.611510791367],[129.026548672566,35.611510791367],[129.026548672566,35.827338129496],[128.913525498891,35.827338129496],[128.761061946903,35.827338129496],[128.761061946903,35.611510791367]]],"type":"Polygon"},"id":124,"properties":{"parentKey":"KOR:1159313537","sourceCountryId":"KOR","syntheticOperational":true,"territoryId":"territory:catalog:e5b0f76f3bd86dc7cf27f94f9f3a839fff927136435c5207678e3730ae23b889"},"type":"Feature"},{"geometry":{"coordinates":[[[126.519867,34.305976],[126.521251,34.294176],[126.532807,34.292222],[126.578868,34.304755],[126.599131693198,34.301175197069],[126.599131693198,34.31654676259],[126.524016534217,34.31654676259],[126.519867,34.305976]]],"type":"Polygon"},"id":125,"properties":{"parentKey":"KOR:1159313529","sourceCountryId":"KOR","syntheticOperational":true,"territoryId":"territory:catalog:b8e574bb5b7dc214cf1ef8146436df0676feb26ea7917ee2b88c816bfb6c4cb4"},"type":"Feature"},{"geometry":{"coordinates":[[[126.993774227675,38.201438848921],[127.021104,38.18776],[127.026615969582,38.18500105457],[127.026615969582,38.201438848921],[127.002288329519,38.201438848921],[126.993774227675,38.201438848921]]],"type":"Polygon"},"id":126,"properties":{"parentKey":"KOR:1159312111","sourceCountryId":"KOR","syntheticOperational":true,"territoryId":"territory:catalog:50e1017756069bd75d8ab488a999fc3966cf3c948a9b3973825026435b29fbab"},"type":"Feature"},{"geometry":{"coordinates":[[[126.339047434715,36.474820143885],[126.343272,36.46662],[126.351882119591,36.474820143885],[126.348733233979,36.474820143885],[126.339047434715,36.474820143885]]],"type":"Polygon"},"id":127,"properties":{"parentKey":"KOR:1159313525","sourceCountryId":"KOR","syntheticOperational":true,"territoryId":"territory:catalog:60f5dd2d933e602cd59160d64a425b1c0fee1781e7e2225f7201f2842d718685"},"type":"Feature"},{"geometry":{"coordinates":[[[126.342583946443,37.661870503597],[126.349864,37.657375],[126.370128,37.658352],[126.373566862671,37.661870503597],[126.342583946443,37.661870503597]]],"type":"Polygon"},"id":128,"properties":{"parentKey":"KOR:1159312027","sourceCountryId":"KOR","syntheticOperational":true,"territoryId":"territory:catalog:c82f30f57f2ee4cb6fe216ad4c352eadf384c8f0d6db10e44b64230b0d433749"},"type":"Feature"},{"geometry":{"coordinates":[[[127.259964,36.878938],[127.264573991031,36.8702338909],[127.264573991031,36.880021458376],[127.259964,36.878938]]],"type":"Polygon"},"id":129,"properties":{"parentKey":"KOR:1159312109","sourceCountryId":"KOR","syntheticOperational":true,"territoryId":"territory:catalog:8efabed5c5f0c4a6af66c88dd75c2a4859431564bf2e977c48e02c1c189957b9"},"type":"Feature"},{"geometry":{"coordinates":[[[129.29955290611,36.625871526162],[129.347175,36.611745],[129.379214,36.62314],[129.412597,36.61699],[129.422618,36.616645],[129.440929,36.657782],[129.462298957758,36.690647482014],[129.417040358744,36.690647482014],[129.29955290611,36.690647482014],[129.29955290611,36.625871526162]]],"type":"Polygon"},"id":130,"properties":{"parentKey":"KOR:1159312111","sourceCountryId":"KOR","syntheticOperational":true,"territoryId":"territory:catalog:da32b7effb6dc58f7ba0be26cc9b0098ec075a10241d039fa197088ff8699b3e"},"type":"Feature"},{"geometry":{"coordinates":[[[126.601202614072,37.553956834532],[126.603792,37.549297],[126.64933,37.550579],[126.691785983421,37.551774336922],[126.691785983421,37.553956834532],[126.666666666667,37.553956834532],[126.601202614072,37.553956834532]]],"type":"Polygon"},"id":131,"properties":{"parentKey":"KOR:1159312027","sourceCountryId":"KOR","syntheticOperational":true,"territoryId":"territory:catalog:6a1b08a6a7e07fd473b336ea3a54aa3a8c2a83518d5e9d5e495eed88b7be352e"},"type":"Feature"},{"geometry":{"coordinates":[[[126.231993934799,37.769784172662],[126.258503401361,37.769784172662],[126.329194792611,37.769784172662],[126.335948,37.7744],[126.34254,37.792141],[126.333263,37.800442],[126.314952,37.80272],[126.295258,37.802476],[126.276541,37.81151],[126.260509,37.814765],[126.24643,37.811754],[126.234141,37.802314],[126.231993934799,37.797151612449],[126.231993934799,37.769784172662]]],"type":"Polygon"},"id":132,"properties":{"parentKey":"KOR:1159312027","sourceCountryId":"KOR","syntheticOperational":true,"territoryId":"territory:catalog:334b1379a0c55df8da70d0a76f4628c829418b9074133f3be57a90d862bf622c"},"type":"Feature"},{"geometry":{"coordinates":[[[128.256028258647,35.611510791367],[128.281297,35.610643],[128.288859539897,35.611510791367],[128.256028258647,35.611510791367]]],"type":"Polygon"},"id":133,"properties":{"parentKey":"KOR:1159313537","sourceCountryId":"KOR","syntheticOperational":true,"territoryId":"territory:catalog:237284c8e4be1b3a0a8fe9bcfde8e1717c1d7b4996f84ca8736e2b793f060d71"},"type":"Feature"},{"geometry":{"coordinates":[[[128.68840030326,37.877697841727],[128.82486732373,37.877697841727],[128.82486732373,37.915467913551],[128.80103589353,37.942371465706],[128.762733437768,37.985611510791],[128.68840030326,37.985611510791],[128.68840030326,37.877697841727]]],"type":"Polygon"},"id":134,"properties":{"parentKey":"KOR:1159312111","sourceCountryId":"KOR","syntheticOperational":true,"territoryId":"territory:catalog:5cbaa3ceca8e0ed183e6d6e8a4914794930a1128e2a73cd6acfe63e9b5e1f4e8"},"type":"Feature"},{"geometry":{"coordinates":[[[127.058823529412,35.395683453237],[127.083674806394,35.395683453237],[127.086434,35.404635],[127.066281,35.429698],[127.058823529412,35.429364317686],[127.058823529412,35.395683453237]]],"type":"Polygon"},"id":135,"properties":{"parentKey":"KOR:1159313529","sourceCountryId":"KOR","syntheticOperational":true,"territoryId":"territory:catalog:ed490f1a58c4708864b32531993951e8875c34218a6f3cf5fa154fe3c4588a55"},"type":"Feature"},{"geometry":{"coordinates":[[[127.437262357414,38.064518907335],[127.444965,38.065532],[127.451683,38.060959],[127.461295,38.037265],[127.466359,37.990214],[127.468498386023,37.985611510791],[127.574144486692,37.985611510791],[127.574144486692,38.093525179856],[127.437262357414,38.093525179856],[127.437262357414,38.064518907335]]],"type":"Polygon"},"id":136,"properties":{"parentKey":"KOR:1159312111","sourceCountryId":"KOR","syntheticOperational":true,"territoryId":"territory:catalog:cd76786640049b2ce8549ebee990e03c43be7f5cfeece4087e731e198cee5cda"},"type":"Feature"},{"geometry":{"coordinates":[[[127.961452928095,36.087906751754],[127.968241,36.094567],[127.970411,36.111026],[127.970205,36.12472],[127.964624,36.151592],[127.988808,36.168335],[128.012786,36.164744],[128.034077,36.16371],[128.022708,36.215852],[128.000074,36.229339],[127.961452928095,36.221853363798],[127.961452928095,36.087906751754]]],"type":"Polygon"},"id":137,"properties":{"parentKey":"KOR:1159312109","sourceCountryId":"KOR","syntheticOperational":true,"territoryId":"territory:catalog:30d1aeaf8ad097ec480eb42afcdf954a2abe1d506febbce7620d51b1bd79302d"},"type":"Feature"},{"geometry":{"coordinates":[[[128.300751879699,37.122302158273],[128.455772113943,37.122302158273],[128.571428571429,37.122302158273],[128.571428571429,37.338129496403],[128.455162019593,37.338129496403],[128.300751879699,37.338129496403],[128.300751879699,37.180146266799],[128.303931,37.179746],[128.321915,37.175431],[128.310339,37.154373],[128.300751879699,37.148926611318],[128.300751879699,37.122302158273]]],"type":"Polygon"},"id":138,"properties":{"parentKey":"KOR:1159312111","sourceCountryId":"KOR","syntheticOperational":true,"territoryId":"territory:catalog:3947cb5573f948dc29a6d98a110e75ca864c6cf9255f1e7012609f7cdcee8f82"},"type":"Feature"},{"geometry":{"coordinates":[[[126.221029180819,37.769784172662],[126.224457,37.760443],[126.234141,37.760647],[126.245372,37.765367],[126.254568,37.768215],[126.258503401361,37.76754630195],[126.258503401361,37.769784172662],[126.231993934799,37.769784172662],[126.221029180819,37.769784172662]]],"type":"Polygon"},"id":139,"properties":{"parentKey":"KOR:1159312027","sourceCountryId":"KOR","syntheticOperational":true,"territoryId":"territory:catalog:522c6ca59c7839e2f4b5fff7a78e7faa8cfe9ad42e63ef500575b28b0a7df2ee"},"type":"Feature"},{"geometry":{"coordinates":[[[128.342007434944,36.258992805755],[128.495181616012,36.258992805755],[128.609665427509,36.258992805755],[128.609665427509,36.474820143885],[128.49478390462,36.474820143885],[128.342007434944,36.474820143885],[128.342007434944,36.258992805755]]],"type":"Polygon"},"id":140,"properties":{"parentKey":"KOR:1159313537","sourceCountryId":"KOR","syntheticOperational":true,"territoryId":"territory:catalog:9b03bf06f6f8959b23e872c54b71bda6e2c2a112e5a44b2f5c127c2e3585e0c7"},"type":"Feature"},{"geometry":{"coordinates":[[[127.271375464684,36.390087921283],[127.272564,36.388587],[127.290691,36.360101],[127.29587,36.287592],[127.306764956184,36.258992805755],[127.391352533193,36.258992805755],[127.409309,36.269828],[127.423675,36.273755],[127.449823,36.290783],[127.464292,36.33401],[127.477418,36.351011],[127.482276,36.374498],[127.471941,36.401112],[127.470184,36.418966],[127.457885,36.424056],[127.459642,36.435451],[127.445689,36.438241],[127.43401,36.424573],[127.401764,36.418811],[127.371585,36.425736],[127.375409,36.443254],[127.369621,36.454468],[127.36094,36.457852],[127.353808,36.464157],[127.350294,36.471418],[127.351305568409,36.474820143885],[127.303394658611,36.474820143885],[127.271375464684,36.467772588251],[127.271375464684,36.390087921283]]],"type":"Polygon"},"id":141,"properties":{"parentKey":"KOR:1159313527","sourceCountryId":"KOR","syntheticOperational":true,"territoryId":"territory:catalog:6e5ee1009b43903d40666e7175353767c0f016f6abba50aadbb130eab25d78b2"},"type":"Feature"},{"geometry":{"coordinates":[[[126.135338345865,37.213032683665],[126.142345,37.215399],[126.15504,37.225735],[126.15919,37.23192],[126.151622,37.238593],[126.135338345865,37.245418029016],[126.135338345865,37.213032683665]]],"type":"Polygon"},"id":142,"properties":{"parentKey":"KOR:1159312027","sourceCountryId":"KOR","syntheticOperational":true,"territoryId":"territory:catalog:b9dfc723eb6586710f49ac0b8a9734affc1576c65751d606cb6cde7d97f546e5"},"type":"Feature"},{"geometry":{"coordinates":[[[127.189809972484,38.093525179856],[127.2964860007,38.093525179856],[127.296241,38.102481],[127.300380228137,38.11197382923],[127.300380228137,38.139147892097],[127.298618,38.139481],[127.290556,38.138138],[127.283528,38.133848],[127.270299,38.120309],[127.25552,38.108501],[127.232782,38.105426],[127.212732,38.116175],[127.209011,38.125942],[127.207461,38.135838],[127.200226,38.139326],[127.192578,38.13297],[127.189994,38.12279],[127.189809972484,38.093525179856]]],"type":"Polygon"},"id":143,"properties":{"parentKey":"KOR:1159312027","sourceCountryId":"KOR","syntheticOperational":true,"territoryId":"territory:catalog:a8098860ca7c6688a9e303f729ab804e4cc870be106a45ab21e840959494c723"},"type":"Feature"},{"geometry":{"coordinates":[[[127.641296156745,37.338129496403],[127.729058804734,37.338129496403],[127.767323,37.403118],[127.774971,37.425571],[127.769183,37.44805],[127.782309,37.466241],[127.800809,37.484146],[127.820653,37.490683],[127.831092,37.508486],[127.819723,37.52386],[127.80484,37.533963],[127.781069,37.536055],[127.756678,37.543419],[127.722985,37.547011],[127.707175008472,37.553956834532],[127.641296156745,37.553956834532],[127.641296156745,37.446043165468],[127.641296156745,37.338129496403]]],"type":"Polygon"},"id":144,"properties":{"parentKey":"KOR:1159312027","sourceCountryId":"KOR","syntheticOperational":true,"territoryId":"territory:catalog:2df88c613331e4a8f42dfaca6b18f698de0c94dc46169a79b611154d069277d0"},"type":"Feature"},{"geometry":{"coordinates":[[[128.100686498856,38.309352517986],[128.237986270023,38.309352517986],[128.237986270023,38.413695149916],[128.225589,38.399776],[128.172362,38.355954],[128.10849,38.323502],[128.100686498856,38.321316028124],[128.100686498856,38.309352517986]]],"type":"Polygon"},"id":145,"properties":{"parentKey":"KOR:1159312111","sourceCountryId":"KOR","syntheticOperational":true,"territoryId":"territory:catalog:8c58f9750dce9d2880efd1f84c34cfa2d5e7eee30578346be231580059ff00c6"},"type":"Feature"},{"geometry":{"coordinates":[[[126.269379,34.671291],[126.271088,34.642483],[126.29184,34.62995],[126.318614,34.619127],[126.322765,34.608873],[126.315522,34.604071],[126.305512,34.604193],[126.301524,34.608873],[126.297618,34.603339],[126.293549,34.601996],[126.29184,34.599107],[126.295258,34.589057],[126.297862,34.588039],[126.318614,34.571682],[126.324962,34.569648],[126.327272727273,34.57003292999],[126.327272727273,34.73448223029],[126.326182,34.735826],[126.319591,34.747748],[126.318784825347,34.748201438849],[126.289913579866,34.748201438849],[126.288829,34.742418],[126.289643,34.73314],[126.288585,34.725572],[126.278087,34.703315],[126.269379,34.671291]]],"type":"Polygon"},"id":146,"properties":{"parentKey":"KOR:1159313529","sourceCountryId":"KOR","syntheticOperational":true,"territoryId":"territory:catalog:78b971ec41c2c29bf90b5c1899b493a41b058b87449ef8cbf7177c860b7ed20e"},"type":"Feature"},{"geometry":{"coordinates":[[[127.276887871854,38.309352517986],[127.414187643021,38.309352517986],[127.414187643021,38.309675528077],[127.377113,38.318515],[127.276887871854,38.311625990673],[127.276887871854,38.309352517986]]],"type":"Polygon"},"id":147,"properties":{"parentKey":"KOR:1159312111","sourceCountryId":"KOR","syntheticOperational":true,"territoryId":"territory:catalog:79d64c97029a61871b07e79a8c639ceccfa3f4db64e5006f12cb2fef68f47e79"},"type":"Feature"},{"geometry":{"coordinates":[[[127.2964860007,38.093525179856],[127.296757,38.083619],[127.300380228137,38.081037624664],[127.300380228137,38.093525179856],[127.2964860007,38.093525179856]]],"type":"Polygon"},"id":148,"properties":{"parentKey":"KOR:1159312111","sourceCountryId":"KOR","syntheticOperational":true,"territoryId":"territory:catalog:4251a6bccb7688ba7b9bf446ea0b2297e365debe1fc5277d2e4c48a2199d4bf5"},"type":"Feature"},{"geometry":{"coordinates":[[[127.16814159292,35.611510791367],[127.323529411765,35.611510791367],[127.433628318584,35.611510791367],[127.433628318584,35.827338129496],[127.317073170732,35.827338129496],[127.16814159292,35.827338129496],[127.16814159292,35.611510791367]]],"type":"Polygon"},"id":149,"properties":{"parentKey":"KOR:1159313521","sourceCountryId":"KOR","syntheticOperational":true,"territoryId":"territory:catalog:efc12c0c595596880df377f7827e1e9146982bf7eebfe403f93147248eb6f216"},"type":"Feature"},{"geometry":{"coordinates":[[[126.616989567809,36.474820143885],[126.736059479554,36.474820143885],[126.885245901639,36.474820143885],[126.885245901639,36.690647482014],[126.726457399103,36.690647482014],[126.616989567809,36.690647482014],[126.616989567809,36.474820143885]]],"type":"Polygon"},"id":150,"properties":{"parentKey":"KOR:1159313525","sourceCountryId":"KOR","syntheticOperational":true,"territoryId":"territory:catalog:1b2dd1ef8dff7d17e316d379b133bb9666d2c48450a7d134228437bddf6a2455"},"type":"Feature"},{"geometry":{"coordinates":[[[128.383321141185,35.031272637848],[128.384044,35.036363],[128.389171,35.049018],[128.428477,35.057807],[128.462738,35.071967],[128.481293,35.075019],[128.469737,35.088365],[128.469086,35.095404],[128.478119,35.099066],[128.511241,35.104234],[128.526378,35.103461],[128.580333,35.087877],[128.587169,35.083319],[128.596772,35.075019],[128.600108,35.06859],[128.600597,35.061916],[128.603608,35.056627],[128.614268,35.054592],[128.634532,35.054633],[128.643321,35.056545],[128.646671543526,35.058375618957],[128.646671543526,35.062534549959],[128.64503,35.062893],[128.63266,35.067288],[128.624766,35.068183],[128.629487,35.081488],[128.627045,35.090766],[128.610362,35.109198],[128.601817,35.121243],[128.597667,35.13052],[128.590587,35.156968],[128.577891,35.178656],[128.577918474136,35.179856115108],[128.533724340176,35.179856115108],[128.383321141185,35.179856115108],[128.383321141185,35.031272637848]]],"type":"Polygon"},"id":151,"properties":{"parentKey":"KOR:1159313519","sourceCountryId":"KOR","syntheticOperational":true,"territoryId":"territory:catalog:44e5f05e8dffc99be8edd7f9a72222582fe6ef195b0919e5c87afcfc52b83024"},"type":"Feature"},{"geometry":{"coordinates":[[[128.225271,34.632839],[128.229666,34.630072],[128.233409,34.629381],[128.237804,34.625759],[128.23878,34.620592],[128.235281,34.614203],[128.236257,34.61046],[128.242198,34.611518],[128.247406,34.615546],[128.258067,34.6199],[128.26588,34.620836],[128.27532,34.619086],[128.281749,34.619859],[128.286062,34.622219],[128.295665,34.631985],[128.29713,34.637315],[128.294607,34.639553],[128.275808,34.631903],[128.271251,34.63231],[128.271169,34.638495],[128.239513,34.652411],[128.232758,34.651028],[128.22877,34.647854],[128.228363,34.642401],[128.225678,34.637844],[128.225271,34.632839]]],"type":"Polygon"},"id":152,"properties":{"parentKey":"KOR:1159313519","sourceCountryId":"KOR","syntheticOperational":true,"territoryId":"territory:catalog:2e65b4f1204697db03fbcc66e1264159e4632fee7b952ab1a646696ebbb6abc4"},"type":"Feature"},{"geometry":{"coordinates":[[[127.482993197279,37.553956834532],[127.50565184627,37.553956834532],[127.619047619048,37.553956834532],[127.619047619048,37.591608358569],[127.616324,37.593029],[127.588729,37.596413],[127.561961,37.589696],[127.53974,37.604578],[127.541497,37.620779],[127.552039,37.63778],[127.556173,37.657469],[127.556240271415,37.661870503597],[127.482993197279,37.661870503597],[127.482993197279,37.553956834532]]],"type":"Polygon"},"id":153,"properties":{"parentKey":"KOR:1159312027","sourceCountryId":"KOR","syntheticOperational":true,"territoryId":"territory:catalog:3ec3e48a5abc1e22cd11205d0ab1a7cb70f738bef2cb0a628a1aea822088dee9"},"type":"Feature"},{"geometry":{"coordinates":[[[126.595985,37.439657],[126.612405,37.432741],[126.630308,37.425013],[126.638629,37.413791],[126.625382,37.397918],[126.615087,37.379745],[126.64034,37.36439],[126.66475,37.389168],[126.691785983421,37.386419111279],[126.691785983421,37.446043165468],[126.596791003917,37.446043165468],[126.595985,37.439657]]],"type":"Polygon"},"id":154,"properties":{"parentKey":"KOR:1159312029","sourceCountryId":"KOR","syntheticOperational":true,"territoryId":"territory:catalog:7976193128c0baa72d88738da08cfb5ec700b73a239cc4800476c3c9471a209d"},"type":"Feature"},{"geometry":{"coordinates":[[[128.488455,34.868964],[128.491547,34.849921],[128.503184,34.835517],[128.517426,34.822659],[128.528819,34.808092],[128.533916849015,34.811529650911],[128.533916849015,34.902876861375],[128.523285,34.899156],[128.508067,34.891018],[128.494884,34.880439],[128.488455,34.868964]]],"type":"Polygon"},"id":155,"properties":{"parentKey":"KOR:1159313519","sourceCountryId":"KOR","syntheticOperational":true,"territoryId":"territory:catalog:8fb28143151303c10e962ac221bb610cda2f4930a7a1c9126bbc26253d2bff75"},"type":"Feature"},{"geometry":{"coordinates":[[[126.665294,37.175482],[126.668468,37.161811],[126.676691729323,37.159754402821],[126.676691729323,37.188446913317],[126.670665,37.185614],[126.665294,37.175482]]],"type":"Polygon"},"id":156,"properties":{"parentKey":"KOR:1159312027","sourceCountryId":"KOR","syntheticOperational":true,"territoryId":"territory:catalog:7766a864392b867dbf36c91d85237a990487a8fe02b1e68432c10b793930416a"},"type":"Feature"},{"geometry":{"coordinates":[[[124.613617,37.945054],[124.644054,37.924506],[124.684906,37.919989],[124.705333,37.932685],[124.69988,37.93651],[124.688162,37.938178],[124.678396,37.942043],[124.677989,37.952541],[124.683279,37.954535],[124.708751,37.956285],[124.728201,37.947008],[124.742035,37.955024],[124.743663,37.969672],[124.732677,37.980455],[124.715266325835,37.985611510791],[124.699619771863,37.985611510791],[124.693875274196,37.985611510791],[124.649425,37.973293],[124.624034,37.980455],[124.613617,37.945054]]],"type":"Polygon"},"id":157,"properties":{"parentKey":"KOR:1159312027","sourceCountryId":"KOR","syntheticOperational":true,"territoryId":"territory:catalog:672b0e7b7669a61d5207d5a4515002eb5d24824fefd8013ed70d0d077aa8f07b"},"type":"Feature"},{"geometry":{"coordinates":[[[126.54905061054,37.661870503597],[126.556163,37.641018],[126.560286,37.620847],[126.560515,37.607353],[126.571935,37.598495],[126.58225,37.584483],[126.591105,37.57287],[126.598907,37.558088],[126.601202614072,37.553956834532],[126.666666666667,37.553956834532],[126.666666666667,37.661870503597],[126.54905061054,37.661870503597]]],"type":"Polygon"},"id":158,"properties":{"parentKey":"KOR:1159312027","sourceCountryId":"KOR","syntheticOperational":true,"territoryId":"territory:catalog:2530d92bdf739da7c075b7a8669b1b791f0309e92aac4d1731d12f11af7cfacf"},"type":"Feature"},{"geometry":{"coordinates":[[[126.292487510902,35.611510791367],[126.309118112582,35.611510791367],[126.307302,35.616645],[126.302989,35.61933],[126.299327,35.616034],[126.292487510902,35.611510791367]]],"type":"Polygon"},"id":159,"properties":{"parentKey":"KOR:1159313521","sourceCountryId":"KOR","syntheticOperational":true,"territoryId":"territory:catalog:13596408dc74cd9cf560562a46b94cce8bd5da94103c2b78d4077a7c3bedf67a"},"type":"Feature"},{"geometry":{"coordinates":[[[129.16503867619,35.395683453237],[129.184911,35.386755],[129.207855,35.372156],[129.214573,35.344406],[129.236381,35.326785],[129.264803,35.318568],[129.268836,35.315724],[129.268836390038,35.315723724952],[129.269206,35.316767],[129.29272,35.316049],[129.320513,35.338545],[129.325513196481,35.341005844555],[129.325513196481,35.395683453237],[129.176470588235,35.395683453237],[129.16503867619,35.395683453237]]],"type":"Polygon"},"id":160,"properties":{"parentKey":"KOR:1159313533","sourceCountryId":"KOR","syntheticOperational":true,"territoryId":"territory:catalog:0f6c9546868ec2a3e3ffe4ceb87c5ad1944a7298317dcc4fa04e184dfcb01f72"},"type":"Feature"},{"geometry":{"coordinates":[[[126.17067833698,34.748201438849],[126.171394663477,34.748201438849],[126.17067833698,34.749300232887],[126.17067833698,34.748201438849]]],"type":"Polygon"},"id":161,"properties":{"parentKey":"KOR:1159313529","sourceCountryId":"KOR","syntheticOperational":true,"territoryId":"territory:catalog:2c73b5ac3cf977458c46e6374a0f8331fd9994f79786a511ca7c5193501bc425"},"type":"Feature"},{"geometry":{"coordinates":[[[127.026615969582,38.18500105457],[127.035998,38.180305],[127.04437,38.164596],[127.055222,38.157749],[127.064317,38.149093],[127.071241,38.132608],[127.0823,38.119947],[127.094703,38.121188],[127.106485,38.111421],[127.131608409798,38.093525179856],[127.163498098859,38.093525179856],[127.163498098859,38.201438848921],[127.139588100687,38.201438848921],[127.026615969582,38.201438848921],[127.026615969582,38.18500105457]]],"type":"Polygon"},"id":162,"properties":{"parentKey":"KOR:1159312111","sourceCountryId":"KOR","syntheticOperational":true,"territoryId":"territory:catalog:1e19d278dfb88a6c5d9b53edde862610d5d787f78803ef1b280f03900b7959c8"},"type":"Feature"},{"geometry":{"coordinates":[[[129.144981412639,36.258992805755],[129.295774647887,36.258992805755],[129.384336078652,36.258992805755],[129.386567,36.322699],[129.391856,36.342475],[129.403901,36.359442],[129.412639405204,36.367962255908],[129.412639405204,36.474820143885],[129.29955290611,36.474820143885],[129.144981412639,36.474820143885],[129.144981412639,36.258992805755]]],"type":"Polygon"},"id":163,"properties":{"parentKey":"KOR:1159313537","sourceCountryId":"KOR","syntheticOperational":true,"territoryId":"territory:catalog:cf1d9be804016fff526b3f4a3bfb0cf3a45ec7b967554339bcc9da6bbe2d1c78"},"type":"Feature"},{"geometry":{"coordinates":[[[127.34693877551,37.553956834532],[127.370007535795,37.553956834532],[127.482993197279,37.553956834532],[127.482993197279,37.661870503597],[127.34693877551,37.661870503597],[127.34693877551,37.553956834532]]],"type":"Polygon"},"id":164,"properties":{"parentKey":"KOR:1159312027","sourceCountryId":"KOR","syntheticOperational":true,"territoryId":"territory:catalog:a0fe9cec57c937648d266378d36990488420cd6201a99fdc7e4e10a22b565e99"},"type":"Feature"},{"geometry":{"coordinates":[[[126.486111646062,36.474820143885],[126.488536,36.466864],[126.497651,36.448391],[126.507579,36.438666],[126.523448,36.441107],[126.545014,36.466986],[126.559093,36.473456],[126.617442,36.473456],[126.59796,36.465073],[126.556778,36.45583],[126.537537,36.433221],[126.516895,36.428187],[126.498779,36.420106],[126.513764,36.397691],[126.500743,36.397691],[126.500743,36.390937],[126.5088,36.385199],[126.5206,36.373603],[126.527436,36.369778],[126.560395,36.369615],[126.576182,36.366278],[126.582612,36.353013],[126.573334,36.342597],[126.528819,36.333889],[126.513764,36.322659],[126.529063,36.316107],[126.571544,36.305609],[126.582612,36.294664],[126.567963,36.286811],[126.555919,36.266262],[126.552645984144,36.258992805755],[126.627131208303,36.258992805755],[126.736059479554,36.258992805755],[126.736059479554,36.474820143885],[126.616989567809,36.474820143885],[126.486111646062,36.474820143885]]],"type":"Polygon"},"id":165,"properties":{"parentKey":"KOR:1159313525","sourceCountryId":"KOR","syntheticOperational":true,"territoryId":"territory:catalog:72ae05e427e33b311804967701854a301fa88548fca82f7ae2fef595675fd157"},"type":"Feature"},{"geometry":{"coordinates":[[[128.27899924185,37.769784172662],[128.299319727891,37.769784172662],[128.41546626232,37.769784172662],[128.41546626232,37.877697841727],[128.27899924185,37.877697841727],[128.27899924185,37.769784172662]]],"type":"Polygon"},"id":166,"properties":{"parentKey":"KOR:1159312111","sourceCountryId":"KOR","syntheticOperational":true,"territoryId":"territory:catalog:943bcb04f4141e5700a031f6ca3c4dc980d3c6a1cf0ce3fc5dcf52e929076ff7"},"type":"Feature"},{"geometry":{"coordinates":[[[127.478005865103,35.324727221345],[127.496435,35.333115],[127.560411,35.314227],[127.617461,35.276633],[127.638442,35.294151],[127.639889,35.318826],[127.646504,35.345595],[127.688258,35.386367],[127.690293353564,35.395683453237],[127.588235294118,35.395683453237],[127.478005865103,35.395683453237],[127.478005865103,35.324727221345]]],"type":"Polygon"},"id":167,"properties":{"parentKey":"KOR:1159313521","sourceCountryId":"KOR","syntheticOperational":true,"territoryId":"territory:catalog:95ab7f228152a3618b0a14c1326331ad6e7b3a7be108a666b91a6edc64aa8e2a"},"type":"Feature"},{"geometry":{"coordinates":[[[127.163498098859,37.985611510791],[127.187263078089,37.985611510791],[127.300380228137,37.985611510791],[127.300380228137,38.081037624664],[127.296757,38.083619],[127.2964860007,38.093525179856],[127.189809972484,38.093525179856],[127.189787,38.089872],[127.176765,38.0738],[127.163498098859,38.078751901314],[127.163498098859,37.985611510791]]],"type":"Polygon"},"id":168,"properties":{"parentKey":"KOR:1159312027","sourceCountryId":"KOR","syntheticOperational":true,"territoryId":"territory:catalog:391d8d0b9d97e3442a13e03f417d4c0f3dc5cbf89a92d9c5fa1bab2a32feda05"},"type":"Feature"},{"geometry":{"coordinates":[[[129.295774647887,36.043165467626],[129.380972303922,36.043165467626],[129.381783,36.055175],[129.398448,36.066311],[129.408295,36.068915],[129.418712,36.072984],[129.426768,36.081773],[129.430512,36.097398],[129.425141,36.103013],[129.417084,36.107571],[129.409679,36.133612],[129.403901,36.167629],[129.398529,36.172675],[129.391856,36.176337],[129.385753,36.185452],[129.382335,36.20185],[129.384336078652,36.258992805755],[129.295774647887,36.258992805755],[129.295774647887,36.043165467626]]],"type":"Polygon"},"id":169,"properties":{"parentKey":"KOR:1159313537","sourceCountryId":"KOR","syntheticOperational":true,"territoryId":"territory:catalog:c396323bf1a33b5a89b5538b206732aa80a115e9e31cb63a61c439dee9ea8a42"},"type":"Feature"},{"geometry":{"coordinates":[[[128.646671543526,35.144113338505],[128.651703,35.140774],[128.664073,35.126125],[128.679942,35.115953],[128.680512,35.131415],[128.687755,35.140611],[128.6963,35.1435],[128.70045,35.139879],[128.70045,35.096137],[128.715831,35.105862],[128.727794,35.104722],[128.738689,35.087988],[128.761971,35.079392],[128.771988,35.083313],[128.781077,35.111062],[128.787773,35.101319],[128.791555,35.082953],[128.857402,35.083823],[128.882186,35.081485],[128.889252,35.105455],[128.897926,35.121305],[128.904586,35.12051],[128.903635,35.10139],[128.904593,35.081099],[128.910021945867,35.08140643217],[128.910021945867,35.179856115108],[128.797653958944,35.179856115108],[128.646671543526,35.179856115108],[128.646671543526,35.144113338505]]],"type":"Polygon"},"id":170,"properties":{"parentKey":"KOR:1159313519","sourceCountryId":"KOR","syntheticOperational":true,"territoryId":"territory:catalog:550349a72001afbc5a85763c7cb78a694fbe1b79fc334e330d5f09c492a885f7"},"type":"Feature"},{"geometry":{"coordinates":[[[126.660516,37.913811],[126.663431473749,37.877697841727],[126.777862016679,37.877697841727],[126.777862016679,37.985611510791],[126.767387390861,37.985611510791],[126.761906,37.979001],[126.722115,37.953938],[126.696328,37.946186],[126.677828,37.944584],[126.665787,37.937634],[126.660516,37.913811]]],"type":"Polygon"},"id":171,"properties":{"parentKey":"KOR:1159312027","sourceCountryId":"KOR","syntheticOperational":true,"territoryId":"territory:catalog:0c18f1d0a148b2d54c447cd014e5c6f0667a41c73df9bc2a913760381a73b24f"},"type":"Feature"},{"geometry":{"coordinates":[[[128.381374722838,35.827338129496],[128.482541505688,35.827338129496],[128.481285,35.827736],[128.47529,35.84621],[128.489139,35.861894],[128.504126,35.861972],[128.520249,35.864116],[128.524486,35.873573],[128.526346,35.883546],[128.517561,35.886182],[128.508053,35.887448],[128.518802,35.907111],[128.535958,35.922407],[128.529654,35.967986],[128.576679,35.999612],[128.640345,36.006536],[128.647450110865,36.006911482635],[128.647450110865,36.043165467626],[128.495181616012,36.043165467626],[128.381374722838,36.043165467626],[128.381374722838,35.827338129496]]],"type":"Polygon"},"id":172,"properties":{"parentKey":"KOR:1159313537","sourceCountryId":"KOR","syntheticOperational":true,"territoryId":"territory:catalog:ea66cf12c26d259eb64491f5b6842cbd415d4374b97fd8ae582d8d5229f21d8e"},"type":"Feature"},{"geometry":{"coordinates":[[[126.296851574213,36.906474820144],[126.312511242427,36.906474820144],[126.311046,36.909573],[126.306651,36.931464],[126.305919,36.95307],[126.30893,36.966864],[126.296851574213,36.96388681724],[126.296851574213,36.906474820144]]],"type":"Polygon"},"id":173,"properties":{"parentKey":"KOR:1159313525","sourceCountryId":"KOR","syntheticOperational":true,"territoryId":"territory:catalog:7e9ed79a188e3d0bd77f95632c0d5a116ee7f4c4ef58f1913f5cdf2e667e2f83"},"type":"Feature"},{"geometry":{"coordinates":[[[128.332049,34.825702],[128.334192,34.819132],[128.340974,34.818844],[128.352395,34.821804],[128.370416,34.816686],[128.380089,34.810404],[128.378272,34.80279],[128.368702,34.796537],[128.373305,34.793491],[128.386206,34.791917],[128.388957,34.785363],[128.38699,34.778804],[128.395363,34.77854],[128.399281,34.770716],[128.406534,34.763098],[128.423083,34.763253],[128.433294,34.773784],[128.437332,34.779809],[128.429101,34.785397],[128.420886,34.78672],[128.420597,34.789236],[128.424572,34.79122],[128.434636,34.787882],[128.438976,34.793903],[128.435334,34.798709],[128.440635,34.806735],[128.437997,34.819572],[128.428226,34.827448],[128.410764,34.826522],[128.395366,34.823348],[128.38583,34.820125],[128.379013,34.82287],[128.367247,34.830274],[128.351831,34.835422],[128.340093,34.832973],[128.332049,34.825702]]],"type":"Polygon"},"id":174,"properties":{"parentKey":"KOR:1159313519","sourceCountryId":"KOR","syntheticOperational":true,"territoryId":"territory:catalog:04b1509d035c0e6101c25a9d6a4fd8ab0a4a831106db49d627e1b79101b76538"},"type":"Feature"},{"geometry":{"coordinates":[[[126.595018,37.472273],[126.598291,37.457928],[126.596791003917,37.446043165468],[126.691785983421,37.446043165468],[126.691785983421,37.551774336922],[126.64933,37.550579],[126.603792,37.549297],[126.598905,37.525107],[126.601106,37.506802],[126.606451,37.496812],[126.627025,37.498595],[126.630675,37.507301],[126.644163,37.504385],[126.642022,37.496062],[126.633444,37.492571],[126.604761,37.485697],[126.595018,37.472273]]],"type":"Polygon"},"id":175,"properties":{"parentKey":"KOR:1159312029","sourceCountryId":"KOR","syntheticOperational":true,"territoryId":"territory:catalog:a2bf3bd2196ef7efb5b38840237e06351bc62961b4fd32dfe038ca08598b2fb9"},"type":"Feature"},{"geometry":{"coordinates":[[[127.437262357414,38.093525179856],[127.574144486692,38.093525179856],[127.574144486692,38.201438848921],[127.551487414188,38.201438848921],[127.437262357414,38.201438848921],[127.437262357414,38.093525179856]]],"type":"Polygon"},"id":176,"properties":{"parentKey":"KOR:1159312111","sourceCountryId":"KOR","syntheticOperational":true,"territoryId":"territory:catalog:c5dbb892886e9c738b614f6dc5f97073c6df942f6262e168b129e222aaa8df51"},"type":"Feature"},{"geometry":{"coordinates":[[[126.947368421053,37.122302158273],[127.106446776612,37.122302158273],[127.218045112782,37.122302158273],[127.218045112782,37.338129496403],[127.098718914846,37.338129496403],[126.963074604371,37.338129496403],[126.947368421053,37.338129496403],[126.947368421053,37.122302158273]]],"type":"Polygon"},"id":177,"properties":{"parentKey":"KOR:1159312027","sourceCountryId":"KOR","syntheticOperational":true,"territoryId":"territory:catalog:ca4b551c8586e7936111897d63f32e987a1a32e29ccdc2dfb03ca32e7a5ae7f5"},"type":"Feature"},{"geometry":{"coordinates":[[[127.463052,36.232052],[127.465739,36.203604],[127.497985,36.209005],[127.527648,36.201227],[127.558344,36.186034],[127.568679,36.156295],[127.567335,36.121723],[127.575914,36.087436],[127.596274,36.058109],[127.608153799983,36.043165467626],[127.694588584136,36.043165467626],[127.694588584136,36.258992805755],[127.539033457249,36.258992805755],[127.464764120509,36.258992805755],[127.463052,36.232052]]],"type":"Polygon"},"id":178,"properties":{"parentKey":"KOR:1159312109","sourceCountryId":"KOR","syntheticOperational":true,"territoryId":"territory:catalog:293526e6491a3d394a5ec29d9cea7956eefb97e7358b8af563135d9e436051f0"},"type":"Feature"},{"geometry":{"coordinates":[[[127.468498386023,37.985611510791],[127.478658,37.963755],[127.504497,37.948847],[127.528165,37.950087],[127.550282,37.949208],[127.564235,37.91965],[127.582735,37.912906],[127.5966641395,37.910664290313],[127.5966641395,37.985611510791],[127.574144486692,37.985611510791],[127.468498386023,37.985611510791]]],"type":"Polygon"},"id":179,"properties":{"parentKey":"KOR:1159312111","sourceCountryId":"KOR","syntheticOperational":true,"territoryId":"territory:catalog:f2aa8d4e918dff4e3594c17965ebd0ee013ae86c1cf5a74ae5919b9abea6ffc0"},"type":"Feature"},{"geometry":{"coordinates":[[[126.36715,36.629065],[126.386391,36.618888],[126.405728,36.618196],[126.424238,36.606581],[126.43329,36.615727],[126.443907,36.638081],[126.439513,36.664265],[126.44688,36.683762],[126.44637495639,36.690647482014],[126.374274307791,36.690647482014],[126.371969,36.683078],[126.36715,36.629065]]],"type":"Polygon"},"id":180,"properties":{"parentKey":"KOR:1159313525","sourceCountryId":"KOR","syntheticOperational":true,"territoryId":"territory:catalog:f59423a0857880c7857721319d0e577f1b35dced2a9104af8f38464203e42784"},"type":"Feature"},{"geometry":{"coordinates":[[[126.064138,34.842597],[126.071056,34.83218],[126.079438,34.822659],[126.094412,34.808661],[126.094005,34.804674],[126.096202,34.798774],[126.105235,34.798163],[126.115896,34.803127],[126.119151,34.812649],[126.118907,34.823798],[126.125173,34.829657],[126.13502,34.829291],[126.1421,34.832913],[126.144542,34.842353],[126.139659,34.857896],[126.153087,34.864976],[126.152029,34.871161],[126.147227,34.876858],[126.142263,34.879136],[126.135916,34.878607],[126.122813,34.878811],[126.113292,34.871161],[126.115245,34.859442],[126.112559,34.85342],[126.103282,34.853176],[126.093761,34.857611],[126.081798,34.856594],[126.067149,34.850531],[126.064138,34.842597]]],"type":"Polygon"},"id":181,"properties":{"parentKey":"KOR:1159313529","sourceCountryId":"KOR","syntheticOperational":true,"territoryId":"territory:catalog:2fb41515ac931960022a3f57b33460699b0c4a4eab92a6d1f24d3cf82eb0fd8e"},"type":"Feature"},{"geometry":{"coordinates":[[[127.098718914846,37.441829485369],[127.11868,37.445518],[127.119792332019,37.446043165468],[127.098718914846,37.446043165468],[127.098718914846,37.441829485369]]],"type":"Polygon"},"id":182,"properties":{"parentKey":"KOR:1159312115","sourceCountryId":"KOR","syntheticOperational":true,"territoryId":"territory:catalog:28f092d49517daa2dbef1e089adcd79effed3bd157c487c6057ba7692740423b"},"type":"Feature"},{"geometry":{"coordinates":[[[126.802721088435,37.56697818096],[126.808725,37.577216],[126.836734,37.575795],[126.868773,37.560292],[126.892544,37.5667],[126.913732,37.576931],[126.915385,37.59414],[126.921173,37.610004],[126.938775510204,37.611342583487],[126.938775510204,37.661870503597],[126.802721088435,37.661870503597],[126.802721088435,37.56697818096]]],"type":"Polygon"},"id":183,"properties":{"parentKey":"KOR:1159312027","sourceCountryId":"KOR","syntheticOperational":true,"territoryId":"territory:catalog:abab7298e34f0ebe824208021058daa0fc178a0b05dbcdf2c44f73aab8aa880f"},"type":"Feature"},{"geometry":{"coordinates":[[[127.963386727689,38.201438848921],[127.984790874525,38.201438848921],[128.100686498856,38.201438848921],[128.100686498856,38.309352517986],[128.057979057808,38.309352517986],[128.039864,38.304278],[127.971754,38.300041],[127.963386727689,38.300424256375],[127.963386727689,38.201438848921]]],"type":"Polygon"},"id":184,"properties":{"parentKey":"KOR:1159312111","sourceCountryId":"KOR","syntheticOperational":true,"territoryId":"territory:catalog:309734c8f646b1c037f7e5ac9bf0c8269d05ae905631d20fad1c4910b041e9ce"},"type":"Feature"},{"geometry":{"coordinates":[[[126.159523300189,36.690647482014],[126.16269,36.683539],[126.165619,36.6789],[126.177745,36.673245],[126.187999,36.673814],[126.198253,36.677069],[126.209727,36.6789],[126.229259,36.684719],[126.23509741571,36.690647482014],[126.188340807175,36.690647482014],[126.159523300189,36.690647482014]]],"type":"Polygon"},"id":185,"properties":{"parentKey":"KOR:1159313525","sourceCountryId":"KOR","syntheticOperational":true,"territoryId":"territory:catalog:d1187eefca6ee87ac6ddf5cfe0ca82422f94dcf2beac5b70ea0109af5372acfa"},"type":"Feature"},{"geometry":{"coordinates":[[[128.241166860208,38.41726618705],[128.355011476664,38.41726618705],[128.355011476664,38.525179856115],[128.284108619393,38.525179856115],[128.28543,38.519846],[128.281089,38.48437],[128.268067,38.45352],[128.24874,38.425769],[128.241166860208,38.41726618705]]],"type":"Polygon"},"id":186,"properties":{"parentKey":"KOR:1159312111","sourceCountryId":"KOR","syntheticOperational":true,"territoryId":"territory:catalog:801bec40aff028bdbf815659bcccf023d2e94857fd586b3458d3f17859b5e26a"},"type":"Feature"},{"geometry":{"coordinates":[[[127.350294,36.471418],[127.353808,36.464157],[127.36094,36.457852],[127.369621,36.454468],[127.375409,36.443254],[127.371585,36.425736],[127.401764,36.418811],[127.43401,36.424573],[127.445689,36.438241],[127.459642,36.435451],[127.457885,36.424056],[127.470184,36.418966],[127.471941,36.401112],[127.482276,36.374498],[127.495402,36.388761],[127.512248,36.398657],[127.526097,36.393619],[127.538913,36.390182],[127.535089,36.372845],[127.518656,36.362845],[127.508527,36.347963],[127.499432,36.331219],[127.476798,36.298353],[127.464809,36.259699],[127.464764120509,36.258992805755],[127.539033457249,36.258992805755],[127.539033457249,36.474820143885],[127.4217585693,36.474820143885],[127.351305568409,36.474820143885],[127.350294,36.471418]]],"type":"Polygon"},"id":187,"properties":{"parentKey":"KOR:1159312109","sourceCountryId":"KOR","syntheticOperational":true,"territoryId":"territory:catalog:8b8bc4c8a8c2b8cffcd7007a4267de0619478fd92e90aca13cbfd23d84273429"},"type":"Feature"},{"geometry":{"coordinates":[[[126.370128,37.631049],[126.390636,37.60928],[126.394557823129,37.60782560622],[126.394557823129,37.636122067751],[126.370128,37.631049]]],"type":"Polygon"},"id":188,"properties":{"parentKey":"KOR:1159312027","sourceCountryId":"KOR","syntheticOperational":true,"territoryId":"territory:catalog:ec262010f0d6e3683cdc5dbd61badf224119ea201a8c0e089ff1c57de40092fe"},"type":"Feature"},{"geometry":{"coordinates":[[[127.059769,36.45563],[127.150823,36.441239],[127.21899,36.456242],[127.264785,36.466322],[127.271375464684,36.467772588251],[127.271375464684,36.474820143885],[127.153502235469,36.474820143885],[127.068098007809,36.474820143885],[127.059769,36.45563]]],"type":"Polygon"},"id":189,"properties":{"parentKey":"KOR:1159316481","sourceCountryId":"KOR","syntheticOperational":true,"territoryId":"territory:catalog:2a7d0229c95b4c1d9a0ecc712d942db188b55b8c136bd7d5d9e84649093caad9"},"type":"Feature"},{"geometry":{"coordinates":[[[128.76304023845,36.474820143885],[128.877323420074,36.474820143885],[129.03129657228,36.474820143885],[129.03129657228,36.690647482014],[128.878923766816,36.690647482014],[128.76304023845,36.690647482014],[128.76304023845,36.474820143885]]],"type":"Polygon"},"id":190,"properties":{"parentKey":"KOR:1159313537","sourceCountryId":"KOR","syntheticOperational":true,"territoryId":"territory:catalog:6132f8295ab9d927788cfad5427a7eaf95ffa146cd2aab7d01144b15d55746e7"},"type":"Feature"},{"geometry":{"coordinates":[[[128.95036,35.072913],[128.958447,35.050387],[128.965125,35.043649],[128.974864,35.048651],[128.985112,35.054284],[128.989405,35.052694],[128.99277,35.045963],[129.000402,35.04595],[128.998015,35.066281],[128.997026,35.075728],[129.008957,35.065134],[129.013754,35.055307],[129.021862,35.059983],[129.02569,35.079502],[129.037627,35.097834],[129.06384,35.120847],[129.071998,35.112617],[129.082966,35.105185],[129.101078,35.092276],[129.12347,35.100845],[129.128601,35.114148],[129.127281,35.125825],[129.119297,35.135567],[129.120257,35.149617],[129.132205,35.150766],[129.143077,35.154771],[129.153412,35.154283],[129.16748,35.156168],[129.173372348208,35.155955863077],[129.173372348208,35.179856115108],[129.061583577713,35.179856115108],[129.000672882227,35.179856115108],[129.000529,35.179042],[128.986267,35.161265],[128.971074,35.145814],[128.962778,35.133386],[128.961341,35.118955],[128.953704,35.093202],[128.95036,35.072913]]],"type":"Polygon"},"id":191,"properties":{"parentKey":"KOR:1159313531","sourceCountryId":"KOR","syntheticOperational":true,"territoryId":"territory:catalog:aaa80947f383e5d28c8167a169006a40ad9548528503eaf27c856633ecd8b1d2"},"type":"Feature"},{"geometry":{"coordinates":[[[127.50565184627,37.338129496403],[127.641296156745,37.338129496403],[127.641296156745,37.446043165468],[127.50565184627,37.446043165468],[127.50565184627,37.338129496403]]],"type":"Polygon"},"id":192,"properties":{"parentKey":"KOR:1159312027","sourceCountryId":"KOR","syntheticOperational":true,"territoryId":"territory:catalog:48728c30f762a46a1f4c8da4ca5e0f55ac88e89653aef7fbce8119279c124185"},"type":"Feature"},{"geometry":{"coordinates":[[[127.32373009856,37.769784172662],[127.34693877551,37.769784172662],[127.46019711903,37.769784172662],[127.46019711903,37.877697841727],[127.32373009856,37.877697841727],[127.32373009856,37.769784172662]]],"type":"Polygon"},"id":193,"properties":{"parentKey":"KOR:1159312027","sourceCountryId":"KOR","syntheticOperational":true,"territoryId":"territory:catalog:ebfd3e3c6b787fdcff803305c6850202c1fe2039938471d12331d0f05ec68653"},"type":"Feature"},{"geometry":{"coordinates":[[[128.300751879699,37.148926611318],[128.310339,37.154373],[128.321915,37.175431],[128.303931,37.179746],[128.300751879699,37.180146266799],[128.300751879699,37.148926611318]]],"type":"Polygon"},"id":194,"properties":{"parentKey":"KOR:1159312109","sourceCountryId":"KOR","syntheticOperational":true,"territoryId":"territory:catalog:a88f913dd59698262f66302018fefeaec9cca4ed6e6d7cfd77939423a250476f"},"type":"Feature"},{"geometry":{"coordinates":[[[126.666666666667,37.707238364393],[126.667328,37.708808],[126.668793,37.727729],[126.66684,37.746161],[126.666666666667,37.746573033306],[126.666666666667,37.707238364393]]],"type":"Polygon"},"id":195,"properties":{"parentKey":"KOR:1159312027","sourceCountryId":"KOR","syntheticOperational":true,"territoryId":"territory:catalog:6331a7d5cc9014c8517decfd252fb953fbf3f4ab5ce64f5ed54c343b7e627721"},"type":"Feature"},{"geometry":{"coordinates":[[[126.678803,37.686265],[126.721448034717,37.661870503597],[126.802721088435,37.661870503597],[126.802721088435,37.769784172662],[126.777862016679,37.769784172662],[126.689175606413,37.769784172662],[126.6963,37.757961],[126.700531,37.742987],[126.695567,37.721747],[126.678803,37.686265]]],"type":"Polygon"},"id":196,"properties":{"parentKey":"KOR:1159312027","sourceCountryId":"KOR","syntheticOperational":true,"territoryId":"territory:catalog:82e9f75b977999beedfafe059060c11b6ad7d49075e9bee1ba459b316ddeb80a"},"type":"Feature"},{"geometry":{"coordinates":[[[126.757579,34.336127],[126.758962,34.33275],[126.781098,34.324652],[126.784923,34.322577],[126.788748,34.32095],[126.79835,34.320868],[126.810313,34.324368],[126.820567,34.325629],[126.828298,34.322903],[126.833669,34.31684],[126.833746589147,34.31654676259],[126.859623733719,34.31654676259],[126.881535709916,34.31654676259],[126.883067,34.317939],[126.884044,34.324897],[126.88559,34.328315],[126.891368,34.33393],[126.893321,34.341254],[126.884532,34.345526],[126.870372,34.348375],[126.859223,34.349351],[126.854991,34.3487],[126.850759,34.348456],[126.843516,34.350043],[126.837657,34.353746],[126.827485,34.35163],[126.813975,34.342515],[126.802908,34.33869],[126.793793,34.342231],[126.785899,34.343248],[126.782237,34.341783],[126.777843,34.339667],[126.767833,34.337226],[126.757579,34.336127]]],"type":"Polygon"},"id":197,"properties":{"parentKey":"KOR:1159313529","sourceCountryId":"KOR","syntheticOperational":true,"territoryId":"territory:catalog:758d87d9df1d6a1142aea6893dd3d1013255ac230c114e380ee510b985d30481"},"type":"Feature"},{"geometry":{"coordinates":[[[128.995502248876,36.906474820144],[129.108213504782,36.906474820144],[129.098095,36.918729],[129.09365,36.95113],[129.100885,36.975935],[129.117938,36.98627],[129.136645,36.991877],[129.165791,36.982652],[129.189458,36.996812],[129.179743,37.01986],[129.148531,37.034897],[129.114321,37.041279],[129.087139,37.029807],[129.060991,37.02451],[129.024094,37.03805],[128.995502248876,37.041897415695],[128.995502248876,36.906474820144]]],"type":"Polygon"},"id":198,"properties":{"parentKey":"KOR:1159313537","sourceCountryId":"KOR","syntheticOperational":true,"territoryId":"territory:catalog:8493a7dc7be16cc24c1d14f718e10af890e7fe13c7c6a3e0325438b1eecc7db1"},"type":"Feature"},{"geometry":{"coordinates":[[[129.064918,35.644646],[129.070396,35.630642],[129.080008,35.617723],[129.076019001586,35.611510791367],[129.176470588235,35.611510791367],[129.29203539823,35.611510791367],[129.29203539823,35.613572371588],[129.28599,35.612684],[129.269247,35.616224],[129.256845,35.623485],[129.254364,35.636817],[129.253847,35.651752],[129.244649,35.664051],[129.209406,35.676401],[129.175506,35.682189],[129.140883,35.677926],[129.098611,35.665911],[129.064918,35.644646]]],"type":"Polygon"},"id":199,"properties":{"parentKey":"KOR:1159313533","sourceCountryId":"KOR","syntheticOperational":true,"territoryId":"territory:catalog:ccec3c6f71b1bd9d9ddc68ea11be64fcf524c1e8ac89c7404fd40485035c551e"},"type":"Feature"},{"geometry":{"coordinates":[[[126.422287390029,35.385155628206],[126.423106,35.383368],[126.436899753971,35.370561935564],[126.4369,35.370562],[126.437068,35.370606],[126.457739,35.376032],[126.543955491369,35.395683453237],[126.529411764706,35.395683453237],[126.422287390029,35.395683453237],[126.422287390029,35.385155628206]]],"type":"Polygon"},"id":200,"properties":{"parentKey":"KOR:1159313521","sourceCountryId":"KOR","syntheticOperational":true,"territoryId":"territory:catalog:985cf0dcad9be6206cb421b17df708498684c247585f4e5d9fd1a2b4a1959ee4"},"type":"Feature"},{"geometry":{"coordinates":[[[126.676691729323,37.159754402821],[126.677745,37.159491],[126.706879,37.164862],[126.692149,37.148261],[126.686046,37.139309],[126.685639,37.130113],[126.692149,37.124986],[126.702891,37.124701],[126.714447,37.127997],[126.723643,37.133857],[126.759288,37.1647],[126.778575,37.175686],[126.802338,37.18537],[126.802257,37.173163],[126.807384,37.165269],[126.816905,37.160793],[126.829845,37.158677],[126.850597,37.173041],[126.864513,37.179104],[126.870697,37.175482],[126.869151,37.156968],[126.863536,37.150295],[126.836518,37.144436],[126.81121,37.144121],[126.794182,37.13892],[126.778268,37.132804],[126.768687652242,37.122302158273],[126.836581709145,37.122302158273],[126.947368421053,37.122302158273],[126.947368421053,37.338129496403],[126.827430293896,37.338129496403],[126.691785983421,37.338129496403],[126.68866596316,37.338129496403],[126.689793,37.332486],[126.73331,37.30617],[126.764643,37.298267],[126.783573,37.295268],[126.79556,37.294725],[126.807603,37.297766],[126.822544,37.295607],[126.828891,37.287984],[126.842784,37.288398],[126.852143,37.2862],[126.859874,37.282131],[126.865977,37.276068],[126.870697,37.26789],[126.848643,37.265326],[126.833018,37.272854],[126.819184,37.2744],[126.802338,37.254299],[126.797374,37.232856],[126.792491,37.223456],[126.781993,37.22016],[126.772472,37.223944],[126.767589,37.232327],[126.766368,37.24315],[126.767589,37.254299],[126.752208,37.248277],[126.739106,37.251654],[126.725841,37.258205],[126.709972,37.261705],[126.690522,37.257717],[126.679454,37.257229],[126.676691729323,37.258917138114],[126.676691729323,37.223041740442],[126.680186,37.217678],[126.689057,37.213324],[126.715831,37.216295],[126.719005,37.212877],[126.706879,37.199652],[126.696788,37.195136],[126.682872,37.191352],[126.676691729323,37.188446913317],[126.676691729323,37.159754402821]]],"type":"Polygon"},"id":201,"properties":{"parentKey":"KOR:1159312027","sourceCountryId":"KOR","syntheticOperational":true,"territoryId":"territory:catalog:d8679c22efbd162eaca90d2a486f3e1432125b57789d00b2fbe98dab3c8f75fd"},"type":"Feature"},{"geometry":{"coordinates":[[[125.89088,34.749823],[125.891090213761,34.748201438849],[125.908096280087,34.748201438849],[125.908096280087,34.774386702624],[125.901866,34.771064],[125.893891,34.762274],[125.89088,34.749823]]],"type":"Polygon"},"id":202,"properties":{"parentKey":"KOR:1159313529","sourceCountryId":"KOR","syntheticOperational":true,"territoryId":"territory:catalog:021395d89264b5af2a668cbe61edb6d4fe2f3ac4b06339c69da66bb078ace855"},"type":"Feature"},{"geometry":{"coordinates":[[[129.026548672566,35.611510791367],[129.076019001586,35.611510791367],[129.080008,35.617723],[129.070396,35.630642],[129.064918,35.644646],[129.098611,35.665911],[129.140883,35.677926],[129.175506,35.682189],[129.209406,35.676401],[129.244649,35.664051],[129.253847,35.651752],[129.254364,35.636817],[129.256845,35.623485],[129.269247,35.616224],[129.28599,35.612684],[129.29203539823,35.613572371588],[129.29203539823,35.827338129496],[129.179600886918,35.827338129496],[129.026548672566,35.827338129496],[129.026548672566,35.611510791367]]],"type":"Polygon"},"id":203,"properties":{"parentKey":"KOR:1159313537","sourceCountryId":"KOR","syntheticOperational":true,"territoryId":"territory:catalog:706b49802744f9fb7feb9a30a7701da1174ca0cc1a80251ac5bcff9062335b83"},"type":"Feature"},{"geometry":{"coordinates":[[[126.794117647059,35.395683453237],[126.950146627566,35.395683453237],[126.968247051428,35.395683453237],[126.933162,35.434478],[126.90257,35.454916],[126.885103,35.460962],[126.866913,35.462022],[126.850273,35.445899],[126.816373,35.448612],[126.794117647059,35.432309072228],[126.794117647059,35.395683453237]]],"type":"Polygon"},"id":204,"properties":{"parentKey":"KOR:1159313529","sourceCountryId":"KOR","syntheticOperational":true,"territoryId":"territory:catalog:011622a6facac31247b08d688a83f15ba8e964f6243ae8b65a93b9b66f6f1219"},"type":"Feature"},{"geometry":{"coordinates":[[[128.571428571429,37.122302158273],[128.725637181409,37.122302158273],[128.842105263158,37.122302158273],[128.842105263158,37.338129496403],[128.726450640543,37.338129496403],[128.571428571429,37.338129496403],[128.571428571429,37.122302158273]]],"type":"Polygon"},"id":205,"properties":{"parentKey":"KOR:1159312111","sourceCountryId":"KOR","syntheticOperational":true,"territoryId":"territory:catalog:8c0c6f855f6ee0109459bda67dd89767296781e4dd8c933dfbb9c94f4223343a"},"type":"Feature"},{"geometry":{"coordinates":[[[128.382352941176,35.395683453237],[128.533724340176,35.395683453237],[128.647058823529,35.395683453237],[128.647058823529,35.546752799262],[128.61492,35.5438],[128.583604,35.559949],[128.558386,35.585012],[128.554423617655,35.611510791367],[128.514765870509,35.611510791367],[128.502369,35.59713],[128.47498,35.601652],[128.421443,35.579276],[128.393021,35.583926],[128.382352941176,35.590443126334],[128.382352941176,35.395683453237]]],"type":"Polygon"},"id":206,"properties":{"parentKey":"KOR:1159313519","sourceCountryId":"KOR","syntheticOperational":true,"territoryId":"territory:catalog:bcc50fd65cef47f139ca310f08046418855e1c9f5ccf4524bd63d3a421743851"},"type":"Feature"},{"geometry":{"coordinates":[[[126.724137931034,33.453237410072],[126.876790830946,33.453237410072],[126.934300410072,33.453237410072],[126.939301,33.458238],[126.948985,33.460598],[126.953624,33.465033],[126.946056,33.478013],[126.94337,33.473822],[126.937022,33.469468],[126.932384,33.464911],[126.922699,33.47663],[126.912852,33.506578],[126.898204,33.518988],[126.849946,33.53498],[126.835216,33.544582],[126.823366,33.55944],[126.79236,33.563797],[126.745505,33.560556],[126.724137931034,33.557679312953],[126.724137931034,33.453237410072]]],"type":"Polygon"},"id":207,"properties":{"parentKey":"KOR:1159313515","sourceCountryId":"KOR","syntheticOperational":true,"territoryId":"territory:catalog:a9880695a85718bdf52eafcf0bc8cf122ea83907fa401696028e8bb799ad023e"},"type":"Feature"},{"geometry":{"coordinates":[[[128.482541505688,35.827338129496],[128.495575221239,35.823211024443],[128.495575221239,35.827338129496],[128.482541505688,35.827338129496]]],"type":"Polygon"},"id":208,"properties":{"parentKey":"KOR:1159313523","sourceCountryId":"KOR","syntheticOperational":true,"territoryId":"territory:catalog:d4bc16366846b2c5a7ec01c495be70d163e08cfecab59d0badcd00a3e31b19bc"},"type":"Feature"},{"geometry":{"coordinates":[[[127.414187643021,38.201438848921],[127.437262357414,38.201438848921],[127.551487414188,38.201438848921],[127.551487414188,38.309352517986],[127.549375221564,38.309352517986],[127.502067,38.298077],[127.47194,38.295906],[127.41554241669,38.309352517986],[127.414187643021,38.309352517986],[127.414187643021,38.201438848921]]],"type":"Polygon"},"id":209,"properties":{"parentKey":"KOR:1159312111","sourceCountryId":"KOR","syntheticOperational":true,"territoryId":"territory:catalog:cfcd2e3c16b5b08f38aae34a4561f88bbdca451e7be6f52cb21dbd8d46ad34e5"},"type":"Feature"},{"geometry":{"coordinates":[[[129.417040358744,36.690647482014],[129.462298957758,36.690647482014],[129.463471,36.69245],[129.473888,36.730618],[129.471202,36.771877],[129.437999,36.856147],[129.428722,36.897406],[129.427829895059,36.906474820144],[129.417040358744,36.906474820144],[129.417040358744,36.690647482014]]],"type":"Polygon"},"id":210,"properties":{"parentKey":"KOR:1159312111","sourceCountryId":"KOR","syntheticOperational":true,"territoryId":"territory:catalog:ef6a552887d2ebcd0e3c3fcb288ed41b9256bd16afd8ffd480286eb6c8ced3e7"},"type":"Feature"},{"geometry":{"coordinates":[[[126.281016,36.936469],[126.283519070015,36.906474820144],[126.296851574213,36.906474820144],[126.296851574213,36.96388681724],[126.285655,36.961127],[126.281016,36.936469]]],"type":"Polygon"},"id":211,"properties":{"parentKey":"KOR:1159313525","sourceCountryId":"KOR","syntheticOperational":true,"territoryId":"territory:catalog:6e1e7e407e37a59c0f50af2c04702345d359b22fcb8fea77f81bad1c98b3620c"},"type":"Feature"},{"geometry":{"coordinates":[[[127.370007535795,37.338129496403],[127.488721804511,37.338129496403],[127.50565184627,37.338129496403],[127.50565184627,37.446043165468],[127.370007535795,37.446043165468],[127.370007535795,37.338129496403]]],"type":"Polygon"},"id":212,"properties":{"parentKey":"KOR:1159312027","sourceCountryId":"KOR","syntheticOperational":true,"territoryId":"territory:catalog:5818d7f0e47e9b4be46822a819517fc3c0dc9dd54786bde5d9a5df2ebaf1228f"},"type":"Feature"},{"geometry":{"coordinates":[[[128.495575221239,35.823211024443],[128.496788,35.822827],[128.51136,35.811199],[128.523246,35.792544],[128.540919,35.780917],[128.553218,35.774458],[128.562417,35.768282],[128.570065,35.773579],[128.584327,35.793836],[128.59859,35.802983],[128.63094,35.800347],[128.688714,35.788126],[128.711038,35.799107],[128.714035,35.808486],[128.714139,35.814946],[128.71996669028,35.827338129496],[128.647450110865,35.827338129496],[128.495575221239,35.827338129496],[128.495575221239,35.823211024443]]],"type":"Polygon"},"id":213,"properties":{"parentKey":"KOR:1159313523","sourceCountryId":"KOR","syntheticOperational":true,"territoryId":"territory:catalog:941cf57f01d24fdbeb06d8cd4bd76555329e543f1907bda924b59b6a9f0441cb"},"type":"Feature"},{"geometry":{"coordinates":[[[127.050997782705,35.827338129496],[127.16814159292,35.827338129496],[127.317073170732,35.827338129496],[127.317073170732,36.043165467626],[127.160859896219,36.043165467626],[127.050997782705,36.043165467626],[127.050997782705,35.827338129496]]],"type":"Polygon"},"id":214,"properties":{"parentKey":"KOR:1159313521","sourceCountryId":"KOR","syntheticOperational":true,"territoryId":"territory:catalog:b1118aca298559dfb7ab7dc177002f4b24f52341213ccb856c0de132162afe39"},"type":"Feature"},{"geometry":{"coordinates":[[[126.966618287373,34.518341349346],[126.980464902307,34.529573780798],[126.983916955568,34.532374100719],[126.966618287373,34.532374100719],[126.966618287373,34.518341349346]]],"type":"Polygon"},"id":215,"properties":{"parentKey":"KOR:1159313529","sourceCountryId":"KOR","syntheticOperational":true,"territoryId":"territory:catalog:6e80bc4c1500d818a9f6facf5a1e24a1975dcdc65263b68c4d0fc6349f67ab70"},"type":"Feature"},{"geometry":{"coordinates":[[[127.058823529412,35.429364317686],[127.066281,35.429698],[127.086434,35.404635],[127.083674806394,35.395683453237],[127.214076246334,35.395683453237],[127.323529411765,35.395683453237],[127.323529411765,35.611510791367],[127.16814159292,35.611510791367],[127.058823529412,35.611510791367],[127.058823529412,35.429364317686]]],"type":"Polygon"},"id":216,"properties":{"parentKey":"KOR:1159313521","sourceCountryId":"KOR","syntheticOperational":true,"territoryId":"territory:catalog:80b04555f0f42aec1bbee0f9ea8305d0dd79017c49390262788a4db352743250"},"type":"Feature"},{"geometry":{"coordinates":[[[127.489114658926,34.416857066899],[127.49464,34.414252],[127.51059,34.41828],[127.528819,34.428046],[127.536388,34.43476],[127.536388,34.44066],[127.531912,34.450588],[127.509939,34.470038],[127.500743,34.469631],[127.49171,34.462226],[127.489114658926,34.461679406288],[127.489114658926,34.416857066899]]],"type":"Polygon"},"id":217,"properties":{"parentKey":"KOR:1159313529","sourceCountryId":"KOR","syntheticOperational":true,"territoryId":"territory:catalog:355d3d1611368577eb416ee9f83f66688b7202824c7d115ac6d674505d94f5f7"},"type":"Feature"},{"geometry":{"coordinates":[[[126.128184,36.761298],[126.130138,36.736965],[126.128917,36.7119],[126.132823,36.703843],[126.144542,36.712388],[126.150157,36.723944],[126.153087,36.748847],[126.158214,36.76081],[126.171153,36.752265],[126.187266,36.748481],[126.188340807175,36.748057324303],[126.188340807175,36.783538190965],[126.185395,36.781317],[126.178477,36.789455],[126.173106,36.797675],[126.168793,36.806383],[126.165619,36.816067],[126.161632,36.80329],[126.156586,36.794176],[126.130951,36.768052],[126.128184,36.761298]]],"type":"Polygon"},"id":218,"properties":{"parentKey":"KOR:1159313525","sourceCountryId":"KOR","syntheticOperational":true,"territoryId":"territory:catalog:dd49ce707ad200e85fca4953cef57bc3c1bd00d8d37104d6f8438697028ce886"},"type":"Feature"},{"geometry":{"coordinates":[[[126.938775510204,37.553956834532],[126.963074604371,37.553956834532],[127.074829931973,37.553956834532],[127.074829931973,37.661870503597],[127.004999530918,37.661870503597],[127.003132,37.660286],[126.989076,37.636669],[126.966028,37.613415],[126.938775510204,37.611342583487],[126.938775510204,37.553956834532]]],"type":"Polygon"},"id":219,"properties":{"parentKey":"KOR:1159312115","sourceCountryId":"KOR","syntheticOperational":true,"territoryId":"territory:catalog:661c0794e4d8cd88fc7c022289d7e9a38c80dcb4acc9856aaa34ca5dee80f751"},"type":"Feature"},{"geometry":{"coordinates":[[[128.55193328279,37.877697841727],[128.68840030326,37.877697841727],[128.68840030326,37.985611510791],[128.669201520913,37.985611510791],[128.55193328279,37.985611510791],[128.55193328279,37.877697841727]]],"type":"Polygon"},"id":220,"properties":{"parentKey":"KOR:1159312111","sourceCountryId":"KOR","syntheticOperational":true,"territoryId":"territory:catalog:736035be4591ab1ca1cf07aeaa8ee52ee585361a10ccc9a8d86e22bf68e26662"},"type":"Feature"},{"geometry":{"coordinates":[[[127.050796057619,37.877697841727],[127.187263078089,37.877697841727],[127.187263078089,37.985611510791],[127.163498098859,37.985611510791],[127.050796057619,37.985611510791],[127.050796057619,37.877697841727]]],"type":"Polygon"},"id":221,"properties":{"parentKey":"KOR:1159312027","sourceCountryId":"KOR","syntheticOperational":true,"territoryId":"territory:catalog:eaaa7022aacce738ff329f98835f0dd17ff1358617069400d7b16d62412b3eeb"},"type":"Feature"},{"geometry":{"coordinates":[[[126.640961,34.360338],[126.641938,34.347968],[126.644867,34.337104],[126.651866,34.329779],[126.663585,34.323432],[126.676606,34.320461],[126.687022,34.322699],[126.695649,34.320787],[126.697054352277,34.31654676259],[126.705370101597,34.31654676259],[126.705370101597,34.395469599012],[126.699229,34.398912],[126.687755,34.402045],[126.670177,34.40058],[126.664399,34.399482],[126.653656,34.395209],[126.645763,34.385565],[126.641775,34.372952],[126.640961,34.360338]]],"type":"Polygon"},"id":222,"properties":{"parentKey":"KOR:1159313529","sourceCountryId":"KOR","syntheticOperational":true,"territoryId":"territory:catalog:801c974527ce2463bf16480bc7b616a920dc0913dca1c289a72d083da1a57cbe"},"type":"Feature"},{"geometry":{"coordinates":[[[126.777862016679,37.769784172662],[126.802721088435,37.769784172662],[126.914329037149,37.769784172662],[126.914329037149,37.877697841727],[126.777862016679,37.877697841727],[126.777862016679,37.769784172662]]],"type":"Polygon"},"id":223,"properties":{"parentKey":"KOR:1159312027","sourceCountryId":"KOR","syntheticOperational":true,"territoryId":"territory:catalog:45cbe615a61d4b43f3982b0c8109ba079fa02d2cfe8084832afc2247d81867bf"},"type":"Feature"},{"geometry":{"coordinates":[[[126.09254,34.787584],[126.104828,34.781643],[126.121593,34.776516],[126.134613,34.76732],[126.146251,34.761868],[126.158214,34.764472],[126.164236,34.769761],[126.16212,34.783271],[126.165538,34.7897],[126.168712,34.792304],[126.16627,34.796454],[126.159028,34.804592],[126.149425,34.808092],[126.141856,34.802965],[126.127289,34.797756],[126.102387,34.794379],[126.09254,34.787584]]],"type":"Polygon"},"id":224,"properties":{"parentKey":"KOR:1159313529","sourceCountryId":"KOR","syntheticOperational":true,"territoryId":"territory:catalog:2b7d6aa5f7edaff31359d33cbe6c5bb109fb89bade96efc26065da82dfd9385a"},"type":"Feature"},{"geometry":{"coordinates":[[[127.163498098859,38.093525179856],[127.189809972484,38.093525179856],[127.189994,38.12279],[127.192578,38.13297],[127.200226,38.139326],[127.207461,38.135838],[127.209011,38.125942],[127.212732,38.116175],[127.232782,38.105426],[127.25552,38.108501],[127.270299,38.120309],[127.283528,38.133848],[127.290556,38.138138],[127.298618,38.139481],[127.300380228137,38.139147892097],[127.300380228137,38.201438848921],[127.276887871854,38.201438848921],[127.163498098859,38.201438848921],[127.163498098859,38.093525179856]]],"type":"Polygon"},"id":225,"properties":{"parentKey":"KOR:1159312111","sourceCountryId":"KOR","syntheticOperational":true,"territoryId":"territory:catalog:e209844c0c331534b437116b03f8ddea531c36a243529fb8badc4ec4086edf43"},"type":"Feature"},{"geometry":{"coordinates":[[[127.5966641395,37.877697841727],[127.625399701525,37.877697841727],[127.625833,37.881099],[127.602165,37.909779],[127.5966641395,37.910664290313],[127.5966641395,37.877697841727]]],"type":"Polygon"},"id":226,"properties":{"parentKey":"KOR:1159312027","sourceCountryId":"KOR","syntheticOperational":true,"territoryId":"territory:catalog:eae45484ce48bf3e6f72317ceedfc3830df5c5110b8a36f416e60f3ac4bf9405"},"type":"Feature"},{"geometry":{"coordinates":[[[127.583148558758,36.00160338878],[127.595344,36.010283],[127.619012,36.029507],[127.608153799983,36.043165467626],[127.583148558758,36.043165467626],[127.583148558758,36.00160338878]]],"type":"Polygon"},"id":227,"properties":{"parentKey":"KOR:1159313525","sourceCountryId":"KOR","syntheticOperational":true,"territoryId":"territory:catalog:6a11db5f16de88693258eb32216b28123c1b99a0c8527a2bdef8642bb5b44da8"},"type":"Feature"},{"geometry":{"coordinates":[[[127.074829931973,37.661870503597],[127.104132600657,37.661870503597],[127.090258,37.680801],[127.074829931973,37.681798766953],[127.074829931973,37.661870503597]]],"type":"Polygon"},"id":228,"properties":{"parentKey":"KOR:1159312115","sourceCountryId":"KOR","syntheticOperational":true,"territoryId":"territory:catalog:dbe5ae45b91e308bd9191c352141d32565f2a8fd92194e8879c7d89b04feaef4"},"type":"Feature"},{"geometry":{"coordinates":[[[126.281993,37.699286],[126.342583946443,37.661870503597],[126.373566862671,37.661870503597],[126.380707,37.669176],[126.378754,37.678697],[126.369151,37.687323],[126.3567,37.695136],[126.343028,37.704291],[126.336681,37.709906],[126.331879,37.716498],[126.33074,37.719957],[126.327647,37.738267],[126.326182,37.742499],[126.323741,37.745551],[126.319998,37.747219],[126.31422,37.74608],[126.308604,37.742336],[126.303722,37.737209],[126.300629,37.732367],[126.294932,37.713568],[126.290782,37.705634],[126.281993,37.699286]]],"type":"Polygon"},"id":229,"properties":{"parentKey":"KOR:1159312027","sourceCountryId":"KOR","syntheticOperational":true,"territoryId":"territory:catalog:b6df3658c000acccf8429d919f7007febba308381e160cb6481a544814881279"},"type":"Feature"},{"geometry":{"coordinates":[[[127.69001490313,36.474820143885],[127.806691449814,36.474820143885],[127.882309943482,36.474820143885],[127.888143,36.479402],[127.839153,36.536633],[127.799983,36.541982],[127.788717,36.564849],[127.803497,36.570378],[127.818173,36.572522],[127.832642,36.584977],[127.855173,36.60929],[127.860754,36.619496],[127.860134,36.628824],[127.862718,36.64071],[127.893827,36.657685],[127.92876,36.670992],[127.945172210273,36.690647482014],[127.80269058296,36.690647482014],[127.69001490313,36.690647482014],[127.69001490313,36.474820143885]]],"type":"Polygon"},"id":230,"properties":{"parentKey":"KOR:1159312109","sourceCountryId":"KOR","syntheticOperational":true,"territoryId":"territory:catalog:5f1cc7549a6093e137dd0248d6daafd050f0187041647c4accb6c7d924630768"},"type":"Feature"},{"geometry":{"coordinates":[[[127.826671,34.851386],[127.830333,34.833564],[127.857921,34.759711],[127.859912847645,34.748201438849],[127.898181818182,34.748201438849],[127.91857505631,34.748201438849],[127.924571,34.759589],[127.937673,34.767035],[127.954112,34.759711],[127.957311205081,34.748201438849],[128.00875273523,34.748201438849],[128.00875273523,34.818199749565],[128.00587,34.817694],[127.981293,34.80976],[127.961925,34.806952],[127.94988,34.824652],[127.928477,34.830552],[127.919932,34.835435],[127.914317,34.84455],[127.909679,34.862047],[127.90561,34.868964],[127.928071,34.888251],[127.93686,34.900824],[127.938243,34.913967],[127.930512,34.926459],[127.917247,34.936184],[127.90211,34.940009],[127.888927,34.93476],[127.872895,34.924465],[127.867035,34.918158],[127.862315,34.896064],[127.856293,34.892727],[127.848481,34.891547],[127.840831,34.886949],[127.829356,34.868964],[127.826671,34.851386]]],"type":"Polygon"},"id":231,"properties":{"parentKey":"KOR:1159313519","sourceCountryId":"KOR","syntheticOperational":true,"territoryId":"territory:catalog:f8340306aad1629a2ec129bf9e5d04d1e1181cfe690d8e1b4289aafc393831ed"},"type":"Feature"},{"geometry":{"coordinates":[[[126.666666666667,37.553956834532],[126.691785983421,37.553956834532],[126.795084792842,37.553956834532],[126.802721088435,37.56697818096],[126.802721088435,37.661870503597],[126.721448034717,37.661870503597],[126.73642,37.653306],[126.755219,37.637885],[126.731049,37.639065],[126.692149,37.652045],[126.677362065322,37.661870503597],[126.666666666667,37.661870503597],[126.666666666667,37.553956834532]]],"type":"Polygon"},"id":232,"properties":{"parentKey":"KOR:1159312027","sourceCountryId":"KOR","syntheticOperational":true,"territoryId":"territory:catalog:7baf834691bf4fa071fb1cf863aa2227a3ce3633d1d293aadb88b1a6d7a6b985"},"type":"Feature"},{"geometry":{"coordinates":[[[126.938775510204,37.611342583487],[126.966028,37.613415],[126.989076,37.636669],[127.003132,37.660286],[127.004999530918,37.661870503597],[126.938775510204,37.661870503597],[126.938775510204,37.611342583487]]],"type":"Polygon"},"id":233,"properties":{"parentKey":"KOR:1159312027","sourceCountryId":"KOR","syntheticOperational":true,"territoryId":"territory:catalog:918b2b97b2523559ab2bc55147645666b22d01c7f70d7d58e26e54850fee94c7"},"type":"Feature"},{"geometry":{"coordinates":[[[126.82441,37.002616],[126.836581709145,36.978510765033],[126.836581709145,37.003686040364],[126.82441,37.002616]]],"type":"Polygon"},"id":234,"properties":{"parentKey":"KOR:1159312027","sourceCountryId":"KOR","syntheticOperational":true,"territoryId":"territory:catalog:a3cc9a59627df704542847b13e2686a897ac14c8b5b2a5850940fb64ee8cf413"},"type":"Feature"},{"geometry":{"coordinates":[[[127.163498098859,38.078751901314],[127.176765,38.0738],[127.189787,38.089872],[127.189809972484,38.093525179856],[127.163498098859,38.093525179856],[127.163498098859,38.078751901314]]],"type":"Polygon"},"id":235,"properties":{"parentKey":"KOR:1159312111","sourceCountryId":"KOR","syntheticOperational":true,"territoryId":"territory:catalog:3b4afe2e35399e8019c8aa14122adce253a1c4d844a0fd3d668c22a2be597fb4"},"type":"Feature"},{"geometry":{"coordinates":[[[128.100686498856,38.201438848921],[128.121673003802,38.201438848921],[128.237986270023,38.201438848921],[128.237986270023,38.309352517986],[128.100686498856,38.309352517986],[128.100686498856,38.201438848921]]],"type":"Polygon"},"id":236,"properties":{"parentKey":"KOR:1159312111","sourceCountryId":"KOR","syntheticOperational":true,"territoryId":"territory:catalog:b8718026602eefa9c9b751a0c3faffad981c1d7dc3c60eee8214117739e521ab"},"type":"Feature"},{"geometry":{"coordinates":[[[127.488721804511,37.122302158273],[127.601048809332,37.122302158273],[127.607023,37.131351],[127.661283,37.211476],[127.705725,37.298499],[127.729058804734,37.338129496403],[127.641296156745,37.338129496403],[127.50565184627,37.338129496403],[127.488721804511,37.338129496403],[127.488721804511,37.122302158273]]],"type":"Polygon"},"id":237,"properties":{"parentKey":"KOR:1159312027","sourceCountryId":"KOR","syntheticOperational":true,"territoryId":"territory:catalog:44ec2332adc7bd5f541dfb43db8d51323cb1c123ff1f24ab71f8c3eda1c64e0b"},"type":"Feature"},{"geometry":{"coordinates":[[[126.276134,35.61286],[126.276553770172,35.611510791367],[126.288493557254,35.611510791367],[126.280447,35.612698],[126.276134,35.61286]]],"type":"Polygon"},"id":238,"properties":{"parentKey":"KOR:1159313521","sourceCountryId":"KOR","syntheticOperational":true,"territoryId":"territory:catalog:3126143a44ef0a0dd57024af983af8c0bc3a528c3cabe8c5d579d524ca83ce03"},"type":"Feature"},{"geometry":{"coordinates":[[[127.276887871854,38.201438848921],[127.300380228137,38.201438848921],[127.414187643021,38.201438848921],[127.414187643021,38.309352517986],[127.276887871854,38.309352517986],[127.276887871854,38.201438848921]]],"type":"Polygon"},"id":239,"properties":{"parentKey":"KOR:1159312111","sourceCountryId":"KOR","syntheticOperational":true,"territoryId":"territory:catalog:0a344531d7aa8c5756a6e28c013dc445ff27ef8c6ddcbce24c6cd7dd05846bc5"},"type":"Feature"},{"geometry":{"coordinates":[[[127.123302,34.555365],[127.124522,34.540676],[127.129884739089,34.532374100719],[127.18350551502,34.532374100719],[127.212006,34.544664],[127.223481,34.54682],[127.239664479378,34.532374100719],[127.374545454545,34.532374100719],[127.374545454545,34.550309045863],[127.37194,34.551733],[127.357921,34.554267],[127.345958,34.575019],[127.343598,34.578192],[127.349376,34.585842],[127.363048,34.593899],[127.374545454545,34.598253804511],[127.374545454545,34.748201438849],[127.261867697046,34.748201438849],[127.272716,34.733791],[127.290782,34.721381],[127.312592,34.72899],[127.331554,34.741156],[127.338634,34.7331],[127.344005,34.715277],[127.357921,34.698228],[127.350108,34.687812],[127.336436,34.663642],[127.329926,34.656684],[127.314464,34.651923],[127.302989,34.655015],[127.294444,34.66413],[127.288422,34.677191],[127.293712,34.686713],[127.292003,34.694525],[127.285167,34.700629],[127.27475,34.705146],[127.245942,34.6789],[127.240571,34.670966],[127.241466,34.655829],[127.247406,34.648098],[127.255138,34.641506],[127.260997,34.62995],[127.261322,34.600409],[127.246674,34.583726],[127.222179,34.576361],[127.192882,34.574774],[127.20753,34.60399],[127.212413,34.620185],[127.21339,34.636868],[127.198822,34.631008],[127.191661,34.623603],[127.17921,34.602037],[127.159028,34.580024],[127.151866,34.574774],[127.129649,34.56391],[127.123302,34.555365]]],"type":"Polygon"},"id":240,"properties":{"parentKey":"KOR:1159313529","sourceCountryId":"KOR","syntheticOperational":true,"territoryId":"territory:catalog:8ac30536ae05141ebc4310dbd01df29aeb3d03abd717eba282ee1c381331e7e3"},"type":"Feature"},{"geometry":{"coordinates":[[[127.916041979011,36.906474820144],[128.071748878924,36.906474820144],[128.185907046477,36.906474820144],[128.185907046477,37.122302158273],[128.03007518797,37.122302158273],[127.916041979011,37.122302158273],[127.916041979011,36.906474820144]]],"type":"Polygon"},"id":241,"properties":{"parentKey":"KOR:1159312109","sourceCountryId":"KOR","syntheticOperational":true,"territoryId":"territory:catalog:34c5db24adc888265998a0cce076e40f18903db576fb69ae38bef9f1848171d8"},"type":"Feature"},{"geometry":{"coordinates":[[[126.889733840304,38.093525179856],[127.026615969582,38.093525179856],[127.026615969582,38.18500105457],[127.021104,38.18776],[126.993774227675,38.201438848921],[126.9544977276,38.201438848921],[126.953728,38.200667],[126.940134,38.174173],[126.919829,38.134598],[126.903344,38.119586],[126.889733840304,38.111266895357],[126.889733840304,38.093525179856]]],"type":"Polygon"},"id":242,"properties":{"parentKey":"KOR:1159312027","sourceCountryId":"KOR","syntheticOperational":true,"territoryId":"territory:catalog:874e261280446a9efad040ba12672ae3bead582773144964388dbfab851ea6e0"},"type":"Feature"},{"geometry":{"coordinates":[[[128.532319391635,38.093525179856],[128.669201520913,38.093525179856],[128.669201520913,38.103588792073],[128.642833,38.129299],[128.631602,38.144965],[128.604601992523,38.201438848921],[128.532319391635,38.201438848921],[128.532319391635,38.093525179856]]],"type":"Polygon"},"id":243,"properties":{"parentKey":"KOR:1159312111","sourceCountryId":"KOR","syntheticOperational":true,"territoryId":"territory:catalog:99224f4555e77ad2a92d39a6700ddb5eb0ff9790c851bfa0be08c4d8be711ae0"},"type":"Feature"},{"geometry":{"coordinates":[[[126.370128,34.801337],[126.373546,34.790717],[126.384044,34.786322],[126.40561,34.792182],[126.419318,34.791988],[126.42099,34.802314],[126.429454,34.805609],[126.433260393873,34.804910686713],[126.433260393873,34.964028776978],[126.415270714628,34.964028776978],[126.411632,34.961982],[126.397716,34.951483],[126.395763,34.935045],[126.401703,34.915473],[126.412608,34.898749],[126.425059,34.890692],[126.41212,34.881334],[126.408702,34.873969],[126.411388,34.859036],[126.410981,34.851264],[126.409272,34.844468],[126.405121,34.837226],[126.397716,34.82803],[126.377289,34.811265],[126.370128,34.801337]]],"type":"Polygon"},"id":244,"properties":{"parentKey":"KOR:1159313529","sourceCountryId":"KOR","syntheticOperational":true,"territoryId":"territory:catalog:df2dad0aab941bb03f9573a9732b7e54e4419f3aa9ba8c988a4cc7e677fc6684"},"type":"Feature"},{"geometry":{"coordinates":[[[127.802463,34.961587],[127.80499,34.957147],[127.80499015204,34.957146732862],[127.805024,34.957139],[127.81544,34.95482],[127.830333,34.944729],[127.836436,34.949449],[127.84433,34.950181],[127.853852,34.948188],[127.864513,34.944729],[127.891205,34.946682],[127.91212,34.962063],[127.912949003466,34.964028776978],[127.856620336503,34.964028776978],[127.802476537681,34.964028776978],[127.802463,34.961587]]],"type":"Polygon"},"id":245,"properties":{"parentKey":"KOR:1159313519","sourceCountryId":"KOR","syntheticOperational":true,"territoryId":"territory:catalog:3a0622345138b0110a181dc5133682b72f24be7fe6443a4d2e6b7c3af88fc2db"},"type":"Feature"},{"geometry":{"coordinates":[[[127.437262357414,37.985611510791],[127.46019711903,37.985611510791],[127.468498386023,37.985611510791],[127.466359,37.990214],[127.461295,38.037265],[127.451683,38.060959],[127.444965,38.065532],[127.437262357414,38.064518907335],[127.437262357414,37.985611510791]]],"type":"Polygon"},"id":246,"properties":{"parentKey":"KOR:1159312027","sourceCountryId":"KOR","syntheticOperational":true,"territoryId":"territory:catalog:d1e09cf5fe9b6a54dfc7e4f7cbdc374968f035a5052770315a5122b7ac0e6459"},"type":"Feature"},{"geometry":{"coordinates":[[[127.278331,34.044623],[127.280772,34.037787],[127.283865,34.034613],[127.287608,34.032416],[127.289806,34.024075],[127.293224,34.017239],[127.295665,34.014106],[127.309337,34.011461],[127.323497,34.005764],[127.324718,34.010688],[127.322113,34.014106],[127.314952,34.015774],[127.309093,34.020087],[127.296397,34.037584],[127.294688,34.047919],[127.298106,34.057196],[127.295665,34.061469],[127.2942,34.061103],[127.291515,34.058498],[127.286876,34.057278],[127.283214,34.058295],[127.28004,34.05744],[127.279307,34.05329],[127.279796,34.048651],[127.278331,34.044623]]],"type":"Polygon"},"id":247,"properties":{"parentKey":"KOR:1159313529","sourceCountryId":"KOR","syntheticOperational":true,"territoryId":"territory:catalog:92ebb6a282fadac91bc2febb0ac70db1357436595fc66132ac4825e7abfda38a"},"type":"Feature"},{"geometry":{"coordinates":[[[127.62914,35.522173],[127.654772,35.513336],[127.658492,35.502304],[127.660353,35.489669],[127.671412,35.466104],[127.669655,35.440524],[127.679887,35.421637],[127.694253,35.413808],[127.690293353564,35.395683453237],[127.741935483871,35.395683453237],[127.852941176471,35.395683453237],[127.852941176471,35.611510791367],[127.699115044248,35.611510791367],[127.656503799303,35.611510791367],[127.652705,35.601703],[127.644126,35.570542],[127.630174,35.54734],[127.62914,35.522173]]],"type":"Polygon"},"id":248,"properties":{"parentKey":"KOR:1159313519","sourceCountryId":"KOR","syntheticOperational":true,"territoryId":"territory:catalog:a592d6f0bfcf6390518942d4cb95aee72f65bba90b8d794ea81438576052e8cd"},"type":"Feature"},{"geometry":{"coordinates":[[[127.066569129481,34.964028776978],[127.221006564551,34.964028776978],[127.329919531822,34.964028776978],[127.329919531822,35.179856115108],[127.214076246334,35.179856115108],[127.066569129481,35.179856115108],[127.066569129481,34.964028776978]]],"type":"Polygon"},"id":249,"properties":{"parentKey":"KOR:1159313529","sourceCountryId":"KOR","syntheticOperational":true,"territoryId":"territory:catalog:f0a49dff5558a63c5727d138d78db0b28327c588e98dbe69a38d8d35aa5f2bb4"},"type":"Feature"},{"geometry":{"coordinates":[[[128.583995,34.705146],[128.605805,34.706366],[128.678233,34.72484],[128.683636363636,34.72875151655],[128.683636363636,34.744502854074],[128.672887188154,34.748201438849],[128.599204562293,34.748201438849],[128.598643,34.739976],[128.604015,34.731106],[128.618175,34.725572],[128.583995,34.705146]]],"type":"Polygon"},"id":250,"properties":{"parentKey":"KOR:1159313519","sourceCountryId":"KOR","syntheticOperational":true,"territoryId":"territory:catalog:8c305234cf55f1934ae9057894f4137c2a50d8ac01ede921ab9ad879ffc77ce7"},"type":"Feature"},{"geometry":{"coordinates":[[[126.314818,36.581787],[126.325153,36.553864],[126.329763,36.531724],[126.333606,36.495093],[126.3289921601,36.474820143885],[126.336804171464,36.474820143885],[126.33864,36.475611],[126.339047434715,36.474820143885],[126.348733233979,36.474820143885],[126.348733233979,36.60620439683],[126.341181,36.604134],[126.323463,36.590891],[126.314818,36.581787]]],"type":"Polygon"},"id":251,"properties":{"parentKey":"KOR:1159313525","sourceCountryId":"KOR","syntheticOperational":true,"territoryId":"territory:catalog:bb6dc5d96ed757aaa020e830a4823d630acaa42907f922647853cea0de6c871b"},"type":"Feature"},{"geometry":{"coordinates":[[[128.646213852462,34.964028776978],[128.646671543526,34.964028776978],[128.646671543526,34.964242474574],[128.646218492331,34.96403094335],[128.646213852462,34.964028776978]]],"type":"Polygon"},"id":252,"properties":{"parentKey":"KOR:1159313519","sourceCountryId":"KOR","syntheticOperational":true,"territoryId":"territory:catalog:d708cdc4101821a3781ee4501d0af9b3135682d9dcf7237b6d81f55149bcf894"},"type":"Feature"},{"geometry":{"coordinates":[[[128.512585812357,38.201438848921],[128.532319391635,38.201438848921],[128.604601992523,38.201438848921],[128.562755,38.288967],[128.549628383114,38.309352517986],[128.512585812357,38.309352517986],[128.512585812357,38.201438848921]]],"type":"Polygon"},"id":253,"properties":{"parentKey":"KOR:1159312111","sourceCountryId":"KOR","syntheticOperational":true,"territoryId":"territory:catalog:b16dc6147514dd74767a28da49ad67e22db42a370ba9c5f62b0c318c46e061bf"},"type":"Feature"},{"geometry":{"coordinates":[[[126.938775510204,37.661870503597],[127.004999530918,37.661870503597],[127.023079,37.67721],[127.054292,37.683127],[127.074829931973,37.681798766953],[127.074829931973,37.769784172662],[127.050796057619,37.769784172662],[126.938775510204,37.769784172662],[126.938775510204,37.661870503597]]],"type":"Polygon"},"id":254,"properties":{"parentKey":"KOR:1159312027","sourceCountryId":"KOR","syntheticOperational":true,"territoryId":"territory:catalog:ea3d90c6bfb4a980a8ecae0574c2ea463aafaa03d2a8eb4d506a5676b31f0f35"},"type":"Feature"},{"geometry":{"coordinates":[[[127.656503799303,35.611510791367],[127.699115044248,35.611510791367],[127.699115044248,35.717367172382],[127.695389,35.708622],[127.692496,35.677874],[127.679887,35.655447],[127.664384,35.631856],[127.656503799303,35.611510791367]]],"type":"Polygon"},"id":255,"properties":{"parentKey":"KOR:1159313519","sourceCountryId":"KOR","syntheticOperational":true,"territoryId":"territory:catalog:98428e1aec0670495478159be953ce3489bd0c92c2457c72a890ed42c64eeeac"},"type":"Feature"},{"geometry":{"coordinates":[[[126.364973,37.442291],[126.375731,37.440137],[126.3832,37.437455],[126.389386,37.441316],[126.393412,37.445545],[126.399492,37.444921],[126.401992,37.440053],[126.400289,37.43653],[126.401427,37.43447],[126.404727,37.435368],[126.408367,37.438537],[126.416278,37.434555],[126.420461,37.422356],[126.420497362472,37.422348797064],[126.420497362472,37.446043165468],[126.369722254857,37.446043165468],[126.364973,37.442291]]],"type":"Polygon"},"id":256,"properties":{"parentKey":"KOR:1159312029","sourceCountryId":"KOR","syntheticOperational":true,"territoryId":"territory:catalog:aa631de5097c6a88703080bc9f232648cc1f1c06b0fa2b92b14fb30fe761646d"},"type":"Feature"},{"geometry":{"coordinates":[[[128.647450110865,36.006911482635],[128.693158,36.009327],[128.733259,35.985504],[128.745971,35.967572],[128.745455,35.959666],[128.740597,35.953],[128.740907,35.92773],[128.748969,35.917911],[128.759717,35.910496],[128.761784,35.894631],[128.762301,35.877707],[128.756927,35.861894],[128.74132,35.84882],[128.733776,35.850629],[128.724371,35.849957],[128.724887,35.843394],[128.723544,35.834945],[128.71996669028,35.827338129496],[128.761061946903,35.827338129496],[128.913525498891,35.827338129496],[128.913525498891,36.043165467626],[128.76204595997,36.043165467626],[128.647450110865,36.043165467626],[128.647450110865,36.006911482635]]],"type":"Polygon"},"id":257,"properties":{"parentKey":"KOR:1159313537","sourceCountryId":"KOR","syntheticOperational":true,"territoryId":"territory:catalog:243072ee58846cb4f16cf87fb217fdaa310a1aa1e8a46cf41d01747f67964e45"},"type":"Feature"},{"geometry":{"coordinates":[[[126.599131693198,34.187965391863],[126.606619,34.1883],[126.610118,34.199693],[126.617035,34.204535],[126.616222,34.213284],[126.612153,34.218166],[126.606944,34.221381],[126.599131693198,34.224754793638],[126.599131693198,34.187965391863]]],"type":"Polygon"},"id":258,"properties":{"parentKey":"KOR:1159313529","sourceCountryId":"KOR","syntheticOperational":true,"territoryId":"territory:catalog:24cb07d21c62e73039aca97f32ac799f60d27c4529dd3ca9f895bb4666a0f542"},"type":"Feature"},{"geometry":{"coordinates":[[[128.299319727891,37.553956834532],[128.455162019593,37.553956834532],[128.571428571429,37.553956834532],[128.571428571429,37.769784172662],[128.55193328279,37.769784172662],[128.41546626232,37.769784172662],[128.299319727891,37.769784172662],[128.299319727891,37.553956834532]]],"type":"Polygon"},"id":259,"properties":{"parentKey":"KOR:1159312111","sourceCountryId":"KOR","syntheticOperational":true,"territoryId":"territory:catalog:f7e49d41aac837d80708eebc458849b37745753adddb0933141a3b4d3844e7d0"},"type":"Feature"},{"geometry":{"coordinates":[[[127.004999530918,37.661870503597],[127.074829931973,37.661870503597],[127.074829931973,37.681798766953],[127.054292,37.683127],[127.023079,37.67721],[127.004999530918,37.661870503597]]],"type":"Polygon"},"id":260,"properties":{"parentKey":"KOR:1159312115","sourceCountryId":"KOR","syntheticOperational":true,"territoryId":"territory:catalog:564f1d3d0b41bfef3a42ee7068acd66ab0c2314ab64a9ef639527822167bae75"},"type":"Feature"},{"geometry":{"coordinates":[[[127.849223946785,35.827338129496],[127.851679978014,35.827338129496],[127.867575,35.834195],[127.87729,35.855202],[127.913877,35.88706],[127.918528,35.950752],[127.877601,36.007363],[127.864785,35.996459],[127.851969,35.986951],[127.849223946785,35.98815443911],[127.849223946785,35.827338129496]]],"type":"Polygon"},"id":261,"properties":{"parentKey":"KOR:1159313521","sourceCountryId":"KOR","syntheticOperational":true,"territoryId":"territory:catalog:3c80513a9a0c2d26cb42cb036c176516c880880632cab853c59b9a3e7e7587c1"},"type":"Feature"},{"geometry":{"coordinates":[[[124.673513,37.817043],[124.681488,37.808824],[124.684744,37.803941],[124.684581,37.802639],[124.684581,37.799994],[124.687266,37.800767],[124.692393,37.804999],[124.698985,37.806871],[124.706798,37.806342],[124.714203,37.809556],[124.718272,37.818183],[124.721365,37.828437],[124.725841,37.837388],[124.724457,37.843655],[124.716482,37.84691],[124.709158,37.847561],[124.704112,37.844387],[124.69337,37.835517],[124.676524,37.824897],[124.673513,37.817043]]],"type":"Polygon"},"id":262,"properties":{"parentKey":"KOR:1159312027","sourceCountryId":"KOR","syntheticOperational":true,"territoryId":"territory:catalog:123c9365881ffc316db846e8b157e4af4a4733580e15c8de78a9d11a3a1cc548"},"type":"Feature"},{"geometry":{"coordinates":[[[127.051196226134,37.446043165468],[127.060803,37.428517],[127.090155,37.440247],[127.098718914846,37.441829485369],[127.098718914846,37.446043165468],[127.051196226134,37.446043165468]]],"type":"Polygon"},"id":263,"properties":{"parentKey":"KOR:1159312115","sourceCountryId":"KOR","syntheticOperational":true,"territoryId":"territory:catalog:c05c898ec24d3e79c238c237a5a6ed139814c45079adca661833dc67a60b9bb0"},"type":"Feature"},{"geometry":{"coordinates":[[[128.82486732373,37.877697841727],[128.858324423563,37.877697841727],[128.82486732373,37.915467913551],[128.82486732373,37.877697841727]]],"type":"Polygon"},"id":264,"properties":{"parentKey":"KOR:1159312111","sourceCountryId":"KOR","syntheticOperational":true,"territoryId":"territory:catalog:9b0dad2f0ed01342230769e5e9c3b48afcf28ee21805ef209b0305a94e8ccdec"},"type":"Feature"},{"geometry":{"coordinates":[[[128.025809,36.716932],[128.044929,36.69714],[128.049138060217,36.690647482014],[128.071748878924,36.690647482014],[128.071748878924,36.767979319867],[128.057124,36.77574],[128.045032,36.759307],[128.032526,36.737448],[128.025809,36.716932]]],"type":"Polygon"},"id":265,"properties":{"parentKey":"KOR:1159313537","sourceCountryId":"KOR","syntheticOperational":true,"territoryId":"territory:catalog:edad49e39a8b74a9f0e69fdcb49d1749159031a8423420c66a45e64b27831fb5"},"type":"Feature"},{"geometry":{"coordinates":[[[128.205821,34.815619],[128.212169,34.807807],[128.223155,34.8015],[128.229015,34.79914],[128.238455,34.796942],[128.241466,34.799994],[128.240733,34.807074],[128.245779,34.809272],[128.256521,34.809272],[128.260509,34.814643],[128.254893,34.822414],[128.239919,34.836168],[128.227306,34.838568],[128.213878,34.830227],[128.207042,34.821031],[128.205821,34.815619]]],"type":"Polygon"},"id":266,"properties":{"parentKey":"KOR:1159313519","sourceCountryId":"KOR","syntheticOperational":true,"territoryId":"territory:catalog:080184f894da396411640d6e737589a8a36e762015036d2cf96dd4087229b27a"},"type":"Feature"},{"geometry":{"coordinates":[[[126.530612244898,37.625640592013],[126.542003,37.631049],[126.538829,37.635443],[126.533214,37.646145],[126.530612244898,37.648670122272],[126.530612244898,37.625640592013]]],"type":"Polygon"},"id":267,"properties":{"parentKey":"KOR:1159312027","sourceCountryId":"KOR","syntheticOperational":true,"territoryId":"territory:catalog:f159e67ba577e921329e73d11b0afb575be42ebbe4e666c144c599fe739384b7"},"type":"Feature"},{"geometry":{"coordinates":[[[129.29203539823,35.613572371588],[129.379008,35.626353],[129.453560881991,35.611510791367],[129.458307564459,35.611510791367],[129.451376,35.618243],[129.443053,35.63609],[129.451576,35.651802],[129.471126,35.683222],[129.497651,35.74787],[129.496216,35.785074],[129.514632922363,35.827338129496],[129.445676274945,35.827338129496],[129.29203539823,35.827338129496],[129.29203539823,35.613572371588]]],"type":"Polygon"},"id":268,"properties":{"parentKey":"KOR:1159313537","sourceCountryId":"KOR","syntheticOperational":true,"territoryId":"territory:catalog:a8bfbfc918ca444e01260e801169f288ee85d52d225cf1e72fcdfdf737a1cb06"},"type":"Feature"},{"geometry":{"coordinates":[[[126.963074604371,37.446043165468],[127.030824433939,37.446043165468],[127.049331,37.449446],[127.051196226134,37.446043165468],[127.098718914846,37.446043165468],[127.098718914846,37.553956834532],[127.074829931973,37.553956834532],[126.963074604371,37.553956834532],[126.963074604371,37.446043165468]]],"type":"Polygon"},"id":269,"properties":{"parentKey":"KOR:1159312115","sourceCountryId":"KOR","syntheticOperational":true,"territoryId":"territory:catalog:abc58c469fac8d30e71ca25b414de38cf3a3aff7fdd229d0b2686e4de11c5292"},"type":"Feature"},{"geometry":{"coordinates":[[[127.306764956184,36.258992805755],[127.316587,36.23321],[127.36579,36.243568],[127.391352533193,36.258992805755],[127.306764956184,36.258992805755]]],"type":"Polygon"},"id":270,"properties":{"parentKey":"KOR:1159313527","sourceCountryId":"KOR","syntheticOperational":true,"territoryId":"territory:catalog:9789e500cd515bcd68fd8808d6f2fe45d1b2633359563424f1f4fa4dbb9c9a9d"},"type":"Feature"},{"geometry":{"coordinates":[[[126.691785983421,37.551774336922],[126.700618,37.552023],[126.759529,37.507065],[126.759426,37.483449],[126.770175,37.463838],[126.786298,37.45544],[126.79350208827,37.446043165468],[126.827430293896,37.446043165468],[126.827430293896,37.517324383333],[126.817407,37.528666],[126.793739,37.551662],[126.795084792842,37.553956834532],[126.691785983421,37.553956834532],[126.691785983421,37.551774336922]]],"type":"Polygon"},"id":271,"properties":{"parentKey":"KOR:1159312027","sourceCountryId":"KOR","syntheticOperational":true,"territoryId":"territory:catalog:52994ba68a8d080ccc62af8d022e1b646a63876a412c032686b4038ec4c7a002"},"type":"Feature"},{"geometry":{"coordinates":[[[128.877323420074,36.258992805755],[129.028910303929,36.258992805755],[129.144981412639,36.258992805755],[129.144981412639,36.474820143885],[129.03129657228,36.474820143885],[128.877323420074,36.474820143885],[128.877323420074,36.258992805755]]],"type":"Polygon"},"id":272,"properties":{"parentKey":"KOR:1159313537","sourceCountryId":"KOR","syntheticOperational":true,"territoryId":"territory:catalog:115b54e4453e76ccf62a77e5e5efbf2cd7aff66a507e31b00d6856838dac08b8"},"type":"Feature"},{"geometry":{"coordinates":[[[126.457399103139,36.72930296963],[126.471202,36.7414],[126.479584,36.747138],[126.482677,36.738349],[126.487315,36.732164],[126.500743,36.719875],[126.477349,36.716888],[126.469687,36.704587],[126.473733149156,36.690647482014],[126.616989567809,36.690647482014],[126.726457399103,36.690647482014],[126.726457399103,36.906474820144],[126.580472699452,36.906474820144],[126.582612,36.904202],[126.582612,36.898017],[126.56837,36.898505],[126.560802,36.905097],[126.560096297315,36.906474820144],[126.504788655994,36.906474820144],[126.491222,36.87108],[126.487153,36.846177],[126.483897,36.841498],[126.476573,36.844916],[126.469249,36.85399],[126.465912,36.866929],[126.465912,36.906474820144],[126.457399103139,36.906474820144],[126.457399103139,36.72930296963]]],"type":"Polygon"},"id":273,"properties":{"parentKey":"KOR:1159313525","sourceCountryId":"KOR","syntheticOperational":true,"territoryId":"territory:catalog:5a36c79dad23898924eeef7aeb5ad9d3dcddfc7beca1d8f61d4f8e0fcebb8a3b"},"type":"Feature"},{"geometry":{"coordinates":[[[127.877601,36.007363],[127.918528,35.950752],[127.913877,35.88706],[127.921939,35.86484],[127.942196,35.855279],[127.951498,35.849595],[127.960696,35.843239],[127.961523,35.835332],[127.965507579201,35.827338129496],[128.115299334811,35.827338129496],[128.115299334811,36.043165467626],[127.961452928095,36.043165467626],[127.93924557108,36.043165467626],[127.927003,36.023822],[127.901888,36.017001],[127.877601,36.007363]]],"type":"Polygon"},"id":274,"properties":{"parentKey":"KOR:1159313537","sourceCountryId":"KOR","syntheticOperational":true,"territoryId":"territory:catalog:052b81ab4b40b94dcabaff75f32be1224a62c73267dd718f1e99ee6b6647c1a7"},"type":"Feature"},{"geometry":{"coordinates":[[[126.961689327298,36.905111944921],[126.961998,36.90506],[126.995515695067,36.89954179027],[126.995515695067,36.906474820144],[126.963921034603,36.906474820144],[126.961689327298,36.905111944921]]],"type":"Polygon"},"id":275,"properties":{"parentKey":"KOR:1159312027","sourceCountryId":"KOR","syntheticOperational":true,"territoryId":"territory:catalog:4cbabecb5adcce500d34144a767f2bb8dbe2f7b15f4f53178d8dc0699aed9dcc"},"type":"Feature"},{"geometry":{"coordinates":[[[129.14798206278,36.690647482014],[129.281538381653,36.690647482014],[129.277102,36.703135],[129.274415,36.731143],[129.287747,36.757705],[129.298496,36.782871],[129.290641,36.790313],[129.282063,36.79685],[129.286093,36.819562],[129.212816,36.823954],[129.191319,36.833747],[129.168374,36.841628],[129.158969,36.860024],[129.151631,36.881315],[129.14798206278,36.882699136882],[129.14798206278,36.690647482014]]],"type":"Polygon"},"id":276,"properties":{"parentKey":"KOR:1159313537","sourceCountryId":"KOR","syntheticOperational":true,"territoryId":"territory:catalog:e3de220fffc3c05549a892980d8cf14dc49870bab8b87c09935fa781d6479c0e"},"type":"Feature"},{"geometry":{"coordinates":[[[126.433442,37.251044],[126.43572,37.23843],[126.442231,37.235175],[126.45045,37.235826],[126.458181,37.231269],[126.469493,37.233466],[126.478201,37.241604],[126.479015,37.247748],[126.483165,37.25434],[126.493907,37.25727],[126.498302,37.26142],[126.494395,37.273505],[126.48406,37.278998],[126.461192,37.280585],[126.443533,37.273098],[126.435313,37.263983],[126.433442,37.251044]]],"type":"Polygon"},"id":277,"properties":{"parentKey":"KOR:1159312027","sourceCountryId":"KOR","syntheticOperational":true,"territoryId":"territory:catalog:4ecf8c4cf7636116c27119214eb1695bd21711c7b313a46992723200c96b9cbf"},"type":"Feature"},{"geometry":{"coordinates":[[[126.220388,34.922431],[126.225352,34.913398],[126.237559,34.913072],[126.24643,34.916246],[126.250173,34.91885],[126.253429,34.929185],[126.253184,34.933498],[126.247325,34.935452],[126.230235,34.935452],[126.222423,34.931952],[126.220388,34.922431]]],"type":"Polygon"},"id":278,"properties":{"parentKey":"KOR:1159313529","sourceCountryId":"KOR","syntheticOperational":true,"territoryId":"territory:catalog:387d1cb95c8ae9e0c7a8c9c4014cdc2c5028aced2d30e9fce9aeeba447ca3962"},"type":"Feature"},{"geometry":{"coordinates":[[[128.00606520091,37.769784172662],[128.027210884354,37.769784172662],[128.14253222138,37.769784172662],[128.14253222138,37.877697841727],[128.00606520091,37.877697841727],[128.00606520091,37.769784172662]]],"type":"Polygon"},"id":279,"properties":{"parentKey":"KOR:1159312111","sourceCountryId":"KOR","syntheticOperational":true,"territoryId":"territory:catalog:90093e024dc7218b35c8dfa8525bb8878060967a096818f455b846eccaa72cd6"},"type":"Feature"},{"geometry":{"coordinates":[[[126.658458,37.254299],[126.666515,37.241848],[126.673188,37.22842],[126.676691729323,37.223041740442],[126.676691729323,37.258917138114],[126.67213,37.261705],[126.665782,37.256903],[126.662934,37.255316],[126.658458,37.254299]]],"type":"Polygon"},"id":280,"properties":{"parentKey":"KOR:1159312027","sourceCountryId":"KOR","syntheticOperational":true,"territoryId":"territory:catalog:aa961d93ffc27b8e529e7b384fb809efe85e27e726e02d53d2b86ab68e4f89d4"},"type":"Feature"},{"geometry":{"coordinates":[[[127.709045676504,34.532374100719],[127.71461,34.526842],[127.72283,34.523179],[127.727712,34.516995],[127.732188,34.50849],[127.741954,34.502265],[127.750362844702,34.499939247594],[127.750362844702,34.532374100719],[127.709045676504,34.532374100719]]],"type":"Polygon"},"id":281,"properties":{"parentKey":"KOR:1159313529","sourceCountryId":"KOR","syntheticOperational":true,"territoryId":"territory:catalog:cd07b105701b6b135dfd3ce847506c8d9217b132d83356283f7ddaee33c4fc57"},"type":"Feature"},{"geometry":{"coordinates":[[[127.349582003847,36.906474820144],[127.376311844078,36.906474820144],[127.376311844078,36.913655251985],[127.349582003847,36.906474820144]]],"type":"Polygon"},"id":282,"properties":{"parentKey":"KOR:1159312109","sourceCountryId":"KOR","syntheticOperational":true,"territoryId":"territory:catalog:2c14f8d63f24d40cfd598c55fb14be33e1802cbf4cebc79bf4ec9a3912916415"},"type":"Feature"},{"geometry":{"coordinates":[[[126.327272727273,34.57003292999],[126.333018,34.57099],[126.340099,34.574368],[126.343028,34.578192],[126.346039,34.584621],[126.352061,34.579779],[126.357026,34.571723],[126.3567,34.568549],[126.380463,34.558905],[126.389008,34.549709],[126.39088,34.53384],[126.40561,34.538642],[126.417328,34.540351],[126.438731,34.540676],[126.448497,34.539293],[126.457042,34.539049],[126.465912,34.540676],[126.46933,34.549709],[126.473481,34.556545],[126.479584,34.561103],[126.486339,34.56094],[126.499278,34.554348],[126.507579,34.554267],[126.513927,34.557807],[126.52296,34.567084],[126.527436,34.568549],[126.539643,34.562974],[126.539317,34.553616],[126.529552,34.542955],[126.513764,34.53384],[126.518917850731,34.532374100719],[126.589090909091,34.532374100719],[126.589090909091,34.629110148987],[126.573873,34.633111],[126.550038,34.64383],[126.531556,34.652597],[126.519111,34.65037],[126.54005,34.62759],[126.535711,34.623178],[126.525126,34.628902],[126.511193,34.637155],[126.500345,34.645819],[126.4824,34.65167],[126.469362,34.658674],[126.463306,34.665421],[126.452891,34.670966],[126.450531,34.676988],[126.450938,34.680854],[126.450694,34.684882],[126.453336,34.697884],[126.447881,34.705879],[126.405969,34.713408],[126.378613,34.711182],[126.384379,34.693699],[126.376775,34.67947],[126.379855,34.654506],[126.386134,34.635835],[126.396519,34.636604],[126.402902,34.650748],[126.416108,34.652737],[126.412567,34.629766],[126.425299,34.619272],[126.434997,34.606786],[126.455577,34.603095],[126.461518,34.600653],[126.472748,34.602037],[126.46461,34.584662],[126.453136,34.583808],[126.431895,34.595893],[126.382335,34.602729],[126.369884,34.608873],[126.349213,34.656684],[126.345958,34.66767],[126.344249,34.677883],[126.347179,34.687893],[126.3567,34.698228],[126.327272727273,34.73448223029],[126.327272727273,34.57003292999]]],"type":"Polygon"},"id":283,"properties":{"parentKey":"KOR:1159313529","sourceCountryId":"KOR","syntheticOperational":true,"territoryId":"territory:catalog:e75892101c1937b561130d01794cbdd92c1a6601e504cba7ac17ae7d7b5e4d27"},"type":"Feature"},{"geometry":{"coordinates":[[[127.153502235469,36.675805161079],[127.246528,36.646032],[127.274227,36.678278],[127.283096058268,36.690647482014],[127.264573991031,36.690647482014],[127.153502235469,36.690647482014],[127.153502235469,36.675805161079]]],"type":"Polygon"},"id":284,"properties":{"parentKey":"KOR:1159313525","sourceCountryId":"KOR","syntheticOperational":true,"territoryId":"territory:catalog:d987df8f58d91a49ac282de91dc69de2881e8bf012395faa3a0bfa42640cc7c2"},"type":"Feature"},{"geometry":{"coordinates":[[[126.599131693198,34.153987843942],[126.600271,34.153469],[126.604015,34.152248],[126.605805,34.156155],[126.609386,34.155666],[126.613536,34.152533],[126.615977,34.156968],[126.607677,34.165595],[126.599131693198,34.168589978911],[126.599131693198,34.153987843942]]],"type":"Polygon"},"id":285,"properties":{"parentKey":"KOR:1159313529","sourceCountryId":"KOR","syntheticOperational":true,"territoryId":"territory:catalog:a7ab0bc8c1a2e1997dd2c51f24ed032ca929fe2d7670655280434cf0da802558"},"type":"Feature"},{"geometry":{"coordinates":[[[127.856620336503,34.964028776978],[127.912949003466,34.964028776978],[127.922862,34.987535],[127.925792,35.019761],[127.937022,35.012641],[127.94337,35.002834],[127.953868,34.978827],[127.979747,34.992255],[128.006847,34.991767],[128.019298,34.998684],[128.000987,35.034084],[128.024994,35.035793],[128.040863,35.049221],[128.053722,35.067125],[128.069347,35.082465],[128.068126,35.070217],[128.063731,35.060614],[128.058604,35.05329],[128.055675,35.047756],[128.054047,35.035834],[128.05562464691,34.964028776978],[128.119970738844,34.964028776978],[128.119970738844,35.179856115108],[128.005865102639,35.179856115108],[127.856620336503,35.179856115108],[127.856620336503,34.964028776978]]],"type":"Polygon"},"id":286,"properties":{"parentKey":"KOR:1159313519","sourceCountryId":"KOR","syntheticOperational":true,"territoryId":"territory:catalog:0e0c5cd8e47939c6235c42afda92c8f002a704974cec07d11dcbb6d92bf17e5e"},"type":"Feature"},{"geometry":{"coordinates":[[[128.121673003802,37.985611510791],[128.14253222138,37.985611510791],[128.25855513308,37.985611510791],[128.25855513308,38.093525179856],[128.121673003802,38.093525179856],[128.121673003802,37.985611510791]]],"type":"Polygon"},"id":287,"properties":{"parentKey":"KOR:1159312111","sourceCountryId":"KOR","syntheticOperational":true,"territoryId":"territory:catalog:8a18f648a6f844986816f7a06d6ddb85c08f318715cd02b590cae384d2c60dc3"},"type":"Feature"},{"geometry":{"coordinates":[[[125.891090213761,34.748201438849],[125.892589,34.73664],[125.897797,34.72602],[125.906423,34.719306],[125.918142,34.718166],[125.930024,34.722602],[125.938731,34.731431],[125.944102,34.743232],[125.944855169588,34.748201438849],[125.908096280087,34.748201438849],[125.891090213761,34.748201438849]]],"type":"Polygon"},"id":288,"properties":{"parentKey":"KOR:1159313529","sourceCountryId":"KOR","syntheticOperational":true,"territoryId":"territory:catalog:2fb1a341756a5e8585b9d4a2c83c914f969d8922ac61b68509d7d5b36aace945"},"type":"Feature"},{"geometry":{"coordinates":[[[129.108213504782,36.906474820144],[129.118662,36.893821],[129.14798206278,36.882699136882],[129.14798206278,36.906474820144],[129.108213504782,36.906474820144]]],"type":"Polygon"},"id":289,"properties":{"parentKey":"KOR:1159312111","sourceCountryId":"KOR","syntheticOperational":true,"territoryId":"territory:catalog:2bbed72d7c5d90affb4a4cab59ba719434286dfa6e3914ed55ff825e622fc74e"},"type":"Feature"},{"geometry":{"coordinates":[[[126.504788655994,36.906474820144],[126.560096297315,36.906474820144],[126.555675,36.915107],[126.548595,36.92593],[126.531261,36.941311],[126.519135,36.947903],[126.513764,36.942369],[126.509532,36.91885],[126.504788655994,36.906474820144]]],"type":"Polygon"},"id":290,"properties":{"parentKey":"KOR:1159313525","sourceCountryId":"KOR","syntheticOperational":true,"territoryId":"territory:catalog:b457ac250d59050ef2a07458747cf698e69e5dc012b5428e06faef59384696a3"},"type":"Feature"},{"geometry":{"coordinates":[[[128.911764705882,35.590682798594],[128.912576,35.590954],[128.951023,35.583177],[128.980479,35.571886],[129.008488,35.579508],[129.032569,35.595373],[129.058304,35.607594],[129.073703,35.607904],[129.076019001586,35.611510791367],[129.026548672566,35.611510791367],[128.911764705882,35.611510791367],[128.911764705882,35.590682798594]]],"type":"Polygon"},"id":291,"properties":{"parentKey":"KOR:1159313537","sourceCountryId":"KOR","syntheticOperational":true,"territoryId":"territory:catalog:f130bc81a79899146ec24320c9b3653f6ca4b39314b2fdf16fa726d93ef357fd"},"type":"Feature"},{"geometry":{"coordinates":[[[128.842105263158,37.122302158273],[128.995502248876,37.122302158273],[129.112781954887,37.122302158273],[129.112781954887,37.338129496403],[128.997739261492,37.338129496403],[128.842105263158,37.338129496403],[128.842105263158,37.122302158273]]],"type":"Polygon"},"id":292,"properties":{"parentKey":"KOR:1159312111","sourceCountryId":"KOR","syntheticOperational":true,"territoryId":"territory:catalog:a94ad37caf674c6f8939086e5b02c80b1a1bd7df6fe354ac03f96c776456e491"},"type":"Feature"},{"geometry":{"coordinates":[[[129.325513196481,35.341005844555],[129.339875,35.348074],[129.360444,35.353583],[129.361814,35.367172],[129.35513,35.372667],[129.346787,35.382273],[129.355262,35.394572],[129.356104220907,35.395683453237],[129.325513196481,35.395683453237],[129.325513196481,35.341005844555]]],"type":"Polygon"},"id":293,"properties":{"parentKey":"KOR:1159313533","sourceCountryId":"KOR","syntheticOperational":true,"territoryId":"territory:catalog:4c54c700cf3ce40a1c4ff5f687fa9b7b03793a8e49dff3ad1135fed630e2b4a5"},"type":"Feature"},{"geometry":{"coordinates":[[[127.482993197279,37.661870503597],[127.556240271415,37.661870503597],[127.556483,37.677752],[127.530025,37.670983],[127.518139,37.683178],[127.547285,37.710308],[127.542427,37.728395],[127.534366,37.746353],[127.540153,37.759969],[127.539966078786,37.769784172662],[127.482993197279,37.769784172662],[127.482993197279,37.661870503597]]],"type":"Polygon"},"id":294,"properties":{"parentKey":"KOR:1159312027","sourceCountryId":"KOR","syntheticOperational":true,"territoryId":"territory:catalog:83c9fdcf49559545b120f8072cf4164859d5f56ecadf57db58923a1b15b59429"},"type":"Feature"},{"geometry":{"coordinates":[[[127.153502235469,36.474820143885],[127.271375464684,36.474820143885],[127.303394658611,36.474820143885],[127.329727,36.480616],[127.352568,36.479066],[127.356805,36.488884],[127.358769,36.499271],[127.357632,36.504335],[127.356909,36.5094],[127.353602,36.515808],[127.355565,36.52343],[127.36063,36.532783],[127.361353,36.543661],[127.285285,36.547537],[127.211698,36.535651],[127.216349,36.566373],[127.228855,36.595079],[127.226994,36.6119],[127.246528,36.646032],[127.153502235469,36.675805161079],[127.153502235469,36.474820143885]]],"type":"Polygon"},"id":295,"properties":{"parentKey":"KOR:1159316481","sourceCountryId":"KOR","syntheticOperational":true,"territoryId":"territory:catalog:1504aa335a0a766468f82c614a6f13c8bdbfec60e41f616ca5a0fa80f0c3ce1e"},"type":"Feature"},{"geometry":{"coordinates":[[[127.210884353742,37.661870503597],[127.34693877551,37.661870503597],[127.34693877551,37.769784172662],[127.32373009856,37.769784172662],[127.210884353742,37.769784172662],[127.210884353742,37.661870503597]]],"type":"Polygon"},"id":296,"properties":{"parentKey":"KOR:1159312027","sourceCountryId":"KOR","syntheticOperational":true,"territoryId":"territory:catalog:0bebb4057b06cab6a2b9ba998b462cf82034cbf3a1050f6ef37a71aa1fb4472a"},"type":"Feature"},{"geometry":{"coordinates":[[[127.810421,37.117786],[127.834344986277,37.122302158273],[127.811223627226,37.122302158273],[127.810421,37.117786]]],"type":"Polygon"},"id":297,"properties":{"parentKey":"KOR:1159312111","sourceCountryId":"KOR","syntheticOperational":true,"territoryId":"territory:catalog:6b1df294a508e90bf48e6eaf44f52753890bb99aa105329db8690f22bb65907f"},"type":"Feature"},{"geometry":{"coordinates":[[[126.794117647059,35.432309072228],[126.816373,35.448612],[126.850273,35.445899],[126.866913,35.462022],[126.885103,35.460962],[126.90257,35.454916],[126.933162,35.434478],[126.968247051428,35.395683453237],[127.013116592887,35.395683453237],[127.013364,35.397168],[127.019772,35.410397],[127.02959,35.418097],[127.036825,35.42838],[127.058823529412,35.429364317686],[127.058823529412,35.611510791367],[126.902654867257,35.611510791367],[126.794117647059,35.611510791367],[126.794117647059,35.432309072228]]],"type":"Polygon"},"id":298,"properties":{"parentKey":"KOR:1159313521","sourceCountryId":"KOR","syntheticOperational":true,"territoryId":"territory:catalog:5c19b59c260ca3d98e2a038af3911a45f8dba95af72c63b0c3b35e64ef78ee23"},"type":"Feature"},{"geometry":{"coordinates":[[[128.25855513308,38.093525179856],[128.395437262357,38.093525179856],[128.395437262357,38.201438848921],[128.37528604119,38.201438848921],[128.25855513308,38.201438848921],[128.25855513308,38.093525179856]]],"type":"Polygon"},"id":299,"properties":{"parentKey":"KOR:1159312111","sourceCountryId":"KOR","syntheticOperational":true,"territoryId":"territory:catalog:af1daac5f833cc5b2d1c95658d5cabfd4518ba1641df036e46b9f6f0bd212a45"},"type":"Feature"},{"geometry":{"coordinates":[[[128.82486732373,37.769784172662],[128.843537414966,37.769784172662],[128.960926631792,37.769784172662],[128.923839,37.802314],[128.859141,37.876776],[128.858324423563,37.877697841727],[128.82486732373,37.877697841727],[128.82486732373,37.769784172662]]],"type":"Polygon"},"id":300,"properties":{"parentKey":"KOR:1159312111","sourceCountryId":"KOR","syntheticOperational":true,"territoryId":"territory:catalog:4ada86e2ff4c6ad1b4a8a8101e018eb87073b52c74db85bf8aca9f103b3da0a0"},"type":"Feature"},{"geometry":{"coordinates":[[[129.03129657228,36.474820143885],[129.144981412639,36.474820143885],[129.29955290611,36.474820143885],[129.29955290611,36.625871526162],[129.277929,36.632286],[129.288987,36.656083],[129.285887,36.678407],[129.281538381653,36.690647482014],[129.14798206278,36.690647482014],[129.03129657228,36.690647482014],[129.03129657228,36.474820143885]]],"type":"Polygon"},"id":301,"properties":{"parentKey":"KOR:1159313537","sourceCountryId":"KOR","syntheticOperational":true,"territoryId":"territory:catalog:62568587c5251146e6fba59a2ef8f8d86ea2d0588384c726ffb751bfd98f0a16"},"type":"Feature"},{"geometry":{"coordinates":[[[127.834344986277,37.122302158273],[127.862694037016,37.122302158273],[127.840807,37.123522],[127.834344986277,37.122302158273]]],"type":"Polygon"},"id":302,"properties":{"parentKey":"KOR:1159312109","sourceCountryId":"KOR","syntheticOperational":true,"territoryId":"territory:catalog:8b52d649bd8ba56589546cffe8579424cbdad16718e6af2239ae8894d15802a5"},"type":"Feature"},{"geometry":{"coordinates":[[[126.30893,35.233303],[126.337413,35.233588],[126.350678,35.235338],[126.363536,35.239488],[126.361583,35.225653],[126.36671,35.217719],[126.377289,35.211615],[126.375092,35.202379],[126.370372,35.196967],[126.365733,35.192857],[126.363536,35.187974],[126.36778910854,35.179856115108],[126.422287390029,35.179856115108],[126.422287390029,35.359546295562],[126.417247,35.364895],[126.411388,35.369859],[126.389415,35.342475],[126.380707,35.327094],[126.377289,35.31151],[126.378998,35.304592],[126.382172,35.298285],[126.3838,35.291734],[126.380382,35.284166],[126.373871,35.278388],[126.367442,35.274319],[126.361583,35.269029],[126.3567,35.259996],[126.364513,35.258734],[126.368175,35.256741],[126.371349,35.254462],[126.377289,35.25259],[126.359141,35.248969],[126.33839,35.248033],[126.320079,35.244574],[126.30893,35.233303]]],"type":"Polygon"},"id":303,"properties":{"parentKey":"KOR:1159313529","sourceCountryId":"KOR","syntheticOperational":true,"territoryId":"territory:catalog:bb2ed4cc0833b538e51bfa6fe759381b51ff293a54283c2a7eca8ca254e95540"},"type":"Feature"},{"geometry":{"coordinates":[[[127.539033457249,36.258992805755],[127.694588584136,36.258992805755],[127.806691449814,36.258992805755],[127.806691449814,36.474820143885],[127.69001490313,36.474820143885],[127.539033457249,36.474820143885],[127.539033457249,36.258992805755]]],"type":"Polygon"},"id":304,"properties":{"parentKey":"KOR:1159312109","sourceCountryId":"KOR","syntheticOperational":true,"territoryId":"territory:catalog:9f3ef8111bbb01aae10541265c234618c54d62a8a54d8d2ad0b03ca0c7dea494"},"type":"Feature"},{"geometry":{"coordinates":[[[130.805837,37.507392],[130.811046,37.487006],[130.827485,37.471259],[130.852224,37.459459],[130.877696,37.455512],[130.896739,37.463121],[130.896759608139,37.463154291433],[130.896759608139,37.544731364348],[130.891612,37.543891],[130.867849,37.536933],[130.832286,37.532131],[130.814301,37.52261],[130.805837,37.507392]]],"type":"Polygon"},"id":305,"properties":{"parentKey":"KOR:1159313537","sourceCountryId":"KOR","syntheticOperational":true,"territoryId":"territory:catalog:5e474c107c278f872fb78c56e398d7ea66d07a4d3e1cb6dd6208059a9c90d1c2"},"type":"Feature"},{"geometry":{"coordinates":[[[127.694588584136,36.043165467626],[127.849223946785,36.043165467626],[127.93924557108,36.043165467626],[127.942506,36.048317],[127.950878,36.073974],[127.958629,36.085136],[127.961452928095,36.087906751754],[127.961452928095,36.221853363798],[127.949017,36.219443],[127.929587,36.226885],[127.901268,36.245979],[127.877084,36.252361],[127.83688,36.244713],[127.835078382989,36.258992805755],[127.806691449814,36.258992805755],[127.694588584136,36.258992805755],[127.694588584136,36.043165467626]]],"type":"Polygon"},"id":306,"properties":{"parentKey":"KOR:1159312109","sourceCountryId":"KOR","syntheticOperational":true,"territoryId":"territory:catalog:4dbfee1453e09710ecb954d38251daee45b3abd527a5d944be8917f86d773b8a"},"type":"Feature"},{"geometry":{"coordinates":[[[128.669201520913,38.093525179856],[128.679087520251,38.093525179856],[128.678722,38.094306],[128.669201520913,38.103588792073],[128.669201520913,38.093525179856]]],"type":"Polygon"},"id":307,"properties":{"parentKey":"KOR:1159312111","sourceCountryId":"KOR","syntheticOperational":true,"territoryId":"territory:catalog:1d5a753a142bf6f802e0903c631d940a4e97ef50c563f6f35ce2d15847e12507"},"type":"Feature"},{"geometry":{"coordinates":[[[128.237986270023,38.201438848921],[128.25855513308,38.201438848921],[128.37528604119,38.201438848921],[128.37528604119,38.309352517986],[128.237986270023,38.309352517986],[128.237986270023,38.201438848921]]],"type":"Polygon"},"id":308,"properties":{"parentKey":"KOR:1159312111","sourceCountryId":"KOR","syntheticOperational":true,"territoryId":"territory:catalog:98b6bcec819209af4afc0164c426f359ec2b43703a61e739c49960d672deeb2a"},"type":"Feature"},{"geometry":{"coordinates":[[[127.898773384011,37.122302158273],[127.916041979011,37.122302158273],[128.03007518797,37.122302158273],[128.03007518797,37.159678526279],[128.025602,37.164683],[128.025602,37.186154],[127.987568,37.218271],[127.936615,37.204525],[127.917701,37.186025],[127.923179,37.137423],[127.902922,37.126339],[127.898773384011,37.122302158273]]],"type":"Polygon"},"id":309,"properties":{"parentKey":"KOR:1159312109","sourceCountryId":"KOR","syntheticOperational":true,"territoryId":"territory:catalog:0b495cd22351535ebbc1e1d9db56e9ec62d8ab5cb16cf639f331039ebabaca3e"},"type":"Feature"},{"geometry":{"coordinates":[[[126.860507477803,35.179856115108],[126.90474,35.158139],[126.966442,35.150077],[126.993731725514,35.179856115108],[126.950146627566,35.179856115108],[126.860507477803,35.179856115108]]],"type":"Polygon"},"id":310,"properties":{"parentKey":"KOR:1159313255","sourceCountryId":"KOR","syntheticOperational":true,"territoryId":"territory:catalog:d3d75254dcd55dcc4952b94c86870ce1f6687d6ca71defa9100d4a2796988990"},"type":"Feature"},{"geometry":{"coordinates":[[[127.835078382989,36.258992805755],[127.83688,36.244713],[127.877084,36.252361],[127.901268,36.245979],[127.929587,36.226885],[127.949017,36.219443],[127.961452928095,36.221853363798],[127.961452928095,36.258992805755],[127.835078382989,36.258992805755]]],"type":"Polygon"},"id":311,"properties":{"parentKey":"KOR:1159313537","sourceCountryId":"KOR","syntheticOperational":true,"territoryId":"territory:catalog:95242183f354558e8f79f269ce0eabd47587ff188518421a656d14f9fcd29994"},"type":"Feature"},{"geometry":{"coordinates":[[[127.963634,34.859768],[127.972423,34.845526],[127.987315,34.83808],[128.001801,34.836656],[128.00875273523,34.838496776778],[128.00875273523,34.914545406876],[128.001964,34.913031],[127.992849,34.903388],[127.984141,34.889716],[127.97047,34.87519],[127.963634,34.859768]]],"type":"Polygon"},"id":312,"properties":{"parentKey":"KOR:1159313519","sourceCountryId":"KOR","syntheticOperational":true,"territoryId":"territory:catalog:511f68e9b3a1f5f6ef325fecd697afe518d491eb9a6687558ac55065d35d3db4"},"type":"Feature"},{"geometry":{"coordinates":[[[126.060069,34.620795],[126.065454545455,34.606537896759],[126.065454545455,34.624124233344],[126.060069,34.620795]]],"type":"Polygon"},"id":313,"properties":{"parentKey":"KOR:1159313529","sourceCountryId":"KOR","syntheticOperational":true,"territoryId":"territory:catalog:b0da82f6fe4edee151625d731931f852d9cd92c47efb4a664d1383ac8006ce8d"},"type":"Feature"},{"geometry":{"coordinates":[[[126.250499,35.580959],[126.253673,35.574368],[126.258067,35.570624],[126.263845,35.571682],[126.264705882353,35.572327595645],[126.264705882353,35.601139779538],[126.264496,35.600898],[126.258962,35.598375],[126.256521,35.596015],[126.261485,35.593411],[126.26295,35.591783],[126.252452,35.587307],[126.250499,35.580959]]],"type":"Polygon"},"id":314,"properties":{"parentKey":"KOR:1159313521","sourceCountryId":"KOR","syntheticOperational":true,"territoryId":"territory:catalog:ee7cf28fe179ed73c3cf0815688aa8060bd7033ec9c7155fa73ee0f23637c064"},"type":"Feature"},{"geometry":{"coordinates":[[[127.859912847645,34.748201438849],[127.860118,34.747016],[127.860362,34.738267],[127.861827,34.730862],[127.868012,34.721869],[127.877126,34.716946],[127.8921,34.712714],[127.898181818182,34.712871188437],[127.898181818182,34.748201438849],[127.859912847645,34.748201438849]]],"type":"Polygon"},"id":315,"properties":{"parentKey":"KOR:1159313519","sourceCountryId":"KOR","syntheticOperational":true,"territoryId":"territory:catalog:8cfc4a4cf5d39f7989a218ef165bfe89f1fa0866076880c89abf98a5321eba5c"},"type":"Feature"},{"geometry":{"coordinates":[[[126.786034008346,35.395683453237],[126.794117647059,35.395683453237],[126.794117647059,35.432309072228],[126.791259,35.430215],[126.791155,35.416702],[126.792085,35.403162],[126.786034008346,35.395683453237]]],"type":"Polygon"},"id":316,"properties":{"parentKey":"KOR:1159313529","sourceCountryId":"KOR","syntheticOperational":true,"territoryId":"territory:catalog:ccd83bfe1ab81ff7887b6ac66aa4e546378eeac37489da6db2c681859b2c61db"},"type":"Feature"},{"geometry":{"coordinates":[[[127.131608409798,38.093525179856],[127.140074,38.087495],[127.163498098859,38.078751901314],[127.163498098859,38.093525179856],[127.131608409798,38.093525179856]]],"type":"Polygon"},"id":317,"properties":{"parentKey":"KOR:1159312111","sourceCountryId":"KOR","syntheticOperational":true,"territoryId":"territory:catalog:60e0c5597f1e9cb60ff5d89b804f452b62354bd48c955728fe8fe5329adbfc40"},"type":"Feature"},{"geometry":{"coordinates":[[[126.264705882353,35.572327595645],[126.2671,35.574123],[126.274913,35.579047],[126.287283,35.590277],[126.305675,35.603217],[126.309418,35.610663],[126.309118112582,35.611510791367],[126.292487510902,35.611510791367],[126.291759,35.611029],[126.288493557254,35.611510791367],[126.276553770172,35.611510791367],[126.277843,35.607367],[126.274262,35.606024],[126.26824,35.605211],[126.264705882353,35.601139779538],[126.264705882353,35.572327595645]]],"type":"Polygon"},"id":318,"properties":{"parentKey":"KOR:1159313521","sourceCountryId":"KOR","syntheticOperational":true,"territoryId":"territory:catalog:04d49833482178f48d2054d85ab434fdf05a0a910a6cfe22012b2ea24e743beb"},"type":"Feature"},{"geometry":{"coordinates":[[[127.806691449814,36.258992805755],[127.835078382989,36.258992805755],[127.830885,36.29223],[127.853003,36.307655],[127.867369,36.330703],[127.85631,36.34649],[127.850005,36.363724],[127.856,36.387753],[127.860031,36.442246],[127.869952,36.465113],[127.882309943482,36.474820143885],[127.806691449814,36.474820143885],[127.806691449814,36.258992805755]]],"type":"Polygon"},"id":319,"properties":{"parentKey":"KOR:1159312109","sourceCountryId":"KOR","syntheticOperational":true,"territoryId":"territory:catalog:a739c5a269bc627414ffd04f3f657a527300a6d0f877b7fac1276116e61634c2"},"type":"Feature"},{"geometry":{"coordinates":[[[127.957311205081,34.748201438849],[127.965343,34.719306],[127.975271,34.699937],[127.991547,34.701728],[128.010102,34.708808],[128.02589,34.703111],[128.040538,34.695868],[128.055919,34.698228],[128.060069,34.708401],[128.051606,34.728705],[128.059581,34.732408],[128.065278,34.737535],[128.066012899558,34.748201438849],[128.00875273523,34.748201438849],[127.957311205081,34.748201438849]]],"type":"Polygon"},"id":320,"properties":{"parentKey":"KOR:1159313519","sourceCountryId":"KOR","syntheticOperational":true,"territoryId":"territory:catalog:06668e3c49ff55e6ffc207a20063741c8891d85654465a28c1eec51507b9f889"},"type":"Feature"},{"geometry":{"coordinates":[[[128.005865102639,35.179856115108],[128.119970738844,35.179856115108],[128.269794721408,35.179856115108],[128.269794721408,35.395683453237],[128.117647058824,35.395683453237],[128.005865102639,35.395683453237],[128.005865102639,35.179856115108]]],"type":"Polygon"},"id":321,"properties":{"parentKey":"KOR:1159313519","sourceCountryId":"KOR","syntheticOperational":true,"territoryId":"territory:catalog:63e249bda0d4275af8bbeb1e018917c0840f32d6f979e9ce00f085dbe8c58e91"},"type":"Feature"},{"geometry":{"coordinates":[[[127.104132600657,37.661870503597],[127.107415,37.657392],[127.11403,37.625559],[127.124468,37.603312],[127.125088,37.578895],[127.116988093719,37.553956834532],[127.154180721314,37.553956834532],[127.16674,37.557553],[127.1871,37.557785],[127.189112635561,37.553956834532],[127.210884353742,37.553956834532],[127.210884353742,37.661870503597],[127.104132600657,37.661870503597]]],"type":"Polygon"},"id":322,"properties":{"parentKey":"KOR:1159312027","sourceCountryId":"KOR","syntheticOperational":true,"territoryId":"territory:catalog:feaafff204a190340c64f19363b889375de3358c37294924fdfa924af2934bbc"},"type":"Feature"},{"geometry":{"coordinates":[[[127.849223946785,35.98815443911],[127.851969,35.986951],[127.864785,35.996459],[127.877601,36.007363],[127.901888,36.017001],[127.927003,36.023822],[127.93924557108,36.043165467626],[127.849223946785,36.043165467626],[127.849223946785,35.98815443911]]],"type":"Polygon"},"id":323,"properties":{"parentKey":"KOR:1159312109","sourceCountryId":"KOR","syntheticOperational":true,"territoryId":"territory:catalog:0a9b6036f9ff6c68ad3990a47793733fa088e47f6954215ad6c12dfbf9d27763"},"type":"Feature"},{"geometry":{"coordinates":[[[126.705370101597,34.437119502242],[126.708263,34.436469],[126.71754,34.43183],[126.723643,34.430813],[126.726899,34.43301],[126.728038,34.437893],[126.727061,34.442776],[126.723643,34.445014],[126.708751,34.449897],[126.723155,34.460842],[126.761485,34.479193],[126.739106,34.502672],[126.735118,34.514879],[126.765961,34.523383],[126.765636,34.531806],[126.76533657262,34.532374100719],[126.705370101597,34.532374100719],[126.705370101597,34.437119502242]]],"type":"Polygon"},"id":324,"properties":{"parentKey":"KOR:1159313529","sourceCountryId":"KOR","syntheticOperational":true,"territoryId":"territory:catalog:c3e356c2d1025e74026da837eeb7f9ef0889446865be605e6885f330e8e1f135"},"type":"Feature"},{"geometry":{"coordinates":[[[126.258503401361,37.76754630195],[126.296235,37.761135],[126.318207,37.762274],[126.329194792611,37.769784172662],[126.258503401361,37.769784172662],[126.258503401361,37.76754630195]]],"type":"Polygon"},"id":325,"properties":{"parentKey":"KOR:1159312027","sourceCountryId":"KOR","syntheticOperational":true,"territoryId":"territory:catalog:dfc993d081844915b5393e67acafa5a5e586336c903fec45f90d4c8fe0cc294c"},"type":"Feature"},{"geometry":{"coordinates":[[[126.663431473749,37.877697841727],[126.667459,37.82781],[126.682628,37.836005],[126.692475,37.837104],[126.699962,37.829657],[126.689464,37.813666],[126.684906,37.793606],[126.686045,37.782183],[126.68686,37.773627],[126.689175606413,37.769784172662],[126.777862016679,37.769784172662],[126.777862016679,37.877697841727],[126.663431473749,37.877697841727]]],"type":"Polygon"},"id":326,"properties":{"parentKey":"KOR:1159312027","sourceCountryId":"KOR","syntheticOperational":true,"territoryId":"territory:catalog:34e8ee727602ff87fd5066caf7465b7e9508759c338e2328ec57a41c22f2669c"},"type":"Feature"},{"geometry":{"coordinates":[[[127.374545454545,34.598253804511],[127.379161,34.600002],[127.3921,34.602037],[127.406749,34.598131],[127.45224,34.574774],[127.46461,34.577338],[127.484141,34.576565],[127.49444,34.583777],[127.50359,34.591325],[127.500759,34.612164],[127.495209,34.623236],[127.45224,34.636868],[127.459727,34.638251],[127.477306,34.63817],[127.487559,34.636868],[127.466156,34.662177],[127.434906,34.678697],[127.406016,34.700019],[127.3921,34.739814],[127.394867,34.742499],[127.400238,34.743638],[127.402354,34.747138],[127.401563206276,34.748201438849],[127.374545454545,34.748201438849],[127.374545454545,34.598253804511]]],"type":"Polygon"},"id":327,"properties":{"parentKey":"KOR:1159313529","sourceCountryId":"KOR","syntheticOperational":true,"territoryId":"territory:catalog:ee6e0a6500069c9684a2611673a3ffca8f09169da117ae56563457ed8800077f"},"type":"Feature"},{"geometry":{"coordinates":[[[126.861678928261,38.093525179856],[126.889733840304,38.093525179856],[126.889733840304,38.111266895357],[126.864793,38.096022],[126.861678928261,38.093525179856]]],"type":"Polygon"},"id":328,"properties":{"parentKey":"KOR:1159312027","sourceCountryId":"KOR","syntheticOperational":true,"territoryId":"territory:catalog:c9131c3840bacff1e1b4274a7238daeab99d9e808d598e1297103b522684ba5c"},"type":"Feature"},{"geometry":{"coordinates":[[[127.264573991031,36.8702338909],[127.267819,36.864107],[127.279601,36.854185],[127.293037,36.847932],[127.310193,36.820233],[127.323319,36.812844],[127.322286,36.792277],[127.330554,36.786205],[127.337168,36.776153],[127.339339,36.76481],[127.336858,36.753519],[127.332001,36.742977],[127.3289,36.732048],[127.327557,36.723444],[127.322492,36.715795],[127.313191,36.713703],[127.303682,36.714891],[127.29531,36.707682],[127.283096058268,36.690647482014],[127.4217585693,36.690647482014],[127.533632286996,36.690647482014],[127.533632286996,36.906474820144],[127.376311844078,36.906474820144],[127.349582003847,36.906474820144],[127.347297,36.905861],[127.304819,36.88948],[127.264573991031,36.880021458376],[127.264573991031,36.8702338909]]],"type":"Polygon"},"id":329,"properties":{"parentKey":"KOR:1159312109","sourceCountryId":"KOR","syntheticOperational":true,"territoryId":"territory:catalog:5dbd54ee455480d54a9b5502957789a82c650705d83af7ff698fb1cceef907d1"},"type":"Feature"},{"geometry":{"coordinates":[[[126.753184,34.386949],[126.757579,34.383246],[126.762462,34.382961],[126.767263,34.380032],[126.769379,34.371324],[126.769216,34.360989],[126.775727,34.354722],[126.781098,34.357856],[126.784028,34.368598],[126.793305,34.378892],[126.819672,34.389065],[126.824718,34.395209],[126.833263,34.396959],[126.85377,34.39175],[126.861095,34.392768],[126.860199,34.398871],[126.853526,34.406887],[126.845876,34.413967],[126.836599,34.418647],[126.835785,34.421047],[126.840994,34.425482],[126.84018,34.432074],[126.83546,34.438056],[126.823009,34.439846],[126.802257,34.435777],[126.782481,34.426744],[126.768403,34.411363],[126.761485,34.398749],[126.756847,34.39289],[126.753184,34.386949]]],"type":"Polygon"},"id":330,"properties":{"parentKey":"KOR:1159313529","sourceCountryId":"KOR","syntheticOperational":true,"territoryId":"territory:catalog:e6f19dcf9a48be3084b2e95412280cf8722cc503525ec60299a6cd1b307f6fb8"},"type":"Feature"},{"geometry":{"coordinates":[[[126.889733840304,37.985611510791],[126.914329037149,37.985611510791],[127.026615969582,37.985611510791],[127.026615969582,38.093525179856],[126.889733840304,38.093525179856],[126.889733840304,37.985611510791]]],"type":"Polygon"},"id":331,"properties":{"parentKey":"KOR:1159312027","sourceCountryId":"KOR","syntheticOperational":true,"territoryId":"territory:catalog:ffa0bd1c1ee7ba10be6261fb5e1bd761383f58b237bbfd66c575632b6c139a2c"},"type":"Feature"},{"geometry":{"coordinates":[[[127.068098007809,36.474820143885],[127.153502235469,36.474820143885],[127.153502235469,36.675805161079],[127.107127641627,36.690647482014],[127.103822956196,36.690647482014],[127.080932,36.63978],[127.084057,36.48829],[127.068864,36.476585],[127.068098007809,36.474820143885]]],"type":"Polygon"},"id":332,"properties":{"parentKey":"KOR:1159316481","sourceCountryId":"KOR","syntheticOperational":true,"territoryId":"territory:catalog:67d20c20988beeb9c6cd99cdd65b74dd5c1dc0ec4de1c7e18728b9e69020dbd5"},"type":"Feature"},{"geometry":{"coordinates":[[[128.330527130584,35.611510791367],[128.340311,35.610178],[128.36739,35.599584],[128.382352941176,35.590443126334],[128.382352941176,35.611510791367],[128.330527130584,35.611510791367]]],"type":"Polygon"},"id":333,"properties":{"parentKey":"KOR:1159313537","sourceCountryId":"KOR","syntheticOperational":true,"territoryId":"territory:catalog:9ab6d1422456a0a65f6f97ff1089a367fc801b279411ed4ff244aeb030a520fe"},"type":"Feature"},{"geometry":{"coordinates":[[[127.518139,37.683178],[127.530025,37.670983],[127.556483,37.677752],[127.556240271415,37.661870503597],[127.619047619048,37.661870503597],[127.619047619048,37.769784172662],[127.5966641395,37.769784172662],[127.539966078786,37.769784172662],[127.540153,37.759969],[127.534366,37.746353],[127.542427,37.728395],[127.547285,37.710308],[127.518139,37.683178]]],"type":"Polygon"},"id":334,"properties":{"parentKey":"KOR:1159312111","sourceCountryId":"KOR","syntheticOperational":true,"territoryId":"territory:catalog:874bc1f39b6e21d7d49287e146a40e133a45de067b352eb7367a1d8e8f17355c"},"type":"Feature"},{"geometry":{"coordinates":[[[126.991466,34.356269],[126.994314,34.354682],[127.000824,34.352851],[127.017589,34.351549],[127.024262,34.348212],[127.026622,34.343166],[127.023692,34.339179],[127.045584,34.335435],[127.049164,34.331448],[127.042817,34.327948],[127.037852,34.321723],[127.038424727514,34.31654676259],[127.048623949437,34.31654676259],[127.049083,34.316718],[127.066742,34.328192],[127.073985,34.334174],[127.067882,34.337063],[127.065278,34.339789],[127.072439,34.342108],[127.082367,34.340277],[127.090831,34.336737],[127.096934,34.337795],[127.094981,34.342475],[127.091563,34.344916],[127.08546,34.351386],[127.082042,34.355943],[127.077403,34.35932],[127.067393,34.358385],[127.053722,34.354804],[127.045909,34.357652],[127.042166,34.366685],[127.035655,34.374742],[127.028575,34.380439],[127.025401,34.381334],[127.026215,34.37873],[127.016287,34.371894],[127.007009,34.362616],[127.001231,34.359361],[126.993826,34.35814],[126.991466,34.356269]]],"type":"Polygon"},"id":335,"properties":{"parentKey":"KOR:1159313529","sourceCountryId":"KOR","syntheticOperational":true,"territoryId":"territory:catalog:029a97a095568b864a8f3ca56891ff3be5c8ebd98ffa5e6db4e8a24710647f17"},"type":"Feature"},{"geometry":{"coordinates":[[[126.822885,35.234077],[126.850273,35.184881],[126.860507477803,35.179856115108],[126.950146627566,35.179856115108],[126.950146627566,35.249638846379],[126.933989,35.254593],[126.9066,35.247875],[126.880349,35.242991],[126.844485,35.250769],[126.822885,35.234077]]],"type":"Polygon"},"id":336,"properties":{"parentKey":"KOR:1159313255","sourceCountryId":"KOR","syntheticOperational":true,"territoryId":"territory:catalog:f2c401a6cabfb15a2a6c4be31878dda73b23e5b4025f96be4b480c1e19c5f6a6"},"type":"Feature"},{"geometry":{"coordinates":[[[128.455772113943,37.067209616756],[128.460407,37.067867],[128.484489,37.074016],[128.508363,37.074146],[128.532134,37.059754],[128.558489,37.046111],[128.584534,37.042003],[128.609959,37.039652],[128.630216,37.032624],[128.650267,37.022262],[128.675898,37.011385],[128.700599,37.003091],[128.725637181409,36.998780633774],[128.725637181409,37.122302158273],[128.571428571429,37.122302158273],[128.455772113943,37.122302158273],[128.455772113943,37.067209616756]]],"type":"Polygon"},"id":337,"properties":{"parentKey":"KOR:1159312111","sourceCountryId":"KOR","syntheticOperational":true,"territoryId":"territory:catalog:fbe3f60067b0c3d9cc3480d8c908b0ac46b85eb5f58fcba42dcd43f78e264f08"},"type":"Feature"},{"geometry":{"coordinates":[[[127.608153799983,36.043165467626],[127.619012,36.029507],[127.62759,36.021161],[127.637098,36.014107],[127.64516,36.015709],[127.651671,36.022763],[127.668621,36.014675],[127.683607,36.000284],[127.728359,35.988372],[127.737661,35.978941],[127.75368,35.97522],[127.785823,35.991163],[127.82272,36.00465],[127.837293,35.993385],[127.849223946785,35.98815443911],[127.849223946785,36.043165467626],[127.694588584136,36.043165467626],[127.608153799983,36.043165467626]]],"type":"Polygon"},"id":338,"properties":{"parentKey":"KOR:1159312109","sourceCountryId":"KOR","syntheticOperational":true,"territoryId":"territory:catalog:6e2a4b8d283865ccfde27bc9766e7598dbce26399d00ceb59db25d5de0edfcdb"},"type":"Feature"},{"geometry":{"coordinates":[[[126.289913579866,34.748201438849],[126.318784825347,34.748201438849],[126.313731,34.751044],[126.305919,34.752875],[126.298432,34.753485],[126.290294,34.75023],[126.289913579866,34.748201438849]]],"type":"Polygon"},"id":339,"properties":{"parentKey":"KOR:1159313529","sourceCountryId":"KOR","syntheticOperational":true,"territoryId":"territory:catalog:3a14941b4988ff69a04aaeb04ffd308ea547fa652eb06c7c09f449c42792db43"},"type":"Feature"},{"geometry":{"coordinates":[[[126.691785983421,37.446043165468],[126.79350208827,37.446043165468],[126.786298,37.45544],[126.770175,37.463838],[126.759426,37.483449],[126.759529,37.507065],[126.700618,37.552023],[126.691785983421,37.551774336922],[126.691785983421,37.446043165468]]],"type":"Polygon"},"id":340,"properties":{"parentKey":"KOR:1159312029","sourceCountryId":"KOR","syntheticOperational":true,"territoryId":"territory:catalog:29afb5056ff70c304913cac4c3e59fa9f5702699a3d7e173d3371b2f381d5c41"},"type":"Feature"},{"geometry":{"coordinates":[[[128.614024,35.177436],[128.622325,35.157375],[128.617931,35.143256],[128.638031,35.149848],[128.646671543526,35.144113338505],[128.646671543526,35.179856115108],[128.615293861634,35.179856115108],[128.614024,35.177436]]],"type":"Polygon"},"id":341,"properties":{"parentKey":"KOR:1159313519","sourceCountryId":"KOR","syntheticOperational":true,"territoryId":"territory:catalog:d2dfcd31840f7609a66a4ea5b5f74677e6497bfb8fa47205d732cbd51e92a8ce"},"type":"Feature"},{"geometry":{"coordinates":[[[129.115646258503,37.553956834532],[129.129308309137,37.553956834532],[129.118988,37.580634],[129.115646258503,37.586097859793],[129.115646258503,37.553956834532]]],"type":"Polygon"},"id":342,"properties":{"parentKey":"KOR:1159312111","sourceCountryId":"KOR","syntheticOperational":true,"territoryId":"territory:catalog:8330478ddf7def63411cabbe3c1ee0d7ace8a687c7f028e550cbef919bbd8511"},"type":"Feature"},{"geometry":{"coordinates":[[[127.376311844078,36.913655251985],[127.380577,36.914801],[127.389568,36.944231],[127.405898,36.95839],[127.43153,36.967253],[127.443622,36.979784],[127.45189,36.996398],[127.467393,37.009576],[127.486927,37.006294],[127.492611,37.000274],[127.517726,37.014278],[127.565475,37.085256],[127.570332,37.093757],[127.57612,37.10156],[127.583872,37.106547],[127.591933,37.111043],[127.599995,37.120706],[127.601048809332,37.122302158273],[127.488721804511,37.122302158273],[127.376311844078,37.122302158273],[127.376311844078,36.913655251985]]],"type":"Polygon"},"id":343,"properties":{"parentKey":"KOR:1159312027","sourceCountryId":"KOR","syntheticOperational":true,"territoryId":"territory:catalog:bb5264e32daa6569b3d28d060fc189707249a4da31465fa4b566fe9e7c47b2ce"},"type":"Feature"},{"geometry":{"coordinates":[[[127.46019711903,37.877697841727],[127.5966641395,37.877697841727],[127.5966641395,37.910664290313],[127.582735,37.912906],[127.564235,37.91965],[127.550282,37.949208],[127.528165,37.950087],[127.504497,37.948847],[127.478658,37.963755],[127.468498386023,37.985611510791],[127.46019711903,37.985611510791],[127.46019711903,37.877697841727]]],"type":"Polygon"},"id":344,"properties":{"parentKey":"KOR:1159312027","sourceCountryId":"KOR","syntheticOperational":true,"territoryId":"territory:catalog:3469818debbebbff13e000ff07225aa10ae905f40a95288a3aa5775c1918d4a2"},"type":"Feature"},{"geometry":{"coordinates":[[[126.27296,36.673163],[126.302338,36.634426],[126.288585,36.610012],[126.292003,36.604234],[126.294281,36.59748],[126.295421,36.590033],[126.295258,36.582709],[126.303966,36.593085],[126.314789,36.60163],[126.327729,36.607571],[126.343028,36.610012],[126.326182,36.628363],[126.324718,36.636623],[126.335704,36.64411],[126.329112,36.66059],[126.310883,36.683987],[126.306830243276,36.690647482014],[126.280877518286,36.690647482014],[126.27296,36.673163]]],"type":"Polygon"},"id":345,"properties":{"parentKey":"KOR:1159313525","sourceCountryId":"KOR","syntheticOperational":true,"territoryId":"territory:catalog:2bc8a814a6e46f2bba667428559f5edfc6e0cae5c3ab5a03e193599138ae522b"},"type":"Feature"},{"geometry":{"coordinates":[[[128.41546626232,37.877697841727],[128.55193328279,37.877697841727],[128.55193328279,37.985611510791],[128.532319391635,37.985611510791],[128.41546626232,37.985611510791],[128.41546626232,37.877697841727]]],"type":"Polygon"},"id":346,"properties":{"parentKey":"KOR:1159312111","sourceCountryId":"KOR","syntheticOperational":true,"territoryId":"territory:catalog:4860343361c1ba00d09c09d9a9b528e09c10429dc45650e177fdcbd6069ec89c"},"type":"Feature"},{"geometry":{"coordinates":[[[128.117647058824,35.395683453237],[128.269794721408,35.395683453237],[128.382352941176,35.395683453237],[128.382352941176,35.590443126334],[128.36739,35.599584],[128.340311,35.610178],[128.330527130584,35.611510791367],[128.288859539897,35.611510791367],[128.281297,35.610643],[128.256028258647,35.611510791367],[128.230088495575,35.611510791367],[128.117647058824,35.611510791367],[128.117647058824,35.395683453237]]],"type":"Polygon"},"id":347,"properties":{"parentKey":"KOR:1159313519","sourceCountryId":"KOR","syntheticOperational":true,"territoryId":"territory:catalog:b2773bfdf889a76af92a2256a9553fd6356460393577a7577d7ea2f0c80c63d7"},"type":"Feature"},{"geometry":{"coordinates":[[[126.222410076279,33.237410071942],[126.231151,33.234923],[126.253917,33.204047],[126.27003,33.197577],[126.286143,33.200385],[126.30379,33.226559],[126.331489674345,33.237410071942],[126.222410076279,33.237410071942]]],"type":"Polygon"},"id":348,"properties":{"parentKey":"KOR:1159313515","sourceCountryId":"KOR","syntheticOperational":true,"territoryId":"territory:catalog:6930e4aabbb4fc7f7a2fa1ae9fe3991817351c0a8ea31c0853187c4261ca7d46"},"type":"Feature"},{"geometry":{"coordinates":[[[129.173372348208,35.155955863077],[129.178896,35.155757],[129.194347,35.155504],[129.199273895504,35.163639191567],[129.197313,35.167234],[129.182188974561,35.179856115108],[129.173372348208,35.179856115108],[129.173372348208,35.155955863077]]],"type":"Polygon"},"id":349,"properties":{"parentKey":"KOR:1159313531","sourceCountryId":"KOR","syntheticOperational":true,"territoryId":"territory:catalog:94d61694dfa70032c098fd1db0467c15aeb3a368a991326488ddace8f45bcbc1"},"type":"Feature"},{"geometry":{"coordinates":[[[129.028910303929,36.043165467626],[129.179600886918,36.043165467626],[129.295774647887,36.043165467626],[129.295774647887,36.258992805755],[129.144981412639,36.258992805755],[129.028910303929,36.258992805755],[129.028910303929,36.043165467626]]],"type":"Polygon"},"id":350,"properties":{"parentKey":"KOR:1159313537","sourceCountryId":"KOR","syntheticOperational":true,"territoryId":"territory:catalog:d73be9f0a664670e63372b4b0501f500594a6b2164ccea841e0086e5c3a259d6"},"type":"Feature"},{"geometry":{"coordinates":[[[127.5966641395,37.910664290313],[127.602165,37.909779],[127.625833,37.881099],[127.625399701525,37.877697841727],[127.73313115997,37.877697841727],[127.73313115997,37.985611510791],[127.71102661597,37.985611510791],[127.5966641395,37.985611510791],[127.5966641395,37.910664290313]]],"type":"Polygon"},"id":351,"properties":{"parentKey":"KOR:1159312111","sourceCountryId":"KOR","syntheticOperational":true,"territoryId":"territory:catalog:06c7eec4541b38cb6eddb211da8efab9e4184669b945bea1f4d0804df577d793"},"type":"Feature"},{"geometry":{"coordinates":[[[128.074349442379,36.258992805755],[128.228317272053,36.258992805755],[128.342007434944,36.258992805755],[128.342007434944,36.474820143885],[128.22652757079,36.474820143885],[128.074349442379,36.474820143885],[128.074349442379,36.258992805755]]],"type":"Polygon"},"id":352,"properties":{"parentKey":"KOR:1159313537","sourceCountryId":"KOR","syntheticOperational":true,"territoryId":"territory:catalog:8a45a2d0279f4cbaff4287dd4091251871e501b2bbb60918d5ab8f8d740d863e"},"type":"Feature"},{"geometry":{"coordinates":[[[127.688787185355,38.201438848921],[127.71102661597,38.201438848921],[127.826086956522,38.201438848921],[127.826086956522,38.298105445166],[127.800757,38.293917],[127.787011,38.296682],[127.774712,38.306448],[127.772159096297,38.309352517986],[127.688787185355,38.309352517986],[127.688787185355,38.201438848921]]],"type":"Polygon"},"id":353,"properties":{"parentKey":"KOR:1159312111","sourceCountryId":"KOR","syntheticOperational":true,"territoryId":"territory:catalog:b3cb166a4ccd3814be8ca568e112a41fa7469a0777f06f3e3979c0e7c9bac94f"},"type":"Feature"},{"geometry":{"coordinates":[[[127.187263078089,37.877697841727],[127.32373009856,37.877697841727],[127.32373009856,37.985611510791],[127.300380228137,37.985611510791],[127.187263078089,37.985611510791],[127.187263078089,37.877697841727]]],"type":"Polygon"},"id":354,"properties":{"parentKey":"KOR:1159312027","sourceCountryId":"KOR","syntheticOperational":true,"territoryId":"territory:catalog:9e8a7c5b378aa908805e5d449f6573410af3fd25210768b010f21054707383e7"},"type":"Feature"},{"geometry":{"coordinates":[[[126.812084026269,36.047304026212],[126.812104,36.047309],[126.870697,36.061957],[126.868907,36.047512],[126.861415917754,36.043165467626],[126.893995552261,36.043165467626],[126.893995552261,36.095483336989],[126.857094,36.092216],[126.812084026269,36.047304026212]]],"type":"Polygon"},"id":355,"properties":{"parentKey":"KOR:1159313521","sourceCountryId":"KOR","syntheticOperational":true,"territoryId":"territory:catalog:e9e2540520d0cf1e373c87416e090441abed70025ac13e35bb9ecd5443c6c3c6"},"type":"Feature"},{"geometry":{"coordinates":[[[126.636485,34.141547],[126.638682,34.128119],[126.643809,34.127183],[126.648611,34.12401],[126.650401,34.119371],[126.655528,34.116848],[126.665375,34.119086],[126.670421,34.126939],[126.670421,34.13703],[126.671886,34.142971],[126.67628,34.143541],[126.679454,34.146552],[126.676036,34.151435],[126.672048,34.153266],[126.661876,34.165717],[126.663585,34.173326],[126.673106,34.180121],[126.670746,34.189887],[126.653819,34.197089],[126.645274,34.19717],[126.644786,34.193752],[126.636485,34.187161],[126.638438,34.182563],[126.64503,34.177476],[126.642833,34.164618],[126.636485,34.141547]]],"type":"Polygon"},"id":356,"properties":{"parentKey":"KOR:1159313529","sourceCountryId":"KOR","syntheticOperational":true,"territoryId":"territory:catalog:38ad03084de66437ea31cdd18c8843088e6d9788c6d9e372228c536b39a52325"},"type":"Feature"},{"geometry":{"coordinates":[[[126.802721088435,37.553956834532],[126.827430293896,37.553956834532],[126.938775510204,37.553956834532],[126.938775510204,37.611342583487],[126.921173,37.610004],[126.915385,37.59414],[126.913732,37.576931],[126.892544,37.5667],[126.868773,37.560292],[126.836734,37.575795],[126.808725,37.577216],[126.802721088435,37.56697818096],[126.802721088435,37.553956834532]]],"type":"Polygon"},"id":357,"properties":{"parentKey":"KOR:1159312115","sourceCountryId":"KOR","syntheticOperational":true,"territoryId":"territory:catalog:84e9e225e0c6a2ca7aa8cb7df3b4336beef69176191d728e2a6bb939af55b1a9"},"type":"Feature"},{"geometry":{"coordinates":[[[127.376161163758,36.043165467626],[127.383367,36.032659],[127.416543,36.019145],[127.429359,36.01651],[127.435354,36.006536],[127.428326,35.995116],[127.43246,35.98708],[127.490337,35.980931],[127.511938,35.98522],[127.541394,35.986331],[127.571056,35.992997],[127.583148558758,36.00160338878],[127.583148558758,36.043165467626],[127.427724240178,36.043165467626],[127.376161163758,36.043165467626]]],"type":"Polygon"},"id":358,"properties":{"parentKey":"KOR:1159313525","sourceCountryId":"KOR","syntheticOperational":true,"territoryId":"territory:catalog:6ec699cd3a03267b5e5f076c319e6ac0f36bcb18f284b363e786d48829d6fccb"},"type":"Feature"},{"geometry":{"coordinates":[[[127.300380228137,37.985611510791],[127.32373009856,37.985611510791],[127.437262357414,37.985611510791],[127.437262357414,38.064518907335],[127.437111,38.064499],[127.43184,38.060468],[127.425225,38.059719],[127.408172,38.069227],[127.366417,38.057574],[127.328073,38.064912],[127.31257,38.072353],[127.300380228137,38.081037624664],[127.300380228137,37.985611510791]]],"type":"Polygon"},"id":359,"properties":{"parentKey":"KOR:1159312027","sourceCountryId":"KOR","syntheticOperational":true,"territoryId":"territory:catalog:059d7f7bb81a4aa5d253f1d304a1b999dd45efcb0868fdc6fd6c0e3263260b2d"},"type":"Feature"},{"geometry":{"coordinates":[[[126.500743,37.054999],[126.502921,37.039521],[126.512254,37.01643],[126.53297,37.000922],[126.552013,36.993598],[126.566173,36.99079],[126.566716641679,36.990278725519],[126.566716641679,37.029277165019],[126.549327,37.039211],[126.535004,37.049262],[126.519054,37.055406],[126.500743,37.054999]]],"type":"Polygon"},"id":360,"properties":{"parentKey":"KOR:1159313525","sourceCountryId":"KOR","syntheticOperational":true,"territoryId":"territory:catalog:146c5c6f28756fb904c8b632436fa29649e614d6df7f685b7ddc6b4ea8e1518d"},"type":"Feature"},{"geometry":{"coordinates":[[[128.185907046477,36.906474820144],[128.340807174888,36.906474820144],[128.455772113943,36.906474820144],[128.455772113943,37.067209616756],[128.43891,37.064818],[128.42072,37.063733],[128.413485,37.076884],[128.393641,37.093343],[128.395398,37.107606],[128.385477,37.116339],[128.337831,37.111999],[128.307445,37.103885],[128.29835,37.100475],[128.289462,37.10063],[128.275302,37.106883],[128.264347,37.116753],[128.268829645534,37.122302158273],[128.185907046477,37.122302158273],[128.185907046477,36.906474820144]]],"type":"Polygon"},"id":361,"properties":{"parentKey":"KOR:1159312109","sourceCountryId":"KOR","syntheticOperational":true,"territoryId":"territory:catalog:555b3ed095707341f60b251334f70508789f287a3dc3ef8d66c3d14976bbc2bc"},"type":"Feature"},{"geometry":{"coordinates":[[[127.427724240178,36.043165467626],[127.583148558758,36.043165467626],[127.608153799983,36.043165467626],[127.596274,36.058109],[127.575914,36.087436],[127.567335,36.121723],[127.568679,36.156295],[127.558344,36.186034],[127.527648,36.201227],[127.497985,36.209005],[127.465739,36.203604],[127.463052,36.232052],[127.464764120509,36.258992805755],[127.427724240178,36.258992805755],[127.427724240178,36.043165467626]]],"type":"Polygon"},"id":362,"properties":{"parentKey":"KOR:1159313525","sourceCountryId":"KOR","syntheticOperational":true,"territoryId":"territory:catalog:9fc56ab4519277fc022d4abbca413b8fcd958a45ed86356dc6bf527d5e8af881"},"type":"Feature"},{"geometry":{"coordinates":[[[127.077546,35.3758],[127.083644,35.357248],[127.104004,35.338463],[127.102661,35.305391],[127.126742,35.284436],[127.163949,35.279914],[127.192681,35.29397],[127.214076246334,35.296863912838],[127.214076246334,35.395683453237],[127.083674806394,35.395683453237],[127.077546,35.3758]]],"type":"Polygon"},"id":363,"properties":{"parentKey":"KOR:1159313521","sourceCountryId":"KOR","syntheticOperational":true,"territoryId":"territory:catalog:d9dda9f2c97a599246463d165e75c0d4001f4b0ebd21760f8c5e33a174a7127d"},"type":"Feature"},{"geometry":{"coordinates":[[[128.271334792123,34.915336649992],[128.279063,34.906806],[128.302257,34.908026],[128.318696,34.934068],[128.335053,34.947333],[128.357758,34.909898],[128.334727,34.902574],[128.324474,34.897284],[128.326508,34.889065],[128.340831,34.872707],[128.35377,34.868476],[128.415863,34.862738],[128.410899,34.856024],[128.40268,34.854804],[128.383397,34.854587],[128.382883,34.83929],[128.41293,34.837635],[128.435313,34.843166],[128.460541,34.870185],[128.474457,34.890692],[128.460948,34.903713],[128.457856,34.893866],[128.450938,34.885891],[128.442149,34.88349],[128.432953,34.890692],[128.44044,34.931627],[128.441742,34.95246],[128.441417,34.959947],[128.440651274941,34.964028776978],[128.383321141185,34.964028776978],[128.271334792123,34.964028776978],[128.271334792123,34.915336649992]]],"type":"Polygon"},"id":364,"properties":{"parentKey":"KOR:1159313519","sourceCountryId":"KOR","syntheticOperational":true,"territoryId":"territory:catalog:e0a11c7b49ce742dfbe25d3550ececdc5bb60084f4bb642d984d0ef0e3bd552f"},"type":"Feature"},{"geometry":{"coordinates":[[[128.571428571429,37.553956834532],[128.726450640543,37.553956834532],[128.843537414966,37.553956834532],[128.843537414966,37.769784172662],[128.82486732373,37.769784172662],[128.68840030326,37.769784172662],[128.571428571429,37.769784172662],[128.571428571429,37.553956834532]]],"type":"Polygon"},"id":365,"properties":{"parentKey":"KOR:1159312111","sourceCountryId":"KOR","syntheticOperational":true,"territoryId":"territory:catalog:fbb61d6d54be7931f1d7dfa17251d3b919575b1e8fee71a951df88a8886d95a7"},"type":"Feature"},{"geometry":{"coordinates":[[[126.950146627566,35.179856115108],[126.993731725514,35.179856115108],[127.005819,35.193046],[126.985562,35.23878],[126.950146627566,35.249638846379],[126.950146627566,35.179856115108]]],"type":"Polygon"},"id":366,"properties":{"parentKey":"KOR:1159313255","sourceCountryId":"KOR","syntheticOperational":true,"territoryId":"territory:catalog:ef098a2189830110ad404045f5bc36769ec3ed1cf6d2497629d169b8201e245d"},"type":"Feature"},{"geometry":{"coordinates":[[[127.583148558758,35.827338129496],[127.699115044248,35.827338129496],[127.849223946785,35.827338129496],[127.849223946785,35.98815443911],[127.837293,35.993385],[127.82272,36.00465],[127.785823,35.991163],[127.75368,35.97522],[127.737661,35.978941],[127.728359,35.988372],[127.683607,36.000284],[127.668621,36.014675],[127.651671,36.022763],[127.64516,36.015709],[127.637098,36.014107],[127.62759,36.021161],[127.619012,36.029507],[127.595344,36.010283],[127.583148558758,36.00160338878],[127.583148558758,35.827338129496]]],"type":"Polygon"},"id":367,"properties":{"parentKey":"KOR:1159313521","sourceCountryId":"KOR","syntheticOperational":true,"territoryId":"territory:catalog:e91464c4d9c947ab76fc801058cf20b46a4186a3edc6598bd0f1913c3f4da810"},"type":"Feature"},{"geometry":{"coordinates":[[[127.788717,36.564849],[127.799983,36.541982],[127.839153,36.536633],[127.888143,36.479402],[127.882309943482,36.474820143885],[127.95827123696,36.474820143885],[127.95827123696,36.690647482014],[127.945172210273,36.690647482014],[127.92876,36.670992],[127.893827,36.657685],[127.862718,36.64071],[127.860134,36.628824],[127.860754,36.619496],[127.855173,36.60929],[127.832642,36.584977],[127.818173,36.572522],[127.803497,36.570378],[127.788717,36.564849]]],"type":"Polygon"},"id":368,"properties":{"parentKey":"KOR:1159313537","sourceCountryId":"KOR","syntheticOperational":true,"territoryId":"territory:catalog:e1027b56009622de17a8ce90aac4fde427f7f6a25e358682442a1b74a3b650c2"},"type":"Feature"},{"geometry":{"coordinates":[[[127.160859896219,36.043165467626],[127.317073170732,36.043165467626],[127.376161163758,36.043165467626],[127.338409,36.09821],[127.306473,36.121155],[127.289729,36.10728],[127.276294,36.090356],[127.255313,36.086842],[127.241154,36.081726],[127.226684,36.077643],[127.171597,36.068961],[127.160859896219,36.065593316159],[127.160859896219,36.043165467626]]],"type":"Polygon"},"id":369,"properties":{"parentKey":"KOR:1159313521","sourceCountryId":"KOR","syntheticOperational":true,"territoryId":"territory:catalog:20fd70663644e8571111c75f63e27cb81affb925766059ff7a9cf259deff7238"},"type":"Feature"},{"geometry":{"coordinates":[[[128.115299334811,35.827338129496],[128.230088495575,35.827338129496],[128.381374722838,35.827338129496],[128.381374722838,36.043165467626],[128.228317272053,36.043165467626],[128.115299334811,36.043165467626],[128.115299334811,35.827338129496]]],"type":"Polygon"},"id":370,"properties":{"parentKey":"KOR:1159313537","sourceCountryId":"KOR","syntheticOperational":true,"territoryId":"territory:catalog:18296c19a7b12796a777ffa03af0f93eac0deda9c1f4df64d95b87be033ece15"},"type":"Feature"},{"geometry":{"coordinates":[[[128.987714,35.49866],[129.0027,35.473959],[129.064298,35.466259],[129.09024,35.450188],[129.133441,35.40988],[129.16503867619,35.395683453237],[129.176470588235,35.395683453237],[129.176470588235,35.611510791367],[129.076019001586,35.611510791367],[129.073703,35.607904],[129.058304,35.607594],[129.032569,35.595373],[129.008488,35.579508],[129.012725,35.539743],[128.987714,35.49866]]],"type":"Polygon"},"id":371,"properties":{"parentKey":"KOR:1159313533","sourceCountryId":"KOR","syntheticOperational":true,"territoryId":"territory:catalog:93836bc9649aab7b849d339a424f7f5ef2fdb7ba90943c557957d9c1027186f1"},"type":"Feature"},{"geometry":{"coordinates":[[[128.47529,35.84621],[128.481285,35.827736],[128.482541505688,35.827338129496],[128.495575221239,35.827338129496],[128.647450110865,35.827338129496],[128.647450110865,36.006911482635],[128.640345,36.006536],[128.576679,35.999612],[128.529654,35.967986],[128.535958,35.922407],[128.518802,35.907111],[128.508053,35.887448],[128.517561,35.886182],[128.526346,35.883546],[128.524486,35.873573],[128.520249,35.864116],[128.504126,35.861972],[128.489139,35.861894],[128.47529,35.84621]]],"type":"Polygon"},"id":372,"properties":{"parentKey":"KOR:1159313523","sourceCountryId":"KOR","syntheticOperational":true,"territoryId":"territory:catalog:4bf9b034bc41d40dcb4a3f78423b83842531fce2c7ca7f8413a68514966d4b8a"},"type":"Feature"},{"geometry":{"coordinates":[[[127.50565184627,37.446043165468],[127.641296156745,37.446043165468],[127.641296156745,37.553956834532],[127.619047619048,37.553956834532],[127.50565184627,37.553956834532],[127.50565184627,37.446043165468]]],"type":"Polygon"},"id":373,"properties":{"parentKey":"KOR:1159312027","sourceCountryId":"KOR","syntheticOperational":true,"territoryId":"territory:catalog:e3e42d2be27399d7cf7e1dbe79ca55c62c8e841186e386a9c722f4c4d462784f"},"type":"Feature"},{"geometry":{"coordinates":[[[126.493419,36.997016],[126.497813,36.994208],[126.559093,36.942369],[126.566716641679,36.932229726003],[126.566716641679,36.974950168149],[126.562755,36.97309],[126.550304,36.973131],[126.54005,36.976874],[126.531586,36.982896],[126.515636,36.998847],[126.505382,37.006578],[126.496837,37.007799],[126.493419,36.997016]]],"type":"Polygon"},"id":374,"properties":{"parentKey":"KOR:1159313525","sourceCountryId":"KOR","syntheticOperational":true,"territoryId":"territory:catalog:cbd70664ddc775394f237f09c6b10f88650e998565bf1ec1d886faf9139eaef3"},"type":"Feature"},{"geometry":{"coordinates":[[[126.056,35.061347],[126.060395,35.060736],[126.062999,35.059027],[126.06544,35.05683],[126.069102,35.054592],[126.078624,35.055854],[126.105235,35.050035],[126.110606,35.051174],[126.114268,35.059312],[126.122813,35.06981],[126.134044,35.078803],[126.144786,35.082465],[126.131358,35.100246],[126.126964,35.110541],[126.127778,35.120551],[126.134776,35.128974],[126.165212,35.1435],[126.149913,35.146877],[126.129405,35.14289],[126.111339,35.133287],[126.10377,35.119696],[126.098888,35.113267],[126.087901,35.108873],[126.07602,35.105618],[126.069102,35.102362],[126.063813,35.093085],[126.056,35.061347]]],"type":"Polygon"},"id":375,"properties":{"parentKey":"KOR:1159313529","sourceCountryId":"KOR","syntheticOperational":true,"territoryId":"territory:catalog:0a26d5ba5af89e5291a6dfc46a3245bd358df31b2f9a396a666eb5817684e294"},"type":"Feature"},{"geometry":{"coordinates":[[[126.327272727273,34.532374100719],[126.354674423998,34.532374100719],[126.350352,34.538153],[126.349457,34.54682],[126.327272727273,34.535289041993],[126.327272727273,34.532374100719]]],"type":"Polygon"},"id":376,"properties":{"parentKey":"KOR:1159313529","sourceCountryId":"KOR","syntheticOperational":true,"territoryId":"territory:catalog:f31869a0062c0a65b04624a4040a6597038a5f03f18086e968ce5460d35ddc37"},"type":"Feature"},{"geometry":{"coordinates":[[[128.274785,38.571497],[128.276955,38.554056],[128.284108619393,38.525179856115],[128.355011476664,38.525179856115],[128.355011476664,38.62030593467],[128.308374,38.60134],[128.281089,38.584416],[128.274785,38.571497]]],"type":"Polygon"},"id":377,"properties":{"parentKey":"KOR:1159312111","sourceCountryId":"KOR","syntheticOperational":true,"territoryId":"territory:catalog:4b60bde682905d3995eac6a4355e2464fa65643dff2e254da257592299c97ce7"},"type":"Feature"},{"geometry":{"coordinates":[[[126.36964,37.785346],[126.369960672736,37.769784172662],[126.394557823129,37.769784172662],[126.504927975739,37.769784172662],[126.504927975739,37.776346609516],[126.503591,37.777411],[126.471446,37.790229],[126.456309,37.801215],[126.441254,37.815334],[126.425304,37.824449],[126.407074,37.820705],[126.383474,37.799018],[126.37379,37.796129],[126.36964,37.785346]]],"type":"Polygon"},"id":378,"properties":{"parentKey":"KOR:1159312027","sourceCountryId":"KOR","syntheticOperational":true,"territoryId":"territory:catalog:1a4d63b025d5697d7ee37f353f9de14670c62ed06854f14d103533da613f8722"},"type":"Feature"},{"geometry":{"coordinates":[[[126.463736,35.601973],[126.513158,35.576897],[126.529411764706,35.579059173884],[126.529411764706,35.611510791367],[126.464802451432,35.611510791367],[126.463736,35.601973]]],"type":"Polygon"},"id":379,"properties":{"parentKey":"KOR:1159313521","sourceCountryId":"KOR","syntheticOperational":true,"territoryId":"territory:catalog:18d5ecc640c3c7927b594c8ec1f11f94a58e29fda3c132cc7b12174b6bcd3f1a"},"type":"Feature"},{"geometry":{"coordinates":[[[127.300380228137,38.093525179856],[127.437262357414,38.093525179856],[127.437262357414,38.201438848921],[127.414187643021,38.201438848921],[127.300380228137,38.201438848921],[127.300380228137,38.139147892097],[127.307093,38.137879],[127.313707,38.133512],[127.309677,38.127027],[127.303992,38.120257],[127.300380228137,38.11197382923],[127.300380228137,38.093525179856]]],"type":"Polygon"},"id":380,"properties":{"parentKey":"KOR:1159312111","sourceCountryId":"KOR","syntheticOperational":true,"territoryId":"territory:catalog:463df51682e7e8256232a6a2923a8b31c823c43f7e27b2e58be834c56c6a6561"},"type":"Feature"},{"geometry":{"coordinates":[[[126.088634,37.225979],[126.092784,37.22484],[126.099864,37.228013],[126.10255,37.228664],[126.105154,37.223578],[126.111664,37.214545],[126.121593,37.210924],[126.133311,37.212348],[126.135338345865,37.213032683665],[126.135338345865,37.245418029016],[126.126964,37.248928],[126.119802,37.253607],[126.112804,37.263088],[126.104747,37.267524],[126.097423,37.259426],[126.091807,37.245917],[126.088715,37.22956],[126.088634,37.225979]]],"type":"Polygon"},"id":381,"properties":{"parentKey":"KOR:1159312027","sourceCountryId":"KOR","syntheticOperational":true,"territoryId":"territory:catalog:9fe6afed715c684ea0f523b668844d60f9e3311999a95d793e8149561488b0d9"},"type":"Feature"},{"geometry":{"coordinates":[[[127.5966641395,37.769784172662],[127.619047619048,37.769784172662],[127.73313115997,37.769784172662],[127.73313115997,37.877697841727],[127.625399701525,37.877697841727],[127.620665,37.840533],[127.609193,37.82658],[127.5966641395,37.823353210771],[127.5966641395,37.769784172662]]],"type":"Polygon"},"id":382,"properties":{"parentKey":"KOR:1159312111","sourceCountryId":"KOR","syntheticOperational":true,"territoryId":"territory:catalog:7ff0d0eb2cd7a34b94c3a9bb79e5565b3cdb8537642a43179b8ec649c7988acf"},"type":"Feature"},{"geometry":{"coordinates":[[[127.86959818044,37.877697841727],[128.00606520091,37.877697841727],[128.00606520091,37.985611510791],[127.984790874525,37.985611510791],[127.86959818044,37.985611510791],[127.86959818044,37.877697841727]]],"type":"Polygon"},"id":383,"properties":{"parentKey":"KOR:1159312111","sourceCountryId":"KOR","syntheticOperational":true,"territoryId":"territory:catalog:2359b86ba6f440e9840e120f80f2fa56b34b66b0c8f597d8595de001c499147b"},"type":"Feature"},{"geometry":{"coordinates":[[[128.268829645534,37.122302158273],[128.300751879699,37.122302158273],[128.300751879699,37.148926611318],[128.281504,37.137992],[128.268829645534,37.122302158273]]],"type":"Polygon"},"id":384,"properties":{"parentKey":"KOR:1159312111","sourceCountryId":"KOR","syntheticOperational":true,"territoryId":"territory:catalog:427d405ccf7275512c9f9228940bcb87600e6d6a13b7075ea598376912379902"},"type":"Feature"},{"geometry":{"coordinates":[[[127.533632286996,36.690647482014],[127.69001490313,36.690647482014],[127.80269058296,36.690647482014],[127.80269058296,36.906474820144],[127.646176911544,36.906474820144],[127.533632286996,36.906474820144],[127.533632286996,36.690647482014]]],"type":"Polygon"},"id":385,"properties":{"parentKey":"KOR:1159312109","sourceCountryId":"KOR","syntheticOperational":true,"territoryId":"territory:catalog:8affca912a10878943cb43bd2732a86149f3823542d24caa8ccb7da1067f0283"},"type":"Feature"},{"geometry":{"coordinates":[[[127.53974,37.604578],[127.561961,37.589696],[127.588729,37.596413],[127.616324,37.593029],[127.619047619048,37.591608358569],[127.619047619048,37.661870503597],[127.556240271415,37.661870503597],[127.556173,37.657469],[127.552039,37.63778],[127.541497,37.620779],[127.53974,37.604578]]],"type":"Polygon"},"id":386,"properties":{"parentKey":"KOR:1159312111","sourceCountryId":"KOR","syntheticOperational":true,"territoryId":"territory:catalog:5bbde784cce725f89c3bb5a47132f2e4aba9ad56ed150f63e2419d07df58d2a8"},"type":"Feature"},{"geometry":{"coordinates":[[[128.14253222138,37.769784172662],[128.27899924185,37.769784172662],[128.27899924185,37.877697841727],[128.14253222138,37.877697841727],[128.14253222138,37.769784172662]]],"type":"Polygon"},"id":387,"properties":{"parentKey":"KOR:1159312111","sourceCountryId":"KOR","syntheticOperational":true,"territoryId":"territory:catalog:a41135bfc30ad1c836773bb32b0103b5ea5d246f30a92876616db65a7504da6c"},"type":"Feature"},{"geometry":{"coordinates":[[[126.968247051428,35.395683453237],[126.980084,35.382595],[127.010987,35.382905],[127.013116592887,35.395683453237],[126.968247051428,35.395683453237]]],"type":"Polygon"},"id":388,"properties":{"parentKey":"KOR:1159313521","sourceCountryId":"KOR","syntheticOperational":true,"territoryId":"territory:catalog:3cc3851436900c4b9d745b55ce237ea7d5a3ff63bc0e4e5a63cd8159bfe67d8e"},"type":"Feature"},{"geometry":{"coordinates":[[[127.70753,34.533881],[127.709045676504,34.532374100719],[127.750362844702,34.532374100719],[127.767761532792,34.532374100719],[127.761078,34.543118],[127.748057,34.551093],[127.729747,34.549058],[127.712901,34.542426],[127.70753,34.533881]]],"type":"Polygon"},"id":389,"properties":{"parentKey":"KOR:1159313529","sourceCountryId":"KOR","syntheticOperational":true,"territoryId":"territory:catalog:f73dd07750e93505ac1e718ec915bebd99e6e7c257a9fc2ff8b05ccdbf05ec7e"},"type":"Feature"},{"geometry":{"coordinates":[[[127.852941176471,35.395683453237],[128.005865102639,35.395683453237],[128.117647058824,35.395683453237],[128.117647058824,35.611510791367],[127.964601769912,35.611510791367],[127.852941176471,35.611510791367],[127.852941176471,35.395683453237]]],"type":"Polygon"},"id":390,"properties":{"parentKey":"KOR:1159313519","sourceCountryId":"KOR","syntheticOperational":true,"territoryId":"territory:catalog:6ef00c9076fdb58bfd2d73dbcd4786acc3e0f76620d0237df0304994bb9fb064"},"type":"Feature"},{"geometry":{"coordinates":[[[126.80321872714,34.964028776978],[126.958424507659,34.964028776978],[127.066569129481,34.964028776978],[127.066569129481,35.179856115108],[126.993731725514,35.179856115108],[126.966442,35.150077],[126.90474,35.158139],[126.860507477803,35.179856115108],[126.80321872714,35.179856115108],[126.80321872714,34.964028776978]]],"type":"Polygon"},"id":391,"properties":{"parentKey":"KOR:1159313529","sourceCountryId":"KOR","syntheticOperational":true,"territoryId":"territory:catalog:50f39eee8645a01e92cca2424e94f879c69041d3ff406eaf82c9a5642058995c"},"type":"Feature"},{"geometry":{"coordinates":[[[127.154180721314,37.553956834532],[127.189112635561,37.553956834532],[127.1871,37.557785],[127.16674,37.557553],[127.154180721314,37.553956834532]]],"type":"Polygon"},"id":392,"properties":{"parentKey":"KOR:1159312115","sourceCountryId":"KOR","syntheticOperational":true,"territoryId":"territory:catalog:e1985a4bc44cbeb4e0464285d10a7b8d1e8d50b1e9d56e15d726c99afecb2b52"},"type":"Feature"},{"geometry":{"coordinates":[[[127.221006564551,34.748201438849],[127.233880658674,34.748201438849],[127.233897,34.748236],[127.248057,34.766547],[127.261867697046,34.748201438849],[127.374545454545,34.748201438849],[127.401563206276,34.748201438849],[127.395274,34.756659],[127.385265,34.760199],[127.366466,34.753974],[127.357921,34.759711],[127.361583,34.773342],[127.383067,34.783271],[127.425548,34.79442],[127.425548,34.800727],[127.404307,34.805854],[127.37851,34.815131],[127.365326,34.824042],[127.381602,34.82803],[127.424815,34.827135],[127.444672,34.829169],[127.47877,34.839057],[127.483588621444,34.839515647799],[127.483588621444,34.964028776978],[127.329919531822,34.964028776978],[127.221006564551,34.964028776978],[127.221006564551,34.748201438849]]],"type":"Polygon"},"id":393,"properties":{"parentKey":"KOR:1159313529","sourceCountryId":"KOR","syntheticOperational":true,"territoryId":"territory:catalog:159b602d22c2100e291d7b6bcf3b500577a8f461d8d57488aaac5a77f04b0eed"},"type":"Feature"},{"geometry":{"coordinates":[[[126.465517241379,33.453237410072],[126.618911174785,33.453237410072],[126.724137931034,33.453237410072],[126.724137931034,33.557679312953],[126.664692,33.549676],[126.648798,33.553426],[126.582434,33.529284],[126.484935,33.520758],[126.465517241379,33.506794386219],[126.465517241379,33.453237410072]]],"type":"Polygon"},"id":394,"properties":{"parentKey":"KOR:1159313515","sourceCountryId":"KOR","syntheticOperational":true,"territoryId":"territory:catalog:da82750813312c73480eaf4dfb55ac2a5f74f4edcdd2b11a7605902bb1eeba10"},"type":"Feature"},{"geometry":{"coordinates":[[[126.182873730044,34.354448379196],[126.198497,34.355536],[126.209972,34.358791],[126.305186,34.401679],[126.309255,34.417711],[126.309255,34.423977],[126.317149,34.419908],[126.334239,34.406562],[126.335948,34.403469],[126.345876,34.409003],[126.353852,34.419582],[126.373546,34.454413],[126.378917,34.469306],[126.381602,34.484687],[126.380056,34.49844],[126.354674423998,34.532374100719],[126.327272727273,34.532374100719],[126.272466048678,34.532374100719],[126.268321,34.52204],[126.254161,34.51435],[126.238292,34.515692],[126.226573,34.527574],[126.223806,34.513414],[126.216563,34.508979],[126.207042,34.507636],[126.1963,34.502753],[126.187022,34.494208],[126.182873730044,34.488763351432],[126.182873730044,34.354448379196]]],"type":"Polygon"},"id":395,"properties":{"parentKey":"KOR:1159313529","sourceCountryId":"KOR","syntheticOperational":true,"territoryId":"territory:catalog:342f6b056361ff4dcee8f6647ace83ef112bc93101769574cea8b0c32ff8bb8b"},"type":"Feature"},{"geometry":{"coordinates":[[[128.230088495575,35.611510791367],[128.256028258647,35.611510791367],[128.230088495575,35.612401627287],[128.230088495575,35.611510791367]]],"type":"Polygon"},"id":396,"properties":{"parentKey":"KOR:1159313519","sourceCountryId":"KOR","syntheticOperational":true,"territoryId":"territory:catalog:9c61ff3dd0920c856f2f7c271c5b0b60460215b508c5e04a62018499579f01e5"},"type":"Feature"},{"geometry":{"coordinates":[[[128.382352941176,35.590443126334],[128.393021,35.583926],[128.421443,35.579276],[128.47498,35.601652],[128.502369,35.59713],[128.514765870509,35.611510791367],[128.495575221239,35.611510791367],[128.382352941176,35.611510791367],[128.382352941176,35.590443126334]]],"type":"Polygon"},"id":397,"properties":{"parentKey":"KOR:1159313537","sourceCountryId":"KOR","syntheticOperational":true,"territoryId":"territory:catalog:2e5e799d137740bd3d5df6d8a170eb4eb338e042dcdd8d91b39ae4d5786c24f2"},"type":"Feature"},{"geometry":{"coordinates":[[[126.436004245111,33.237410071942],[126.470562,33.228714],[126.476054324518,33.229571135329],[126.476054324518,33.237410071942],[126.436004245111,33.237410071942]]],"type":"Polygon"},"id":398,"properties":{"parentKey":"KOR:1159313515","sourceCountryId":"KOR","syntheticOperational":true,"territoryId":"territory:catalog:a247b995326354ed44dffae92e67e7b3c08190f1378112e6cb9fa658e3ded2e8"},"type":"Feature"},{"geometry":{"coordinates":[[[126.802013,34.470404],[126.809825,34.451239],[126.818614,34.446845],[126.857026,34.437567],[126.88502,34.421088],[126.89796,34.417711],[126.892345,34.429389],[126.891856,34.440131],[126.896007,34.449937],[126.904796,34.458686],[126.931407,34.447699],[126.940766,34.454576],[126.938975,34.495917],[126.966618287373,34.518341349346],[126.966618287373,34.532374100719],[126.850909090909,34.532374100719],[126.803957149743,34.532374100719],[126.806163,34.521064],[126.802013,34.470404]]],"type":"Polygon"},"id":399,"properties":{"parentKey":"KOR:1159313529","sourceCountryId":"KOR","syntheticOperational":true,"territoryId":"territory:catalog:e22402b78b76519fdb7002117995736ca994d17e2240d954965d485e17a57b7b"},"type":"Feature"},{"geometry":{"coordinates":[[[126.687488,37.344028],[126.68866596316,37.338129496403],[126.691785983421,37.338129496403],[126.691785983421,37.349005604683],[126.687488,37.344028]]],"type":"Polygon"},"id":400,"properties":{"parentKey":"KOR:1159312027","sourceCountryId":"KOR","syntheticOperational":true,"territoryId":"territory:catalog:e656f36308f0e91894ee0e67436387f8ec45dff4bd35f578e2103b946927e78d"},"type":"Feature"},{"geometry":{"coordinates":[[[126.802721088435,37.661870503597],[126.938775510204,37.661870503597],[126.938775510204,37.769784172662],[126.914329037149,37.769784172662],[126.802721088435,37.769784172662],[126.802721088435,37.661870503597]]],"type":"Polygon"},"id":401,"properties":{"parentKey":"KOR:1159312027","sourceCountryId":"KOR","syntheticOperational":true,"territoryId":"territory:catalog:3ee0f65e05568baf83154f246780f01fa80e65efaefd61a6ca232f621c1d03c6"},"type":"Feature"},{"geometry":{"coordinates":[[[128.355011476664,38.41726618705],[128.37528604119,38.41726618705],[128.4801407502,38.41726618705],[128.474457,38.426093],[128.450694,38.474107],[128.441417,38.505805],[128.428914991321,38.525179856115],[128.355011476664,38.525179856115],[128.355011476664,38.41726618705]]],"type":"Polygon"},"id":402,"properties":{"parentKey":"KOR:1159312111","sourceCountryId":"KOR","syntheticOperational":true,"territoryId":"territory:catalog:e570bb4891c767d88a4e8872a25c8f97214a4c0c52fb6ca304bcfd4ea8c628c8"},"type":"Feature"},{"geometry":{"coordinates":[[[128.532319391635,37.985611510791],[128.55193328279,37.985611510791],[128.669201520913,37.985611510791],[128.669201520913,38.093525179856],[128.532319391635,38.093525179856],[128.532319391635,37.985611510791]]],"type":"Polygon"},"id":403,"properties":{"parentKey":"KOR:1159312111","sourceCountryId":"KOR","syntheticOperational":true,"territoryId":"territory:catalog:17d7406669e239636213ac183d2b5994d3cb4f54b4de637f1bed262a9ab27e6e"},"type":"Feature"},{"geometry":{"coordinates":[[[126.784922394678,35.827338129496],[126.902654867257,35.827338129496],[127.050997782705,35.827338129496],[127.050997782705,36.043165467626],[126.893995552261,36.043165467626],[126.861415917754,36.043165467626],[126.849132,36.036038],[126.802338,36.020941],[126.784922394678,36.010234170242],[126.784922394678,35.902531277664],[126.806651,35.909654],[126.809825,35.911689],[126.821625,35.908149],[126.832286,35.900621],[126.837494,35.893297],[126.8331,35.890041],[126.819347,35.888129],[126.814545,35.883043],[126.812266,35.875678],[126.806163,35.866685],[126.79713,35.86286],[126.784923,35.862047],[126.784922394678,35.862047031759],[126.784922394678,35.827338129496]]],"type":"Polygon"},"id":404,"properties":{"parentKey":"KOR:1159313521","sourceCountryId":"KOR","syntheticOperational":true,"territoryId":"territory:catalog:25834949ac23aabfd2d70617da11123122e8c66fe909190dc1af7a4aa86d402c"},"type":"Feature"},{"geometry":{"coordinates":[[[127.110525,34.464911],[127.119884,34.459703],[127.12379,34.455227],[127.122813,34.450588],[127.117361,34.445014],[127.117361,34.437567],[127.141287,34.424302],[127.153005,34.419582],[127.168956,34.417711],[127.210216,34.423977],[127.22786647315,34.429964000745],[127.22786647315,34.482827264842],[127.220551,34.485745],[127.204275,34.486762],[127.173025,34.48371],[127.14031,34.478705],[127.12436,34.473334],[127.110525,34.464911]]],"type":"Polygon"},"id":405,"properties":{"parentKey":"KOR:1159313529","sourceCountryId":"KOR","syntheticOperational":true,"territoryId":"territory:catalog:0b09638172bada0a5696e102999e3adccd0faeac2d85970c9165007ce84717bd"},"type":"Feature"},{"geometry":{"coordinates":[[[126.833746589147,34.31654676259],[126.835704,34.309149],[126.840587,34.303371],[126.84962,34.304918],[126.853852,34.308539],[126.858897,34.312201],[126.859623733719,34.312312540075],[126.859623733719,34.31654676259],[126.833746589147,34.31654676259]]],"type":"Polygon"},"id":406,"properties":{"parentKey":"KOR:1159313529","sourceCountryId":"KOR","syntheticOperational":true,"territoryId":"territory:catalog:ddb2e4b0d3c1e358ae0ea3dc76275b3a86fd186bfa1a0eeb3571c8d59cb9079c"},"type":"Feature"},{"geometry":{"coordinates":[[[126.902654867257,35.611510791367],[127.058823529412,35.611510791367],[127.16814159292,35.611510791367],[127.16814159292,35.827338129496],[127.050997782705,35.827338129496],[126.902654867257,35.827338129496],[126.902654867257,35.611510791367]]],"type":"Polygon"},"id":407,"properties":{"parentKey":"KOR:1159313521","sourceCountryId":"KOR","syntheticOperational":true,"territoryId":"territory:catalog:b1b9123b32011850ad65b20cf1892e5001a3e5017f188121aea9050023e753d2"},"type":"Feature"},{"geometry":{"coordinates":[[[127.71102661597,38.093525179856],[127.847908745247,38.093525179856],[127.847908745247,38.201438848921],[127.826086956522,38.201438848921],[127.71102661597,38.201438848921],[127.71102661597,38.093525179856]]],"type":"Polygon"},"id":408,"properties":{"parentKey":"KOR:1159312111","sourceCountryId":"KOR","syntheticOperational":true,"territoryId":"territory:catalog:aaaef91521b0beaa9a0523548ca6574a4e128add6377fc02bca23963ccd6209a"},"type":"Feature"},{"geometry":{"coordinates":[[[127.303394658611,36.474820143885],[127.351305568409,36.474820143885],[127.352568,36.479066],[127.329727,36.480616],[127.303394658611,36.474820143885]]],"type":"Polygon"},"id":409,"properties":{"parentKey":"KOR:1159313527","sourceCountryId":"KOR","syntheticOperational":true,"territoryId":"territory:catalog:ac55d8ded84643b769a06355c1359c2a56c546705cedd76eb15451f81904203d"},"type":"Feature"},{"geometry":{"coordinates":[[[127.847908745247,38.093525179856],[127.984790874525,38.093525179856],[127.984790874525,38.201438848921],[127.963386727689,38.201438848921],[127.847908745247,38.201438848921],[127.847908745247,38.093525179856]]],"type":"Polygon"},"id":410,"properties":{"parentKey":"KOR:1159312111","sourceCountryId":"KOR","syntheticOperational":true,"territoryId":"territory:catalog:5bd57145d58b46abe23156bc042e129e53680b084a4098ca2e5a10ffd07471fa"},"type":"Feature"},{"geometry":{"coordinates":[[[126.088926423599,34.748201438849],[126.093435,34.744289],[126.10255,34.730536],[126.104259,34.721991],[126.111339,34.717719],[126.118826,34.718248],[126.122325,34.719631],[126.127696,34.723578],[126.138438,34.723456],[126.147716,34.712348],[126.159434,34.702786],[126.17213,34.703803],[126.177908,34.713365],[126.177501,34.724066],[126.174083,34.732815],[126.173106,34.739447],[126.173839,34.744452],[126.171394663477,34.748201438849],[126.17067833698,34.748201438849],[126.088926423599,34.748201438849]]],"type":"Polygon"},"id":411,"properties":{"parentKey":"KOR:1159313529","sourceCountryId":"KOR","syntheticOperational":true,"territoryId":"territory:catalog:12b2bb711b20d9f694f4f4ae8a39379a2d5f56c463bf2ac13a0dcedc3c9b38c0"},"type":"Feature"},{"geometry":{"coordinates":[[[129.176470588235,35.395683453237],[129.325513196481,35.395683453237],[129.356104220907,35.395683453237],[129.364581,35.40687],[129.360503,35.426056],[129.359223,35.444648],[129.357758,35.451809],[129.365733,35.458319],[129.377208,35.459174],[129.387462,35.462307],[129.391856,35.475735],[129.390961,35.489936],[129.387055,35.502265],[129.378917,35.510688],[129.365245,35.513251],[129.373546,35.532782],[129.387462,35.529853],[129.400401,35.512641],[129.406261,35.489691],[129.412852,35.472073],[129.427989,35.478746],[129.441176470588,35.493238660359],[129.441176470588,35.611510791367],[129.29203539823,35.611510791367],[129.176470588235,35.611510791367],[129.176470588235,35.395683453237]]],"type":"Polygon"},"id":412,"properties":{"parentKey":"KOR:1159313533","sourceCountryId":"KOR","syntheticOperational":true,"territoryId":"territory:catalog:31bb150354ad56a8e5b01641714beac5c90faed0f97e49cff2aa1a019a5c313c"},"type":"Feature"},{"geometry":{"coordinates":[[[126.420497362472,37.422348797064],[126.424434,37.421569],[126.433595,37.422406],[126.443413,37.420625],[126.485757831922,37.446043165468],[126.420497362472,37.446043165468],[126.420497362472,37.422348797064]]],"type":"Polygon"},"id":413,"properties":{"parentKey":"KOR:1159312029","sourceCountryId":"KOR","syntheticOperational":true,"territoryId":"territory:catalog:bc3f2d98650a5af16e0da152ae18763192f50dd42b5f49ecae1b10c288ec2439"},"type":"Feature"},{"geometry":{"coordinates":[[[127.645034888244,35.179856115108],[127.646917,35.156252],[127.660456,35.136357],[127.685054,35.121681],[127.707378,35.102509],[127.71606,35.081373],[127.726809,35.062925],[127.78913,35.007295],[127.802566,34.980165],[127.802476537681,34.964028776978],[127.856620336503,34.964028776978],[127.856620336503,35.179856115108],[127.741935483871,35.179856115108],[127.645034888244,35.179856115108]]],"type":"Polygon"},"id":414,"properties":{"parentKey":"KOR:1159313519","sourceCountryId":"KOR","syntheticOperational":true,"territoryId":"territory:catalog:e20730bd3b225fe0f44828e4b58b2a2d3e588bf485788b7a932e9b9b26cfb985"},"type":"Feature"},{"geometry":{"coordinates":[[[128.383321141185,34.964028776978],[128.440651274941,34.964028776978],[128.44044,34.965155],[128.433686,34.9737],[128.424653,34.978013],[128.420014,34.982733],[128.426768,34.992499],[128.439708,34.988105],[128.459239,34.987372],[128.47877,34.990058],[128.491547,34.995917],[128.499604,35.009223],[128.497569,35.020697],[128.491547,35.033596],[128.488129,35.051174],[128.471202,35.050238],[128.383321141185,35.011960342125],[128.383321141185,34.964028776978]]],"type":"Polygon"},"id":415,"properties":{"parentKey":"KOR:1159313519","sourceCountryId":"KOR","syntheticOperational":true,"territoryId":"territory:catalog:f0085e89ccc0128374163a22b78d6020aa1048de7437e56aa25a28ac1704fbe8"},"type":"Feature"},{"geometry":{"coordinates":[[[126.695842450766,34.748201438849],[126.850909090909,34.748201438849],[126.958424507659,34.748201438849],[126.958424507659,34.964028776978],[126.80321872714,34.964028776978],[126.695842450766,34.964028776978],[126.695842450766,34.748201438849]]],"type":"Polygon"},"id":416,"properties":{"parentKey":"KOR:1159313529","sourceCountryId":"KOR","syntheticOperational":true,"territoryId":"territory:catalog:510bc889c59427617f86f6acaf80f104de3d5aa219d0317f93de744f9bc1ffbb"},"type":"Feature"},{"geometry":{"coordinates":[[[127.612087,35.254825],[127.632654,35.235007],[127.642679,35.209402],[127.645034888244,35.179856115108],[127.741935483871,35.179856115108],[127.741935483871,35.395683453237],[127.690293353564,35.395683453237],[127.688258,35.386367],[127.646504,35.345595],[127.639889,35.318826],[127.638442,35.294151],[127.617461,35.276633],[127.612087,35.254825]]],"type":"Polygon"},"id":417,"properties":{"parentKey":"KOR:1159313519","sourceCountryId":"KOR","syntheticOperational":true,"territoryId":"territory:catalog:7223e25dedeaeb1bc6fa99244b71fd8f8fc82aa25afd751a379994782bc76dfa"},"type":"Feature"},{"geometry":{"coordinates":[[[126.418224,35.394029],[126.422287390029,35.385155628206],[126.422287390029,35.395683453237],[126.418736550887,35.395683453237],[126.418224,35.394029]]],"type":"Polygon"},"id":418,"properties":{"parentKey":"KOR:1159313521","sourceCountryId":"KOR","syntheticOperational":true,"territoryId":"territory:catalog:1eb433656810b4e92fe6667dc6b3d4ff11e8ed708fbc1c7ccb76a2d1122a2edc"},"type":"Feature"},{"geometry":{"coordinates":[[[128.726450640543,37.338129496403],[128.842105263158,37.338129496403],[128.997739261492,37.338129496403],[128.997739261492,37.553956834532],[128.843537414966,37.553956834532],[128.726450640543,37.553956834532],[128.726450640543,37.338129496403]]],"type":"Polygon"},"id":419,"properties":{"parentKey":"KOR:1159312111","sourceCountryId":"KOR","syntheticOperational":true,"territoryId":"territory:catalog:c88442d71456b460ba1d40f9b8902340814c24b913684b460302b085f42389f0"},"type":"Feature"},{"geometry":{"coordinates":[[[128.514765870509,35.611510791367],[128.554423617655,35.611510791367],[128.550118,35.640305],[128.52707,35.625784],[128.514765870509,35.611510791367]]],"type":"Polygon"},"id":420,"properties":{"parentKey":"KOR:1159313519","sourceCountryId":"KOR","syntheticOperational":true,"territoryId":"territory:catalog:63ae559f3abe3796c78cb908843b30d50cd6fdd9d6f77be27522a90a7ca8baf9"},"type":"Feature"},{"geometry":{"coordinates":[[[128.76204595997,36.043165467626],[128.913525498891,36.043165467626],[129.028910303929,36.043165467626],[129.028910303929,36.258992805755],[128.877323420074,36.258992805755],[128.76204595997,36.258992805755],[128.76204595997,36.043165467626]]],"type":"Polygon"},"id":421,"properties":{"parentKey":"KOR:1159313537","sourceCountryId":"KOR","syntheticOperational":true,"territoryId":"territory:catalog:563ce302ce580a9bdb8e9114c95826c167999b8707c0f2a710a81155ff2429c6"},"type":"Feature"},{"geometry":{"coordinates":[[[128.669201520913,37.985611510791],[128.68840030326,37.985611510791],[128.762733437768,37.985611510791],[128.692475,38.064927],[128.679087520251,38.093525179856],[128.669201520913,38.093525179856],[128.669201520913,37.985611510791]]],"type":"Polygon"},"id":422,"properties":{"parentKey":"KOR:1159312111","sourceCountryId":"KOR","syntheticOperational":true,"territoryId":"territory:catalog:15236a31695cd233e4fde64af18da199ea02ed4f92a053d8680920f6408bd288"},"type":"Feature"},{"geometry":{"coordinates":[[[127.160859896219,36.065593316159],[127.171597,36.068961],[127.226684,36.077643],[127.241154,36.081726],[127.255313,36.086842],[127.276294,36.090356],[127.289729,36.10728],[127.306473,36.121155],[127.338409,36.09821],[127.376161163758,36.043165467626],[127.427724240178,36.043165467626],[127.427724240178,36.258992805755],[127.391352533193,36.258992805755],[127.36579,36.243568],[127.316587,36.23321],[127.306764956184,36.258992805755],[127.271375464684,36.258992805755],[127.160859896219,36.258992805755],[127.160859896219,36.065593316159]]],"type":"Polygon"},"id":423,"properties":{"parentKey":"KOR:1159313525","sourceCountryId":"KOR","syntheticOperational":true,"territoryId":"territory:catalog:fcdfadee0c1456af977f143836bffff653523d5d6cb8c9d2715772cb34650b39"},"type":"Feature"},{"geometry":{"coordinates":[[[127.73313115997,37.769784172662],[127.755102040816,37.769784172662],[127.86959818044,37.769784172662],[127.86959818044,37.877697841727],[127.73313115997,37.877697841727],[127.73313115997,37.769784172662]]],"type":"Polygon"},"id":424,"properties":{"parentKey":"KOR:1159312111","sourceCountryId":"KOR","syntheticOperational":true,"territoryId":"territory:catalog:c5d645eee5fc2029f5c8f997b66b7f1c9a94fe080fc11112a072aff7e194c6e9"},"type":"Feature"},{"geometry":{"coordinates":[[[127.211698,36.535651],[127.285285,36.547537],[127.361353,36.543661],[127.36063,36.532783],[127.355565,36.52343],[127.353602,36.515808],[127.356909,36.5094],[127.357632,36.504335],[127.358769,36.499271],[127.356805,36.488884],[127.352568,36.479066],[127.351305568409,36.474820143885],[127.4217585693,36.474820143885],[127.4217585693,36.690647482014],[127.283096058268,36.690647482014],[127.274227,36.678278],[127.246528,36.646032],[127.226994,36.6119],[127.228855,36.595079],[127.216349,36.566373],[127.211698,36.535651]]],"type":"Polygon"},"id":425,"properties":{"parentKey":"KOR:1159312109","sourceCountryId":"KOR","syntheticOperational":true,"territoryId":"territory:catalog:ea1a287977911d76e01beb4554255987a832a1b9270213e8dfdeee7178995743"},"type":"Feature"},{"geometry":{"coordinates":[[[127.968662950452,36.690647482014],[127.988602,36.683704],[128.059502,36.674661],[128.049138060217,36.690647482014],[127.968662950452,36.690647482014]]],"type":"Polygon"},"id":426,"properties":{"parentKey":"KOR:1159312109","sourceCountryId":"KOR","syntheticOperational":true,"territoryId":"territory:catalog:e561ae5eb5e362b6fa6771394b9606e63e9a0722ccaf6f4e7e93ca49c4e3ad57"},"type":"Feature"},{"geometry":{"coordinates":[[[127.5966641395,37.823353210771],[127.609193,37.82658],[127.620665,37.840533],[127.625399701525,37.877697841727],[127.5966641395,37.877697841727],[127.5966641395,37.823353210771]]],"type":"Polygon"},"id":427,"properties":{"parentKey":"KOR:1159312027","sourceCountryId":"KOR","syntheticOperational":true,"territoryId":"territory:catalog:d67c70935473bd5e8f9715831bf9a01fba4ab07b366990bce7b7fab000ed3cb8"},"type":"Feature"},{"geometry":{"coordinates":[[[128.533724340176,35.179856115108],[128.577918474136,35.179856115108],[128.578136,35.189358],[128.590587,35.20539],[128.602061,35.213935],[128.607921,35.211168],[128.617931,35.184882],[128.615293861634,35.179856115108],[128.646671543526,35.179856115108],[128.797653958944,35.179856115108],[128.797653958944,35.395683453237],[128.647058823529,35.395683453237],[128.533724340176,35.395683453237],[128.533724340176,35.179856115108]]],"type":"Polygon"},"id":428,"properties":{"parentKey":"KOR:1159313519","sourceCountryId":"KOR","syntheticOperational":true,"territoryId":"territory:catalog:b3adfbf741df62ea2c343cef2f8e1ab930ee71ace066bc1a19b449ff16d5c6af"},"type":"Feature"},{"geometry":{"coordinates":[[[128.37528604119,38.309352517986],[128.512585812357,38.309352517986],[128.512585812357,38.366879297274],[128.501385108598,38.384273889492],[128.4801407502,38.41726618705],[128.37528604119,38.41726618705],[128.37528604119,38.309352517986]]],"type":"Polygon"},"id":429,"properties":{"parentKey":"KOR:1159312111","sourceCountryId":"KOR","syntheticOperational":true,"territoryId":"territory:catalog:ee6bb0db7a63cb4310442b1b4f0b9827ce80b69fc484cdb3f4233a0c39b9a17c"},"type":"Feature"},{"geometry":{"coordinates":[[[127.965507579201,35.827338129496],[127.965554,35.827245],[127.973615,35.824274],[127.98178,35.822052],[128.012063,35.820139],[128.025188,35.811199],[128.041415,35.802311],[128.070147,35.800502],[128.098466,35.800709],[128.124304,35.793629],[128.143321,35.776835],[128.156653,35.756267],[128.178771,35.743555],[128.184352,35.734202],[128.187762,35.725597],[128.203162,35.717846],[128.216495,35.705108],[128.215874,35.681517],[128.203886,35.658961],[128.219595,35.612762],[128.230088495575,35.612401627287],[128.230088495575,35.827338129496],[128.115299334811,35.827338129496],[127.965507579201,35.827338129496]]],"type":"Polygon"},"id":430,"properties":{"parentKey":"KOR:1159313537","sourceCountryId":"KOR","syntheticOperational":true,"territoryId":"territory:catalog:997cd057e6a5f821ea01acbaecff61787ff8a1d5c6d1f25e3a7a7f31913cebf0"},"type":"Feature"},{"geometry":{"coordinates":[[[126.751191,37.070092],[126.755527,37.060141],[126.755219,37.048814],[126.80128,37.037746],[126.820567,37.041693],[126.836581709145,37.04435081369],[126.836581709145,37.122302158273],[126.768687652242,37.122302158273],[126.764451,37.117658],[126.752859,37.100688],[126.754814,37.083556],[126.751191,37.070092]]],"type":"Polygon"},"id":431,"properties":{"parentKey":"KOR:1159312027","sourceCountryId":"KOR","syntheticOperational":true,"territoryId":"territory:catalog:cb44a79ef5b030e112c730d74954f0445f8c4f9515b5e2222bd8f9d8c872ef84"},"type":"Feature"},{"geometry":{"coordinates":[[[127.80269058296,36.690647482014],[127.945172210273,36.690647482014],[127.950464,36.696985],[127.968662950452,36.690647482014],[128.049138060217,36.690647482014],[128.044929,36.69714],[128.025809,36.716932],[128.032526,36.737448],[128.045032,36.759307],[128.057124,36.77574],[128.071748878924,36.767979319867],[128.071748878924,36.906474820144],[127.916041979011,36.906474820144],[127.80269058296,36.906474820144],[127.80269058296,36.690647482014]]],"type":"Polygon"},"id":432,"properties":{"parentKey":"KOR:1159312109","sourceCountryId":"KOR","syntheticOperational":true,"territoryId":"territory:catalog:fada30bbd1bffbc85477c86de67da2385b89fe6faed45decf39a078baaa44492"},"type":"Feature"},{"geometry":{"coordinates":[[[128.237986270023,38.309352517986],[128.37528604119,38.309352517986],[128.37528604119,38.41726618705],[128.355011476664,38.41726618705],[128.241166860208,38.41726618705],[128.238658375085,38.414449762109],[128.237986270023,38.413695149916],[128.237986270023,38.309352517986]]],"type":"Polygon"},"id":433,"properties":{"parentKey":"KOR:1159312111","sourceCountryId":"KOR","syntheticOperational":true,"territoryId":"territory:catalog:8bee3a1526e37d193b98216d1dc73216be29543b7ba4b7d858a549b6898c0091"},"type":"Feature"},{"geometry":{"coordinates":[[[126.827430293896,37.517324383333],[126.837251,37.506212],[126.842522,37.477506],[126.862469,37.467067],[126.891408,37.460143],[126.904901914026,37.446043165468],[126.963074604371,37.446043165468],[126.963074604371,37.553956834532],[126.938775510204,37.553956834532],[126.827430293896,37.553956834532],[126.827430293896,37.517324383333]]],"type":"Polygon"},"id":434,"properties":{"parentKey":"KOR:1159312115","sourceCountryId":"KOR","syntheticOperational":true,"territoryId":"territory:catalog:756b928c6514ad970148df99ad4f1369edd7aee788ed5eb2e09c19d4b87b31ef"},"type":"Feature"},{"geometry":{"coordinates":[[[127.750362844702,34.499939247594],[127.756521,34.498236],[127.765798,34.493964],[127.769054,34.489936],[127.771169,34.488186],[127.779307,34.488471],[127.791759,34.492011],[127.793956,34.498236],[127.789561,34.503974],[127.78297,34.506985],[127.774913,34.508205],[127.774425,34.511786],[127.776215,34.518785],[127.767761532792,34.532374100719],[127.750362844702,34.532374100719],[127.750362844702,34.499939247594]]],"type":"Polygon"},"id":435,"properties":{"parentKey":"KOR:1159313529","sourceCountryId":"KOR","syntheticOperational":true,"territoryId":"territory:catalog:a31e59e2c43d8898fa42e3f32d6c71948a72f17c5ac882a7b1b28ee9ec66289b"},"type":"Feature"},{"geometry":{"coordinates":[[[126.849132,34.174384],[126.853201,34.159003],[126.856944,34.157172],[126.859623733719,34.161095951803],[126.859623733719,34.199473755893],[126.856944,34.194281],[126.855317,34.18476],[126.849132,34.174384]]],"type":"Polygon"},"id":436,"properties":{"parentKey":"KOR:1159313529","sourceCountryId":"KOR","syntheticOperational":true,"territoryId":"territory:catalog:56ca35a8528aa7b6eb8f3c409eace4d75c4f1797dd6b0c430e096b500b81c930"},"type":"Feature"},{"geometry":{"coordinates":[[[127.53788,37.791647],[127.539843,37.776247],[127.539966078786,37.769784172662],[127.5966641395,37.769784172662],[127.5966641395,37.823353210771],[127.588626,37.821283],[127.53788,37.791647]]],"type":"Polygon"},"id":437,"properties":{"parentKey":"KOR:1159312111","sourceCountryId":"KOR","syntheticOperational":true,"territoryId":"territory:catalog:5656de1f76518f7865b55ec93e1338db29f071d43ddf8700a1643f92a34e830c"},"type":"Feature"},{"geometry":{"coordinates":[[[126.394557823129,37.60782560622],[126.410167,37.602037],[126.462738,37.604315],[126.466563,37.606187],[126.470714,37.609565],[126.476085,37.61107],[126.483653,37.607408],[126.494151,37.598375],[126.500173,37.596177],[126.507823,37.596869],[126.517833,37.603827],[126.529063,37.624905],[126.530612244898,37.625640592013],[126.530612244898,37.648670122272],[126.52768,37.651516],[126.530612244898,37.659066868429],[126.530612244898,37.661870503597],[126.407915164507,37.661870503597],[126.409923,37.659735],[126.415538,37.656684],[126.416677,37.651842],[126.408214,37.641303],[126.40089,37.637437],[126.394557823129,37.636122067751],[126.394557823129,37.60782560622]]],"type":"Polygon"},"id":438,"properties":{"parentKey":"KOR:1159312027","sourceCountryId":"KOR","syntheticOperational":true,"territoryId":"territory:catalog:b8e6087881cf2b9223cc556770d422a4b3859863f0539ffa6656e815124b8612"},"type":"Feature"},{"geometry":{"coordinates":[[[126.700694,35.83983],[126.709972,35.836005],[126.724232302451,35.827338129496],[126.784922394678,35.827338129496],[126.784922394678,35.862047031759],[126.729096,35.864976],[126.719981,35.863267],[126.711681,35.857733],[126.70338,35.848456],[126.700694,35.83983]]],"type":"Polygon"},"id":439,"properties":{"parentKey":"KOR:1159313521","sourceCountryId":"KOR","syntheticOperational":true,"territoryId":"territory:catalog:280e49287786fcd56e55001f91852fe952b9b2b642aaeade5cbd9bb3d5bc8437"},"type":"Feature"},{"geometry":{"coordinates":[[[126.418736550887,35.395683453237],[126.422287390029,35.395683453237],[126.529411764706,35.395683453237],[126.529411764706,35.535549959947],[126.525283,35.534858],[126.492663,35.525333],[126.469814,35.498526],[126.442719,35.446926],[126.425548,35.41767],[126.418736550887,35.395683453237]]],"type":"Polygon"},"id":440,"properties":{"parentKey":"KOR:1159313521","sourceCountryId":"KOR","syntheticOperational":true,"territoryId":"territory:catalog:bc8a02f87c893940cc7bc3eee8a41bede7b2a40951ee16dbc6bdb20057afa99f"},"type":"Feature"},{"geometry":{"coordinates":[[[127.551487414188,38.201438848921],[127.574144486692,38.201438848921],[127.688787185355,38.201438848921],[127.688787185355,38.309352517986],[127.551487414188,38.309352517986],[127.551487414188,38.201438848921]]],"type":"Polygon"},"id":441,"properties":{"parentKey":"KOR:1159312111","sourceCountryId":"KOR","syntheticOperational":true,"territoryId":"territory:catalog:6693a50384fa9a281e14c94035850cfc8f91b0e560a881f7259cfd60af15b8e0"},"type":"Feature"},{"geometry":{"coordinates":[[[127.73313115997,37.877697841727],[127.86959818044,37.877697841727],[127.86959818044,37.985611510791],[127.847908745247,37.985611510791],[127.73313115997,37.985611510791],[127.73313115997,37.877697841727]]],"type":"Polygon"},"id":442,"properties":{"parentKey":"KOR:1159312111","sourceCountryId":"KOR","syntheticOperational":true,"territoryId":"territory:catalog:c183c6bed0b950ff0597b3eb47374c6503d0745cd61776317363e26da41a7e1d"},"type":"Feature"},{"geometry":{"coordinates":[[[126.545581000697,37.769784172662],[126.549541381335,37.769784172662],[126.548188,37.770168],[126.545581000697,37.769784172662]]],"type":"Polygon"},"id":443,"properties":{"parentKey":"KOR:1159312027","sourceCountryId":"KOR","syntheticOperational":true,"territoryId":"territory:catalog:d3db6a894f083899101b6f08de6924859c6f610158bba1d6a58c328ae7fb5e14"},"type":"Feature"},{"geometry":{"coordinates":[[[127.826086956522,38.201438848921],[127.847908745247,38.201438848921],[127.963386727689,38.201438848921],[127.963386727689,38.300424256375],[127.866851,38.304846],[127.826086956522,38.298105445166],[127.826086956522,38.201438848921]]],"type":"Polygon"},"id":444,"properties":{"parentKey":"KOR:1159312111","sourceCountryId":"KOR","syntheticOperational":true,"territoryId":"territory:catalog:79fa69db13a49d04f3aaddd2ffb237e62730ac4e5cc770bb4c0aca81cea41f97"},"type":"Feature"},{"geometry":{"coordinates":[[[126.893995552261,36.095483336989],[126.904947,36.096453],[126.961171,36.10622],[127.06473,36.132627],[127.101627,36.126658],[127.092739,36.082527],[127.11403,36.055706],[127.143588,36.060176],[127.160859896219,36.065593316159],[127.160859896219,36.258992805755],[127.003717472119,36.258992805755],[126.893995552261,36.258992805755],[126.893995552261,36.095483336989]]],"type":"Polygon"},"id":445,"properties":{"parentKey":"KOR:1159313525","sourceCountryId":"KOR","syntheticOperational":true,"territoryId":"territory:catalog:bae206cfa858d74174fa7a97bd5725f2ca8ff1ff7a6b58c96ecb5c8cfe8e316d"},"type":"Feature"},{"geometry":{"coordinates":[[[128.340807174888,36.690647482014],[128.49478390462,36.690647482014],[128.609865470852,36.690647482014],[128.609865470852,36.906474820144],[128.461597538787,36.906474820144],[128.443044,36.885242],[128.432605,36.866432],[128.419893,36.847777],[128.426921,36.837984],[128.44015,36.828217],[128.425371,36.788969],[128.341655,36.760754],[128.340807174888,36.760977624959],[128.340807174888,36.690647482014]]],"type":"Polygon"},"id":446,"properties":{"parentKey":"KOR:1159313537","sourceCountryId":"KOR","syntheticOperational":true,"territoryId":"territory:catalog:2f599ab43bf4ad51bcc8be5594809577ff390070054b8894db7b56cced4a784a"},"type":"Feature"},{"geometry":{"coordinates":[[[126.686217008798,35.179856115108],[126.80321872714,35.179856115108],[126.860507477803,35.179856115108],[126.850273,35.184881],[126.822885,35.234077],[126.844485,35.250769],[126.880349,35.242991],[126.9066,35.247875],[126.933989,35.254593],[126.950146627566,35.249638846379],[126.950146627566,35.395683453237],[126.794117647059,35.395683453237],[126.786034008346,35.395683453237],[126.782887,35.391794],[126.770278,35.384223],[126.771001,35.373552],[126.772965,35.36332],[126.764594,35.34916],[126.751364,35.339781],[126.735035,35.333347],[126.717878,35.329265],[126.703409,35.322082],[126.689973,35.313969],[126.686217008798,35.313511039834],[126.686217008798,35.179856115108]]],"type":"Polygon"},"id":447,"properties":{"parentKey":"KOR:1159313529","sourceCountryId":"KOR","syntheticOperational":true,"territoryId":"territory:catalog:7225513f487ebf218db105c82a3587d2e2d0bf29ae1e2bfba0f755f35a369d38"},"type":"Feature"},{"geometry":{"coordinates":[[[128.609865470852,36.690647482014],[128.76304023845,36.690647482014],[128.878923766816,36.690647482014],[128.878923766816,36.906474820144],[128.725637181409,36.906474820144],[128.609865470852,36.906474820144],[128.609865470852,36.690647482014]]],"type":"Polygon"},"id":448,"properties":{"parentKey":"KOR:1159313537","sourceCountryId":"KOR","syntheticOperational":true,"territoryId":"territory:catalog:01cfe0704cbbf9c768fedcc69bfb9fc418a5f568090a8716deedadf33df59d80"},"type":"Feature"},{"geometry":{"coordinates":[[[126.016612,34.606147],[126.020518,34.571438],[126.028575,34.565863],[126.038097,34.569485],[126.048595,34.570054],[126.057628,34.572577],[126.060395,34.584296],[126.052013,34.598334],[126.041352,34.611151],[126.028575,34.634223],[126.020193,34.625434],[126.016612,34.606147]]],"type":"Polygon"},"id":449,"properties":{"parentKey":"KOR:1159313529","sourceCountryId":"KOR","syntheticOperational":true,"territoryId":"territory:catalog:de63c9181de0f05217cb3f79733a4fa7c0c74665fc9f280c4c307483e6422c5a"},"type":"Feature"},{"geometry":{"coordinates":[[[127.074829931973,37.681798766953],[127.090258,37.680801],[127.104132600657,37.661870503597],[127.210884353742,37.661870503597],[127.210884353742,37.769784172662],[127.187263078089,37.769784172662],[127.074829931973,37.769784172662],[127.074829931973,37.681798766953]]],"type":"Polygon"},"id":450,"properties":{"parentKey":"KOR:1159312027","sourceCountryId":"KOR","syntheticOperational":true,"territoryId":"territory:catalog:c2cfcad8f0653286120f87a06188d8cbcb71a86fd9bf95acb286f26d93512a69"},"type":"Feature"},{"geometry":{"coordinates":[[[128.646671543526,35.058375618957],[128.65211,35.061347],[128.646671543526,35.062534549959],[128.646671543526,35.058375618957]]],"type":"Polygon"},"id":451,"properties":{"parentKey":"KOR:1159313519","sourceCountryId":"KOR","syntheticOperational":true,"territoryId":"territory:catalog:f93885b62e428581d4604d595a1006520faae3fefb050aae65860b0a25d5dac8"},"type":"Feature"},{"geometry":{"coordinates":[[[128.264347,37.116753],[128.275302,37.106883],[128.289462,37.10063],[128.29835,37.100475],[128.307445,37.103885],[128.337831,37.111999],[128.385477,37.116339],[128.395398,37.107606],[128.393641,37.093343],[128.413485,37.076884],[128.42072,37.063733],[128.43891,37.064818],[128.455772113943,37.067209616756],[128.455772113943,37.122302158273],[128.300751879699,37.122302158273],[128.268829645534,37.122302158273],[128.264347,37.116753]]],"type":"Polygon"},"id":452,"properties":{"parentKey":"KOR:1159312111","sourceCountryId":"KOR","syntheticOperational":true,"territoryId":"territory:catalog:3cbf66707e7405ca75a7bfa28609269a8e267d39cfc799ef5e266a03cae9bedb"},"type":"Feature"},{"geometry":{"coordinates":[[[126.914329037149,37.877697841727],[127.050796057619,37.877697841727],[127.050796057619,37.985611510791],[127.026615969582,37.985611510791],[126.914329037149,37.985611510791],[126.914329037149,37.877697841727]]],"type":"Polygon"},"id":453,"properties":{"parentKey":"KOR:1159312027","sourceCountryId":"KOR","syntheticOperational":true,"territoryId":"territory:catalog:726e0d97b5f8042a7812a96b62368fbab7a1dcf517640dccfb05959d3d65bae8"},"type":"Feature"},{"geometry":{"coordinates":[[[128.995502248876,37.041897415695],[129.024094,37.03805],[129.060991,37.02451],[129.087139,37.029807],[129.114321,37.041279],[129.148531,37.034897],[129.179743,37.01986],[129.189458,36.996812],[129.165791,36.982652],[129.136645,36.991877],[129.117938,36.98627],[129.100885,36.975935],[129.09365,36.95113],[129.098095,36.918729],[129.108213504782,36.906474820144],[129.14798206278,36.906474820144],[129.265367316342,36.906474820144],[129.265367316342,37.122302158273],[129.112781954887,37.122302158273],[128.995502248876,37.122302158273],[128.995502248876,37.041897415695]]],"type":"Polygon"},"id":454,"properties":{"parentKey":"KOR:1159312111","sourceCountryId":"KOR","syntheticOperational":true,"territoryId":"territory:catalog:69b7ad7a54d78075fdd07f6d4b91ed53a2bc5d9500b37c957a4adfe17f6679ee"},"type":"Feature"},{"geometry":{"coordinates":[[[126.521417,35.97052],[126.525736,35.940359],[126.56974,35.945952],[126.599576,35.937654],[126.608809,35.931127],[126.611838,35.90744],[126.612289,35.890224],[126.660091,35.887158],[126.708507,35.884589],[126.733165,35.885565],[126.784922394678,35.902531277664],[126.784922394678,36.010234170242],[126.765473,35.998277],[126.744477,35.989569],[126.727306,35.993638],[126.711192,35.985785],[126.661335,35.983399],[126.612046,35.97843],[126.521417,35.97052]]],"type":"Polygon"},"id":455,"properties":{"parentKey":"KOR:1159313521","sourceCountryId":"KOR","syntheticOperational":true,"territoryId":"territory:catalog:91f1c636821ab6c224a4d461741db0205c9ed309653de9821a603412516b83af"},"type":"Feature"},{"geometry":{"coordinates":[[[128.455772113943,36.906474820144],[128.461597538787,36.906474820144],[128.465058,36.910435],[128.495961,36.927979],[128.504746,36.940717],[128.517148,36.948985],[128.537819,36.954179],[128.554458,36.967098],[128.579883,36.984099],[128.602931,37.003633],[128.612646,37.008594],[128.624532,37.004925],[128.638071,37.011178],[128.650267,37.022262],[128.630216,37.032624],[128.609959,37.039652],[128.584534,37.042003],[128.558489,37.046111],[128.532134,37.059754],[128.508363,37.074146],[128.484489,37.074016],[128.460407,37.067867],[128.455772113943,37.067209616756],[128.455772113943,36.906474820144]]],"type":"Polygon"},"id":456,"properties":{"parentKey":"KOR:1159312109","sourceCountryId":"KOR","syntheticOperational":true,"territoryId":"territory:catalog:b1113b0c228d94396893db3effcd6ce15e279487c2eb872fe4fa847a91e79826"},"type":"Feature"},{"geometry":{"coordinates":[[[126.950146627566,35.249638846379],[126.985562,35.23878],[127.005819,35.193046],[126.993731725514,35.179856115108],[127.066569129481,35.179856115108],[127.214076246334,35.179856115108],[127.214076246334,35.296863912838],[127.192681,35.29397],[127.163949,35.279914],[127.126742,35.284436],[127.102661,35.305391],[127.104004,35.338463],[127.083644,35.357248],[127.077546,35.3758],[127.083674806394,35.395683453237],[127.058823529412,35.395683453237],[127.013116592887,35.395683453237],[127.010987,35.382905],[126.980084,35.382595],[126.968247051428,35.395683453237],[126.950146627566,35.395683453237],[126.950146627566,35.249638846379]]],"type":"Polygon"},"id":457,"properties":{"parentKey":"KOR:1159313529","sourceCountryId":"KOR","syntheticOperational":true,"territoryId":"territory:catalog:d5f3649844250d4cc5991136a8a8cd12ed1522ff35b89300c1ee1425dbba2419"},"type":"Feature"},{"geometry":{"coordinates":[[[127.139588100687,38.201438848921],[127.163498098859,38.201438848921],[127.276887871854,38.201438848921],[127.276887871854,38.309352517986],[127.182552425589,38.309352517986],[127.157489,38.307224],[127.139588100687,38.301516811378],[127.139588100687,38.201438848921]]],"type":"Polygon"},"id":458,"properties":{"parentKey":"KOR:1159312111","sourceCountryId":"KOR","syntheticOperational":true,"territoryId":"territory:catalog:ef6b40bc11d676b2e1ecbf04118206fc3c96baf1a207c16bb3dc45d0447f0600"},"type":"Feature"},{"geometry":{"coordinates":[[[129.383458646617,37.122302158273],[129.385936598312,37.122302158273],[129.383458646617,37.125059422669],[129.383458646617,37.122302158273]]],"type":"Polygon"},"id":459,"properties":{"parentKey":"KOR:1159312111","sourceCountryId":"KOR","syntheticOperational":true,"territoryId":"territory:catalog:6b1351f4d04b199e1e2cc58463f419e6941b2690f3fb2ed17e07e51fdc4431fd"},"type":"Feature"},{"geometry":{"coordinates":[[[127.239664479378,34.532374100719],[127.260997,34.513332],[127.275082,34.489453],[127.315926,34.444901],[127.343598,34.445014],[127.330821,34.456488],[127.327802,34.473929],[127.356618,34.491965],[127.374941,34.485037],[127.391788,34.50478],[127.428250095646,34.532374100719],[127.374545454545,34.532374100719],[127.239664479378,34.532374100719]]],"type":"Polygon"},"id":460,"properties":{"parentKey":"KOR:1159313529","sourceCountryId":"KOR","syntheticOperational":true,"territoryId":"territory:catalog:92184a320e07e187f8f5f7b639fb8199c414527901cb7e64e63c8001f48d13cf"},"type":"Feature"},{"geometry":{"coordinates":[[[126.041631591287,34.532374100719],[126.046723,34.531155],[126.056335648836,34.532374100719],[126.041631591287,34.532374100719]]],"type":"Polygon"},"id":461,"properties":{"parentKey":"KOR:1159313529","sourceCountryId":"KOR","syntheticOperational":true,"territoryId":"territory:catalog:2c8264282eb56e8e89eee5dc1f2e9e65e0fe130d4cd7a4cc1905c28ce46e0d3c"},"type":"Feature"},{"geometry":{"coordinates":[[[127.300380228137,38.081037624664],[127.31257,38.072353],[127.328073,38.064912],[127.366417,38.057574],[127.408172,38.069227],[127.425225,38.059719],[127.43184,38.060468],[127.437111,38.064499],[127.437262357414,38.064518907335],[127.437262357414,38.093525179856],[127.300380228137,38.093525179856],[127.300380228137,38.081037624664]]],"type":"Polygon"},"id":462,"properties":{"parentKey":"KOR:1159312111","sourceCountryId":"KOR","syntheticOperational":true,"territoryId":"territory:catalog:8489a2a4eb02726b05a198e3b9402c39f110b2e73b8a96a1130d44476e258838"},"type":"Feature"},{"geometry":{"coordinates":[[[126.9544977276,38.201438848921],[126.993774227675,38.201438848921],[126.985872,38.205394],[126.966065,38.213038],[126.9544977276,38.201438848921]]],"type":"Polygon"},"id":463,"properties":{"parentKey":"KOR:1159312027","sourceCountryId":"KOR","syntheticOperational":true,"territoryId":"territory:catalog:9f3e611ea8e498f518526c1553d6bf332edb4370091e9f20b522bb0bc1d82018"},"type":"Feature"},{"geometry":{"coordinates":[[[127.607023,37.131351],[127.712649,37.154451],[127.759398496241,37.159550585387],[127.759398496241,37.338129496403],[127.729058804734,37.338129496403],[127.705725,37.298499],[127.661283,37.211476],[127.607023,37.131351]]],"type":"Polygon"},"id":464,"properties":{"parentKey":"KOR:1159312111","sourceCountryId":"KOR","syntheticOperational":true,"territoryId":"territory:catalog:03ab10c20d53adca8183f371fd2cc6dbd76add26f05ee723f7e6b49af6ad5467"},"type":"Feature"},{"geometry":{"coordinates":[[[128.461597538787,36.906474820144],[128.609865470852,36.906474820144],[128.725637181409,36.906474820144],[128.725637181409,36.998780633774],[128.700599,37.003091],[128.675898,37.011385],[128.650267,37.022262],[128.638071,37.011178],[128.624532,37.004925],[128.612646,37.008594],[128.602931,37.003633],[128.579883,36.984099],[128.554458,36.967098],[128.537819,36.954179],[128.517148,36.948985],[128.504746,36.940717],[128.495961,36.927979],[128.465058,36.910435],[128.461597538787,36.906474820144]]],"type":"Polygon"},"id":465,"properties":{"parentKey":"KOR:1159313537","sourceCountryId":"KOR","syntheticOperational":true,"territoryId":"territory:catalog:a13f7f749e165bad27a58625de1c5b791b9db34466312bbe70da83c64fea35ff"},"type":"Feature"},{"geometry":{"coordinates":[[[129.265367316342,36.906474820144],[129.417040358744,36.906474820144],[129.427829895059,36.906474820144],[129.419932,36.986762],[129.41269,37.018052],[129.413097,37.027737],[129.418956,37.03852],[129.428233,37.049547],[129.434093,37.061103],[129.430186,37.073065],[129.385936598312,37.122302158273],[129.383458646617,37.122302158273],[129.265367316342,37.122302158273],[129.265367316342,36.906474820144]]],"type":"Polygon"},"id":466,"properties":{"parentKey":"KOR:1159312111","sourceCountryId":"KOR","syntheticOperational":true,"territoryId":"territory:catalog:7976583a1345bd33cf5163138c8a11cbb330882bba93dcb324aed362345b4f1e"},"type":"Feature"},{"geometry":{"coordinates":[[[126.827430293896,37.446043165468],[126.904901914026,37.446043165468],[126.891408,37.460143],[126.862469,37.467067],[126.842522,37.477506],[126.837251,37.506212],[126.827430293896,37.517324383333],[126.827430293896,37.446043165468]]],"type":"Polygon"},"id":467,"properties":{"parentKey":"KOR:1159312027","sourceCountryId":"KOR","syntheticOperational":true,"territoryId":"territory:catalog:c8890c25b57a7d051ba6bc20859762551192bb3ad886fb64490b5ae237918b24"},"type":"Feature"},{"geometry":{"coordinates":[[[129.562638991846,36.043165467626],[129.579523406774,36.043165467626],[129.574962,36.054674],[129.5713,36.071845],[129.562638991846,36.077424672808],[129.562638991846,36.043165467626]]],"type":"Polygon"},"id":468,"properties":{"parentKey":"KOR:1159313537","sourceCountryId":"KOR","syntheticOperational":true,"territoryId":"territory:catalog:d4afc9a62a0631b1ee4794c41ae01f2765a31caafcd184677f8bc0289d5b2197"},"type":"Feature"},{"geometry":{"coordinates":[[[126.566716641679,36.932229726003],[126.566742,36.932196],[126.57545,36.911811],[126.580472699452,36.906474820144],[126.726457399103,36.906474820144],[126.787551622155,36.906474820144],[126.797699,36.934394],[126.796235,36.955756],[126.775157,36.97309],[126.757767,36.98222],[126.733512,36.987431],[126.714348,36.993042],[126.697032,36.994818],[126.681544,36.994704],[126.665043,36.988525],[126.655793,36.974594],[126.649449,36.966056],[126.645375,36.957953],[126.649181,36.933417],[126.646495,36.925116],[126.6421,36.917711],[126.631114,36.911607],[126.634776,36.928046],[126.633556,36.937405],[126.623627,36.952623],[126.621674,36.959784],[126.631383,36.968931],[126.636095,36.982453],[126.626095,36.996104],[126.611467,37.00256],[126.596292,37.010828],[126.588452,37.017221],[126.569341,37.027778],[126.566716641679,37.029277165019],[126.566716641679,36.990278725519],[126.573009,36.984361],[126.572113,36.977484],[126.566716641679,36.974950168149],[126.566716641679,36.932229726003]]],"type":"Polygon"},"id":469,"properties":{"parentKey":"KOR:1159313525","sourceCountryId":"KOR","syntheticOperational":true,"territoryId":"territory:catalog:0d9dcd09af30b887cd7fa79c03b6359a09337bf179217a95cbfda86765c9cce6"},"type":"Feature"},{"geometry":{"coordinates":[[[128.55193328279,37.769784172662],[128.571428571429,37.769784172662],[128.68840030326,37.769784172662],[128.68840030326,37.877697841727],[128.55193328279,37.877697841727],[128.55193328279,37.769784172662]]],"type":"Polygon"},"id":470,"properties":{"parentKey":"KOR:1159312111","sourceCountryId":"KOR","syntheticOperational":true,"territoryId":"territory:catalog:e5e0a18f88c24f9ebefe6c1e4f8fd8af3fa8e58a6498550f7acd962424b39599"},"type":"Feature"},{"geometry":{"coordinates":[[[126.995515695067,36.690647482014],[127.103822956196,36.690647482014],[127.104239,36.691572],[127.107127641627,36.690647482014],[127.153502235469,36.690647482014],[127.264573991031,36.690647482014],[127.264573991031,36.8702338909],[127.259964,36.878938],[127.212732,36.884054],[127.179390162511,36.906474820144],[127.106446776612,36.906474820144],[127.074402209677,36.906474820144],[127.04778,36.897361],[127.00861,36.897386],[126.995515695067,36.89954179027],[126.995515695067,36.690647482014]]],"type":"Polygon"},"id":471,"properties":{"parentKey":"KOR:1159313525","sourceCountryId":"KOR","syntheticOperational":true,"territoryId":"territory:catalog:68e80005972dea30b9bb8b6ece7266eeb9c36aaa89b88855b926b55e55697cea"},"type":"Feature"},{"geometry":{"coordinates":[[[127.699115044248,35.611510791367],[127.852941176471,35.611510791367],[127.964601769912,35.611510791367],[127.964601769912,35.827338129496],[127.851679978014,35.827338129496],[127.817863,35.81275],[127.793265,35.806626],[127.779622,35.807815],[127.769804,35.802673],[127.750993,35.769626],[127.729393,35.751281],[127.706552,35.734822],[127.699115044248,35.717367172382],[127.699115044248,35.611510791367]]],"type":"Polygon"},"id":472,"properties":{"parentKey":"KOR:1159313519","sourceCountryId":"KOR","syntheticOperational":true,"territoryId":"territory:catalog:0dcb704168e0dcc7acd3a8e1b897c2a4c42151175ae10bddc87803d8c84266bf"},"type":"Feature"},{"geometry":{"coordinates":[[[128.14253222138,37.877697841727],[128.27899924185,37.877697841727],[128.27899924185,37.985611510791],[128.25855513308,37.985611510791],[128.14253222138,37.985611510791],[128.14253222138,37.877697841727]]],"type":"Polygon"},"id":473,"properties":{"parentKey":"KOR:1159312111","sourceCountryId":"KOR","syntheticOperational":true,"territoryId":"territory:catalog:f250df5db07eacf15d052ec8f76bc47f28ecf0b2e88730596c552511cd5f600e"},"type":"Feature"},{"geometry":{"coordinates":[[[126.531016,37.754706],[126.545421,37.672512],[126.54905061054,37.661870503597],[126.666666666667,37.661870503597],[126.666666666667,37.668977296197],[126.661469,37.672431],[126.661876,37.695868],[126.666666666667,37.707238364393],[126.666666666667,37.746573033306],[126.661876,37.757961],[126.648529,37.765041],[126.635509,37.763007],[126.62086,37.757554],[126.603282,37.754543],[126.549541381335,37.769784172662],[126.545581000697,37.769784172662],[126.534923,37.768215],[126.531016,37.754706]]],"type":"Polygon"},"id":474,"properties":{"parentKey":"KOR:1159312027","sourceCountryId":"KOR","syntheticOperational":true,"territoryId":"territory:catalog:b0d156857c272afe26d70d7a957e363f8c9ffa427aed8b6ea5248744b01ba3c4"},"type":"Feature"},{"geometry":{"coordinates":[[[127.619047619048,37.553956834532],[127.641296156745,37.553956834532],[127.707175008472,37.553956834532],[127.666761,37.571712],[127.641439,37.579929],[127.619047619048,37.591608358569],[127.619047619048,37.553956834532]]],"type":"Polygon"},"id":475,"properties":{"parentKey":"KOR:1159312027","sourceCountryId":"KOR","syntheticOperational":true,"territoryId":"territory:catalog:ab313936021ec3c641f9da2b20ff4246e0627cf895ff915043b3a9fb12a95b8c"},"type":"Feature"},{"geometry":{"coordinates":[[[127.323529411765,35.395683453237],[127.478005865103,35.395683453237],[127.588235294118,35.395683453237],[127.588235294118,35.611510791367],[127.433628318584,35.611510791367],[127.323529411765,35.611510791367],[127.323529411765,35.395683453237]]],"type":"Polygon"},"id":476,"properties":{"parentKey":"KOR:1159313521","sourceCountryId":"KOR","syntheticOperational":true,"territoryId":"territory:catalog:d32fc2b2b7c5e52611010f3ce00bfe334831bfe646b5644fc854bc93b5749aa8"},"type":"Feature"},{"geometry":{"coordinates":[[[127.688787185355,38.309352517986],[127.772159096297,38.309352517986],[127.761948,38.32097],[127.753731,38.325362],[127.688787185355,38.320890859341],[127.688787185355,38.309352517986]]],"type":"Polygon"},"id":477,"properties":{"parentKey":"KOR:1159312111","sourceCountryId":"KOR","syntheticOperational":true,"territoryId":"territory:catalog:3ceecdffc07eb4b9d686b6cec84b0b19a45311bbf0485498b0806a6f4b4f6263"},"type":"Feature"},{"geometry":{"coordinates":[[[126.885245901639,36.474820143885],[127.003717472119,36.474820143885],[127.068098007809,36.474820143885],[127.068864,36.476585],[127.084057,36.48829],[127.080932,36.63978],[127.103822956196,36.690647482014],[126.995515695067,36.690647482014],[126.885245901639,36.690647482014],[126.885245901639,36.474820143885]]],"type":"Polygon"},"id":478,"properties":{"parentKey":"KOR:1159313525","sourceCountryId":"KOR","syntheticOperational":true,"territoryId":"territory:catalog:8bf461277dcee31c38691369c5620d69716082f0099ae3cf2751bf48ba740a75"},"type":"Feature"},{"geometry":{"coordinates":[[[126.065454545455,34.536370598983],[126.077322,34.542182],[126.085704,34.548733],[126.093761,34.553656],[126.099376,34.558661],[126.100271,34.568305],[126.103363,34.579413],[126.104259,34.589789],[126.102387,34.594875],[126.100108,34.596747],[126.099376,34.605455],[126.087087,34.611151],[126.079845,34.617377],[126.067638,34.625474],[126.065454545455,34.624124233344],[126.065454545455,34.606537896759],[126.066417,34.60399],[126.076427,34.590766],[126.081309,34.580756],[126.076345,34.57099],[126.065454545455,34.564105680362],[126.065454545455,34.536370598983]]],"type":"Polygon"},"id":479,"properties":{"parentKey":"KOR:1159313529","sourceCountryId":"KOR","syntheticOperational":true,"territoryId":"territory:catalog:e43c919928a984e83cd50d558e9242fdf40bece6d51e7e07efb8bfc6bab94345"},"type":"Feature"},{"geometry":{"coordinates":[[[127.119792332019,37.446043165468],[127.23436322532,37.446043165468],[127.23436322532,37.553956834532],[127.210884353742,37.553956834532],[127.189112635561,37.553956834532],[127.194748,37.543238],[127.192061,37.52833],[127.178108,37.522723],[127.162915,37.514713],[127.163226,37.496626],[127.171287,37.489443],[127.15413,37.47084],[127.144622,37.457766],[127.119792332019,37.446043165468]]],"type":"Polygon"},"id":480,"properties":{"parentKey":"KOR:1159312027","sourceCountryId":"KOR","syntheticOperational":true,"territoryId":"territory:catalog:ceb67dc66a1c3bac145702cbc751762c510e128256729ea9ef51dfbc86aafe4a"},"type":"Feature"},{"geometry":{"coordinates":[[[126.276517922458,35.065671468505],[126.288341,35.052965],[126.302501,35.053371],[126.309418,35.06623],[126.301524,35.08869],[126.320649,35.083319],[126.338227,35.070136],[126.36671,35.037787],[126.374115,35.016832],[126.346202,34.994086],[126.349213,34.972602],[126.324229,34.976955],[126.312999,34.977444],[126.301524,34.972602],[126.30615794377,34.964028776978],[126.371285529155,34.964028776978],[126.370616,34.968492],[126.380382,34.972602],[126.38795,34.97484],[126.393321,34.979804],[126.399994,34.984565],[126.411388,34.986274],[126.436371,34.981391],[126.430512,34.972602],[126.415270714628,34.964028776978],[126.433260393873,34.964028776978],[126.539868324799,34.964028776978],[126.539868324799,35.179856115108],[126.422287390029,35.179856115108],[126.36778910854,35.179856115108],[126.371104,35.173529],[126.403901,35.142157],[126.414154,35.119696],[126.420746,35.114203],[126.428722,35.110541],[126.44752,35.106676],[126.452403,35.100287],[126.452891,35.082465],[126.450287,35.066596],[126.425059,35.019761],[126.414399,35.028754],[126.407237,35.038967],[126.40561,35.049954],[126.411388,35.061347],[126.403819,35.064887],[126.386974,35.065375],[126.377289,35.068183],[126.365326,35.074042],[126.361664,35.077297],[126.360688,35.082953],[126.3567,35.096137],[126.353608,35.097846],[126.348969,35.096422],[126.344981,35.096422],[126.343028,35.102362],[126.344249,35.10814],[126.348725,35.117499],[126.35141,35.135972],[126.350108,35.145575],[126.343028,35.156968],[126.334972,35.134101],[126.327891,35.122626],[126.315196,35.115953],[126.307221,35.131781],[126.289073,35.13939],[126.276517922458,35.138014387372],[126.276517922458,35.086486298561],[126.283539,35.078843],[126.276517922458,35.070845063839],[126.276517922458,35.065671468505]]],"type":"Polygon"},"id":481,"properties":{"parentKey":"KOR:1159313529","sourceCountryId":"KOR","syntheticOperational":true,"territoryId":"territory:catalog:3da0fda26e2be0c31b97eb46dccc64494cd08f6a27d4ab6c2127a9d8a5e29de3"},"type":"Feature"},{"geometry":{"coordinates":[[[127.098718914846,37.338129496403],[127.218045112782,37.338129496403],[127.23436322532,37.338129496403],[127.23436322532,37.446043165468],[127.119792332019,37.446043165468],[127.11868,37.445518],[127.098718914846,37.441829485369],[127.098718914846,37.338129496403]]],"type":"Polygon"},"id":482,"properties":{"parentKey":"KOR:1159312027","sourceCountryId":"KOR","syntheticOperational":true,"territoryId":"territory:catalog:fd53a8f513c5a95dd784144a508093338718159e1793d2e525d78da1b2d1eb1c"},"type":"Feature"},{"geometry":{"coordinates":[[[127.945172210273,36.690647482014],[127.95827123696,36.690647482014],[127.968662950452,36.690647482014],[127.950464,36.696985],[127.945172210273,36.690647482014]]],"type":"Polygon"},"id":483,"properties":{"parentKey":"KOR:1159313537","sourceCountryId":"KOR","syntheticOperational":true,"territoryId":"territory:catalog:0944e3bfd5ff21d81ece1f081bad70823b3ff139c15b380b6f82028b75a900d6"},"type":"Feature"},{"geometry":{"coordinates":[[[127.483588621444,34.839515647799],[127.483897,34.839545],[127.487315,34.841498],[127.493907,34.849066],[127.510997,34.884711],[127.514415,34.886949],[127.516612,34.891099],[127.521251,34.889838],[127.52589,34.885443],[127.528087,34.879828],[127.52711,34.874701],[127.522716,34.864936],[127.521821,34.859036],[127.524425,34.84927],[127.539561,34.823065],[127.536632,34.819241],[127.534923,34.813218],[127.535411,34.808092],[127.540294,34.803778],[127.546153,34.803046],[127.551768,34.802924],[127.555919,34.800727],[127.571788,34.772528],[127.579845,34.763129],[127.583945084604,34.748201438849],[127.636363636364,34.748201438849],[127.746170678337,34.748201438849],[127.746170678337,34.841365741616],[127.739757,34.841702],[127.721446,34.844631],[127.699962,34.842271],[127.668956,34.818345],[127.656505,34.811916],[127.646007,34.816067],[127.634776,34.82803],[127.618907,34.836412],[127.601166,34.85635],[127.585704,34.879218],[127.576427,34.896918],[127.575287,34.913642],[127.580658,34.933661],[127.591563,34.946438],[127.607188,34.941311],[127.626069,34.909735],[127.641124,34.899115],[127.66212,34.906806],[127.699962,34.931627],[127.709239,34.940416],[127.713227,34.946723],[127.720027441767,34.964028776978],[127.593269934162,34.964028776978],[127.483588621444,34.964028776978],[127.483588621444,34.839515647799]]],"type":"Polygon"},"id":484,"properties":{"parentKey":"KOR:1159313529","sourceCountryId":"KOR","syntheticOperational":true,"territoryId":"territory:catalog:7c78d2cc576b770238e15360c67c44a90232be48c2beed6d4b9a6478162d49a3"},"type":"Feature"},{"geometry":{"coordinates":[[[127.271375464684,36.258992805755],[127.306764956184,36.258992805755],[127.29587,36.287592],[127.290691,36.360101],[127.272564,36.388587],[127.271375464684,36.390087921283],[127.271375464684,36.258992805755]]],"type":"Polygon"},"id":485,"properties":{"parentKey":"KOR:1159313525","sourceCountryId":"KOR","syntheticOperational":true,"territoryId":"territory:catalog:09824dc691e246a726e21d3f22e8edb90a137029fe0f72ed2ba8a8829e83fcc8"},"type":"Feature"},{"geometry":{"coordinates":[[[127.218045112782,37.122302158273],[127.376311844078,37.122302158273],[127.488721804511,37.122302158273],[127.488721804511,37.338129496403],[127.370007535795,37.338129496403],[127.23436322532,37.338129496403],[127.218045112782,37.338129496403],[127.218045112782,37.122302158273]]],"type":"Polygon"},"id":486,"properties":{"parentKey":"KOR:1159312027","sourceCountryId":"KOR","syntheticOperational":true,"territoryId":"territory:catalog:94f61f8c0f40095bce31cc30ba2e640bbab35279f3c5a57e0c5d5a0ecdfcd176"},"type":"Feature"},{"geometry":{"coordinates":[[[126.361031518625,33.238500146165],[126.428458,33.239309],[126.436004245111,33.237410071942],[126.476054324518,33.237410071942],[126.589721983358,33.237410071942],[126.606919,33.24061],[126.618911174785,33.249144012443],[126.618911174785,33.453237410072],[126.465517241379,33.453237410072],[126.361031518625,33.453237410072],[126.361031518625,33.238500146165]]],"type":"Polygon"},"id":487,"properties":{"parentKey":"KOR:1159313515","sourceCountryId":"KOR","syntheticOperational":true,"territoryId":"territory:catalog:6d3c666a73ddcd1a55cef58de71a0430bd7a57935e7e698838402e251ed0dcd5"},"type":"Feature"},{"geometry":{"coordinates":[[[127.391352533193,36.258992805755],[127.427724240178,36.258992805755],[127.464764120509,36.258992805755],[127.464809,36.259699],[127.476798,36.298353],[127.499432,36.331219],[127.508527,36.347963],[127.518656,36.362845],[127.535089,36.372845],[127.538913,36.390182],[127.526097,36.393619],[127.512248,36.398657],[127.495402,36.388761],[127.482276,36.374498],[127.477418,36.351011],[127.464292,36.33401],[127.449823,36.290783],[127.423675,36.273755],[127.409309,36.269828],[127.391352533193,36.258992805755]]],"type":"Polygon"},"id":488,"properties":{"parentKey":"KOR:1159313525","sourceCountryId":"KOR","syntheticOperational":true,"territoryId":"territory:catalog:eaebd269dd586e45de8275ea3902b220517394ae8ae40b8be928dac9bd652408"},"type":"Feature"},{"geometry":{"coordinates":[[[128.495575221239,35.611510791367],[128.514765870509,35.611510791367],[128.52707,35.625784],[128.550118,35.640305],[128.554423617655,35.611510791367],[128.647058823529,35.611510791367],[128.761061946903,35.611510791367],[128.761061946903,35.827338129496],[128.71996669028,35.827338129496],[128.714139,35.814946],[128.714035,35.808486],[128.711038,35.799107],[128.688714,35.788126],[128.63094,35.800347],[128.59859,35.802983],[128.584327,35.793836],[128.570065,35.773579],[128.562417,35.768282],[128.553218,35.774458],[128.540919,35.780917],[128.523246,35.792544],[128.51136,35.811199],[128.496788,35.822827],[128.495575221239,35.823211024443],[128.495575221239,35.611510791367]]],"type":"Polygon"},"id":489,"properties":{"parentKey":"KOR:1159313537","sourceCountryId":"KOR","syntheticOperational":true,"territoryId":"territory:catalog:02265c997118d75392d3d30c063bb3fac63f72a53a873646e81212c1f27c8dfb"},"type":"Feature"},{"geometry":{"coordinates":[[[128.997739261492,37.338129496403],[129.112781954887,37.338129496403],[129.269027882442,37.338129496403],[129.269027882442,37.360963982504],[129.262787,37.370917],[129.235444,37.398261],[129.189952,37.469387],[129.17685,37.48017],[129.161225,37.487616],[129.148204,37.505113],[129.129308309137,37.553956834532],[129.115646258503,37.553956834532],[128.997739261492,37.553956834532],[128.997739261492,37.338129496403]]],"type":"Polygon"},"id":490,"properties":{"parentKey":"KOR:1159312111","sourceCountryId":"KOR","syntheticOperational":true,"territoryId":"territory:catalog:0c6a85931fb4170d50cc62470e0460891c6b184eeaa606e0b3a62a824632ea40"},"type":"Feature"},{"geometry":{"coordinates":[[[127.187263078089,37.769784172662],[127.210884353742,37.769784172662],[127.32373009856,37.769784172662],[127.32373009856,37.877697841727],[127.187263078089,37.877697841727],[127.187263078089,37.769784172662]]],"type":"Polygon"},"id":491,"properties":{"parentKey":"KOR:1159312027","sourceCountryId":"KOR","syntheticOperational":true,"territoryId":"territory:catalog:b21894db6c0d861580a190bebe1a01de2b0c8131bce73f41384d0dcd5d93eb4c"},"type":"Feature"},{"geometry":{"coordinates":[[[126.876790830946,33.375222542515],[126.907507,33.395725],[126.925548,33.413153],[126.927257,33.416083],[126.935802,33.425482],[126.93922,33.430854],[126.93922,33.436265],[126.932872,33.445502],[126.932384,33.451321],[126.934300410072,33.453237410072],[126.876790830946,33.453237410072],[126.876790830946,33.375222542515]]],"type":"Polygon"},"id":492,"properties":{"parentKey":"KOR:1159313515","sourceCountryId":"KOR","syntheticOperational":true,"territoryId":"territory:catalog:82764cc49d901705a97c032cbabb27c0970c33645f2e0004ede52a0bacf52ed0"},"type":"Feature"},{"geometry":{"coordinates":[[[128.395437262357,37.985611510791],[128.41546626232,37.985611510791],[128.532319391635,37.985611510791],[128.532319391635,38.093525179856],[128.395437262357,38.093525179856],[128.395437262357,37.985611510791]]],"type":"Polygon"},"id":493,"properties":{"parentKey":"KOR:1159312111","sourceCountryId":"KOR","syntheticOperational":true,"territoryId":"territory:catalog:4d7619c42ba34c6b8cb39f842954183d3ee44efefb01836e6c7adf1c0c8955f8"},"type":"Feature"},{"geometry":{"coordinates":[[[127.106446776612,36.906474820144],[127.179390162511,36.906474820144],[127.174078,36.910047],[127.130876,36.925808],[127.106446776612,36.917444924549],[127.106446776612,36.906474820144]]],"type":"Polygon"},"id":494,"properties":{"parentKey":"KOR:1159313525","sourceCountryId":"KOR","syntheticOperational":true,"territoryId":"territory:catalog:1b0ec6322eda1fc8f02e6851498e9618a0768f45f19d25242578d3b7e6e86632"},"type":"Feature"},{"geometry":{"coordinates":[[[127.34693877551,37.661870503597],[127.482993197279,37.661870503597],[127.482993197279,37.769784172662],[127.46019711903,37.769784172662],[127.34693877551,37.769784172662],[127.34693877551,37.661870503597]]],"type":"Polygon"},"id":495,"properties":{"parentKey":"KOR:1159312027","sourceCountryId":"KOR","syntheticOperational":true,"territoryId":"territory:catalog:930d3639e95e3a8fccae374ab424a62eab2e048be025b9979ccc358360dd5c6b"},"type":"Feature"},{"geometry":{"coordinates":[[[127.636363636364,34.699087381837],[127.63795,34.698228],[127.656261,34.731269],[127.678559,34.727362],[127.706391,34.715888],[127.741547,34.725572],[127.749848,34.737128],[127.752392848225,34.748201438849],[127.746170678337,34.748201438849],[127.636363636364,34.748201438849],[127.636363636364,34.699087381837]]],"type":"Polygon"},"id":496,"properties":{"parentKey":"KOR:1159313529","sourceCountryId":"KOR","syntheticOperational":true,"territoryId":"territory:catalog:7d452f28b711a4ec37d07fcaf23ef345ee4493f6172eccf92fd5f071714bd25e"},"type":"Feature"},{"geometry":{"coordinates":[[[127.898181818182,34.712871188437],[127.906261,34.71308],[127.912364,34.721869],[127.915701,34.742743],[127.91857505631,34.748201438849],[127.898181818182,34.748201438849],[127.898181818182,34.712871188437]]],"type":"Polygon"},"id":497,"properties":{"parentKey":"KOR:1159313519","sourceCountryId":"KOR","syntheticOperational":true,"territoryId":"territory:catalog:e3e90d609337b9db28f4f017a180d5b175b031e1df507b0a962c94b584234147"},"type":"Feature"},{"geometry":{"coordinates":[[[129.112781954887,37.122302158273],[129.265367316342,37.122302158273],[129.383458646617,37.122302158273],[129.383458646617,37.125059422669],[129.378917,37.130113],[129.360118,37.17178],[129.346446,37.247504],[129.331065,37.282172],[129.282807,37.324449],[129.276686964195,37.338129496403],[129.269027882442,37.338129496403],[129.112781954887,37.338129496403],[129.112781954887,37.122302158273]]],"type":"Polygon"},"id":498,"properties":{"parentKey":"KOR:1159312111","sourceCountryId":"KOR","syntheticOperational":true,"territoryId":"territory:catalog:d60dabc6896c256d53dd410209111d3dba663e2a1b3aacb47e63d9ffdcf95bca"},"type":"Feature"},{"geometry":{"coordinates":[[[126.793739,37.551662],[126.817407,37.528666],[126.827430293896,37.517324383333],[126.827430293896,37.553956834532],[126.802721088435,37.553956834532],[126.795084792842,37.553956834532],[126.793739,37.551662]]],"type":"Polygon"},"id":499,"properties":{"parentKey":"KOR:1159312115","sourceCountryId":"KOR","syntheticOperational":true,"territoryId":"territory:catalog:8a779f0b49ed9b7acf7abed6a06cd83e15484610ba5f993dc3c5783a60919df8"},"type":"Feature"},{"geometry":{"coordinates":[[[127.478005865103,35.179856115108],[127.593269934162,35.179856115108],[127.645034888244,35.179856115108],[127.642679,35.209402],[127.632654,35.235007],[127.612087,35.254825],[127.617461,35.276633],[127.560411,35.314227],[127.496435,35.333115],[127.478005865103,35.324727221345],[127.478005865103,35.179856115108]]],"type":"Polygon"},"id":500,"properties":{"parentKey":"KOR:1159313529","sourceCountryId":"KOR","syntheticOperational":true,"territoryId":"territory:catalog:9b8b4d7ec78410ffd2b6743f2c8e3c2d3936f13bfa1d863797dee0dc6679a025"},"type":"Feature"},{"geometry":{"coordinates":[[[127.593269934162,34.964028776978],[127.720027441767,34.964028776978],[127.72047,34.965155],[127.718272,34.970404],[127.716563,34.982367],[127.719249,34.990058],[127.730724,34.982571],[127.736583,34.972886],[127.739024,34.965277],[127.740342168669,34.964028776978],[127.746170678337,34.964028776978],[127.802476537681,34.964028776978],[127.802566,34.980165],[127.78913,35.007295],[127.726809,35.062925],[127.71606,35.081373],[127.707378,35.102509],[127.685054,35.121681],[127.660456,35.136357],[127.646917,35.156252],[127.645034888244,35.179856115108],[127.593269934162,35.179856115108],[127.593269934162,34.964028776978]]],"type":"Polygon"},"id":501,"properties":{"parentKey":"KOR:1159313529","sourceCountryId":"KOR","syntheticOperational":true,"territoryId":"territory:catalog:ffe371d74a1ca5d0770df9319ec4b8f29d4b428d28978ffd82cda0821bd409e2"},"type":"Feature"},{"geometry":{"coordinates":[[[128.609665427509,36.258992805755],[128.76204595997,36.258992805755],[128.877323420074,36.258992805755],[128.877323420074,36.474820143885],[128.76304023845,36.474820143885],[128.609665427509,36.474820143885],[128.609665427509,36.258992805755]]],"type":"Polygon"},"id":502,"properties":{"parentKey":"KOR:1159313537","sourceCountryId":"KOR","syntheticOperational":true,"territoryId":"territory:catalog:b8526059ecac61da0dd56f9e66ab38b8efcdb432f7360029e4a0218abb17d99d"},"type":"Feature"},{"geometry":{"coordinates":[[[127.103822956196,36.690647482014],[127.107127641627,36.690647482014],[127.104239,36.691572],[127.103822956196,36.690647482014]]],"type":"Polygon"},"id":503,"properties":{"parentKey":"KOR:1159316481","sourceCountryId":"KOR","syntheticOperational":true,"territoryId":"territory:catalog:1324be9e19d2efad4d98f5824f0764130780959b0003fb70a4a99b0816dc2154"},"type":"Feature"},{"geometry":{"coordinates":[[[126.30433667059,33.453237410072],[126.361031518625,33.453237410072],[126.465517241379,33.453237410072],[126.465517241379,33.506794386219],[126.45938,33.502381],[126.35736,33.477961],[126.310567,33.464476],[126.30433667059,33.453237410072]]],"type":"Polygon"},"id":504,"properties":{"parentKey":"KOR:1159313515","sourceCountryId":"KOR","syntheticOperational":true,"territoryId":"territory:catalog:ef59a6355ca9e3f7d6203e353302981dc186d645b204987451aafab07fa0b150"},"type":"Feature"},{"geometry":{"coordinates":[[[126.530612244898,37.661870503597],[126.530756504053,37.661870503597],[126.530630817827,37.663259423273],[126.530612244898,37.66346466698],[126.530612244898,37.661870503597]]],"type":"Polygon"},"id":505,"properties":{"parentKey":"KOR:1159312027","sourceCountryId":"KOR","syntheticOperational":true,"territoryId":"territory:catalog:8c937ed55181246f241b5de414e2a666cc479f0b4184751c6ae8bb8e8725d36c"},"type":"Feature"},{"geometry":{"coordinates":[[[127.026615969582,38.093525179856],[127.131608409798,38.093525179856],[127.106485,38.111421],[127.094703,38.121188],[127.0823,38.119947],[127.071241,38.132608],[127.064317,38.149093],[127.055222,38.157749],[127.04437,38.164596],[127.035998,38.180305],[127.026615969582,38.18500105457],[127.026615969582,38.093525179856]]],"type":"Polygon"},"id":506,"properties":{"parentKey":"KOR:1159312027","sourceCountryId":"KOR","syntheticOperational":true,"territoryId":"territory:catalog:f1e45cfc554d3ba90b4b016a9d04d2d63aa5f5dbf0dbb4f3098e1902f2d6de51"},"type":"Feature"},{"geometry":{"coordinates":[[[128.647058823529,35.546752799262],[128.651197,35.547133],[128.68861,35.552585],[128.72127,35.544446],[128.752483,35.531062],[128.789793,35.530183],[128.822349,35.551215],[128.836715,35.555556],[128.851185,35.557106],[128.86493,35.566796],[128.876403,35.578862],[128.911764705882,35.590682798594],[128.911764705882,35.611510791367],[128.761061946903,35.611510791367],[128.647058823529,35.611510791367],[128.647058823529,35.546752799262]]],"type":"Polygon"},"id":507,"properties":{"parentKey":"KOR:1159313537","sourceCountryId":"KOR","syntheticOperational":true,"territoryId":"territory:catalog:e479d73f70fc5754cd4cf80040ff78f0559355ee618e670bab5fbdb27e0c0d5e"},"type":"Feature"},{"geometry":{"coordinates":[[[128.533916849015,34.811529650911],[128.544688,34.818793],[128.580577,34.831855],[128.590831,34.842271],[128.604503,34.835435],[128.599132,34.817816],[128.598643,34.802232],[128.591563,34.791205],[128.566661,34.787055],[128.560395,34.781806],[128.559825,34.77025],[128.564301,34.758734],[128.573497,34.753485],[128.604503,34.766547],[128.599457,34.751899],[128.599204562293,34.748201438849],[128.672887188154,34.748201438849],[128.669119,34.749498],[128.657237,34.756985],[128.662852,34.769965],[128.680186,34.786566],[128.683279,34.794135],[128.686371,34.808092],[128.697765,34.801337],[128.716563,34.793199],[128.73406,34.788235],[128.74171,34.790717],[128.739024,34.80622],[128.726085,34.828843],[128.720551,34.842271],[128.734141,34.837551],[128.742931,34.84455],[128.747406,34.857123],[128.748546,34.868964],[128.747569,34.88581],[128.744314,34.887763],[128.73463,34.88227],[128.714366,34.87641],[128.730154,34.910386],[128.734141,34.922309],[128.734386,34.935452],[128.729991,34.945136],[128.723888,34.954535],[128.720142963316,34.964028776978],[128.646671543526,34.964028776978],[128.646213852462,34.964028776978],[128.62379,34.953559],[128.610606,34.954901],[128.611664,34.93891],[128.616384,34.921861],[128.626964,34.906928],[128.645518,34.896918],[128.645518,34.890692],[128.626964,34.89175],[128.613536,34.897162],[128.600434,34.904202],[128.583995,34.909898],[128.573741,34.910061],[128.536306,34.903713],[128.533916849015,34.902876861375],[128.533916849015,34.811529650911]]],"type":"Polygon"},"id":508,"properties":{"parentKey":"KOR:1159313519","sourceCountryId":"KOR","syntheticOperational":true,"territoryId":"territory:catalog:42ff8ca19b3fc2950294c5998c1a7c6a2959724f8f942a65b260c1a44782690b"},"type":"Feature"},{"geometry":{"coordinates":[[[126.966065,38.213038],[126.985872,38.205394],[126.993774227675,38.201438848921],[127.002288329519,38.201438848921],[127.002288329519,38.238601871751],[126.971919,38.218909],[126.966065,38.213038]]],"type":"Polygon"},"id":509,"properties":{"parentKey":"KOR:1159312111","sourceCountryId":"KOR","syntheticOperational":true,"territoryId":"territory:catalog:63aad61e5be10f197566ff64d43f09c7204ecfe43653fd848018931333e8596c"},"type":"Feature"},{"geometry":{"coordinates":[[[126.599131693198,34.301175197069],[126.603282,34.300442],[126.603282,34.311998],[126.604237878962,34.31654676259],[126.599131693198,34.31654676259],[126.599131693198,34.301175197069]]],"type":"Polygon"},"id":510,"properties":{"parentKey":"KOR:1159313529","sourceCountryId":"KOR","syntheticOperational":true,"territoryId":"territory:catalog:c15050d0adaa71e892aadbbab299dd9f275a804648d62958b415d50ccc463a6f"},"type":"Feature"},{"geometry":{"coordinates":[[[127.264573991031,36.880021458376],[127.304819,36.88948],[127.347297,36.905861],[127.349582003847,36.906474820144],[127.264573991031,36.906474820144],[127.264573991031,36.880021458376]]],"type":"Polygon"},"id":511,"properties":{"parentKey":"KOR:1159312027","sourceCountryId":"KOR","syntheticOperational":true,"territoryId":"territory:catalog:2aa89ac05bf3131a13d82d0a92d4da88d8f32c047c823aa9adef6e466e144cd1"},"type":"Feature"},{"geometry":{"coordinates":[[[127.746170678337,34.959944936646],[127.757904,34.958319],[127.798432,34.958645],[127.80499015204,34.957146732862],[127.80499,34.957147],[127.802463,34.961587],[127.802476537681,34.964028776978],[127.746170678337,34.964028776978],[127.746170678337,34.959944936646]]],"type":"Polygon"},"id":512,"properties":{"parentKey":"KOR:1159313529","sourceCountryId":"KOR","syntheticOperational":true,"territoryId":"territory:catalog:34cd2de322ffa6ba59c792642dad3dcdf72292e40037b6722f62df8b6152291e"},"type":"Feature"},{"geometry":{"coordinates":[[[128.913525498891,35.827338129496],[129.026548672566,35.827338129496],[129.179600886918,35.827338129496],[129.179600886918,36.043165467626],[129.028910303929,36.043165467626],[128.913525498891,36.043165467626],[128.913525498891,35.827338129496]]],"type":"Polygon"},"id":513,"properties":{"parentKey":"KOR:1159313537","sourceCountryId":"KOR","syntheticOperational":true,"territoryId":"territory:catalog:e1d4cbc21f3b3a169cb2f3bca0f119ee0c347a43b41ab985d830226f2ef20293"},"type":"Feature"},{"geometry":{"coordinates":[[[126.556141672947,37.478133008064],[126.565766,37.479967],[126.569184,37.483588],[126.577626,37.488585],[126.583066,37.490384],[126.580579,37.495627],[126.57644,37.50237],[126.57114,37.506348],[126.56723,37.511231],[126.563303,37.514443],[126.556141672947,37.517276234983],[126.556141672947,37.478133008064]]],"type":"Polygon"},"id":514,"properties":{"parentKey":"KOR:1159312029","sourceCountryId":"KOR","syntheticOperational":true,"territoryId":"territory:catalog:0902695ae62cf4ee9553eb64ffb4911c8684e78919d2a5a14965effe469d63fc"},"type":"Feature"},{"geometry":{"coordinates":[[[126.241059,34.566474],[126.266775,34.54975],[126.274425,34.537258],[126.272466048678,34.532374100719],[126.327272727273,34.532374100719],[126.327272727273,34.535289041993],[126.326834,34.535061],[126.322276,34.53384],[126.315603,34.538275],[126.310802,34.545152],[126.307872,34.551459],[126.305431,34.554267],[126.29477,34.558905],[126.280447,34.568305],[126.263927,34.575751],[126.247732,34.574774],[126.241059,34.566474]]],"type":"Polygon"},"id":515,"properties":{"parentKey":"KOR:1159313529","sourceCountryId":"KOR","syntheticOperational":true,"territoryId":"territory:catalog:acf0963f53d4592da9506a5a3dcc44cad89dc053f9d9c307bebe42c517998a62"},"type":"Feature"},{"geometry":{"coordinates":[[[126.021007,34.301093],[126.021658,34.29564],[126.028656,34.28734],[126.049327,34.280219],[126.055675,34.280992],[126.057384,34.285956],[126.060802,34.286078],[126.064952,34.280707],[126.069347,34.278998],[126.074962,34.282864],[126.078147612156,34.283198548489],[126.078147612156,34.31024095528],[126.067638,34.308905],[126.033214,34.314887],[126.025727,34.310777],[126.025238,34.305854],[126.021007,34.301093]]],"type":"Polygon"},"id":516,"properties":{"parentKey":"KOR:1159313529","sourceCountryId":"KOR","syntheticOperational":true,"territoryId":"territory:catalog:69260c91b3cb424a36d7fb74e437b1260dce5425b6fa8cac703cb022c839bc2d"},"type":"Feature"},{"geometry":{"coordinates":[[[126.457657,36.595596],[126.458095,36.591407],[126.464182,36.584121],[126.469218,36.566934],[126.470059,36.557766],[126.465685,36.549387],[126.470329,36.540199],[126.475071,36.539414],[126.482921,36.535224],[126.49158,36.52867],[126.510753,36.534247],[126.513927,36.528795],[126.504242,36.516669],[126.483409,36.497016],[126.482758,36.485826],[126.486111646062,36.474820143885],[126.616989567809,36.474820143885],[126.616989567809,36.690647482014],[126.473733149156,36.690647482014],[126.474535,36.687885],[126.49851,36.684273],[126.50803,36.670413],[126.493956,36.661316],[126.483799,36.649603],[126.499855,36.636836],[126.51171,36.634848],[126.519867,36.626166],[126.513868,36.615392],[126.512312,36.603209],[126.491453,36.603762],[126.471456,36.596291],[126.457657,36.595596]]],"type":"Polygon"},"id":517,"properties":{"parentKey":"KOR:1159313525","sourceCountryId":"KOR","syntheticOperational":true,"territoryId":"territory:catalog:a15c451c0c33f154b5663e63479a1880df26640dce7286936f03147df244c655"},"type":"Feature"},{"geometry":{"coordinates":[[[127.030824433939,37.446043165468],[127.051196226134,37.446043165468],[127.049331,37.449446],[127.030824433939,37.446043165468]]],"type":"Polygon"},"id":518,"properties":{"parentKey":"KOR:1159312027","sourceCountryId":"KOR","syntheticOperational":true,"territoryId":"territory:catalog:e5f6f36f86d6595ebcb3c0e7367455589badddf3f17050441022dfd73498dfe3"},"type":"Feature"},{"geometry":{"coordinates":[[[127.46019711903,37.769784172662],[127.482993197279,37.769784172662],[127.539966078786,37.769784172662],[127.539843,37.776247],[127.53788,37.791647],[127.588626,37.821283],[127.5966641395,37.823353210771],[127.5966641395,37.877697841727],[127.46019711903,37.877697841727],[127.46019711903,37.769784172662]]],"type":"Polygon"},"id":519,"properties":{"parentKey":"KOR:1159312027","sourceCountryId":"KOR","syntheticOperational":true,"territoryId":"territory:catalog:0e7a5a7a4452daf7cff73add37ac76be6756a371ba464606d4b872f5a509357b"},"type":"Feature"},{"geometry":{"coordinates":[[[127.71102661597,37.985611510791],[127.73313115997,37.985611510791],[127.847908745247,37.985611510791],[127.847908745247,38.093525179856],[127.71102661597,38.093525179856],[127.71102661597,37.985611510791]]],"type":"Polygon"},"id":520,"properties":{"parentKey":"KOR:1159312111","sourceCountryId":"KOR","syntheticOperational":true,"territoryId":"territory:catalog:fbad8dbde6f2d29ff9f495ab280267e3b6c5659395945f5f864f8563767ae06c"},"type":"Feature"},{"geometry":{"coordinates":[[[126.958424507659,34.748201438849],[127.112727272727,34.748201438849],[127.221006564551,34.748201438849],[127.221006564551,34.964028776978],[127.066569129481,34.964028776978],[126.958424507659,34.964028776978],[126.958424507659,34.748201438849]]],"type":"Polygon"},"id":521,"properties":{"parentKey":"KOR:1159313529","sourceCountryId":"KOR","syntheticOperational":true,"territoryId":"territory:catalog:fde880b82fe13d51f95f5a554838bd6ecf5b0df2349c59baf0520290f446ed4b"},"type":"Feature"},{"geometry":{"coordinates":[[[127.93924557108,36.043165467626],[127.961452928095,36.043165467626],[127.961452928095,36.087906751754],[127.958629,36.085136],[127.950878,36.073974],[127.942506,36.048317],[127.93924557108,36.043165467626]]],"type":"Polygon"},"id":522,"properties":{"parentKey":"KOR:1159313537","sourceCountryId":"KOR","syntheticOperational":true,"territoryId":"territory:catalog:ad49d4f812e3e9d3373cfb29b70bf634e7639f5b19089e26fb1a40515f61b581"},"type":"Feature"},{"geometry":{"coordinates":[[[125.67921,37.669664],[125.684581,37.657294],[125.687836,37.65176],[125.693614,37.653957],[125.703136,37.661444],[125.706228,37.672309],[125.699229,37.678127],[125.688243,37.679267],[125.680431,37.67829],[125.67921,37.669664]]],"type":"Polygon"},"id":523,"properties":{"parentKey":"KOR:1159312027","sourceCountryId":"KOR","syntheticOperational":true,"territoryId":"territory:catalog:578b4f7ba577d896331af796e11c251bcac1d13e790b94557d43f8fb9bdc3db2"},"type":"Feature"},{"geometry":{"coordinates":[[[128.057979057808,38.309352517986],[128.100686498856,38.309352517986],[128.100686498856,38.321316028124],[128.057979057808,38.309352517986]]],"type":"Polygon"},"id":524,"properties":{"parentKey":"KOR:1159312111","sourceCountryId":"KOR","syntheticOperational":true,"territoryId":"territory:catalog:c548c7e412ae63745133a152b37bca2a314a641b7ba7f0f39ee6bb532088404e"},"type":"Feature"},{"geometry":{"coordinates":[[[126.274181,35.068183],[126.276517922458,35.065671468505],[126.276517922458,35.070845063839],[126.274181,35.068183]]],"type":"Polygon"},"id":525,"properties":{"parentKey":"KOR:1159313529","sourceCountryId":"KOR","syntheticOperational":true,"territoryId":"territory:catalog:edf136ab17d2ae5a34056d3ec4e87ae535779232556ff866b81232d2adf59911"},"type":"Feature"},{"geometry":{"coordinates":[[[128.228317272053,36.043165467626],[128.381374722838,36.043165467626],[128.495181616012,36.043165467626],[128.495181616012,36.258992805755],[128.342007434944,36.258992805755],[128.228317272053,36.258992805755],[128.228317272053,36.043165467626]]],"type":"Polygon"},"id":526,"properties":{"parentKey":"KOR:1159313537","sourceCountryId":"KOR","syntheticOperational":true,"territoryId":"territory:catalog:74aef81cde6cbf8e461892ad8bbe56faf8edc64087e39de4045e193dd8e6c806"},"type":"Feature"},{"geometry":{"coordinates":[[[127.984790874525,37.985611510791],[128.00606520091,37.985611510791],[128.121673003802,37.985611510791],[128.121673003802,38.093525179856],[127.984790874525,38.093525179856],[127.984790874525,37.985611510791]]],"type":"Polygon"},"id":527,"properties":{"parentKey":"KOR:1159312111","sourceCountryId":"KOR","syntheticOperational":true,"territoryId":"territory:catalog:de784e33ed9b20a4d7133e5994301ef93c27b55a11be9c06bb384370a7d3c399"},"type":"Feature"},{"geometry":{"coordinates":[[[128.22652757079,36.474820143885],[128.342007434944,36.474820143885],[128.49478390462,36.474820143885],[128.49478390462,36.690647482014],[128.340807174888,36.690647482014],[128.22652757079,36.690647482014],[128.22652757079,36.474820143885]]],"type":"Polygon"},"id":528,"properties":{"parentKey":"KOR:1159313537","sourceCountryId":"KOR","syntheticOperational":true,"territoryId":"territory:catalog:c302123d73806b8b2c32f9075fb500d5085c37bd24a8a4515159d15d609ff389"},"type":"Feature"},{"geometry":{"coordinates":[[[128.554423617655,35.611510791367],[128.558386,35.585012],[128.583604,35.559949],[128.61492,35.5438],[128.647058823529,35.546752799262],[128.647058823529,35.611510791367],[128.554423617655,35.611510791367]]],"type":"Polygon"},"id":529,"properties":{"parentKey":"KOR:1159313537","sourceCountryId":"KOR","syntheticOperational":true,"territoryId":"territory:catalog:0455983c8393ef550e64ad3a1c7520e68621a3f2700f516c9596e509620f8e59"},"type":"Feature"},{"geometry":{"coordinates":[[[128.725637181409,36.906474820144],[128.878923766816,36.906474820144],[128.995502248876,36.906474820144],[128.995502248876,37.041897415695],[128.984923,37.043321],[128.971694,37.039006],[128.960739,37.040091],[128.952264,37.04916],[128.940068,37.053217],[128.911646,37.035517],[128.881674,37.026112],[128.8794,37.043631],[128.88188,37.06102],[128.864517,37.067919],[128.84519,37.071458],[128.831134,37.091173],[128.803849,37.092878],[128.776667,37.082698],[128.758477,37.064973],[128.765092,37.040375],[128.761888,37.017405],[128.755997,36.996037],[128.730468,36.997949],[128.725637181409,36.998780633774],[128.725637181409,36.906474820144]]],"type":"Polygon"},"id":530,"properties":{"parentKey":"KOR:1159313537","sourceCountryId":"KOR","syntheticOperational":true,"territoryId":"territory:catalog:25e40af64027bc730a4d4b8e642c2c92e742f8552816d8d0dff007c05dd9cc44"},"type":"Feature"},{"geometry":{"coordinates":[[[126.335704,36.986762],[126.354015,36.98786],[126.369395,36.984117],[126.376475,36.974921],[126.369884,36.959418],[126.355479,36.96776],[126.350678,36.964504],[126.353852,36.955227],[126.363536,36.945787],[126.376475,36.941596],[126.40268,36.94123],[126.411388,36.93891],[126.4192,36.922309],[126.41661842453,36.906474820144],[126.457399103139,36.906474820144],[126.465912,36.906474820144],[126.465912,36.911607],[126.468761,36.917792],[126.477794,36.926418],[126.479584,36.929023],[126.478526,36.935858],[126.473888,36.942206],[126.472748,36.949205],[126.468598,36.957587],[126.458832,36.95775],[126.44752,36.952826],[126.438731,36.945787],[126.432384,36.961982],[126.438243,36.973334],[126.447846,36.982001],[126.452891,36.99018],[126.445404,37.003404],[126.427745,37.008368],[126.39088,37.00788],[126.39088,37.000434],[126.395274,36.992906],[126.391449,36.989814],[126.383067,36.991156],[126.373546,36.997016],[126.36378,37.001451],[126.353038,36.999986],[126.34311,36.994452],[126.335704,36.986762]]],"type":"Polygon"},"id":531,"properties":{"parentKey":"KOR:1159313525","sourceCountryId":"KOR","syntheticOperational":true,"territoryId":"territory:catalog:2d540d779b71e561c2ac122cc86f9540f976773a7a22aad45004dd907074f162"},"type":"Feature"},{"geometry":{"coordinates":[[[127.414187643021,38.309352517986],[127.41554241669,38.309352517986],[127.414187643021,38.309675528077],[127.414187643021,38.309352517986]]],"type":"Polygon"},"id":532,"properties":{"parentKey":"KOR:1159312111","sourceCountryId":"KOR","syntheticOperational":true,"territoryId":"territory:catalog:188a5d92dcfc7e23b4308f0dedce6c6f0c68025873a73739c32b8ba2c9d417a1"},"type":"Feature"},{"geometry":{"coordinates":[[[126.850909090909,34.532374100719],[126.966618287373,34.532374100719],[126.983916955568,34.532374100719],[126.994151,34.540676],[126.986664,34.553697],[126.991303,34.564358],[127.00058,34.57331],[127.007172,34.581529],[127.009044,34.593207],[127.008556,34.604234],[127.010265,34.612494],[127.017833,34.615709],[127.03004,34.618354],[127.042735,34.624457],[127.062511,34.636868],[127.099132,34.654486],[127.107188,34.660102],[127.112727272727,34.666127534228],[127.112727272727,34.748201438849],[126.958424507659,34.748201438849],[126.850909090909,34.748201438849],[126.850909090909,34.532374100719]]],"type":"Polygon"},"id":533,"properties":{"parentKey":"KOR:1159313529","sourceCountryId":"KOR","syntheticOperational":true,"territoryId":"territory:catalog:f4982625cf5226f098f2d9084376057b645e0495576aa161797777abc0ea6c4c"},"type":"Feature"},{"geometry":{"coordinates":[[[127.574144486692,37.985611510791],[127.5966641395,37.985611510791],[127.71102661597,37.985611510791],[127.71102661597,38.093525179856],[127.574144486692,38.093525179856],[127.574144486692,37.985611510791]]],"type":"Polygon"},"id":534,"properties":{"parentKey":"KOR:1159312111","sourceCountryId":"KOR","syntheticOperational":true,"territoryId":"territory:catalog:132b120907d204d611e66c0404cc3b486c29ceb674d28b2e81ce06ae18d08e9e"},"type":"Feature"},{"geometry":{"coordinates":[[[128.647450110865,35.827338129496],[128.71996669028,35.827338129496],[128.723544,35.834945],[128.724887,35.843394],[128.724371,35.849957],[128.733776,35.850629],[128.74132,35.84882],[128.756927,35.861894],[128.762301,35.877707],[128.761784,35.894631],[128.759717,35.910496],[128.748969,35.917911],[128.740907,35.92773],[128.740597,35.953],[128.745455,35.959666],[128.745971,35.967572],[128.733259,35.985504],[128.693158,36.009327],[128.647450110865,36.006911482635],[128.647450110865,35.827338129496]]],"type":"Polygon"},"id":535,"properties":{"parentKey":"KOR:1159313523","sourceCountryId":"KOR","syntheticOperational":true,"territoryId":"territory:catalog:10f4125fc4ab41d7bcf122f1ba9bb2fb4f887e0d2a00ce1d652b3f08f4f7887b"},"type":"Feature"},{"geometry":{"coordinates":[[[127.098718914846,37.446043165468],[127.119792332019,37.446043165468],[127.144622,37.457766],[127.15413,37.47084],[127.171287,37.489443],[127.163226,37.496626],[127.162915,37.514713],[127.178108,37.522723],[127.192061,37.52833],[127.194748,37.543238],[127.189112635561,37.553956834532],[127.154180721314,37.553956834532],[127.143278,37.550835],[127.11589,37.550576],[127.116988093719,37.553956834532],[127.098718914846,37.553956834532],[127.098718914846,37.446043165468]]],"type":"Polygon"},"id":536,"properties":{"parentKey":"KOR:1159312115","sourceCountryId":"KOR","syntheticOperational":true,"territoryId":"territory:catalog:ae507d40fcc3fa9a7595f989ada67caa89be3020a38f234fb7604e96e72decb0"},"type":"Feature"},{"geometry":{"coordinates":[[[128.843537414966,37.553956834532],[128.997739261492,37.553956834532],[129.115646258503,37.553956834532],[129.115646258503,37.586097859793],[129.108735,37.597398],[129.073334,37.613023],[129.067149,37.633857],[129.066905,37.658433],[129.06422,37.67886],[129.012299,37.72724],[129.001313,37.734361],[128.960926631792,37.769784172662],[128.843537414966,37.769784172662],[128.843537414966,37.553956834532]]],"type":"Polygon"},"id":537,"properties":{"parentKey":"KOR:1159312111","sourceCountryId":"KOR","syntheticOperational":true,"territoryId":"territory:catalog:a51b7dc893c139eb7d02ff1ee22fe0fc5de03e9dc1e1a28ad81af9c0a145c67e"},"type":"Feature"},{"geometry":{"coordinates":[[[129.277929,36.632286],[129.29955290611,36.625871526162],[129.29955290611,36.690647482014],[129.281538381653,36.690647482014],[129.285887,36.678407],[129.288987,36.656083],[129.277929,36.632286]]],"type":"Polygon"},"id":538,"properties":{"parentKey":"KOR:1159312111","sourceCountryId":"KOR","syntheticOperational":true,"territoryId":"territory:catalog:ec2b12bc9dd06867c237da606f357496cf3fa1ccf9de1a73c7ac43d1dbbec5e3"},"type":"Feature"},{"geometry":{"coordinates":[[[128.495181616012,36.043165467626],[128.647450110865,36.043165467626],[128.76204595997,36.043165467626],[128.76204595997,36.258992805755],[128.609665427509,36.258992805755],[128.495181616012,36.258992805755],[128.495181616012,36.043165467626]]],"type":"Polygon"},"id":539,"properties":{"parentKey":"KOR:1159313537","sourceCountryId":"KOR","syntheticOperational":true,"territoryId":"territory:catalog:3f37e94436cc5258306a9386ed90039bfb5ee871f9f7b3d218b482c359ef51eb"},"type":"Feature"},{"geometry":{"coordinates":[[[129.182188974561,35.179856115108],[129.197313,35.167234],[129.199273895504,35.163639191567],[129.201084,35.166628],[129.208847327312,35.179856115108],[129.182188974561,35.179856115108]]],"type":"Polygon"},"id":540,"properties":{"parentKey":"KOR:1159313519","sourceCountryId":"KOR","syntheticOperational":true,"territoryId":"territory:catalog:be2ea56a2b81c806f0c5f6efbca4f8e9e9ae06815af3bf983e695438443a64d7"},"type":"Feature"},{"geometry":{"coordinates":[[[127.746170678337,34.748201438849],[127.752392848225,34.748201438849],[127.761322,34.787055],[127.771251,34.815334],[127.774506,34.829332],[127.775645,34.849066],[127.756847,34.840806],[127.746170678337,34.841365741616],[127.746170678337,34.748201438849]]],"type":"Polygon"},"id":541,"properties":{"parentKey":"KOR:1159313529","sourceCountryId":"KOR","syntheticOperational":true,"territoryId":"territory:catalog:65f8f45094d37b87b55f3252bf35edcbbd163d105e803824d2c28c2047f7323b"},"type":"Feature"},{"geometry":{"coordinates":[[[126.726457399103,36.690647482014],[126.885245901639,36.690647482014],[126.995515695067,36.690647482014],[126.995515695067,36.89954179027],[126.961998,36.90506],[126.961689327298,36.905111944921],[126.942475,36.893378],[126.899018,36.87934],[126.880626,36.876899],[126.860199,36.869574],[126.870453,36.852769],[126.904796,36.822252],[126.883556,36.824368],[126.863292,36.829088],[126.871593,36.804023],[126.866547,36.789781],[126.8567,36.776435],[126.850841,36.753974],[126.84254,36.757025],[126.836762,36.760932],[126.832856,36.766669],[126.829845,36.775092],[126.846283,36.77912],[126.849132,36.788031],[126.840668,36.819159],[126.831798,36.831122],[126.829845,36.839342],[126.830821,36.847235],[126.83546,36.860826],[126.836518,36.866929],[126.834321,36.895494],[126.831226540773,36.906474820144],[126.802621186599,36.906474820144],[126.793956,36.897528],[126.781993,36.891181],[126.787551622155,36.906474820144],[126.726457399103,36.906474820144],[126.726457399103,36.690647482014]]],"type":"Polygon"},"id":542,"properties":{"parentKey":"KOR:1159313525","sourceCountryId":"KOR","syntheticOperational":true,"territoryId":"territory:catalog:a352ef99d27f9974127caa2d4554bd851a0efe1c6b8fc79810336aefc8adc0ca"},"type":"Feature"},{"geometry":{"coordinates":[[[126.078147612156,34.283198548489],[126.084646,34.283881],[126.089366,34.289618],[126.087738,34.29682],[126.088715,34.307929],[126.082042,34.310736],[126.078147612156,34.31024095528],[126.078147612156,34.283198548489]]],"type":"Polygon"},"id":543,"properties":{"parentKey":"KOR:1159313529","sourceCountryId":"KOR","syntheticOperational":true,"territoryId":"territory:catalog:1467869f7b78af0cafdf064b47c4651d33064edb7d1caaf675add6d5ae16853e"},"type":"Feature"},{"geometry":{"coordinates":[[[126.364324171607,34.748201438849],[126.36706,34.739664],[126.390179,34.733397],[126.415375,34.739],[126.435767,34.728105],[126.465343,34.729682],[126.490245,34.725572],[126.508393,34.718492],[126.541108,34.683987],[126.562755,34.670966],[126.555431,34.66352],[126.58546,34.641791],[126.589090909091,34.639897785786],[126.589090909091,34.748201438849],[126.534429212982,34.748201438849],[126.534923,34.746039],[126.530284,34.747504],[126.529213929537,34.748201438849],[126.433260393873,34.748201438849],[126.364324171607,34.748201438849]]],"type":"Polygon"},"id":544,"properties":{"parentKey":"KOR:1159313529","sourceCountryId":"KOR","syntheticOperational":true,"territoryId":"territory:catalog:93fedf1b114613fc641e014b8128ab273768fbebcc3e2b0704a7e47599a0c574"},"type":"Feature"},{"geometry":{"coordinates":[[[129.412639405204,36.367962255908],[129.434825,36.389594],[129.440929,36.407945],[129.44577339005,36.474820143885],[129.412639405204,36.474820143885],[129.412639405204,36.367962255908]]],"type":"Polygon"},"id":545,"properties":{"parentKey":"KOR:1159313537","sourceCountryId":"KOR","syntheticOperational":true,"territoryId":"territory:catalog:52fb5a9f23b45ee7b30979860129f1142bee8fa4ce14ef00a4bbba130d0fa6b6"},"type":"Feature"},{"geometry":{"coordinates":[[[127.106446776612,36.917444924549],[127.130876,36.925808],[127.174078,36.910047],[127.179390162511,36.906474820144],[127.264573991031,36.906474820144],[127.349582003847,36.906474820144],[127.376311844078,36.913655251985],[127.376311844078,37.122302158273],[127.218045112782,37.122302158273],[127.106446776612,37.122302158273],[127.106446776612,36.917444924549]]],"type":"Polygon"},"id":546,"properties":{"parentKey":"KOR:1159312027","sourceCountryId":"KOR","syntheticOperational":true,"territoryId":"territory:catalog:b035638f465e262e66ae35f79a3bb0a2e1f110e1b6100f1802d525c8238bb2ed"},"type":"Feature"},{"geometry":{"coordinates":[[[127.179390162511,36.906474820144],[127.212732,36.884054],[127.259964,36.878938],[127.264573991031,36.880021458376],[127.264573991031,36.906474820144],[127.179390162511,36.906474820144]]],"type":"Polygon"},"id":547,"properties":{"parentKey":"KOR:1159312027","sourceCountryId":"KOR","syntheticOperational":true,"territoryId":"territory:catalog:4a72926d9eee2f77dd6dfb4265af0aaf32e6bdc1b795277a213f6c5ab355f208"},"type":"Feature"},{"geometry":{"coordinates":[[[126.422287390029,35.179856115108],[126.539868324799,35.179856115108],[126.686217008798,35.179856115108],[126.686217008798,35.313511039834],[126.656486,35.309886],[126.624757,35.300481],[126.594991,35.294383],[126.570083,35.301231],[126.57153,35.328335],[126.577938,35.355258],[126.583726,35.391845],[126.566243485533,35.395683453237],[126.543955491369,35.395683453237],[126.457739,35.376032],[126.437068,35.370606],[126.4369,35.370562],[126.436899753971,35.370561935564],[126.456065,35.352769],[126.458507,35.345445],[126.449555,35.344957],[126.431895,35.349351],[126.422287390029,35.359546295562],[126.422287390029,35.179856115108]]],"type":"Polygon"},"id":548,"properties":{"parentKey":"KOR:1159313529","sourceCountryId":"KOR","syntheticOperational":true,"territoryId":"territory:catalog:7fdfbee3c6ac1be651ec398d16a13d810cd96de91558c451144215f1ba1c842c"},"type":"Feature"},{"geometry":{"coordinates":[[[128.647058823529,35.395683453237],[128.797653958944,35.395683453237],[128.911764705882,35.395683453237],[128.911764705882,35.590682798594],[128.876403,35.578862],[128.86493,35.566796],[128.851185,35.557106],[128.836715,35.555556],[128.822349,35.551215],[128.789793,35.530183],[128.752483,35.531062],[128.72127,35.544446],[128.68861,35.552585],[128.651197,35.547133],[128.647058823529,35.546752799262],[128.647058823529,35.395683453237]]],"type":"Polygon"},"id":549,"properties":{"parentKey":"KOR:1159313519","sourceCountryId":"KOR","syntheticOperational":true,"territoryId":"territory:catalog:c08b8810094191454761d004a6f98943ed7479ccf63ee352ad7b16baeb33e078"},"type":"Feature"},{"geometry":{"coordinates":[[[127.23436322532,37.446043165468],[127.370007535795,37.446043165468],[127.370007535795,37.553956834532],[127.34693877551,37.553956834532],[127.23436322532,37.553956834532],[127.23436322532,37.446043165468]]],"type":"Polygon"},"id":550,"properties":{"parentKey":"KOR:1159312027","sourceCountryId":"KOR","syntheticOperational":true,"territoryId":"territory:catalog:98771ad31ed58796d37bd12b03e03749c555266be0cc6b18f51aa760173ec6b0"},"type":"Feature"},{"geometry":{"coordinates":[[[127.22786647315,34.429964000745],[127.228689,34.430243],[127.241873,34.445461],[127.245128,34.464057],[127.234223,34.480292],[127.22786647315,34.482827264842],[127.22786647315,34.429964000745]]],"type":"Polygon"},"id":551,"properties":{"parentKey":"KOR:1159313529","sourceCountryId":"KOR","syntheticOperational":true,"territoryId":"territory:catalog:56115288d5c1c58fa706ed0083b7c426b8b42470391da681058a5b28bc628ce6"},"type":"Feature"},{"geometry":{"coordinates":[[[126.666666666667,37.661870503597],[126.677362065322,37.661870503597],[126.668873489388,37.667510924359],[126.666666666667,37.668977296197],[126.666666666667,37.661870503597]]],"type":"Polygon"},"id":552,"properties":{"parentKey":"KOR:1159312027","sourceCountryId":"KOR","syntheticOperational":true,"territoryId":"territory:catalog:01a8437585e168a9c836f5433a094e3ad49eae8bd846f05986778ca9a2c22b04"},"type":"Feature"},{"geometry":{"coordinates":[[[127.95827123696,36.474820143885],[128.074349442379,36.474820143885],[128.22652757079,36.474820143885],[128.22652757079,36.690647482014],[128.071748878924,36.690647482014],[128.049138060217,36.690647482014],[128.059502,36.674661],[127.988602,36.683704],[127.968662950452,36.690647482014],[127.95827123696,36.690647482014],[127.95827123696,36.474820143885]]],"type":"Polygon"},"id":553,"properties":{"parentKey":"KOR:1159313537","sourceCountryId":"KOR","syntheticOperational":true,"territoryId":"territory:catalog:3e19698b50801974f1f161a6ecf8ab86c0ad3a5e236024610e20118bd33c0bf7"},"type":"Feature"},{"geometry":{"coordinates":[[[124.699619771863,37.985611510791],[124.715266325835,37.985611510791],[124.704926,37.988674],[124.699619771863,37.987203484244],[124.699619771863,37.985611510791]]],"type":"Polygon"},"id":554,"properties":{"parentKey":"KOR:1159312027","sourceCountryId":"KOR","syntheticOperational":true,"territoryId":"territory:catalog:1343f8e5c4dfb6cec97a5dbda17f4eab18c0ab79809d493a12fc2c226db4b4b9"},"type":"Feature"},{"geometry":{"coordinates":[[[127.264573991031,36.690647482014],[127.283096058268,36.690647482014],[127.29531,36.707682],[127.303682,36.714891],[127.313191,36.713703],[127.322492,36.715795],[127.327557,36.723444],[127.3289,36.732048],[127.332001,36.742977],[127.336858,36.753519],[127.339339,36.76481],[127.337168,36.776153],[127.330554,36.786205],[127.322286,36.792277],[127.323319,36.812844],[127.310193,36.820233],[127.293037,36.847932],[127.279601,36.854185],[127.267819,36.864107],[127.264573991031,36.8702338909],[127.264573991031,36.690647482014]]],"type":"Polygon"},"id":555,"properties":{"parentKey":"KOR:1159313525","sourceCountryId":"KOR","syntheticOperational":true,"territoryId":"territory:catalog:90e6a467ebd55ba97ab054690089298157257a7b79c3ff933134621badc9f124"},"type":"Feature"},{"geometry":{"coordinates":[[[126.506358,34.153998],[126.507091,34.138861],[126.517751,34.127143],[126.536876,34.126451],[126.551931,34.133979],[126.56186,34.141425],[126.573009,34.147691],[126.576427,34.153062],[126.581798,34.157416],[126.591156,34.15762],[126.599131693198,34.153987843942],[126.599131693198,34.168589978911],[126.598969,34.168647],[126.593272,34.169989],[126.582042,34.170152],[126.573741,34.168036],[126.567882,34.168647],[126.548106,34.179104],[126.532888,34.179104],[126.515147,34.16885],[126.506358,34.153998]]],"type":"Polygon"},"id":556,"properties":{"parentKey":"KOR:1159313529","sourceCountryId":"KOR","syntheticOperational":true,"territoryId":"territory:catalog:033a40571a765582b422fd3a6b132ee36bd511ba10f179eace549ab1b06293ba"},"type":"Feature"},{"geometry":{"coordinates":[[[126.348733233979,36.474820143885],[126.351882119591,36.474820143885],[126.356944,36.479641],[126.36227227363,36.474820143885],[126.403950034301,36.474820143885],[126.404796,36.479641],[126.390636,36.486029],[126.3838,36.487128],[126.3838,36.493313],[126.404796,36.493313],[126.39591,36.505792],[126.384566,36.511198],[126.379405,36.518378],[126.3838,36.526516],[126.381114,36.536282],[126.364266,36.56697],[126.363367,36.57384],[126.370994,36.578754],[126.375336,36.586086],[126.373546,36.592231],[126.360244,36.60936],[126.348733233979,36.60620439683],[126.348733233979,36.474820143885]]],"type":"Polygon"},"id":557,"properties":{"parentKey":"KOR:1159313525","sourceCountryId":"KOR","syntheticOperational":true,"territoryId":"territory:catalog:a5898b4e752173563972a36ca4b95a681d86bcbcd5391ada3d15d22581503e87"},"type":"Feature"},{"geometry":{"coordinates":[[[127.755102040816,37.553956834532],[127.912584777694,37.553956834532],[128.027210884354,37.553956834532],[128.027210884354,37.769784172662],[128.00606520091,37.769784172662],[127.86959818044,37.769784172662],[127.755102040816,37.769784172662],[127.755102040816,37.661870503597],[127.755102040816,37.553956834532]]],"type":"Polygon"},"id":558,"properties":{"parentKey":"KOR:1159312111","sourceCountryId":"KOR","syntheticOperational":true,"territoryId":"territory:catalog:9caa4d8755f0a813914ec183f4e6e27ca60e06287b21fdb6bc17622fc907b5c6"},"type":"Feature"},{"geometry":{"coordinates":[[[126.530612244898,37.659066868429],[126.530935,37.659898],[126.530756504053,37.661870503597],[126.530612244898,37.661870503597],[126.530612244898,37.659066868429]]],"type":"Polygon"},"id":559,"properties":{"parentKey":"KOR:1159312027","sourceCountryId":"KOR","syntheticOperational":true,"territoryId":"territory:catalog:daa4c6aaaa91a75353869fab8e8858881ba588ddfde76d2af1864434bd85f016"},"type":"Feature"},{"geometry":{"coordinates":[[[127.433628318584,35.611510791367],[127.588235294118,35.611510791367],[127.656503799303,35.611510791367],[127.664384,35.631856],[127.679887,35.655447],[127.692496,35.677874],[127.695389,35.708622],[127.699115044248,35.717367172382],[127.699115044248,35.827338129496],[127.583148558758,35.827338129496],[127.433628318584,35.827338129496],[127.433628318584,35.611510791367]]],"type":"Polygon"},"id":560,"properties":{"parentKey":"KOR:1159313521","sourceCountryId":"KOR","syntheticOperational":true,"territoryId":"territory:catalog:f14125a4aa38fc5ff132dc3f35edb73ba8cbe35d4618ae0fa4a86cdcb49f9860"},"type":"Feature"},{"geometry":{"coordinates":[[[127.21899,36.456242],[127.271375464684,36.390087921283],[127.271375464684,36.467772588251],[127.264785,36.466322],[127.21899,36.456242]]],"type":"Polygon"},"id":561,"properties":{"parentKey":"KOR:1159313527","sourceCountryId":"KOR","syntheticOperational":true,"territoryId":"territory:catalog:323dddfba558322a3d628d6776e6c9655877c76a71cd7613a4e56b8c8c7a219e"},"type":"Feature"},{"geometry":{"coordinates":[[[126.394557823129,37.680662022745],[126.404796,37.665188],[126.407915164507,37.661870503597],[126.530612244898,37.661870503597],[126.530612244898,37.66346466698],[126.52768,37.695868],[126.525564,37.703274],[126.516287,37.716783],[126.514008,37.723538],[126.515147,37.72956],[126.520356,37.743109],[126.521495,37.751166],[126.516368,37.767239],[126.51317102093,37.769784172662],[126.504927975739,37.769784172662],[126.394557823129,37.769784172662],[126.394557823129,37.680662022745]]],"type":"Polygon"},"id":562,"properties":{"parentKey":"KOR:1159312027","sourceCountryId":"KOR","syntheticOperational":true,"territoryId":"territory:catalog:0cdd2f55d402af4dea4feae230141194070dbc934429a11c3f55114b8c489d5f"},"type":"Feature"},{"geometry":{"coordinates":[[[127.300380228137,38.11197382923],[127.303992,38.120257],[127.309677,38.127027],[127.313707,38.133512],[127.307093,38.137879],[127.300380228137,38.139147892097],[127.300380228137,38.11197382923]]],"type":"Polygon"},"id":563,"properties":{"parentKey":"KOR:1159312027","sourceCountryId":"KOR","syntheticOperational":true,"territoryId":"territory:catalog:04cd6b1454d329194124e5518d8807109db95c9135e7fa9e8bc33062bedec9bf"},"type":"Feature"},{"geometry":{"coordinates":[[[127.013116592887,35.395683453237],[127.058823529412,35.395683453237],[127.058823529412,35.429364317686],[127.036825,35.42838],[127.02959,35.418097],[127.019772,35.410397],[127.013364,35.397168],[127.013116592887,35.395683453237]]],"type":"Polygon"},"id":564,"properties":{"parentKey":"KOR:1159313529","sourceCountryId":"KOR","syntheticOperational":true,"territoryId":"territory:catalog:be593dfd1242b7a9826de6aa7a2333b84d03fb1564394b521726cc9d46f0dff5"},"type":"Feature"},{"geometry":{"coordinates":[[[128.269794721408,35.179856115108],[128.383321141185,35.179856115108],[128.533724340176,35.179856115108],[128.533724340176,35.395683453237],[128.382352941176,35.395683453237],[128.269794721408,35.395683453237],[128.269794721408,35.179856115108]]],"type":"Polygon"},"id":565,"properties":{"parentKey":"KOR:1159313519","sourceCountryId":"KOR","syntheticOperational":true,"territoryId":"territory:catalog:60d032e61afe51bc35b3ea8d32e77c18bfba6152ddd42451f7722ac864d0a699"},"type":"Feature"},{"geometry":{"coordinates":[[[127.741935483871,35.179856115108],[127.856620336503,35.179856115108],[128.005865102639,35.179856115108],[128.005865102639,35.395683453237],[127.852941176471,35.395683453237],[127.741935483871,35.395683453237],[127.741935483871,35.179856115108]]],"type":"Polygon"},"id":566,"properties":{"parentKey":"KOR:1159313519","sourceCountryId":"KOR","syntheticOperational":true,"territoryId":"territory:catalog:7712625f124c6bed7cc4a6afc3883fb66e0b5492458eea456a877024c573eef3"},"type":"Feature"},{"geometry":{"coordinates":[[[124.693875274196,37.985611510791],[124.699619771863,37.985611510791],[124.699619771863,37.987203484244],[124.693875274196,37.985611510791]]],"type":"Polygon"},"id":567,"properties":{"parentKey":"KOR:1159312027","sourceCountryId":"KOR","syntheticOperational":true,"territoryId":"territory:catalog:b7d63df3998071f5ec046a297a2dfe7dc0c7e7c3c2fa8af2e58fd9b6795f580e"},"type":"Feature"},{"geometry":{"coordinates":[[[127.551487414188,38.309352517986],[127.688787185355,38.309352517986],[127.688787185355,38.320890859341],[127.560823,38.312081],[127.551487414188,38.30985594139],[127.551487414188,38.309352517986]]],"type":"Polygon"},"id":568,"properties":{"parentKey":"KOR:1159312111","sourceCountryId":"KOR","syntheticOperational":true,"territoryId":"territory:catalog:2cf9cddd3052591e6d39b8e1b53e29f7637b644655e3e9135cb55b4ce645f73e"},"type":"Feature"},{"geometry":{"coordinates":[[[125.089692,34.079535],[125.092133,34.071763],[125.103282,34.066067],[125.122813,34.051174],[125.127696,34.04857],[125.129893,34.047553],[125.134288,34.046861],[125.13738,34.051337],[125.136404,34.059272],[125.122081,34.083808],[125.113292,34.092841],[125.102224,34.095933],[125.094574,34.090074],[125.089692,34.079535]]],"type":"Polygon"},"id":569,"properties":{"parentKey":"KOR:1159313529","sourceCountryId":"KOR","syntheticOperational":true,"territoryId":"territory:catalog:da6a727fa2ad8fd938e6b5954e6d725df17066c2b22b22745ebdb24aa0e6119d"},"type":"Feature"},{"geometry":{"coordinates":[[[127.740342168669,34.964028776978],[127.744395,34.960191],[127.746170678337,34.959944936646],[127.746170678337,34.964028776978],[127.740342168669,34.964028776978]]],"type":"Polygon"},"id":570,"properties":{"parentKey":"KOR:1159313529","sourceCountryId":"KOR","syntheticOperational":true,"territoryId":"territory:catalog:4abe174a061880e5de2e3c217374d62e11adfd9098f75f08c26e7c30f04e1fa4"},"type":"Feature"},{"geometry":{"coordinates":[[[127.074402209677,36.906474820144],[127.106446776612,36.906474820144],[127.106446776612,36.917444924549],[127.074402209677,36.906474820144]]],"type":"Polygon"},"id":571,"properties":{"parentKey":"KOR:1159313525","sourceCountryId":"KOR","syntheticOperational":true,"territoryId":"territory:catalog:933731a082ce619a59ece183f2e40c1a4aa7634232fb426ee33af38ea409263d"},"type":"Feature"},{"geometry":{"coordinates":[[[127.86959818044,37.769784172662],[128.00606520091,37.769784172662],[128.00606520091,37.877697841727],[127.86959818044,37.877697841727],[127.86959818044,37.769784172662]]],"type":"Polygon"},"id":572,"properties":{"parentKey":"KOR:1159312111","sourceCountryId":"KOR","syntheticOperational":true,"territoryId":"territory:catalog:8258002066a1fbe432841dc5abe6076963100a6de7341b47ca4355a96a680745"},"type":"Feature"},{"geometry":{"coordinates":[[[127.182552425589,38.309352517986],[127.276887871854,38.309352517986],[127.276887871854,38.311625990673],[127.253814,38.31004],[127.221981,38.312701],[127.182552425589,38.309352517986]]],"type":"Polygon"},"id":573,"properties":{"parentKey":"KOR:1159312111","sourceCountryId":"KOR","syntheticOperational":true,"territoryId":"territory:catalog:edc27ff3abbfa8fd87c72d763019cfa4dcd8ff220fe8ded7002e898f6bffdc8e"},"type":"Feature"},{"geometry":{"coordinates":[[[129.061583577713,35.269526132653],[129.067812,35.271568],[129.093134,35.270767],[129.112771,35.26051],[129.118352,35.238573],[129.136232,35.218264],[129.159073,35.203149],[129.177159,35.184054],[129.182188974561,35.179856115108],[129.208847327312,35.179856115108],[129.210693,35.183001],[129.228479,35.200531],[129.24439,35.228218],[129.255707,35.246975],[129.255382,35.25259],[129.249735,35.266228],[129.256484,35.274422],[129.2624,35.283989],[129.264126,35.302428],[129.268836390038,35.315723724952],[129.268836,35.315724],[129.264803,35.318568],[129.236381,35.326785],[129.214573,35.344406],[129.207855,35.372156],[129.184911,35.386755],[129.16503867619,35.395683453237],[129.061583577713,35.395683453237],[129.061583577713,35.269526132653]]],"type":"Polygon"},"id":574,"properties":{"parentKey":"KOR:1159313519","sourceCountryId":"KOR","syntheticOperational":true,"territoryId":"territory:catalog:ecf677fd201c9d98f8bb4d0e38d6856c7e4c2eb3e3f89abd9f9b466b65f9a08c"},"type":"Feature"},{"geometry":{"coordinates":[[[126.688813,34.307563],[126.688975,34.301093],[126.707774,34.29564],[126.722911,34.292711],[126.7317,34.289374],[126.736501,34.291693],[126.737478,34.297553],[126.74171,34.298245],[126.74936,34.294135],[126.758311,34.29092],[126.763194,34.289781],[126.768077,34.289211],[126.771495,34.291897],[126.76588,34.303046],[126.763927,34.309231],[126.754980898171,34.31654676259],[126.705370101597,34.31654676259],[126.697054352277,34.31654676259],[126.69809,34.313422],[126.688813,34.307563]]],"type":"Polygon"},"id":575,"properties":{"parentKey":"KOR:1159313529","sourceCountryId":"KOR","syntheticOperational":true,"territoryId":"territory:catalog:729b0ef285e70362e81ba8fae976c9d26d4392c6911b5a06b0a42dfc3f4b0f10"},"type":"Feature"},{"geometry":{"coordinates":[[[125.908096280087,34.748201438849],[125.944855169588,34.748201438849],[125.946137,34.756659],[125.951671,34.759263],[125.964203,34.757066],[125.977875,34.757148],[125.986501,34.766547],[125.991547,34.764106],[126.00294,34.761461],[126.007579,34.759711],[126.007172,34.780951],[126.004405,34.787177],[126.000743,34.790107],[125.995942,34.790758],[125.989268,34.790025],[125.956554,34.779731],[125.93865,34.776516],[125.925059,34.780829],[125.912852,34.776923],[125.908096280087,34.774386702624],[125.908096280087,34.748201438849]]],"type":"Polygon"},"id":576,"properties":{"parentKey":"KOR:1159313529","sourceCountryId":"KOR","syntheticOperational":true,"territoryId":"territory:catalog:4040640308ad63cedc49d7c8cdff81b06970b5bb64f77f80b5831d0076aac890"},"type":"Feature"},{"geometry":{"coordinates":[[[129.179600886918,35.827338129496],[129.29203539823,35.827338129496],[129.445676274945,35.827338129496],[129.445676274945,35.994351791883],[129.433051,35.996108],[129.417081,36.011913],[129.401937,36.02566],[129.380859,36.041487],[129.380972303922,36.043165467626],[129.295774647887,36.043165467626],[129.179600886918,36.043165467626],[129.179600886918,35.827338129496]]],"type":"Polygon"},"id":577,"properties":{"parentKey":"KOR:1159313537","sourceCountryId":"KOR","syntheticOperational":true,"territoryId":"territory:catalog:95a6e0b84cea6b009138d8a3c7a8b9b74a874b3ac7f1593e3aca994f59e78dce"},"type":"Feature"},{"geometry":{"coordinates":[[[128.119970738844,34.964028776978],[128.271334792123,34.964028776978],[128.383321141185,34.964028776978],[128.383321141185,35.011960342125],[128.37143,35.006781],[128.37143,35.013577],[128.382091,35.02261],[128.383321141185,35.031272637848],[128.383321141185,35.179856115108],[128.269794721408,35.179856115108],[128.119970738844,35.179856115108],[128.119970738844,34.964028776978]]],"type":"Polygon"},"id":578,"properties":{"parentKey":"KOR:1159313519","sourceCountryId":"KOR","syntheticOperational":true,"territoryId":"territory:catalog:25e4dd7a1bc435b17eaa1737484f893289669dff32cf14351d604c86db7c8846"},"type":"Feature"},{"geometry":{"coordinates":[[[126.529411764706,35.395683453237],[126.543955491369,35.395683453237],[126.554891,35.398176],[126.566243485533,35.395683453237],[126.686217008798,35.395683453237],[126.786034008346,35.395683453237],[126.792085,35.403162],[126.791155,35.416702],[126.791259,35.430215],[126.794117647059,35.432309072228],[126.794117647059,35.611510791367],[126.637168141593,35.611510791367],[126.529411764706,35.611510791367],[126.529411764706,35.579059173884],[126.65504,35.595771],[126.670177,35.58869],[126.679454,35.571723],[126.692475,35.534369],[126.679047,35.538031],[126.660737,35.556464],[126.642889,35.572775],[126.622977,35.568612],[126.608894,35.552056],[126.594233,35.542488],[126.56245,35.541087],[126.529411764706,35.535549959947],[126.529411764706,35.395683453237]]],"type":"Polygon"},"id":579,"properties":{"parentKey":"KOR:1159313521","sourceCountryId":"KOR","syntheticOperational":true,"territoryId":"territory:catalog:c438719f9b9561b4dabff19ba54c42c9b2a84900681b4ad3ae8f3d85d82f45cd"},"type":"Feature"},{"geometry":{"coordinates":[[[127.107127641627,36.690647482014],[127.153502235469,36.675805161079],[127.153502235469,36.690647482014],[127.107127641627,36.690647482014]]],"type":"Polygon"},"id":580,"properties":{"parentKey":"KOR:1159313525","sourceCountryId":"KOR","syntheticOperational":true,"territoryId":"territory:catalog:551a87c1f9eb8d431b5aacd5e882ccdfe0ae859f167a4beb85c46757aa42f477"},"type":"Feature"},{"geometry":{"coordinates":[[[127.847908745247,37.985611510791],[127.86959818044,37.985611510791],[127.984790874525,37.985611510791],[127.984790874525,38.093525179856],[127.847908745247,38.093525179856],[127.847908745247,37.985611510791]]],"type":"Polygon"},"id":581,"properties":{"parentKey":"KOR:1159312111","sourceCountryId":"KOR","syntheticOperational":true,"territoryId":"territory:catalog:77fc9769ed4ec79bcc5a9c61bd23839847d7bdc6bc0b6ad01cd274a65148a9de"},"type":"Feature"},{"geometry":{"coordinates":[[[128.395437262357,38.093525179856],[128.532319391635,38.093525179856],[128.532319391635,38.201438848921],[128.512585812357,38.201438848921],[128.395437262357,38.201438848921],[128.395437262357,38.093525179856]]],"type":"Polygon"},"id":582,"properties":{"parentKey":"KOR:1159312111","sourceCountryId":"KOR","syntheticOperational":true,"territoryId":"territory:catalog:57825de2b70491cc5da600596417c4742eba58b488acac76e69a91ceeae50cea"},"type":"Feature"},{"geometry":{"coordinates":[[[127.050796057619,37.769784172662],[127.074829931973,37.769784172662],[127.187263078089,37.769784172662],[127.187263078089,37.877697841727],[127.050796057619,37.877697841727],[127.050796057619,37.769784172662]]],"type":"Polygon"},"id":583,"properties":{"parentKey":"KOR:1159312027","sourceCountryId":"KOR","syntheticOperational":true,"territoryId":"territory:catalog:985e91f34c58463cedb1ba993d8e2f5ca595d28b5f49a6d1f68b6c22cfe1266c"},"type":"Feature"},{"geometry":{"coordinates":[[[127.549375221564,38.309352517986],[127.551487414188,38.309352517986],[127.551487414188,38.30985594139],[127.549375221564,38.309352517986]]],"type":"Polygon"},"id":584,"properties":{"parentKey":"KOR:1159312111","sourceCountryId":"KOR","syntheticOperational":true,"territoryId":"territory:catalog:1e347f4e569fff5c1014bbdac19f580ec1415fb569100ffbf03bf5535c950a36"},"type":"Feature"},{"geometry":{"coordinates":[[[126.127778,35.048163],[126.132091,35.047105],[126.136567,35.047756],[126.139415,35.046454],[126.132172,35.041938],[126.133556,35.03974],[126.13852,35.039862],[126.142345,35.038275],[126.143809,35.033922],[126.148611,35.033515],[126.153982,35.035712],[126.158051,35.033433],[126.167003,35.025295],[126.172374,35.023627],[126.177419,35.025946],[126.181651,35.02912],[126.181895,35.038886],[126.180919,35.044013],[126.178396,35.048489],[126.174164,35.053168],[126.165294,35.055243],[126.152517,35.054389],[126.143809,35.057685],[126.13738,35.056871],[126.129649,35.05268],[126.127778,35.048163]]],"type":"Polygon"},"id":585,"properties":{"parentKey":"KOR:1159313529","sourceCountryId":"KOR","syntheticOperational":true,"territoryId":"territory:catalog:486831bb7db7b2d0a19ebcc8b1043badce4942928c2010547f95b01ac037d414"},"type":"Feature"},{"geometry":{"coordinates":[[[126.893995552261,36.043165467626],[127.050997782705,36.043165467626],[127.160859896219,36.043165467626],[127.160859896219,36.065593316159],[127.143588,36.060176],[127.11403,36.055706],[127.092739,36.082527],[127.101627,36.126658],[127.06473,36.132627],[126.961171,36.10622],[126.904947,36.096453],[126.893995552261,36.095483336989],[126.893995552261,36.043165467626]]],"type":"Polygon"},"id":586,"properties":{"parentKey":"KOR:1159313521","sourceCountryId":"KOR","syntheticOperational":true,"territoryId":"territory:catalog:a589f05f28c2e235013300c176dd0e8c82b2d214b510cfb5862d4fe2a6750888"},"type":"Feature"},{"geometry":{"coordinates":[[[128.183873398644,37.338129496403],[128.300751879699,37.338129496403],[128.455162019593,37.338129496403],[128.455162019593,37.553956834532],[128.299319727891,37.553956834532],[128.183873398644,37.553956834532],[128.183873398644,37.338129496403]]],"type":"Polygon"},"id":587,"properties":{"parentKey":"KOR:1159312111","sourceCountryId":"KOR","syntheticOperational":true,"territoryId":"territory:catalog:6bc7bd3e7d0c4d8efa537a386a5f8f6e4c6ea2d4d879f64ce804bb5c456173bf"},"type":"Feature"},{"geometry":{"coordinates":[[[128.121673003802,38.093525179856],[128.25855513308,38.093525179856],[128.25855513308,38.201438848921],[128.237986270023,38.201438848921],[128.121673003802,38.201438848921],[128.121673003802,38.093525179856]]],"type":"Polygon"},"id":588,"properties":{"parentKey":"KOR:1159312111","sourceCountryId":"KOR","syntheticOperational":true,"territoryId":"territory:catalog:06c024159fd3f5209ee7c0bbd14af20d3003c415ebd4868f3fa402d58fed2637"},"type":"Feature"},{"geometry":{"coordinates":[[[126.420497362472,37.446043165468],[126.485757831922,37.446043165468],[126.487012,37.446796],[126.493984,37.456585],[126.506572,37.465568],[126.529933,37.473683],[126.540559,37.477657],[126.548291,37.476637],[126.556141672947,37.478133008064],[126.556141672947,37.517276234983],[126.555111,37.517684],[126.549083,37.518622],[126.543468,37.518866],[126.537771,37.520738],[126.531993,37.523342],[126.526378,37.525092],[126.51483,37.534347],[126.500661,37.530185],[126.493709,37.507781],[126.47338,37.499257],[126.451327,37.499682],[126.420497362472,37.497001203271],[126.420497362472,37.446043165468]]],"type":"Polygon"},"id":589,"properties":{"parentKey":"KOR:1159312029","sourceCountryId":"KOR","syntheticOperational":true,"territoryId":"territory:catalog:8ee9d6090a8d46b366825d80c0617c78aa90cbb0c93700c6b8dd5aa574d37b7c"},"type":"Feature"},{"geometry":{"coordinates":[[[127.601048809332,37.122302158273],[127.646176911544,37.122302158273],[127.759398496241,37.122302158273],[127.759398496241,37.159550585387],[127.712649,37.154451],[127.607023,37.131351],[127.601048809332,37.122302158273]]],"type":"Polygon"},"id":590,"properties":{"parentKey":"KOR:1159312109","sourceCountryId":"KOR","syntheticOperational":true,"territoryId":"territory:catalog:2377d0839601bbe066145433bc233e5b3189d04fd57c5e40e3b1a1fb8f0880d7"},"type":"Feature"},{"geometry":{"coordinates":[[[126.464802451432,35.611510791367],[126.529411764706,35.611510791367],[126.637168141593,35.611510791367],[126.637168141593,35.779237931522],[126.629389,35.775481],[126.625132,35.745626],[126.597168,35.71389],[126.560346,35.697392],[126.530335,35.683164],[126.511416,35.665533],[126.490977,35.649115],[126.467559,35.639638],[126.466744,35.628875],[126.464802451432,35.611510791367]]],"type":"Polygon"},"id":591,"properties":{"parentKey":"KOR:1159313521","sourceCountryId":"KOR","syntheticOperational":true,"territoryId":"territory:catalog:6913a6dc692768d8246f724a65711f764cde1179a2d330c26d79ddc528f4b89c"},"type":"Feature"},{"geometry":{"coordinates":[[[128.288859539897,35.611510791367],[128.330527130584,35.611510791367],[128.311476,35.614106],[128.288859539897,35.611510791367]]],"type":"Polygon"},"id":592,"properties":{"parentKey":"KOR:1159313519","sourceCountryId":"KOR","syntheticOperational":true,"territoryId":"territory:catalog:f14ac2896f253fcf33a77e8f7141fe0e7319f00e8443c45ae6e70cb26d48a953"},"type":"Feature"},{"geometry":{"coordinates":[[[126.230724,34.85456],[126.236827,34.848049],[126.248709,34.844713],[126.26352,34.846666],[126.276622,34.851955],[126.306163,34.855902],[126.310313,34.854071],[126.338227,34.841457],[126.340831,34.83747],[126.337657,34.831732],[126.331309,34.825832],[126.342052,34.822496],[126.361664,34.837388],[126.35963,34.858588],[126.340668,34.864081],[126.326508,34.864203],[126.320079,34.865871],[126.318696,34.870551],[126.318126,34.876451],[126.319998,34.88109],[126.335216,34.88939],[126.343923,34.890326],[126.345225,34.896226],[126.33253,34.906724],[126.314708,34.91413],[126.297374,34.917548],[126.286469,34.912909],[126.289806,34.903022],[126.297618,34.894232],[126.29713,34.886908],[126.292654,34.880683],[126.280121,34.877509],[126.279145,34.873277],[126.27589,34.87051],[126.272309,34.866767],[126.251964,34.860663],[126.236095,34.859809],[126.230724,34.85456]]],"type":"Polygon"},"id":593,"properties":{"parentKey":"KOR:1159313529","sourceCountryId":"KOR","syntheticOperational":true,"territoryId":"territory:catalog:0b97d34f06380a0538ddb54db6b81dbe8b8eba4f3143b93b812212627968051f"},"type":"Feature"},{"geometry":{"coordinates":[[[127.912584777694,37.338129496403],[128.03007518797,37.338129496403],[128.183873398644,37.338129496403],[128.183873398644,37.553956834532],[128.027210884354,37.553956834532],[127.912584777694,37.553956834532],[127.912584777694,37.338129496403]]],"type":"Polygon"},"id":594,"properties":{"parentKey":"KOR:1159312111","sourceCountryId":"KOR","syntheticOperational":true,"territoryId":"territory:catalog:cc77eab7c273512b103a6818a5abc074677426671a37c6085be145802c8b9e2a"},"type":"Feature"},{"geometry":{"coordinates":[[[127.588235294118,35.395683453237],[127.690293353564,35.395683453237],[127.694253,35.413808],[127.679887,35.421637],[127.669655,35.440524],[127.671412,35.466104],[127.660353,35.489669],[127.658492,35.502304],[127.654772,35.513336],[127.62914,35.522173],[127.630174,35.54734],[127.644126,35.570542],[127.652705,35.601703],[127.656503799303,35.611510791367],[127.588235294118,35.611510791367],[127.588235294118,35.395683453237]]],"type":"Polygon"},"id":595,"properties":{"parentKey":"KOR:1159313521","sourceCountryId":"KOR","syntheticOperational":true,"territoryId":"territory:catalog:4aad13724a2e330723cd306312cd27300daf9e0d96cbf7c6cb5b3d39e4415e9c"},"type":"Feature"},{"geometry":{"coordinates":[[[126.188340807175,36.690647482014],[126.23509741571,36.690647482014],[126.255707,36.711575],[126.274181,36.719875],[126.281749,36.692572],[126.280877518286,36.690647482014],[126.306830243276,36.690647482014],[126.301524,36.699368],[126.324311,36.699652],[126.331554,36.711371],[126.333995,36.727362],[126.343028,36.740383],[126.359141,36.742662],[126.369884,36.732327],[126.366422,36.706972],[126.377909,36.702582],[126.374274307791,36.690647482014],[126.44637495639,36.690647482014],[126.445636,36.700722],[126.438569,36.709418],[126.437999,36.716457],[126.441173,36.723538],[126.457042,36.72899],[126.457399103139,36.72930296963],[126.457399103139,36.906474820144],[126.41661842453,36.906474820144],[126.415538,36.899848],[126.401378,36.881415],[126.377289,36.876899],[126.377289,36.870673],[126.396576,36.864203],[126.404552,36.863227],[126.404552,36.857001],[126.384532,36.852932],[126.374115,36.849555],[126.369884,36.846177],[126.365326,36.835354],[126.355479,36.840481],[126.339366,36.857001],[126.328705,36.846991],[126.336029,36.824652],[126.3567,36.788764],[126.327891,36.804633],[126.315278,36.804348],[126.298432,36.791897],[126.29127,36.789252],[126.285981,36.794582],[126.282725,36.803697],[126.281749,36.812323],[126.285492,36.814927],[126.303477,36.824368],[126.30893,36.829088],[126.308116,36.833075],[126.30185,36.847805],[126.301524,36.857001],[126.307628,36.865668],[126.317393,36.873969],[126.323497,36.883246],[126.312511242427,36.906474820144],[126.296851574213,36.906474820144],[126.283519070015,36.906474820144],[126.283539,36.906236],[126.281749,36.883734],[126.275238,36.874742],[126.268565,36.871039],[126.243744,36.870673],[126.229991,36.873033],[126.22755,36.879788],[126.233897,36.904202],[126.209483,36.897162],[126.192231,36.885932],[126.190766,36.872016],[126.21339,36.857001],[126.196869,36.835679],[126.198741,36.823228],[126.214447,36.817532],[126.240001,36.816067],[126.232432,36.804185],[126.220714,36.801744],[126.192231,36.80858],[126.202891,36.793199],[126.21339,36.781317],[126.204845,36.782782],[126.197276,36.784898],[126.190684,36.785305],[126.188340807175,36.783538190965],[126.188340807175,36.748057324303],[126.202647,36.742418],[126.21339,36.726711],[126.213634,36.711615],[126.203136,36.705878],[126.188340807175,36.705994898518],[126.188340807175,36.690647482014]]],"type":"Polygon"},"id":596,"properties":{"parentKey":"KOR:1159313525","sourceCountryId":"KOR","syntheticOperational":true,"territoryId":"territory:catalog:f9699c27bdac73d44cf7692590bc4bba5830d7adf8770ab8811f22e64ab347a7"},"type":"Feature"},{"geometry":{"coordinates":[[[128.37528604119,38.201438848921],[128.395437262357,38.201438848921],[128.512585812357,38.201438848921],[128.512585812357,38.309352517986],[128.37528604119,38.309352517986],[128.37528604119,38.201438848921]]],"type":"Polygon"},"id":597,"properties":{"parentKey":"KOR:1159312111","sourceCountryId":"KOR","syntheticOperational":true,"territoryId":"territory:catalog:041cec826db55455ca34faeae956f774ab78526d7c95f2f2513b87e5b8cb281f"},"type":"Feature"},{"geometry":{"coordinates":[[[129.000672882227,35.179856115108],[129.061583577713,35.179856115108],[129.061583577713,35.269526132653],[129.044248,35.263843],[129.025231,35.252577],[129.010968,35.238108],[129.000672882227,35.179856115108]]],"type":"Polygon"},"id":598,"properties":{"parentKey":"KOR:1159313531","sourceCountryId":"KOR","syntheticOperational":true,"territoryId":"territory:catalog:c3e60b8cebcc0e21228c864208712df045b2548c487da58405dde4f34b82b063"},"type":"Feature"},{"geometry":{"coordinates":[[[126.859623733719,34.312312540075],[126.868175,34.313625],[126.876801,34.312242],[126.881535709916,34.31654676259],[126.859623733719,34.31654676259],[126.859623733719,34.312312540075]]],"type":"Polygon"},"id":599,"properties":{"parentKey":"KOR:1159313529","sourceCountryId":"KOR","syntheticOperational":true,"territoryId":"territory:catalog:b2019f1e6ccfa63b2eb0ad53ff1db8fc0f821a0c5d627ccb28bc8d3fbfab46ae"},"type":"Feature"},{"geometry":{"coordinates":[[[128.00606520091,37.877697841727],[128.14253222138,37.877697841727],[128.14253222138,37.985611510791],[128.121673003802,37.985611510791],[128.00606520091,37.985611510791],[128.00606520091,37.877697841727]]],"type":"Polygon"},"id":600,"properties":{"parentKey":"KOR:1159312111","sourceCountryId":"KOR","syntheticOperational":true,"territoryId":"territory:catalog:4e079b4dbd8907d58dcb21190c35b4048dbb9d8e29528831e19a04d0dc033a94"},"type":"Feature"},{"geometry":{"coordinates":[[[128.801606,35.04914],[128.806895,35.041246],[128.810313,35.032945],[128.809093,35.025865],[128.811778,35.020738],[128.819347,35.014228],[128.824229,34.996731],[128.826671,34.992377],[128.831798,34.993801],[128.83839,35.001207],[128.842784,35.021877],[128.843272,35.047187],[128.836436,35.059801],[128.826427,35.062242],[128.814952,35.061265],[128.804373,35.056342],[128.801606,35.04914]]],"type":"Polygon"},"id":601,"properties":{"parentKey":"KOR:1159313519","sourceCountryId":"KOR","syntheticOperational":true,"territoryId":"territory:catalog:fd3e02566930b40a69327598820f6d966e4a84503d47aad9b7e6d1b4b242e15d"},"type":"Feature"},{"geometry":{"coordinates":[[[126.433260393873,34.804910686713],[126.456065,34.800727],[126.469249,34.804104],[126.478038,34.810452],[126.487153,34.813788],[126.500743,34.808092],[126.496593,34.802802],[126.491222,34.792385],[126.487153,34.787055],[126.493419,34.783149],[126.493419,34.780829],[126.513276,34.782294],[126.523692,34.793931],[126.534923,34.82803],[126.546886,34.847724],[126.548595,34.849066],[126.54713,34.8581],[126.540538,34.874945],[126.541759,34.883246],[126.552745,34.895697],[126.567638,34.901435],[126.581391,34.898017],[126.589447,34.883246],[126.589122,34.87287],[126.584727,34.866767],[126.579438,34.861884],[126.575776,34.855292],[126.575776,34.844875],[126.57838,34.838039],[126.579682,34.831448],[126.575776,34.821763],[126.627696,34.825588],[126.650401,34.82217],[126.665294,34.808092],[126.654877,34.808539],[126.646576,34.807115],[126.631114,34.800727],[126.638194,34.788031],[126.614757,34.789455],[126.56894,34.800727],[126.544444,34.795722],[126.532481,34.782864],[126.530528,34.765286],[126.534429212982,34.748201438849],[126.589090909091,34.748201438849],[126.695842450766,34.748201438849],[126.695842450766,34.964028776978],[126.539868324799,34.964028776978],[126.433260393873,34.964028776978],[126.433260393873,34.804910686713]]],"type":"Polygon"},"id":602,"properties":{"parentKey":"KOR:1159313529","sourceCountryId":"KOR","syntheticOperational":true,"territoryId":"territory:catalog:57c1cb07d60c1b168864d3bf930a5125e83594ec86f17fda0f9192a64110e0b5"},"type":"Feature"},{"geometry":{"coordinates":[[[127.002288329519,38.201438848921],[127.026615969582,38.201438848921],[127.139588100687,38.201438848921],[127.139588100687,38.301516811378],[127.090464,38.285855],[127.026747,38.254462],[127.002288329519,38.238601871751],[127.002288329519,38.201438848921]]],"type":"Polygon"},"id":603,"properties":{"parentKey":"KOR:1159312111","sourceCountryId":"KOR","syntheticOperational":true,"territoryId":"territory:catalog:dbf837b767ea303a7c5649f599234a81da0951416ee736626defcac81dd6d18a"},"type":"Feature"},{"geometry":{"coordinates":[[[127.11589,37.550576],[127.143278,37.550835],[127.154180721314,37.553956834532],[127.116988093719,37.553956834532],[127.11589,37.550576]]],"type":"Polygon"},"id":604,"properties":{"parentKey":"KOR:1159312027","sourceCountryId":"KOR","syntheticOperational":true,"territoryId":"territory:catalog:89d96e6a0437baa08cf1833d0d3ba53b1fd3f6876690f516b298a8fae103f839"},"type":"Feature"}],"type":"FeatureCollection"}
